ISO-10303-21;
HEADER;
FILE_DESCRIPTION (( 'STEP AP203' ),
    '1' );
FILE_NAME ('Anclaje finCadena.STEP',
    '2026-08-19T13:20:44',
    ( '' ),
    ( '' ),
    'SwSTEP 2.0',
    'SolidWorks 2026',
    '' );
FILE_SCHEMA (( 'CONFIG_CONTROL_DESIGN' ));
ENDSEC;

DATA;
#1 = CARTESIAN_POINT ( 'NONE',  ( -30.50000000000000000, -6.299999999999999822, 3.249999999999999556 ) ) ;
#2 = DIRECTION ( 'NONE',  ( 0.000000000000000000, 0.000000000000000000, 1.000000000000000000 ) ) ;
#3 = DIRECTION ( 'NONE',  ( 1.000000000000000000, 0.000000000000000000, 0.000000000000000000 ) ) ;
#4 = EDGE_CURVE ( 'NONE', #1004, #711, #601, .T. ) ;
#5 = EDGE_LOOP ( 'NONE', ( #1569, #1301, #1090, #814, #1066, #824 ) ) ;
#6 = DIRECTION ( 'NONE',  ( -1.000000000000000000, 0.000000000000000000, 0.000000000000000000 ) ) ;
#7 = AXIS2_PLACEMENT_3D ( 'NONE', #1024, #1538, #1286 ) ;
#8 = VECTOR ( 'NONE', #709, 1000.000000000000000 ) ;
#9 = EDGE_CURVE ( 'NONE', #1119, #1389, #1246, .T. ) ;
#10 = ORIENTED_EDGE ( 'NONE', *, *, #4, .T. ) ;
#11 = CIRCLE ( 'NONE', #932, 9.500705083233748738 ) ;
#12 = AXIS2_PLACEMENT_3D ( 'NONE', #1652, #994, #974 ) ;
#13 = CARTESIAN_POINT ( 'NONE',  ( -30.50000000000000000, -11.50000000000000000, -3.250000000000000444 ) ) ;
#14 = CIRCLE ( 'NONE', #1350, 1.999999999999970468 ) ;
#15 = CARTESIAN_POINT ( 'NONE',  ( -10.09950493836207208, 5.499999999999969802, -15.00000000000000000 ) ) ;
#16 = FACE_BOUND ( 'NONE', #171, .T. ) ;
#17 = ORIENTED_EDGE ( 'NONE', *, *, #64, .T. ) ;
#18 = CARTESIAN_POINT ( 'NONE',  ( 9.500705083233748738, 0.000000000000000000, 15.00000000000000000 ) ) ;
#19 = ORIENTED_EDGE ( 'NONE', *, *, #1549, .F. ) ;
#20 = EDGE_CURVE ( 'NONE', #398, #263, #985, .T. ) ;
#21 = APPROVAL_ROLE ( '' ) ;
#22 = CARTESIAN_POINT ( 'NONE',  ( -13.82908965343769303, 3.500000000000000000, -11.90000000000000036 ) ) ;
#23 = DIRECTION ( 'NONE',  ( -1.000000000000000000, 0.000000000000000000, 0.000000000000000000 ) ) ;
#24 = ORIENTED_EDGE ( 'NONE', *, *, #1023, .F. ) ;
#25 = CARTESIAN_POINT ( 'NONE',  ( -13.82908965343769303, 3.500000000000000000, -11.90000000000000036 ) ) ;
#26 = ORIENTED_EDGE ( 'NONE', *, *, #735, .T. ) ;
#27 = CC_DESIGN_PERSON_AND_ORGANIZATION_ASSIGNMENT ( #927, #316, ( #560 ) ) ;
#28 = PERSON_AND_ORGANIZATION_ROLE ( 'creator' ) ;
#29 = ADVANCED_FACE ( 'NONE', ( #1123 ), #1016, .F. ) ;
#30 = PLANE ( 'NONE',  #1233 ) ;
#31 = CARTESIAN_POINT ( 'NONE',  ( 0.000000000000000000, 0.000000000000000000, -15.00000000000000000 ) ) ;
#32 = EDGE_LOOP ( 'NONE', ( #951, #855, #1117, #912 ) ) ;
#33 = CARTESIAN_POINT ( 'NONE',  ( -30.50000000000000000, 0.000000000000000000, 0.000000000000000000 ) ) ;
#34 = ORIENTED_EDGE ( 'NONE', *, *, #1295, .F. ) ;
#35 = VECTOR ( 'NONE', #502, 1000.000000000000000 ) ;
#36 = ORIENTED_EDGE ( 'NONE', *, *, #1355, .F. ) ;
#37 = CIRCLE ( 'NONE', #335, 9.750000000000000000 ) ;
#38 = DIRECTION ( 'NONE',  ( 1.000000000000000000, 0.000000000000000000, 0.000000000000000000 ) ) ;
#39 = AXIS2_PLACEMENT_3D ( 'NONE', #78, #1632, #981 ) ;
#40 = DIRECTION ( 'NONE',  ( 0.000000000000000000, 0.000000000000000000, 1.000000000000000000 ) ) ;
#41 = DIRECTION ( 'NONE',  ( 0.000000000000000000, 0.000000000000000000, -1.000000000000000000 ) ) ;
#42 = CIRCLE ( 'NONE', #1270, 9.500705083233748738 ) ;
#43 = ORIENTED_EDGE ( 'NONE', *, *, #1343, .F. ) ;
#44 = DIRECTION ( 'NONE',  ( -1.000000000000000000, 0.000000000000000000, -0.000000000000000000 ) ) ;
#45 = ORIENTED_EDGE ( 'NONE', *, *, #1644, .F. ) ;
#46 = DIRECTION ( 'NONE',  ( -1.000000000000000000, 0.000000000000000000, 0.000000000000000000 ) ) ;
#47 = COORDINATED_UNIVERSAL_TIME_OFFSET ( 3, 0, .BEHIND. ) ;
#48 = LINE ( 'NONE', #152, #147 ) ;
#49 = DIRECTION ( 'NONE',  ( -1.000000000000000000, 0.000000000000000000, 0.000000000000000000 ) ) ;
#50 = ORIENTED_EDGE ( 'NONE', *, *, #900, .F. ) ;
#51 = ADVANCED_FACE ( 'NONE', ( #1520 ), #446, .F. ) ;
#52 = DIRECTION ( 'NONE',  ( 0.000000000000000000, 0.000000000000000000, -1.000000000000000000 ) ) ;
#53 = EDGE_LOOP ( 'NONE', ( #239, #169, #986, #17 ) ) ;
#54 = EDGE_CURVE ( 'NONE', #1092, #1636, #858, .T. ) ;
#55 = DIRECTION ( 'NONE',  ( -1.000000000000000000, 0.000000000000000000, 0.000000000000000000 ) ) ;
#56 = PERSON_AND_ORGANIZATION_ROLE ( 'creator' ) ;
#57 = CARTESIAN_POINT ( 'NONE',  ( -7.441270052887476005, -6.299999999999999822, -39.27716446627535163 ) ) ;
#58 = DIRECTION ( 'NONE',  ( -1.000000000000000000, 0.000000000000000000, 0.000000000000000000 ) ) ;
#59 = VERTEX_POINT ( 'NONE', #208 ) ;
#60 = LINE ( 'NONE', #1235, #1019 ) ;
#61 = EDGE_CURVE ( 'NONE', #218, #647, #214, .T. ) ;
#62 = VERTEX_POINT ( 'NONE', #1643 ) ;
#63 = DIRECTION ( 'NONE',  ( -0.000000000000000000, -0.000000000000000000, -1.000000000000000000 ) ) ;
#64 = EDGE_CURVE ( 'NONE', #1686, #1013, #454, .T. ) ;
#65 = AXIS2_PLACEMENT_3D ( 'NONE', #573, #1375, #1112 ) ;
#66 = VECTOR ( 'NONE', #639, 1000.000000000000000 ) ;
#67 = CARTESIAN_POINT ( 'NONE',  ( -30.50000000000000000, -11.50000000000000000, 3.249999999999999556 ) ) ;
#68 = DIRECTION ( 'NONE',  ( 0.000000000000000000, -1.000000000000000000, 0.000000000000000000 ) ) ;
#69 = AXIS2_PLACEMENT_3D ( 'NONE', #238, #724, #1635 ) ;
#70 = EDGE_LOOP ( 'NONE', ( #182, #429, #510, #533, #479, #1512 ) ) ;
#71 = AXIS2_PLACEMENT_3D ( 'NONE', #1485, #318, #1361 ) ;
#72 = DIRECTION ( 'NONE',  ( -1.000000000000000000, 0.000000000000000000, 0.000000000000000000 ) ) ;
#73 = EDGE_LOOP ( 'NONE', ( #157, #572, #1495, #820, #564, #388, #1575, #1051, #661 ) ) ;
#74 = DIRECTION ( 'NONE',  ( -0.000000000000000000, 1.000000000000000000, -0.000000000000000000 ) ) ;
#75 = ORIENTED_EDGE ( 'NONE', *, *, #372, .F. ) ;
#76 = EDGE_CURVE ( 'NONE', #678, #1151, #876, .T. ) ;
#77 = CARTESIAN_POINT ( 'NONE',  ( 0.000000000000000000, 0.000000000000000000, -15.00000000000000000 ) ) ;
#78 = CARTESIAN_POINT ( 'NONE',  ( -13.82908965343769303, -6.500000000001240785, -15.00000000000000000 ) ) ;
#79 = CARTESIAN_POINT ( 'NONE',  ( -28.50000000000000000, -7.700000000000000178, 3.249999999999999556 ) ) ;
#80 = CARTESIAN_POINT ( 'NONE',  ( -15.74915545207641898, -20.81370849898476294, 0.000000000000000000 ) ) ;
#81 = ORIENTED_EDGE ( 'NONE', *, *, #1622, .T. ) ;
#82 = CARTESIAN_POINT ( 'NONE',  ( -28.50000000000000000, -11.50000000000000000, 3.249999999999999556 ) ) ;
#83 = EDGE_LOOP ( 'NONE', ( #1072, #117, #1589, #614 ) ) ;
#84 = APPROVAL ( #1087, 'UNSPECIFIED' ) ;
#85 = DIRECTION ( 'NONE',  ( 1.000000000000000000, 0.000000000000000000, 0.000000000000000000 ) ) ;
#86 = EDGE_CURVE ( 'NONE', #501, #1331, #730, .T. ) ;
#87 = EDGE_LOOP ( 'NONE', ( #366, #1192, #257, #1426, #1029, #142 ) ) ;
#88 = CYLINDRICAL_SURFACE ( 'NONE', #365, 9.500705083233748738 ) ;
#89 = ORIENTED_EDGE ( 'NONE', *, *, #1657, .F. ) ;
#90 = LINE ( 'NONE', #663, #1646 ) ;
#91 = VERTEX_POINT ( 'NONE', #611 ) ;
#92 = LINE ( 'NONE', #452, #1673 ) ;
#93 = APPROVAL_PERSON_ORGANIZATION ( #1611, #1145, #700 ) ;
#94 = CIRCLE ( 'NONE', #439, 9.500705083233748738 ) ;
#95 = DIRECTION ( 'NONE',  ( -0.000000000000000000, -0.000000000000000000, 1.000000000000000000 ) ) ;
#96 = CARTESIAN_POINT ( 'NONE',  ( -30.50000000000000000, -11.50000000000000000, -15.00000000000000000 ) ) ;
#97 = VECTOR ( 'NONE', #1254, 1000.000000000000000 ) ;
#98 = ADVANCED_FACE ( 'NONE', ( #1653 ), #138, .F. ) ;
#99 = CIRCLE ( 'NONE', #525, 4.000000000000000888 ) ;
#100 = ORIENTED_EDGE ( 'NONE', *, *, #943, .F. ) ;
#101 = DIRECTION ( 'NONE',  ( -0.6427876096865364763, 0.000000000000000000, -0.7660444431189804559 ) ) ;
#102 = VECTOR ( 'NONE', #1430, 1000.000000000000000 ) ;
#103 = ORIENTED_EDGE ( 'NONE', *, *, #192, .F. ) ;
#104 = DIRECTION ( 'NONE',  ( 0.000000000000000000, 0.000000000000000000, -1.000000000000000000 ) ) ;
#105 = EDGE_LOOP ( 'NONE', ( #313, #368, #1605, #1347 ) ) ;
#106 = DIRECTION ( 'NONE',  ( 1.000000000000000000, 0.000000000000000000, 0.000000000000000000 ) ) ;
#107 = EDGE_CURVE ( 'NONE', #333, #1113, #1402, .T. ) ;
#108 = EDGE_LOOP ( 'NONE', ( #1465, #1257, #375, #1109 ) ) ;
#109 = CARTESIAN_POINT ( 'NONE',  ( 0.000000000000000000, 0.000000000000000000, -42.57225024484832687 ) ) ;
#110 = EDGE_CURVE ( 'NONE', #280, #1543, #643, .T. ) ;
#111 = VERTEX_POINT ( 'NONE', #113 ) ;
#112 = DIRECTION ( 'NONE',  ( -0.000000000000000000, -1.000000000000000000, 0.000000000000000000 ) ) ;
#113 = CARTESIAN_POINT ( 'NONE',  ( -18.82908965343831298, 2.160254037844219432, -15.00000000000000000 ) ) ;
#114 = CARTESIAN_POINT ( 'NONE',  ( -2.193741096848030647, -9.500000000000000000, -11.70000000000000284 ) ) ;
#115 = ORIENTED_EDGE ( 'NONE', *, *, #1312, .F. ) ;
#116 = DIRECTION ( 'NONE',  ( 1.000000000000000000, 0.000000000000000000, 0.000000000000000000 ) ) ;
#117 = ORIENTED_EDGE ( 'NONE', *, *, #829, .T. ) ;
#118 = EDGE_CURVE ( 'NONE', #1651, #1137, #1166, .T. ) ;
#119 = CARTESIAN_POINT ( 'NONE',  ( 0.000000000000000000, 3.514833548406802954, -10.00000000000000000 ) ) ;
#120 = CLOSED_SHELL ( 'NONE', ( #29, #1315, #199, #1518, #591, #1043, #177, #1243, #1599, #559, #718, #1412, #600, #850, #864, #453, #1440, #476, #1008, #903, #1421, #259, #631, #225, #582, #307, #914, #1273, #1377, #351, #1219, #1452, #51, #1136, #240, #98, #1033, #1202, #1431, #420, #1494, #473, #529, #1176, #327, #1623, #1385, #485, #654 ) ) ;
#121 = DIRECTION ( 'NONE',  ( 0.000000000000000000, 0.000000000000000000, -1.000000000000000000 ) ) ;
#122 = CARTESIAN_POINT ( 'NONE',  ( 0.000000000000000000, 0.000000000000000000, -11.70000000000000284 ) ) ;
#123 = AXIS2_PLACEMENT_3D ( 'NONE', #963, #449, #1228 ) ;
#124 = ORIENTED_EDGE ( 'NONE', *, *, #943, .T. ) ;
#125 = CIRCLE ( 'NONE', #1346, 9.750000000000000000 ) ;
#126 = LINE ( 'NONE', #1052, #1671 ) ;
#127 = VECTOR ( 'NONE', #956, 1000.000000000000000 ) ;
#128 = VERTEX_POINT ( 'NONE', #1683 ) ;
#129 = EDGE_CURVE ( 'NONE', #1220, #1178, #1528, .T. ) ;
#130 = LINE ( 'NONE', #511, #993 ) ;
#131 = DIRECTION ( 'NONE',  ( 0.000000000000000000, 0.000000000000000000, -1.000000000000000000 ) ) ;
#132 = CARTESIAN_POINT ( 'NONE',  ( -9.094418350119703121, 3.514833548406802954, -11.70000000000000284 ) ) ;
#133 = VERTEX_POINT ( 'NONE', #896 ) ;
#134 = CARTESIAN_POINT ( 'NONE',  ( -22.50000000000000000, -7.700000000000000178, 3.249999999999999556 ) ) ;
#135 = ORIENTED_EDGE ( 'NONE', *, *, #362, .T. ) ;
#136 = CARTESIAN_POINT ( 'NONE',  ( -22.50000000000000000, -6.299999999999999822, -11.90000000000000036 ) ) ;
#137 = EDGE_CURVE ( 'NONE', #398, #350, #786, .T. ) ;
#138 = PLANE ( 'NONE',  #1098 ) ;
#139 = LINE ( 'NONE', #506, #1209 ) ;
#140 = EDGE_CURVE ( 'NONE', #703, #1092, #261, .T. ) ;
#141 = ORIENTED_EDGE ( 'NONE', *, *, #1483, .F. ) ;
#142 = ORIENTED_EDGE ( 'NONE', *, *, #1158, .F. ) ;
#143 = CARTESIAN_POINT ( 'NONE',  ( -11.23566817407099805, -6.299999999999999822, -10.00000000000000000 ) ) ;
#144 = DIRECTION ( 'NONE',  ( 0.000000000000000000, 0.000000000000000000, 1.000000000000000000 ) ) ;
#145 = ORIENTED_EDGE ( 'NONE', *, *, #1483, .T. ) ;
#146 = EDGE_CURVE ( 'NONE', #1389, #843, #363, .T. ) ;
#147 = VECTOR ( 'NONE', #810, 1000.000000000000000 ) ;
#148 = ORIENTED_EDGE ( 'NONE', *, *, #1082, .T. ) ;
#149 = VECTOR ( 'NONE', #1580, 1000.000000000000000 ) ;
#150 = CIRCLE ( 'NONE', #1618, 1.999999999999970468 ) ;
#151 = PERSON_AND_ORGANIZATION ( #281, #258 ) ;
#152 = CARTESIAN_POINT ( 'NONE',  ( 0.1157457497430641608, -9.500000000000000000, -15.00000000000000000 ) ) ;
#153 = CARTESIAN_POINT ( 'NONE',  ( 0.2817313296744544115, -6.299999999999999822, 0.3357543242858774257 ) ) ;
#154 = ORIENTED_EDGE ( 'NONE', *, *, #319, .T. ) ;
#155 = CARTESIAN_POINT ( 'NONE',  ( -7.441270052887476005, -6.299999999999999822, 9.999999999999987566 ) ) ;
#156 = CC_DESIGN_DATE_AND_TIME_ASSIGNMENT ( #1446, #801, ( #881 ) ) ;
#157 = ORIENTED_EDGE ( 'NONE', *, *, #1263, .F. ) ;
#158 = EDGE_CURVE ( 'NONE', #59, #477, #755, .T. ) ;
#159 = DIRECTION ( 'NONE',  ( -1.000000000000000000, 0.000000000000000000, -0.000000000000000000 ) ) ;
#160 = PLANE ( 'NONE',  #1294 ) ;
#161 = ORIENTED_EDGE ( 'NONE', *, *, #983, .T. ) ;
#162 = DIRECTION ( 'NONE',  ( 0.000000000000000000, 1.000000000000000000, 0.000000000000000000 ) ) ;
#163 = ORIENTED_EDGE ( 'NONE', *, *, #1429, .F. ) ;
#164 = ORIENTED_EDGE ( 'NONE', *, *, #86, .F. ) ;
#165 = EDGE_CURVE ( 'NONE', #133, #1036, #1553, .T. ) ;
#166 = PERSON_AND_ORGANIZATION ( #281, #258 ) ;
#167 = FACE_BOUND ( 'NONE', #1130, .T. ) ;
#168 = DIRECTION ( 'NONE',  ( 1.000000000000000000, 0.000000000000000000, 0.000000000000000000 ) ) ;
#169 = ORIENTED_EDGE ( 'NONE', *, *, #750, .F. ) ;
#170 = CARTESIAN_POINT ( 'NONE',  ( -28.50000000000000000, -7.700000000000000178, -3.250000000000000444 ) ) ;
#171 = EDGE_LOOP ( 'NONE', ( #148, #458 ) ) ;
#172 = VECTOR ( 'NONE', #377, 1000.000000000000000 ) ;
#173 = CARTESIAN_POINT ( 'NONE',  ( -9.094418350119703121, 3.514833548406802954, 9.999999999999980460 ) ) ;
#174 = VECTOR ( 'NONE', #1682, 1000.000000000000000 ) ;
#175 = VECTOR ( 'NONE', #367, 1000.000000000000000 ) ;
#176 =( LENGTH_UNIT ( ) NAMED_UNIT ( * ) SI_UNIT ( .MILLI., .METRE. ) );
#177 = ADVANCED_FACE ( 'NONE', ( #770, #1415 ), #1280, .F. ) ;
#178 = DIRECTION ( 'NONE',  ( 1.000000000000000000, 0.000000000000000000, 0.000000000000000000 ) ) ;
#179 = CARTESIAN_POINT ( 'NONE',  ( -15.74915545207641898, -20.81370849898476294, 4.000000000000000888 ) ) ;
#180 = CC_DESIGN_APPROVAL ( #1240, ( #1184 ) ) ;
#181 = EDGE_CURVE ( 'NONE', #1636, #1404, #626, .T. ) ;
#182 = ORIENTED_EDGE ( 'NONE', *, *, #704, .T. ) ;
#183 = DIRECTION ( 'NONE',  ( 1.000000000000000000, 0.000000000000000000, 0.000000000000000000 ) ) ;
#184 = ORIENTED_EDGE ( 'NONE', *, *, #623, .T. ) ;
#185 = CARTESIAN_POINT ( 'NONE',  ( -15.74915545207641898, -20.81370849898476294, -4.000000000000000888 ) ) ;
#186 = PERSON_AND_ORGANIZATION ( #281, #258 ) ;
#187 = CARTESIAN_POINT ( 'NONE',  ( -18.82908965343830943, 2.160254037844221209, 15.00000000000000000 ) ) ;
#188 = FACE_OUTER_BOUND ( 'NONE', #587, .T. ) ;
#189 = EDGE_CURVE ( 'NONE', #264, #804, #580, .T. ) ;
#190 = ORIENTED_EDGE ( 'NONE', *, *, #158, .T. ) ;
#191 = FACE_OUTER_BOUND ( 'NONE', #32, .T. ) ;
#192 = EDGE_CURVE ( 'NONE', #624, #1064, #394, .T. ) ;
#193 = ORIENTED_EDGE ( 'NONE', *, *, #713, .F. ) ;
#194 = LINE ( 'NONE', #1460, #1101 ) ;
#195 = LINE ( 'NONE', #1360, #8 ) ;
#196 = DIRECTION ( 'NONE',  ( -0.8660254037844387076, -0.4999999999999998335, -0.000000000000000000 ) ) ;
#197 = ORIENTED_EDGE ( 'NONE', *, *, #922, .F. ) ;
#198 = DIRECTION ( 'NONE',  ( 0.000000000000000000, -1.000000000000000000, 0.000000000000000000 ) ) ;
#199 = ADVANCED_FACE ( 'NONE', ( #1160 ), #1408, .F. ) ;
#200 = ORIENTED_EDGE ( 'NONE', *, *, #651, .T. ) ;
#201 = CARTESIAN_POINT ( 'NONE',  ( -9.094418350119704897, 3.514833548406803843, 11.70000000000000284 ) ) ;
#202 = VERTEX_POINT ( 'NONE', #143 ) ;
#203 = AXIS2_PLACEMENT_3D ( 'NONE', #752, #740, #482 ) ;
#204 = VECTOR ( 'NONE', #977, 1000.000000000000000 ) ;
#205 = LINE ( 'NONE', #57, #960 ) ;
#206 = DIRECTION ( 'NONE',  ( -1.000000000000000000, -0.000000000000000000, -0.000000000000000000 ) ) ;
#207 = AXIS2_PLACEMENT_3D ( 'NONE', #586, #1659, #609 ) ;
#208 = CARTESIAN_POINT ( 'NONE',  ( -22.50000000000000000, -7.700000000000000178, -3.250000000000000444 ) ) ;
#209 = PLANE ( 'NONE',  #1267 ) ;
#210 = ORIENTED_EDGE ( 'NONE', *, *, #137, .F. ) ;
#211 = CARTESIAN_POINT ( 'NONE',  ( 0.000000000000000000, -11.50000000000000000, 0.000000000000000000 ) ) ;
#212 = ORIENTED_EDGE ( 'NONE', *, *, #563, .F. ) ;
#213 = CARTESIAN_POINT ( 'NONE',  ( -10.09950493836207208, 3.499999999999999556, 15.00000000000000000 ) ) ;
#214 = LINE ( 'NONE', #79, #332 ) ;
#215 = DIRECTION ( 'NONE',  ( 1.000000000000000000, 0.000000000000000000, 0.000000000000000000 ) ) ;
#216 = ORIENTED_EDGE ( 'NONE', *, *, #1040, .F. ) ;
#217 = FACE_OUTER_BOUND ( 'NONE', #322, .T. ) ;
#218 = VERTEX_POINT ( 'NONE', #1667 ) ;
#219 = CYLINDRICAL_SURFACE ( 'NONE', #1022, 4.250000000000000000 ) ;
#220 = DIRECTION ( 'NONE',  ( -0.000000000000000000, 1.000000000000000000, -0.000000000000000000 ) ) ;
#221 = DIRECTION ( 'NONE',  ( 0.000000000000000000, 1.000000000000000000, 0.000000000000000000 ) ) ;
#222 = ORIENTED_EDGE ( 'NONE', *, *, #672, .T. ) ;
#223 = ORIENTED_EDGE ( 'NONE', *, *, #1023, .T. ) ;
#224 = CARTESIAN_POINT ( 'NONE',  ( -2.193741096848030647, -11.50000000000000000, -11.70000000000000284 ) ) ;
#225 = ADVANCED_FACE ( 'NONE', ( #1660 ), #497, .F. ) ;
#226 = CIRCLE ( 'NONE', #1017, 3.000000000001719958 ) ;
#227 = DIRECTION ( 'NONE',  ( 0.000000000000000000, 1.000000000000000000, 0.000000000000000000 ) ) ;
#228 = DIRECTION ( 'NONE',  ( -1.000000000000000000, 0.000000000000000000, 0.000000000000000000 ) ) ;
#229 = VECTOR ( 'NONE', #620, 1000.000000000000000 ) ;
#230 = EDGE_CURVE ( 'NONE', #980, #714, #889, .T. ) ;
#231 = VECTOR ( 'NONE', #68, 1000.000000000000000 ) ;
#232 = VERTEX_POINT ( 'NONE', #802 ) ;
#233 = CARTESIAN_POINT ( 'NONE',  ( -10.09950493836207208, 3.500000000000000000, 10.00000000000000000 ) ) ;
#234 = ORIENTED_EDGE ( 'NONE', *, *, #1429, .T. ) ;
#235 = FACE_OUTER_BOUND ( 'NONE', #1041, .T. ) ;
#236 = DIRECTION ( 'NONE',  ( 1.000000000000000000, 0.000000000000000000, 0.000000000000000000 ) ) ;
#237 = CC_DESIGN_PERSON_AND_ORGANIZATION_ASSIGNMENT ( #166, #28, ( #881 ) ) ;
#238 = CARTESIAN_POINT ( 'NONE',  ( 0.000000000000000000, 0.000000000000000000, -15.00000000000000000 ) ) ;
#239 = ORIENTED_EDGE ( 'NONE', *, *, #1326, .F. ) ;
#240 = ADVANCED_FACE ( 'NONE', ( #693 ), #546, .T. ) ;
#241 = CARTESIAN_POINT ( 'NONE',  ( 0.1157457497430641608, -9.500000000000000000, 15.00000000000000000 ) ) ;
#242 = ORIENTED_EDGE ( 'NONE', *, *, #343, .F. ) ;
#243 = DIRECTION ( 'NONE',  ( 0.000000000000000000, 0.000000000000000000, 1.000000000000000000 ) ) ;
#244 = DIRECTION ( 'NONE',  ( -0.000000000000000000, -0.000000000000000000, 1.000000000000000000 ) ) ;
#245 = DIRECTION ( 'NONE',  ( -0.7660444431189805670, 0.000000000000000000, 0.6427876096865364763 ) ) ;
#246 = ORIENTED_EDGE ( 'NONE', *, *, #900, .T. ) ;
#247 = DIRECTION ( 'NONE',  ( 0.000000000000000000, 0.000000000000000000, 1.000000000000000000 ) ) ;
#248 = EDGE_CURVE ( 'NONE', #1467, #91, #1214, .T. ) ;
#249 = ORIENTED_EDGE ( 'NONE', *, *, #728, .T. ) ;
#250 = CARTESIAN_POINT ( 'NONE',  ( -22.50000000000000000, -6.299999999999999822, -9.750000000000001776 ) ) ;
#251 = DIRECTION ( 'NONE',  ( 0.000000000000000000, -0.000000000000000000, -1.000000000000000000 ) ) ;
#252 = CARTESIAN_POINT ( 'NONE',  ( 0.000000000000000000, 0.000000000000000000, -11.70000000000000284 ) ) ;
#253 = VECTOR ( 'NONE', #952, 1000.000000000000000 ) ;
#254 = VERTEX_POINT ( 'NONE', #272 ) ;
#255 = LINE ( 'NONE', #775, #906 ) ;
#256 = VECTOR ( 'NONE', #1322, 1000.000000000000000 ) ;
#257 = ORIENTED_EDGE ( 'NONE', *, *, #450, .F. ) ;
#258 = ORGANIZATION ( 'UNSPECIFIED', 'UNSPECIFIED', '' ) ;
#259 = ADVANCED_FACE ( 'NONE', ( #1088 ), #30, .T. ) ;
#260 = PLANE ( 'NONE',  #1075 ) ;
#261 = LINE ( 'NONE', #1011, #359 ) ;
#262 = CYLINDRICAL_SURFACE ( 'NONE', #1131, 4.250000000000000000 ) ;
#263 = VERTEX_POINT ( 'NONE', #407 ) ;
#264 = VERTEX_POINT ( 'NONE', #22 ) ;
#265 = CARTESIAN_POINT ( 'NONE',  ( 0.000000000000000000, 0.000000000000000000, 15.00000000000000000 ) ) ;
#266 = EDGE_CURVE ( 'NONE', #711, #1092, #94, .T. ) ;
#267 = DIRECTION ( 'NONE',  ( 1.000000000000000000, 0.000000000000000000, 0.000000000000000000 ) ) ;
#268 = DIRECTION ( 'NONE',  ( 0.000000000000000000, 0.000000000000000000, -1.000000000000000000 ) ) ;
#269 = ORIENTED_EDGE ( 'NONE', *, *, #1576, .F. ) ;
#270 = ORIENTED_EDGE ( 'NONE', *, *, #526, .F. ) ;
#271 = LINE ( 'NONE', #1165, #174 ) ;
#272 = CARTESIAN_POINT ( 'NONE',  ( -13.82908965343769303, 3.499999999999999556, -15.00000000000000000 ) ) ;
#273 = CARTESIAN_POINT ( 'NONE',  ( -30.50000000000000000, -6.310000000001028120, 11.90000000000000036 ) ) ;
#274 = CC_DESIGN_PERSON_AND_ORGANIZATION_ASSIGNMENT ( #817, #288, ( #445 ) ) ;
#275 = VERTEX_POINT ( 'NONE', #187 ) ;
#276 = DIRECTION ( 'NONE',  ( -1.000000000000000000, 0.000000000000000000, 0.000000000000000000 ) ) ;
#277 = VECTOR ( 'NONE', #1321, 1000.000000000000000 ) ;
#278 = EDGE_CURVE ( 'NONE', #350, #1220, #48, .T. ) ;
#279 = AXIS2_PLACEMENT_3D ( 'NONE', #1193, #935, #276 ) ;
#280 = VERTEX_POINT ( 'NONE', #818 ) ;
#281 = PERSON ( 'UNSPECIFIED', 'UNSPECIFIED', 'UNSPECIFIED', ('UNSPECIFIED'), ('UNSPECIFIED'), ('UNSPECIFIED') ) ;
#282 = APPLICATION_PROTOCOL_DEFINITION ( 'international standard', 'config_control_design', 1994, #1015 ) ;
#283 = DIRECTION ( 'NONE',  ( 0.000000000000000000, 0.000000000000000000, -1.000000000000000000 ) ) ;
#284 = CYLINDRICAL_SURFACE ( 'NONE', #1323, 3.000000000001719958 ) ;
#285 = VERTEX_POINT ( 'NONE', #567 ) ;
#286 = EDGE_CURVE ( 'NONE', #1081, #91, #822, .T. ) ;
#287 = ORIENTED_EDGE ( 'NONE', *, *, #61, .F. ) ;
#288 = PERSON_AND_ORGANIZATION_ROLE ( 'classification_officer' ) ;
#289 = CARTESIAN_POINT ( 'NONE',  ( -2.193741096848040417, -9.500000000000000000, 11.70000000000000284 ) ) ;
#290 = CARTESIAN_POINT ( 'NONE',  ( 9.500705083233748738, 0.000000000000000000, -15.00000000000000000 ) ) ;
#291 = VERTEX_POINT ( 'NONE', #289 ) ;
#292 = DIRECTION ( 'NONE',  ( 0.000000000000000000, 1.000000000000000000, 0.000000000000000000 ) ) ;
#293 = ORIENTED_EDGE ( 'NONE', *, *, #442, .T. ) ;
#294 = DIRECTION ( 'NONE',  ( 0.000000000000000000, 0.000000000000000000, -1.000000000000000000 ) ) ;
#295 = EDGE_CURVE ( 'NONE', #474, #703, #667, .T. ) ;
#296 = ORIENTED_EDGE ( 'NONE', *, *, #286, .F. ) ;
#297 = PERSON_AND_ORGANIZATION ( #281, #258 ) ;
#298 = CARTESIAN_POINT ( 'NONE',  ( -13.82908965343769125, -6.500000000001240785, 14.00000000000000000 ) ) ;
#299 = CARTESIAN_POINT ( 'NONE',  ( -27.49999999999828049, -6.310000000001025455, 0.000000000000000000 ) ) ;
#300 = ORIENTED_EDGE ( 'NONE', *, *, #107, .T. ) ;
#301 = FACE_OUTER_BOUND ( 'NONE', #83, .T. ) ;
#302 = ORIENTED_EDGE ( 'NONE', *, *, #76, .F. ) ;
#303 = DIRECTION ( 'NONE',  ( -1.000000000000000000, 0.000000000000000000, -0.000000000000000000 ) ) ;
#304 = AXIS2_PLACEMENT_3D ( 'NONE', #77, #1614, #1230 ) ;
#305 = CIRCLE ( 'NONE', #496, 4.250000000000000000 ) ;
#306 = AXIS2_PLACEMENT_3D ( 'NONE', #252, #268, #1439 ) ;
#307 = ADVANCED_FACE ( 'NONE', ( #1329 ), #1196, .F. ) ;
#308 = CARTESIAN_POINT ( 'NONE',  ( -10.09950493836207208, 5.499999999999969802, -15.00000000000000000 ) ) ;
#309 = CARTESIAN_POINT ( 'NONE',  ( -28.99999999999913669, -3.711923788646219080, -15.00000000000000000 ) ) ;
#310 = AXIS2_PLACEMENT_3D ( 'NONE', #895, #1414, #243 ) ;
#311 = ORIENTED_EDGE ( 'NONE', *, *, #399, .T. ) ;
#312 = DIRECTION ( 'NONE',  ( 0.4999999999999998890, -0.8660254037844387076, 0.000000000000000000 ) ) ;
#313 = ORIENTED_EDGE ( 'NONE', *, *, #537, .F. ) ;
#314 = DIRECTION ( 'NONE',  ( -1.000000000000000000, -0.000000000000000000, -0.000000000000000000 ) ) ;
#315 = ORIENTED_EDGE ( 'NONE', *, *, #999, .T. ) ;
#316 = PERSON_AND_ORGANIZATION_ROLE ( 'design_owner' ) ;
#317 = LINE ( 'NONE', #451, #411 ) ;
#318 = DIRECTION ( 'NONE',  ( 0.000000000000000000, 0.000000000000000000, -1.000000000000000000 ) ) ;
#319 = EDGE_CURVE ( 'NONE', #843, #1137, #433, .T. ) ;
#320 = EDGE_LOOP ( 'NONE', ( #978, #354, #725, #941, #514, #1443, #483, #1234, #415, #358, #124 ) ) ;
#321 = DIRECTION ( 'NONE',  ( -1.000000000000000000, 0.000000000000000000, -0.000000000000000000 ) ) ;
#322 = EDGE_LOOP ( 'NONE', ( #800, #742, #1084, #1185 ) ) ;
#323 = CARTESIAN_POINT ( 'NONE',  ( -15.74915545207641898, -8.300000000000023803, 4.000000000000000888 ) ) ;
#324 = DIRECTION ( 'NONE',  ( 0.000000000000000000, 0.000000000000000000, 1.000000000000000000 ) ) ;
#325 = LINE ( 'NONE', #478, #499 ) ;
#326 = CARTESIAN_POINT ( 'NONE',  ( 9.500705083233748738, 0.000000000000000000, -42.57225024484832687 ) ) ;
#327 = ADVANCED_FACE ( 'NONE', ( #401, #167 ), #930, .T. ) ;
#328 = DIRECTION ( 'NONE',  ( 0.000000000000000000, 0.000000000000000000, 1.000000000000000000 ) ) ;
#329 = ORIENTED_EDGE ( 'NONE', *, *, #807, .F. ) ;
#330 = EDGE_CURVE ( 'NONE', #757, #1441, #1204, .T. ) ;
#331 = LINE ( 'NONE', #699, #743 ) ;
#332 = VECTOR ( 'NONE', #747, 1000.000000000000000 ) ;
#333 = VERTEX_POINT ( 'NONE', #923 ) ;
#334 = AXIS2_PLACEMENT_3D ( 'NONE', #1086, #815, #1213 ) ;
#335 = AXIS2_PLACEMENT_3D ( 'NONE', #919, #1307, #1442 ) ;
#336 = DIRECTION ( 'NONE',  ( -1.000000000000000000, 0.000000000000000000, 0.000000000000000000 ) ) ;
#337 = CIRCLE ( 'NONE', #39, 10.00000000000123812 ) ;
#338 = DIRECTION ( 'NONE',  ( 0.000000000000000000, 0.000000000000000000, 1.000000000000000000 ) ) ;
#339 = VECTOR ( 'NONE', #517, 1000.000000000000000 ) ;
#340 = LINE ( 'NONE', #1381, #823 ) ;
#341 = ORIENTED_EDGE ( 'NONE', *, *, #1303, .F. ) ;
#342 = DIRECTION ( 'NONE',  ( 1.000000000000000000, 0.000000000000000000, 0.000000000000000000 ) ) ;
#343 = EDGE_CURVE ( 'NONE', #254, #1081, #1079, .T. ) ;
#344 = EDGE_LOOP ( 'NONE', ( #666, #569, #1579, #877 ) ) ;
#345 = CARTESIAN_POINT ( 'NONE',  ( -13.82908965343769125, 3.500000000000000444, 15.00000000000000000 ) ) ;
#346 = CARTESIAN_POINT ( 'NONE',  ( -2.193741096848030647, -11.50000000000000000, -11.70000000000000284 ) ) ;
#347 = LINE ( 'NONE', #1645, #97 ) ;
#348 = ORIENTED_EDGE ( 'NONE', *, *, #343, .T. ) ;
#349 = CARTESIAN_POINT ( 'NONE',  ( 0.000000000000000000, 0.000000000000000000, 15.00000000000000000 ) ) ;
#350 = VERTEX_POINT ( 'NONE', #792 ) ;
#351 = ADVANCED_FACE ( 'NONE', ( #955 ), #1463, .T. ) ;
#352 = EDGE_CURVE ( 'NONE', #795, #59, #539, .T. ) ;
#353 = LINE ( 'NONE', #1368, #1157 ) ;
#354 = ORIENTED_EDGE ( 'NONE', *, *, #266, .T. ) ;
#355 = DIRECTION ( 'NONE',  ( -0.000000000000000000, 0.000000000000000000, -1.000000000000000000 ) ) ;
#356 = VERTEX_POINT ( 'NONE', #1577 ) ;
#357 = CARTESIAN_POINT ( 'NONE',  ( -13.82908965343769125, 3.500000000000000000, 14.00000000000000000 ) ) ;
#358 = ORIENTED_EDGE ( 'NONE', *, *, #1207, .T. ) ;
#359 = VECTOR ( 'NONE', #780, 1000.000000000000000 ) ;
#360 = CYLINDRICAL_SURFACE ( 'NONE', #1503, 9.500705083233748738 ) ;
#361 = VECTOR ( 'NONE', #1107, 1000.000000000000000 ) ;
#362 = EDGE_CURVE ( 'NONE', #763, #765, #607, .T. ) ;
#363 = LINE ( 'NONE', #505, #383 ) ;
#364 = CARTESIAN_POINT ( 'NONE',  ( -11.23566817407099983, -6.299999999999999822, 10.00000000000000000 ) ) ;
#365 = AXIS2_PLACEMENT_3D ( 'NONE', #1529, #1262, #1150 ) ;
#366 = ORIENTED_EDGE ( 'NONE', *, *, #462, .T. ) ;
#367 = DIRECTION ( 'NONE',  ( -1.000000000000000000, 0.000000000000000000, 0.000000000000000000 ) ) ;
#368 = ORIENTED_EDGE ( 'NONE', *, *, #406, .T. ) ;
#369 = CARTESIAN_POINT ( 'NONE',  ( -9.856370902347210361, 3.514833548406802954, 15.00000000000000000 ) ) ;
#370 = DIRECTION ( 'NONE',  ( -0.000000000000000000, -0.000000000000000000, 1.000000000000000000 ) ) ;
#371 = DIRECTION ( 'NONE',  ( 0.000000000000000000, 1.000000000000000000, 0.000000000000000000 ) ) ;
#372 = EDGE_CURVE ( 'NONE', #1459, #1679, #317, .T. ) ;
#373 = ORIENTED_EDGE ( 'NONE', *, *, #189, .F. ) ;
#374 = DIRECTION ( 'NONE',  ( 0.7660444431189804559, 0.000000000000000000, -0.6427876096865364763 ) ) ;
#375 = ORIENTED_EDGE ( 'NONE', *, *, #399, .F. ) ;
#376 = CARTESIAN_POINT ( 'NONE',  ( -11.23566817407099805, 3.500000000000000000, -10.00000000000000000 ) ) ;
#377 = DIRECTION ( 'NONE',  ( 0.000000000000000000, 1.000000000000000000, 0.000000000000000000 ) ) ;
#378 = DIRECTION ( 'NONE',  ( 0.000000000000000000, 0.000000000000000000, 1.000000000000000000 ) ) ;
#379 = CC_DESIGN_PERSON_AND_ORGANIZATION_ASSIGNMENT ( #297, #56, ( #1184 ) ) ;
#380 = ORIENTED_EDGE ( 'NONE', *, *, #536, .F. ) ;
#381 = ORIENTED_EDGE ( 'NONE', *, *, #278, .F. ) ;
#382 = LINE ( 'NONE', #119, #1507 ) ;
#383 = VECTOR ( 'NONE', #236, 1000.000000000000000 ) ;
#384 = DIRECTION ( 'NONE',  ( 1.000000000000000000, 0.000000000000000000, -0.000000000000000000 ) ) ;
#385 = LINE ( 'NONE', #520, #1447 ) ;
#386 = LOCAL_TIME ( 10, 20, 44.00000000000000000, #680 ) ;
#387 = AXIS2_PLACEMENT_3D ( 'NONE', #1571, #40, #1181 ) ;
#388 = ORIENTED_EDGE ( 'NONE', *, *, #953, .F. ) ;
#389 = VECTOR ( 'NONE', #805, 1000.000000000000000 ) ;
#390 = DIRECTION ( 'NONE',  ( -0.7660444431189805670, 0.000000000000000000, -0.6427876096865364763 ) ) ;
#391 = AXIS2_PLACEMENT_3D ( 'NONE', #1456, #434, #1232 ) ;
#392 = EDGE_LOOP ( 'NONE', ( #645, #249 ) ) ;
#393 = CARTESIAN_POINT ( 'NONE',  ( -15.74915545207641898, -8.300000000000023803, -4.000000000000000888 ) ) ;
#394 = LINE ( 'NONE', #761, #1444 ) ;
#395 = CARTESIAN_POINT ( 'NONE',  ( -30.50000000000000000, 3.500000000000000000, -11.90000000000000036 ) ) ;
#396 = EDGE_LOOP ( 'NONE', ( #1610, #1417 ) ) ;
#397 = LINE ( 'NONE', #1170, #66 ) ;
#398 = VERTEX_POINT ( 'NONE', #973 ) ;
#399 = EDGE_CURVE ( 'NONE', #1480, #647, #1244, .T. ) ;
#400 = CARTESIAN_POINT ( 'NONE',  ( 0.000000000000000000, 0.000000000000000000, -11.70000000000000284 ) ) ;
#401 = FACE_OUTER_BOUND ( 'NONE', #898, .T. ) ;
#402 = DIRECTION ( 'NONE',  ( -0.000000000000000000, -0.000000000000000000, 1.000000000000000000 ) ) ;
#403 = ORIENTED_EDGE ( 'NONE', *, *, #129, .T. ) ;
#404 = DIRECTION ( 'NONE',  ( 0.000000000000000000, 0.000000000000000000, 1.000000000000000000 ) ) ;
#405 = ORIENTED_EDGE ( 'NONE', *, *, #623, .F. ) ;
#406 = EDGE_CURVE ( 'NONE', #1638, #1551, #845, .T. ) ;
#407 = CARTESIAN_POINT ( 'NONE',  ( 9.500705083233748738, 0.000000000000000000, -11.70000000000000284 ) ) ;
#408 = CARTESIAN_POINT ( 'NONE',  ( -30.50000000000000000, -4.577949192431158387, 11.90000000000000036 ) ) ;
#409 = EDGE_CURVE ( 'NONE', #285, #727, #205, .T. ) ;
#410 = ORIENTED_EDGE ( 'NONE', *, *, #1303, .T. ) ;
#411 = VECTOR ( 'NONE', #1624, 1000.000000000000000 ) ;
#412 = VECTOR ( 'NONE', #1388, 1000.000000000000000 ) ;
#413 = ORIENTED_EDGE ( 'NONE', *, *, #1106, .T. ) ;
#414 = VECTOR ( 'NONE', #722, 1000.000000000000000 ) ;
#415 = ORIENTED_EDGE ( 'NONE', *, *, #1516, .T. ) ;
#416 = CALENDAR_DATE ( 2026, 19, 8 ) ;
#417 = DIRECTION ( 'NONE',  ( -1.000000000000000000, 0.000000000000000000, 0.000000000000000000 ) ) ;
#418 = DIRECTION ( 'NONE',  ( -0.000000000000000000, -0.000000000000000000, 1.000000000000000000 ) ) ;
#419 = ORIENTED_EDGE ( 'NONE', *, *, #406, .F. ) ;
#420 = ADVANCED_FACE ( 'NONE', ( #443 ), #592, .F. ) ;
#421 = LINE ( 'NONE', #1332, #1420 ) ;
#422 = VERTEX_POINT ( 'NONE', #967 ) ;
#423 = CARTESIAN_POINT ( 'NONE',  ( -30.50000000000000000, 0.000000000000000000, 0.000000000000000000 ) ) ;
#424 = APPROVAL_STATUS ( 'not_yet_approved' ) ;
#425 = DIRECTION ( 'NONE',  ( 0.000000000000000000, 0.000000000000000000, 1.000000000000000000 ) ) ;
#426 = CARTESIAN_POINT ( 'NONE',  ( 0.1157457497430641608, -11.50000000000000000, 11.70000000000000284 ) ) ;
#427 = VERTEX_POINT ( 'NONE', #484 ) ;
#428 = CARTESIAN_POINT ( 'NONE',  ( -30.50000000000000000, -6.310000000001025455, -14.00000000000000000 ) ) ;
#429 = ORIENTED_EDGE ( 'NONE', *, *, #1576, .T. ) ;
#430 = CARTESIAN_POINT ( 'NONE',  ( -22.50000000000000000, -6.299999999999999822, -3.250000000000000444 ) ) ;
#431 = EDGE_CURVE ( 'NONE', #427, #885, #195, .T. ) ;
#432 = CALENDAR_DATE ( 2026, 19, 8 ) ;
#433 = LINE ( 'NONE', #1335, #1369 ) ;
#434 = DIRECTION ( 'NONE',  ( 0.000000000000000000, 0.000000000000000000, -1.000000000000000000 ) ) ;
#435 = EDGE_LOOP ( 'NONE', ( #50, #1253, #184, #734 ) ) ;
#436 = CARTESIAN_POINT ( 'NONE',  ( 0.000000000000000000, 0.000000000000000000, 11.70000000000000284 ) ) ;
#437 = EDGE_LOOP ( 'NONE', ( #920, #100, #489, #410 ) ) ;
#438 = CARTESIAN_POINT ( 'NONE',  ( 4.250000000000000000, 0.000000000000000000, -11.70000000000000284 ) ) ;
#439 = AXIS2_PLACEMENT_3D ( 'NONE', #1455, #425, #1448 ) ;
#440 = ORIENTED_EDGE ( 'NONE', *, *, #1226, .F. ) ;
#441 = AXIS2_PLACEMENT_3D ( 'NONE', #33, #1091, #1357 ) ;
#442 = EDGE_CURVE ( 'NONE', #280, #757, #1114, .T. ) ;
#443 = FACE_OUTER_BOUND ( 'NONE', #437, .T. ) ;
#444 = DIRECTION ( 'NONE',  ( 1.000000000000000000, 0.000000000000000000, 0.000000000000000000 ) ) ;
#445 = SECURITY_CLASSIFICATION ( '', '', #574 ) ;
#446 = CYLINDRICAL_SURFACE ( 'NONE', #1231, 4.000000000000000888 ) ;
#447 = CARTESIAN_POINT ( 'NONE',  ( -28.50000000000000000, -8.699999999999999289, 2.250000000000000444 ) ) ;
#448 = ORIENTED_EDGE ( 'NONE', *, *, #1644, .T. ) ;
#449 = DIRECTION ( 'NONE',  ( 0.000000000000000000, 1.000000000000000000, 0.000000000000000000 ) ) ;
#450 = EDGE_CURVE ( 'NONE', #1428, #1451, #575, .T. ) ;
#451 = CARTESIAN_POINT ( 'NONE',  ( 0.000000000000000000, 3.500000000000000000, -10.00000000000000000 ) ) ;
#452 = CARTESIAN_POINT ( 'NONE',  ( -30.50000000000000000, -6.299999999999999822, 3.249999999999999556 ) ) ;
#453 = ADVANCED_FACE ( 'NONE', ( #1096 ), #1484, .T. ) ;
#454 = LINE ( 'NONE', #346, #492 ) ;
#455 = CARTESIAN_POINT ( 'NONE',  ( -22.50000000000000000, -11.50000000000000000, 11.90000000000000036 ) ) ;
#456 = VERTEX_POINT ( 'NONE', #323 ) ;
#457 = PLANE ( 'NONE',  #334 ) ;
#458 = ORIENTED_EDGE ( 'NONE', *, *, #1283, .T. ) ;
#459 = DIRECTION ( 'NONE',  ( 0.000000000000000000, 0.000000000000000000, 1.000000000000000000 ) ) ;
#460 = ORIENTED_EDGE ( 'NONE', *, *, #1216, .T. ) ;
#461 = CARTESIAN_POINT ( 'NONE',  ( -8.826626887185025083, 3.514833548406802954, 15.00000000000000000 ) ) ;
#462 = EDGE_CURVE ( 'NONE', #128, #875, #194, .T. ) ;
#463 = VERTEX_POINT ( 'NONE', #1621 ) ;
#464 = CARTESIAN_POINT ( 'NONE',  ( -22.50000000000000000, -6.299999999999999822, 5.250000000000000000 ) ) ;
#465 = VECTOR ( 'NONE', #1626, 1000.000000000000000 ) ;
#466 = ORIENTED_EDGE ( 'NONE', *, *, #777, .T. ) ;
#467 = VECTOR ( 'NONE', #590, 1000.000000000000000 ) ;
#468 = AXIS2_PLACEMENT_3D ( 'NONE', #550, #1199, #72 ) ;
#469 = DIRECTION ( 'NONE',  ( 0.000000000000000000, -0.000000000000000000, 1.000000000000000000 ) ) ;
#470 = AXIS2_PLACEMENT_3D ( 'NONE', #890, #144, #1039 ) ;
#471 = ORIENTED_EDGE ( 'NONE', *, *, #988, .T. ) ;
#472 = LINE ( 'NONE', #96, #1102 ) ;
#473 = ADVANCED_FACE ( 'NONE', ( #1481 ), #457, .F. ) ;
#474 = VERTEX_POINT ( 'NONE', #201 ) ;
#475 = LINE ( 'NONE', #233, #35 ) ;
#476 = ADVANCED_FACE ( 'NONE', ( #726 ), #1593, .T. ) ;
#477 = VERTEX_POINT ( 'NONE', #690 ) ;
#478 = CARTESIAN_POINT ( 'NONE',  ( 0.1157457497430641608, -11.50000000000000000, -15.00000000000000000 ) ) ;
#479 = ORIENTED_EDGE ( 'NONE', *, *, #816, .F. ) ;
#480 = DIRECTION ( 'NONE',  ( -1.000000000000000000, 0.000000000000000000, 0.000000000000000000 ) ) ;
#481 = ORIENTED_EDGE ( 'NONE', *, *, #536, .T. ) ;
#482 = DIRECTION ( 'NONE',  ( 0.000000000000000000, 0.000000000000000000, -1.000000000000000000 ) ) ;
#483 = ORIENTED_EDGE ( 'NONE', *, *, #679, .T. ) ;
#484 = CARTESIAN_POINT ( 'NONE',  ( -30.50000000000000000, -11.50000000000000000, -11.90000000000000036 ) ) ;
#485 = ADVANCED_FACE ( 'NONE', ( #1496 ), #979, .F. ) ;
#486 = PLANE ( 'NONE',  #934 ) ;
#487 = DIRECTION ( 'NONE',  ( 0.000000000000000000, -1.000000000000000000, 0.000000000000000000 ) ) ;
#488 = CARTESIAN_POINT ( 'NONE',  ( 0.000000000000000000, 0.000000000000000000, -11.70000000000000284 ) ) ;
#489 = ORIENTED_EDGE ( 'NONE', *, *, #988, .F. ) ;
#490 = CARTESIAN_POINT ( 'NONE',  ( -28.99999999999913669, -3.711923788646219080, -11.90000000000000036 ) ) ;
#491 = VERTEX_POINT ( 'NONE', #173 ) ;
#492 = VECTOR ( 'NONE', #220, 1000.000000000000000 ) ;
#493 = EDGE_CURVE ( 'NONE', #1137, #427, #331, .T. ) ;
#494 = AXIS2_PLACEMENT_3D ( 'NONE', #298, #1473, #178 ) ;
#495 = DIRECTION ( 'NONE',  ( 1.000000000000000000, 0.000000000000000000, 0.000000000000000000 ) ) ;
#496 = AXIS2_PLACEMENT_3D ( 'NONE', #436, #1493, #1466 ) ;
#497 = PLANE ( 'NONE',  #7 ) ;
#498 = CARTESIAN_POINT ( 'NONE',  ( 0.000000000000000000, 9.540979117872439019E-15, 10.00000000000000000 ) ) ;
#499 = VECTOR ( 'NONE', #736, 1000.000000000000000 ) ;
#500 = VECTOR ( 'NONE', #495, 1000.000000000000000 ) ;
#501 = VERTEX_POINT ( 'NONE', #853 ) ;
#502 = DIRECTION ( 'NONE',  ( -0.000000000000000000, 0.000000000000000000, -1.000000000000000000 ) ) ;
#503 = ORIENTED_EDGE ( 'NONE', *, *, #1259, .T. ) ;
#504 = FACE_OUTER_BOUND ( 'NONE', #320, .T. ) ;
#505 = CARTESIAN_POINT ( 'NONE',  ( -30.50000000000000000, -11.50000000000000000, 11.90000000000000036 ) ) ;
#506 = CARTESIAN_POINT ( 'NONE',  ( -30.50000000000000000, -11.50000000000000000, 15.00000000000000000 ) ) ;
#507 = EDGE_CURVE ( 'NONE', #456, #543, #825, .T. ) ;
#508 = ORIENTED_EDGE ( 'NONE', *, *, #1259, .F. ) ;
#509 = CARTESIAN_POINT ( 'NONE',  ( 0.1157457497430641608, -9.500000000000000000, -42.57225024484832687 ) ) ;
#510 = ORIENTED_EDGE ( 'NONE', *, *, #922, .T. ) ;
#511 = CARTESIAN_POINT ( 'NONE',  ( 4.250000000000000000, 0.000000000000000000, -26.02081528017131262 ) ) ;
#512 = CARTESIAN_POINT ( 'NONE',  ( 4.250000000000000000, 0.000000000000000000, -26.02081528017131262 ) ) ;
#513 = DIRECTION ( 'NONE',  ( 0.000000000000000000, 1.000000000000000000, 0.000000000000000000 ) ) ;
#514 = ORIENTED_EDGE ( 'NONE', *, *, #450, .T. ) ;
#515 = CARTESIAN_POINT ( 'NONE',  ( -18.82908965343831298, 2.160254037844220321, -11.90000000000000036 ) ) ;
#516 = VERTEX_POINT ( 'NONE', #972 ) ;
#517 = DIRECTION ( 'NONE',  ( -0.000000000000000000, -0.000000000000000000, 1.000000000000000000 ) ) ;
#518 = VECTOR ( 'NONE', #131, 1000.000000000000000 ) ;
#519 = CARTESIAN_POINT ( 'NONE',  ( -22.50000000000000000, -7.700000000000000178, -3.250000000000000444 ) ) ;
#520 = CARTESIAN_POINT ( 'NONE',  ( -30.50000000000000000, -6.299999999999999822, -10.00000000000000000 ) ) ;
#521 = AXIS2_PLACEMENT_3D ( 'NONE', #349, #247, #116 ) ;
#522 = VERTEX_POINT ( 'NONE', #438 ) ;
#523 = AXIS2_PLACEMENT_3D ( 'NONE', #80, #602, #328 ) ;
#524 = CARTESIAN_POINT ( 'NONE',  ( -11.23566817407099983, 3.500000000000000000, 10.00000000000000000 ) ) ;
#525 = AXIS2_PLACEMENT_3D ( 'NONE', #1287, #1174, #1433 ) ;
#526 = EDGE_CURVE ( 'NONE', #1036, #1064, #1530, .T. ) ;
#527 = ORIENTED_EDGE ( 'NONE', *, *, #871, .T. ) ;
#528 = AXIS2_PLACEMENT_3D ( 'NONE', #1302, #1045, #641 ) ;
#529 = ADVANCED_FACE ( 'NONE', ( #1104, #581 ), #1601, .T. ) ;
#530 = DIRECTION ( 'NONE',  ( 1.000000000000000000, 0.000000000000000000, 0.000000000000000000 ) ) ;
#531 = DIRECTION ( 'NONE',  ( -0.000000000000000000, -0.000000000000000000, 1.000000000000000000 ) ) ;
#532 = FACE_OUTER_BOUND ( 'NONE', #5, .T. ) ;
#533 = ORIENTED_EDGE ( 'NONE', *, *, #372, .T. ) ;
#534 = FACE_OUTER_BOUND ( 'NONE', #1278, .T. ) ;
#535 = ORIENTED_EDGE ( 'NONE', *, *, #816, .T. ) ;
#536 = EDGE_CURVE ( 'NONE', #598, #59, #707, .T. ) ;
#537 = EDGE_CURVE ( 'NONE', #1638, #456, #852, .T. ) ;
#538 = COORDINATED_UNIVERSAL_TIME_OFFSET ( 3, 0, .BEHIND. ) ;
#539 = LINE ( 'NONE', #830, #1532 ) ;
#540 = DIRECTION ( 'NONE',  ( 0.000000000000000000, -1.000000000000000000, 0.000000000000000000 ) ) ;
#541 = ORIENTED_EDGE ( 'NONE', *, *, #1094, .T. ) ;
#542 = LINE ( 'NONE', #1065, #149 ) ;
#543 = VERTEX_POINT ( 'NONE', #1489 ) ;
#544 = CALENDAR_DATE ( 2026, 19, 8 ) ;
#545 = EDGE_CURVE ( 'NONE', #1119, #1419, #226, .T. ) ;
#546 = CYLINDRICAL_SURFACE ( 'NONE', #767, 9.500705083233748738 ) ;
#547 = DIRECTION ( 'NONE',  ( -1.000000000000000000, 0.000000000000000000, 0.000000000000000000 ) ) ;
#548 = VECTOR ( 'NONE', #121, 1000.000000000000000 ) ;
#549 = EDGE_LOOP ( 'NONE', ( #440, #1395, #1099, #115 ) ) ;
#550 = CARTESIAN_POINT ( 'NONE',  ( -10.09950493836207208, 5.499999999999969802, -10.00000000000000178 ) ) ;
#551 = AXIS2_PLACEMENT_3D ( 'NONE', #211, #1359, #1249 ) ;
#552 = VECTOR ( 'NONE', #1128, 1000.000000000000114 ) ;
#553 = ORIENTED_EDGE ( 'NONE', *, *, #9, .T. ) ;
#554 = LINE ( 'NONE', #185, #929 ) ;
#555 = VECTOR ( 'NONE', #1108, 999.9999999999998863 ) ;
#556 = AXIS2_PLACEMENT_3D ( 'NONE', #265, #1148, #1552 ) ;
#557 = DIRECTION ( 'NONE',  ( 0.000000000000000000, 0.000000000000000000, -1.000000000000000000 ) ) ;
#558 = CARTESIAN_POINT ( 'NONE',  ( -27.49999999999828049, -6.310000000001028120, 14.00000000000000000 ) ) ;
#559 = ADVANCED_FACE ( 'NONE', ( #844 ), #1221, .F. ) ;
#560 = PRODUCT ( 'Anclaje finCadena', 'Anclaje finCadena', '', ( #1482 ) ) ;
#561 = EDGE_LOOP ( 'NONE', ( #1364, #1607, #1358, #944 ) ) ;
#562 = DIRECTION ( 'NONE',  ( -1.000000000000000000, 0.000000000000000000, 0.000000000000000000 ) ) ;
#563 = EDGE_CURVE ( 'NONE', #232, #1638, #554, .T. ) ;
#564 = ORIENTED_EDGE ( 'NONE', *, *, #86, .T. ) ;
#565 = CARTESIAN_POINT ( 'NONE',  ( -15.74915545207641898, -8.300000000000023803, 4.000000000000000888 ) ) ;
#566 = CALENDAR_DATE ( 2026, 19, 8 ) ;
#567 = CARTESIAN_POINT ( 'NONE',  ( -7.441270052887476005, -6.299999999999999822, -10.00000000000000888 ) ) ;
#568 = DIRECTION ( 'NONE',  ( -1.000000000000000000, -2.602085213965248901E-15, 0.000000000000000000 ) ) ;
#569 = ORIENTED_EDGE ( 'NONE', *, *, #158, .F. ) ;
#570 = CARTESIAN_POINT ( 'NONE',  ( -13.82908965343769125, -6.500000000001240785, 11.90000000000000036 ) ) ;
#571 = EDGE_CURVE ( 'NONE', #491, #474, #1629, .T. ) ;
#572 = ORIENTED_EDGE ( 'NONE', *, *, #884, .T. ) ;
#573 = CARTESIAN_POINT ( 'NONE',  ( 0.000000000000000000, 0.000000000000000000, 15.00000000000000000 ) ) ;
#574 = SECURITY_CLASSIFICATION_LEVEL ( 'unclassified' ) ;
#575 = LINE ( 'NONE', #701, #361 ) ;
#576 = DIRECTION ( 'NONE',  ( -0.000000000000000000, -0.000000000000000000, 1.000000000000000000 ) ) ;
#577 = ORIENTED_EDGE ( 'NONE', *, *, #713, .T. ) ;
#578 = CARTESIAN_POINT ( 'NONE',  ( -9.094418350119704897, 3.514833548406803843, -10.00000000000000178 ) ) ;
#579 = ORIENTED_EDGE ( 'NONE', *, *, #695, .F. ) ;
#580 = CIRCLE ( 'NONE', #849, 10.00000000000123812 ) ;
#581 = FACE_OUTER_BOUND ( 'NONE', #812, .T. ) ;
#582 = ADVANCED_FACE ( 'NONE', ( #1390 ), #1397, .F. ) ;
#583 = EDGE_CURVE ( 'NONE', #1428, #1299, #475, .T. ) ;
#584 = AXIS2_PLACEMENT_3D ( 'NONE', #1048, #1566, #787 ) ;
#585 = CARTESIAN_POINT ( 'NONE',  ( -15.74915545207641898, -8.300000000000023803, -4.000000000000000888 ) ) ;
#586 = CARTESIAN_POINT ( 'NONE',  ( 0.000000000000000000, 0.000000000000000000, -39.27716446627535163 ) ) ;
#587 = EDGE_LOOP ( 'NONE', ( #628, #89, #1339, #577, #481, #190 ) ) ;
#588 = LINE ( 'NONE', #1110, #389 ) ;
#589 = ORIENTED_EDGE ( 'NONE', *, *, #1094, .F. ) ;
#590 = DIRECTION ( 'NONE',  ( 0.000000000000000000, 0.7071067811865463515, 0.7071067811865487940 ) ) ;
#591 = ADVANCED_FACE ( 'NONE', ( #1144 ), #629, .T. ) ;
#592 = PLANE ( 'NONE',  #1642 ) ;
#593 = CARTESIAN_POINT ( 'NONE',  ( 0.2817313296744549667, -6.299999999999999822, -0.3357543242858780363 ) ) ;
#594 = VERTEX_POINT ( 'NONE', #1282 ) ;
#595 = DIRECTION ( 'NONE',  ( -0.000000000000000000, -0.000000000000000000, 1.000000000000000000 ) ) ;
#596 = ORIENTED_EDGE ( 'NONE', *, *, #1461, .T. ) ;
#597 = PLANE ( 'NONE',  #904 ) ;
#598 = VERTEX_POINT ( 'NONE', #1656 ) ;
#599 = CARTESIAN_POINT ( 'NONE',  ( 0.000000000000000000, 0.000000000000000000, -26.02081528017131262 ) ) ;
#600 = ADVANCED_FACE ( 'NONE', ( #758 ), #893, .F. ) ;
#601 = LINE ( 'NONE', #326, #1527 ) ;
#602 = DIRECTION ( 'NONE',  ( -0.000000000000000000, 1.000000000000000000, -0.000000000000000000 ) ) ;
#603 = ORIENTED_EDGE ( 'NONE', *, *, #64, .F. ) ;
#604 = LINE ( 'NONE', #357, #1499 ) ;
#605 = AXIS2_PLACEMENT_3D ( 'NONE', #1297, #1047, #384 ) ;
#606 = ORIENTED_EDGE ( 'NONE', *, *, #409, .F. ) ;
#607 = CIRCLE ( 'NONE', #304, 4.250000000000000000 ) ;
#608 = AXIS2_PLACEMENT_3D ( 'NONE', #570, #1606, #712 ) ;
#609 = DIRECTION ( 'NONE',  ( 1.000000000000000000, 0.000000000000000000, 0.000000000000000000 ) ) ;
#610 = AXIS2_PLACEMENT_3D ( 'NONE', #1416, #371, #1684 ) ;
#611 = CARTESIAN_POINT ( 'NONE',  ( -9.856370902347212137, 3.514833548406802954, -15.00000000000000000 ) ) ;
#612 =( GEOMETRIC_REPRESENTATION_CONTEXT ( 3 ) GLOBAL_UNCERTAINTY_ASSIGNED_CONTEXT ( ( #1511 ) ) GLOBAL_UNIT_ASSIGNED_CONTEXT ( ( #176, #1462, #809 ) ) REPRESENTATION_CONTEXT ( 'NONE', 'WORKASPACE' ) );
#613 = CARTESIAN_POINT ( 'NONE',  ( -28.99999999999913669, -3.711923788646222633, 14.00000000000000000 ) ) ;
#614 = ORIENTED_EDGE ( 'NONE', *, *, #633, .T. ) ;
#615 = EDGE_CURVE ( 'NONE', #333, #264, #1515, .T. ) ;
#616 = DIRECTION ( 'NONE',  ( -0.000000000000000000, -0.000000000000000000, 1.000000000000000000 ) ) ;
#617 = VERTEX_POINT ( 'NONE', #1138 ) ;
#618 = CARTESIAN_POINT ( 'NONE',  ( -30.50000000000000000, -6.299999999999999822, -3.250000000000000444 ) ) ;
#619 = EDGE_LOOP ( 'NONE', ( #1227, #508, #1505, #1630 ) ) ;
#620 = DIRECTION ( 'NONE',  ( 0.000000000000000000, 0.000000000000000000, -1.000000000000000000 ) ) ;
#621 = ORIENTED_EDGE ( 'NONE', *, *, #248, .T. ) ;
#622 = DIRECTION ( 'NONE',  ( 0.000000000000000000, 0.000000000000000000, -1.000000000000000000 ) ) ;
#623 = EDGE_CURVE ( 'NONE', #1064, #1036, #1582, .T. ) ;
#624 = VERTEX_POINT ( 'NONE', #1277 ) ;
#625 = DIRECTION ( 'NONE',  ( -1.000000000000000000, 0.000000000000000000, 0.000000000000000000 ) ) ;
#626 = LINE ( 'NONE', #1565, #518 ) ;
#627 = LINE ( 'NONE', #867, #412 ) ;
#628 = ORIENTED_EDGE ( 'NONE', *, *, #842, .T. ) ;
#629 = CYLINDRICAL_SURFACE ( 'NONE', #1154, 9.500705083233748738 ) ;
#630 = VERTEX_POINT ( 'NONE', #1542 ) ;
#631 = ADVANCED_FACE ( 'NONE', ( #217 ), #998, .T. ) ;
#632 = AXIS2_PLACEMENT_3D ( 'NONE', #1093, #1366, #1238 ) ;
#633 = EDGE_CURVE ( 'NONE', #1380, #678, #764, .T. ) ;
#634 = LINE ( 'NONE', #250, #102 ) ;
#635 = AXIS2_PLACEMENT_3D ( 'NONE', #1668, #848, #106 ) ;
#636 = DIRECTION ( 'NONE',  ( -1.000000000000000000, -1.734723475976592327E-15, 0.000000000000000000 ) ) ;
#637 = LINE ( 'NONE', #1305, #256 ) ;
#638 = ORIENTED_EDGE ( 'NONE', *, *, #1187, .T. ) ;
#639 = DIRECTION ( 'NONE',  ( 1.000000000000000000, 0.000000000000000000, 0.000000000000000000 ) ) ;
#640 = EDGE_LOOP ( 'NONE', ( #210, #579, #1141, #381 ) ) ;
#641 = DIRECTION ( 'NONE',  ( 0.000000000000000000, 0.000000000000000000, -1.000000000000000000 ) ) ;
#642 = EDGE_CURVE ( 'NONE', #875, #1451, #604, .T. ) ;
#643 = LINE ( 'NONE', #1038, #172 ) ;
#644 = DIRECTION ( 'NONE',  ( 0.7660444431189805670, 0.000000000000000000, -0.6427876096865364763 ) ) ;
#645 = ORIENTED_EDGE ( 'NONE', *, *, #1609, .T. ) ;
#646 = LINE ( 'NONE', #1177, #1180 ) ;
#647 = VERTEX_POINT ( 'NONE', #82 ) ;
#648 = LINE ( 'NONE', #13, #1450 ) ;
#649 = DIRECTION ( 'NONE',  ( 0.000000000000000000, -1.000000000000000000, 0.000000000000000000 ) ) ;
#650 = CYLINDRICAL_SURFACE ( 'NONE', #470, 10.00000000000123990 ) ;
#651 = EDGE_CURVE ( 'NONE', #275, #1103, #861, .T. ) ;
#652 = ORIENTED_EDGE ( 'NONE', *, *, #319, .F. ) ;
#653 = DIRECTION ( 'NONE',  ( -0.000000000000000000, -0.000000000000000000, 1.000000000000000000 ) ) ;
#654 = ADVANCED_FACE ( 'NONE', ( #733 ), #597, .T. ) ;
#655 = ORIENTED_EDGE ( 'NONE', *, *, #1633, .T. ) ;
#656 = CARTESIAN_POINT ( 'NONE',  ( -27.49999999999828049, -6.310000000001028120, 15.00000000000000000 ) ) ;
#657 = CARTESIAN_POINT ( 'NONE',  ( 0.1157457497430641608, -9.500000000000000000, -42.57225024484832687 ) ) ;
#658 = CARTESIAN_POINT ( 'NONE',  ( 0.1157457497430641608, -11.50000000000000000, 15.00000000000000000 ) ) ;
#659 = VECTOR ( 'NONE', #1631, 1000.000000000000000 ) ;
#660 = CC_DESIGN_DATE_AND_TIME_ASSIGNMENT ( #1067, #1095, ( #445 ) ) ;
#661 = ORIENTED_EDGE ( 'NONE', *, *, #545, .T. ) ;
#662 = AXIS2_PLACEMENT_3D ( 'NONE', #1627, #686, #183 ) ;
#663 = CARTESIAN_POINT ( 'NONE',  ( 0.000000000000000000, 3.514833548406802954, 10.00000000000000000 ) ) ;
#664 = VECTOR ( 'NONE', #1449, 1000.000000000000000 ) ;
#665 = EDGE_CURVE ( 'NONE', #714, #1194, #1637, .T. ) ;
#666 = ORIENTED_EDGE ( 'NONE', *, *, #1685, .F. ) ;
#667 = LINE ( 'NONE', #1353, #1127 ) ;
#668 = CARTESIAN_POINT ( 'NONE',  ( -4.250000000000000000, 5.204748896376249713E-16, -11.70000000000000284 ) ) ;
#669 = EDGE_LOOP ( 'NONE', ( #933, #1018, #200, #706 ) ) ;
#670 = LINE ( 'NONE', #25, #1561 ) ;
#671 = ORIENTED_EDGE ( 'NONE', *, *, #1082, .F. ) ;
#672 = EDGE_CURVE ( 'NONE', #1331, #422, #886, .T. ) ;
#673 = APPROVAL_STATUS ( 'not_yet_approved' ) ;
#674 = DIRECTION ( 'NONE',  ( 0.7660444431189804559, 0.000000000000000000, 0.6427876096865364763 ) ) ;
#675 = CARTESIAN_POINT ( 'NONE',  ( -22.50000000000000000, -7.700000000000000178, 2.250000000000000444 ) ) ;
#676 = VERTEX_POINT ( 'NONE', #241 ) ;
#677 = DIRECTION ( 'NONE',  ( -0.000000000000000000, 0.000000000000000000, 1.000000000000000000 ) ) ;
#678 = VERTEX_POINT ( 'NONE', #1506 ) ;
#679 = EDGE_CURVE ( 'NONE', #275, #356, #1383, .T. ) ;
#680 = COORDINATED_UNIVERSAL_TIME_OFFSET ( 3, 0, .BEHIND. ) ;
#681 = EDGE_CURVE ( 'NONE', #491, #1404, #90, .T. ) ;
#682 = DIRECTION ( 'NONE',  ( 0.000000000000000000, 0.000000000000000000, -1.000000000000000000 ) ) ;
#683 = FACE_OUTER_BOUND ( 'NONE', #851, .T. ) ;
#684 = ORIENTED_EDGE ( 'NONE', *, *, #278, .T. ) ;
#685 = CC_DESIGN_APPROVAL ( #1145, ( #445 ) ) ;
#686 = DIRECTION ( 'NONE',  ( -0.000000000000000000, -0.000000000000000000, -1.000000000000000000 ) ) ;
#687 = AXIS2_PLACEMENT_3D ( 'NONE', #1266, #342, #622 ) ;
#688 = AXIS2_PLACEMENT_3D ( 'NONE', #1210, #52, #44 ) ;
#689 = ORIENTED_EDGE ( 'NONE', *, *, #1525, .T. ) ;
#690 = CARTESIAN_POINT ( 'NONE',  ( -28.50000000000000000, -7.700000000000000178, -3.250000000000000444 ) ) ;
#691 = VECTOR ( 'NONE', #819, 1000.000000000000000 ) ;
#692 = CIRCLE ( 'NONE', #748, 3.000000000001719958 ) ;
#693 = FACE_OUTER_BOUND ( 'NONE', #619, .T. ) ;
#694 = CYLINDRICAL_SURFACE ( 'NONE', #746, 4.250000000000000000 ) ;
#695 = EDGE_CURVE ( 'NONE', #1178, #398, #126, .T. ) ;
#696 = ORIENTED_EDGE ( 'NONE', *, *, #750, .T. ) ;
#697 = PLANE ( 'NONE',  #441 ) ;
#698 = ORIENTED_EDGE ( 'NONE', *, *, #431, .F. ) ;
#699 = CARTESIAN_POINT ( 'NONE',  ( -22.50000000000000000, -11.50000000000000000, -11.90000000000000036 ) ) ;
#700 = APPROVAL_ROLE ( '' ) ;
#701 = CARTESIAN_POINT ( 'NONE',  ( -10.09950493836207208, 3.499999999999999556, 15.00000000000000000 ) ) ;
#702 = PLANE ( 'NONE',  #71 ) ;
#703 = VERTEX_POINT ( 'NONE', #1186 ) ;
#704 = EDGE_CURVE ( 'NONE', #285, #887, #37, .T. ) ;
#705 = PLANE ( 'NONE',  #688 ) ;
#706 = ORIENTED_EDGE ( 'NONE', *, *, #1263, .T. ) ;
#707 = LINE ( 'NONE', #430, #253 ) ;
#708 = ORIENTED_EDGE ( 'NONE', *, *, #1676, .T. ) ;
#709 = DIRECTION ( 'NONE',  ( 0.000000000000000000, 0.000000000000000000, -1.000000000000000000 ) ) ;
#710 = CARTESIAN_POINT ( 'NONE',  ( -30.50000000000000000, -11.50000000000000000, 11.90000000000000036 ) ) ;
#711 = VERTEX_POINT ( 'NONE', #18 ) ;
#712 = DIRECTION ( 'NONE',  ( 1.000000000000000000, 3.556183125752013570E-15, 0.000000000000000000 ) ) ;
#713 = EDGE_CURVE ( 'NONE', #1441, #598, #397, .T. ) ;
#714 = VERTEX_POINT ( 'NONE', #1163 ) ;
#715 = VECTOR ( 'NONE', #324, 1000.000000000000000 ) ;
#716 = CARTESIAN_POINT ( 'NONE',  ( -9.894942484852640163, 3.500000000000000000, 11.90000000000000036 ) ) ;
#717 = VECTOR ( 'NONE', #292, 1000.000000000000000 ) ;
#718 = ADVANCED_FACE ( 'NONE', ( #534 ), #1059, .F. ) ;
#719 = AXIS2_PLACEMENT_3D ( 'NONE', #1519, #104, #336 ) ;
#720 = APPROVAL_DATE_TIME ( #1602, #1145 ) ;
#721 = DIRECTION ( 'NONE',  ( -1.000000000000000000, 0.000000000000000000, 0.000000000000000000 ) ) ;
#722 = DIRECTION ( 'NONE',  ( -4.077341503364289252E-16, 0.000000000000000000, 1.000000000000000000 ) ) ;
#723 = ORIENTED_EDGE ( 'NONE', *, *, #975, .T. ) ;
#724 = DIRECTION ( 'NONE',  ( 0.000000000000000000, 0.000000000000000000, -1.000000000000000000 ) ) ;
#725 = ORIENTED_EDGE ( 'NONE', *, *, #54, .T. ) ;
#726 = FACE_OUTER_BOUND ( 'NONE', #87, .T. ) ;
#727 = VERTEX_POINT ( 'NONE', #155 ) ;
#728 = EDGE_CURVE ( 'NONE', #1551, #543, #1020, .T. ) ;
#729 = DIRECTION ( 'NONE',  ( 0.000000000000000000, -0.000000000000000000, 1.000000000000000000 ) ) ;
#730 = LINE ( 'NONE', #737, #1068 ) ;
#731 = CARTESIAN_POINT ( 'NONE',  ( -13.50000000000001599, -6.299999999999999822, -11.90000000000000036 ) ) ;
#732 = ORIENTED_EDGE ( 'NONE', *, *, #118, .F. ) ;
#733 = FACE_OUTER_BOUND ( 'NONE', #1374, .T. ) ;
#734 = ORIENTED_EDGE ( 'NONE', *, *, #165, .F. ) ;
#735 = EDGE_CURVE ( 'NONE', #676, #463, #1680, .T. ) ;
#736 = DIRECTION ( 'NONE',  ( -1.000000000000000000, 0.000000000000000000, 0.000000000000000000 ) ) ;
#737 = CARTESIAN_POINT ( 'NONE',  ( -11.23566817407099983, -6.299999999999999822, 11.90000000000000036 ) ) ;
#738 = FACE_OUTER_BOUND ( 'NONE', #1284, .T. ) ;
#739 = ORIENTED_EDGE ( 'NONE', *, *, #1365, .F. ) ;
#740 = DIRECTION ( 'NONE',  ( 1.000000000000000000, 0.000000000000000000, 0.000000000000000000 ) ) ;
#741 = VECTOR ( 'NONE', #487, 1000.000000000000000 ) ;
#742 = ORIENTED_EDGE ( 'NONE', *, *, #1158, .T. ) ;
#743 = VECTOR ( 'NONE', #46, 1000.000000000000000 ) ;
#744 = VECTOR ( 'NONE', #1074, 1000.000000000000000 ) ;
#745 = DIRECTION ( 'NONE',  ( -0.000000000000000000, -0.000000000000000000, 1.000000000000000000 ) ) ;
#746 = AXIS2_PLACEMENT_3D ( 'NONE', #1615, #418, #1596 ) ;
#747 = DIRECTION ( 'NONE',  ( 0.000000000000000000, -1.000000000000000000, 0.000000000000000000 ) ) ;
#748 = AXIS2_PLACEMENT_3D ( 'NONE', #888, #778, #1285 ) ;
#749 = DIRECTION ( 'NONE',  ( 0.000000000000000000, 0.000000000000000000, -1.000000000000000000 ) ) ;
#750 = EDGE_CURVE ( 'NONE', #516, #291, #798, .T. ) ;
#751 = ORIENTED_EDGE ( 'NONE', *, *, #1334, .T. ) ;
#752 = CARTESIAN_POINT ( 'NONE',  ( -22.50000000000000000, 0.000000000000000000, 0.000000000000000000 ) ) ;
#753 = ORIENTED_EDGE ( 'NONE', *, *, #936, .F. ) ;
#754 = CARTESIAN_POINT ( 'NONE',  ( -28.99999999999913669, -3.711923788646222189, 11.90000000000000036 ) ) ;
#755 = LINE ( 'NONE', #519, #1341 ) ;
#756 = LINE ( 'NONE', #1142, #1372 ) ;
#757 = VERTEX_POINT ( 'NONE', #1550 ) ;
#758 = FACE_OUTER_BOUND ( 'NONE', #925, .T. ) ;
#759 = EDGE_LOOP ( 'NONE', ( #269, #1581, #1548, #1406, #1413, #1573 ) ) ;
#760 = CARTESIAN_POINT ( 'NONE',  ( -15.74915545207641898, -6.299999999999999822, -6.000000000000031974 ) ) ;
#761 = CARTESIAN_POINT ( 'NONE',  ( -4.250000000000000000, 5.204748896376249713E-16, -26.02081528017131262 ) ) ;
#762 = CARTESIAN_POINT ( 'NONE',  ( 0.000000000000000000, 0.000000000000000000, -26.02081528017131262 ) ) ;
#763 = VERTEX_POINT ( 'NONE', #899 ) ;
#764 = LINE ( 'NONE', #490, #1290 ) ;
#765 = VERTEX_POINT ( 'NONE', #1325 ) ;
#766 = EDGE_CURVE ( 'NONE', #254, #264, #670, .T. ) ;
#767 = AXIS2_PLACEMENT_3D ( 'NONE', #939, #531, #1056 ) ;
#768 = CARTESIAN_POINT ( 'NONE',  ( -4.250000000000000000, 5.204748896376249713E-16, -26.02081528017131262 ) ) ;
#769 = VECTOR ( 'NONE', #1338, 1000.000000000000000 ) ;
#770 = FACE_BOUND ( 'NONE', #1524, .T. ) ;
#771 = CARTESIAN_POINT ( 'NONE',  ( 0.1157457497430641608, -11.50000000000000000, -11.70000000000000284 ) ) ;
#772 = AXIS2_PLACEMENT_3D ( 'NONE', #1587, #1330, #1071 ) ;
#773 = CIRCLE ( 'NONE', #1050, 6.000000000000031974 ) ;
#774 = EDGE_LOOP ( 'NONE', ( #212, #1264, #1288, #638 ) ) ;
#775 = CARTESIAN_POINT ( 'NONE',  ( -22.50000000000000000, -7.700000000000000178, 3.249999999999999556 ) ) ;
#776 = EDGE_LOOP ( 'NONE', ( #103, #1337, #1308, #1241 ) ) ;
#777 = EDGE_CURVE ( 'NONE', #1380, #111, #542, .T. ) ;
#778 = DIRECTION ( 'NONE',  ( 0.000000000000000000, 0.000000000000000000, -1.000000000000000000 ) ) ;
#779 = EDGE_CURVE ( 'NONE', #795, #218, #255, .T. ) ;
#780 = DIRECTION ( 'NONE',  ( -0.000000000000000000, -0.000000000000000000, 1.000000000000000000 ) ) ;
#781 = CARTESIAN_POINT ( 'NONE',  ( -9.897832578660047176, 3.514833548406802954, -42.57225024484832687 ) ) ;
#782 = VERTEX_POINT ( 'NONE', #524 ) ;
#783 = DIRECTION ( 'NONE',  ( 0.000000000000000000, 0.000000000000000000, -1.000000000000000000 ) ) ;
#784 = ORIENTED_EDGE ( 'NONE', *, *, #832, .T. ) ;
#785 = CARTESIAN_POINT ( 'NONE',  ( -15.74915545207641898, -6.299999999999999822, 0.000000000000000000 ) ) ;
#786 = LINE ( 'NONE', #657, #548 ) ;
#787 = DIRECTION ( 'NONE',  ( 1.000000000000000000, 0.000000000000000000, 0.000000000000000000 ) ) ;
#788 = ORIENTED_EDGE ( 'NONE', *, *, #137, .T. ) ;
#789 = ORIENTED_EDGE ( 'NONE', *, *, #295, .T. ) ;
#790 = PLANE ( 'NONE',  #310 ) ;
#791 = AXIS2_PLACEMENT_3D ( 'NONE', #716, #1608, #837 ) ;
#792 = CARTESIAN_POINT ( 'NONE',  ( 0.1157457497430639248, -9.500000000000000000, -15.00000000000000000 ) ) ;
#793 = PLANE ( 'NONE',  #1477 ) ;
#794 = VECTOR ( 'NONE', #1222, 1000.000000000000000 ) ;
#795 = VERTEX_POINT ( 'NONE', #134 ) ;
#796 = AXIS2_PLACEMENT_3D ( 'NONE', #122, #402, #23 ) ;
#797 = EDGE_CURVE ( 'NONE', #501, #128, #646, .T. ) ;
#798 = LINE ( 'NONE', #1035, #990 ) ;
#799 = VECTOR ( 'NONE', #168, 1000.000000000000000 ) ;
#800 = ORIENTED_EDGE ( 'NONE', *, *, #797, .T. ) ;
#801 = DATE_TIME_ROLE ( 'creation_date' ) ;
#802 = CARTESIAN_POINT ( 'NONE',  ( -15.74915545207641898, -11.50000000000000000, -4.000000000000000888 ) ) ;
#803 = LINE ( 'NONE', #1604, #826 ) ;
#804 = VERTEX_POINT ( 'NONE', #515 ) ;
#805 = DIRECTION ( 'NONE',  ( -1.000000000000000000, 0.000000000000000000, 0.000000000000000000 ) ) ;
#806 = ORIENTED_EDGE ( 'NONE', *, *, #20, .F. ) ;
#807 = EDGE_CURVE ( 'NONE', #1679, #333, #1042, .T. ) ;
#808 = ADVANCED_BREP_SHAPE_REPRESENTATION ( 'Anclaje finCadena', ( #1260, #965 ), #612 ) ;
#809 =( NAMED_UNIT ( * ) SI_UNIT ( $, .STERADIAN. ) SOLID_ANGLE_UNIT ( ) );
#810 = DIRECTION ( 'NONE',  ( 0.000000000000000000, -1.000000000000000000, 0.000000000000000000 ) ) ;
#811 = CARTESIAN_POINT ( 'NONE',  ( -22.50000000000000000, -6.299999999999999822, 11.90000000000000036 ) ) ;
#812 = EDGE_LOOP ( 'NONE', ( #1316, #471, #1162, #315, #891, #154, #1248, #1053, #1237, #403, #751, #1327 ) ) ;
#813 = LINE ( 'NONE', #1513, #878 ) ;
#814 = ORIENTED_EDGE ( 'NONE', *, *, #295, .F. ) ;
#815 = DIRECTION ( 'NONE',  ( -1.000000000000000000, 0.000000000000000000, -4.077341503364289252E-16 ) ) ;
#816 = EDGE_CURVE ( 'NONE', #202, #1679, #1225, .T. ) ;
#817 = PERSON_AND_ORGANIZATION ( #281, #258 ) ;
#818 = CARTESIAN_POINT ( 'NONE',  ( -30.50000000000000000, -11.50000000000000000, 3.249999999999999556 ) ) ;
#819 = DIRECTION ( 'NONE',  ( 1.000000000000000000, 0.000000000000000000, 0.000000000000000000 ) ) ;
#820 = ORIENTED_EDGE ( 'NONE', *, *, #797, .F. ) ;
#821 = LINE ( 'NONE', #1218, #769 ) ;
#822 = CIRCLE ( 'NONE', #1396, 1.999999999999970468 ) ;
#823 = VECTOR ( 'NONE', #215, 1000.000000000000000 ) ;
#824 = ORIENTED_EDGE ( 'NONE', *, *, #681, .T. ) ;
#825 = LINE ( 'NONE', #565, #467 ) ;
#826 = VECTOR ( 'NONE', #49, 1000.000000000000000 ) ;
#827 = CIRCLE ( 'NONE', #556, 9.500705083233748738 ) ;
#828 = APPROVAL_DATE_TIME ( #1594, #1240 ) ;
#829 = EDGE_CURVE ( 'NONE', #804, #111, #821, .T. ) ;
#830 = CARTESIAN_POINT ( 'NONE',  ( -22.50000000000000000, -7.700000000000000178, 2.250000000000000444 ) ) ;
#831 = CARTESIAN_POINT ( 'NONE',  ( -9.894942484852640163, -6.299999999999999822, 10.00000000000000000 ) ) ;
#832 = EDGE_CURVE ( 'NONE', #1004, #463, #1046, .T. ) ;
#833 = DESIGN_CONTEXT ( 'detailed design', #1545, 'design' ) ;
#834 = ORIENTED_EDGE ( 'NONE', *, *, #862, .T. ) ;
#835 = CARTESIAN_POINT ( 'NONE',  ( -13.82908965343769125, 3.500000000000000444, 11.90000000000000036 ) ) ;
#836 = ORIENTED_EDGE ( 'NONE', *, *, #832, .F. ) ;
#837 = DIRECTION ( 'NONE',  ( 0.000000000000000000, -0.000000000000000000, 1.000000000000000000 ) ) ;
#838 = CARTESIAN_POINT ( 'NONE',  ( 0.1157457497430641608, -11.50000000000000000, 11.70000000000000284 ) ) ;
#839 = CARTESIAN_POINT ( 'NONE',  ( -10.09950493836207208, 5.499999999999969802, 10.00000000000000000 ) ) ;
#840 = DIRECTION ( 'NONE',  ( -0.000000000000000000, -0.000000000000000000, 1.000000000000000000 ) ) ;
#841 = FACE_OUTER_BOUND ( 'NONE', #70, .T. ) ;
#842 = EDGE_CURVE ( 'NONE', #477, #1480, #1598, .T. ) ;
#843 = VERTEX_POINT ( 'NONE', #455 ) ;
#844 = FACE_OUTER_BOUND ( 'NONE', #1453, .T. ) ;
#845 = LINE ( 'NONE', #585, #794 ) ;
#846 = CARTESIAN_POINT ( 'NONE',  ( 0.1157457497430641608, -11.50000000000000000, -13.99999999999999822 ) ) ;
#847 = CARTESIAN_POINT ( 'NONE',  ( -27.49999999999828049, -6.310000000001025455, -11.90000000000000036 ) ) ;
#848 = DIRECTION ( 'NONE',  ( 0.000000000000000000, 0.000000000000000000, 1.000000000000000000 ) ) ;
#849 = AXIS2_PLACEMENT_3D ( 'NONE', #1310, #1304, #636 ) ;
#850 = ADVANCED_FACE ( 'NONE', ( #841 ), #705, .F. ) ;
#851 = EDGE_LOOP ( 'NONE', ( #302, #866, #45, #1410 ) ) ;
#852 = CIRCLE ( 'NONE', #123, 4.000000000000000888 ) ;
#853 = CARTESIAN_POINT ( 'NONE',  ( -13.50000000000001776, -6.299999999999999822, 11.90000000000000036 ) ) ;
#854 = VECTOR ( 'NONE', #1403, 1000.000000000000000 ) ;
#855 = ORIENTED_EDGE ( 'NONE', *, *, #442, .F. ) ;
#856 = CIRCLE ( 'NONE', #528, 4.000000000000000888 ) ;
#857 = LINE ( 'NONE', #224, #414 ) ;
#858 = LINE ( 'NONE', #1492, #1418 ) ;
#859 = CARTESIAN_POINT ( 'NONE',  ( -10.09950493836207208, 3.499999999999999556, -15.00000000000000000 ) ) ;
#860 = ORIENTED_EDGE ( 'NONE', *, *, #1504, .T. ) ;
#861 = LINE ( 'NONE', #1663, #1203 ) ;
#862 = EDGE_CURVE ( 'NONE', #1351, #350, #11, .T. ) ;
#863 = ORIENTED_EDGE ( 'NONE', *, *, #953, .T. ) ;
#864 = ADVANCED_FACE ( 'NONE', ( #191 ), #697, .T. ) ;
#865 = LINE ( 'NONE', #593, #555 ) ;
#866 = ORIENTED_EDGE ( 'NONE', *, *, #633, .F. ) ;
#867 = CARTESIAN_POINT ( 'NONE',  ( -30.50000000000000000, -11.50000000000000000, 14.00000000000000000 ) ) ;
#868 = EDGE_LOOP ( 'NONE', ( #535, #1476, #300, #234 ) ) ;
#869 = DIRECTION ( 'NONE',  ( -1.000000000000000000, -0.000000000000000000, -0.000000000000000000 ) ) ;
#870 = ORIENTED_EDGE ( 'NONE', *, *, #766, .F. ) ;
#871 = EDGE_CURVE ( 'NONE', #1151, #594, #1083, .T. ) ;
#872 = DIRECTION ( 'NONE',  ( 0.000000000000000000, -1.000000000000000000, 0.000000000000000000 ) ) ;
#873 = CARTESIAN_POINT ( 'NONE',  ( 0.000000000000000000, 0.000000000000000000, -11.70000000000000284 ) ) ;
#874 = CARTESIAN_POINT ( 'NONE',  ( -8.826626887185025083, 3.514833548406802954, -15.00000000000000000 ) ) ;
#875 = VERTEX_POINT ( 'NONE', #835 ) ;
#876 = CIRCLE ( 'NONE', #957, 3.000000000001719958 ) ;
#877 = ORIENTED_EDGE ( 'NONE', *, *, #779, .T. ) ;
#878 = VECTOR ( 'NONE', #355, 1000.000000000000000 ) ;
#879 = CARTESIAN_POINT ( 'NONE',  ( 0.000000000000000000, 0.000000000000000000, -42.57225024484832687 ) ) ;
#880 = CIRCLE ( 'NONE', #391, 4.250000000000000000 ) ;
#881 = PRODUCT_DEFINITION ( 'UNKNOWN', '', #1184, #833 ) ;
#882 = DIRECTION ( 'NONE',  ( 0.000000000000000000, -1.000000000000000000, 0.000000000000000000 ) ) ;
#883 = DIRECTION ( 'NONE',  ( -1.000000000000000000, 0.000000000000000000, -0.000000000000000000 ) ) ;
#884 = EDGE_CURVE ( 'NONE', #1103, #875, #1293, .T. ) ;
#885 = VERTEX_POINT ( 'NONE', #970 ) ;
#886 = LINE ( 'NONE', #464, #1472 ) ;
#887 = VERTEX_POINT ( 'NONE', #578 ) ;
#888 = CARTESIAN_POINT ( 'NONE',  ( -27.49999999999828049, -6.310000000001025455, -15.00000000000000000 ) ) ;
#889 = LINE ( 'NONE', #1031, #928 ) ;
#890 = CARTESIAN_POINT ( 'NONE',  ( -13.82908965343769303, -6.500000000001240785, -11.90000000000000036 ) ) ;
#891 = ORIENTED_EDGE ( 'NONE', *, *, #146, .T. ) ;
#892 = EDGE_CURVE ( 'NONE', #804, #678, #60, .T. ) ;
#893 = PLANE ( 'NONE',  #203 ) ;
#894 = EDGE_LOOP ( 'NONE', ( #589, #789, #503, #784, #341, #739, #696 ) ) ;
#895 = CARTESIAN_POINT ( 'NONE',  ( 0.000000000000000000, -6.299999999999999822, 0.000000000000000000 ) ) ;
#896 = CARTESIAN_POINT ( 'NONE',  ( 4.250000000000000000, 0.000000000000000000, 11.70000000000000284 ) ) ;
#897 = FACE_OUTER_BOUND ( 'NONE', #1670, .T. ) ;
#898 = EDGE_LOOP ( 'NONE', ( #1027, #413, #1034, #834, #684, #596, #223, #448, #466, #689, #348 ) ) ;
#899 = CARTESIAN_POINT ( 'NONE',  ( 4.250000000000000000, 0.000000000000000000, -15.00000000000000000 ) ) ;
#900 = EDGE_CURVE ( 'NONE', #624, #133, #305, .T. ) ;
#901 = ORIENTED_EDGE ( 'NONE', *, *, #362, .F. ) ;
#902 = VECTOR ( 'NONE', #649, 1000.000000000000000 ) ;
#903 = ADVANCED_FACE ( 'NONE', ( #301 ), #1478, .F. ) ;
#904 = AXIS2_PLACEMENT_3D ( 'NONE', #1014, #1405, #1120 ) ;
#905 = DIRECTION ( 'NONE',  ( 0.000000000000000000, 0.000000000000000000, 1.000000000000000000 ) ) ;
#906 = VECTOR ( 'NONE', #1300, 1000.000000000000000 ) ;
#907 = CARTESIAN_POINT ( 'NONE',  ( -22.50000000000000000, -6.299999999999999822, -11.90000000000000036 ) ) ;
#908 = DIRECTION ( 'NONE',  ( -0.000000000000000000, -0.000000000000000000, -1.000000000000000000 ) ) ;
#909 = AXIS2_PLACEMENT_3D ( 'NONE', #1678, #513, #378 ) ;
#910 = APPROVAL_PERSON_ORGANIZATION ( #186, #1240, #21 ) ;
#911 = ORIENTED_EDGE ( 'NONE', *, *, #1525, .F. ) ;
#912 = ORIENTED_EDGE ( 'NONE', *, *, #1251, .T. ) ;
#913 = PRODUCT_RELATED_PRODUCT_CATEGORY ( 'detail', '', ( #560 ) ) ;
#914 = ADVANCED_FACE ( 'NONE', ( #1590 ), #1619, .F. ) ;
#915 = LINE ( 'NONE', #1055, #1641 ) ;
#916 = DIRECTION ( 'NONE',  ( -1.000000000000000000, 0.000000000000000000, 0.000000000000000000 ) ) ;
#917 = CARTESIAN_POINT ( 'NONE',  ( -11.23566817407099983, 3.500000000000000000, 10.00000000000000000 ) ) ;
#918 = ORIENTED_EDGE ( 'NONE', *, *, #615, .F. ) ;
#919 = CARTESIAN_POINT ( 'NONE',  ( 0.000000000000000000, 0.000000000000000000, -10.00000000000000178 ) ) ;
#920 = ORIENTED_EDGE ( 'NONE', *, *, #735, .F. ) ;
#921 = DIRECTION ( 'NONE',  ( -1.000000000000000000, 0.000000000000000000, 0.000000000000000000 ) ) ;
#922 = EDGE_CURVE ( 'NONE', #1467, #1459, #1445, .T. ) ;
#923 = CARTESIAN_POINT ( 'NONE',  ( -13.50000000000001599, 3.500000000000000000, -11.90000000000000036 ) ) ;
#924 = FACE_OUTER_BOUND ( 'NONE', #1382, .T. ) ;
#925 = EDGE_LOOP ( 'NONE', ( #1434, #380, #1535, #1175, #652, #863, #222, #1000 ) ) ;
#926 = EDGE_LOOP ( 'NONE', ( #135, #655, #671, #1255 ) ) ;
#927 = PERSON_AND_ORGANIZATION ( #281, #258 ) ;
#928 = VECTOR ( 'NONE', #370, 1000.000000000000000 ) ;
#929 = VECTOR ( 'NONE', #74, 1000.000000000000000 ) ;
#930 = PLANE ( 'NONE',  #1318 ) ;
#931 = LINE ( 'NONE', #426, #664 ) ;
#932 = AXIS2_PLACEMENT_3D ( 'NONE', #1363, #1349, #562 ) ;
#933 = ORIENTED_EDGE ( 'NONE', *, *, #1040, .T. ) ;
#934 = AXIS2_PLACEMENT_3D ( 'NONE', #846, #1010, #459 ) ;
#935 = DIRECTION ( 'NONE',  ( 0.000000000000000000, 0.000000000000000000, -1.000000000000000000 ) ) ;
#936 = EDGE_CURVE ( 'NONE', #647, #280, #588, .T. ) ;
#937 = ORIENTED_EDGE ( 'NONE', *, *, #1276, .T. ) ;
#938 = APPROVAL_ROLE ( '' ) ;
#939 = CARTESIAN_POINT ( 'NONE',  ( 0.000000000000000000, 0.000000000000000000, -42.57225024484832687 ) ) ;
#940 = CARTESIAN_POINT ( 'NONE',  ( -22.50000000000000000, -6.299999999999999822, 3.249999999999999556 ) ) ;
#941 = ORIENTED_EDGE ( 'NONE', *, *, #1540, .T. ) ;
#942 = LINE ( 'NONE', #1458, #717 ) ;
#943 = EDGE_CURVE ( 'NONE', #1229, #676, #421, .T. ) ;
#944 = ORIENTED_EDGE ( 'NONE', *, *, #1283, .F. ) ;
#945 = DIRECTION ( 'NONE',  ( 0.000000000000000000, 0.000000000000000000, 1.000000000000000000 ) ) ;
#946 = DATE_AND_TIME ( #544, #1211 ) ;
#947 = CARTESIAN_POINT ( 'NONE',  ( -13.82908965343769303, 3.500000000000000000, -15.00000000000000000 ) ) ;
#948 = DIRECTION ( 'NONE',  ( 0.000000000000000000, 0.000000000000000000, -1.000000000000000000 ) ) ;
#949 = ORIENTED_EDGE ( 'NONE', *, *, #493, .F. ) ;
#950 = DIRECTION ( 'NONE',  ( -0.8660254037844387076, -0.4999999999999998890, 0.000000000000000000 ) ) ;
#951 = ORIENTED_EDGE ( 'NONE', *, *, #330, .F. ) ;
#952 = DIRECTION ( 'NONE',  ( 0.000000000000000000, -1.000000000000000000, 0.000000000000000000 ) ) ;
#953 = EDGE_CURVE ( 'NONE', #843, #1331, #942, .T. ) ;
#954 = CARTESIAN_POINT ( 'NONE',  ( 0.000000000000000000, 0.000000000000000000, 0.000000000000000000 ) ) ;
#955 = FACE_OUTER_BOUND ( 'NONE', #1268, .T. ) ;
#956 = DIRECTION ( 'NONE',  ( -0.000000000000000000, 1.000000000000000000, -0.000000000000000000 ) ) ;
#957 = AXIS2_PLACEMENT_3D ( 'NONE', #847, #95, #1370 ) ;
#958 = EDGE_LOOP ( 'NONE', ( #836, #10, #1664, #26 ) ) ;
#959 = CARTESIAN_POINT ( 'NONE',  ( -16.50858157774925417, 3.500000000000000000, -11.90000000000000036 ) ) ;
#960 = VECTOR ( 'NONE', #1367, 1000.000000000000000 ) ;
#961 = CIRCLE ( 'NONE', #1320, 4.250000000000000000 ) ;
#962 = ORIENTED_EDGE ( 'NONE', *, *, #1504, .F. ) ;
#963 = CARTESIAN_POINT ( 'NONE',  ( -15.74915545207641898, -8.300000000000023803, 0.000000000000000000 ) ) ;
#964 = AXIS2_PLACEMENT_3D ( 'NONE', #299, #1089, #444 ) ;
#965 = AXIS2_PLACEMENT_3D ( 'NONE', #954, #1319, #38 ) ;
#966 = EDGE_CURVE ( 'NONE', #1459, #1081, #813, .T. ) ;
#967 = CARTESIAN_POINT ( 'NONE',  ( -22.50000000000000000, -6.299999999999999822, 3.249999999999999556 ) ) ;
#968 = LINE ( 'NONE', #1205, #799 ) ;
#969 = CARTESIAN_POINT ( 'NONE',  ( -15.74915545207641898, -20.81370849898476294, 0.000000000000000000 ) ) ;
#970 = CARTESIAN_POINT ( 'NONE',  ( -30.50000000000000000, -11.50000000000000000, -15.00000000000000000 ) ) ;
#971 = EDGE_LOOP ( 'NONE', ( #1620, #753, #287, #1384, #36, #141 ) ) ;
#972 = CARTESIAN_POINT ( 'NONE',  ( -2.193741096848040417, -11.50000000000000000, 11.70000000000000284 ) ) ;
#973 = CARTESIAN_POINT ( 'NONE',  ( 0.1157457497430641608, -9.500000000000000000, -11.70000000000000284 ) ) ;
#974 = DIRECTION ( 'NONE',  ( -1.000000000000000000, 0.000000000000000000, -0.000000000000000000 ) ) ;
#975 = EDGE_CURVE ( 'NONE', #133, #624, #1129, .T. ) ;
#976 = DIRECTION ( 'NONE',  ( -0.000000000000000000, -0.000000000000000000, 1.000000000000000000 ) ) ;
#977 = DIRECTION ( 'NONE',  ( 0.000000000000000000, 0.000000000000000000, -1.000000000000000000 ) ) ;
#978 = ORIENTED_EDGE ( 'NONE', *, *, #1557, .T. ) ;
#979 = PLANE ( 'NONE',  #1669 ) ;
#980 = VERTEX_POINT ( 'NONE', #874 ) ;
#981 = DIRECTION ( 'NONE',  ( -1.000000000000000000, 0.000000000000000000, 0.000000000000000000 ) ) ;
#982 = ORIENTED_EDGE ( 'NONE', *, *, #892, .T. ) ;
#983 = EDGE_CURVE ( 'NONE', #285, #202, #1247, .T. ) ;
#984 = DIRECTION ( 'NONE',  ( 0.000000000000000000, 0.000000000000000000, 1.000000000000000000 ) ) ;
#985 = CIRCLE ( 'NONE', #1612, 9.500705083233748738 ) ;
#986 = ORIENTED_EDGE ( 'NONE', *, *, #1508, .F. ) ;
#987 = VECTOR ( 'NONE', #1438, 1000.000000000000000 ) ;
#988 = EDGE_CURVE ( 'NONE', #1674, #1229, #347, .T. ) ;
#989 = DIRECTION ( 'NONE',  ( 0.000000000000000000, 0.000000000000000000, -1.000000000000000000 ) ) ;
#990 = VECTOR ( 'NONE', #1568, 1000.000000000000000 ) ;
#991 = ORIENTED_EDGE ( 'NONE', *, *, #642, .F. ) ;
#992 = CIRCLE ( 'NONE', #909, 4.000000000000000888 ) ;
#993 = VECTOR ( 'NONE', #1159, 1000.000000000000000 ) ;
#994 = DIRECTION ( 'NONE',  ( 0.000000000000000000, 0.000000000000000000, -1.000000000000000000 ) ) ;
#995 = DIRECTION ( 'NONE',  ( 0.000000000000000000, 0.000000000000000000, 1.000000000000000000 ) ) ;
#996 = LINE ( 'NONE', #613, #854 ) ;
#997 = ORIENTED_EDGE ( 'NONE', *, *, #1540, .F. ) ;
#998 = PLANE ( 'NONE',  #1069 ) ;
#999 = EDGE_CURVE ( 'NONE', #617, #1389, #627, .T. ) ;
#1000 = ORIENTED_EDGE ( 'NONE', *, *, #1355, .T. ) ;
#1001 = FACE_OUTER_BOUND ( 'NONE', #640, .T. ) ;
#1002 = DIRECTION ( 'NONE',  ( -0.000000000000000000, 1.000000000000000000, -0.000000000000000000 ) ) ;
#1003 = CARTESIAN_POINT ( 'NONE',  ( 4.250000000000000000, 0.000000000000000000, 15.00000000000000000 ) ) ;
#1004 = VERTEX_POINT ( 'NONE', #1371 ) ;
#1005 = DIRECTION ( 'NONE',  ( 1.000000000000000000, 0.000000000000000000, 0.000000000000000000 ) ) ;
#1006 = VERTEX_POINT ( 'NONE', #364 ) ;
#1007 = DIRECTION ( 'NONE',  ( 0.000000000000000000, 0.000000000000000000, 1.000000000000000000 ) ) ;
#1008 = ADVANCED_FACE ( 'NONE', ( #1124 ), #209, .T. ) ;
#1009 = EDGE_CURVE ( 'NONE', #1351, #263, #756, .T. ) ;
#1010 = DIRECTION ( 'NONE',  ( -1.000000000000000000, 0.000000000000000000, 0.000000000000000000 ) ) ;
#1011 = CARTESIAN_POINT ( 'NONE',  ( -8.826626887185025083, 3.514833548406802954, -42.57225024484832687 ) ) ;
#1012 = DIRECTION ( 'NONE',  ( 1.000000000000000000, 0.000000000000000000, 0.000000000000000000 ) ) ;
#1013 = VERTEX_POINT ( 'NONE', #114 ) ;
#1014 = CARTESIAN_POINT ( 'NONE',  ( 0.000000000000000000, -11.50000000000000000, 0.000000000000000000 ) ) ;
#1015 = APPLICATION_CONTEXT ( 'configuration controlled 3d designs of mechanical parts and assemblies' ) ;
#1016 = CONICAL_SURFACE ( 'NONE', #1639, 4.000000000000000888, 0.7853981633974500554 ) ;
#1017 = AXIS2_PLACEMENT_3D ( 'NONE', #1352, #63, #1468 ) ;
#1018 = ORIENTED_EDGE ( 'NONE', *, *, #679, .F. ) ;
#1019 = VECTOR ( 'NONE', #950, 1000.000000000000000 ) ;
#1020 = CIRCLE ( 'NONE', #1236, 6.000000000000031974 ) ;
#1021 = FACE_OUTER_BOUND ( 'NONE', #1224, .T. ) ;
#1022 = AXIS2_PLACEMENT_3D ( 'NONE', #599, #745, #85 ) ;
#1023 = EDGE_CURVE ( 'NONE', #885, #594, #472, .T. ) ;
#1024 = CARTESIAN_POINT ( 'NONE',  ( -30.50000000000000000, -4.577949192431158387, 14.00000000000000000 ) ) ;
#1025 = FACE_OUTER_BOUND ( 'NONE', #549, .T. ) ;
#1026 = PRODUCT_DEFINITION_SHAPE ( 'NONE', 'NONE',  #881 ) ;
#1027 = ORIENTED_EDGE ( 'NONE', *, *, #286, .T. ) ;
#1028 = DIRECTION ( 'NONE',  ( -0.000000000000000000, -0.000000000000000000, 1.000000000000000000 ) ) ;
#1029 = ORIENTED_EDGE ( 'NONE', *, *, #1622, .F. ) ;
#1030 = DIRECTION ( 'NONE',  ( -0.000000000000000000, -0.000000000000000000, 1.000000000000000000 ) ) ;
#1031 = CARTESIAN_POINT ( 'NONE',  ( -8.826626887185025083, 3.514833548406802954, -42.57225024484832687 ) ) ;
#1032 = PLANE ( 'NONE',  #306 ) ;
#1033 = ADVANCED_FACE ( 'NONE', ( #738 ), #88, .T. ) ;
#1034 = ORIENTED_EDGE ( 'NONE', *, *, #1054, .T. ) ;
#1035 = CARTESIAN_POINT ( 'NONE',  ( -2.193741096848040417, -11.50000000000000000, 11.70000000000000284 ) ) ;
#1036 = VERTEX_POINT ( 'NONE', #1003 ) ;
#1037 = FACE_BOUND ( 'NONE', #392, .T. ) ;
#1038 = CARTESIAN_POINT ( 'NONE',  ( -30.50000000000000000, -8.699999999999999289, 3.249999999999999556 ) ) ;
#1039 = DIRECTION ( 'NONE',  ( 1.000000000000000000, 0.000000000000000000, 0.000000000000000000 ) ) ;
#1040 = EDGE_CURVE ( 'NONE', #1419, #356, #996, .T. ) ;
#1041 = EDGE_LOOP ( 'NONE', ( #1121, #1399, #1217, #1509, #1139, #1617, #541, #1250 ) ) ;
#1042 = LINE ( 'NONE', #1556, #1583 ) ;
#1043 = ADVANCED_FACE ( 'NONE', ( #1025 ), #1118, .F. ) ;
#1044 = ORIENTED_EDGE ( 'NONE', *, *, #1009, .T. ) ;
#1045 = DIRECTION ( 'NONE',  ( -0.000000000000000000, 1.000000000000000000, -0.000000000000000000 ) ) ;
#1046 = CIRCLE ( 'NONE', #662, 9.500705083233748738 ) ;
#1047 = DIRECTION ( 'NONE',  ( 0.000000000000000000, 0.000000000000000000, 1.000000000000000000 ) ) ;
#1048 = CARTESIAN_POINT ( 'NONE',  ( 0.000000000000000000, 0.000000000000000000, 11.70000000000000284 ) ) ;
#1049 = VECTOR ( 'NONE', #1167, 1000.000000000000000 ) ;
#1050 = AXIS2_PLACEMENT_3D ( 'NONE', #785, #112, #905 ) ;
#1051 = ORIENTED_EDGE ( 'NONE', *, *, #9, .F. ) ;
#1052 = CARTESIAN_POINT ( 'NONE',  ( 0.1157457497430641608, -11.50000000000000000, -11.70000000000000284 ) ) ;
#1053 = ORIENTED_EDGE ( 'NONE', *, *, #431, .T. ) ;
#1054 = EDGE_CURVE ( 'NONE', #980, #1351, #1534, .T. ) ;
#1055 = CARTESIAN_POINT ( 'NONE',  ( -9.094418350119703121, 3.514833548406802954, -39.27716446627535163 ) ) ;
#1056 = DIRECTION ( 'NONE',  ( 1.000000000000000000, 0.000000000000000000, 0.000000000000000000 ) ) ;
#1057 = LINE ( 'NONE', #408, #1400 ) ;
#1058 = ORIENTED_EDGE ( 'NONE', *, *, #20, .T. ) ;
#1059 = CYLINDRICAL_SURFACE ( 'NONE', #279, 1.999999999999970468 ) ;
#1060 = ORIENTED_EDGE ( 'NONE', *, *, #862, .F. ) ;
#1061 = CALENDAR_DATE ( 2026, 19, 8 ) ;
#1062 = DIRECTION ( 'NONE',  ( -0.000000000000000000, -0.000000000000000000, 1.000000000000000000 ) ) ;
#1063 = CARTESIAN_POINT ( 'NONE',  ( -9.856370902347213914, 3.514833548406802954, 10.00000000000000000 ) ) ;
#1064 = VERTEX_POINT ( 'NONE', #1135 ) ;
#1065 = CARTESIAN_POINT ( 'NONE',  ( -28.99999999999913669, -3.711923788646219524, -15.00000000000000000 ) ) ;
#1066 = ORIENTED_EDGE ( 'NONE', *, *, #571, .F. ) ;
#1067 = DATE_AND_TIME ( #566, #386 ) ;
#1068 = VECTOR ( 'NONE', #1261, 1000.000000000000000 ) ;
#1069 = AXIS2_PLACEMENT_3D ( 'NONE', #1152, #101, #374 ) ;
#1070 = CARTESIAN_POINT ( 'NONE',  ( -11.23566817407099805, -6.299999999999999822, -10.00000000000000000 ) ) ;
#1071 = DIRECTION ( 'NONE',  ( 1.000000000000000000, 0.000000000000000000, 0.000000000000000000 ) ) ;
#1072 = ORIENTED_EDGE ( 'NONE', *, *, #892, .F. ) ;
#1073 = CIRCLE ( 'NONE', #719, 9.750000000000000000 ) ;
#1074 = DIRECTION ( 'NONE',  ( 0.000000000000000000, 1.000000000000000000, 0.000000000000000000 ) ) ;
#1075 = AXIS2_PLACEMENT_3D ( 'NONE', #1436, #1537, #1563 ) ;
#1076 = ORIENTED_EDGE ( 'NONE', *, *, #665, .T. ) ;
#1077 = CARTESIAN_POINT ( 'NONE',  ( -9.094418350119703121, 3.514833548406802954, -39.27716446627535163 ) ) ;
#1078 = APPLICATION_PROTOCOL_DEFINITION ( 'international standard', 'config_control_design', 1994, #1545 ) ;
#1079 = LINE ( 'NONE', #947, #987 ) ;
#1080 = CYLINDRICAL_SURFACE ( 'NONE', #964, 3.000000000001719958 ) ;
#1081 = VERTEX_POINT ( 'NONE', #859 ) ;
#1082 = EDGE_CURVE ( 'NONE', #522, #1198, #961, .T. ) ;
#1083 = LINE ( 'NONE', #428, #204 ) ;
#1084 = ORIENTED_EDGE ( 'NONE', *, *, #1168, .T. ) ;
#1085 = EDGE_CURVE ( 'NONE', #62, #1119, #1521, .T. ) ;
#1086 = CARTESIAN_POINT ( 'NONE',  ( -2.193741096848030647, -11.50000000000000000, -11.70000000000000284 ) ) ;
#1087 = APPROVAL_STATUS ( 'not_yet_approved' ) ;
#1088 = FACE_OUTER_BOUND ( 'NONE', #868, .T. ) ;
#1089 = DIRECTION ( 'NONE',  ( 0.000000000000000000, 0.000000000000000000, 1.000000000000000000 ) ) ;
#1090 = ORIENTED_EDGE ( 'NONE', *, *, #140, .F. ) ;
#1091 = DIRECTION ( 'NONE',  ( -1.000000000000000000, 0.000000000000000000, 0.000000000000000000 ) ) ;
#1092 = VERTEX_POINT ( 'NONE', #461 ) ;
#1093 = CARTESIAN_POINT ( 'NONE',  ( -10.09950493836207208, 5.499999999999969802, 11.90000000000000036 ) ) ;
#1094 = EDGE_CURVE ( 'NONE', #474, #291, #125, .T. ) ;
#1095 = DATE_TIME_ROLE ( 'classification_date' ) ;
#1096 = FACE_OUTER_BOUND ( 'NONE', #1201, .T. ) ;
#1097 = LINE ( 'NONE', #179, #127 ) ;
#1098 = AXIS2_PLACEMENT_3D ( 'NONE', #1677, #882, #251 ) ;
#1099 = ORIENTED_EDGE ( 'NONE', *, *, #537, .T. ) ;
#1100 = CARTESIAN_POINT ( 'NONE',  ( -11.23566817407099805, -6.299999999999999822, -10.00000000000000000 ) ) ;
#1101 = VECTOR ( 'NONE', #314, 1000.000000000000000 ) ;
#1102 = VECTOR ( 'NONE', #221, 1000.000000000000000 ) ;
#1103 = VERTEX_POINT ( 'NONE', #1501 ) ;
#1104 = FACE_BOUND ( 'NONE', #396, .T. ) ;
#1105 = CONICAL_SURFACE ( 'NONE', #610, 4.000000000000000888, 0.7853981633974500554 ) ;
#1106 = EDGE_CURVE ( 'NONE', #91, #980, #340, .T. ) ;
#1107 = DIRECTION ( 'NONE',  ( -1.000000000000000000, 2.325625516649022909E-16, 0.000000000000000000 ) ) ;
#1108 = DIRECTION ( 'NONE',  ( 0.7660444431189805670, 0.000000000000000000, 0.6427876096865364763 ) ) ;
#1109 = ORIENTED_EDGE ( 'NONE', *, *, #842, .F. ) ;
#1110 = CARTESIAN_POINT ( 'NONE',  ( -28.50000000000000000, -11.50000000000000000, 3.249999999999999556 ) ) ;
#1111 = ORIENTED_EDGE ( 'NONE', *, *, #1343, .T. ) ;
#1112 = DIRECTION ( 'NONE',  ( 1.000000000000000000, 0.000000000000000000, 0.000000000000000000 ) ) ;
#1113 = VERTEX_POINT ( 'NONE', #731 ) ;
#1114 = LINE ( 'NONE', #67, #659 ) ;
#1115 = DIRECTION ( 'NONE',  ( -0.000000000000000000, -0.000000000000000000, 1.000000000000000000 ) ) ;
#1116 = EDGE_CURVE ( 'NONE', #1194, #1013, #1398, .T. ) ;
#1117 = ORIENTED_EDGE ( 'NONE', *, *, #110, .T. ) ;
#1118 = CYLINDRICAL_SURFACE ( 'NONE', #523, 4.000000000000000888 ) ;
#1119 = VERTEX_POINT ( 'NONE', #273 ) ;
#1120 = DIRECTION ( 'NONE',  ( 0.000000000000000000, -0.000000000000000000, -1.000000000000000000 ) ) ;
#1121 = ORIENTED_EDGE ( 'NONE', *, *, #1116, .F. ) ;
#1122 = DIRECTION ( 'NONE',  ( -0.000000000000000000, 1.000000000000000000, 0.000000000000000000 ) ) ;
#1123 = FACE_OUTER_BOUND ( 'NONE', #105, .T. ) ;
#1124 = FACE_OUTER_BOUND ( 'NONE', #1497, .T. ) ;
#1125 = APPROVAL_PERSON_ORGANIZATION ( #1189, #84, #938 ) ;
#1126 = EDGE_LOOP ( 'NONE', ( #1662, #242, #1681, #918, #329, #75 ) ) ;
#1127 = VECTOR ( 'NONE', #1595, 1000.000000000000000 ) ;
#1128 = DIRECTION ( 'NONE',  ( -0.8660254037844385966, -0.4999999999999999445, 0.000000000000000000 ) ) ;
#1129 = CIRCLE ( 'NONE', #635, 4.250000000000000000 ) ;
#1130 = EDGE_LOOP ( 'NONE', ( #901, #1164 ) ) ;
#1131 = AXIS2_PLACEMENT_3D ( 'NONE', #762, #1298, #1425 ) ;
#1132 = LOCAL_TIME ( 10, 20, 44.00000000000000000, #538 ) ;
#1133 = DIRECTION ( 'NONE',  ( 1.000000000000000000, 0.000000000000000000, 0.000000000000000000 ) ) ;
#1134 = CARTESIAN_POINT ( 'NONE',  ( -15.74915545207641898, -8.300000000000023803, 0.000000000000000000 ) ) ;
#1135 = CARTESIAN_POINT ( 'NONE',  ( -4.250000000000000000, 5.204748896376249713E-16, 15.00000000000000000 ) ) ;
#1136 = ADVANCED_FACE ( 'NONE', ( #532 ), #793, .F. ) ;
#1137 = VERTEX_POINT ( 'NONE', #1182 ) ;
#1138 = CARTESIAN_POINT ( 'NONE',  ( -30.50000000000000000, -11.50000000000000000, 15.00000000000000000 ) ) ;
#1139 = ORIENTED_EDGE ( 'NONE', *, *, #1469, .T. ) ;
#1140 = FACE_OUTER_BOUND ( 'NONE', #1531, .T. ) ;
#1141 = ORIENTED_EDGE ( 'NONE', *, *, #129, .F. ) ;
#1142 = CARTESIAN_POINT ( 'NONE',  ( 9.500705083233748738, 0.000000000000000000, -42.57225024484832687 ) ) ;
#1143 = ORIENTED_EDGE ( 'NONE', *, *, #545, .F. ) ;
#1144 = FACE_OUTER_BOUND ( 'NONE', #958, .T. ) ;
#1145 = APPROVAL ( #673, 'UNSPECIFIED' ) ;
#1146 = ORIENTED_EDGE ( 'NONE', *, *, #1216, .F. ) ;
#1147 = EDGE_CURVE ( 'NONE', #1006, #501, #1409, .T. ) ;
#1148 = DIRECTION ( 'NONE',  ( 0.000000000000000000, 0.000000000000000000, 1.000000000000000000 ) ) ;
#1149 = DIRECTION ( 'NONE',  ( -0.000000000000000000, -0.000000000000000000, 1.000000000000000000 ) ) ;
#1150 = DIRECTION ( 'NONE',  ( 1.000000000000000000, 0.000000000000000000, 0.000000000000000000 ) ) ;
#1151 = VERTEX_POINT ( 'NONE', #1547 ) ;
#1152 = CARTESIAN_POINT ( 'NONE',  ( -11.23566817407099983, 3.500000000000000000, 10.00000000000000000 ) ) ;
#1153 = VECTOR ( 'NONE', #682, 1000.000000000000000 ) ;
#1154 = AXIS2_PLACEMENT_3D ( 'NONE', #109, #1028, #1005 ) ;
#1155 = ORIENTED_EDGE ( 'NONE', *, *, #1516, .F. ) ;
#1156 = VECTOR ( 'NONE', #228, 1000.000000000000000 ) ;
#1157 = VECTOR ( 'NONE', #206, 1000.000000000000000 ) ;
#1158 = EDGE_CURVE ( 'NONE', #128, #782, #1539, .T. ) ;
#1159 = DIRECTION ( 'NONE',  ( -0.000000000000000000, -0.000000000000000000, 1.000000000000000000 ) ) ;
#1160 = FACE_OUTER_BOUND ( 'NONE', #926, .T. ) ;
#1161 = LINE ( 'NONE', #395, #1049 ) ;
#1162 = ORIENTED_EDGE ( 'NONE', *, *, #1207, .F. ) ;
#1163 = CARTESIAN_POINT ( 'NONE',  ( -8.826626887185025083, 3.514833548406802954, -11.70000000000000284 ) ) ;
#1164 = ORIENTED_EDGE ( 'NONE', *, *, #1292, .F. ) ;
#1165 = CARTESIAN_POINT ( 'NONE',  ( -28.50000000000000000, -7.700000000000000178, 2.250000000000000444 ) ) ;
#1166 = LINE ( 'NONE', #907, #741 ) ;
#1167 = DIRECTION ( 'NONE',  ( 0.000000000000000000, -1.000000000000000000, 0.000000000000000000 ) ) ;
#1168 = EDGE_CURVE ( 'NONE', #782, #1006, #637, .T. ) ;
#1169 = ORIENTED_EDGE ( 'NONE', *, *, #884, .F. ) ;
#1170 = CARTESIAN_POINT ( 'NONE',  ( -30.50000000000000000, -6.299999999999999822, -3.250000000000000444 ) ) ;
#1171 = ORIENTED_EDGE ( 'NONE', *, *, #615, .T. ) ;
#1172 = DIRECTION ( 'NONE',  ( 1.000000000000000000, 0.000000000000000000, 0.000000000000000000 ) ) ;
#1173 = DIRECTION ( 'NONE',  ( -0.000000000000000000, -0.000000000000000000, 1.000000000000000000 ) ) ;
#1174 = DIRECTION ( 'NONE',  ( -0.000000000000000000, 1.000000000000000000, -0.000000000000000000 ) ) ;
#1175 = ORIENTED_EDGE ( 'NONE', *, *, #118, .T. ) ;
#1176 = ADVANCED_FACE ( 'NONE', ( #924 ), #1105, .F. ) ;
#1177 = CARTESIAN_POINT ( 'NONE',  ( -13.50000000000001776, 3.500000000000000000, 11.90000000000000036 ) ) ;
#1178 = VERTEX_POINT ( 'NONE', #771 ) ;
#1179 = LINE ( 'NONE', #768, #339 ) ;
#1180 = VECTOR ( 'NONE', #1687, 1000.000000000000000 ) ;
#1181 = DIRECTION ( 'NONE',  ( 1.000000000000000000, 0.000000000000000000, -0.000000000000000000 ) ) ;
#1182 = CARTESIAN_POINT ( 'NONE',  ( -22.50000000000000000, -11.50000000000000000, -11.90000000000000036 ) ) ;
#1183 = CIRCLE ( 'NONE', #1373, 4.250000000000000000 ) ;
#1184 = PRODUCT_DEFINITION_FORMATION_WITH_SPECIFIED_SOURCE ( 'ANY', '', #560, .NOT_KNOWN. ) ;
#1185 = ORIENTED_EDGE ( 'NONE', *, *, #1147, .T. ) ;
#1186 = CARTESIAN_POINT ( 'NONE',  ( -8.826626887185025083, 3.514833548406802954, 11.70000000000000284 ) ) ;
#1187 = EDGE_CURVE ( 'NONE', #456, #1638, #992, .T. ) ;
#1188 = ORIENTED_EDGE ( 'NONE', *, *, #1085, .T. ) ;
#1189 = PERSON_AND_ORGANIZATION ( #281, #258 ) ;
#1190 = DIRECTION ( 'NONE',  ( 0.000000000000000000, 0.000000000000000000, -1.000000000000000000 ) ) ;
#1191 = FACE_OUTER_BOUND ( 'NONE', #561, .T. ) ;
#1192 = ORIENTED_EDGE ( 'NONE', *, *, #642, .T. ) ;
#1193 = CARTESIAN_POINT ( 'NONE',  ( -10.09950493836207208, 5.499999999999969802, 11.90000000000000036 ) ) ;
#1194 = VERTEX_POINT ( 'NONE', #132 ) ;
#1195 = CARTESIAN_POINT ( 'NONE',  ( -2.193741096848030647, -11.50000000000000000, -11.70000000000000284 ) ) ;
#1196 = PLANE ( 'NONE',  #387 ) ;
#1197 = FACE_OUTER_BOUND ( 'NONE', #1313, .T. ) ;
#1198 = VERTEX_POINT ( 'NONE', #668 ) ;
#1199 = DIRECTION ( 'NONE',  ( 0.000000000000000000, 0.000000000000000000, -1.000000000000000000 ) ) ;
#1200 = ORIENTED_EDGE ( 'NONE', *, *, #583, .F. ) ;
#1201 = EDGE_LOOP ( 'NONE', ( #1146, #527, #24, #698 ) ) ;
#1202 = ADVANCED_FACE ( 'NONE', ( #1191 ), #262, .F. ) ;
#1203 = VECTOR ( 'NONE', #1672, 1000.000000000000000 ) ;
#1204 = LINE ( 'NONE', #1344, #277 ) ;
#1205 = CARTESIAN_POINT ( 'NONE',  ( -2.193741096848040417, -11.50000000000000000, 11.70000000000000284 ) ) ;
#1206 = AXIS2_PLACEMENT_3D ( 'NONE', #959, #312, #1487 ) ;
#1207 = EDGE_CURVE ( 'NONE', #617, #1229, #139, .T. ) ;
#1208 = ORIENTED_EDGE ( 'NONE', *, *, #1676, .F. ) ;
#1209 = VECTOR ( 'NONE', #3, 1000.000000000000000 ) ;
#1210 = CARTESIAN_POINT ( 'NONE',  ( 0.000000000000000000, 9.540979117872439019E-15, -10.00000000000000000 ) ) ;
#1211 = LOCAL_TIME ( 10, 20, 44.00000000000000000, #47 ) ;
#1212 = ORIENTED_EDGE ( 'NONE', *, *, #1657, .T. ) ;
#1213 = DIRECTION ( 'NONE',  ( -4.077341503364289252E-16, 0.000000000000000000, 1.000000000000000000 ) ) ;
#1214 = LINE ( 'NONE', #1603, #1153 ) ;
#1215 = LINE ( 'NONE', #1354, #1269 ) ;
#1216 = EDGE_CURVE ( 'NONE', #1151, #427, #1161, .T. ) ;
#1217 = ORIENTED_EDGE ( 'NONE', *, *, #704, .F. ) ;
#1218 = CARTESIAN_POINT ( 'NONE',  ( -18.82908965343831298, 2.160254037844220321, -14.00000000000000000 ) ) ;
#1219 = ADVANCED_FACE ( 'NONE', ( #897 ), #650, .T. ) ;
#1220 = VERTEX_POINT ( 'NONE', #1572 ) ;
#1221 = CYLINDRICAL_SURFACE ( 'NONE', #632, 1.999999999999970468 ) ;
#1222 = DIRECTION ( 'NONE',  ( 8.659560562354948882E-17, 0.7071067811865463515, -0.7071067811865487940 ) ) ;
#1223 = LINE ( 'NONE', #831, #691 ) ;
#1224 = EDGE_LOOP ( 'NONE', ( #193, #1306, #145, #1522, #164, #1592, #937, #606, #161, #163, #860, #19 ) ) ;
#1225 = LINE ( 'NONE', #1100, #744 ) ;
#1226 = EDGE_CURVE ( 'NONE', #232, #630, #99, .T. ) ;
#1227 = ORIENTED_EDGE ( 'NONE', *, *, #4, .F. ) ;
#1228 = DIRECTION ( 'NONE',  ( 0.000000000000000000, 0.000000000000000000, 1.000000000000000000 ) ) ;
#1229 = VERTEX_POINT ( 'NONE', #658 ) ;
#1230 = DIRECTION ( 'NONE',  ( -1.000000000000000000, 0.000000000000000000, 0.000000000000000000 ) ) ;
#1231 = AXIS2_PLACEMENT_3D ( 'NONE', #969, #1002, #995 ) ;
#1232 = DIRECTION ( 'NONE',  ( -1.000000000000000000, 0.000000000000000000, 0.000000000000000000 ) ) ;
#1233 = AXIS2_PLACEMENT_3D ( 'NONE', #1070, #1586, #674 ) ;
#1234 = ORIENTED_EDGE ( 'NONE', *, *, #1588, .T. ) ;
#1235 = CARTESIAN_POINT ( 'NONE',  ( -16.50858157774925417, 3.500000000000000000, -11.90000000000000036 ) ) ;
#1236 = AXIS2_PLACEMENT_3D ( 'NONE', #1574, #1427, #404 ) ;
#1237 = ORIENTED_EDGE ( 'NONE', *, *, #1461, .F. ) ;
#1238 = DIRECTION ( 'NONE',  ( -1.000000000000000000, 0.000000000000000000, 0.000000000000000000 ) ) ;
#1239 = AXIS2_PLACEMENT_3D ( 'NONE', #1491, #1122, #469 ) ;
#1240 = APPROVAL ( #424, 'UNSPECIFIED' ) ;
#1241 = ORIENTED_EDGE ( 'NONE', *, *, #526, .T. ) ;
#1242 = SHAPE_DEFINITION_REPRESENTATION ( #1026, #808 ) ;
#1243 = ADVANCED_FACE ( 'NONE', ( #16, #1554 ), #1032, .F. ) ;
#1244 = LINE ( 'NONE', #1490, #715 ) ;
#1245 = CARTESIAN_POINT ( 'NONE',  ( -30.50000000000000000, -6.310000000001028120, 15.00000000000000000 ) ) ;
#1246 = LINE ( 'NONE', #1500, #465 ) ;
#1247 = LINE ( 'NONE', #1394, #1156 ) ;
#1248 = ORIENTED_EDGE ( 'NONE', *, *, #493, .T. ) ;
#1249 = DIRECTION ( 'NONE',  ( 0.000000000000000000, -0.000000000000000000, -1.000000000000000000 ) ) ;
#1250 = ORIENTED_EDGE ( 'NONE', *, *, #1326, .T. ) ;
#1251 = EDGE_CURVE ( 'NONE', #1543, #1441, #385, .T. ) ;
#1252 = PLANE ( 'NONE',  #1239 ) ;
#1253 = ORIENTED_EDGE ( 'NONE', *, *, #192, .T. ) ;
#1254 = DIRECTION ( 'NONE',  ( 0.000000000000000000, 0.000000000000000000, 1.000000000000000000 ) ) ;
#1255 = ORIENTED_EDGE ( 'NONE', *, *, #1591, .F. ) ;
#1256 = CARTESIAN_POINT ( 'NONE',  ( -18.82908965343830943, 2.160254037844221209, 15.00000000000000000 ) ) ;
#1257 = ORIENTED_EDGE ( 'NONE', *, *, #61, .T. ) ;
#1258 = CARTESIAN_POINT ( 'NONE',  ( -9.856370902347213914, 3.514833548406802954, -10.00000000000000178 ) ) ;
#1259 = EDGE_CURVE ( 'NONE', #703, #1004, #1422, .T. ) ;
#1260 = MANIFOLD_SOLID_BREP ( 'Saliente-Extruir21', #120 ) ;
#1261 = DIRECTION ( 'NONE',  ( -1.000000000000000000, -0.000000000000000000, -0.000000000000000000 ) ) ;
#1262 = DIRECTION ( 'NONE',  ( -0.000000000000000000, -0.000000000000000000, 1.000000000000000000 ) ) ;
#1263 = EDGE_CURVE ( 'NONE', #1103, #1419, #1057, .T. ) ;
#1264 = ORIENTED_EDGE ( 'NONE', *, *, #1648, .F. ) ;
#1265 = VECTOR ( 'NONE', #1649, 1000.000000000000000 ) ;
#1266 = CARTESIAN_POINT ( 'NONE',  ( -30.50000000000000000, -9.500000000000000000, 14.00000000000000000 ) ) ;
#1267 = AXIS2_PLACEMENT_3D ( 'NONE', #498, #749, #883 ) ;
#1268 = EDGE_LOOP ( 'NONE', ( #1517, #34, #991, #1169 ) ) ;
#1269 = VECTOR ( 'NONE', #1464, 1000.000000000000000 ) ;
#1270 = AXIS2_PLACEMENT_3D ( 'NONE', #400, #1544, #921 ) ;
#1271 = FACE_OUTER_BOUND ( 'NONE', #1126, .T. ) ;
#1272 = ORIENTED_EDGE ( 'NONE', *, *, #728, .F. ) ;
#1273 = ADVANCED_FACE ( 'NONE', ( #1197 ), #284, .T. ) ;
#1274 = CARTESIAN_POINT ( 'NONE',  ( -30.50000000000000000, -6.310000000001028120, 14.00000000000000000 ) ) ;
#1275 = ORIENTED_EDGE ( 'NONE', *, *, #507, .T. ) ;
#1276 = EDGE_CURVE ( 'NONE', #1006, #727, #1223, .T. ) ;
#1277 = CARTESIAN_POINT ( 'NONE',  ( -4.250000000000000000, 5.204748896376249713E-16, 11.70000000000000284 ) ) ;
#1278 = EDGE_LOOP ( 'NONE', ( #1200, #997, #1457, #43 ) ) ;
#1279 = CYLINDRICAL_SURFACE ( 'NONE', #207, 9.750000000000000000 ) ;
#1280 = PLANE ( 'NONE',  #605 ) ;
#1281 = ORIENTED_EDGE ( 'NONE', *, *, #695, .T. ) ;
#1282 = CARTESIAN_POINT ( 'NONE',  ( -30.50000000000000000, -6.310000000001025455, -15.00000000000000000 ) ) ;
#1283 = EDGE_CURVE ( 'NONE', #1198, #522, #880, .T. ) ;
#1284 = EDGE_LOOP ( 'NONE', ( #1435, #1356, #1647, #1208 ) ) ;
#1285 = DIRECTION ( 'NONE',  ( -1.000000000000000000, 0.000000000000000000, 0.000000000000000000 ) ) ;
#1286 = DIRECTION ( 'NONE',  ( 0.8660254037844387076, 0.4999999999999998335, 0.000000000000000000 ) ) ;
#1287 = CARTESIAN_POINT ( 'NONE',  ( -15.74915545207641898, -11.50000000000000000, 0.000000000000000000 ) ) ;
#1288 = ORIENTED_EDGE ( 'NONE', *, *, #1312, .T. ) ;
#1289 = VECTOR ( 'NONE', #2, 1000.000000000000000 ) ;
#1290 = VECTOR ( 'NONE', #1523, 1000.000000000000000 ) ;
#1291 = ORIENTED_EDGE ( 'NONE', *, *, #1334, .F. ) ;
#1292 = EDGE_CURVE ( 'NONE', #765, #763, #1183, .T. ) ;
#1293 = CIRCLE ( 'NONE', #608, 10.00000000000123990 ) ;
#1294 = AXIS2_PLACEMENT_3D ( 'NONE', #675, #1510, #729 ) ;
#1295 = EDGE_CURVE ( 'NONE', #1451, #275, #1536, .T. ) ;
#1296 = DIRECTION ( 'NONE',  ( 1.000000000000000000, 0.000000000000000000, 0.000000000000000000 ) ) ;
#1297 = CARTESIAN_POINT ( 'NONE',  ( 0.000000000000000000, 0.000000000000000000, 11.70000000000000284 ) ) ;
#1298 = DIRECTION ( 'NONE',  ( -0.000000000000000000, -0.000000000000000000, 1.000000000000000000 ) ) ;
#1299 = VERTEX_POINT ( 'NONE', #1345 ) ;
#1300 = DIRECTION ( 'NONE',  ( -1.000000000000000000, 0.000000000000000000, 0.000000000000000000 ) ) ;
#1301 = ORIENTED_EDGE ( 'NONE', *, *, #54, .F. ) ;
#1302 = CARTESIAN_POINT ( 'NONE',  ( -15.74915545207641898, -11.50000000000000000, 0.000000000000000000 ) ) ;
#1303 = EDGE_CURVE ( 'NONE', #1674, #463, #931, .T. ) ;
#1304 = DIRECTION ( 'NONE',  ( -0.000000000000000000, -0.000000000000000000, 1.000000000000000000 ) ) ;
#1305 = CARTESIAN_POINT ( 'NONE',  ( -11.23566817407099983, 3.500000000000000000, 10.00000000000000000 ) ) ;
#1306 = ORIENTED_EDGE ( 'NONE', *, *, #1251, .F. ) ;
#1307 = DIRECTION ( 'NONE',  ( 0.000000000000000000, 0.000000000000000000, -1.000000000000000000 ) ) ;
#1308 = ORIENTED_EDGE ( 'NONE', *, *, #165, .T. ) ;
#1309 = FACE_BOUND ( 'NONE', #1488, .T. ) ;
#1310 = CARTESIAN_POINT ( 'NONE',  ( -13.82908965343769303, -6.500000000001240785, -11.90000000000000036 ) ) ;
#1311 = DIRECTION ( 'NONE',  ( 0.000000000000000000, -0.000000000000000000, -1.000000000000000000 ) ) ;
#1312 = EDGE_CURVE ( 'NONE', #630, #456, #1097, .T. ) ;
#1313 = EDGE_LOOP ( 'NONE', ( #1393, #1560, #216, #1143 ) ) ;
#1314 = DIRECTION ( 'NONE',  ( -0.000000000000000000, 1.000000000000000000, -0.000000000000000000 ) ) ;
#1315 = ADVANCED_FACE ( 'NONE', ( #1474 ), #694, .F. ) ;
#1316 = ORIENTED_EDGE ( 'NONE', *, *, #1365, .T. ) ;
#1317 = VECTOR ( 'NONE', #1173, 1000.000000000000000 ) ;
#1318 = AXIS2_PLACEMENT_3D ( 'NONE', #15, #283, #159 ) ;
#1319 = DIRECTION ( 'NONE',  ( 0.000000000000000000, 0.000000000000000000, 1.000000000000000000 ) ) ;
#1320 = AXIS2_PLACEMENT_3D ( 'NONE', #488, #1654, #480 ) ;
#1321 = DIRECTION ( 'NONE',  ( 0.000000000000000000, 1.000000000000000000, 0.000000000000000000 ) ) ;
#1322 = DIRECTION ( 'NONE',  ( 0.000000000000000000, -1.000000000000000000, 0.000000000000000000 ) ) ;
#1323 = AXIS2_PLACEMENT_3D ( 'NONE', #558, #948, #58 ) ;
#1324 = ORIENTED_EDGE ( 'NONE', *, *, #1168, .F. ) ;
#1325 = CARTESIAN_POINT ( 'NONE',  ( -4.250000000000000000, 5.204748896376249713E-16, -15.00000000000000000 ) ) ;
#1326 = EDGE_CURVE ( 'NONE', #291, #1013, #1215, .T. ) ;
#1327 = ORIENTED_EDGE ( 'NONE', *, *, #1508, .T. ) ;
#1328 = PERSON_AND_ORGANIZATION_ROLE ( 'design_supplier' ) ;
#1329 = FACE_OUTER_BOUND ( 'NONE', #73, .T. ) ;
#1330 = DIRECTION ( 'NONE',  ( 0.000000000000000000, 0.000000000000000000, 1.000000000000000000 ) ) ;
#1331 = VERTEX_POINT ( 'NONE', #811 ) ;
#1332 = CARTESIAN_POINT ( 'NONE',  ( 0.1157457497430641608, -11.50000000000000000, 15.00000000000000000 ) ) ;
#1333 = ORIENTED_EDGE ( 'NONE', *, *, #1187, .F. ) ;
#1334 = EDGE_CURVE ( 'NONE', #1178, #1686, #803, .T. ) ;
#1335 = CARTESIAN_POINT ( 'NONE',  ( -22.50000000000000000, -11.50000000000000000, 11.90000000000000036 ) ) ;
#1336 = LINE ( 'NONE', #940, #231 ) ;
#1337 = ORIENTED_EDGE ( 'NONE', *, *, #975, .F. ) ;
#1338 = DIRECTION ( 'NONE',  ( 0.000000000000000000, 0.000000000000000000, -1.000000000000000000 ) ) ;
#1339 = ORIENTED_EDGE ( 'NONE', *, *, #330, .T. ) ;
#1340 = CARTESIAN_POINT ( 'NONE',  ( 0.000000000000000000, 0.000000000000000000, 3.249999999999999556 ) ) ;
#1341 = VECTOR ( 'NONE', #916, 1000.000000000000000 ) ;
#1342 = LOCAL_TIME ( 10, 20, 44.00000000000000000, #1584 ) ;
#1343 = EDGE_CURVE ( 'NONE', #1299, #1404, #150, .T. ) ;
#1344 = CARTESIAN_POINT ( 'NONE',  ( -30.50000000000000000, -8.699999999999999289, -3.250000000000000444 ) ) ;
#1345 = CARTESIAN_POINT ( 'NONE',  ( -10.09950493836207208, 3.500000000000000000, 10.00000000000000000 ) ) ;
#1346 = AXIS2_PLACEMENT_3D ( 'NONE', #1661, #984, #1012 ) ;
#1347 = ORIENTED_EDGE ( 'NONE', *, *, #507, .F. ) ;
#1348 = VECTOR ( 'NONE', #644, 999.9999999999998863 ) ;
#1349 = DIRECTION ( 'NONE',  ( 0.000000000000000000, 0.000000000000000000, -1.000000000000000000 ) ) ;
#1350 = AXIS2_PLACEMENT_3D ( 'NONE', #1498, #1666, #1296 ) ;
#1351 = VERTEX_POINT ( 'NONE', #290 ) ;
#1352 = CARTESIAN_POINT ( 'NONE',  ( -27.49999999999828049, -6.310000000001028120, 11.90000000000000036 ) ) ;
#1353 = CARTESIAN_POINT ( 'NONE',  ( 0.000000000000000000, 3.514833548406802954, 11.70000000000000284 ) ) ;
#1354 = CARTESIAN_POINT ( 'NONE',  ( -2.193741096848030203, -9.500000000000000000, -39.27716446627535163 ) ) ;
#1355 = EDGE_CURVE ( 'NONE', #422, #795, #1336, .T. ) ;
#1356 = ORIENTED_EDGE ( 'NONE', *, *, #1054, .F. ) ;
#1357 = DIRECTION ( 'NONE',  ( 0.000000000000000000, 0.000000000000000000, 1.000000000000000000 ) ) ;
#1358 = ORIENTED_EDGE ( 'NONE', *, *, #1591, .T. ) ;
#1359 = DIRECTION ( 'NONE',  ( 0.000000000000000000, -1.000000000000000000, 0.000000000000000000 ) ) ;
#1360 = CARTESIAN_POINT ( 'NONE',  ( -30.50000000000000000, -11.50000000000000000, -11.90000000000000036 ) ) ;
#1361 = DIRECTION ( 'NONE',  ( -1.000000000000000000, 0.000000000000000000, -0.000000000000000000 ) ) ;
#1362 = DIRECTION ( 'NONE',  ( -1.000000000000000000, 0.000000000000000000, 0.000000000000000000 ) ) ;
#1363 = CARTESIAN_POINT ( 'NONE',  ( 0.000000000000000000, 0.000000000000000000, -15.00000000000000000 ) ) ;
#1364 = ORIENTED_EDGE ( 'NONE', *, *, #1633, .F. ) ;
#1365 = EDGE_CURVE ( 'NONE', #516, #1674, #968, .T. ) ;
#1366 = DIRECTION ( 'NONE',  ( 0.000000000000000000, 0.000000000000000000, -1.000000000000000000 ) ) ;
#1367 = DIRECTION ( 'NONE',  ( -0.000000000000000000, -0.000000000000000000, 1.000000000000000000 ) ) ;
#1368 = CARTESIAN_POINT ( 'NONE',  ( -16.50858157774925417, -6.299999999999999822, -11.90000000000000036 ) ) ;
#1369 = VECTOR ( 'NONE', #557, 1000.000000000000000 ) ;
#1370 = DIRECTION ( 'NONE',  ( -1.000000000000000000, 0.000000000000000000, 0.000000000000000000 ) ) ;
#1371 = CARTESIAN_POINT ( 'NONE',  ( 9.500705083233748738, 0.000000000000000000, 11.70000000000000284 ) ) ;
#1372 = VECTOR ( 'NONE', #595, 1000.000000000000000 ) ;
#1373 = AXIS2_PLACEMENT_3D ( 'NONE', #31, #41, #547 ) ;
#1374 = EDGE_LOOP ( 'NONE', ( #293, #1212, #311, #1567 ) ) ;
#1375 = DIRECTION ( 'NONE',  ( 0.000000000000000000, 0.000000000000000000, 1.000000000000000000 ) ) ;
#1376 = AXIS2_PLACEMENT_3D ( 'NONE', #656, #1407, #1172 ) ;
#1377 = ADVANCED_FACE ( 'NONE', ( #683 ), #1080, .T. ) ;
#1378 = ORIENTED_EDGE ( 'NONE', *, *, #1469, .F. ) ;
#1379 = FACE_OUTER_BOUND ( 'NONE', #776, .T. ) ;
#1380 = VERTEX_POINT ( 'NONE', #309 ) ;
#1381 = CARTESIAN_POINT ( 'NONE',  ( -9.856370902347212137, 3.514833548406802954, -15.00000000000000000 ) ) ;
#1382 = EDGE_LOOP ( 'NONE', ( #419, #1333, #1275, #1272 ) ) ;
#1383 = LINE ( 'NONE', #1256, #552 ) ;
#1384 = ORIENTED_EDGE ( 'NONE', *, *, #779, .F. ) ;
#1385 = ADVANCED_FACE ( 'NONE', ( #188 ), #702, .T. ) ;
#1386 = CARTESIAN_POINT ( 'NONE',  ( -10.09950493836207208, 3.500000000000000000, -10.00000000000000000 ) ) ;
#1387 = DIRECTION ( 'NONE',  ( -1.000000000000000000, 0.000000000000000000, 0.000000000000000000 ) ) ;
#1388 = DIRECTION ( 'NONE',  ( 0.000000000000000000, 0.000000000000000000, -1.000000000000000000 ) ) ;
#1389 = VERTEX_POINT ( 'NONE', #710 ) ;
#1390 = FACE_OUTER_BOUND ( 'NONE', #1486, .T. ) ;
#1391 = ORIENTED_EDGE ( 'NONE', *, *, #829, .F. ) ;
#1392 = FACE_OUTER_BOUND ( 'NONE', #1655, .T. ) ;
#1393 = ORIENTED_EDGE ( 'NONE', *, *, #1085, .F. ) ;
#1394 = CARTESIAN_POINT ( 'NONE',  ( 0.000000000000000000, -6.299999999999999822, -10.00000000000000000 ) ) ;
#1395 = ORIENTED_EDGE ( 'NONE', *, *, #563, .T. ) ;
#1396 = AXIS2_PLACEMENT_3D ( 'NONE', #308, #1062, #417 ) ;
#1397 = PLANE ( 'NONE',  #687 ) ;
#1398 = CIRCLE ( 'NONE', #796, 9.750000000000000000 ) ;
#1399 = ORIENTED_EDGE ( 'NONE', *, *, #1665, .T. ) ;
#1400 = VECTOR ( 'NONE', #196, 1000.000000000000114 ) ;
#1401 = DIRECTION ( 'NONE',  ( 1.000000000000000000, 0.000000000000000000, 0.000000000000000000 ) ) ;
#1402 = LINE ( 'NONE', #1546, #902 ) ;
#1403 = DIRECTION ( 'NONE',  ( -0.000000000000000000, -0.000000000000000000, 1.000000000000000000 ) ) ;
#1404 = VERTEX_POINT ( 'NONE', #1063 ) ;
#1405 = DIRECTION ( 'NONE',  ( 0.000000000000000000, -1.000000000000000000, 0.000000000000000000 ) ) ;
#1406 = ORIENTED_EDGE ( 'NONE', *, *, #230, .F. ) ;
#1407 = DIRECTION ( 'NONE',  ( 0.000000000000000000, 0.000000000000000000, 1.000000000000000000 ) ) ;
#1408 = CYLINDRICAL_SURFACE ( 'NONE', #1471, 4.250000000000000000 ) ;
#1409 = LINE ( 'NONE', #153, #1562 ) ;
#1410 = ORIENTED_EDGE ( 'NONE', *, *, #871, .F. ) ;
#1411 = CARTESIAN_POINT ( 'NONE',  ( -11.23566817407099805, 3.500000000000000000, -11.90000000000000036 ) ) ;
#1412 = ADVANCED_FACE ( 'NONE', ( #1578 ), #160, .F. ) ;
#1413 = ORIENTED_EDGE ( 'NONE', *, *, #1106, .F. ) ;
#1414 = DIRECTION ( 'NONE',  ( 0.000000000000000000, 1.000000000000000000, -0.000000000000000000 ) ) ;
#1415 = FACE_OUTER_BOUND ( 'NONE', #894, .T. ) ;
#1416 = CARTESIAN_POINT ( 'NONE',  ( -15.74915545207641898, -8.300000000000023803, 0.000000000000000000 ) ) ;
#1417 = ORIENTED_EDGE ( 'NONE', *, *, #1226, .T. ) ;
#1418 = VECTOR ( 'NONE', #1362, 1000.000000000000000 ) ;
#1419 = VERTEX_POINT ( 'NONE', #754 ) ;
#1420 = VECTOR ( 'NONE', #162, 1000.000000000000000 ) ;
#1421 = ADVANCED_FACE ( 'NONE', ( #1140 ), #1640, .F. ) ;
#1422 = CIRCLE ( 'NONE', #584, 9.500705083233748738 ) ;
#1423 = LINE ( 'NONE', #1675, #500 ) ;
#1424 = CARTESIAN_POINT ( 'NONE',  ( 0.1157457497430641608, -11.50000000000000000, -13.99999999999999822 ) ) ;
#1425 = DIRECTION ( 'NONE',  ( 1.000000000000000000, 0.000000000000000000, 0.000000000000000000 ) ) ;
#1426 = ORIENTED_EDGE ( 'NONE', *, *, #583, .T. ) ;
#1427 = DIRECTION ( 'NONE',  ( -0.000000000000000000, -1.000000000000000000, 0.000000000000000000 ) ) ;
#1428 = VERTEX_POINT ( 'NONE', #213 ) ;
#1429 = EDGE_CURVE ( 'NONE', #1113, #202, #865, .T. ) ;
#1430 = DIRECTION ( 'NONE',  ( 0.000000000000000000, 0.000000000000000000, -1.000000000000000000 ) ) ;
#1431 = ADVANCED_FACE ( 'NONE', ( #1379 ), #219, .F. ) ;
#1432 = CARTESIAN_POINT ( 'NONE',  ( 0.000000000000000000, 0.000000000000000000, -26.02081528017131262 ) ) ;
#1433 = DIRECTION ( 'NONE',  ( 0.000000000000000000, 0.000000000000000000, -1.000000000000000000 ) ) ;
#1434 = ORIENTED_EDGE ( 'NONE', *, *, #352, .T. ) ;
#1435 = ORIENTED_EDGE ( 'NONE', *, *, #1009, .F. ) ;
#1436 = CARTESIAN_POINT ( 'NONE',  ( 0.000000000000000000, 0.000000000000000000, 15.00000000000000000 ) ) ;
#1437 = CC_DESIGN_PERSON_AND_ORGANIZATION_ASSIGNMENT ( #151, #1328, ( #1184 ) ) ;
#1438 = DIRECTION ( 'NONE',  ( 1.000000000000000000, -1.162812758324510715E-16, 0.000000000000000000 ) ) ;
#1439 = DIRECTION ( 'NONE',  ( -1.000000000000000000, 0.000000000000000000, -0.000000000000000000 ) ) ;
#1440 = ADVANCED_FACE ( 'NONE', ( #1271 ), #1252, .T. ) ;
#1441 = VERTEX_POINT ( 'NONE', #618 ) ;
#1442 = DIRECTION ( 'NONE',  ( -1.000000000000000000, 0.000000000000000000, 0.000000000000000000 ) ) ;
#1443 = ORIENTED_EDGE ( 'NONE', *, *, #1295, .T. ) ;
#1444 = VECTOR ( 'NONE', #244, 1000.000000000000000 ) ;
#1445 = CIRCLE ( 'NONE', #468, 1.999999999999970468 ) ;
#1446 = DATE_AND_TIME ( #432, #1558 ) ;
#1447 = VECTOR ( 'NONE', #908, 1000.000000000000000 ) ;
#1448 = DIRECTION ( 'NONE',  ( 1.000000000000000000, 0.000000000000000000, 0.000000000000000000 ) ) ;
#1449 = DIRECTION ( 'NONE',  ( -0.000000000000000000, 1.000000000000000000, -0.000000000000000000 ) ) ;
#1450 = VECTOR ( 'NONE', #530, 1000.000000000000000 ) ;
#1451 = VERTEX_POINT ( 'NONE', #345 ) ;
#1452 = ADVANCED_FACE ( 'NONE', ( #235 ), #1279, .F. ) ;
#1453 = EDGE_LOOP ( 'NONE', ( #197, #621, #296, #1688 ) ) ;
#1454 = COORDINATED_UNIVERSAL_TIME_OFFSET ( 3, 0, .BEHIND. ) ;
#1455 = CARTESIAN_POINT ( 'NONE',  ( 0.000000000000000000, 0.000000000000000000, 15.00000000000000000 ) ) ;
#1456 = CARTESIAN_POINT ( 'NONE',  ( 0.000000000000000000, 0.000000000000000000, -11.70000000000000284 ) ) ;
#1457 = ORIENTED_EDGE ( 'NONE', *, *, #181, .T. ) ;
#1458 = CARTESIAN_POINT ( 'NONE',  ( -22.50000000000000000, -9.500000000000000000, 11.90000000000000036 ) ) ;
#1459 = VERTEX_POINT ( 'NONE', #1386 ) ;
#1460 = CARTESIAN_POINT ( 'NONE',  ( -16.50858157774924706, 3.500000000000000444, 11.90000000000000036 ) ) ;
#1461 = EDGE_CURVE ( 'NONE', #1220, #885, #325, .T. ) ;
#1462 =( NAMED_UNIT ( * ) PLANE_ANGLE_UNIT ( ) SI_UNIT ( $, .RADIAN. ) );
#1463 = CYLINDRICAL_SURFACE ( 'NONE', #494, 10.00000000000123990 ) ;
#1464 = DIRECTION ( 'NONE',  ( 0.000000000000000000, 0.000000000000000000, -1.000000000000000000 ) ) ;
#1465 = ORIENTED_EDGE ( 'NONE', *, *, #1685, .T. ) ;
#1466 = DIRECTION ( 'NONE',  ( 1.000000000000000000, 0.000000000000000000, 0.000000000000000000 ) ) ;
#1467 = VERTEX_POINT ( 'NONE', #1258 ) ;
#1468 = DIRECTION ( 'NONE',  ( 1.000000000000000000, 0.000000000000000000, 0.000000000000000000 ) ) ;
#1469 = EDGE_CURVE ( 'NONE', #727, #491, #1073, .T. ) ;
#1470 = APPROVAL_DATE_TIME ( #946, #84 ) ;
#1471 = AXIS2_PLACEMENT_3D ( 'NONE', #1432, #1149, #267 ) ;
#1472 = VECTOR ( 'NONE', #989, 1000.000000000000000 ) ;
#1473 = DIRECTION ( 'NONE',  ( 0.000000000000000000, 0.000000000000000000, 1.000000000000000000 ) ) ;
#1474 = FACE_OUTER_BOUND ( 'NONE', #435, .T. ) ;
#1475 = VECTOR ( 'NONE', #198, 1000.000000000000000 ) ;
#1476 = ORIENTED_EDGE ( 'NONE', *, *, #807, .T. ) ;
#1477 = AXIS2_PLACEMENT_3D ( 'NONE', #781, #540, #1311 ) ;
#1478 = PLANE ( 'NONE',  #1206 ) ;
#1479 = CIRCLE ( 'NONE', #1376, 3.000000000001719958 ) ;
#1480 = VERTEX_POINT ( 'NONE', #1625 ) ;
#1481 = FACE_OUTER_BOUND ( 'NONE', #53, .T. ) ;
#1482 = MECHANICAL_CONTEXT ( 'NONE', #1015, 'mechanical' ) ;
#1483 = EDGE_CURVE ( 'NONE', #1543, #422, #92, .T. ) ;
#1484 = PLANE ( 'NONE',  #1613 ) ;
#1485 = CARTESIAN_POINT ( 'NONE',  ( 0.000000000000000000, 0.000000000000000000, -3.250000000000000444 ) ) ;
#1486 = EDGE_LOOP ( 'NONE', ( #1658, #1155, #1188, #553 ) ) ;
#1487 = DIRECTION ( 'NONE',  ( 0.8660254037844387076, 0.4999999999999998890, 0.000000000000000000 ) ) ;
#1488 = EDGE_LOOP ( 'NONE', ( #270, #405 ) ) ;
#1489 = CARTESIAN_POINT ( 'NONE',  ( -15.74915545207641898, -6.299999999999999822, 6.000000000000031974 ) ) ;
#1490 = CARTESIAN_POINT ( 'NONE',  ( -28.50000000000000000, -11.50000000000000000, -3.250000000000000444 ) ) ;
#1491 = CARTESIAN_POINT ( 'NONE',  ( -9.894942484852640163, 3.500000000000000000, 11.90000000000000036 ) ) ;
#1492 = CARTESIAN_POINT ( 'NONE',  ( -8.826626887185025083, 3.514833548406802954, 15.00000000000000000 ) ) ;
#1493 = DIRECTION ( 'NONE',  ( 0.000000000000000000, 0.000000000000000000, 1.000000000000000000 ) ) ;
#1494 = ADVANCED_FACE ( 'NONE', ( #1001 ), #486, .F. ) ;
#1495 = ORIENTED_EDGE ( 'NONE', *, *, #462, .F. ) ;
#1496 = FACE_OUTER_BOUND ( 'NONE', #971, .T. ) ;
#1497 = EDGE_LOOP ( 'NONE', ( #1597, #1378, #1555, #1324, #81, #1111 ) ) ;
#1498 = CARTESIAN_POINT ( 'NONE',  ( -10.09950493836207208, 5.499999999999969802, 15.00000000000000000 ) ) ;
#1499 = VECTOR ( 'NONE', #616, 1000.000000000000000 ) ;
#1500 = CARTESIAN_POINT ( 'NONE',  ( -30.50000000000000000, -9.500000000000000000, 11.90000000000000036 ) ) ;
#1501 = CARTESIAN_POINT ( 'NONE',  ( -18.82908965343830943, 2.160254037844219432, 11.90000000000000036 ) ) ;
#1502 = VECTOR ( 'NONE', #783, 1000.000000000000000 ) ;
#1503 = AXIS2_PLACEMENT_3D ( 'NONE', #879, #1115, #1401 ) ;
#1504 = EDGE_CURVE ( 'NONE', #1113, #1651, #353, .T. ) ;
#1505 = ORIENTED_EDGE ( 'NONE', *, *, #140, .T. ) ;
#1506 = CARTESIAN_POINT ( 'NONE',  ( -28.99999999999913669, -3.711923788646219524, -11.90000000000000036 ) ) ;
#1507 = VECTOR ( 'NONE', #625, 1000.000000000000000 ) ;
#1508 = EDGE_CURVE ( 'NONE', #1686, #516, #857, .T. ) ;
#1509 = ORIENTED_EDGE ( 'NONE', *, *, #409, .T. ) ;
#1510 = DIRECTION ( 'NONE',  ( -0.000000000000000000, 1.000000000000000000, 0.000000000000000000 ) ) ;
#1511 = UNCERTAINTY_MEASURE_WITH_UNIT (LENGTH_MEASURE( 1.000000000000000082E-05 ), #176, 'distance_accuracy_value', 'NONE');
#1512 = ORIENTED_EDGE ( 'NONE', *, *, #983, .F. ) ;
#1513 = CARTESIAN_POINT ( 'NONE',  ( -10.09950493836207208, 3.500000000000000000, -11.70000000000000284 ) ) ;
#1514 = EDGE_LOOP ( 'NONE', ( #1058, #708, #1076, #1634, #603, #1291, #1281 ) ) ;
#1515 = LINE ( 'NONE', #1411, #1559 ) ;
#1516 = EDGE_CURVE ( 'NONE', #62, #617, #1526, .T. ) ;
#1517 = ORIENTED_EDGE ( 'NONE', *, *, #651, .F. ) ;
#1518 = ADVANCED_FACE ( 'NONE', ( #1392 ), #360, .T. ) ;
#1519 = CARTESIAN_POINT ( 'NONE',  ( 0.000000000000000000, 0.000000000000000000, 10.00000000000000178 ) ) ;
#1520 = FACE_OUTER_BOUND ( 'NONE', #774, .T. ) ;
#1521 = LINE ( 'NONE', #1274, #229 ) ;
#1522 = ORIENTED_EDGE ( 'NONE', *, *, #672, .F. ) ;
#1523 = DIRECTION ( 'NONE',  ( -0.000000000000000000, -0.000000000000000000, 1.000000000000000000 ) ) ;
#1524 = EDGE_LOOP ( 'NONE', ( #723, #246 ) ) ;
#1525 = EDGE_CURVE ( 'NONE', #111, #254, #337, .T. ) ;
#1526 = LINE ( 'NONE', #1245, #1585 ) ;
#1527 = VECTOR ( 'NONE', #840, 1000.000000000000000 ) ;
#1528 = LINE ( 'NONE', #1424, #1289 ) ;
#1529 = CARTESIAN_POINT ( 'NONE',  ( 0.000000000000000000, 0.000000000000000000, -42.57225024484832687 ) ) ;
#1530 = CIRCLE ( 'NONE', #65, 4.250000000000000000 ) ;
#1531 = EDGE_LOOP ( 'NONE', ( #1171, #1600, #982, #1628, #460, #949, #732, #962, #1541 ) ) ;
#1532 = VECTOR ( 'NONE', #1190, 1000.000000000000000 ) ;
#1533 = CARTESIAN_POINT ( 'NONE',  ( 0.000000000000000000, 3.514833548406802954, -11.70000000000000284 ) ) ;
#1534 = CIRCLE ( 'NONE', #69, 9.500705083233748738 ) ;
#1535 = ORIENTED_EDGE ( 'NONE', *, *, #1549, .T. ) ;
#1536 = CIRCLE ( 'NONE', #772, 10.00000000000123990 ) ;
#1537 = DIRECTION ( 'NONE',  ( 0.000000000000000000, 0.000000000000000000, 1.000000000000000000 ) ) ;
#1538 = DIRECTION ( 'NONE',  ( 0.4999999999999998335, -0.8660254037844387076, 0.000000000000000000 ) ) ;
#1539 = LINE ( 'NONE', #917, #1348 ) ;
#1540 = EDGE_CURVE ( 'NONE', #1636, #1428, #14, .T. ) ;
#1541 = ORIENTED_EDGE ( 'NONE', *, *, #107, .F. ) ;
#1542 = CARTESIAN_POINT ( 'NONE',  ( -15.74915545207641898, -11.50000000000000000, 4.000000000000000888 ) ) ;
#1543 = VERTEX_POINT ( 'NONE', #1 ) ;
#1544 = DIRECTION ( 'NONE',  ( -0.000000000000000000, -0.000000000000000000, 1.000000000000000000 ) ) ;
#1545 = APPLICATION_CONTEXT ( 'configuration controlled 3d designs of mechanical parts and assemblies' ) ;
#1546 = CARTESIAN_POINT ( 'NONE',  ( -13.50000000000001599, -6.299999999999999822, -11.90000000000000036 ) ) ;
#1547 = CARTESIAN_POINT ( 'NONE',  ( -30.50000000000000000, -6.310000000001026343, -11.90000000000000036 ) ) ;
#1548 = ORIENTED_EDGE ( 'NONE', *, *, #665, .F. ) ;
#1549 = EDGE_CURVE ( 'NONE', #598, #1651, #634, .T. ) ;
#1550 = CARTESIAN_POINT ( 'NONE',  ( -30.50000000000000000, -11.50000000000000000, -3.250000000000001332 ) ) ;
#1551 = VERTEX_POINT ( 'NONE', #760 ) ;
#1552 = DIRECTION ( 'NONE',  ( 1.000000000000000000, 0.000000000000000000, 0.000000000000000000 ) ) ;
#1553 = LINE ( 'NONE', #512, #1317 ) ;
#1554 = FACE_OUTER_BOUND ( 'NONE', #1514, .T. ) ;
#1555 = ORIENTED_EDGE ( 'NONE', *, *, #1276, .F. ) ;
#1556 = CARTESIAN_POINT ( 'NONE',  ( -11.23566817407099805, 3.499999999999999556, -10.00000000000000000 ) ) ;
#1557 = EDGE_CURVE ( 'NONE', #676, #711, #827, .T. ) ;
#1558 = LOCAL_TIME ( 10, 20, 44.00000000000000000, #1454 ) ;
#1559 = VECTOR ( 'NONE', #869, 1000.000000000000000 ) ;
#1560 = ORIENTED_EDGE ( 'NONE', *, *, #1588, .F. ) ;
#1561 = VECTOR ( 'NONE', #653, 1000.000000000000000 ) ;
#1562 = VECTOR ( 'NONE', #245, 999.9999999999998863 ) ;
#1563 = DIRECTION ( 'NONE',  ( 1.000000000000000000, 0.000000000000000000, -0.000000000000000000 ) ) ;
#1564 = CC_DESIGN_SECURITY_CLASSIFICATION ( #445, ( #1184 ) ) ;
#1565 = CARTESIAN_POINT ( 'NONE',  ( -9.856370902347213914, 3.514833548406802954, 11.90000000000000036 ) ) ;
#1566 = DIRECTION ( 'NONE',  ( -0.000000000000000000, -0.000000000000000000, -1.000000000000000000 ) ) ;
#1567 = ORIENTED_EDGE ( 'NONE', *, *, #936, .T. ) ;
#1568 = DIRECTION ( 'NONE',  ( -0.000000000000000000, 1.000000000000000000, -0.000000000000000000 ) ) ;
#1569 = ORIENTED_EDGE ( 'NONE', *, *, #181, .F. ) ;
#1570 = CARTESIAN_POINT ( 'NONE',  ( 0.1157457497430641608, -11.50000000000000000, 11.70000000000000284 ) ) ;
#1571 = CARTESIAN_POINT ( 'NONE',  ( 0.000000000000000000, 0.000000000000000000, 11.90000000000000036 ) ) ;
#1572 = CARTESIAN_POINT ( 'NONE',  ( 0.1157457497430641608, -11.50000000000000000, -15.00000000000000000 ) ) ;
#1573 = ORIENTED_EDGE ( 'NONE', *, *, #248, .F. ) ;
#1574 = CARTESIAN_POINT ( 'NONE',  ( -15.74915545207641898, -6.299999999999999822, 0.000000000000000000 ) ) ;
#1575 = ORIENTED_EDGE ( 'NONE', *, *, #146, .F. ) ;
#1576 = EDGE_CURVE ( 'NONE', #887, #1467, #382, .T. ) ;
#1577 = CARTESIAN_POINT ( 'NONE',  ( -28.99999999999913669, -3.711923788646222189, 15.00000000000000000 ) ) ;
#1578 = FACE_OUTER_BOUND ( 'NONE', #344, .T. ) ;
#1579 = ORIENTED_EDGE ( 'NONE', *, *, #352, .F. ) ;
#1580 = DIRECTION ( 'NONE',  ( 0.8660254037844387076, 0.4999999999999998890, 0.000000000000000000 ) ) ;
#1581 = ORIENTED_EDGE ( 'NONE', *, *, #1665, .F. ) ;
#1582 = CIRCLE ( 'NONE', #521, 4.250000000000000000 ) ;
#1583 = VECTOR ( 'NONE', #390, 999.9999999999998863 ) ;
#1584 = COORDINATED_UNIVERSAL_TIME_OFFSET ( 3, 0, .BEHIND. ) ;
#1585 = VECTOR ( 'NONE', #872, 1000.000000000000000 ) ;
#1586 = DIRECTION ( 'NONE',  ( -0.6427876096865364763, 0.000000000000000000, 0.7660444431189804559 ) ) ;
#1587 = CARTESIAN_POINT ( 'NONE',  ( -13.82908965343769125, -6.500000000001240785, 15.00000000000000000 ) ) ;
#1588 = EDGE_CURVE ( 'NONE', #356, #62, #1479, .T. ) ;
#1589 = ORIENTED_EDGE ( 'NONE', *, *, #777, .F. ) ;
#1590 = FACE_OUTER_BOUND ( 'NONE', #108, .T. ) ;
#1591 = EDGE_CURVE ( 'NONE', #763, #522, #130, .T. ) ;
#1592 = ORIENTED_EDGE ( 'NONE', *, *, #1147, .F. ) ;
#1593 = PLANE ( 'NONE',  #791 ) ;
#1594 = DATE_AND_TIME ( #1061, #1132 ) ;
#1595 = DIRECTION ( 'NONE',  ( 1.000000000000000000, 0.000000000000000000, -0.000000000000000000 ) ) ;
#1596 = DIRECTION ( 'NONE',  ( 1.000000000000000000, 0.000000000000000000, 0.000000000000000000 ) ) ;
#1597 = ORIENTED_EDGE ( 'NONE', *, *, #681, .F. ) ;
#1598 = LINE ( 'NONE', #170, #1475 ) ;
#1599 = ADVANCED_FACE ( 'NONE', ( #1021, #1037 ), #790, .T. ) ;
#1600 = ORIENTED_EDGE ( 'NONE', *, *, #189, .T. ) ;
#1601 = PLANE ( 'NONE',  #551 ) ;
#1602 = DATE_AND_TIME ( #416, #1342 ) ;
#1603 = CARTESIAN_POINT ( 'NONE',  ( -9.856370902347213914, 3.514833548406802954, 11.90000000000000036 ) ) ;
#1604 = CARTESIAN_POINT ( 'NONE',  ( 0.1157457497430641608, -11.50000000000000000, -11.70000000000000284 ) ) ;
#1605 = ORIENTED_EDGE ( 'NONE', *, *, #1609, .F. ) ;
#1606 = DIRECTION ( 'NONE',  ( -0.000000000000000000, -0.000000000000000000, -1.000000000000000000 ) ) ;
#1607 = ORIENTED_EDGE ( 'NONE', *, *, #1292, .T. ) ;
#1608 = DIRECTION ( 'NONE',  ( -0.000000000000000000, 1.000000000000000000, 0.000000000000000000 ) ) ;
#1609 = EDGE_CURVE ( 'NONE', #543, #1551, #773, .T. ) ;
#1610 = ORIENTED_EDGE ( 'NONE', *, *, #1648, .T. ) ;
#1611 = PERSON_AND_ORGANIZATION ( #281, #258 ) ;
#1612 = AXIS2_PLACEMENT_3D ( 'NONE', #873, #976, #1387 ) ;
#1613 = AXIS2_PLACEMENT_3D ( 'NONE', #423, #55, #945 ) ;
#1614 = DIRECTION ( 'NONE',  ( 0.000000000000000000, 0.000000000000000000, -1.000000000000000000 ) ) ;
#1615 = CARTESIAN_POINT ( 'NONE',  ( 0.000000000000000000, 0.000000000000000000, -26.02081528017131262 ) ) ;
#1616 = AXIS2_PLACEMENT_3D ( 'NONE', #447, #321, #677 ) ;
#1617 = ORIENTED_EDGE ( 'NONE', *, *, #571, .T. ) ;
#1618 = AXIS2_PLACEMENT_3D ( 'NONE', #839, #576, #568 ) ;
#1619 = PLANE ( 'NONE',  #1616 ) ;
#1620 = ORIENTED_EDGE ( 'NONE', *, *, #110, .F. ) ;
#1621 = CARTESIAN_POINT ( 'NONE',  ( 0.1157457497430641608, -9.500000000000000000, 11.70000000000000284 ) ) ;
#1622 = EDGE_CURVE ( 'NONE', #782, #1299, #1423, .T. ) ;
#1623 = ADVANCED_FACE ( 'NONE', ( #504, #1309 ), #260, .T. ) ;
#1624 = DIRECTION ( 'NONE',  ( -1.000000000000000000, 0.000000000000000000, 0.000000000000000000 ) ) ;
#1625 = CARTESIAN_POINT ( 'NONE',  ( -28.50000000000000000, -11.50000000000000000, -3.250000000000000444 ) ) ;
#1626 = DIRECTION ( 'NONE',  ( -0.000000000000000000, -1.000000000000000000, -0.000000000000000000 ) ) ;
#1627 = CARTESIAN_POINT ( 'NONE',  ( 0.000000000000000000, 0.000000000000000000, 11.70000000000000284 ) ) ;
#1628 = ORIENTED_EDGE ( 'NONE', *, *, #76, .T. ) ;
#1629 = LINE ( 'NONE', #1077, #1265 ) ;
#1630 = ORIENTED_EDGE ( 'NONE', *, *, #266, .F. ) ;
#1631 = DIRECTION ( 'NONE',  ( 0.000000000000000000, 0.000000000000000000, -1.000000000000000000 ) ) ;
#1632 = DIRECTION ( 'NONE',  ( 0.000000000000000000, 0.000000000000000000, -1.000000000000000000 ) ) ;
#1633 = EDGE_CURVE ( 'NONE', #765, #1198, #1179, .T. ) ;
#1634 = ORIENTED_EDGE ( 'NONE', *, *, #1116, .T. ) ;
#1635 = DIRECTION ( 'NONE',  ( -1.000000000000000000, 0.000000000000000000, 0.000000000000000000 ) ) ;
#1636 = VERTEX_POINT ( 'NONE', #369 ) ;
#1637 = LINE ( 'NONE', #1533, #175 ) ;
#1638 = VERTEX_POINT ( 'NONE', #393 ) ;
#1639 = AXIS2_PLACEMENT_3D ( 'NONE', #1134, #227, #338 ) ;
#1640 = PLANE ( 'NONE',  #12 ) ;
#1641 = VECTOR ( 'NONE', #1030, 1000.000000000000000 ) ;
#1642 = AXIS2_PLACEMENT_3D ( 'NONE', #838, #721, #1007 ) ;
#1643 = CARTESIAN_POINT ( 'NONE',  ( -30.50000000000000000, -6.310000000001028120, 15.00000000000000000 ) ) ;
#1644 = EDGE_CURVE ( 'NONE', #594, #1380, #692, .T. ) ;
#1645 = CARTESIAN_POINT ( 'NONE',  ( 0.1157457497430641608, -11.50000000000000000, 11.70000000000000284 ) ) ;
#1646 = VECTOR ( 'NONE', #6, 1000.000000000000000 ) ;
#1647 = ORIENTED_EDGE ( 'NONE', *, *, #230, .T. ) ;
#1648 = EDGE_CURVE ( 'NONE', #630, #232, #856, .T. ) ;
#1649 = DIRECTION ( 'NONE',  ( -0.000000000000000000, -0.000000000000000000, 1.000000000000000000 ) ) ;
#1650 = CC_DESIGN_APPROVAL ( #84, ( #881 ) ) ;
#1651 = VERTEX_POINT ( 'NONE', #136 ) ;
#1652 = CARTESIAN_POINT ( 'NONE',  ( -16.50858157774925417, 3.500000000000000000, -11.90000000000000036 ) ) ;
#1653 = FACE_OUTER_BOUND ( 'NONE', #759, .T. ) ;
#1654 = DIRECTION ( 'NONE',  ( 0.000000000000000000, 0.000000000000000000, -1.000000000000000000 ) ) ;
#1655 = EDGE_LOOP ( 'NONE', ( #1060, #1044, #806, #788 ) ) ;
#1656 = CARTESIAN_POINT ( 'NONE',  ( -22.50000000000000000, -6.299999999999999822, -3.250000000000000444 ) ) ;
#1657 = EDGE_CURVE ( 'NONE', #757, #1480, #648, .T. ) ;
#1658 = ORIENTED_EDGE ( 'NONE', *, *, #999, .F. ) ;
#1659 = DIRECTION ( 'NONE',  ( -0.000000000000000000, -0.000000000000000000, 1.000000000000000000 ) ) ;
#1660 = FACE_OUTER_BOUND ( 'NONE', #669, .T. ) ;
#1661 = CARTESIAN_POINT ( 'NONE',  ( 0.000000000000000000, 0.000000000000000000, 11.70000000000000284 ) ) ;
#1662 = ORIENTED_EDGE ( 'NONE', *, *, #966, .T. ) ;
#1663 = CARTESIAN_POINT ( 'NONE',  ( -18.82908965343830943, 2.160254037844219877, 11.90000000000000036 ) ) ;
#1664 = ORIENTED_EDGE ( 'NONE', *, *, #1557, .F. ) ;
#1665 = EDGE_CURVE ( 'NONE', #1194, #887, #915, .T. ) ;
#1666 = DIRECTION ( 'NONE',  ( -0.000000000000000000, -0.000000000000000000, -1.000000000000000000 ) ) ;
#1667 = CARTESIAN_POINT ( 'NONE',  ( -28.50000000000000000, -7.700000000000000178, 3.249999999999999556 ) ) ;
#1668 = CARTESIAN_POINT ( 'NONE',  ( 0.000000000000000000, 0.000000000000000000, 11.70000000000000284 ) ) ;
#1669 = AXIS2_PLACEMENT_3D ( 'NONE', #1340, #294, #303 ) ;
#1670 = EDGE_LOOP ( 'NONE', ( #373, #870, #911, #1391 ) ) ;
#1671 = VECTOR ( 'NONE', #1314, 1000.000000000000000 ) ;
#1672 = DIRECTION ( 'NONE',  ( 0.000000000000000000, 0.000000000000000000, -1.000000000000000000 ) ) ;
#1673 = VECTOR ( 'NONE', #1133, 1000.000000000000000 ) ;
#1674 = VERTEX_POINT ( 'NONE', #1570 ) ;
#1675 = CARTESIAN_POINT ( 'NONE',  ( -9.894942484852640163, 3.500000000000000000, 10.00000000000000000 ) ) ;
#1676 = EDGE_CURVE ( 'NONE', #263, #714, #42, .T. ) ;
#1677 = CARTESIAN_POINT ( 'NONE',  ( -9.897832578660047176, 3.514833548406802954, -42.57225024484832687 ) ) ;
#1678 = CARTESIAN_POINT ( 'NONE',  ( -15.74915545207641898, -8.300000000000023803, 0.000000000000000000 ) ) ;
#1679 = VERTEX_POINT ( 'NONE', #376 ) ;
#1680 = LINE ( 'NONE', #509, #1502 ) ;
#1681 = ORIENTED_EDGE ( 'NONE', *, *, #766, .T. ) ;
#1682 = DIRECTION ( 'NONE',  ( -0.000000000000000000, -0.000000000000000000, 1.000000000000000000 ) ) ;
#1683 = CARTESIAN_POINT ( 'NONE',  ( -13.50000000000001776, 3.500000000000000444, 11.90000000000000036 ) ) ;
#1684 = DIRECTION ( 'NONE',  ( 0.000000000000000000, 0.000000000000000000, 1.000000000000000000 ) ) ;
#1685 = EDGE_CURVE ( 'NONE', #477, #218, #271, .T. ) ;
#1686 = VERTEX_POINT ( 'NONE', #1195 ) ;
#1687 = DIRECTION ( 'NONE',  ( 0.000000000000000000, 1.000000000000000000, 0.000000000000000000 ) ) ;
#1688 = ORIENTED_EDGE ( 'NONE', *, *, #966, .F. ) ;
ENDSEC;
END-ISO-10303-21;
