ISO-10303-21;
HEADER;
FILE_DESCRIPTION (( 'STEP AP203' ),
    '1' );
FILE_NAME ('Anclaje Cadena.STEP',
    '2026-08-19T13:20:29',
    ( '' ),
    ( '' ),
    'SwSTEP 2.0',
    'SolidWorks 2026',
    '' );
FILE_SCHEMA (( 'CONFIG_CONTROL_DESIGN' ));
ENDSEC;

DATA;
#1 = AXIS2_PLACEMENT_3D ( 'NONE', #1948, #1632, #562 ) ;
#2 = LINE ( 'NONE', #640, #1323 ) ;
#3 = AXIS2_PLACEMENT_3D ( 'NONE', #1263, #944, #1727 ) ;
#4 = DIRECTION ( 'NONE',  ( -0.000000000000000000, 1.000000000000000000, -0.000000000000000000 ) ) ;
#5 = VECTOR ( 'NONE', #686, 1000.000000000000000 ) ;
#6 = FACE_OUTER_BOUND ( 'NONE', #787, .T. ) ;
#7 = VECTOR ( 'NONE', #1918, 1000.000000000000000 ) ;
#8 = ORIENTED_EDGE ( 'NONE', *, *, #621, .F. ) ;
#9 = EDGE_CURVE ( 'NONE', #1264, #517, #1821, .T. ) ;
#10 = AXIS2_PLACEMENT_3D ( 'NONE', #723, #1816, #1018 ) ;
#11 = DIRECTION ( 'NONE',  ( 0.000000000000000000, 0.000000000000000000, 1.000000000000000000 ) ) ;
#12 = ADVANCED_FACE ( 'NONE', ( #1652, #412 ), #1022, .T. ) ;
#13 = DIRECTION ( 'NONE',  ( 0.000000000000000000, 0.000000000000000000, 1.000000000000000000 ) ) ;
#14 = CARTESIAN_POINT ( 'NONE',  ( -2.785677655436835209, -10.49999999999999822, 11.70000000000000284 ) ) ;
#15 = LINE ( 'NONE', #32, #1839 ) ;
#16 = CARTESIAN_POINT ( 'NONE',  ( -3.575000000000000178, 0.000000000000000000, 11.70000000000000284 ) ) ;
#17 = ORIENTED_EDGE ( 'NONE', *, *, #1842, .F. ) ;
#18 = CARTESIAN_POINT ( 'NONE',  ( -22.50000000000000000, -6.299999999999999822, 3.249999999999999556 ) ) ;
#19 = ORIENTED_EDGE ( 'NONE', *, *, #1427, .T. ) ;
#20 = CARTESIAN_POINT ( 'NONE',  ( 3.575000000000000178, 4.378112306951787759E-16, -11.70000000000000284 ) ) ;
#21 = EDGE_CURVE ( 'NONE', #696, #411, #1497, .T. ) ;
#22 = LINE ( 'NONE', #782, #449 ) ;
#23 = CARTESIAN_POINT ( 'NONE',  ( -13.50000000000001776, 3.500000000000000000, 11.90000000000000036 ) ) ;
#24 = PLANE ( 'NONE',  #800 ) ;
#25 = ORIENTED_EDGE ( 'NONE', *, *, #1585, .T. ) ;
#26 = DIRECTION ( 'NONE',  ( 0.000000000000000000, -1.000000000000000000, 0.000000000000000000 ) ) ;
#27 = ORIENTED_EDGE ( 'NONE', *, *, #1755, .F. ) ;
#28 = CARTESIAN_POINT ( 'NONE',  ( -30.50000000000000000, -6.299999999999999822, 3.249999999999999556 ) ) ;
#29 = LINE ( 'NONE', #612, #1938 ) ;
#30 = EDGE_CURVE ( 'NONE', #821, #126, #712, .T. ) ;
#31 = AXIS2_PLACEMENT_3D ( 'NONE', #475, #1096, #496 ) ;
#32 = CARTESIAN_POINT ( 'NONE',  ( -13.26164928148117284, -6.299999999999999822, -11.70000000000000284 ) ) ;
#33 = DIRECTION ( 'NONE',  ( -0.000000000000000000, -0.000000000000000000, 1.000000000000000000 ) ) ;
#34 = AXIS2_PLACEMENT_3D ( 'NONE', #1791, #1527, #569 ) ;
#35 = ORIENTED_EDGE ( 'NONE', *, *, #1842, .T. ) ;
#36 = AXIS2_PLACEMENT_3D ( 'NONE', #1676, #892, #1972 ) ;
#37 = UNCERTAINTY_MEASURE_WITH_UNIT (LENGTH_MEASURE( 1.000000000000000082E-05 ), #111, 'distance_accuracy_value', 'NONE');
#38 = DIRECTION ( 'NONE',  ( -0.000000000000000000, 1.000000000000000000, -0.000000000000000000 ) ) ;
#39 = ORIENTED_EDGE ( 'NONE', *, *, #545, .F. ) ;
#40 = VECTOR ( 'NONE', #1215, 1000.000000000000000 ) ;
#41 = CARTESIAN_POINT ( 'NONE',  ( 3.575000000000000178, 7.150000000000002132, 13.76963104396711479 ) ) ;
#42 = CARTESIAN_POINT ( 'NONE',  ( -7.943352747634264688, 5.277467217839252989, 9.048835063920630972 ) ) ;
#43 = DIRECTION ( 'NONE',  ( -0.000000000000000000, -0.000000000000000000, -1.000000000000000000 ) ) ;
#44 = LINE ( 'NONE', #1919, #744 ) ;
#45 = ORIENTED_EDGE ( 'NONE', *, *, #469, .F. ) ;
#46 = ORIENTED_EDGE ( 'NONE', *, *, #479, .F. ) ;
#47 = LINE ( 'NONE', #1272, #1382 ) ;
#48 = ORIENTED_EDGE ( 'NONE', *, *, #1915, .F. ) ;
#49 = CARTESIAN_POINT ( 'NONE',  ( -30.50000000000000000, -9.500000000000000000, 11.90000000000000036 ) ) ;
#50 = CYLINDRICAL_SURFACE ( 'NONE', #1744, 9.900000000000000355 ) ;
#51 = PLANE ( 'NONE',  #64 ) ;
#52 = DIRECTION ( 'NONE',  ( 0.000000000000000000, 0.000000000000000000, -1.000000000000000000 ) ) ;
#53 = VERTEX_POINT ( 'NONE', #902 ) ;
#54 = EDGE_CURVE ( 'NONE', #826, #1132, #1515, .T. ) ;
#55 = VERTEX_POINT ( 'NONE', #1364 ) ;
#56 = CARTESIAN_POINT ( 'NONE',  ( 1.499999999999987566, 0.08377210346839455979, -11.70000000000000639 ) ) ;
#57 = ORIENTED_EDGE ( 'NONE', *, *, #1823, .T. ) ;
#58 = ADVANCED_FACE ( 'NONE', ( #1829 ), #1945, .T. ) ;
#59 = DIRECTION ( 'NONE',  ( 0.000000000000000000, 0.000000000000000000, -1.000000000000000000 ) ) ;
#60 = CARTESIAN_POINT ( 'NONE',  ( -6.876769230530333843, 3.500000000000000000, -19.00000000000000355 ) ) ;
#61 = DIRECTION ( 'NONE',  ( -3.413935800722356362E-15, -0.000000000000000000, 1.000000000000000000 ) ) ;
#62 = CARTESIAN_POINT ( 'NONE',  ( 1.499999999999988232, 0.08377210346839455979, -14.13550952893725210 ) ) ;
#63 = VERTEX_POINT ( 'NONE', #558 ) ;
#64 = AXIS2_PLACEMENT_3D ( 'NONE', #980, #1765, #836 ) ;
#65 = ORIENTED_EDGE ( 'NONE', *, *, #1607, .T. ) ;
#66 = DIRECTION ( 'NONE',  ( -1.000000000000000000, 0.000000000000000000, 0.000000000000000000 ) ) ;
#67 = EDGE_CURVE ( 'NONE', #901, #1252, #833, .T. ) ;
#68 = ORIENTED_EDGE ( 'NONE', *, *, #1703, .F. ) ;
#69 = CIRCLE ( 'NONE', #1253, 6.000000000000005329 ) ;
#70 = CARTESIAN_POINT ( 'NONE',  ( -9.894942484852640163, 3.500000000000000000, 11.90000000000000036 ) ) ;
#71 = AXIS2_PLACEMENT_3D ( 'NONE', #1864, #958, #1391 ) ;
#72 = ORIENTED_EDGE ( 'NONE', *, *, #1607, .F. ) ;
#73 = CARTESIAN_POINT ( 'NONE',  ( -28.99999999999913669, -3.711923788646222189, 11.90000000000000036 ) ) ;
#74 = CARTESIAN_POINT ( 'NONE',  ( -2.785677655436834765, -9.500000000000000000, -14.00000000000000000 ) ) ;
#75 = DIRECTION ( 'NONE',  ( 0.000000000000000000, 0.000000000000000000, 1.000000000000000000 ) ) ;
#76 = ORIENTED_EDGE ( 'NONE', *, *, #1427, .F. ) ;
#77 = VERTEX_POINT ( 'NONE', #718 ) ;
#78 = DIRECTION ( 'NONE',  ( -0.1736481776669640265, 0.000000000000000000, -0.9848077530122021361 ) ) ;
#79 = VERTEX_POINT ( 'NONE', #461 ) ;
#80 = DIRECTION ( 'NONE',  ( -1.000000000000000000, 0.000000000000000000, 0.000000000000000000 ) ) ;
#81 = EDGE_CURVE ( 'NONE', #1430, #654, #1539, .T. ) ;
#82 = DIRECTION ( 'NONE',  ( 0.7660444431189805670, 0.000000000000000000, -0.6427876096865364763 ) ) ;
#83 = PLANE ( 'NONE',  #969 ) ;
#84 = DIRECTION ( 'NONE',  ( -0.000000000000000000, -1.000000000000000000, -0.000000000000000000 ) ) ;
#85 = VERTEX_POINT ( 'NONE', #1688 ) ;
#86 = ORIENTED_EDGE ( 'NONE', *, *, #469, .T. ) ;
#87 = CARTESIAN_POINT ( 'NONE',  ( -3.469446951953614978E-15, -10.49999999999999822, 11.70000000000000284 ) ) ;
#88 = ORIENTED_EDGE ( 'NONE', *, *, #165, .T. ) ;
#89 = CARTESIAN_POINT ( 'NONE',  ( -13.26164928148117284, 3.499999999999999556, -11.70000000000000284 ) ) ;
#90 = APPROVAL_DATE_TIME ( #1360, #907 ) ;
#91 = EDGE_CURVE ( 'NONE', #1341, #953, #1526, .T. ) ;
#92 = LINE ( 'NONE', #399, #866 ) ;
#93 = LINE ( 'NONE', #1041, #1356 ) ;
#94 = VERTEX_POINT ( 'NONE', #451 ) ;
#95 = DIRECTION ( 'NONE',  ( 0.000000000000000000, 0.000000000000000000, 1.000000000000000000 ) ) ;
#96 = DIRECTION ( 'NONE',  ( 0.000000000000000000, 0.000000000000000000, -1.000000000000000000 ) ) ;
#97 = EDGE_LOOP ( 'NONE', ( #705, #1858, #181, #1021, #46 ) ) ;
#98 = VECTOR ( 'NONE', #1641, 1000.000000000000000 ) ;
#99 = LINE ( 'NONE', #518, #379 ) ;
#100 = AXIS2_PLACEMENT_3D ( 'NONE', #462, #616, #1855 ) ;
#101 = AXIS2_PLACEMENT_3D ( 'NONE', #521, #1448, #1925 ) ;
#102 = CC_DESIGN_PERSON_AND_ORGANIZATION_ASSIGNMENT ( #1197, #1166, ( #1768 ) ) ;
#103 = LINE ( 'NONE', #770, #255 ) ;
#104 = CARTESIAN_POINT ( 'NONE',  ( -28.99999999999913669, -3.711923788646219524, -14.00000000000000000 ) ) ;
#105 = ORIENTED_EDGE ( 'NONE', *, *, #1198, .T. ) ;
#106 = EDGE_CURVE ( 'NONE', #1895, #1264, #763, .T. ) ;
#107 = CARTESIAN_POINT ( 'NONE',  ( -3.979585497670363982E-12, 0.08377210346859548240, 14.40000000000071090 ) ) ;
#108 = DIRECTION ( 'NONE',  ( -0.000000000000000000, 1.000000000000000000, 0.000000000000000000 ) ) ;
#109 = EDGE_CURVE ( 'NONE', #735, #1589, #15, .T. ) ;
#110 = DIRECTION ( 'NONE',  ( -0.000000000000000000, -0.000000000000000000, -1.000000000000000000 ) ) ;
#111 =( LENGTH_UNIT ( ) NAMED_UNIT ( * ) SI_UNIT ( .MILLI., .METRE. ) );
#112 = CARTESIAN_POINT ( 'NONE',  ( -30.50000000000000000, -10.49999999999999822, 2.250000000000000444 ) ) ;
#113 = DIRECTION ( 'NONE',  ( 0.4999999999999998890, -0.8660254037844387076, 0.000000000000000000 ) ) ;
#114 = EDGE_LOOP ( 'NONE', ( #1061, #1529, #1269, #1147 ) ) ;
#115 = ORIENTED_EDGE ( 'NONE', *, *, #1405, .F. ) ;
#116 = CARTESIAN_POINT ( 'NONE',  ( -8.343069296907820842, 4.543478260869554752, 9.108085922565779313 ) ) ;
#117 = ORIENTED_EDGE ( 'NONE', *, *, #731, .F. ) ;
#118 = EDGE_CURVE ( 'NONE', #1430, #1637, #447, .T. ) ;
#119 = DIRECTION ( 'NONE',  ( 0.000000000000000000, 0.000000000000000000, 1.000000000000000000 ) ) ;
#120 = ADVANCED_FACE ( 'NONE', ( #1218 ), #144, .T. ) ;
#121 = PERSON_AND_ORGANIZATION_ROLE ( 'design_supplier' ) ;
#122 = B_SPLINE_CURVE_WITH_KNOTS ( 'NONE', 3,
 ( #436, #147, #1357, #1671, #453, #1501, #1336, #1956, #283, #758 ),
 .UNSPECIFIED., .F., .F.,
 ( 4, 2, 2, 2, 4 ),
 ( 1.570796326794896558, 1.963495408469648762, 2.356194490144400966, 2.748893571819152726, 3.141592653493904930 ),
 .UNSPECIFIED. ) ;
#123 = LINE ( 'NONE', #241, #638 ) ;
#124 = CARTESIAN_POINT ( 'NONE',  ( -22.50000000000000000, -10.49999999999999822, 11.90000000000000036 ) ) ;
#125 = ORIENTED_EDGE ( 'NONE', *, *, #1795, .T. ) ;
#126 = VERTEX_POINT ( 'NONE', #1407 ) ;
#127 = CARTESIAN_POINT ( 'NONE',  ( -22.50000000000000000, -9.500000000000000000, 11.90000000000000036 ) ) ;
#128 = CARTESIAN_POINT ( 'NONE',  ( -8.343069296907820842, 4.543478260869554752, -9.108085922565779313 ) ) ;
#129 = VECTOR ( 'NONE', #110, 1000.000000000000000 ) ;
#130 = EDGE_CURVE ( 'NONE', #1310, #1132, #1552, .T. ) ;
#131 = VECTOR ( 'NONE', #265, 1000.000000000000114 ) ;
#132 = DIRECTION ( 'NONE',  ( 0.000000000000000000, 0.000000000000000000, 1.000000000000000000 ) ) ;
#133 = VECTOR ( 'NONE', #1760, 1000.000000000000000 ) ;
#134 = DIRECTION ( 'NONE',  ( -1.000000000000000000, 0.000000000000000000, 0.000000000000000000 ) ) ;
#135 = VECTOR ( 'NONE', #1010, 1000.000000000000000 ) ;
#136 = ORIENTED_EDGE ( 'NONE', *, *, #594, .T. ) ;
#137 = CC_DESIGN_SECURITY_CLASSIFICATION ( #1486, ( #1713 ) ) ;
#138 = CARTESIAN_POINT ( 'NONE',  ( 1.745121688784979017E-15, -9.499999999999994671, 11.90000000000000036 ) ) ;
#139 = LINE ( 'NONE', #1498, #905 ) ;
#140 = CARTESIAN_POINT ( 'NONE',  ( 3.575000000000000178, 4.378112306951786773E-16, 24.58962104337493670 ) ) ;
#141 = EDGE_CURVE ( 'NONE', #94, #727, #1706, .T. ) ;
#142 = LINE ( 'NONE', #14, #1258 ) ;
#143 = VERTEX_POINT ( 'NONE', #604 ) ;
#144 = PLANE ( 'NONE',  #1315 ) ;
#145 = DIRECTION ( 'NONE',  ( 0.000000000000000000, -0.000000000000000000, 1.000000000000000000 ) ) ;
#146 = VERTEX_POINT ( 'NONE', #160 ) ;
#147 = CARTESIAN_POINT ( 'NONE',  ( 0.4736412870312913803, 3.575000000000000178, -14.31648426191888746 ) ) ;
#148 = ORIENTED_EDGE ( 'NONE', *, *, #1026, .F. ) ;
#149 = DIRECTION ( 'NONE',  ( 0.000000000000000000, 0.000000000000000000, -1.000000000000000000 ) ) ;
#150 = DIRECTION ( 'NONE',  ( 0.000000000000000000, -1.000000000000000000, 0.000000000000000000 ) ) ;
#151 = DIRECTION ( 'NONE',  ( 1.885568995626965766E-16, 0.000000000000000000, 1.000000000000000000 ) ) ;
#152 = EDGE_CURVE ( 'NONE', #393, #975, #470, .T. ) ;
#153 = ORIENTED_EDGE ( 'NONE', *, *, #693, .F. ) ;
#154 = CARTESIAN_POINT ( 'NONE',  ( -22.50000000000000000, -6.299999999999999822, -3.250000000000000444 ) ) ;
#155 = ORIENTED_EDGE ( 'NONE', *, *, #369, .F. ) ;
#156 = CARTESIAN_POINT ( 'NONE',  ( -13.50000000000001599, -6.299999999999999822, -11.90000000000000036 ) ) ;
#157 = CONICAL_SURFACE ( 'NONE', #706, 4.000000000000000888, 0.7853981633974498333 ) ;
#158 = CARTESIAN_POINT ( 'NONE',  ( 0.000000000000000000, 1.500000000000000000, -14.40000000000000213 ) ) ;
#159 = CIRCLE ( 'NONE', #1969, 10.00000000000000178 ) ;
#160 = CARTESIAN_POINT ( 'NONE',  ( -11.23566817407099805, -6.299999999999999822, -10.00000000000000000 ) ) ;
#161 = CIRCLE ( 'NONE', #1069, 3.575000000000000178 ) ;
#162 = DIRECTION ( 'NONE',  ( -1.000000000000000000, 0.000000000000000000, 0.000000000000000000 ) ) ;
#163 = VERTEX_POINT ( 'NONE', #1090 ) ;
#164 = AXIS2_PLACEMENT_3D ( 'NONE', #187, #1614, #1881 ) ;
#165 = EDGE_CURVE ( 'NONE', #821, #527, #1247, .T. ) ;
#166 = CARTESIAN_POINT ( 'NONE',  ( -9.888773523252083919, -0.4713366162612226407, 11.70000000000000284 ) ) ;
#167 = ORIENTED_EDGE ( 'NONE', *, *, #1795, .F. ) ;
#168 = CARTESIAN_POINT ( 'NONE',  ( -9.894942484852641940, -0.3164067342176361541, -14.00000000000000000 ) ) ;
#169 = CARTESIAN_POINT ( 'NONE',  ( -6.876769230530333843, 6.554391272271701041, -9.000000000000001776 ) ) ;
#170 = ORIENTED_EDGE ( 'NONE', *, *, #1944, .F. ) ;
#171 = DIRECTION ( 'NONE',  ( 0.000000000000000000, 0.7071067811865464625, 0.7071067811865486830 ) ) ;
#172 = DIRECTION ( 'NONE',  ( 0.000000000000000000, 0.000000000000000000, 1.000000000000000000 ) ) ;
#173 = ORIENTED_EDGE ( 'NONE', *, *, #865, .T. ) ;
#174 = DIRECTION ( 'NONE',  ( -0.000000000000000000, 1.000000000000000000, 0.000000000000000000 ) ) ;
#175 = EDGE_CURVE ( 'NONE', #589, #465, #1997, .T. ) ;
#176 = ORIENTED_EDGE ( 'NONE', *, *, #766, .T. ) ;
#177 = FACE_OUTER_BOUND ( 'NONE', #1505, .T. ) ;
#178 = CARTESIAN_POINT ( 'NONE',  ( -10.09950493836207208, 5.499999999999969802, 9.000000000000001776 ) ) ;
#179 = LINE ( 'NONE', #1874, #221 ) ;
#180 = CARTESIAN_POINT ( 'NONE',  ( 0.000000000000000000, -6.299999999999999822, 9.000000000000001776 ) ) ;
#181 = ORIENTED_EDGE ( 'NONE', *, *, #621, .T. ) ;
#182 = DIRECTION ( 'NONE',  ( -3.413935800722356362E-15, -0.000000000000000000, 1.000000000000000000 ) ) ;
#183 = ORIENTED_EDGE ( 'NONE', *, *, #1081, .T. ) ;
#184 = DIRECTION ( 'NONE',  ( -0.000000000000000000, -0.000000000000000000, -1.000000000000000000 ) ) ;
#185 = ADVANCED_FACE ( 'NONE', ( #920 ), #1399, .F. ) ;
#186 = AXIS2_PLACEMENT_3D ( 'NONE', #783, #632, #1541 ) ;
#187 = CARTESIAN_POINT ( 'NONE',  ( 0.000000000000000000, 0.000000000000000000, -3.250000000000000444 ) ) ;
#188 = VECTOR ( 'NONE', #356, 1000.000000000000000 ) ;
#189 = CARTESIAN_POINT ( 'NONE',  ( 0.000000000000000000, 0.000000000000000000, 11.90000000000000036 ) ) ;
#190 = DIRECTION ( 'NONE',  ( -0.000000000000000000, 1.000000000000000000, 0.000000000000000000 ) ) ;
#191 = AXIS2_PLACEMENT_3D ( 'NONE', #779, #333, #340 ) ;
#192 = EDGE_LOOP ( 'NONE', ( #1202, #1014, #254, #1392 ) ) ;
#193 = VECTOR ( 'NONE', #1339, 1000.000000000000000 ) ;
#194 = ORIENTED_EDGE ( 'NONE', *, *, #1335, .F. ) ;
#195 = CARTESIAN_POINT ( 'NONE',  ( -9.894942484852640163, -0.3164067342176796749, -14.00000000000000000 ) ) ;
#196 = ORIENTED_EDGE ( 'NONE', *, *, #963, .T. ) ;
#197 = MANIFOLD_SOLID_BREP ( 'Saliente-Extruir15', #443 ) ;
#198 = LINE ( 'NONE', #658, #1152 ) ;
#199 = CARTESIAN_POINT ( 'NONE',  ( 0.000000000000000000, 0.000000000000000000, 11.70000000000000284 ) ) ;
#200 = CARTESIAN_POINT ( 'NONE',  ( -30.50000000000000000, -10.49999999999999822, -11.90000000000000036 ) ) ;
#201 = ADVANCED_FACE ( 'NONE', ( #1228 ), #775, .F. ) ;
#202 = VERTEX_POINT ( 'NONE', #948 ) ;
#203 = ORIENTED_EDGE ( 'NONE', *, *, #1509, .F. ) ;
#204 = CARTESIAN_POINT ( 'NONE',  ( -28.99999999999913669, -3.711923788646222189, 14.00000000000000000 ) ) ;
#205 = ORIENTED_EDGE ( 'NONE', *, *, #1177, .T. ) ;
#206 = DIRECTION ( 'NONE',  ( -0.000000000000000000, 1.000000000000000000, -0.000000000000000000 ) ) ;
#207 = CARTESIAN_POINT ( 'NONE',  ( -28.50000000000000000, -10.49999999999999822, 3.249999999999999556 ) ) ;
#208 = EDGE_CURVE ( 'NONE', #1812, #861, #179, .T. ) ;
#209 = DIRECTION ( 'NONE',  ( 1.000000000000000000, 0.000000000000000000, -0.000000000000000000 ) ) ;
#210 = CARTESIAN_POINT ( 'NONE',  ( -10.09950493836207208, 3.500000000000000000, -9.533534209776796331 ) ) ;
#211 = VERTEX_POINT ( 'NONE', #912 ) ;
#212 = ADVANCED_FACE ( 'NONE', ( #1370 ), #1990, .T. ) ;
#213 = ORIENTED_EDGE ( 'NONE', *, *, #1368, .F. ) ;
#214 = FACE_OUTER_BOUND ( 'NONE', #568, .T. ) ;
#215 = ORIENTED_EDGE ( 'NONE', *, *, #1481, .T. ) ;
#216 = CARTESIAN_POINT ( 'NONE',  ( -22.50000000000000000, -6.299999999999999822, 5.250000000000000000 ) ) ;
#217 = DIRECTION ( 'NONE',  ( 1.000000000000000000, 0.000000000000000000, 0.000000000000000000 ) ) ;
#218 = DIRECTION ( 'NONE',  ( 1.000000000000000000, 3.556183125752013570E-15, 0.000000000000000000 ) ) ;
#219 = CARTESIAN_POINT ( 'NONE',  ( 0.000000000000000000, 0.000000000000000000, -11.70000000000000284 ) ) ;
#220 = VERTEX_POINT ( 'NONE', #490 ) ;
#221 = VECTOR ( 'NONE', #291, 1000.000000000000000 ) ;
#222 = ORIENTED_EDGE ( 'NONE', *, *, #118, .F. ) ;
#223 = FACE_OUTER_BOUND ( 'NONE', #591, .T. ) ;
#224 = VERTEX_POINT ( 'NONE', #1137 ) ;
#225 = ADVANCED_FACE ( 'NONE', ( #1145 ), #83, .T. ) ;
#226 = VECTOR ( 'NONE', #403, 1000.000000000000000 ) ;
#227 = DIRECTION ( 'NONE',  ( -0.000000000000000000, -0.000000000000000000, -1.000000000000000000 ) ) ;
#228 = AXIS2_PLACEMENT_3D ( 'NONE', #1480, #113, #1647 ) ;
#229 = VERTEX_POINT ( 'NONE', #652 ) ;
#230 = VECTOR ( 'NONE', #1367, 1000.000000000000000 ) ;
#231 = DIRECTION ( 'NONE',  ( -0.000000000000000000, -0.000000000000000000, 1.000000000000000000 ) ) ;
#232 = DIRECTION ( 'NONE',  ( 0.000000000000000000, 0.000000000000000000, 1.000000000000000000 ) ) ;
#233 = CARTESIAN_POINT ( 'NONE',  ( 3.575000000000001066, -7.150000000000002132, 13.76963104396711479 ) ) ;
#234 = EDGE_LOOP ( 'NONE', ( #525, #125, #1046, #295, #1140, #8 ) ) ;
#235 = ORIENTED_EDGE ( 'NONE', *, *, #766, .F. ) ;
#236 = DIRECTION ( 'NONE',  ( 1.000000000000000000, 0.000000000000000000, 0.000000000000000000 ) ) ;
#237 = DIRECTION ( 'NONE',  ( -1.000000000000000000, 0.000000000000000000, 0.000000000000000000 ) ) ;
#238 = EDGE_CURVE ( 'NONE', #1123, #1403, #1705, .T. ) ;
#239 = EDGE_CURVE ( 'NONE', #1148, #636, #1437, .T. ) ;
#240 = DIRECTION ( 'NONE',  ( 1.000000000000000000, 0.000000000000000000, 0.000000000000000000 ) ) ;
#241 = CARTESIAN_POINT ( 'NONE',  ( -2.785677655436834765, -10.49999999999999822, 14.00000000000000000 ) ) ;
#242 = CARTESIAN_POINT ( 'NONE',  ( -3.575000000000000178, 0.000000000000000000, 15.03036895603289480 ) ) ;
#243 = ORIENTED_EDGE ( 'NONE', *, *, #594, .F. ) ;
#244 = EDGE_LOOP ( 'NONE', ( #908, #1835, #575, #1535 ) ) ;
#245 = DIRECTION ( 'NONE',  ( 0.4999999999999998335, -0.8660254037844387076, 0.000000000000000000 ) ) ;
#246 = ORIENTED_EDGE ( 'NONE', *, *, #130, .F. ) ;
#247 =( BOUNDED_CURVE ( )  B_SPLINE_CURVE ( 3, ( #1365, #895, #441, #577 ),
 .UNSPECIFIED., .F., .T. ) 
 B_SPLINE_CURVE_WITH_KNOTS ( ( 4, 4 ),
 ( 1.681324786002205807, 1.740620327874003559 ),
 .UNSPECIFIED. ) 
 CURVE ( )  GEOMETRIC_REPRESENTATION_ITEM ( )  RATIONAL_B_SPLINE_CURVE ( ( 1.000000000000000000, 0.9997070246873259736, 0.9997070246873259736, 1.000000000000000000 ) ) 
 REPRESENTATION_ITEM ( '' )  );
#248 = LINE ( 'NONE', #216, #1411 ) ;
#249 = EDGE_CURVE ( 'NONE', #229, #395, #337, .T. ) ;
#250 = DIRECTION ( 'NONE',  ( 0.000000000000000000, -0.000000000000000000, 1.000000000000000000 ) ) ;
#251 = DIRECTION ( 'NONE',  ( 0.000000000000000000, 0.000000000000000000, -1.000000000000000000 ) ) ;
#252 = ORIENTED_EDGE ( 'NONE', *, *, #175, .T. ) ;
#253 = ORIENTED_EDGE ( 'NONE', *, *, #799, .F. ) ;
#254 = ORIENTED_EDGE ( 'NONE', *, *, #1673, .F. ) ;
#255 = VECTOR ( 'NONE', #724, 1000.000000000000000 ) ;
#256 = CYLINDRICAL_SURFACE ( 'NONE', #1250, 1.499999999999988676 ) ;
#257 = VECTOR ( 'NONE', #26, 1000.000000000000000 ) ;
#258 = CIRCLE ( 'NONE', #643, 1.499999999999987566 ) ;
#259 = LOCAL_TIME ( 10, 20, 29.00000000000000000, #564 ) ;
#260 = DIRECTION ( 'NONE',  ( -0.000000000000000000, 1.000000000000000000, -0.000000000000000000 ) ) ;
#261 = CARTESIAN_POINT ( 'NONE',  ( -7.948389917683897855E-26, 0.08377210346839436550, -11.70000000000000639 ) ) ;
#262 = ADVANCED_FACE ( 'NONE', ( #694 ), #1110, .F. ) ;
#263 = ORIENTED_EDGE ( 'NONE', *, *, #1989, .T. ) ;
#264 = VERTEX_POINT ( 'NONE', #74 ) ;
#265 = DIRECTION ( 'NONE',  ( -0.8660254037844387076, -0.4999999999999998335, -0.000000000000000000 ) ) ;
#266 = ORIENTED_EDGE ( 'NONE', *, *, #1545, .F. ) ;
#267 = LINE ( 'NONE', #1663, #414 ) ;
#268 = DATE_TIME_ROLE ( 'creation_date' ) ;
#269 = CARTESIAN_POINT ( 'NONE',  ( 3.121459702743436537, -1.806178993372113295, -13.84960243521199885 ) ) ;
#270 = CARTESIAN_POINT ( 'NONE',  ( -13.26164928148117284, 3.443330393368229991, -11.70000000000000284 ) ) ;
#271 = ORIENTED_EDGE ( 'NONE', *, *, #1850, .T. ) ;
#272 = ADVANCED_FACE ( 'NONE', ( #1289 ), #51, .F. ) ;
#273 = CARTESIAN_POINT ( 'NONE',  ( -13.06844814108468178, -8.299999999999998934, 0.000000000000000000 ) ) ;
#274 = CARTESIAN_POINT ( 'NONE',  ( -13.50000000000001776, 3.458909681112011469, 11.90000000000000036 ) ) ;
#275 = EDGE_CURVE ( 'NONE', #977, #1983, #1476, .T. ) ;
#276 = LINE ( 'NONE', #444, #1708 ) ;
#277 = CALENDAR_DATE ( 2026, 19, 8 ) ;
#278 = CARTESIAN_POINT ( 'NONE',  ( -28.50000000000000000, -7.700000000000000178, 3.249999999999999556 ) ) ;
#279 = ORIENTED_EDGE ( 'NONE', *, *, #563, .F. ) ;
#280 = ORIENTED_EDGE ( 'NONE', *, *, #1823, .F. ) ;
#281 = CARTESIAN_POINT ( 'NONE',  ( -28.99999999999913669, -3.711923788646219524, -11.90000000000000036 ) ) ;
#282 = AXIS2_PLACEMENT_3D ( 'NONE', #107, #1638, #871 ) ;
#283 = CARTESIAN_POINT ( 'NONE',  ( 3.574999999955764451, 0.4745042910218056353, -13.76963104397491122 ) ) ;
#284 = EDGE_CURVE ( 'NONE', #959, #696, #540, .T. ) ;
#285 = AXIS2_PLACEMENT_3D ( 'NONE', #342, #964, #1579 ) ;
#286 = AXIS2_PLACEMENT_3D ( 'NONE', #1609, #353, #236 ) ;
#287 = CIRCLE ( 'NONE', #1680, 9.900000000000002132 ) ;
#288 = LINE ( 'NONE', #306, #1974 ) ;
#289 = AXIS2_PLACEMENT_3D ( 'NONE', #684, #847, #1459 ) ;
#290 = EDGE_LOOP ( 'NONE', ( #567, #1700, #1434, #1697 ) ) ;
#291 = DIRECTION ( 'NONE',  ( -0.000000000000000000, -1.000000000000000000, 0.000000000000000000 ) ) ;
#292 = CARTESIAN_POINT ( 'NONE',  ( -9.411094348798696885, 3.614026993646732855, 9.324867344276198011 ) ) ;
#293 = ORIENTED_EDGE ( 'NONE', *, *, #1831, .F. ) ;
#294 = CYLINDRICAL_SURFACE ( 'NONE', #1154, 9.900000000000002132 ) ;
#295 = ORIENTED_EDGE ( 'NONE', *, *, #457, .T. ) ;
#296 = APPROVAL_ROLE ( '' ) ;
#297 = ADVANCED_FACE ( 'NONE', ( #376 ), #660, .F. ) ;
#298 = CARTESIAN_POINT ( 'NONE',  ( 0.000000000000000000, -6.299999999999999822, 10.00000000000000000 ) ) ;
#299 = CARTESIAN_POINT ( 'NONE',  ( -30.50000000000000000, -6.310000000001028120, 14.00000000000000000 ) ) ;
#300 = DIRECTION ( 'NONE',  ( 0.1736481776669640542, -0.000000000000000000, 0.9848077530122022472 ) ) ;
#301 = ORIENTED_EDGE ( 'NONE', *, *, #67, .T. ) ;
#302 = DIRECTION ( 'NONE',  ( 0.000000000000000000, 1.000000000000000000, 0.000000000000000000 ) ) ;
#303 = EDGE_LOOP ( 'NONE', ( #519, #550, #468, #1324 ) ) ;
#304 = LINE ( 'NONE', #1187, #1934 ) ;
#305 = COORDINATED_UNIVERSAL_TIME_OFFSET ( 3, 0, .BEHIND. ) ;
#306 = CARTESIAN_POINT ( 'NONE',  ( -1.477211629522271696, 0.08377210346859566281, 14.66047226650115398 ) ) ;
#307 = ADVANCED_FACE ( 'NONE', ( #1733 ), #359, .T. ) ;
#308 = DIRECTION ( 'NONE',  ( -0.000000000000000000, -0.000000000000000000, -1.000000000000000000 ) ) ;
#309 = FACE_OUTER_BOUND ( 'NONE', #1520, .T. ) ;
#310 = ADVANCED_FACE ( 'NONE', ( #1419 ), #671, .F. ) ;
#311 = ORIENTED_EDGE ( 'NONE', *, *, #141, .F. ) ;
#312 = CARTESIAN_POINT ( 'NONE',  ( -22.50000000000000000, -10.49999999999999822, -11.90000000000000036 ) ) ;
#313 = ORIENTED_EDGE ( 'NONE', *, *, #572, .T. ) ;
#314 = FACE_OUTER_BOUND ( 'NONE', #690, .T. ) ;
#315 = AXIS2_PLACEMENT_3D ( 'NONE', #433, #1962, #736 ) ;
#316 = AXIS2_PLACEMENT_3D ( 'NONE', #1008, #573, #1692 ) ;
#317 = DIRECTION ( 'NONE',  ( -0.000000000000000000, -0.000000000000000000, 1.000000000000000000 ) ) ;
#318 = AXIS2_PLACEMENT_3D ( 'NONE', #1231, #174, #1393 ) ;
#319 = EDGE_CURVE ( 'NONE', #1180, #1379, #1484, .T. ) ;
#320 = DIRECTION ( 'NONE',  ( -0.000000000000000000, -0.000000000000000000, -1.000000000000000000 ) ) ;
#321 = VECTOR ( 'NONE', #792, 1000.000000000000000 ) ;
#322 = LINE ( 'NONE', #180, #875 ) ;
#323 = VERTEX_POINT ( 'NONE', #346 ) ;
#324 = ORGANIZATION ( 'UNSPECIFIED', 'UNSPECIFIED', '' ) ;
#325 = EDGE_CURVE ( 'NONE', #674, #1201, #685, .T. ) ;
#326 = CARTESIAN_POINT ( 'NONE',  ( -2.785677655436834765, -10.49999999999999822, -11.70000000000000284 ) ) ;
#327 = VERTEX_POINT ( 'NONE', #531 ) ;
#328 = CARTESIAN_POINT ( 'NONE',  ( -3.575000000000000178, 7.150000000000002132, 15.03036895603289658 ) ) ;
#329 = PLANE ( 'NONE',  #1070 ) ;
#330 = DIRECTION ( 'NONE',  ( -1.000000000000000000, 0.000000000000000000, 0.000000000000000000 ) ) ;
#331 = LINE ( 'NONE', #949, #321 ) ;
#332 = EDGE_LOOP ( 'NONE', ( #1952, #1302, #1282, #1628, #818, #1092, #1780, #1699, #810 ) ) ;
#333 = DIRECTION ( 'NONE',  ( 0.000000000000000000, 0.000000000000000000, 1.000000000000000000 ) ) ;
#334 = ORIENTED_EDGE ( 'NONE', *, *, #1649, .F. ) ;
#335 = DIRECTION ( 'NONE',  ( 0.1736481776669640542, -0.000000000000000000, 0.9848077530122022472 ) ) ;
#336 = CARTESIAN_POINT ( 'NONE',  ( -22.50000000000000000, -6.299999999999999822, -11.90000000000000036 ) ) ;
#337 = LINE ( 'NONE', #200, #1062 ) ;
#338 = DIRECTION ( 'NONE',  ( -0.000000000000000000, -0.000000000000000000, 1.000000000000000000 ) ) ;
#339 = ORIENTED_EDGE ( 'NONE', *, *, #249, .T. ) ;
#340 = DIRECTION ( 'NONE',  ( 1.000000000000000000, 0.000000000000000000, 0.000000000000000000 ) ) ;
#341 = ORIENTED_EDGE ( 'NONE', *, *, #681, .T. ) ;
#342 = CARTESIAN_POINT ( 'NONE',  ( -30.50000000000000000, 0.000000000000000000, 0.000000000000000000 ) ) ;
#343 = VECTOR ( 'NONE', #928, 1000.000000000000000 ) ;
#344 = LINE ( 'NONE', #1306, #972 ) ;
#345 = CIRCLE ( 'NONE', #1352, 10.00000000000000000 ) ;
#346 = CARTESIAN_POINT ( 'NONE',  ( -1.946061709223074088, 0.08377210346859566281, 12.00149133336821095 ) ) ;
#347 = CARTESIAN_POINT ( 'NONE',  ( -13.82908965343769125, 3.500000000000000444, 11.90000000000000036 ) ) ;
#348 = CIRCLE ( 'NONE', #286, 9.900000000000000355 ) ;
#349 = EDGE_LOOP ( 'NONE', ( #183, #603, #817, #1012 ) ) ;
#350 = VECTOR ( 'NONE', #1707, 1000.000000000000000 ) ;
#351 = AXIS2_PLACEMENT_3D ( 'NONE', #189, #498, #1604 ) ;
#352 = ORIENTED_EDGE ( 'NONE', *, *, #1006, .F. ) ;
#353 = DIRECTION ( 'NONE',  ( 0.000000000000000000, 0.000000000000000000, 1.000000000000000000 ) ) ;
#354 = ORIENTED_EDGE ( 'NONE', *, *, #943, .F. ) ;
#355 = LOCAL_TIME ( 10, 20, 29.00000000000000000, #899 ) ;
#356 = DIRECTION ( 'NONE',  ( -0.8660254037844387076, -0.4999999999999998890, 0.000000000000000000 ) ) ;
#357 = CARTESIAN_POINT ( 'NONE',  ( -28.50000000000000000, -7.700000000000000178, -3.250000000000000444 ) ) ;
#358 = EDGE_CURVE ( 'NONE', #1547, #765, #1674, .T. ) ;
#359 = PLANE ( 'NONE',  #1186 ) ;
#360 = CARTESIAN_POINT ( 'NONE',  ( -10.09950493836207208, 3.500000000000000000, -11.70000000000000284 ) ) ;
#361 = ORIENTED_EDGE ( 'NONE', *, *, #1585, .F. ) ;
#362 = VERTEX_POINT ( 'NONE', #848 ) ;
#363 = FACE_OUTER_BOUND ( 'NONE', #1207, .T. ) ;
#364 = VERTEX_POINT ( 'NONE', #409 ) ;
#365 = DIRECTION ( 'NONE',  ( -0.000000000000000000, -1.000000000000000000, 0.000000000000000000 ) ) ;
#366 = FACE_OUTER_BOUND ( 'NONE', #1150, .T. ) ;
#367 = CARTESIAN_POINT ( 'NONE',  ( -10.09950493836207208, 5.499999999999969802, -11.70000000000000284 ) ) ;
#368 = DIRECTION ( 'NONE',  ( 0.000000000000000000, 0.000000000000000000, -1.000000000000000000 ) ) ;
#369 = EDGE_CURVE ( 'NONE', #887, #1310, #304, .T. ) ;
#370 = ORIENTED_EDGE ( 'NONE', *, *, #1164, .T. ) ;
#371 = ORIENTED_EDGE ( 'NONE', *, *, #1068, .T. ) ;
#372 = DIRECTION ( 'NONE',  ( -1.000000000000000000, 0.000000000000000000, 0.000000000000000000 ) ) ;
#373 = EDGE_LOOP ( 'NONE', ( #293, #1485, #655, #1359 ) ) ;
#374 = CARTESIAN_POINT ( 'NONE',  ( -2.785677655436835209, -9.499999999999996447, 11.70000000000000284 ) ) ;
#375 = CARTESIAN_POINT ( 'NONE',  ( -13.94784568702338667, -0.5583831715181215571, -14.00000000000000000 ) ) ;
#376 = FACE_OUTER_BOUND ( 'NONE', #1453, .T. ) ;
#377 = PLANE ( 'NONE',  #388 ) ;
#378 = ORIENTED_EDGE ( 'NONE', *, *, #1431, .F. ) ;
#379 = VECTOR ( 'NONE', #1785, 1000.000000000000000 ) ;
#380 = EDGE_CURVE ( 'NONE', #517, #1865, #1950, .T. ) ;
#381 = VERTEX_POINT ( 'NONE', #1971 ) ;
#382 = VECTOR ( 'NONE', #1312, 1000.000000000000000 ) ;
#383 = CARTESIAN_POINT ( 'NONE',  ( -18.82908965343831298, 2.160254037844220321, -11.90000000000000036 ) ) ;
#384 = VERTEX_POINT ( 'NONE', #555 ) ;
#385 = AXIS2_PLACEMENT_3D ( 'NONE', #1766, #1156, #825 ) ;
#386 = EDGE_CURVE ( 'NONE', #431, #674, #92, .T. ) ;
#387 = DIRECTION ( 'NONE',  ( -0.7660444431189805670, 0.000000000000000000, -0.6427876096865364763 ) ) ;
#388 = AXIS2_PLACEMENT_3D ( 'NONE', #1461, #1130, #1894 ) ;
#389 = VECTOR ( 'NONE', #82, 999.9999999999998863 ) ;
#390 = CARTESIAN_POINT ( 'NONE',  ( -30.50000000000000000, -10.49999999999999822, -14.00000000000000000 ) ) ;
#391 = DIRECTION ( 'NONE',  ( -0.000000000000000000, 1.000000000000000000, -0.000000000000000000 ) ) ;
#392 = EDGE_LOOP ( 'NONE', ( #1094, #617, #313, #1058, #1930, #931 ) ) ;
#393 = VERTEX_POINT ( 'NONE', #867 ) ;
#394 = DIRECTION ( 'NONE',  ( 0.1736481776669640542, -0.000000000000000000, 0.9848077530122022472 ) ) ;
#395 = VERTEX_POINT ( 'NONE', #390 ) ;
#396 = CARTESIAN_POINT ( 'NONE',  ( -2.785677655436834765, -10.49999999999999822, -14.00000000000000000 ) ) ;
#397 = ADVANCED_FACE ( 'NONE', ( #1469 ), #1493, .T. ) ;
#398 = CARTESIAN_POINT ( 'NONE',  ( 1.745121688784979411E-15, -9.499999999999998224, 9.000000000000001776 ) ) ;
#399 = CARTESIAN_POINT ( 'NONE',  ( -2.785677655436835209, -10.49999999999999822, 11.70000000000000284 ) ) ;
#400 = DIRECTION ( 'NONE',  ( 0.1736481776669639987, -0.000000000000000000, 0.9848077530122020251 ) ) ;
#401 = EDGE_LOOP ( 'NONE', ( #1761, #1799, #19, #697 ) ) ;
#402 = ORIENTED_EDGE ( 'NONE', *, *, #830, .F. ) ;
#403 = DIRECTION ( 'NONE',  ( 0.000000000000000000, 0.000000000000000000, -1.000000000000000000 ) ) ;
#404 = ORIENTED_EDGE ( 'NONE', *, *, #419, .T. ) ;
#405 = CARTESIAN_POINT ( 'NONE',  ( 0.000000000000000000, -9.499999999999998224, 9.000000000000001776 ) ) ;
#406 = EDGE_CURVE ( 'NONE', #768, #85, #565, .T. ) ;
#407 = APPROVAL_DATE_TIME ( #1939, #1980 ) ;
#408 = EDGE_CURVE ( 'NONE', #1923, #1148, #103, .T. ) ;
#409 = CARTESIAN_POINT ( 'NONE',  ( -6.876769230530335619, 6.554391272271704594, 9.000000000000001776 ) ) ;
#410 = CARTESIAN_POINT ( 'NONE',  ( -30.50000000000000000, -10.49999999999999822, 3.249999999999999556 ) ) ;
#411 = VERTEX_POINT ( 'NONE', #1338 ) ;
#412 = FACE_BOUND ( 'NONE', #983, .T. ) ;
#413 = CARTESIAN_POINT ( 'NONE',  ( 1.745121688784979017E-15, -9.499999999999994671, -11.70000000000000284 ) ) ;
#414 = VECTOR ( 'NONE', #730, 999.9999999999998863 ) ;
#415 = CARTESIAN_POINT ( 'NONE',  ( -8.540045973432929927, 4.234814886140162216, -9.138464175059048955 ) ) ;
#416 = VECTOR ( 'NONE', #756, 1000.000000000000000 ) ;
#417 = CIRCLE ( 'NONE', #1742, 3.000000000001719958 ) ;
#418 = DIRECTION ( 'NONE',  ( 1.000000000000000000, 0.000000000000000000, 0.000000000000000000 ) ) ;
#419 = EDGE_CURVE ( 'NONE', #460, #1279, #1959, .T. ) ;
#420 = CIRCLE ( 'NONE', #1549, 3.575000000000000178 ) ;
#421 = DIRECTION ( 'NONE',  ( 1.000000000000000000, 0.000000000000000000, 0.000000000000000000 ) ) ;
#422 = PLANE ( 'NONE',  #36 ) ;
#423 = ADVANCED_FACE ( 'NONE', ( #1626 ), #714, .F. ) ;
#424 = VERTEX_POINT ( 'NONE', #1155 ) ;
#425 = EDGE_LOOP ( 'NONE', ( #914, #1499 ) ) ;
#426 = DIRECTION ( 'NONE',  ( -0.000000000000000000, -0.000000000000000000, -1.000000000000000000 ) ) ;
#427 = VERTEX_POINT ( 'NONE', #1537 ) ;
#428 = CARTESIAN_POINT ( 'NONE',  ( -10.09950493836207208, 3.500000000000000000, -9.533534209776796331 ) ) ;
#429 = PERSON_AND_ORGANIZATION ( #1802, #324 ) ;
#430 = DIRECTION ( 'NONE',  ( 1.000000000000000000, 0.000000000000000000, 0.000000000000000000 ) ) ;
#431 = VERTEX_POINT ( 'NONE', #1019 ) ;
#432 = EDGE_CURVE ( 'NONE', #1567, #435, #1778, .T. ) ;
#433 = CARTESIAN_POINT ( 'NONE',  ( 0.000000000000000000, -6.299999999999999822, 0.000000000000000000 ) ) ;
#434 = CARTESIAN_POINT ( 'NONE',  ( -18.82908965343830943, 2.160254037844219432, 11.90000000000000036 ) ) ;
#435 = VERTEX_POINT ( 'NONE', #1330 ) ;
#436 = CARTESIAN_POINT ( 'NONE',  ( 0.000000000000000000, 3.575000000000000178, -14.40000000000000213 ) ) ;
#437 = DATE_AND_TIME ( #1059, #745 ) ;
#438 = FACE_OUTER_BOUND ( 'NONE', #1353, .T. ) ;
#439 = ORIENTED_EDGE ( 'NONE', *, *, #1016, .T. ) ;
#440 = CARTESIAN_POINT ( 'NONE',  ( -28.50000000000000000, -10.49999999999999822, -3.250000000000000444 ) ) ;
#441 = CARTESIAN_POINT ( 'NONE',  ( -13.34075546233364662, 3.456895176573467232, -11.76637796717715823 ) ) ;
#442 = EDGE_CURVE ( 'NONE', #1588, #163, #123, .T. ) ;
#443 = CLOSED_SHELL ( 'NONE', ( #743, #297, #423, #1105, #1903, #397, #721, #1917, #1521, #1185, #310, #762, #1764, #12, #1270, #1784, #1569, #533, #212, #1056, #917, #1970, #454, #992, #1861, #530, #803, #1670, #1634, #120, #225, #1032, #1929, #307, #262, #666, #1372, #1101, #790, #272, #201, #1017, #1261, #520, #1418, #619, #1244, #930, #1731, #1644, #855, #966, #58, #1159, #1246, #561, #1719, #1890, #185 ) ) ;
#444 = CARTESIAN_POINT ( 'NONE',  ( -16.50858157774925417, -6.299999999999999822, -11.90000000000000036 ) ) ;
#445 = EDGE_CURVE ( 'NONE', #395, #381, #1178, .T. ) ;
#446 = AXIS2_PLACEMENT_3D ( 'NONE', #1655, #182, #809 ) ;
#447 = CIRCLE ( 'NONE', #1410, 4.324306997247404638 ) ;
#448 = CARTESIAN_POINT ( 'NONE',  ( 0.000000000000000000, 0.000000000000000000, -14.00000000000000000 ) ) ;
#449 = VECTOR ( 'NONE', #1398, 1000.000000000000000 ) ;
#450 = ORIENTED_EDGE ( 'NONE', *, *, #319, .T. ) ;
#451 = CARTESIAN_POINT ( 'NONE',  ( -13.50000000000001776, -6.299999999999999822, 11.90000000000000036 ) ) ;
#452 = DIRECTION ( 'NONE',  ( -1.000000000000000000, 0.000000000000000000, 1.885568995626965766E-16 ) ) ;
#453 = CARTESIAN_POINT ( 'NONE',  ( 2.192973284704969217, 2.862962470593660047, -14.01331964193357393 ) ) ;
#454 = ADVANCED_FACE ( 'NONE', ( #1797, #1635 ), #1040, .T. ) ;
#455 = ORIENTED_EDGE ( 'NONE', *, *, #1745, .F. ) ;
#456 = LINE ( 'NONE', #1741, #188 ) ;
#457 = EDGE_CURVE ( 'NONE', #1279, #696, #1009, .T. ) ;
#458 = EDGE_CURVE ( 'NONE', #362, #1640, #456, .T. ) ;
#459 = DIRECTION ( 'NONE',  ( 1.000000000000000000, 0.000000000000000000, 0.000000000000000000 ) ) ;
#460 = VERTEX_POINT ( 'NONE', #20 ) ;
#461 = CARTESIAN_POINT ( 'NONE',  ( -30.50000000000000000, -10.49999999999999822, 11.90000000000000036 ) ) ;
#462 = CARTESIAN_POINT ( 'NONE',  ( -22.50000000000000000, -7.700000000000000178, 2.250000000000000444 ) ) ;
#463 = EDGE_LOOP ( 'NONE', ( #991, #1054 ) ) ;
#464 = CARTESIAN_POINT ( 'NONE',  ( -22.50000000000000000, -7.700000000000000178, -3.250000000000000444 ) ) ;
#465 = VERTEX_POINT ( 'NONE', #1275 ) ;
#466 = CARTESIAN_POINT ( 'NONE',  ( -7.455188463233563212, 5.947522469881466378, -9.000000000000003553 ) ) ;
#467 = CARTESIAN_POINT ( 'NONE',  ( -13.82908965343769303, -6.500000000001240785, -11.90000000000000036 ) ) ;
#468 = ORIENTED_EDGE ( 'NONE', *, *, #458, .T. ) ;
#469 = EDGE_CURVE ( 'NONE', #1189, #224, #954, .T. ) ;
#470 = LINE ( 'NONE', #299, #1217 ) ;
#471 = LINE ( 'NONE', #1091, #350 ) ;
#472 = VERTEX_POINT ( 'NONE', #1891 ) ;
#473 = CARTESIAN_POINT ( 'NONE',  ( -8.343069296907820842, 4.543478260869554752, -9.108085922565779313 ) ) ;
#474 = VERTEX_POINT ( 'NONE', #1242 ) ;
#475 = CARTESIAN_POINT ( 'NONE',  ( 0.000000000000000000, 0.000000000000000000, 11.70000000000000284 ) ) ;
#476 = AXIS2_PLACEMENT_3D ( 'NONE', #510, #1460, #957 ) ;
#477 = CIRCLE ( 'NONE', #31, 9.500000000000001776 ) ;
#478 = CARTESIAN_POINT ( 'NONE',  ( -9.888773523252083919, -0.4713366162612226407, 11.70000000000000284 ) ) ;
#479 = EDGE_CURVE ( 'NONE', #1050, #1749, #1859, .T. ) ;
#480 = AXIS2_PLACEMENT_3D ( 'NONE', #1402, #1710, #635 ) ;
#481 = CIRCLE ( 'NONE', #1516, 9.500000000000005329 ) ;
#482 = CARTESIAN_POINT ( 'NONE',  ( -13.94784568702338667, -0.5583831715181215571, -11.90000000000000036 ) ) ;
#483 = EDGE_CURVE ( 'NONE', #1565, #202, #1208, .T. ) ;
#484 = ORIENTED_EDGE ( 'NONE', *, *, #651, .T. ) ;
#485 = APPROVAL_PERSON_ORGANIZATION ( #1522, #1889, #296 ) ;
#486 = CARTESIAN_POINT ( 'NONE',  ( -9.880554126124668102, -0.5930206074989256004, 11.70000000000000284 ) ) ;
#487 = ORIENTED_EDGE ( 'NONE', *, *, #1755, .T. ) ;
#488 = DIRECTION ( 'NONE',  ( 0.000000000000000000, 0.000000000000000000, 1.000000000000000000 ) ) ;
#489 = PLANE ( 'NONE',  #1038 ) ;
#490 = CARTESIAN_POINT ( 'NONE',  ( 3.575000000000000178, 4.378112306951786773E-16, 11.70000000000000284 ) ) ;
#491 = DIRECTION ( 'NONE',  ( 0.9848077530122021361, 0.000000000000000000, -0.1736481776669641652 ) ) ;
#492 = EDGE_LOOP ( 'NONE', ( #1363, #614, #1432, #874 ) ) ;
#493 = EDGE_CURVE ( 'NONE', #942, #1886, #978, .T. ) ;
#494 = CARTESIAN_POINT ( 'NONE',  ( -13.06844814108468178, -6.299999999999999822, 0.000000000000000000 ) ) ;
#495 = ORIENTED_EDGE ( 'NONE', *, *, #1558, .F. ) ;
#496 = DIRECTION ( 'NONE',  ( 1.000000000000000000, 0.000000000000000000, 0.000000000000000000 ) ) ;
#497 = DIRECTION ( 'NONE',  ( -1.000000000000000000, 0.000000000000000000, 0.000000000000000000 ) ) ;
#498 = DIRECTION ( 'NONE',  ( 0.000000000000000000, 0.000000000000000000, 1.000000000000000000 ) ) ;
#499 = CARTESIAN_POINT ( 'NONE',  ( -22.50000000000000000, -6.299999999999999822, 11.90000000000000036 ) ) ;
#500 = ORIENTED_EDGE ( 'NONE', *, *, #1989, .F. ) ;
#501 = ORIENTED_EDGE ( 'NONE', *, *, #1081, .F. ) ;
#502 = CARTESIAN_POINT ( 'NONE',  ( 0.000000000000000000, -6.299999999999999822, 9.000000000000001776 ) ) ;
#503 = EDGE_CURVE ( 'NONE', #950, #1812, #1175, .T. ) ;
#504 = ORIENTED_EDGE ( 'NONE', *, *, #1394, .T. ) ;
#505 = FACE_BOUND ( 'NONE', #463, .T. ) ;
#506 = EDGE_CURVE ( 'NONE', #765, #821, #1415, .T. ) ;
#507 = AXIS2_PLACEMENT_3D ( 'NONE', #1063, #1259, #1716 ) ;
#508 = FACE_OUTER_BOUND ( 'NONE', #1955, .T. ) ;
#509 = AXIS2_PLACEMENT_3D ( 'NONE', #1927, #926, #1809 ) ;
#510 = CARTESIAN_POINT ( 'NONE',  ( -27.49999999999828049, -6.310000000001025455, -11.90000000000000036 ) ) ;
#511 = CARTESIAN_POINT ( 'NONE',  ( -30.50000000000000000, -9.500000000000000000, -14.00000000000000000 ) ) ;
#512 = VECTOR ( 'NONE', #1281, 1000.000000000000000 ) ;
#513 = ORIENTED_EDGE ( 'NONE', *, *, #1212, .F. ) ;
#514 = VECTOR ( 'NONE', #725, 1000.000000000000000 ) ;
#515 = EDGE_LOOP ( 'NONE', ( #371, #726, #196, #339, #1847, #1844, #961, #974, #1030, #1112, #678, #885 ) ) ;
#516 = FACE_OUTER_BOUND ( 'NONE', #982, .T. ) ;
#517 = VERTEX_POINT ( 'NONE', #1265 ) ;
#518 = CARTESIAN_POINT ( 'NONE',  ( 0.000000000000000000, -6.299999999999999822, -9.000000000000001776 ) ) ;
#519 = ORIENTED_EDGE ( 'NONE', *, *, #1346, .F. ) ;
#520 = ADVANCED_FACE ( 'NONE', ( #946 ), #1387, .T. ) ;
#521 = CARTESIAN_POINT ( 'NONE',  ( 0.000000000000000000, 0.000000000000000000, 11.70000000000000284 ) ) ;
#522 = DIRECTION ( 'NONE',  ( 0.000000000000000000, 0.000000000000000000, -1.000000000000000000 ) ) ;
#523 = DIRECTION ( 'NONE',  ( 1.000000000000000000, 0.000000000000000000, 0.000000000000000000 ) ) ;
#524 = ORIENTED_EDGE ( 'NONE', *, *, #952, .F. ) ;
#525 = ORIENTED_EDGE ( 'NONE', *, *, #1496, .F. ) ;
#526 = CYLINDRICAL_SURFACE ( 'NONE', #581, 3.000000000001719958 ) ;
#527 = VERTEX_POINT ( 'NONE', #811 ) ;
#528 = FACE_OUTER_BOUND ( 'NONE', #1169, .T. ) ;
#529 = CARTESIAN_POINT ( 'NONE',  ( -11.23566817407099983, -6.299999999999999822, 11.90000000000000036 ) ) ;
#530 = ADVANCED_FACE ( 'NONE', ( #314, #505 ), #1233, .T. ) ;
#531 = CARTESIAN_POINT ( 'NONE',  ( -3.575000000000000178, 0.000000000000000000, -11.70000000000000284 ) ) ;
#532 = CYLINDRICAL_SURFACE ( 'NONE', #385, 10.00000000000123990 ) ;
#533 = ADVANCED_FACE ( 'NONE', ( #788 ), #1425, .T. ) ;
#534 = ORIENTED_EDGE ( 'NONE', *, *, #1089, .F. ) ;
#535 = ORIENTED_EDGE ( 'NONE', *, *, #1361, .T. ) ;
#536 = PLANE ( 'NONE',  #838 ) ;
#537 = ORIENTED_EDGE ( 'NONE', *, *, #325, .F. ) ;
#538 = DIRECTION ( 'NONE',  ( -0.8660254037844387076, -0.4999999999999998335, -0.000000000000000000 ) ) ;
#539 = DIRECTION ( 'NONE',  ( 1.000000000000000000, 0.000000000000000000, 0.000000000000000000 ) ) ;
#540 = CIRCLE ( 'NONE', #876, 3.575000000000000178 ) ;
#541 = DIRECTION ( 'NONE',  ( 1.000000000000000000, 0.000000000000000000, 0.000000000000000000 ) ) ;
#542 = CARTESIAN_POINT ( 'NONE',  ( -10.09950493836207208, 3.500000000000000000, 10.00000000000000000 ) ) ;
#543 = ORIENTED_EDGE ( 'NONE', *, *, #284, .T. ) ;
#544 = VECTOR ( 'NONE', #667, 1000.000000000000000 ) ;
#545 = EDGE_CURVE ( 'NONE', #1148, #589, #477, .T. ) ;
#546 = ORIENTED_EDGE ( 'NONE', *, *, #843, .F. ) ;
#547 = CIRCLE ( 'NONE', #1097, 6.000000000000005329 ) ;
#548 = CYLINDRICAL_SURFACE ( 'NONE', #1514, 1.499999999999988676 ) ;
#549 = ADVANCED_BREP_SHAPE_REPRESENTATION ( 'Anclaje Cadena', ( #197, #1651 ), #1196 ) ;
#550 = ORIENTED_EDGE ( 'NONE', *, *, #1274, .T. ) ;
#551 = VECTOR ( 'NONE', #695, 1000.000000000000000 ) ;
#552 = LINE ( 'NONE', #1762, #1833 ) ;
#553 = VECTOR ( 'NONE', #1524, 1000.000000000000000 ) ;
#554 = SECURITY_CLASSIFICATION_LEVEL ( 'unclassified' ) ;
#555 = CARTESIAN_POINT ( 'NONE',  ( -8.343069296907820842, 4.543478260869554752, 9.108085922565779313 ) ) ;
#556 = FACE_OUTER_BOUND ( 'NONE', #1465, .T. ) ;
#557 = ORIENTED_EDGE ( 'NONE', *, *, #1285, .F. ) ;
#558 = CARTESIAN_POINT ( 'NONE',  ( -11.23566817407099983, 3.500000000000000000, 10.00000000000000000 ) ) ;
#559 = CARTESIAN_POINT ( 'NONE',  ( -30.50000000000000000, -4.577949192431158387, 14.00000000000000000 ) ) ;
#560 = ORIENTED_EDGE ( 'NONE', *, *, #284, .F. ) ;
#561 = ADVANCED_FACE ( 'NONE', ( #177 ), #157, .F. ) ;
#562 = DIRECTION ( 'NONE',  ( 1.000000000000000000, 0.000000000000000000, 0.000000000000000000 ) ) ;
#563 = EDGE_CURVE ( 'NONE', #1189, #1600, #1880, .T. ) ;
#564 = COORDINATED_UNIVERSAL_TIME_OFFSET ( 3, 0, .BEHIND. ) ;
#565 = LINE ( 'NONE', #156, #1898 ) ;
#566 = LINE ( 'NONE', #593, #193 ) ;
#567 = ORIENTED_EDGE ( 'NONE', *, *, #275, .F. ) ;
#568 = EDGE_LOOP ( 'NONE', ( #1076, #863, #1554, #543, #1413 ) ) ;
#569 = DIRECTION ( 'NONE',  ( -1.000000000000000000, 0.000000000000000000, 0.000000000000000000 ) ) ;
#570 = FACE_OUTER_BOUND ( 'NONE', #1384, .T. ) ;
#571 = EDGE_CURVE ( 'NONE', #975, #79, #637, .T. ) ;
#572 = EDGE_CURVE ( 'NONE', #85, #146, #198, .T. ) ;
#573 = DIRECTION ( 'NONE',  ( -0.000000000000000000, -0.000000000000000000, -1.000000000000000000 ) ) ;
#574 = CARTESIAN_POINT ( 'NONE',  ( -9.888773523252078590, -0.4713366162612961374, 14.00000000000000000 ) ) ;
#575 = ORIENTED_EDGE ( 'NONE', *, *, #1307, .F. ) ;
#576 = DIRECTION ( 'NONE',  ( 0.000000000000000000, 1.000000000000000000, 0.000000000000000000 ) ) ;
#577 = CARTESIAN_POINT ( 'NONE',  ( -13.26164928148117284, 3.443330393368229991, -11.70000000000000284 ) ) ;
#578 = CIRCLE ( 'NONE', #1190, 1.499999999999987788 ) ;
#579 = DIRECTION ( 'NONE',  ( -1.000000000000000000, -0.000000000000000000, -0.000000000000000000 ) ) ;
#580 = ORIENTED_EDGE ( 'NONE', *, *, #651, .F. ) ;
#581 = AXIS2_PLACEMENT_3D ( 'NONE', #1946, #1003, #1922 ) ;
#582 =( BOUNDED_CURVE ( )  B_SPLINE_CURVE ( 3, ( #242, #990, #233, #973 ),
 .UNSPECIFIED., .F., .T. ) 
 B_SPLINE_CURVE_WITH_KNOTS ( ( 4, 4 ),
 ( 3.141592653589793116, 6.283185307179586232 ),
 .UNSPECIFIED. ) 
 CURVE ( )  GEOMETRIC_REPRESENTATION_ITEM ( )  RATIONAL_B_SPLINE_CURVE ( ( 1.000000000000000000, 0.3333333333333333703, 0.3333333333333333703, 1.000000000000000000 ) ) 
 REPRESENTATION_ITEM ( '' )  );
#583 = VECTOR ( 'NONE', #1200, 1000.000000000000000 ) ;
#584 = DIRECTION ( 'NONE',  ( -5.453505277453064357E-16, 1.000000000000000000, 0.000000000000000000 ) ) ;
#585 = AXIS2_PLACEMENT_3D ( 'NONE', #979, #801, #497 ) ;
#586 = CARTESIAN_POINT ( 'NONE',  ( 0.9305210932246260613, -3.484162324266463884, -14.23592402514612765 ) ) ;
#587 = LINE ( 'NONE', #734, #909 ) ;
#588 = EDGE_LOOP ( 'NONE', ( #25, #370, #853, #1736, #1973, #170 ) ) ;
#589 = VERTEX_POINT ( 'NONE', #1871 ) ;
#590 = CARTESIAN_POINT ( 'NONE',  ( -2.785677655436834765, -9.500000000000000000, 14.00000000000000000 ) ) ;
#591 = EDGE_LOOP ( 'NONE', ( #205, #136 ) ) ;
#592 = CARTESIAN_POINT ( 'NONE',  ( 0.000000000000000000, -9.499999999999994671, -9.000000000000003553 ) ) ;
#593 = CARTESIAN_POINT ( 'NONE',  ( -22.50000000000000000, -7.700000000000000178, -3.250000000000000444 ) ) ;
#594 = EDGE_CURVE ( 'NONE', #323, #1239, #578, .T. ) ;
#595 = ORIENTED_EDGE ( 'NONE', *, *, #1633, .F. ) ;
#596 = DIRECTION ( 'NONE',  ( 0.000000000000000000, 0.000000000000000000, -1.000000000000000000 ) ) ;
#597 = FACE_OUTER_BOUND ( 'NONE', #1911, .T. ) ;
#598 = EDGE_CURVE ( 'NONE', #1913, #826, #99, .T. ) ;
#599 = DESIGN_CONTEXT ( 'detailed design', #923, 'design' ) ;
#600 = CARTESIAN_POINT ( 'NONE',  ( -10.09950493836207208, 5.499999999999969802, 11.90000000000000036 ) ) ;
#601 = CALENDAR_DATE ( 2026, 19, 8 ) ;
#602 = DIRECTION ( 'NONE',  ( 0.000000000000000000, 1.000000000000000000, 0.000000000000000000 ) ) ;
#603 = ORIENTED_EDGE ( 'NONE', *, *, #1582, .T. ) ;
#604 = CARTESIAN_POINT ( 'NONE',  ( 1.499999999999988232, 0.08377210346839455979, -14.13550952893725210 ) ) ;
#605 = CARTESIAN_POINT ( 'NONE',  ( 1.745121688784979017E-15, -10.49999999999999822, -11.70000000000000284 ) ) ;
#606 = EDGE_CURVE ( 'NONE', #126, #821, #1805, .T. ) ;
#607 = VECTOR ( 'NONE', #171, 1000.000000000000000 ) ;
#608 = LINE ( 'NONE', #140, #129 ) ;
#609 = CIRCLE ( 'NONE', #1, 9.500000000000005329 ) ;
#610 = VECTOR ( 'NONE', #1681, 1000.000000000000000 ) ;
#611 = VECTOR ( 'NONE', #84, 1000.000000000000000 ) ;
#612 = CARTESIAN_POINT ( 'NONE',  ( -11.23566817407099805, -6.299999999999999822, -10.00000000000000000 ) ) ;
#613 = AXIS2_PLACEMENT_3D ( 'NONE', #1109, #760, #1375 ) ;
#614 = ORIENTED_EDGE ( 'NONE', *, *, #175, .F. ) ;
#615 = CARTESIAN_POINT ( 'NONE',  ( -13.06844814108468178, -8.299999999999998934, 4.000000000000000888 ) ) ;
#616 = DIRECTION ( 'NONE',  ( -0.000000000000000000, 1.000000000000000000, 0.000000000000000000 ) ) ;
#617 = ORIENTED_EDGE ( 'NONE', *, *, #406, .T. ) ;
#618 = CARTESIAN_POINT ( 'NONE',  ( -2.785677655436834765, -10.49999999999999822, -14.00000000000000000 ) ) ;
#619 = ADVANCED_FACE ( 'NONE', ( #528 ), #1143, .F. ) ;
#620 = DIRECTION ( 'NONE',  ( 1.000000000000000000, 0.000000000000000000, 0.000000000000000000 ) ) ;
#621 = EDGE_CURVE ( 'NONE', #143, #411, #1482, .T. ) ;
#622 = DIRECTION ( 'NONE',  ( -1.000000000000000000, 0.000000000000000000, -0.000000000000000000 ) ) ;
#623 = CARTESIAN_POINT ( 'NONE',  ( -28.50000000000000000, -7.700000000000000178, -3.250000000000000444 ) ) ;
#624 = CARTESIAN_POINT ( 'NONE',  ( 1.477211629514312508, 0.08377210346859548240, 14.13952773350026604 ) ) ;
#625 = ORIENTED_EDGE ( 'NONE', *, *, #970, .F. ) ;
#626 = LINE ( 'NONE', #18, #257 ) ;
#627 = EDGE_LOOP ( 'NONE', ( #1672, #761 ) ) ;
#628 = EDGE_CURVE ( 'NONE', #1749, #53, #1643, .T. ) ;
#629 = CARTESIAN_POINT ( 'NONE',  ( -13.82908965343769125, -6.500000000001240785, 14.00000000000000000 ) ) ;
#630 = EDGE_CURVE ( 'NONE', #1506, #1600, #248, .T. ) ;
#631 = LINE ( 'NONE', #753, #230 ) ;
#632 = DIRECTION ( 'NONE',  ( 0.000000000000000000, 0.000000000000000000, 1.000000000000000000 ) ) ;
#633 = CARTESIAN_POINT ( 'NONE',  ( -2.785677655436835209, -10.49999999999999822, 11.70000000000000284 ) ) ;
#634 = ORIENTED_EDGE ( 'NONE', *, *, #109, .F. ) ;
#635 = DIRECTION ( 'NONE',  ( 0.000000000000000000, 0.000000000000000000, -1.000000000000000000 ) ) ;
#636 = VERTEX_POINT ( 'NONE', #405 ) ;
#637 = LINE ( 'NONE', #49, #1511 ) ;
#638 = VECTOR ( 'NONE', #857, 1000.000000000000000 ) ;
#639 = AXIS2_PLACEMENT_3D ( 'NONE', #647, #1556, #924 ) ;
#640 = CARTESIAN_POINT ( 'NONE',  ( -3.575000000000000178, 0.000000000000000000, 24.58962104337493670 ) ) ;
#641 = EDGE_CURVE ( 'NONE', #826, #1812, #609, .T. ) ;
#642 = ORIENTED_EDGE ( 'NONE', *, *, #1126, .T. ) ;
#643 = AXIS2_PLACEMENT_3D ( 'NONE', #261, #1665, #134 ) ;
#644 = CARTESIAN_POINT ( 'NONE',  ( -14.19992590469552063, -0.8083768963724484724, 14.00000000000000000 ) ) ;
#645 = CARTESIAN_POINT ( 'NONE',  ( -27.49999999999828049, -6.310000000001028120, 11.90000000000000036 ) ) ;
#646 = ORIENTED_EDGE ( 'NONE', *, *, #704, .T. ) ;
#647 = CARTESIAN_POINT ( 'NONE',  ( 0.000000000000000000, 0.000000000000000000, -11.70000000000000284 ) ) ;
#648 = ORIENTED_EDGE ( 'NONE', *, *, #1397, .T. ) ;
#649 = CARTESIAN_POINT ( 'NONE',  ( -13.06844814108468178, -21.81370849898475939, 4.000000000000000888 ) ) ;
#650 = PLANE ( 'NONE',  #805 ) ;
#651 = EDGE_CURVE ( 'NONE', #1180, #1961, #552, .T. ) ;
#652 = CARTESIAN_POINT ( 'NONE',  ( -30.50000000000000000, -10.49999999999999822, -11.90000000000000036 ) ) ;
#653 = DIRECTION ( 'NONE',  ( 0.000000000000000000, 0.000000000000000000, -1.000000000000000000 ) ) ;
#654 = VERTEX_POINT ( 'NONE', #1435 ) ;
#655 = ORIENTED_EDGE ( 'NONE', *, *, #380, .F. ) ;
#656 = DIRECTION ( 'NONE',  ( 0.000000000000000000, 0.000000000000000000, 1.000000000000000000 ) ) ;
#657 = ORIENTED_EDGE ( 'NONE', *, *, #1307, .T. ) ;
#658 = CARTESIAN_POINT ( 'NONE',  ( 0.2817313296744549667, -6.299999999999999822, -0.3357543242858780363 ) ) ;
#659 = DIRECTION ( 'NONE',  ( -1.000000000000000000, -0.000000000000000000, -0.000000000000000000 ) ) ;
#660 = CYLINDRICAL_SURFACE ( 'NONE', #1966, 4.000000000000000888 ) ;
#661 = CYLINDRICAL_SURFACE ( 'NONE', #1449, 1.999999999999970468 ) ;
#662 = ORIENTED_EDGE ( 'NONE', *, *, #503, .F. ) ;
#663 = ORIENTED_EDGE ( 'NONE', *, *, #493, .F. ) ;
#664 = DIRECTION ( 'NONE',  ( 0.000000000000000000, 0.000000000000000000, -1.000000000000000000 ) ) ;
#665 = ORIENTED_EDGE ( 'NONE', *, *, #1489, .T. ) ;
#666 = ADVANCED_FACE ( 'NONE', ( #1305 ), #1135, .T. ) ;
#667 = DIRECTION ( 'NONE',  ( -0.000000000000000000, 1.000000000000000000, -0.000000000000000000 ) ) ;
#668 = AXIS2_PLACEMENT_3D ( 'NONE', #273, #1975, #95 ) ;
#669 = DIRECTION ( 'NONE',  ( 0.000000000000000000, 0.000000000000000000, 1.000000000000000000 ) ) ;
#670 = VECTOR ( 'NONE', #1528, 1000.000000000000000 ) ;
#671 = PLANE ( 'NONE',  #351 ) ;
#672 = LINE ( 'NONE', #1909, #1648 ) ;
#673 = CIRCLE ( 'NONE', #1808, 1.499999999999987788 ) ;
#674 = VERTEX_POINT ( 'NONE', #374 ) ;
#675 = AXIS2_PLACEMENT_3D ( 'NONE', #1331, #1350, #1362 ) ;
#676 = VERTEX_POINT ( 'NONE', #1457 ) ;
#677 = LINE ( 'NONE', #1149, #1034 ) ;
#678 = ORIENTED_EDGE ( 'NONE', *, *, #442, .T. ) ;
#679 = CIRCLE ( 'NONE', #1583, 4.060120313780675616 ) ;
#680 = DIRECTION ( 'NONE',  ( 0.000000000000000000, 1.000000000000000000, 0.000000000000000000 ) ) ;
#681 = EDGE_CURVE ( 'NONE', #887, #211, #1793, .T. ) ;
#682 = ORIENTED_EDGE ( 'NONE', *, *, #9, .T. ) ;
#683 = EDGE_CURVE ( 'NONE', #1209, #735, #1752, .T. ) ;
#684 = CARTESIAN_POINT ( 'NONE',  ( 0.000000000000000000, 5.000000000000000000, -14.40000000000000213 ) ) ;
#685 = LINE ( 'NONE', #1299, #7 ) ;
#686 = DIRECTION ( 'NONE',  ( -0.000000000000000000, -0.000000000000000000, 1.000000000000000000 ) ) ;
#687 = EDGE_LOOP ( 'NONE', ( #1900, #176, #1573, #263 ) ) ;
#688 = ORIENTED_EDGE ( 'NONE', *, *, #830, .T. ) ;
#689 = CARTESIAN_POINT ( 'NONE',  ( -18.82908965343830943, 2.160254037844219877, 11.90000000000000036 ) ) ;
#690 = EDGE_LOOP ( 'NONE', ( #361, #827, #1131, #1897, #148, #1440, #1513, #252, #1052, #1623 ) ) ;
#691 = CARTESIAN_POINT ( 'NONE',  ( 1.499999999999988232, -0.7949075529719602518, -14.13550952893725388 ) ) ;
#692 = CARTESIAN_POINT ( 'NONE',  ( -6.876769230530335619, 6.554391272271704594, 9.000000000000001776 ) ) ;
#693 = EDGE_CURVE ( 'NONE', #411, #1749, #870, .T. ) ;
#694 = FACE_OUTER_BOUND ( 'NONE', #349, .T. ) ;
#695 = DIRECTION ( 'NONE',  ( 0.000000000000000000, -1.000000000000000000, 0.000000000000000000 ) ) ;
#696 = VERTEX_POINT ( 'NONE', #822 ) ;
#697 = ORIENTED_EDGE ( 'NONE', *, *, #249, .F. ) ;
#698 = CARTESIAN_POINT ( 'NONE',  ( -28.50000000000000000, -10.49999999999999822, 3.249999999999999556 ) ) ;
#699 = ORIENTED_EDGE ( 'NONE', *, *, #1558, .T. ) ;
#700 = CARTESIAN_POINT ( 'NONE',  ( -13.50000000000001776, 3.458909681112011469, 11.90000000000000036 ) ) ;
#701 = AXIS2_PLACEMENT_3D ( 'NONE', #804, #43, #218 ) ;
#702 = DIRECTION ( 'NONE',  ( 0.000000000000000000, 0.000000000000000000, -1.000000000000000000 ) ) ;
#703 = DIRECTION ( 'NONE',  ( -1.000000000000000000, 0.000000000000000000, 0.000000000000000000 ) ) ;
#704 = EDGE_CURVE ( 'NONE', #1547, #126, #1924, .T. ) ;
#705 = ORIENTED_EDGE ( 'NONE', *, *, #988, .F. ) ;
#706 = AXIS2_PLACEMENT_3D ( 'NONE', #1559, #1404, #488 ) ;
#707 = DIRECTION ( 'NONE',  ( 1.000000000000000000, 0.000000000000000000, 0.000000000000000000 ) ) ;
#708 = CIRCLE ( 'NONE', #3, 4.324306997247404638 ) ;
#709 = CYLINDRICAL_SURFACE ( 'NONE', #1478, 3.575000000000000178 ) ;
#710 = EDGE_LOOP ( 'NONE', ( #1301, #752, #213, #513, #48, #235 ) ) ;
#711 = VECTOR ( 'NONE', #1725, 1000.000000000000000 ) ;
#712 = CIRCLE ( 'NONE', #668, 4.000000000000000888 ) ;
#713 = COORDINATED_UNIVERSAL_TIME_OFFSET ( 3, 0, .BEHIND. ) ;
#714 = CYLINDRICAL_SURFACE ( 'NONE', #316, 1.499999999999988232 ) ;
#715 = DIRECTION ( 'NONE',  ( 0.000000000000000000, -1.000000000000000000, 0.000000000000000000 ) ) ;
#716 = ORIENTED_EDGE ( 'NONE', *, *, #1489, .F. ) ;
#717 = EDGE_CURVE ( 'NONE', #861, #146, #345, .T. ) ;
#718 = CARTESIAN_POINT ( 'NONE',  ( -28.50000000000000000, -7.700000000000000178, 3.249999999999999556 ) ) ;
#719 = CARTESIAN_POINT ( 'NONE',  ( -3.575000000000000178, 0.000000000000000000, -11.70000000000000284 ) ) ;
#720 = ORIENTED_EDGE ( 'NONE', *, *, #54, .F. ) ;
#721 = ADVANCED_FACE ( 'NONE', ( #1466 ), #1445, .T. ) ;
#722 = CARTESIAN_POINT ( 'NONE',  ( -22.50000000000000000, -6.299999999999999822, -11.90000000000000036 ) ) ;
#723 = CARTESIAN_POINT ( 'NONE',  ( -13.94784568702338667, -0.5583831715181215571, -11.70000000000000284 ) ) ;
#724 = DIRECTION ( 'NONE',  ( -0.000000000000000000, 1.000000000000000000, -0.000000000000000000 ) ) ;
#725 = DIRECTION ( 'NONE',  ( -0.000000000000000000, -0.000000000000000000, 1.000000000000000000 ) ) ;
#726 = ORIENTED_EDGE ( 'NONE', *, *, #432, .T. ) ;
#727 = VERTEX_POINT ( 'NONE', #700 ) ;
#728 = CARTESIAN_POINT ( 'NONE',  ( 1.499999999999988232, 0.08377210346839455979, -14.40000000000000213 ) ) ;
#729 = ORIENTED_EDGE ( 'NONE', *, *, #955, .T. ) ;
#730 = DIRECTION ( 'NONE',  ( -0.7660444431189805670, 0.000000000000000000, 0.6427876096865364763 ) ) ;
#731 = EDGE_CURVE ( 'NONE', #765, #1547, #1031, .T. ) ;
#732 = PERSON_AND_ORGANIZATION ( #1802, #324 ) ;
#733 = DIRECTION ( 'NONE',  ( -1.000000000000000000, 0.000000000000000000, -0.000000000000000000 ) ) ;
#734 = CARTESIAN_POINT ( 'NONE',  ( -28.99999999999913669, -3.711923788646222633, 14.00000000000000000 ) ) ;
#735 = VERTEX_POINT ( 'NONE', #89 ) ;
#736 = DIRECTION ( 'NONE',  ( 0.000000000000000000, 0.000000000000000000, 1.000000000000000000 ) ) ;
#737 = LINE ( 'NONE', #127, #416 ) ;
#738 = VECTOR ( 'NONE', #797, 1000.000000000000000 ) ;
#739 = ORIENTED_EDGE ( 'NONE', *, *, #380, .T. ) ;
#740 = AXIS2_PLACEMENT_3D ( 'NONE', #1475, #1296, #986 ) ;
#741 = CARTESIAN_POINT ( 'NONE',  ( 0.000000000000000000, 0.000000000000000000, -14.00000000000000000 ) ) ;
#742 = AXIS2_PLACEMENT_3D ( 'NONE', #1507, #338, #1533 ) ;
#743 = ADVANCED_FACE ( 'NONE', ( #1986 ), #1543, .F. ) ;
#744 = VECTOR ( 'NONE', #75, 1000.000000000000000 ) ;
#745 = LOCAL_TIME ( 10, 20, 29.00000000000000000, #305 ) ;
#746 = EDGE_CURVE ( 'NONE', #1770, #94, #267, .T. ) ;
#747 = CARTESIAN_POINT ( 'NONE',  ( 1.477211629514312063, 0.08377210346859548240, 14.13952773350026426 ) ) ;
#748 = ORIENTED_EDGE ( 'NONE', *, *, #358, .F. ) ;
#749 = ORIENTED_EDGE ( 'NONE', *, *, #1115, .F. ) ;
#750 = DIRECTION ( 'NONE',  ( 0.000000000000000000, 1.000000000000000000, 0.000000000000000000 ) ) ;
#751 = CARTESIAN_POINT ( 'NONE',  ( -9.245107898630111620, 3.682917803944215418, -9.283215689293353279 ) ) ;
#752 = ORIENTED_EDGE ( 'NONE', *, *, #1694, .F. ) ;
#753 = CARTESIAN_POINT ( 'NONE',  ( -28.50000000000000000, -10.49999999999999822, -2.250000000000000444 ) ) ;
#754 = ORIENTED_EDGE ( 'NONE', *, *, #1673, .T. ) ;
#755 = DIRECTION ( 'NONE',  ( -1.000000000000000000, 0.000000000000000000, 0.000000000000000000 ) ) ;
#756 = DIRECTION ( 'NONE',  ( 0.000000000000000000, 1.000000000000000000, 0.000000000000000000 ) ) ;
#757 = VERTEX_POINT ( 'NONE', #1832 ) ;
#758 = CARTESIAN_POINT ( 'NONE',  ( 3.575000000000000622, 3.453909953017859073E-10, -13.76963104396711302 ) ) ;
#759 = ORIENTED_EDGE ( 'NONE', *, *, #717, .F. ) ;
#760 = DIRECTION ( 'NONE',  ( -1.000000000000000000, 0.000000000000000000, 0.000000000000000000 ) ) ;
#761 = ORIENTED_EDGE ( 'NONE', *, *, #67, .F. ) ;
#762 = ADVANCED_FACE ( 'NONE', ( #1222 ), #1684, .F. ) ;
#763 = LINE ( 'NONE', #623, #932 ) ;
#764 = CARTESIAN_POINT ( 'NONE',  ( -13.06844814108468178, -21.81370849898475939, 0.000000000000000000 ) ) ;
#765 = VERTEX_POINT ( 'NONE', #877 ) ;
#766 = EDGE_CURVE ( 'NONE', #1544, #364, #1344, .T. ) ;
#767 = FACE_OUTER_BOUND ( 'NONE', #1690, .T. ) ;
#768 = VERTEX_POINT ( 'NONE', #1518 ) ;
#769 = AXIS2_PLACEMENT_3D ( 'NONE', #1284, #227, #237 ) ;
#770 = CARTESIAN_POINT ( 'NONE',  ( -3.469446951953614978E-15, -10.49999999999999822, 11.70000000000000284 ) ) ;
#771 = AXIS2_PLACEMENT_3D ( 'NONE', #1122, #1899, #372 ) ;
#772 = CIRCLE ( 'NONE', #1256, 3.000000000001719958 ) ;
#773 = DIRECTION ( 'NONE',  ( -0.000000000000000000, -0.000000000000000000, -1.000000000000000000 ) ) ;
#774 = VECTOR ( 'NONE', #231, 1000.000000000000000 ) ;
#775 = CYLINDRICAL_SURFACE ( 'NONE', #1642, 1.499999999999988232 ) ;
#776 = CARTESIAN_POINT ( 'NONE',  ( 1.008361549813509450, 0.08377210346859548240, 11.48054680036732300 ) ) ;
#777 = ORIENTED_EDGE ( 'NONE', *, *, #319, .F. ) ;
#778 = EDGE_CURVE ( 'NONE', #85, #807, #276, .T. ) ;
#779 = CARTESIAN_POINT ( 'NONE',  ( -27.49999999999828049, -6.310000000001028120, 14.00000000000000000 ) ) ;
#780 = ORIENTED_EDGE ( 'NONE', *, *, #571, .F. ) ;
#781 = DIRECTION ( 'NONE',  ( 0.000000000000000000, 0.000000000000000000, 1.000000000000000000 ) ) ;
#782 = CARTESIAN_POINT ( 'NONE',  ( -30.50000000000000000, -6.299999999999999822, -3.250000000000000444 ) ) ;
#783 = CARTESIAN_POINT ( 'NONE',  ( -13.82908965343769125, -6.500000000001240785, 14.00000000000000000 ) ) ;
#784 = DIRECTION ( 'NONE',  ( 0.000000000000000000, 0.000000000000000000, 1.000000000000000000 ) ) ;
#785 = ORIENTED_EDGE ( 'NONE', *, *, #1016, .F. ) ;
#786 = FACE_OUTER_BOUND ( 'NONE', #1043, .T. ) ;
#787 = EDGE_LOOP ( 'NONE', ( #1577, #749, #203, #1849 ) ) ;
#788 = FACE_OUTER_BOUND ( 'NONE', #401, .T. ) ;
#789 = EDGE_CURVE ( 'NONE', #1379, #1430, #1077, .T. ) ;
#790 = ADVANCED_FACE ( 'NONE', ( #570 ), #256, .F. ) ;
#791 = DIRECTION ( 'NONE',  ( -1.000000000000000000, 0.000000000000000000, -0.000000000000000000 ) ) ;
#792 = DIRECTION ( 'NONE',  ( 0.000000000000000000, 0.000000000000000000, -1.000000000000000000 ) ) ;
#793 = ORIENTED_EDGE ( 'NONE', *, *, #628, .T. ) ;
#794 = LINE ( 'NONE', #698, #512 ) ;
#795 = ORIENTED_EDGE ( 'NONE', *, *, #1545, .T. ) ;
#796 = AXIS2_PLACEMENT_3D ( 'NONE', #998, #1617, #232 ) ;
#797 = DIRECTION ( 'NONE',  ( -0.000000000000000000, -0.000000000000000000, 1.000000000000000000 ) ) ;
#798 = AXIS2_PLACEMENT_3D ( 'NONE', #1611, #680, #1914 ) ;
#799 = EDGE_CURVE ( 'NONE', #1565, #220, #608, .T. ) ;
#800 = AXIS2_PLACEMENT_3D ( 'NONE', #633, #452, #151 ) ;
#801 = DIRECTION ( 'NONE',  ( -0.000000000000000000, -0.000000000000000000, -1.000000000000000000 ) ) ;
#802 = VECTOR ( 'NONE', #1872, 1000.000000000000000 ) ;
#803 = ADVANCED_FACE ( 'NONE', ( #1824 ), #294, .F. ) ;
#804 = CARTESIAN_POINT ( 'NONE',  ( -13.82908965343769125, -6.500000000001240785, 11.90000000000000036 ) ) ;
#805 = AXIS2_PLACEMENT_3D ( 'NONE', #1426, #1276, #1892 ) ;
#806 = PLANE ( 'NONE',  #100 ) ;
#807 = VERTEX_POINT ( 'NONE', #722 ) ;
#808 = EDGE_LOOP ( 'NONE', ( #222, #1322, #642, #1781, #1654, #1772, #1230, #665 ) ) ;
#809 = DIRECTION ( 'NONE',  ( -1.000000000000000000, 0.000000000000000000, -3.396661351562978799E-15 ) ) ;
#810 = ORIENTED_EDGE ( 'NONE', *, *, #778, .F. ) ;
#811 = CARTESIAN_POINT ( 'NONE',  ( -13.06844814108468178, -6.299999999999999822, 6.000000000000005329 ) ) ;
#812 = DIRECTION ( 'NONE',  ( -1.000000000000000000, 0.000000000000000000, -0.000000000000000000 ) ) ;
#813 = CC_DESIGN_DATE_AND_TIME_ASSIGNMENT ( #1071, #1243, ( #1486 ) ) ;
#814 = EDGE_CURVE ( 'NONE', #424, #1279, #122, .T. ) ;
#815 = FACE_OUTER_BOUND ( 'NONE', #290, .T. ) ;
#816 = EDGE_CURVE ( 'NONE', #1403, #229, #1815, .T. ) ;
#817 = ORIENTED_EDGE ( 'NONE', *, *, #1831, .T. ) ;
#818 = ORIENTED_EDGE ( 'NONE', *, *, #238, .T. ) ;
#819 = LINE ( 'NONE', #1464, #1447 ) ;
#820 = EDGE_CURVE ( 'NONE', #1422, #950, #1562, .T. ) ;
#821 = VERTEX_POINT ( 'NONE', #1978 ) ;
#822 = CARTESIAN_POINT ( 'NONE',  ( 0.000000000000000000, -3.575000000000000178, -14.40000000000000213 ) ) ;
#823 = CARTESIAN_POINT ( 'NONE',  ( -3.469446951953614978E-15, -10.49999999999999822, 11.70000000000000284 ) ) ;
#824 = DIRECTION ( 'NONE',  ( -1.000000000000000000, 0.000000000000000000, -3.396661351562978799E-15 ) ) ;
#825 = DIRECTION ( 'NONE',  ( 1.000000000000000000, 0.000000000000000000, 0.000000000000000000 ) ) ;
#826 = VERTEX_POINT ( 'NONE', #592 ) ;
#827 = ORIENTED_EDGE ( 'NONE', *, *, #843, .T. ) ;
#828 = DIRECTION ( 'NONE',  ( 3.556183125752453755E-15, 0.000000000000000000, 1.000000000000000000 ) ) ;
#829 = ORIENTED_EDGE ( 'NONE', *, *, #1174, .F. ) ;
#830 = EDGE_CURVE ( 'NONE', #424, #959, #872, .T. ) ;
#831 = DIRECTION ( 'NONE',  ( 0.000000000000000000, 0.000000000000000000, 1.000000000000000000 ) ) ;
#832 = ORIENTED_EDGE ( 'NONE', *, *, #152, .F. ) ;
#833 = CIRCLE ( 'NONE', #282, 1.499999999999989564 ) ;
#834 = CARTESIAN_POINT ( 'NONE',  ( -8.343069296907820842, 4.543478260869554752, 9.108085922565779313 ) ) ;
#835 = AXIS2_PLACEMENT_3D ( 'NONE', #1213, #1047, #119 ) ;
#836 = DIRECTION ( 'NONE',  ( 1.000000000000000000, 0.000000000000000000, -0.000000000000000000 ) ) ;
#837 = CARTESIAN_POINT ( 'NONE',  ( -13.82908965343769125, 3.500000000000000444, 14.00000000000000000 ) ) ;
#838 = AXIS2_PLACEMENT_3D ( 'NONE', #1013, #245, #1441 ) ;
#839 = ORIENTED_EDGE ( 'NONE', *, *, #91, .F. ) ;
#840 = AXIS2_PLACEMENT_3D ( 'NONE', #868, #1020, #430 ) ;
#841 = ORIENTED_EDGE ( 'NONE', *, *, #503, .T. ) ;
#842 = CARTESIAN_POINT ( 'NONE',  ( -28.50000000000000000, -7.700000000000000178, 2.250000000000000444 ) ) ;
#843 = EDGE_CURVE ( 'NONE', #1715, #1557, #1828, .T. ) ;
#844 = VERTEX_POINT ( 'NONE', #502 ) ;
#845 = APPROVAL_PERSON_ORGANIZATION ( #1625, #1980, #1949 ) ;
#846 = CARTESIAN_POINT ( 'NONE',  ( 1.499999999999988232, 0.08377210346839455979, -14.13550952893725210 ) ) ;
#847 = DIRECTION ( 'NONE',  ( 0.1736481776669640265, 0.000000000000000000, -0.9848077530122021361 ) ) ;
#848 = CARTESIAN_POINT ( 'NONE',  ( -18.82908965343831298, 2.160254037844220321, -14.00000000000000000 ) ) ;
#849 = DIRECTION ( 'NONE',  ( 1.000000000000000000, 0.000000000000000000, 0.000000000000000000 ) ) ;
#850 = ORIENTED_EDGE ( 'NONE', *, *, #814, .F. ) ;
#851 = EDGE_LOOP ( 'NONE', ( #1820, #115 ) ) ;
#852 = CARTESIAN_POINT ( 'NONE',  ( -9.894942484852640163, 3.500000000000000000, 11.70000000000000284 ) ) ;
#853 = ORIENTED_EDGE ( 'NONE', *, *, #898, .F. ) ;
#854 = DIRECTION ( 'NONE',  ( 0.000000000000000000, 0.000000000000000000, 1.000000000000000000 ) ) ;
#855 = ADVANCED_FACE ( 'NONE', ( #1423 ), #1848, .T. ) ;
#856 = DIRECTION ( 'NONE',  ( 0.000000000000000000, 0.000000000000000000, 1.000000000000000000 ) ) ;
#857 = DIRECTION ( 'NONE',  ( -1.000000000000000000, 0.000000000000000000, 0.000000000000000000 ) ) ;
#858 = LINE ( 'NONE', #747, #1321 ) ;
#859 = B_SPLINE_CURVE_WITH_KNOTS ( 'NONE', 3,
 ( #692, #967, #42, #834 ),
 .UNSPECIFIED., .F., .F.,
 ( 4, 4 ),
 ( 0.000000000000000000, 0.002491082012046568536 ),
 .UNSPECIFIED. ) ;
#860 = ORIENTED_EDGE ( 'NONE', *, *, #1500, .F. ) ;
#861 = VERTEX_POINT ( 'NONE', #1085 ) ;
#862 = DIRECTION ( 'NONE',  ( 0.000000000000000000, 1.000000000000000000, 0.000000000000000000 ) ) ;
#863 = ORIENTED_EDGE ( 'NONE', *, *, #1405, .T. ) ;
#864 = DIRECTION ( 'NONE',  ( 0.000000000000000000, 0.000000000000000000, 1.000000000000000000 ) ) ;
#865 = EDGE_CURVE ( 'NONE', #327, #460, #937, .T. ) ;
#866 = VECTOR ( 'NONE', #260, 1000.000000000000000 ) ;
#867 = CARTESIAN_POINT ( 'NONE',  ( -30.50000000000000000, -6.310000000001028120, 14.00000000000000000 ) ) ;
#868 = CARTESIAN_POINT ( 'NONE',  ( -14.19992590469552063, -0.8083768963724484724, 11.70000000000000284 ) ) ;
#869 = ORIENTED_EDGE ( 'NONE', *, *, #641, .F. ) ;
#870 = CIRCLE ( 'NONE', #769, 1.499999999999989120 ) ;
#871 = DIRECTION ( 'NONE',  ( 0.9848077530122021361, 0.000000000000000000, -0.1736481776669641652 ) ) ;
#872 = CIRCLE ( 'NONE', #446, 3.575000000000000178 ) ;
#873 = CARTESIAN_POINT ( 'NONE',  ( -11.23566817407099805, 3.500000000000000000, -10.00000000000000000 ) ) ;
#874 = ORIENTED_EDGE ( 'NONE', *, *, #1212, .T. ) ;
#875 = VECTOR ( 'NONE', #1248, 1000.000000000000000 ) ;
#876 = AXIS2_PLACEMENT_3D ( 'NONE', #1882, #61, #824 ) ;
#877 = CARTESIAN_POINT ( 'NONE',  ( -13.06844814108468178, -10.49999999999999822, 4.000000000000000888 ) ) ;
#878 = VECTOR ( 'NONE', #1907, 1000.000000000000000 ) ;
#879 = APPLICATION_PROTOCOL_DEFINITION ( 'international standard', 'config_control_design', 1994, #1926 ) ;
#880 = CARTESIAN_POINT ( 'NONE',  ( 1.805359709517274203, -3.121704957322875007, -14.08166637332804605 ) ) ;
#881 = DIRECTION ( 'NONE',  ( 0.000000000000000000, 0.000000000000000000, 1.000000000000000000 ) ) ;
#882 = ORIENTED_EDGE ( 'NONE', *, *, #1906, .F. ) ;
#883 = CC_DESIGN_PERSON_AND_ORGANIZATION_ASSIGNMENT ( #1347, #1510, ( #1486 ) ) ;
#884 = EDGE_CURVE ( 'NONE', #393, #163, #47, .T. ) ;
#885 = ORIENTED_EDGE ( 'NONE', *, *, #1345, .T. ) ;
#886 = CARTESIAN_POINT ( 'NONE',  ( -9.894942484852640163, 3.500000000000000000, 11.90000000000000036 ) ) ;
#887 = VERTEX_POINT ( 'NONE', #326 ) ;
#888 = DIRECTION ( 'NONE',  ( 0.1736481776669640542, -0.000000000000000000, 0.9848077530122022472 ) ) ;
#889 = ORIENTED_EDGE ( 'NONE', *, *, #91, .T. ) ;
#890 = PERSON_AND_ORGANIZATION ( #1802, #324 ) ;
#891 = DIRECTION ( 'NONE',  ( 0.000000000000000000, -1.000000000000000000, 0.000000000000000000 ) ) ;
#892 = DIRECTION ( 'NONE',  ( 0.000000000000000000, 0.000000000000000000, 1.000000000000000000 ) ) ;
#893 = ORIENTED_EDGE ( 'NONE', *, *, #1079, .T. ) ;
#894 = EDGE_LOOP ( 'NONE', ( #682, #1211, #57, #215, #65, #1721 ) ) ;
#895 = CARTESIAN_POINT ( 'NONE',  ( -13.42022898562026434, 3.468109020200054626, -11.83306417125531418 ) ) ;
#896 = EDGE_CURVE ( 'NONE', #993, #393, #1578, .T. ) ;
#897 = CARTESIAN_POINT ( 'NONE',  ( -9.752532231355054648, 3.522459758783624828, -9.420790505638187540 ) ) ;
#898 = EDGE_CURVE ( 'NONE', #1379, #727, #708, .T. ) ;
#899 = COORDINATED_UNIVERSAL_TIME_OFFSET ( 3, 0, .BEHIND. ) ;
#900 = CARTESIAN_POINT ( 'NONE',  ( -22.50000000000000000, -6.299999999999999822, -9.750000000000001776 ) ) ;
#901 = VERTEX_POINT ( 'NONE', #1857 ) ;
#902 = CARTESIAN_POINT ( 'NONE',  ( 0.000000000000000000, 1.583772103468383374, -14.40000000000000213 ) ) ;
#903 = CARTESIAN_POINT ( 'NONE',  ( -13.34065860449583596, 3.430472192294116152, 11.76629669380116994 ) ) ;
#904 = VECTOR ( 'NONE', #1116, 1000.000000000000000 ) ;
#905 = VECTOR ( 'NONE', #750, 1000.000000000000000 ) ;
#906 = CARTESIAN_POINT ( 'NONE',  ( -6.876769230530335619, 3.499999999999999556, 9.000000000000001776 ) ) ;
#907 = APPROVAL ( #1467, 'UNSPECIFIED' ) ;
#908 = ORIENTED_EDGE ( 'NONE', *, *, #1819, .F. ) ;
#909 = VECTOR ( 'NONE', #1494, 1000.000000000000000 ) ;
#910 = DIRECTION ( 'NONE',  ( 0.1736481776669639987, -0.000000000000000000, 0.9848077530122020251 ) ) ;
#911 = ORIENTED_EDGE ( 'NONE', *, *, #239, .F. ) ;
#912 = CARTESIAN_POINT ( 'NONE',  ( -2.785677655436834765, -9.500000000000000000, -11.70000000000000284 ) ) ;
#913 = FACE_OUTER_BOUND ( 'NONE', #1591, .T. ) ;
#914 = ORIENTED_EDGE ( 'NONE', *, *, #1431, .T. ) ;
#915 = DIRECTION ( 'NONE',  ( 0.9848077530122019141, 0.000000000000000000, -0.1736481776669642485 ) ) ;
#916 = VERTEX_POINT ( 'NONE', #154 ) ;
#917 = ADVANCED_FACE ( 'NONE', ( #767 ), #1576, .T. ) ;
#918 = CARTESIAN_POINT ( 'NONE',  ( -1.499999999999989342, 0.08377210346839436550, -14.40000000000000391 ) ) ;
#919 = EDGE_CURVE ( 'NONE', #427, #527, #69, .T. ) ;
#920 = FACE_OUTER_BOUND ( 'NONE', #1311, .T. ) ;
#921 = FACE_OUTER_BOUND ( 'NONE', #1827, .T. ) ;
#922 = ORIENTED_EDGE ( 'NONE', *, *, #1596, .T. ) ;
#923 = APPLICATION_CONTEXT ( 'configuration controlled 3d designs of mechanical parts and assemblies' ) ;
#924 = DIRECTION ( 'NONE',  ( 1.000000000000000000, 0.000000000000000000, 0.000000000000000000 ) ) ;
#925 = EDGE_LOOP ( 'NONE', ( #253, #378, #1868, #1236 ) ) ;
#926 = DIRECTION ( 'NONE',  ( 0.000000000000000000, 0.000000000000000000, -1.000000000000000000 ) ) ;
#927 = LINE ( 'NONE', #158, #1160 ) ;
#928 = DIRECTION ( 'NONE',  ( 0.000000000000000000, 1.000000000000000000, 0.000000000000000000 ) ) ;
#929 = DIRECTION ( 'NONE',  ( 1.000000000000000000, 0.000000000000000000, 0.000000000000000000 ) ) ;
#930 = ADVANCED_FACE ( 'NONE', ( #1113, #1106 ), #951, .F. ) ;
#931 = ORIENTED_EDGE ( 'NONE', *, *, #109, .T. ) ;
#932 = VECTOR ( 'NONE', #150, 1000.000000000000000 ) ;
#933 = CYLINDRICAL_SURFACE ( 'NONE', #480, 10.00000000000000178 ) ;
#934 = ORIENTED_EDGE ( 'NONE', *, *, #1873, .T. ) ;
#935 = AXIS2_PLACEMENT_3D ( 'NONE', #600, #1491, #1964 ) ;
#936 = DIRECTION ( 'NONE',  ( -0.000000000000000000, -0.000000000000000000, -1.000000000000000000 ) ) ;
#937 = CIRCLE ( 'NONE', #639, 3.575000000000000178 ) ;
#938 = CIRCLE ( 'NONE', #840, 4.324306997247404638 ) ;
#939 = CARTESIAN_POINT ( 'NONE',  ( -13.06844814108468178, -8.299999999999998934, -4.000000000000000888 ) ) ;
#940 = CIRCLE ( 'NONE', #10, 4.060120313780675616 ) ;
#941 = LINE ( 'NONE', #1542, #1223 ) ;
#942 = VERTEX_POINT ( 'NONE', #195 ) ;
#943 = EDGE_CURVE ( 'NONE', #381, #264, #1720, .T. ) ;
#944 = DIRECTION ( 'NONE',  ( -0.000000000000000000, -0.000000000000000000, -1.000000000000000000 ) ) ;
#945 = ORIENTED_EDGE ( 'NONE', *, *, #1285, .T. ) ;
#946 = FACE_OUTER_BOUND ( 'NONE', #1783, .T. ) ;
#947 = LINE ( 'NONE', #298, #553 ) ;
#948 = CARTESIAN_POINT ( 'NONE',  ( -3.575000000000000178, 0.000000000000000000, 15.03036895603289480 ) ) ;
#949 = CARTESIAN_POINT ( 'NONE',  ( -30.50000000000000000, -10.49999999999999822, 14.00000000000000000 ) ) ;
#950 = VERTEX_POINT ( 'NONE', #473 ) ;
#951 = PLANE ( 'NONE',  #318 ) ;
#952 = EDGE_CURVE ( 'NONE', #1600, #1341, #626, .T. ) ;
#953 = VERTEX_POINT ( 'NONE', #464 ) ;
#954 = LINE ( 'NONE', #1568, #1065 ) ;
#955 = EDGE_CURVE ( 'NONE', #527, #427, #547, .T. ) ;
#956 = CARTESIAN_POINT ( 'NONE',  ( -30.50000000000000000, -10.49999999999999822, 3.249999999999999556 ) ) ;
#957 = DIRECTION ( 'NONE',  ( -1.000000000000000000, 0.000000000000000000, 0.000000000000000000 ) ) ;
#958 = DIRECTION ( 'NONE',  ( 0.000000000000000000, 0.000000000000000000, -1.000000000000000000 ) ) ;
#959 = VERTEX_POINT ( 'NONE', #1698 ) ;
#960 = CARTESIAN_POINT ( 'NONE',  ( -9.884019841347146951, -0.5321419510370339889, 11.70000000000000284 ) ) ;
#961 = ORIENTED_EDGE ( 'NONE', *, *, #369, .T. ) ;
#962 = VECTOR ( 'NONE', #4, 1000.000000000000000 ) ;
#963 = EDGE_CURVE ( 'NONE', #435, #229, #1240, .T. ) ;
#964 = DIRECTION ( 'NONE',  ( -1.000000000000000000, 0.000000000000000000, 0.000000000000000000 ) ) ;
#965 = VECTOR ( 'NONE', #421, 1000.000000000000000 ) ;
#966 = ADVANCED_FACE ( 'NONE', ( #786 ), #933, .T. ) ;
#967 = CARTESIAN_POINT ( 'NONE',  ( -7.455188463233565876, 5.947522469881469043, 9.000000000000001776 ) ) ;
#968 = CIRCLE ( 'NONE', #1036, 1.499999999999989564 ) ;
#969 = AXIS2_PLACEMENT_3D ( 'NONE', #971, #1428, #1586 ) ;
#970 = EDGE_CURVE ( 'NONE', #1932, #1865, #794, .T. ) ;
#971 = CARTESIAN_POINT ( 'NONE',  ( -11.23566817407099983, 3.500000000000000000, 10.00000000000000000 ) ) ;
#972 = VECTOR ( 'NONE', #217, 1000.000000000000000 ) ;
#973 = CARTESIAN_POINT ( 'NONE',  ( 3.575000000000000178, 4.378112306951786773E-16, 13.76963104396711657 ) ) ;
#974 = ORIENTED_EDGE ( 'NONE', *, *, #1555, .T. ) ;
#975 = VERTEX_POINT ( 'NONE', #1303 ) ;
#976 = PLANE ( 'NONE',  #1740 ) ;
#977 = VERTEX_POINT ( 'NONE', #1622 ) ;
#978 = LINE ( 'NONE', #168, #738 ) ;
#979 = CARTESIAN_POINT ( 'NONE',  ( 0.000000000000000000, 0.000000000000000000, 24.58962104337493670 ) ) ;
#980 = CARTESIAN_POINT ( 'NONE',  ( -6.613092716190538077E-16, 0.08377210346839436550, -11.70000000000000639 ) ) ;
#981 = LINE ( 'NONE', #1619, #1811 ) ;
#982 = EDGE_LOOP ( 'NONE', ( #1170, #841, #869, #1471, #860 ) ) ;
#983 = EDGE_LOOP ( 'NONE', ( #729, #1921 ) ) ;
#984 = LINE ( 'NONE', #689, #1901 ) ;
#985 = ORIENTED_EDGE ( 'NONE', *, *, #1509, .T. ) ;
#986 = DIRECTION ( 'NONE',  ( -1.000000000000000000, 0.000000000000000000, 0.000000000000000000 ) ) ;
#987 = CARTESIAN_POINT ( 'NONE',  ( -9.888773523252083919, -0.4713366162612224741, 12.84999999999999964 ) ) ;
#988 = EDGE_CURVE ( 'NONE', #1084, #1050, #1645, .T. ) ;
#989 = DIRECTION ( 'NONE',  ( 0.000000000000000000, 0.000000000000000000, 1.000000000000000000 ) ) ;
#990 = CARTESIAN_POINT ( 'NONE',  ( -3.575000000000002398, -7.150000000000000355, 15.03036895603289658 ) ) ;
#991 = ORIENTED_EDGE ( 'NONE', *, *, #1877, .F. ) ;
#992 = ADVANCED_FACE ( 'NONE', ( #516 ), #1771, .T. ) ;
#993 = VERTEX_POINT ( 'NONE', #204 ) ;
#994 = DIRECTION ( 'NONE',  ( -0.000000000000000000, -1.000000000000000000, 0.000000000000000000 ) ) ;
#995 = ORIENTED_EDGE ( 'NONE', *, *, #630, .T. ) ;
#996 = CARTESIAN_POINT ( 'NONE',  ( -11.23566817407099805, 3.499999999999999556, -10.00000000000000000 ) ) ;
#997 = CARTESIAN_POINT ( 'NONE',  ( -16.50858157774925417, 3.500000000000000000, -11.90000000000000036 ) ) ;
#998 = CARTESIAN_POINT ( 'NONE',  ( -13.06844814108468178, -10.49999999999999822, 0.000000000000000000 ) ) ;
#999 = FACE_OUTER_BOUND ( 'NONE', #244, .T. ) ;
#1000 = ORIENTED_EDGE ( 'NONE', *, *, #483, .F. ) ;
#1001 = CIRCLE ( 'NONE', #1869, 4.060120313780675616 ) ;
#1002 = ORIENTED_EDGE ( 'NONE', *, *, #1944, .T. ) ;
#1003 = DIRECTION ( 'NONE',  ( 0.000000000000000000, 0.000000000000000000, -1.000000000000000000 ) ) ;
#1004 = ORIENTED_EDGE ( 'NONE', *, *, #1582, .F. ) ;
#1005 = CC_DESIGN_APPROVAL ( #1889, ( #1486 ) ) ;
#1006 = EDGE_CURVE ( 'NONE', #517, #224, #819, .T. ) ;
#1007 = DIRECTION ( 'NONE',  ( 0.000000000000000000, -0.000000000000000000, 1.000000000000000000 ) ) ;
#1008 = CARTESIAN_POINT ( 'NONE',  ( -7.948389917683897855E-26, 0.08377210346839436550, -14.40000000000000213 ) ) ;
#1009 = B_SPLINE_CURVE_WITH_KNOTS ( 'NONE', 3,
 ( #1787, #1349, #1657, #269, #1028, #1646, #880, #586, #1199, #1817 ),
 .UNSPECIFIED., .F., .F.,
 ( 4, 2, 2, 2, 4 ),
 ( 3.141592653493904930, 3.534291735168657134, 3.926990816843408894, 4.319689898518161542, 4.712388980192913301 ),
 .UNSPECIFIED. ) ;
#1010 = DIRECTION ( 'NONE',  ( -0.000000000000000000, 0.000000000000000000, -1.000000000000000000 ) ) ;
#1011 = ORIENTED_EDGE ( 'NONE', *, *, #1297, .T. ) ;
#1012 = ORIENTED_EDGE ( 'NONE', *, *, #106, .F. ) ;
#1013 = CARTESIAN_POINT ( 'NONE',  ( -30.50000000000000000, -4.577949192431158387, 14.00000000000000000 ) ) ;
#1014 = ORIENTED_EDGE ( 'NONE', *, *, #1198, .F. ) ;
#1015 = CARTESIAN_POINT ( 'NONE',  ( 0.8786796564403459575, -1.416227896531599084, -14.24506506916989146 ) ) ;
#1016 = EDGE_CURVE ( 'NONE', #654, #1180, #984, .T. ) ;
#1017 = ADVANCED_FACE ( 'NONE', ( #1750 ), #526, .T. ) ;
#1018 = DIRECTION ( 'NONE',  ( -1.000000000000000000, 0.000000000000000000, 0.000000000000000000 ) ) ;
#1019 = CARTESIAN_POINT ( 'NONE',  ( -2.785677655436835209, -10.49999999999999822, 11.70000000000000284 ) ) ;
#1020 = DIRECTION ( 'NONE',  ( 0.000000000000000000, 0.000000000000000000, 1.000000000000000000 ) ) ;
#1021 = ORIENTED_EDGE ( 'NONE', *, *, #693, .T. ) ;
#1022 = PLANE ( 'NONE',  #315 ) ;
#1023 = PLANE ( 'NONE',  #1354 ) ;
#1024 = ORIENTED_EDGE ( 'NONE', *, *, #239, .T. ) ;
#1025 = CARTESIAN_POINT ( 'NONE',  ( -2.785677655436834765, -10.49999999999999822, -11.70000000000000284 ) ) ;
#1026 = EDGE_CURVE ( 'NONE', #1923, #431, #1133, .T. ) ;
#1027 = VECTOR ( 'NONE', #596, 1000.000000000000000 ) ;
#1028 = CARTESIAN_POINT ( 'NONE',  ( 2.862367200348696628, -2.193334722186291774, -13.89528743388347287 ) ) ;
#1029 = CARTESIAN_POINT ( 'NONE',  ( 0.000000000000000000, 9.540979117872439019E-15, 9.000000000000001776 ) ) ;
#1030 = ORIENTED_EDGE ( 'NONE', *, *, #1026, .T. ) ;
#1031 = CIRCLE ( 'NONE', #1612, 4.000000000000000888 ) ;
#1032 = ADVANCED_FACE ( 'NONE', ( #363 ), #536, .F. ) ;
#1033 = EDGE_LOOP ( 'NONE', ( #1000, #1686, #1454, #455 ) ) ;
#1034 = VECTOR ( 'NONE', #1325, 1000.000000000000000 ) ;
#1035 = DIRECTION ( 'NONE',  ( 0.9848077530122019141, 0.000000000000000000, -0.1736481776669642485 ) ) ;
#1036 = AXIS2_PLACEMENT_3D ( 'NONE', #1260, #300, #491 ) ;
#1037 = CARTESIAN_POINT ( 'NONE',  ( -8.431079912943637567, 4.381866687909186098, -9.121131928740625838 ) ) ;
#1038 = AXIS2_PLACEMENT_3D ( 'NONE', #178, #149, #791 ) ;
#1039 = APPROVAL_ROLE ( '' ) ;
#1040 = PLANE ( 'NONE',  #1446 ) ;
#1041 = CARTESIAN_POINT ( 'NONE',  ( -9.894942484852640163, 3.500000000000000000, -11.70000000000000284 ) ) ;
#1042 = EDGE_CURVE ( 'NONE', #1770, #1544, #159, .T. ) ;
#1043 = EDGE_LOOP ( 'NONE', ( #1293, #68, #759, #1992, #662, #1121 ) ) ;
#1044 = ORIENTED_EDGE ( 'NONE', *, *, #1164, .F. ) ;
#1045 = LINE ( 'NONE', #559, #131 ) ;
#1046 = ORIENTED_EDGE ( 'NONE', *, *, #814, .T. ) ;
#1047 = DIRECTION ( 'NONE',  ( 0.000000000000000000, 1.000000000000000000, 0.000000000000000000 ) ) ;
#1048 = CALENDAR_DATE ( 2026, 19, 8 ) ;
#1049 = CARTESIAN_POINT ( 'NONE',  ( -2.785677655436834765, -10.49999999999999822, 14.00000000000000000 ) ) ;
#1050 = VERTEX_POINT ( 'NONE', #1782 ) ;
#1051 = CC_DESIGN_DATE_AND_TIME_ASSIGNMENT ( #1656, #268, ( #1769 ) ) ;
#1052 = ORIENTED_EDGE ( 'NONE', *, *, #1079, .F. ) ;
#1053 = LINE ( 'NONE', #1171, #610 ) ;
#1054 = ORIENTED_EDGE ( 'NONE', *, *, #1982, .F. ) ;
#1055 = CC_DESIGN_PERSON_AND_ORGANIZATION_ASSIGNMENT ( #732, #121, ( #1713 ) ) ;
#1056 = ADVANCED_FACE ( 'NONE', ( #214 ), #709, .T. ) ;
#1057 = DIRECTION ( 'NONE',  ( -0.000000000000000000, -0.000000000000000000, 1.000000000000000000 ) ) ;
#1058 = ORIENTED_EDGE ( 'NONE', *, *, #1703, .T. ) ;
#1059 = CALENDAR_DATE ( 2026, 19, 8 ) ;
#1060 = FACE_OUTER_BOUND ( 'NONE', #303, .T. ) ;
#1061 = ORIENTED_EDGE ( 'NONE', *, *, #325, .T. ) ;
#1062 = VECTOR ( 'NONE', #1277, 1000.000000000000000 ) ;
#1063 = CARTESIAN_POINT ( 'NONE',  ( 0.000000000000000000, 0.000000000000000000, 3.249999999999999556 ) ) ;
#1064 = LINE ( 'NONE', #728, #1678 ) ;
#1065 = VECTOR ( 'NONE', #936, 1000.000000000000000 ) ;
#1066 = CIRCLE ( 'NONE', #742, 9.900000000000002132 ) ;
#1067 = DIRECTION ( 'NONE',  ( -0.000000000000000000, -0.000000000000000000, 1.000000000000000000 ) ) ;
#1068 = EDGE_CURVE ( 'NONE', #79, #1567, #677, .T. ) ;
#1069 = AXIS2_PLACEMENT_3D ( 'NONE', #219, #653, #849 ) ;
#1070 = AXIS2_PLACEMENT_3D ( 'NONE', #1245, #1099, #1714 ) ;
#1071 = DATE_AND_TIME ( #601, #1870 ) ;
#1072 = LINE ( 'NONE', #1834, #802 ) ;
#1073 = ORIENTED_EDGE ( 'NONE', *, *, #1177, .F. ) ;
#1074 = DIRECTION ( 'NONE',  ( 0.7660444431189804559, 0.000000000000000000, 0.6427876096865364763 ) ) ;
#1075 = LINE ( 'NONE', #1689, #711 ) ;
#1076 = ORIENTED_EDGE ( 'NONE', *, *, #419, .F. ) ;
#1077 = LINE ( 'NONE', #1195, #1967 ) ;
#1078 = VERTEX_POINT ( 'NONE', #383 ) ;
#1079 = EDGE_CURVE ( 'NONE', #55, #465, #1294, .T. ) ;
#1080 = CARTESIAN_POINT ( 'NONE',  ( -30.50000000000000000, -10.49999999999999822, -14.00000000000000000 ) ) ;
#1081 = EDGE_CURVE ( 'NONE', #1895, #77, #1141, .T. ) ;
#1082 = DIRECTION ( 'NONE',  ( 0.000000000000000000, 0.000000000000000000, -1.000000000000000000 ) ) ;
#1083 = CARTESIAN_POINT ( 'NONE',  ( -18.82908965343831298, 2.160254037844220321, -14.00000000000000000 ) ) ;
#1084 = VERTEX_POINT ( 'NONE', #56 ) ;
#1085 = CARTESIAN_POINT ( 'NONE',  ( -6.876769230530333843, -6.299999999999999822, -9.000000000000001776 ) ) ;
#1086 = ORIENTED_EDGE ( 'NONE', *, *, #1633, .T. ) ;
#1087 = CARTESIAN_POINT ( 'NONE',  ( -7.943352747634267352, 5.277467217839252100, -9.048835063920632749 ) ) ;
#1088 = DIRECTION ( 'NONE',  ( -0.000000000000000000, -0.000000000000000000, 1.000000000000000000 ) ) ;
#1089 = EDGE_CURVE ( 'NONE', #1557, #674, #348, .T. ) ;
#1090 = CARTESIAN_POINT ( 'NONE',  ( -30.50000000000000000, -10.49999999999999822, 14.00000000000000000 ) ) ;
#1091 = CARTESIAN_POINT ( 'NONE',  ( -8.343069296907820842, 4.543478260869554752, 11.90000000000000036 ) ) ;
#1092 = ORIENTED_EDGE ( 'NONE', *, *, #816, .T. ) ;
#1093 = DIRECTION ( 'NONE',  ( -0.000000000000000000, -1.000000000000000000, 0.000000000000000000 ) ) ;
#1094 = ORIENTED_EDGE ( 'NONE', *, *, #1221, .F. ) ;
#1095 = VECTOR ( 'NONE', #1941, 1000.000000000000000 ) ;
#1096 = DIRECTION ( 'NONE',  ( 0.000000000000000000, 0.000000000000000000, 1.000000000000000000 ) ) ;
#1097 = AXIS2_PLACEMENT_3D ( 'NONE', #494, #1093, #1546 ) ;
#1098 = AXIS2_PLACEMENT_3D ( 'NONE', #1029, #251, #1788 ) ;
#1099 = DIRECTION ( 'NONE',  ( -0.000000000000000000, 1.000000000000000000, 0.000000000000000000 ) ) ;
#1100 = CC_DESIGN_APPROVAL ( #1980, ( #1713 ) ) ;
#1101 = ADVANCED_FACE ( 'NONE', ( #223 ), #976, .F. ) ;
#1102 = DIRECTION ( 'NONE',  ( 1.000000000000000000, 0.000000000000000000, 0.000000000000000000 ) ) ;
#1103 = CARTESIAN_POINT ( 'NONE',  ( -22.50000000000000000, -7.700000000000000178, 3.249999999999999556 ) ) ;
#1104 = ORIENTED_EDGE ( 'NONE', *, *, #165, .F. ) ;
#1105 = ADVANCED_FACE ( 'NONE', ( #1630 ), #548, .F. ) ;
#1106 = FACE_OUTER_BOUND ( 'NONE', #515, .T. ) ;
#1107 = ORIENTED_EDGE ( 'NONE', *, *, #1694, .T. ) ;
#1108 = CARTESIAN_POINT ( 'NONE',  ( -0.4688500797047820412, 0.08377210346859548240, 11.74101906686776609 ) ) ;
#1109 = CARTESIAN_POINT ( 'NONE',  ( 0.000000000000000000, -9.500000000000000000, 10.00000000000000000 ) ) ;
#1110 = PLANE ( 'NONE',  #1581 ) ;
#1111 = CARTESIAN_POINT ( 'NONE',  ( -6.876769230530335619, 3.499999999999999556, 19.00000000000000355 ) ) ;
#1112 = ORIENTED_EDGE ( 'NONE', *, *, #1807, .T. ) ;
#1113 = FACE_BOUND ( 'NONE', #1879, .T. ) ;
#1114 = VERTEX_POINT ( 'NONE', #1985 ) ;
#1115 = EDGE_CURVE ( 'NONE', #1640, #1123, #1053, .T. ) ;
#1116 = DIRECTION ( 'NONE',  ( 1.000000000000000000, 0.000000000000000000, 0.000000000000000000 ) ) ;
#1117 = CYLINDRICAL_SURFACE ( 'NONE', #585, 3.575000000000000178 ) ;
#1118 = DIRECTION ( 'NONE',  ( -1.000000000000000000, 0.000000000000000000, 0.000000000000000000 ) ) ;
#1119 = DIRECTION ( 'NONE',  ( -1.000000000000000000, 0.000000000000000000, 0.000000000000000000 ) ) ;
#1120 = EDGE_LOOP ( 'NONE', ( #1044, #1487, #35, #1107, #1682, #1920 ) ) ;
#1121 = ORIENTED_EDGE ( 'NONE', *, *, #820, .F. ) ;
#1122 = CARTESIAN_POINT ( 'NONE',  ( -7.948389917683897855E-26, 0.08377210346839436550, -11.70000000000000639 ) ) ;
#1123 = VERTEX_POINT ( 'NONE', #281 ) ;
#1124 = CARTESIAN_POINT ( 'NONE',  ( -6.876769230530333843, 6.554391272271701041, -9.000000000000001776 ) ) ;
#1125 = EDGE_CURVE ( 'NONE', #1567, #1506, #737, .T. ) ;
#1126 = EDGE_CURVE ( 'NONE', #654, #993, #1045, .T. ) ;
#1127 = DIRECTION ( 'NONE',  ( -0.000000000000000000, -0.000000000000000000, 1.000000000000000000 ) ) ;
#1128 = CIRCLE ( 'NONE', #1098, 9.500000000000008882 ) ;
#1129 = CARTESIAN_POINT ( 'NONE',  ( -13.06844814108468178, -21.81370849898475939, 0.000000000000000000 ) ) ;
#1130 = DIRECTION ( 'NONE',  ( 0.1736481776669640265, 0.000000000000000000, 0.9848077530122021361 ) ) ;
#1131 = ORIENTED_EDGE ( 'NONE', *, *, #1089, .T. ) ;
#1132 = VERTEX_POINT ( 'NONE', #413 ) ;
#1133 = LINE ( 'NONE', #87, #382 ) ;
#1134 = EDGE_LOOP ( 'NONE', ( #889, #1271, #922, #271, #1214, #1984, #995, #1409 ) ) ;
#1135 = CYLINDRICAL_SURFACE ( 'NONE', #1862, 3.575000000000000178 ) ;
#1136 = FACE_OUTER_BOUND ( 'NONE', #332, .T. ) ;
#1137 = CARTESIAN_POINT ( 'NONE',  ( -30.50000000000000000, -6.299999999999999822, -3.250000000000000444 ) ) ;
#1138 = CARTESIAN_POINT ( 'NONE',  ( 0.000000000000000000, 9.540979117872439019E-15, -11.70000000000000284 ) ) ;
#1139 = ORIENTED_EDGE ( 'NONE', *, *, #1337, .F. ) ;
#1140 = ORIENTED_EDGE ( 'NONE', *, *, #21, .T. ) ;
#1141 = LINE ( 'NONE', #842, #133 ) ;
#1142 = ORIENTED_EDGE ( 'NONE', *, *, #641, .T. ) ;
#1143 = PLANE ( 'NONE',  #1737 ) ;
#1144 = FACE_OUTER_BOUND ( 'NONE', #234, .T. ) ;
#1145 = FACE_OUTER_BOUND ( 'NONE', #1120, .T. ) ;
#1146 = LINE ( 'NONE', #1438, #5 ) ;
#1147 = ORIENTED_EDGE ( 'NONE', *, *, #386, .T. ) ;
#1148 = VERTEX_POINT ( 'NONE', #1342 ) ;
#1149 = CARTESIAN_POINT ( 'NONE',  ( -30.50000000000000000, -10.49999999999999822, 11.90000000000000036 ) ) ;
#1150 = EDGE_LOOP ( 'NONE', ( #1340, #1751, #1193, #1767 ) ) ;
#1151 = DIRECTION ( 'NONE',  ( -1.000000000000000000, 0.000000000000000000, 0.000000000000000000 ) ) ;
#1152 = VECTOR ( 'NONE', #1254, 999.9999999999998863 ) ;
#1153 = CARTESIAN_POINT ( 'NONE',  ( 0.000000000000000000, 0.000000000000000000, 11.70000000000000284 ) ) ;
#1154 = AXIS2_PLACEMENT_3D ( 'NONE', #741, #1057, #1994 ) ;
#1155 = CARTESIAN_POINT ( 'NONE',  ( 0.000000000000000000, 3.575000000000000178, -14.40000000000000213 ) ) ;
#1156 = DIRECTION ( 'NONE',  ( 0.000000000000000000, 0.000000000000000000, 1.000000000000000000 ) ) ;
#1157 = VECTOR ( 'NONE', #715, 1000.000000000000000 ) ;
#1158 = ORIENTED_EDGE ( 'NONE', *, *, #479, .T. ) ;
#1159 = ADVANCED_FACE ( 'NONE', ( #597 ), #1371, .T. ) ;
#1160 = VECTOR ( 'NONE', #1389, 1000.000000000000000 ) ;
#1161 = ORIENTED_EDGE ( 'NONE', *, *, #704, .F. ) ;
#1162 = CARTESIAN_POINT ( 'NONE',  ( -3.979889334759789676E-12, 0.08377210346859548240, 14.40000000000070912 ) ) ;
#1163 = EDGE_LOOP ( 'NONE', ( #1876, #1758, #1462, #39, #1024 ) ) ;
#1164 = EDGE_CURVE ( 'NONE', #474, #727, #1560, .T. ) ;
#1165 = CARTESIAN_POINT ( 'NONE',  ( -9.838105711369337120E-15, -1.416227896531594865, -14.40000000000000391 ) ) ;
#1166 = PERSON_AND_ORGANIZATION_ROLE ( 'design_owner' ) ;
#1167 = DIRECTION ( 'NONE',  ( 0.000000000000000000, 0.000000000000000000, -1.000000000000000000 ) ) ;
#1168 = PLANE ( 'NONE',  #1416 ) ;
#1169 = EDGE_LOOP ( 'NONE', ( #105, #1598, #1333, #1490 ) ) ;
#1170 = ORIENTED_EDGE ( 'NONE', *, *, #1540, .T. ) ;
#1171 = CARTESIAN_POINT ( 'NONE',  ( -28.99999999999913669, -3.711923788646219080, -11.90000000000000036 ) ) ;
#1172 = ORIENTED_EDGE ( 'NONE', *, *, #1794, .T. ) ;
#1173 = DIRECTION ( 'NONE',  ( -0.000000000000000000, -0.000000000000000000, -1.000000000000000000 ) ) ;
#1174 = EDGE_CURVE ( 'NONE', #327, #959, #1653, .T. ) ;
#1175 = B_SPLINE_CURVE_WITH_KNOTS ( 'NONE', 3,
 ( #1722, #1087, #466, #1124 ),
 .UNSPECIFIED., .F., .F.,
 ( 4, 4 ),
 ( 0.000000000000000000, 0.002491082012046566367 ),
 .UNSPECIFIED. ) ;
#1176 = CALENDAR_DATE ( 2026, 19, 8 ) ;
#1177 = EDGE_CURVE ( 'NONE', #1239, #323, #673, .T. ) ;
#1178 = LINE ( 'NONE', #1080, #965 ) ;
#1179 = PLANE ( 'NONE',  #675 ) ;
#1180 = VERTEX_POINT ( 'NONE', #434 ) ;
#1181 = ORIENTED_EDGE ( 'NONE', *, *, #606, .F. ) ;
#1182 = CARTESIAN_POINT ( 'NONE',  ( -8.431007137221904202, 4.382000324047559126, 9.121121141036168112 ) ) ;
#1183 = DIRECTION ( 'NONE',  ( 0.000000000000000000, -1.000000000000000000, 0.000000000000000000 ) ) ;
#1184 = EDGE_CURVE ( 'NONE', #474, #55, #139, .T. ) ;
#1185 = ADVANCED_FACE ( 'NONE', ( #913 ), #1023, .T. ) ;
#1186 = AXIS2_PLACEMENT_3D ( 'NONE', #1724, #989, #209 ) ;
#1187 = CARTESIAN_POINT ( 'NONE',  ( -2.785677655436834765, -10.49999999999999822, -11.70000000000000284 ) ) ;
#1188 = CARTESIAN_POINT ( 'NONE',  ( 3.575000000000000178, 4.378112306951786773E-16, 13.76963104396711657 ) ) ;
#1189 = VERTEX_POINT ( 'NONE', #1661 ) ;
#1190 = AXIS2_PLACEMENT_3D ( 'NONE', #1108, #335, #1328 ) ;
#1191 = EDGE_LOOP ( 'NONE', ( #280, #45, #1659, #1953, #882, #1677, #1395, #194, #1421, #1790, #1789, #1610, #1884, #1910 ) ) ;
#1192 = CARTESIAN_POINT ( 'NONE',  ( -8.538607841250504649, 4.236484484660702599, 9.138216252480537705 ) ) ;
#1193 = ORIENTED_EDGE ( 'NONE', *, *, #571, .T. ) ;
#1194 = AXIS2_PLACEMENT_3D ( 'NONE', #764, #1564, #784 ) ;
#1195 = CARTESIAN_POINT ( 'NONE',  ( -13.82908965343769125, 3.500000000000000000, 14.00000000000000000 ) ) ;
#1196 =( GEOMETRIC_REPRESENTATION_CONTEXT ( 3 ) GLOBAL_UNCERTAINTY_ASSIGNED_CONTEXT ( ( #37 ) ) GLOBAL_UNIT_ASSIGNED_CONTEXT ( ( #111, #1958, #1329 ) ) REPRESENTATION_CONTEXT ( 'NONE', 'WORKASPACE' ) );
#1197 = PERSON_AND_ORGANIZATION ( #1802, #324 ) ;
#1198 = EDGE_CURVE ( 'NONE', #264, #211, #1639, .T. ) ;
#1199 = CARTESIAN_POINT ( 'NONE',  ( 0.4736412877135909305, -3.574999999909166615, -14.31648426179858191 ) ) ;
#1200 = DIRECTION ( 'NONE',  ( 0.000000000000000000, 0.000000000000000000, -1.000000000000000000 ) ) ;
#1201 = VERTEX_POINT ( 'NONE', #590 ) ;
#1202 = ORIENTED_EDGE ( 'NONE', *, *, #1234, .T. ) ;
#1203 = CARTESIAN_POINT ( 'NONE',  ( -9.243545194086383532, 3.683627684687506232, 9.282832743435069034 ) ) ;
#1204 = CARTESIAN_POINT ( 'NONE',  ( -30.50000000000000000, 3.500000000000000000, -11.90000000000000036 ) ) ;
#1205 = SHAPE_DEFINITION_REPRESENTATION ( #1931, #549 ) ;
#1206 = LINE ( 'NONE', #410, #1712 ) ;
#1207 = EDGE_LOOP ( 'NONE', ( #1280, #439, #484, #699 ) ) ;
#1208 =( BOUNDED_CURVE ( )  B_SPLINE_CURVE ( 3, ( #1592, #41, #328, #1701 ),
 .UNSPECIFIED., .F., .T. ) 
 B_SPLINE_CURVE_WITH_KNOTS ( ( 4, 4 ),
 ( 1.224646799147353454E-16, 3.141592653589793116 ),
 .UNSPECIFIED. ) 
 CURVE ( )  GEOMETRIC_REPRESENTATION_ITEM ( )  RATIONAL_B_SPLINE_CURVE ( ( 1.000000000000000000, 0.3333333333333333703, 0.3333333333333333703, 1.000000000000000000 ) ) 
 REPRESENTATION_ITEM ( '' )  );
#1209 = VERTEX_POINT ( 'NONE', #873 ) ;
#1210 = DIRECTION ( 'NONE',  ( 0.1736481776669640542, -0.000000000000000000, 0.9848077530122022472 ) ) ;
#1211 = ORIENTED_EDGE ( 'NONE', *, *, #1006, .T. ) ;
#1212 = EDGE_CURVE ( 'NONE', #384, #472, #1388, .T. ) ;
#1213 = CARTESIAN_POINT ( 'NONE',  ( -13.06844814108468178, -8.299999999999998934, 0.000000000000000000 ) ) ;
#1214 = ORIENTED_EDGE ( 'NONE', *, *, #432, .F. ) ;
#1215 = DIRECTION ( 'NONE',  ( 8.659560562354948882E-17, 0.7071067811865464625, -0.7071067811865486830 ) ) ;
#1216 = ORIENTED_EDGE ( 'NONE', *, *, #1728, .F. ) ;
#1217 = VECTOR ( 'NONE', #1679, 1000.000000000000000 ) ;
#1218 = FACE_OUTER_BOUND ( 'NONE', #392, .T. ) ;
#1219 = FACE_BOUND ( 'NONE', #627, .T. ) ;
#1220 = VECTOR ( 'NONE', #387, 999.9999999999998863 ) ;
#1221 = EDGE_CURVE ( 'NONE', #768, #1589, #247, .T. ) ;
#1222 = FACE_OUTER_BOUND ( 'NONE', #492, .T. ) ;
#1223 = VECTOR ( 'NONE', #162, 1000.000000000000000 ) ;
#1224 = VECTOR ( 'NONE', #576, 1000.000000000000000 ) ;
#1225 = EDGE_CURVE ( 'NONE', #1084, #143, #1064, .T. ) ;
#1226 = APPROVAL_PERSON_ORGANIZATION ( #429, #907, #1039 ) ;
#1227 = PLANE ( 'NONE',  #1905 ) ;
#1228 = FACE_OUTER_BOUND ( 'NONE', #1369, .T. ) ;
#1229 = LINE ( 'NONE', #1083, #1776 ) ;
#1230 = ORIENTED_EDGE ( 'NONE', *, *, #1458, .T. ) ;
#1231 = CARTESIAN_POINT ( 'NONE',  ( 0.000000000000000000, -10.49999999999999822, 0.000000000000000000 ) ) ;
#1232 = ORIENTED_EDGE ( 'NONE', *, *, #1649, .T. ) ;
#1233 = PLANE ( 'NONE',  #1773 ) ;
#1234 = EDGE_CURVE ( 'NONE', #1886, #211, #1066, .T. ) ;
#1235 = DIRECTION ( 'NONE',  ( 1.885568995626965766E-16, 0.000000000000000000, 1.000000000000000000 ) ) ;
#1236 = ORIENTED_EDGE ( 'NONE', *, *, #1877, .T. ) ;
#1237 = CARTESIAN_POINT ( 'NONE',  ( -11.23566817407099805, -6.299999999999999822, -10.00000000000000000 ) ) ;
#1238 = CARTESIAN_POINT ( 'NONE',  ( -28.50000000000000000, -10.49999999999999822, -3.250000000000000444 ) ) ;
#1239 = VERTEX_POINT ( 'NONE', #776 ) ;
#1240 = LINE ( 'NONE', #312, #1318 ) ;
#1241 = ORIENTED_EDGE ( 'NONE', *, *, #1885, .F. ) ;
#1242 = CARTESIAN_POINT ( 'NONE',  ( -13.26164928148117639, 3.412910583149923571, 11.70000000000000284 ) ) ;
#1243 = DATE_TIME_ROLE ( 'classification_date' ) ;
#1244 = ADVANCED_FACE ( 'NONE', ( #1408 ), #24, .F. ) ;
#1245 = CARTESIAN_POINT ( 'NONE',  ( 0.000000000000000000, -10.49999999999999822, 0.000000000000000000 ) ) ;
#1246 = ADVANCED_FACE ( 'NONE', ( #921 ), #1378, .F. ) ;
#1247 = LINE ( 'NONE', #615, #607 ) ;
#1248 = DIRECTION ( 'NONE',  ( -1.000000000000000000, 0.000000000000000000, 0.000000000000000000 ) ) ;
#1249 = ORIENTED_EDGE ( 'NONE', *, *, #506, .T. ) ;
#1250 = AXIS2_PLACEMENT_3D ( 'NONE', #1841, #888, #915 ) ;
#1251 = DIRECTION ( 'NONE',  ( -0.000000000000000000, -1.000000000000000000, 0.000000000000000000 ) ) ;
#1252 = VERTEX_POINT ( 'NONE', #624 ) ;
#1253 = AXIS2_PLACEMENT_3D ( 'NONE', #1878, #1251, #11 ) ;
#1254 = DIRECTION ( 'NONE',  ( 0.7660444431189805670, 0.000000000000000000, 0.6427876096865364763 ) ) ;
#1255 = CIRCLE ( 'NONE', #1288, 9.900000000000002132 ) ;
#1256 = AXIS2_PLACEMENT_3D ( 'NONE', #645, #1696, #929 ) ;
#1257 = CARTESIAN_POINT ( 'NONE',  ( -11.23566817407099983, -6.299999999999999822, 10.00000000000000000 ) ) ;
#1258 = VECTOR ( 'NONE', #1235, 1000.000000000000000 ) ;
#1259 = DIRECTION ( 'NONE',  ( 0.000000000000000000, 0.000000000000000000, -1.000000000000000000 ) ) ;
#1260 = CARTESIAN_POINT ( 'NONE',  ( -3.979585497670363982E-12, 0.08377210346859548240, 14.40000000000071090 ) ) ;
#1261 = ADVANCED_FACE ( 'NONE', ( #6 ), #1846, .T. ) ;
#1262 = EDGE_LOOP ( 'NONE', ( #173, #404, #850, #688, #829 ) ) ;
#1263 = CARTESIAN_POINT ( 'NONE',  ( -14.19992590469552063, -0.8083768963724484724, 11.90000000000000036 ) ) ;
#1264 = VERTEX_POINT ( 'NONE', #1238 ) ;
#1265 = CARTESIAN_POINT ( 'NONE',  ( -30.50000000000000000, -10.49999999999999822, -3.250000000000000444 ) ) ;
#1266 = CARTESIAN_POINT ( 'NONE',  ( -9.894942484852640163, -0.3164067342176796749, -11.70000000000000284 ) ) ;
#1267 = DIRECTION ( 'NONE',  ( -0.000000000000000000, -0.000000000000000000, 1.000000000000000000 ) ) ;
#1268 = CARTESIAN_POINT ( 'NONE',  ( -27.49999999999828049, -6.310000000001025455, -14.00000000000000000 ) ) ;
#1269 = ORIENTED_EDGE ( 'NONE', *, *, #1807, .F. ) ;
#1270 = ADVANCED_FACE ( 'NONE', ( #309 ), #806, .F. ) ;
#1271 = ORIENTED_EDGE ( 'NONE', *, *, #1481, .F. ) ;
#1272 = CARTESIAN_POINT ( 'NONE',  ( -30.50000000000000000, -9.500000000000000000, 14.00000000000000000 ) ) ;
#1273 = ORIENTED_EDGE ( 'NONE', *, *, #445, .F. ) ;
#1274 = EDGE_CURVE ( 'NONE', #1078, #362, #1229, .T. ) ;
#1275 = CARTESIAN_POINT ( 'NONE',  ( -10.09950493836207208, 3.499999999999999556, 11.70000000000000284 ) ) ;
#1276 = DIRECTION ( 'NONE',  ( 1.000000000000000000, 0.000000000000000000, 0.000000000000000000 ) ) ;
#1277 = DIRECTION ( 'NONE',  ( 0.000000000000000000, 0.000000000000000000, -1.000000000000000000 ) ) ;
#1278 = LINE ( 'NONE', #542, #1483 ) ;
#1279 = VERTEX_POINT ( 'NONE', #1400 ) ;
#1280 = ORIENTED_EDGE ( 'NONE', *, *, #1126, .F. ) ;
#1281 = DIRECTION ( 'NONE',  ( -1.000000000000000000, 0.000000000000000000, 0.000000000000000000 ) ) ;
#1282 = ORIENTED_EDGE ( 'NONE', *, *, #1819, .T. ) ;
#1283 = AXIS2_PLACEMENT_3D ( 'NONE', #1695, #308, #1102 ) ;
#1284 = CARTESIAN_POINT ( 'NONE',  ( -7.948389917683897855E-26, 0.08377210346839436550, -14.40000000000000391 ) ) ;
#1285 = EDGE_CURVE ( 'NONE', #975, #1961, #772, .T. ) ;
#1286 = VECTOR ( 'NONE', #1912, 1000.000000000000000 ) ;
#1287 = PLANE ( 'NONE',  #1519 ) ;
#1288 = AXIS2_PLACEMENT_3D ( 'NONE', #1309, #1587, #523 ) ;
#1289 = FACE_OUTER_BOUND ( 'NONE', #1814, .T. ) ;
#1290 = AXIS2_PLACEMENT_3D ( 'NONE', #60, #1603, #669 ) ;
#1291 = LINE ( 'NONE', #1734, #551 ) ;
#1292 = ORIENTED_EDGE ( 'NONE', *, *, #30, .T. ) ;
#1293 = ORIENTED_EDGE ( 'NONE', *, *, #1957, .F. ) ;
#1294 = LINE ( 'NONE', #852, #1286 ) ;
#1295 = ORIENTED_EDGE ( 'NONE', *, *, #1534, .T. ) ;
#1296 = DIRECTION ( 'NONE',  ( -0.000000000000000000, -0.000000000000000000, -1.000000000000000000 ) ) ;
#1297 = EDGE_CURVE ( 'NONE', #1341, #77, #941, .T. ) ;
#1298 = FACE_OUTER_BOUND ( 'NONE', #1033, .T. ) ;
#1299 = CARTESIAN_POINT ( 'NONE',  ( -2.785677655436835209, -9.499999999999996447, 11.70000000000000284 ) ) ;
#1300 = CARTESIAN_POINT ( 'NONE',  ( -30.50000000000000000, -6.310000000001026343, -11.90000000000000036 ) ) ;
#1301 = ORIENTED_EDGE ( 'NONE', *, *, #1042, .F. ) ;
#1302 = ORIENTED_EDGE ( 'NONE', *, *, #1337, .T. ) ;
#1303 = CARTESIAN_POINT ( 'NONE',  ( -30.50000000000000000, -6.310000000001028120, 11.90000000000000036 ) ) ;
#1304 = EDGE_LOOP ( 'NONE', ( #450, #1343, #311, #1442, #1326, #1965, #780, #945, #580 ) ) ;
#1305 = FACE_OUTER_BOUND ( 'NONE', #925, .T. ) ;
#1306 = CARTESIAN_POINT ( 'NONE',  ( -11.23566817407099805, -6.299999999999999822, -9.000000000000001776 ) ) ;
#1307 = EDGE_CURVE ( 'NONE', #362, #1114, #1385, .T. ) ;
#1308 = CARTESIAN_POINT ( 'NONE',  ( 1.745121688784979017E-15, -9.499999999999994671, 11.90000000000000036 ) ) ;
#1309 = CARTESIAN_POINT ( 'NONE',  ( 0.000000000000000000, 0.000000000000000000, 14.00000000000000000 ) ) ;
#1310 = VERTEX_POINT ( 'NONE', #605 ) ;
#1311 = EDGE_LOOP ( 'NONE', ( #625, #1004, #1935, #524, #279, #595 ) ) ;
#1312 = DIRECTION ( 'NONE',  ( -1.000000000000000000, 0.000000000000000000, 0.000000000000000000 ) ) ;
#1313 = VERTEX_POINT ( 'NONE', #16 ) ;
#1314 = CARTESIAN_POINT ( 'NONE',  ( -13.06844814108468178, -21.81370849898475939, -4.000000000000000888 ) ) ;
#1315 = AXIS2_PLACEMENT_3D ( 'NONE', #1237, #1854, #1074 ) ;
#1316 = VECTOR ( 'NONE', #184, 1000.000000000000000 ) ;
#1317 = APPROVAL_STATUS ( 'not_yet_approved' ) ;
#1318 = VECTOR ( 'NONE', #1566, 1000.000000000000000 ) ;
#1319 = CARTESIAN_POINT ( 'NONE',  ( 0.000000000000000000, 9.540979117872439019E-15, -11.70000000000000284 ) ) ;
#1320 = CARTESIAN_POINT ( 'NONE',  ( 1.745121688784979017E-15, -10.49999999999999822, -11.70000000000000284 ) ) ;
#1321 = VECTOR ( 'NONE', #400, 1000.000000000000227 ) ;
#1322 = ORIENTED_EDGE ( 'NONE', *, *, #81, .T. ) ;
#1323 = VECTOR ( 'NONE', #773, 1000.000000000000000 ) ;
#1324 = ORIENTED_EDGE ( 'NONE', *, *, #1115, .T. ) ;
#1325 = DIRECTION ( 'NONE',  ( 1.000000000000000000, 0.000000000000000000, 0.000000000000000000 ) ) ;
#1326 = ORIENTED_EDGE ( 'NONE', *, *, #1125, .F. ) ;
#1327 = EDGE_CURVE ( 'NONE', #384, #589, #471, .T. ) ;
#1328 = DIRECTION ( 'NONE',  ( 0.9848077530122021361, 0.000000000000000000, -0.1736481776669643595 ) ) ;
#1329 =( NAMED_UNIT ( * ) SI_UNIT ( $, .STERADIAN. ) SOLID_ANGLE_UNIT ( ) );
#1330 = CARTESIAN_POINT ( 'NONE',  ( -22.50000000000000000, -10.49999999999999822, -11.90000000000000036 ) ) ;
#1331 = CARTESIAN_POINT ( 'NONE',  ( -30.50000000000000000, 0.000000000000000000, 0.000000000000000000 ) ) ;
#1332 = EDGE_LOOP ( 'NONE', ( #720, #1729, #1216, #500, #911, #1988, #1608, #1424 ) ) ;
#1333 = ORIENTED_EDGE ( 'NONE', *, *, #1381, .F. ) ;
#1334 = CARTESIAN_POINT ( 'NONE',  ( -2.785677655436834765, -9.500000000000000000, -14.00000000000000000 ) ) ;
#1335 = EDGE_CURVE ( 'NONE', #844, #1544, #322, .T. ) ;
#1336 = CARTESIAN_POINT ( 'NONE',  ( 3.121459702402775704, 1.806178993963127422, -13.84960243527206813 ) ) ;
#1337 = EDGE_CURVE ( 'NONE', #768, #676, #1001, .T. ) ;
#1338 = CARTESIAN_POINT ( 'NONE',  ( -9.838105711369337120E-15, -1.416227896531594865, -14.40000000000000391 ) ) ;
#1339 = DIRECTION ( 'NONE',  ( -1.000000000000000000, 0.000000000000000000, 0.000000000000000000 ) ) ;
#1340 = ORIENTED_EDGE ( 'NONE', *, *, #884, .F. ) ;
#1341 = VERTEX_POINT ( 'NONE', #1103 ) ;
#1342 = CARTESIAN_POINT ( 'NONE',  ( -3.469446951953614978E-15, -9.500000000000000000, 11.70000000000000284 ) ) ;
#1343 = ORIENTED_EDGE ( 'NONE', *, *, #898, .T. ) ;
#1344 = LINE ( 'NONE', #906, #670 ) ;
#1345 = EDGE_CURVE ( 'NONE', #163, #79, #331, .T. ) ;
#1346 = EDGE_CURVE ( 'NONE', #1078, #1123, #1075, .T. ) ;
#1347 = PERSON_AND_ORGANIZATION ( #1802, #324 ) ;
#1348 = AXIS2_PLACEMENT_3D ( 'NONE', #1837, #522, #1118 ) ;
#1349 = CARTESIAN_POINT ( 'NONE',  ( 3.575000000044237680, -0.4745042903266272205, -13.76963104395931481 ) ) ;
#1350 = DIRECTION ( 'NONE',  ( -1.000000000000000000, 0.000000000000000000, 0.000000000000000000 ) ) ;
#1351 = ORIENTED_EDGE ( 'NONE', *, *, #1794, .F. ) ;
#1352 = AXIS2_PLACEMENT_3D ( 'NONE', #1902, #365, #831 ) ;
#1353 = EDGE_LOOP ( 'NONE', ( #739, #1086, #86, #352 ) ) ;
#1354 = AXIS2_PLACEMENT_3D ( 'NONE', #886, #108, #145 ) ;
#1355 = CARTESIAN_POINT ( 'NONE',  ( -13.42012971747788797, 3.445809253302089203, 11.83298087539365362 ) ) ;
#1356 = VECTOR ( 'NONE', #703, 1000.000000000000000 ) ;
#1357 = CARTESIAN_POINT ( 'NONE',  ( 0.9305210925580378323, 3.484162324445395420, -14.23592402526366740 ) ) ;
#1358 = VECTOR ( 'NONE', #659, 1000.000000000000000 ) ;
#1359 = ORIENTED_EDGE ( 'NONE', *, *, #9, .F. ) ;
#1360 = DATE_AND_TIME ( #1048, #355 ) ;
#1361 = EDGE_CURVE ( 'NONE', #1252, #901, #968, .T. ) ;
#1362 = DIRECTION ( 'NONE',  ( 0.000000000000000000, 0.000000000000000000, 1.000000000000000000 ) ) ;
#1363 = ORIENTED_EDGE ( 'NONE', *, *, #1394, .F. ) ;
#1364 = CARTESIAN_POINT ( 'NONE',  ( -13.26164928148117639, 3.500000000000000000, 11.70000000000000284 ) ) ;
#1365 = CARTESIAN_POINT ( 'NONE',  ( -13.50000000000001599, 3.476962068109963777, -11.90000000000000036 ) ) ;
#1366 = CARTESIAN_POINT ( 'NONE',  ( -8.937191181471597190, 3.862682456189761915, -9.213295407968480788 ) ) ;
#1367 = DIRECTION ( 'NONE',  ( 0.000000000000000000, 0.000000000000000000, -1.000000000000000000 ) ) ;
#1368 = EDGE_CURVE ( 'NONE', #472, #63, #1904, .T. ) ;
#1369 = EDGE_LOOP ( 'NONE', ( #1456, #1943, #1158, #793, #1759 ) ) ;
#1370 = FACE_OUTER_BOUND ( 'NONE', #1163, .T. ) ;
#1371 = CYLINDRICAL_SURFACE ( 'NONE', #34, 4.060120313780675616 ) ;
#1372 = ADVANCED_FACE ( 'NONE', ( #1219, #1838 ), #377, .T. ) ;
#1373 = ORIENTED_EDGE ( 'NONE', *, *, #1500, .T. ) ;
#1374 = CARTESIAN_POINT ( 'NONE',  ( -9.925025975497694830, 3.500000000000000000, -9.474135105998358952 ) ) ;
#1375 = DIRECTION ( 'NONE',  ( 0.000000000000000000, 0.000000000000000000, 1.000000000000000000 ) ) ;
#1376 = AXIS2_PLACEMENT_3D ( 'NONE', #1629, #1472, #707 ) ;
#1377 = DIRECTION ( 'NONE',  ( 0.000000000000000000, 0.000000000000000000, -1.000000000000000000 ) ) ;
#1378 = CYLINDRICAL_SURFACE ( 'NONE', #1194, 4.000000000000000888 ) ;
#1379 = VERTEX_POINT ( 'NONE', #347 ) ;
#1380 = CC_DESIGN_PERSON_AND_ORGANIZATION_ASSIGNMENT ( #1979, #1664, ( #1769 ) ) ;
#1381 = EDGE_CURVE ( 'NONE', #381, #887, #44, .T. ) ;
#1382 = VECTOR ( 'NONE', #1536, 1000.000000000000000 ) ;
#1383 = DIRECTION ( 'NONE',  ( 1.000000000000000000, 0.000000000000000000, 3.470187690541072311E-15 ) ) ;
#1384 = EDGE_LOOP ( 'NONE', ( #1351, #1073, #795, #535 ) ) ;
#1385 = CIRCLE ( 'NONE', #71, 10.00000000000123812 ) ;
#1386 = AXIS2_PLACEMENT_3D ( 'NONE', #467, #317, #1551 ) ;
#1387 = CYLINDRICAL_SURFACE ( 'NONE', #1575, 10.00000000000123990 ) ;
#1388 = B_SPLINE_CURVE_WITH_KNOTS ( 'NONE', 3,
 ( #116, #1182, #1192, #1963, #1488, #1203, #292, #1830, #1954, #1668 ),
 .UNSPECIFIED., .F., .F.,
 ( 4, 2, 2, 2, 4 ),
 ( 0.000000000000000000, 0.0005451032279496143863, 0.001090206455899228773, 0.001635309683848843159, 0.002180412911798457545 ),
 .UNSPECIFIED. ) ;
#1389 = DIRECTION ( 'NONE',  ( 0.000000000000000000, 1.000000000000000000, 0.000000000000000000 ) ) ;
#1390 = DIRECTION ( 'NONE',  ( -0.000000000000000000, -0.000000000000000000, -1.000000000000000000 ) ) ;
#1391 = DIRECTION ( 'NONE',  ( -1.000000000000000000, 0.000000000000000000, 0.000000000000000000 ) ) ;
#1392 = ORIENTED_EDGE ( 'NONE', *, *, #493, .T. ) ;
#1393 = DIRECTION ( 'NONE',  ( 0.000000000000000000, -0.000000000000000000, 1.000000000000000000 ) ) ;
#1394 = EDGE_CURVE ( 'NONE', #465, #472, #1278, .T. ) ;
#1395 = ORIENTED_EDGE ( 'NONE', *, *, #1042, .T. ) ;
#1396 = DIRECTION ( 'NONE',  ( 1.000000000000000000, 0.000000000000000000, -0.000000000000000000 ) ) ;
#1397 = EDGE_CURVE ( 'NONE', #1114, #676, #1146, .T. ) ;
#1398 = DIRECTION ( 'NONE',  ( 1.000000000000000000, 0.000000000000000000, 0.000000000000000000 ) ) ;
#1399 = PLANE ( 'NONE',  #507 ) ;
#1400 = CARTESIAN_POINT ( 'NONE',  ( 3.575000000000000622, 3.453909953017859073E-10, -13.76963104396711302 ) ) ;
#1401 = ORIENTED_EDGE ( 'NONE', *, *, #628, .F. ) ;
#1402 = CARTESIAN_POINT ( 'NONE',  ( -6.876769230530333843, 3.500000000000000000, -19.00000000000000355 ) ) ;
#1403 = VERTEX_POINT ( 'NONE', #1300 ) ;
#1404 = DIRECTION ( 'NONE',  ( 0.000000000000000000, 1.000000000000000000, 0.000000000000000000 ) ) ;
#1405 = EDGE_CURVE ( 'NONE', #460, #327, #161, .T. ) ;
#1406 = FACE_OUTER_BOUND ( 'NONE', #1332, .T. ) ;
#1407 = CARTESIAN_POINT ( 'NONE',  ( -13.06844814108468178, -8.299999999999998934, -4.000000000000000888 ) ) ;
#1408 = FACE_OUTER_BOUND ( 'NONE', #114, .T. ) ;
#1409 = ORIENTED_EDGE ( 'NONE', *, *, #952, .T. ) ;
#1410 = AXIS2_PLACEMENT_3D ( 'NONE', #644, #320, #755 ) ;
#1411 = VECTOR ( 'NONE', #59, 1000.000000000000000 ) ;
#1412 = DIRECTION ( 'NONE',  ( 3.470187690541072311E-15, 0.000000000000000000, -1.000000000000000000 ) ) ;
#1413 = ORIENTED_EDGE ( 'NONE', *, *, #457, .F. ) ;
#1414 = VECTOR ( 'NONE', #38, 1000.000000000000000 ) ;
#1415 = LINE ( 'NONE', #649, #1675 ) ;
#1416 = AXIS2_PLACEMENT_3D ( 'NONE', #448, #1852, #622 ) ;
#1417 = LINE ( 'NONE', #529, #1358 ) ;
#1418 = ADVANCED_FACE ( 'NONE', ( #999 ), #532, .T. ) ;
#1419 = FACE_OUTER_BOUND ( 'NONE', #1304, .T. ) ;
#1420 = DIRECTION ( 'NONE',  ( 0.000000000000000000, 0.000000000000000000, -1.000000000000000000 ) ) ;
#1421 = ORIENTED_EDGE ( 'NONE', *, *, #1728, .T. ) ;
#1422 = VERTEX_POINT ( 'NONE', #210 ) ;
#1423 = FACE_OUTER_BOUND ( 'NONE', #710, .T. ) ;
#1424 = ORIENTED_EDGE ( 'NONE', *, *, #130, .T. ) ;
#1425 = PLANE ( 'NONE',  #285 ) ;
#1426 = CARTESIAN_POINT ( 'NONE',  ( -30.50000000000000000, -9.500000000000000000, 14.00000000000000000 ) ) ;
#1427 = EDGE_CURVE ( 'NONE', #757, #395, #1429, .T. ) ;
#1428 = DIRECTION ( 'NONE',  ( -0.6427876096865364763, 0.000000000000000000, -0.7660444431189804559 ) ) ;
#1429 = LINE ( 'NONE', #511, #611 ) ;
#1430 = VERTEX_POINT ( 'NONE', #837 ) ;
#1431 = EDGE_CURVE ( 'NONE', #202, #1565, #582, .T. ) ;
#1432 = ORIENTED_EDGE ( 'NONE', *, *, #1327, .F. ) ;
#1433 = CARTESIAN_POINT ( 'NONE',  ( 0.000000000000000000, 0.000000000000000000, -11.70000000000000284 ) ) ;
#1434 = ORIENTED_EDGE ( 'NONE', *, *, #820, .T. ) ;
#1435 = CARTESIAN_POINT ( 'NONE',  ( -18.82908965343830943, 2.160254037844219432, 14.00000000000000000 ) ) ;
#1436 = LINE ( 'NONE', #987, #774 ) ;
#1437 = LINE ( 'NONE', #1308, #1804 ) ;
#1438 = CARTESIAN_POINT ( 'NONE',  ( -13.82908965343769303, 3.500000000000000000, -11.90000000000000036 ) ) ;
#1439 = ORIENTED_EDGE ( 'NONE', *, *, #919, .F. ) ;
#1440 = ORIENTED_EDGE ( 'NONE', *, *, #408, .T. ) ;
#1441 = DIRECTION ( 'NONE',  ( 0.8660254037844387076, 0.4999999999999998335, 0.000000000000000000 ) ) ;
#1442 = ORIENTED_EDGE ( 'NONE', *, *, #1906, .T. ) ;
#1443 = EDGE_CURVE ( 'NONE', #1422, #977, #1452, .T. ) ;
#1444 = VECTOR ( 'NONE', #1377, 1000.000000000000000 ) ;
#1445 = PLANE ( 'NONE',  #1477 ) ;
#1446 = AXIS2_PLACEMENT_3D ( 'NONE', #1319, #1167, #733 ) ;
#1447 = VECTOR ( 'NONE', #862, 1000.000000000000000 ) ;
#1448 = DIRECTION ( 'NONE',  ( 0.000000000000000000, 0.000000000000000000, 1.000000000000000000 ) ) ;
#1449 = AXIS2_PLACEMENT_3D ( 'NONE', #1757, #368, #1512 ) ;
#1450 = DIRECTION ( 'NONE',  ( 0.000000000000000000, 0.000000000000000000, -1.000000000000000000 ) ) ;
#1451 = LOCAL_TIME ( 10, 20, 29.00000000000000000, #713 ) ;
#1452 = LINE ( 'NONE', #360, #135 ) ;
#1453 = EDGE_LOOP ( 'NONE', ( #1739, #646, #1853, #1704 ) ) ;
#1454 = ORIENTED_EDGE ( 'NONE', *, *, #1982, .T. ) ;
#1455 = CARTESIAN_POINT ( 'NONE',  ( -0.4688500797047817081, 0.08377210346859481627, 11.74101906686776964 ) ) ;
#1456 = ORIENTED_EDGE ( 'NONE', *, *, #1225, .F. ) ;
#1457 = CARTESIAN_POINT ( 'NONE',  ( -13.82908965343769303, 3.500000000000000000, -11.90000000000000036 ) ) ;
#1458 = EDGE_CURVE ( 'NONE', #1588, #1201, #672, .T. ) ;
#1459 = DIRECTION ( 'NONE',  ( -0.9848077530122020251, 0.000000000000000000, -0.1736481776669639987 ) ) ;
#1460 = DIRECTION ( 'NONE',  ( -0.000000000000000000, -0.000000000000000000, 1.000000000000000000 ) ) ;
#1461 = CARTESIAN_POINT ( 'NONE',  ( 2.462545031945278406, 0.000000000000000000, 13.96578686965837512 ) ) ;
#1462 = ORIENTED_EDGE ( 'NONE', *, *, #1327, .T. ) ;
#1463 = ORIENTED_EDGE ( 'NONE', *, *, #1443, .T. ) ;
#1464 = CARTESIAN_POINT ( 'NONE',  ( -30.50000000000000000, -10.49999999999999822, -3.250000000000000444 ) ) ;
#1465 = EDGE_LOOP ( 'NONE', ( #1241, #754, #354, #1273, #76, #985, #1856, #657 ) ) ;
#1466 = FACE_OUTER_BOUND ( 'NONE', #1977, .T. ) ;
#1467 = APPROVAL_STATUS ( 'not_yet_approved' ) ;
#1468 = EDGE_CURVE ( 'NONE', #1403, #757, #981, .T. ) ;
#1469 = FACE_OUTER_BOUND ( 'NONE', #1262, .T. ) ;
#1470 = CARTESIAN_POINT ( 'NONE',  ( -9.878376377584645596, -0.6539725856468970866, 11.70000000000000284 ) ) ;
#1471 = ORIENTED_EDGE ( 'NONE', *, *, #54, .T. ) ;
#1472 = DIRECTION ( 'NONE',  ( -0.000000000000000000, -0.000000000000000000, 1.000000000000000000 ) ) ;
#1473 = DIRECTION ( 'NONE',  ( -1.000000000000000000, 0.000000000000000000, 0.000000000000000000 ) ) ;
#1474 = ORIENTED_EDGE ( 'NONE', *, *, #896, .F. ) ;
#1475 = CARTESIAN_POINT ( 'NONE',  ( -7.948389917683897855E-26, 0.08377210346839436550, -14.40000000000000391 ) ) ;
#1476 = CIRCLE ( 'NONE', #1743, 1.999999999999970468 ) ;
#1477 = AXIS2_PLACEMENT_3D ( 'NONE', #70, #1774, #1007 ) ;
#1478 = AXIS2_PLACEMENT_3D ( 'NONE', #1433, #1738, #66 ) ;
#1479 = CARTESIAN_POINT ( 'NONE',  ( 3.575000000000000178, 4.378112306951787759E-16, -11.70000000000000284 ) ) ;
#1480 = CARTESIAN_POINT ( 'NONE',  ( -16.50858157774925417, 3.500000000000000000, -11.90000000000000036 ) ) ;
#1481 = EDGE_CURVE ( 'NONE', #916, #953, #1291, .T. ) ;
#1482 =( BOUNDED_CURVE ( )  B_SPLINE_CURVE ( 3, ( #846, #691, #1015, #1165 ),
 .UNSPECIFIED., .F., .T. ) 
 B_SPLINE_CURVE_WITH_KNOTS ( ( 4, 4 ),
 ( 3.141592653589793116, 4.712388980384695891 ),
 .UNSPECIFIED. ) 
 CURVE ( )  GEOMETRIC_REPRESENTATION_ITEM ( )  RATIONAL_B_SPLINE_CURVE ( ( 1.000000000000000000, 0.8047378541243634942, 0.8047378541243634942, 1.000000000000000000 ) ) 
 REPRESENTATION_ITEM ( '' )  );
#1483 = VECTOR ( 'NONE', #1605, 1000.000000000000000 ) ;
#1484 = CIRCLE ( 'NONE', #701, 10.00000000000123990 ) ;
#1485 = ORIENTED_EDGE ( 'NONE', *, *, #970, .T. ) ;
#1486 = SECURITY_CLASSIFICATION ( '', '', #554 ) ;
#1487 = ORIENTED_EDGE ( 'NONE', *, *, #1184, .T. ) ;
#1488 = CARTESIAN_POINT ( 'NONE',  ( -8.935353472029742505, 3.863960014214063765, 9.212906515498350046 ) ) ;
#1489 = EDGE_CURVE ( 'NONE', #1201, #1637, #1255, .T. ) ;
#1490 = ORIENTED_EDGE ( 'NONE', *, *, #943, .T. ) ;
#1491 = DIRECTION ( 'NONE',  ( 0.000000000000000000, 0.000000000000000000, -1.000000000000000000 ) ) ;
#1492 = CARTESIAN_POINT ( 'NONE',  ( 0.000000000000000000, 0.000000000000000000, 0.000000000000000000 ) ) ;
#1493 = CYLINDRICAL_SURFACE ( 'NONE', #509, 3.575000000000000178 ) ;
#1494 = DIRECTION ( 'NONE',  ( -0.000000000000000000, -0.000000000000000000, 1.000000000000000000 ) ) ;
#1495 = ORIENTED_EDGE ( 'NONE', *, *, #1993, .F. ) ;
#1496 = EDGE_CURVE ( 'NONE', #53, #143, #1615, .T. ) ;
#1497 = LINE ( 'NONE', #1660, #1224 ) ;
#1498 = CARTESIAN_POINT ( 'NONE',  ( -13.26164928148117639, 3.500000000000000000, 11.70000000000000284 ) ) ;
#1499 = ORIENTED_EDGE ( 'NONE', *, *, #483, .T. ) ;
#1500 = EDGE_CURVE ( 'NONE', #1983, #1132, #481, .T. ) ;
#1501 = CARTESIAN_POINT ( 'NONE',  ( 2.862367199910485382, 2.193334722750272192, -13.89528743396073907 ) ) ;
#1502 = PERSON_AND_ORGANIZATION_ROLE ( 'creator' ) ;
#1503 = CARTESIAN_POINT ( 'NONE',  ( -22.50000000000000000, -10.49999999999999822, 11.90000000000000036 ) ) ;
#1504 = LINE ( 'NONE', #1818, #514 ) ;
#1505 = EDGE_LOOP ( 'NONE', ( #27, #1711, #88, #1439 ) ) ;
#1506 = VERTEX_POINT ( 'NONE', #499 ) ;
#1507 = CARTESIAN_POINT ( 'NONE',  ( 0.000000000000000000, 0.000000000000000000, -11.70000000000000284 ) ) ;
#1508 = CARTESIAN_POINT ( 'NONE',  ( -9.412070001914999651, 3.613604316907529590, -9.325108921936111628 ) ) ;
#1509 = EDGE_CURVE ( 'NONE', #757, #1640, #417, .T. ) ;
#1510 = PERSON_AND_ORGANIZATION_ROLE ( 'classification_officer' ) ;
#1511 = VECTOR ( 'NONE', #1730, 1000.000000000000000 ) ;
#1512 = DIRECTION ( 'NONE',  ( -1.000000000000000000, 0.000000000000000000, 0.000000000000000000 ) ) ;
#1513 = ORIENTED_EDGE ( 'NONE', *, *, #545, .T. ) ;
#1514 = AXIS2_PLACEMENT_3D ( 'NONE', #1162, #394, #1035 ) ;
#1515 = LINE ( 'NONE', #138, #1027 ) ;
#1516 = AXIS2_PLACEMENT_3D ( 'NONE', #1138, #1420, #1883 ) ;
#1517 = DIRECTION ( 'NONE',  ( 0.9848077530122021361, 0.000000000000000000, -0.1736481776669643595 ) ) ;
#1518 = CARTESIAN_POINT ( 'NONE',  ( -13.50000000000001599, 3.476962068109963777, -11.90000000000000036 ) ) ;
#1519 = AXIS2_PLACEMENT_3D ( 'NONE', #997, #1584, #812 ) ;
#1520 = EDGE_LOOP ( 'NONE', ( #501, #72, #839, #1011 ) ) ;
#1521 = ADVANCED_FACE ( 'NONE', ( #815 ), #661, .F. ) ;
#1522 = PERSON_AND_ORGANIZATION ( #1802, #324 ) ;
#1523 = EDGE_CURVE ( 'NONE', #364, #636, #1128, .T. ) ;
#1524 = DIRECTION ( 'NONE',  ( 0.000000000000000000, 0.000000000000000000, -1.000000000000000000 ) ) ;
#1525 = ORIENTED_EDGE ( 'NONE', *, *, #598, .T. ) ;
#1526 = LINE ( 'NONE', #1863, #1444 ) ;
#1527 = DIRECTION ( 'NONE',  ( -0.000000000000000000, -0.000000000000000000, -1.000000000000000000 ) ) ;
#1528 = DIRECTION ( 'NONE',  ( -0.000000000000000000, 1.000000000000000000, -0.000000000000000000 ) ) ;
#1529 = ORIENTED_EDGE ( 'NONE', *, *, #1458, .F. ) ;
#1530 = CC_DESIGN_PERSON_AND_ORGANIZATION_ASSIGNMENT ( #890, #1502, ( #1713 ) ) ;
#1531 = PLANE ( 'NONE',  #613 ) ;
#1532 = DIRECTION ( 'NONE',  ( 0.000000000000000000, -1.000000000000000000, 0.000000000000000000 ) ) ;
#1533 = DIRECTION ( 'NONE',  ( -1.000000000000000000, 0.000000000000000000, 0.000000000000000000 ) ) ;
#1534 = EDGE_CURVE ( 'NONE', #1050, #1084, #258, .T. ) ;
#1535 = ORIENTED_EDGE ( 'NONE', *, *, #1274, .F. ) ;
#1536 = DIRECTION ( 'NONE',  ( -0.000000000000000000, -1.000000000000000000, -0.000000000000000000 ) ) ;
#1537 = CARTESIAN_POINT ( 'NONE',  ( -13.06844814108468178, -6.299999999999999822, -6.000000000000005329 ) ) ;
#1538 = LINE ( 'NONE', #939, #40 ) ;
#1539 = CIRCLE ( 'NONE', #186, 10.00000000000123990 ) ;
#1540 = EDGE_CURVE ( 'NONE', #1983, #950, #1504, .T. ) ;
#1541 = DIRECTION ( 'NONE',  ( 1.000000000000000000, 0.000000000000000000, 0.000000000000000000 ) ) ;
#1542 = CARTESIAN_POINT ( 'NONE',  ( -22.50000000000000000, -7.700000000000000178, 3.249999999999999556 ) ) ;
#1543 = CONICAL_SURFACE ( 'NONE', #835, 4.000000000000000888, 0.7853981633974498333 ) ;
#1544 = VERTEX_POINT ( 'NONE', #1942 ) ;
#1545 = EDGE_CURVE ( 'NONE', #1239, #1252, #858, .T. ) ;
#1546 = DIRECTION ( 'NONE',  ( 0.000000000000000000, 0.000000000000000000, 1.000000000000000000 ) ) ;
#1547 = VERTEX_POINT ( 'NONE', #1960 ) ;
#1548 = VECTOR ( 'NONE', #881, 1000.000000000000000 ) ;
#1549 = AXIS2_PLACEMENT_3D ( 'NONE', #1153, #132, #418 ) ;
#1550 = CARTESIAN_POINT ( 'NONE',  ( -1.499999999999988232, 0.08377210346839436550, -14.40000000000000213 ) ) ;
#1551 = DIRECTION ( 'NONE',  ( -1.000000000000000000, -1.734723475976592327E-15, 0.000000000000000000 ) ) ;
#1552 = LINE ( 'NONE', #1563, #962 ) ;
#1553 = DIRECTION ( 'NONE',  ( -1.000000000000000000, 1.244392218288183596E-14, 0.000000000000000000 ) ) ;
#1554 = ORIENTED_EDGE ( 'NONE', *, *, #1174, .T. ) ;
#1555 = EDGE_CURVE ( 'NONE', #1310, #1923, #1658, .T. ) ;
#1556 = DIRECTION ( 'NONE',  ( 0.000000000000000000, 0.000000000000000000, -1.000000000000000000 ) ) ;
#1557 = VERTEX_POINT ( 'NONE', #1470 ) ;
#1558 = EDGE_CURVE ( 'NONE', #1961, #993, #587, .T. ) ;
#1559 = CARTESIAN_POINT ( 'NONE',  ( -13.06844814108468178, -8.299999999999998934, 0.000000000000000000 ) ) ;
#1560 =( BOUNDED_CURVE ( )  B_SPLINE_CURVE ( 3, ( #1801, #903, #1355, #274 ),
 .UNSPECIFIED., .F., .F. ) 
 B_SPLINE_CURVE_WITH_KNOTS ( ( 4, 4 ),
 ( 4.493672009951390933, 4.549815269240465199 ),
 .UNSPECIFIED. ) 
 CURVE ( )  GEOMETRIC_REPRESENTATION_ITEM ( )  RATIONAL_B_SPLINE_CURVE ( ( 1.000000000000000000, 0.9997373451184088378, 0.9997373451184088378, 1.000000000000000000 ) ) 
 REPRESENTATION_ITEM ( '' )  );
#1561 = FACE_OUTER_BOUND ( 'NONE', #687, .T. ) ;
#1562 = B_SPLINE_CURVE_WITH_KNOTS ( 'NONE', 3,
 ( #428, #1374, #897, #1508, #751, #1366, #1803, #415, #1037, #128 ),
 .UNSPECIFIED., .F., .F.,
 ( 4, 2, 2, 2, 4 ),
 ( 0.000000000000000000, 0.0005454431170601336696, 0.001090886234120267339, 0.001636329351180400900, 0.002181772468240534679 ),
 .UNSPECIFIED. ) ;
#1563 = CARTESIAN_POINT ( 'NONE',  ( 1.745121688784979017E-15, -10.49999999999999822, -11.70000000000000284 ) ) ;
#1564 = DIRECTION ( 'NONE',  ( -0.000000000000000000, 1.000000000000000000, -0.000000000000000000 ) ) ;
#1565 = VERTEX_POINT ( 'NONE', #1188 ) ;
#1566 = DIRECTION ( 'NONE',  ( -1.000000000000000000, 0.000000000000000000, 0.000000000000000000 ) ) ;
#1567 = VERTEX_POINT ( 'NONE', #124 ) ;
#1568 = CARTESIAN_POINT ( 'NONE',  ( -30.50000000000000000, -6.299999999999999822, -10.00000000000000000 ) ) ;
#1569 = ADVANCED_FACE ( 'NONE', ( #438 ), #1179, .T. ) ;
#1570 = DIRECTION ( 'NONE',  ( -1.000000000000000000, 0.000000000000000000, 0.000000000000000000 ) ) ;
#1571 = CARTESIAN_POINT ( 'NONE',  ( -28.50000000000000000, -8.699999999999999289, 2.250000000000000444 ) ) ;
#1572 = DIRECTION ( 'NONE',  ( 0.000000000000000000, 0.000000000000000000, -1.000000000000000000 ) ) ;
#1573 = ORIENTED_EDGE ( 'NONE', *, *, #1523, .T. ) ;
#1574 = VECTOR ( 'NONE', #250, 1000.000000000000000 ) ;
#1575 = AXIS2_PLACEMENT_3D ( 'NONE', #629, #13, #620 ) ;
#1576 = PLANE ( 'NONE',  #1836 ) ;
#1577 = ORIENTED_EDGE ( 'NONE', *, *, #238, .F. ) ;
#1578 = CIRCLE ( 'NONE', #191, 3.000000000001719958 ) ;
#1579 = DIRECTION ( 'NONE',  ( 0.000000000000000000, 0.000000000000000000, 1.000000000000000000 ) ) ;
#1580 = AXIS2_PLACEMENT_3D ( 'NONE', #1111, #190, #1991 ) ;
#1581 = AXIS2_PLACEMENT_3D ( 'NONE', #1571, #1908, #1893 ) ;
#1582 = EDGE_CURVE ( 'NONE', #77, #1932, #1798, .T. ) ;
#1583 = AXIS2_PLACEMENT_3D ( 'NONE', #375, #1732, #1570 ) ;
#1584 = DIRECTION ( 'NONE',  ( 0.000000000000000000, 0.000000000000000000, -1.000000000000000000 ) ) ;
#1585 = EDGE_CURVE ( 'NONE', #1715, #474, #938, .T. ) ;
#1586 = DIRECTION ( 'NONE',  ( 0.7660444431189804559, 0.000000000000000000, -0.6427876096865364763 ) ) ;
#1587 = DIRECTION ( 'NONE',  ( -0.000000000000000000, -0.000000000000000000, -1.000000000000000000 ) ) ;
#1588 = VERTEX_POINT ( 'NONE', #1049 ) ;
#1589 = VERTEX_POINT ( 'NONE', #270 ) ;
#1590 = CARTESIAN_POINT ( 'NONE',  ( 0.000000000000000000, 9.540979117872439019E-15, 11.90000000000000036 ) ) ;
#1591 = EDGE_LOOP ( 'NONE', ( #17, #893, #504, #1726 ) ) ;
#1592 = CARTESIAN_POINT ( 'NONE',  ( 3.575000000000000178, 4.378112306951786773E-16, 13.76963104396711657 ) ) ;
#1593 = FACE_OUTER_BOUND ( 'NONE', #894, .T. ) ;
#1594 = DIRECTION ( 'NONE',  ( -0.000000000000000000, 1.000000000000000000, -0.000000000000000000 ) ) ;
#1595 = DIRECTION ( 'NONE',  ( 0.000000000000000000, 0.000000000000000000, -1.000000000000000000 ) ) ;
#1596 = EDGE_CURVE ( 'NONE', #916, #807, #1981, .T. ) ;
#1597 = EDGE_LOOP ( 'NONE', ( #1474, #495, #557, #832 ) ) ;
#1598 = ORIENTED_EDGE ( 'NONE', *, *, #681, .F. ) ;
#1599 = CARTESIAN_POINT ( 'NONE',  ( -6.876769230530335619, -6.299999999999999822, 19.00000000000000355 ) ) ;
#1600 = VERTEX_POINT ( 'NONE', #1636 ) ;
#1601 = CARTESIAN_POINT ( 'NONE',  ( 0.000000000000000000, 0.000000000000000000, 24.58962104337493670 ) ) ;
#1602 = ORIENTED_EDGE ( 'NONE', *, *, #955, .F. ) ;
#1603 = DIRECTION ( 'NONE',  ( -0.000000000000000000, 1.000000000000000000, 0.000000000000000000 ) ) ;
#1604 = DIRECTION ( 'NONE',  ( 1.000000000000000000, 0.000000000000000000, -0.000000000000000000 ) ) ;
#1605 = DIRECTION ( 'NONE',  ( -0.000000000000000000, 0.000000000000000000, -1.000000000000000000 ) ) ;
#1606 = ORIENTED_EDGE ( 'NONE', *, *, #1234, .F. ) ;
#1607 = EDGE_CURVE ( 'NONE', #953, #1895, #566, .T. ) ;
#1608 = ORIENTED_EDGE ( 'NONE', *, *, #1555, .F. ) ;
#1609 = CARTESIAN_POINT ( 'NONE',  ( 0.000000000000000000, 0.000000000000000000, 11.70000000000000284 ) ) ;
#1610 = ORIENTED_EDGE ( 'NONE', *, *, #572, .F. ) ;
#1611 = CARTESIAN_POINT ( 'NONE',  ( -13.06844814108468178, -8.299999999999998934, 0.000000000000000000 ) ) ;
#1612 = AXIS2_PLACEMENT_3D ( 'NONE', #1624, #1937, #854 ) ;
#1613 = AXIS2_PLACEMENT_3D ( 'NONE', #1887, #302, #656 ) ;
#1614 = DIRECTION ( 'NONE',  ( 0.000000000000000000, 0.000000000000000000, -1.000000000000000000 ) ) ;
#1615 =( BOUNDED_CURVE ( )  B_SPLINE_CURVE ( 3, ( #1627, #1928, #1779, #62 ),
 .UNSPECIFIED., .F., .T. ) 
 B_SPLINE_CURVE_WITH_KNOTS ( ( 4, 4 ),
 ( 1.570796326794896558, 3.141592653589793116 ),
 .UNSPECIFIED. ) 
 CURVE ( )  GEOMETRIC_REPRESENTATION_ITEM ( )  RATIONAL_B_SPLINE_CURVE ( ( 1.000000000000000000, 0.8047378541243649375, 0.8047378541243649375, 1.000000000000000000 ) ) 
 REPRESENTATION_ITEM ( '' )  );
#1616 = AXIS2_PLACEMENT_3D ( 'NONE', #1875, #172, #1717 ) ;
#1617 = DIRECTION ( 'NONE',  ( 0.000000000000000000, -1.000000000000000000, -0.000000000000000000 ) ) ;
#1618 = CIRCLE ( 'NONE', #101, 3.575000000000000178 ) ;
#1619 = CARTESIAN_POINT ( 'NONE',  ( -30.50000000000000000, -6.310000000001025455, -14.00000000000000000 ) ) ;
#1620 = ORIENTED_EDGE ( 'NONE', *, *, #988, .T. ) ;
#1621 = ORIENTED_EDGE ( 'NONE', *, *, #789, .F. ) ;
#1622 = CARTESIAN_POINT ( 'NONE',  ( -10.09950493836207208, 3.499999999999999556, -11.70000000000000284 ) ) ;
#1623 = ORIENTED_EDGE ( 'NONE', *, *, #1184, .F. ) ;
#1624 = CARTESIAN_POINT ( 'NONE',  ( -13.06844814108468178, -10.49999999999999822, 0.000000000000000000 ) ) ;
#1625 = PERSON_AND_ORGANIZATION ( #1802, #324 ) ;
#1626 = FACE_OUTER_BOUND ( 'NONE', #97, .T. ) ;
#1627 = CARTESIAN_POINT ( 'NONE',  ( 0.000000000000000000, 1.583772103468383374, -14.40000000000000213 ) ) ;
#1628 = ORIENTED_EDGE ( 'NONE', *, *, #1346, .T. ) ;
#1629 = CARTESIAN_POINT ( 'NONE',  ( -14.19992590469552063, -0.8083768963724484724, 4.664029957913071733 ) ) ;
#1630 = FACE_OUTER_BOUND ( 'NONE', #1631, .T. ) ;
#1631 = EDGE_LOOP ( 'NONE', ( #243, #1172, #301, #266 ) ) ;
#1632 = DIRECTION ( 'NONE',  ( 0.000000000000000000, 0.000000000000000000, 1.000000000000000000 ) ) ;
#1633 = EDGE_CURVE ( 'NONE', #1865, #1189, #1206, .T. ) ;
#1634 = ADVANCED_FACE ( 'NONE', ( #1060 ), #1951, .F. ) ;
#1635 = FACE_BOUND ( 'NONE', #851, .T. ) ;
#1636 = CARTESIAN_POINT ( 'NONE',  ( -22.50000000000000000, -6.299999999999999822, 3.249999999999999556 ) ) ;
#1637 = VERTEX_POINT ( 'NONE', #574 ) ;
#1638 = DIRECTION ( 'NONE',  ( 0.1736481776669640542, -0.000000000000000000, 0.9848077530122022472 ) ) ;
#1639 = LINE ( 'NONE', #1334, #1775 ) ;
#1640 = VERTEX_POINT ( 'NONE', #104 ) ;
#1641 = DIRECTION ( 'NONE',  ( -0.000000000000000000, 1.000000000000000000, -0.000000000000000000 ) ) ;
#1642 = AXIS2_PLACEMENT_3D ( 'NONE', #1845, #1390, #330 ) ;
#1643 = CIRCLE ( 'NONE', #740, 1.499999999999989120 ) ;
#1644 = ADVANCED_FACE ( 'NONE', ( #1810 ), #422, .T. ) ;
#1645 = CIRCLE ( 'NONE', #771, 1.499999999999987566 ) ;
#1646 = CARTESIAN_POINT ( 'NONE',  ( 2.192973285247599602, -2.862962470176453778, -14.01331964183788692 ) ) ;
#1647 = DIRECTION ( 'NONE',  ( 0.8660254037844387076, 0.4999999999999998890, 0.000000000000000000 ) ) ;
#1648 = VECTOR ( 'NONE', #391, 1000.000000000000000 ) ;
#1649 = EDGE_CURVE ( 'NONE', #977, #735, #93, .T. ) ;
#1650 = ORIENTED_EDGE ( 'NONE', *, *, #275, .T. ) ;
#1651 = AXIS2_PLACEMENT_3D ( 'NONE', #1492, #856, #240 ) ;
#1652 = FACE_OUTER_BOUND ( 'NONE', #1191, .T. ) ;
#1653 = LINE ( 'NONE', #719, #226 ) ;
#1654 = ORIENTED_EDGE ( 'NONE', *, *, #884, .T. ) ;
#1655 = CARTESIAN_POINT ( 'NONE',  ( 0.000000000000000000, 0.000000000000000000, -14.40000000000000213 ) ) ;
#1656 = DATE_AND_TIME ( #277, #1451 ) ;
#1657 = CARTESIAN_POINT ( 'NONE',  ( 3.484142266659788323, -0.9303429569778454145, -13.78565171376101084 ) ) ;
#1658 = LINE ( 'NONE', #1320, #1548 ) ;
#1659 = ORIENTED_EDGE ( 'NONE', *, *, #563, .T. ) ;
#1660 = CARTESIAN_POINT ( 'NONE',  ( 0.000000000000000000, 1.500000000000000000, -14.40000000000000213 ) ) ;
#1661 = CARTESIAN_POINT ( 'NONE',  ( -30.50000000000000000, -6.299999999999999822, 3.249999999999999556 ) ) ;
#1662 = ORIENTED_EDGE ( 'NONE', *, *, #208, .T. ) ;
#1663 = CARTESIAN_POINT ( 'NONE',  ( 0.2817313296744544115, -6.299999999999999822, 0.3357543242858774257 ) ) ;
#1664 = PERSON_AND_ORGANIZATION_ROLE ( 'creator' ) ;
#1665 = DIRECTION ( 'NONE',  ( -0.000000000000000000, -0.000000000000000000, -1.000000000000000000 ) ) ;
#1666 = EDGE_LOOP ( 'NONE', ( #1142, #1662, #934, #1525 ) ) ;
#1667 = ORIENTED_EDGE ( 'NONE', *, *, #358, .T. ) ;
#1668 = CARTESIAN_POINT ( 'NONE',  ( -10.09950493836207208, 3.499999999999999556, 9.533534209776796331 ) ) ;
#1669 = EDGE_LOOP ( 'NONE', ( #1181, #487, #1602, #1104 ) ) ;
#1670 = ADVANCED_FACE ( 'NONE', ( #556 ), #1168, .T. ) ;
#1671 = CARTESIAN_POINT ( 'NONE',  ( 1.805359708909438199, 3.121704957671863401, -14.08166637343522076 ) ) ;
#1672 = ORIENTED_EDGE ( 'NONE', *, *, #1361, .F. ) ;
#1673 = EDGE_CURVE ( 'NONE', #942, #264, #287, .T. ) ;
#1674 = CIRCLE ( 'NONE', #796, 4.000000000000000888 ) ;
#1675 = VECTOR ( 'NONE', #206, 1000.000000000000000 ) ;
#1676 = CARTESIAN_POINT ( 'NONE',  ( 0.000000000000000000, 9.540979117872439019E-15, -9.000000000000001776 ) ) ;
#1677 = ORIENTED_EDGE ( 'NONE', *, *, #746, .F. ) ;
#1678 = VECTOR ( 'NONE', #426, 1000.000000000000000 ) ;
#1679 = DIRECTION ( 'NONE',  ( 0.000000000000000000, 0.000000000000000000, -1.000000000000000000 ) ) ;
#1680 = AXIS2_PLACEMENT_3D ( 'NONE', #1860, #1088, #1702 ) ;
#1681 = DIRECTION ( 'NONE',  ( -0.000000000000000000, -0.000000000000000000, 1.000000000000000000 ) ) ;
#1682 = ORIENTED_EDGE ( 'NONE', *, *, #746, .T. ) ;
#1683 = CIRCLE ( 'NONE', #1386, 10.00000000000123812 ) ;
#1684 = CYLINDRICAL_SURFACE ( 'NONE', #935, 1.999999999999970468 ) ;
#1685 = PRODUCT_RELATED_PRODUCT_CATEGORY ( 'detail', '', ( #1768 ) ) ;
#1686 = ORIENTED_EDGE ( 'NONE', *, *, #799, .T. ) ;
#1687 = FACE_OUTER_BOUND ( 'NONE', #373, .T. ) ;
#1688 = CARTESIAN_POINT ( 'NONE',  ( -13.50000000000001599, -6.299999999999999822, -11.90000000000000036 ) ) ;
#1689 = CARTESIAN_POINT ( 'NONE',  ( -16.50858157774925417, 3.500000000000000000, -11.90000000000000036 ) ) ;
#1690 = EDGE_LOOP ( 'NONE', ( #167, #1401, #153, #1995, #560, #402 ) ) ;
#1691 = CARTESIAN_POINT ( 'NONE',  ( -9.878376377584645596, -0.6539725856468970866, 11.70000000000000284 ) ) ;
#1692 = DIRECTION ( 'NONE',  ( -1.000000000000000000, 0.000000000000000000, 0.000000000000000000 ) ) ;
#1693 = FACE_OUTER_BOUND ( 'NONE', #1134, .T. ) ;
#1694 = EDGE_CURVE ( 'NONE', #63, #1770, #1072, .T. ) ;
#1695 = CARTESIAN_POINT ( 'NONE',  ( -10.09950493836207208, 5.499999999999969802, 11.70000000000000284 ) ) ;
#1696 = DIRECTION ( 'NONE',  ( -0.000000000000000000, -0.000000000000000000, -1.000000000000000000 ) ) ;
#1697 = ORIENTED_EDGE ( 'NONE', *, *, #1540, .F. ) ;
#1698 = CARTESIAN_POINT ( 'NONE',  ( -3.575000000000000178, 0.000000000000000000, -14.40000000000001279 ) ) ;
#1699 = ORIENTED_EDGE ( 'NONE', *, *, #1850, .F. ) ;
#1700 = ORIENTED_EDGE ( 'NONE', *, *, #1443, .F. ) ;
#1701 = CARTESIAN_POINT ( 'NONE',  ( -3.575000000000000178, 0.000000000000000000, 15.03036895603289480 ) ) ;
#1702 = DIRECTION ( 'NONE',  ( -1.000000000000000000, 0.000000000000000000, 0.000000000000000000 ) ) ;
#1703 = EDGE_CURVE ( 'NONE', #146, #1209, #29, .T. ) ;
#1704 = ORIENTED_EDGE ( 'NONE', *, *, #506, .F. ) ;
#1705 = CIRCLE ( 'NONE', #476, 3.000000000001719958 ) ;
#1706 = LINE ( 'NONE', #23, #343 ) ;
#1707 = DIRECTION ( 'NONE',  ( -0.000000000000000000, -0.000000000000000000, 1.000000000000000000 ) ) ;
#1708 = VECTOR ( 'NONE', #579, 1000.000000000000000 ) ;
#1709 = AXIS2_PLACEMENT_3D ( 'NONE', #1590, #664, #1473 ) ;
#1710 = DIRECTION ( 'NONE',  ( 0.000000000000000000, -1.000000000000000000, 0.000000000000000000 ) ) ;
#1711 = ORIENTED_EDGE ( 'NONE', *, *, #30, .F. ) ;
#1712 = VECTOR ( 'NONE', #1826, 1000.000000000000000 ) ;
#1713 = PRODUCT_DEFINITION_FORMATION_WITH_SPECIFIED_SOURCE ( 'ANY', '', #1768, .NOT_KNOWN. ) ;
#1714 = DIRECTION ( 'NONE',  ( 0.000000000000000000, -0.000000000000000000, 1.000000000000000000 ) ) ;
#1715 = VERTEX_POINT ( 'NONE', #478 ) ;
#1716 = DIRECTION ( 'NONE',  ( -1.000000000000000000, 0.000000000000000000, -0.000000000000000000 ) ) ;
#1717 = DIRECTION ( 'NONE',  ( 1.000000000000000000, 0.000000000000000000, 0.000000000000000000 ) ) ;
#1718 = ORIENTED_EDGE ( 'NONE', *, *, #81, .F. ) ;
#1719 = ADVANCED_FACE ( 'NONE', ( #1687 ), #329, .F. ) ;
#1720 = LINE ( 'NONE', #618, #1414 ) ;
#1721 = ORIENTED_EDGE ( 'NONE', *, *, #106, .T. ) ;
#1722 = CARTESIAN_POINT ( 'NONE',  ( -8.343069296907820842, 4.543478260869554752, -9.108085922565779313 ) ) ;
#1723 = CARTESIAN_POINT ( 'NONE',  ( -11.23566817407099983, 3.500000000000000000, 10.00000000000000000 ) ) ;
#1724 = CARTESIAN_POINT ( 'NONE',  ( 0.000000000000000000, 0.000000000000000000, 14.00000000000000000 ) ) ;
#1725 = DIRECTION ( 'NONE',  ( -0.8660254037844387076, -0.4999999999999998890, 0.000000000000000000 ) ) ;
#1726 = ORIENTED_EDGE ( 'NONE', *, *, #1368, .T. ) ;
#1727 = DIRECTION ( 'NONE',  ( 1.000000000000000000, 2.752935871913940556E-14, 0.000000000000000000 ) ) ;
#1728 = EDGE_CURVE ( 'NONE', #844, #1913, #947, .T. ) ;
#1729 = ORIENTED_EDGE ( 'NONE', *, *, #598, .F. ) ;
#1730 = DIRECTION ( 'NONE',  ( -0.000000000000000000, -1.000000000000000000, -0.000000000000000000 ) ) ;
#1731 = ADVANCED_FACE ( 'NONE', ( #1561 ), #489, .T. ) ;
#1732 = DIRECTION ( 'NONE',  ( -0.000000000000000000, -0.000000000000000000, 1.000000000000000000 ) ) ;
#1733 = FACE_OUTER_BOUND ( 'NONE', #808, .T. ) ;
#1734 = CARTESIAN_POINT ( 'NONE',  ( -22.50000000000000000, -6.299999999999999822, -3.250000000000000444 ) ) ;
#1735 = ORIENTED_EDGE ( 'NONE', *, *, #683, .F. ) ;
#1736 = ORIENTED_EDGE ( 'NONE', *, *, #789, .T. ) ;
#1737 = AXIS2_PLACEMENT_3D ( 'NONE', #396, #80, #864 ) ;
#1738 = DIRECTION ( 'NONE',  ( 0.000000000000000000, 0.000000000000000000, -1.000000000000000000 ) ) ;
#1739 = ORIENTED_EDGE ( 'NONE', *, *, #731, .T. ) ;
#1740 = AXIS2_PLACEMENT_3D ( 'NONE', #1455, #78, #1933 ) ;
#1741 = CARTESIAN_POINT ( 'NONE',  ( -16.50858157774925417, 3.500000000000000000, -14.00000000000000000 ) ) ;
#1742 = AXIS2_PLACEMENT_3D ( 'NONE', #1268, #52, #1119 ) ;
#1743 = AXIS2_PLACEMENT_3D ( 'NONE', #367, #1267, #1756 ) ;
#1744 = AXIS2_PLACEMENT_3D ( 'NONE', #199, #1127, #539 ) ;
#1745 = EDGE_CURVE ( 'NONE', #202, #1313, #2, .T. ) ;
#1746 = PLANE ( 'NONE',  #164 ) ;
#1747 = DIRECTION ( 'NONE',  ( 0.000000000000000000, 0.000000000000000000, 1.000000000000000000 ) ) ;
#1748 = ORIENTED_EDGE ( 'NONE', *, *, #1221, .T. ) ;
#1749 = VERTEX_POINT ( 'NONE', #918 ) ;
#1750 = FACE_OUTER_BOUND ( 'NONE', #1597, .T. ) ;
#1751 = ORIENTED_EDGE ( 'NONE', *, *, #152, .T. ) ;
#1752 = LINE ( 'NONE', #996, #1220 ) ;
#1753 = ORIENTED_EDGE ( 'NONE', *, *, #1957, .T. ) ;
#1754 = LINE ( 'NONE', #336, #878 ) ;
#1755 = EDGE_CURVE ( 'NONE', #126, #427, #1538, .T. ) ;
#1756 = DIRECTION ( 'NONE',  ( -1.000000000000000000, -8.673617379884163662E-16, 0.000000000000000000 ) ) ;
#1757 = CARTESIAN_POINT ( 'NONE',  ( -10.09950493836207208, 5.499999999999969802, 11.90000000000000036 ) ) ;
#1758 = ORIENTED_EDGE ( 'NONE', *, *, #1915, .T. ) ;
#1759 = ORIENTED_EDGE ( 'NONE', *, *, #1496, .T. ) ;
#1760 = DIRECTION ( 'NONE',  ( -0.000000000000000000, -0.000000000000000000, 1.000000000000000000 ) ) ;
#1761 = ORIENTED_EDGE ( 'NONE', *, *, #816, .F. ) ;
#1762 = CARTESIAN_POINT ( 'NONE',  ( -30.50000000000000000, -4.577949192431158387, 11.90000000000000036 ) ) ;
#1763 = PLANE ( 'NONE',  #289 ) ;
#1764 = ADVANCED_FACE ( 'NONE', ( #1406 ), #1531, .F. ) ;
#1765 = DIRECTION ( 'NONE',  ( 0.000000000000000000, 0.000000000000000000, 1.000000000000000000 ) ) ;
#1766 = CARTESIAN_POINT ( 'NONE',  ( -13.82908965343769303, -6.500000000001240785, -11.90000000000000036 ) ) ;
#1767 = ORIENTED_EDGE ( 'NONE', *, *, #1345, .F. ) ;
#1768 = PRODUCT ( 'Anclaje Cadena', 'Anclaje Cadena', '', ( #1806 ) ) ;
#1769 = PRODUCT_DEFINITION ( 'UNKNOWN', '', #1713, #599 ) ;
#1770 = VERTEX_POINT ( 'NONE', #1257 ) ;
#1771 = CYLINDRICAL_SURFACE ( 'NONE', #1709, 9.500000000000005329 ) ;
#1772 = ORIENTED_EDGE ( 'NONE', *, *, #442, .F. ) ;
#1773 = AXIS2_PLACEMENT_3D ( 'NONE', #1851, #781, #1396 ) ;
#1774 = DIRECTION ( 'NONE',  ( -0.000000000000000000, 1.000000000000000000, 0.000000000000000000 ) ) ;
#1775 = VECTOR ( 'NONE', #1976, 1000.000000000000000 ) ;
#1776 = VECTOR ( 'NONE', #1572, 1000.000000000000000 ) ;
#1777 = LINE ( 'NONE', #398, #1813 ) ;
#1778 = LINE ( 'NONE', #1503, #1095 ) ;
#1779 = CARTESIAN_POINT ( 'NONE',  ( 1.499999999999988232, 0.9624517599087449859, -14.13550952893725032 ) ) ;
#1780 = ORIENTED_EDGE ( 'NONE', *, *, #963, .F. ) ;
#1781 = ORIENTED_EDGE ( 'NONE', *, *, #896, .T. ) ;
#1782 = CARTESIAN_POINT ( 'NONE',  ( -1.499999999999987566, 0.08377210346839436550, -11.70000000000000639 ) ) ;
#1783 = EDGE_LOOP ( 'NONE', ( #1718, #1621, #777, #785 ) ) ;
#1784 = ADVANCED_FACE ( 'NONE', ( #1693 ), #1227, .F. ) ;
#1785 = DIRECTION ( 'NONE',  ( 5.453505277453069288E-16, -1.000000000000000000, 0.000000000000000000 ) ) ;
#1786 = CARTESIAN_POINT ( 'NONE',  ( -8.343069296907820842, 4.543478260869554752, -11.70000000000000284 ) ) ;
#1787 = CARTESIAN_POINT ( 'NONE',  ( 3.575000000000000622, 3.453909953017859073E-10, -13.76963104396711302 ) ) ;
#1788 = DIRECTION ( 'NONE',  ( -1.000000000000000000, 0.000000000000000000, 0.000000000000000000 ) ) ;
#1789 = ORIENTED_EDGE ( 'NONE', *, *, #717, .T. ) ;
#1790 = ORIENTED_EDGE ( 'NONE', *, *, #1873, .F. ) ;
#1791 = CARTESIAN_POINT ( 'NONE',  ( -13.94784568702338667, -0.5583831715181215571, -4.370954938210970475 ) ) ;
#1792 = ORIENTED_EDGE ( 'NONE', *, *, #1993, .T. ) ;
#1793 = LINE ( 'NONE', #1025, #98 ) ;
#1794 = EDGE_CURVE ( 'NONE', #323, #901, #288, .T. ) ;
#1795 = EDGE_CURVE ( 'NONE', #53, #424, #927, .T. ) ;
#1796 = APPLICATION_PROTOCOL_DEFINITION ( 'international standard', 'config_control_design', 1994, #923 ) ;
#1797 = FACE_OUTER_BOUND ( 'NONE', #1947, .T. ) ;
#1798 = LINE ( 'NONE', #278, #1157 ) ;
#1799 = ORIENTED_EDGE ( 'NONE', *, *, #1468, .T. ) ;
#1800 = DIRECTION ( 'NONE',  ( -1.000000000000000000, 0.000000000000000000, 0.000000000000000000 ) ) ;
#1801 = CARTESIAN_POINT ( 'NONE',  ( -13.26164928148117639, 3.412910583149923571, 11.70000000000000284 ) ) ;
#1802 = PERSON ( 'UNSPECIFIED', 'UNSPECIFIED', 'UNSPECIFIED', ('UNSPECIFIED'), ('UNSPECIFIED'), ('UNSPECIFIED') ) ;
#1803 = CARTESIAN_POINT ( 'NONE',  ( -8.791871678465634332, 3.975959025077400621, -9.184259530530226812 ) ) ;
#1804 = VECTOR ( 'NONE', #1450, 1000.000000000000000 ) ;
#1805 = CIRCLE ( 'NONE', #798, 4.000000000000000888 ) ;
#1806 = MECHANICAL_CONTEXT ( 'NONE', #1926, 'mechanical' ) ;
#1807 = EDGE_CURVE ( 'NONE', #431, #1588, #142, .T. ) ;
#1808 = AXIS2_PLACEMENT_3D ( 'NONE', #1822, #1210, #1517 ) ;
#1809 = DIRECTION ( 'NONE',  ( -1.000000000000000000, 0.000000000000000000, 0.000000000000000000 ) ) ;
#1810 = FACE_OUTER_BOUND ( 'NONE', #1666, .T. ) ;
#1811 = VECTOR ( 'NONE', #1595, 1000.000000000000000 ) ;
#1812 = VERTEX_POINT ( 'NONE', #169 ) ;
#1813 = VECTOR ( 'NONE', #584, 1000.000000000000000 ) ;
#1814 = EDGE_LOOP ( 'NONE', ( #1295, #1620 ) ) ;
#1815 = LINE ( 'NONE', #1204, #1866 ) ;
#1816 = DIRECTION ( 'NONE',  ( 0.000000000000000000, 0.000000000000000000, -1.000000000000000000 ) ) ;
#1817 = CARTESIAN_POINT ( 'NONE',  ( 0.000000000000000000, -3.575000000000000178, -14.40000000000000213 ) ) ;
#1818 = CARTESIAN_POINT ( 'NONE',  ( -8.343069296907820842, 4.543478260869554752, 11.90000000000000036 ) ) ;
#1819 = EDGE_CURVE ( 'NONE', #676, #1078, #1683, .T. ) ;
#1820 = ORIENTED_EDGE ( 'NONE', *, *, #865, .F. ) ;
#1821 = LINE ( 'NONE', #440, #1896 ) ;
#1822 = CARTESIAN_POINT ( 'NONE',  ( -0.4688500797047820412, 0.08377210346859548240, 11.74101906686776609 ) ) ;
#1823 = EDGE_CURVE ( 'NONE', #224, #916, #22, .T. ) ;
#1824 = FACE_OUTER_BOUND ( 'NONE', #192, .T. ) ;
#1825 = APPROVAL_STATUS ( 'not_yet_approved' ) ;
#1826 = DIRECTION ( 'NONE',  ( 0.000000000000000000, 1.000000000000000000, 0.000000000000000000 ) ) ;
#1827 = EDGE_LOOP ( 'NONE', ( #1161, #1667, #1249, #1292 ) ) ;
#1828 = B_SPLINE_CURVE_WITH_KNOTS ( 'NONE', 3,
 ( #166, #960, #486, #1691 ),
 .UNSPECIFIED., .F., .F.,
 ( 4, 4 ),
 ( 0.000000000000000000, 1.000000000000000000 ),
 .UNSPECIFIED. ) ;
#1829 = FACE_OUTER_BOUND ( 'NONE', #588, .T. ) ;
#1830 = CARTESIAN_POINT ( 'NONE',  ( -9.750091218035853657, 3.522953371171035908, 9.420072209715963041 ) ) ;
#1831 = EDGE_CURVE ( 'NONE', #1932, #1264, #631, .T. ) ;
#1832 = CARTESIAN_POINT ( 'NONE',  ( -30.50000000000000000, -6.310000000001026343, -14.00000000000000000 ) ) ;
#1833 = VECTOR ( 'NONE', #538, 1000.000000000000114 ) ;
#1834 = CARTESIAN_POINT ( 'NONE',  ( -11.23566817407099983, 3.500000000000000000, 10.00000000000000000 ) ) ;
#1835 = ORIENTED_EDGE ( 'NONE', *, *, #1397, .F. ) ;
#1836 = AXIS2_PLACEMENT_3D ( 'NONE', #1867, #1412, #1383 ) ;
#1837 = CARTESIAN_POINT ( 'NONE',  ( 0.000000000000000000, 9.540979117872439019E-15, 11.90000000000000036 ) ) ;
#1838 = FACE_OUTER_BOUND ( 'NONE', #425, .T. ) ;
#1839 = VECTOR ( 'NONE', #1532, 1000.000000000000000 ) ;
#1840 = CC_DESIGN_APPROVAL ( #907, ( #1769 ) ) ;
#1841 = CARTESIAN_POINT ( 'NONE',  ( -3.979889334759789676E-12, 0.08377210346859548240, 14.40000000000070912 ) ) ;
#1842 = EDGE_CURVE ( 'NONE', #55, #63, #1987, .T. ) ;
#1843 = CARTESIAN_POINT ( 'NONE',  ( -22.50000000000000000, 0.000000000000000000, 0.000000000000000000 ) ) ;
#1844 = ORIENTED_EDGE ( 'NONE', *, *, #1381, .T. ) ;
#1845 = CARTESIAN_POINT ( 'NONE',  ( -7.948389917683897855E-26, 0.08377210346839436550, -14.40000000000000213 ) ) ;
#1846 = CYLINDRICAL_SURFACE ( 'NONE', #1616, 3.000000000001719958 ) ;
#1847 = ORIENTED_EDGE ( 'NONE', *, *, #445, .T. ) ;
#1848 = CYLINDRICAL_SURFACE ( 'NONE', #1613, 10.00000000000000178 ) ;
#1849 = ORIENTED_EDGE ( 'NONE', *, *, #1468, .F. ) ;
#1850 = EDGE_CURVE ( 'NONE', #807, #435, #1754, .T. ) ;
#1851 = CARTESIAN_POINT ( 'NONE',  ( 0.000000000000000000, 0.000000000000000000, 11.70000000000000284 ) ) ;
#1852 = DIRECTION ( 'NONE',  ( 0.000000000000000000, 0.000000000000000000, -1.000000000000000000 ) ) ;
#1853 = ORIENTED_EDGE ( 'NONE', *, *, #606, .T. ) ;
#1854 = DIRECTION ( 'NONE',  ( -0.6427876096865364763, 0.000000000000000000, 0.7660444431189804559 ) ) ;
#1855 = DIRECTION ( 'NONE',  ( 0.000000000000000000, -0.000000000000000000, 1.000000000000000000 ) ) ;
#1856 = ORIENTED_EDGE ( 'NONE', *, *, #458, .F. ) ;
#1857 = CARTESIAN_POINT ( 'NONE',  ( -1.477211629522271474, 0.08377210346859566281, 14.66047226650115576 ) ) ;
#1858 = ORIENTED_EDGE ( 'NONE', *, *, #1225, .T. ) ;
#1859 = LINE ( 'NONE', #1550, #1316 ) ;
#1860 = CARTESIAN_POINT ( 'NONE',  ( 0.000000000000000000, 0.000000000000000000, -14.00000000000000000 ) ) ;
#1861 = ADVANCED_FACE ( 'NONE', ( #508 ), #50, .F. ) ;
#1862 = AXIS2_PLACEMENT_3D ( 'NONE', #1601, #1173, #1151 ) ;
#1863 = CARTESIAN_POINT ( 'NONE',  ( -22.50000000000000000, -7.700000000000000178, 2.250000000000000444 ) ) ;
#1864 = CARTESIAN_POINT ( 'NONE',  ( -13.82908965343769303, -6.500000000001240785, -14.00000000000000000 ) ) ;
#1865 = VERTEX_POINT ( 'NONE', #956 ) ;
#1866 = VECTOR ( 'NONE', #1183, 1000.000000000000000 ) ;
#1867 = CARTESIAN_POINT ( 'NONE',  ( 0.000000000000000000, 1.500000000000000000, -14.40000000000000213 ) ) ;
#1868 = ORIENTED_EDGE ( 'NONE', *, *, #1745, .T. ) ;
#1869 = AXIS2_PLACEMENT_3D ( 'NONE', #482, #33, #1553 ) ;
#1870 = LOCAL_TIME ( 10, 20, 29.00000000000000000, #1968 ) ;
#1871 = CARTESIAN_POINT ( 'NONE',  ( -8.343069296907813737, 4.543478260869550311, 11.70000000000000284 ) ) ;
#1872 = DIRECTION ( 'NONE',  ( 0.000000000000000000, -1.000000000000000000, 0.000000000000000000 ) ) ;
#1873 = EDGE_CURVE ( 'NONE', #861, #1913, #344, .T. ) ;
#1874 = CARTESIAN_POINT ( 'NONE',  ( -6.876769230530333843, -6.299999999999999822, -9.000000000000001776 ) ) ;
#1875 = CARTESIAN_POINT ( 'NONE',  ( -27.49999999999828049, -6.310000000001025455, 0.000000000000000000 ) ) ;
#1876 = ORIENTED_EDGE ( 'NONE', *, *, #1523, .F. ) ;
#1877 = EDGE_CURVE ( 'NONE', #1313, #220, #1618, .T. ) ;
#1878 = CARTESIAN_POINT ( 'NONE',  ( -13.06844814108468178, -6.299999999999999822, 0.000000000000000000 ) ) ;
#1879 = EDGE_LOOP ( 'NONE', ( #117, #748 ) ) ;
#1880 = LINE ( 'NONE', #28, #904 ) ;
#1881 = DIRECTION ( 'NONE',  ( -1.000000000000000000, 0.000000000000000000, -0.000000000000000000 ) ) ;
#1882 = CARTESIAN_POINT ( 'NONE',  ( 0.000000000000000000, 0.000000000000000000, -14.40000000000000213 ) ) ;
#1883 = DIRECTION ( 'NONE',  ( -1.000000000000000000, 0.000000000000000000, 0.000000000000000000 ) ) ;
#1884 = ORIENTED_EDGE ( 'NONE', *, *, #778, .T. ) ;
#1885 = EDGE_CURVE ( 'NONE', #942, #1114, #679, .T. ) ;
#1886 = VERTEX_POINT ( 'NONE', #1266 ) ;
#1887 = CARTESIAN_POINT ( 'NONE',  ( -6.876769230530335619, -6.299999999999999822, 19.00000000000000355 ) ) ;
#1888 = ORIENTED_EDGE ( 'NONE', *, *, #1885, .T. ) ;
#1889 = APPROVAL ( #1825, 'UNSPECIFIED' ) ;
#1890 = ADVANCED_FACE ( 'NONE', ( #1593 ), #1746, .T. ) ;
#1891 = CARTESIAN_POINT ( 'NONE',  ( -10.09950493836207208, 3.499999999999999556, 9.533534209776796331 ) ) ;
#1892 = DIRECTION ( 'NONE',  ( 0.000000000000000000, 0.000000000000000000, -1.000000000000000000 ) ) ;
#1893 = DIRECTION ( 'NONE',  ( -0.000000000000000000, 0.000000000000000000, 1.000000000000000000 ) ) ;
#1894 = DIRECTION ( 'NONE',  ( 0.9848077530122020251, 0.000000000000000000, -0.1736481776669639987 ) ) ;
#1895 = VERTEX_POINT ( 'NONE', #357 ) ;
#1896 = VECTOR ( 'NONE', #1800, 1000.000000000000000 ) ;
#1897 = ORIENTED_EDGE ( 'NONE', *, *, #386, .F. ) ;
#1898 = VECTOR ( 'NONE', #891, 1000.000000000000000 ) ;
#1899 = DIRECTION ( 'NONE',  ( -0.000000000000000000, -0.000000000000000000, -1.000000000000000000 ) ) ;
#1900 = ORIENTED_EDGE ( 'NONE', *, *, #1335, .T. ) ;
#1901 = VECTOR ( 'NONE', #96, 1000.000000000000000 ) ;
#1902 = CARTESIAN_POINT ( 'NONE',  ( -6.876769230530333843, -6.299999999999999822, -19.00000000000000355 ) ) ;
#1903 = ADVANCED_FACE ( 'NONE', ( #1298 ), #1117, .T. ) ;
#1904 = CIRCLE ( 'NONE', #1580, 10.00000000000000178 ) ;
#1905 = AXIS2_PLACEMENT_3D ( 'NONE', #1843, #459, #1082 ) ;
#1906 = EDGE_CURVE ( 'NONE', #94, #1506, #1417, .T. ) ;
#1907 = DIRECTION ( 'NONE',  ( 0.000000000000000000, -1.000000000000000000, 0.000000000000000000 ) ) ;
#1908 = DIRECTION ( 'NONE',  ( -1.000000000000000000, 0.000000000000000000, -0.000000000000000000 ) ) ;
#1909 = CARTESIAN_POINT ( 'NONE',  ( -2.785677655436834765, -10.49999999999999822, 14.00000000000000000 ) ) ;
#1910 = ORIENTED_EDGE ( 'NONE', *, *, #1596, .F. ) ;
#1911 = EDGE_LOOP ( 'NONE', ( #1748, #1792, #663, #1888, #648, #1139 ) ) ;
#1912 = DIRECTION ( 'NONE',  ( 1.000000000000000000, 0.000000000000000000, -0.000000000000000000 ) ) ;
#1913 = VERTEX_POINT ( 'NONE', #1916 ) ;
#1914 = DIRECTION ( 'NONE',  ( 0.000000000000000000, 0.000000000000000000, 1.000000000000000000 ) ) ;
#1915 = EDGE_CURVE ( 'NONE', #364, #384, #859, .T. ) ;
#1916 = CARTESIAN_POINT ( 'NONE',  ( 0.000000000000000000, -6.299999999999999822, -9.000000000000001776 ) ) ;
#1917 = ADVANCED_FACE ( 'NONE', ( #1136 ), #1287, .F. ) ;
#1918 = DIRECTION ( 'NONE',  ( -0.000000000000000000, -0.000000000000000000, 1.000000000000000000 ) ) ;
#1919 = CARTESIAN_POINT ( 'NONE',  ( -2.785677655436834765, -10.49999999999999822, -14.00000000000000000 ) ) ;
#1920 = ORIENTED_EDGE ( 'NONE', *, *, #141, .T. ) ;
#1921 = ORIENTED_EDGE ( 'NONE', *, *, #919, .T. ) ;
#1922 = DIRECTION ( 'NONE',  ( -1.000000000000000000, 0.000000000000000000, 0.000000000000000000 ) ) ;
#1923 = VERTEX_POINT ( 'NONE', #823 ) ;
#1924 = LINE ( 'NONE', #1314, #544 ) ;
#1925 = DIRECTION ( 'NONE',  ( 1.000000000000000000, 0.000000000000000000, 0.000000000000000000 ) ) ;
#1926 = APPLICATION_CONTEXT ( 'configuration controlled 3d designs of mechanical parts and assemblies' ) ;
#1927 = CARTESIAN_POINT ( 'NONE',  ( 0.000000000000000000, 0.000000000000000000, -11.70000000000000284 ) ) ;
#1928 = CARTESIAN_POINT ( 'NONE',  ( 0.8786796564403505094, 1.583772103468382708, -14.24506506916989323 ) ) ;
#1929 = ADVANCED_FACE ( 'NONE', ( #366 ), #650, .F. ) ;
#1930 = ORIENTED_EDGE ( 'NONE', *, *, #683, .T. ) ;
#1931 = PRODUCT_DEFINITION_SHAPE ( 'NONE', 'NONE',  #1769 ) ;
#1932 = VERTEX_POINT ( 'NONE', #207 ) ;
#1933 = DIRECTION ( 'NONE',  ( -0.9848077530122020251, 0.000000000000000000, 0.1736481776669639987 ) ) ;
#1934 = VECTOR ( 'NONE', #541, 1000.000000000000000 ) ;
#1935 = ORIENTED_EDGE ( 'NONE', *, *, #1297, .F. ) ;
#1936 = VECTOR ( 'NONE', #702, 1000.000000000000000 ) ;
#1937 = DIRECTION ( 'NONE',  ( 0.000000000000000000, -1.000000000000000000, -0.000000000000000000 ) ) ;
#1938 = VECTOR ( 'NONE', #602, 1000.000000000000000 ) ;
#1939 = DATE_AND_TIME ( #1176, #259 ) ;
#1940 = CIRCLE ( 'NONE', #1290, 10.00000000000000000 ) ;
#1941 = DIRECTION ( 'NONE',  ( 0.000000000000000000, 0.000000000000000000, -1.000000000000000000 ) ) ;
#1942 = CARTESIAN_POINT ( 'NONE',  ( -6.876769230530335619, -6.299999999999999822, 9.000000000000001776 ) ) ;
#1943 = ORIENTED_EDGE ( 'NONE', *, *, #1534, .F. ) ;
#1944 = EDGE_CURVE ( 'NONE', #1715, #1637, #1436, .T. ) ;
#1945 = CYLINDRICAL_SURFACE ( 'NONE', #1376, 4.324306997247404638 ) ;
#1946 = CARTESIAN_POINT ( 'NONE',  ( -27.49999999999828049, -6.310000000001028120, 14.00000000000000000 ) ) ;
#1947 = EDGE_LOOP ( 'NONE', ( #1650, #1373, #246, #155, #341, #1606, #1495, #634, #334 ) ) ;
#1948 = CARTESIAN_POINT ( 'NONE',  ( 0.000000000000000000, 9.540979117872439019E-15, -9.000000000000001776 ) ) ;
#1949 = APPROVAL_ROLE ( '' ) ;
#1950 = LINE ( 'NONE', #112, #1574 ) ;
#1951 = PLANE ( 'NONE',  #228 ) ;
#1952 = ORIENTED_EDGE ( 'NONE', *, *, #406, .F. ) ;
#1953 = ORIENTED_EDGE ( 'NONE', *, *, #630, .F. ) ;
#1954 = CARTESIAN_POINT ( 'NONE',  ( -9.925132953681131909, 3.500000000000000000, 9.474171525335773225 ) ) ;
#1955 = EDGE_LOOP ( 'NONE', ( #534, #546, #1002, #716, #537 ) ) ;
#1956 = CARTESIAN_POINT ( 'NONE',  ( 3.484142266469098193, 0.9303429576699857595, -13.78565171379463550 ) ) ;
#1957 = EDGE_CURVE ( 'NONE', #1209, #1422, #1940, .T. ) ;
#1958 =( NAMED_UNIT ( * ) PLANE_ANGLE_UNIT ( ) SI_UNIT ( $, .RADIAN. ) );
#1959 = LINE ( 'NONE', #1479, #1936 ) ;
#1960 = CARTESIAN_POINT ( 'NONE',  ( -13.06844814108468178, -10.49999999999999822, -4.000000000000000888 ) ) ;
#1961 = VERTEX_POINT ( 'NONE', #73 ) ;
#1962 = DIRECTION ( 'NONE',  ( 0.000000000000000000, 1.000000000000000000, -0.000000000000000000 ) ) ;
#1963 = CARTESIAN_POINT ( 'NONE',  ( -8.791266470275308720, 3.976391350808065717, 9.184135974356188115 ) ) ;
#1964 = DIRECTION ( 'NONE',  ( -1.000000000000000000, 0.000000000000000000, 0.000000000000000000 ) ) ;
#1965 = ORIENTED_EDGE ( 'NONE', *, *, #1068, .F. ) ;
#1966 = AXIS2_PLACEMENT_3D ( 'NONE', #1129, #1594, #1747 ) ;
#1967 = VECTOR ( 'NONE', #1067, 1000.000000000000000 ) ;
#1968 = COORDINATED_UNIVERSAL_TIME_OFFSET ( 3, 0, .BEHIND. ) ;
#1969 = AXIS2_PLACEMENT_3D ( 'NONE', #1599, #994, #828 ) ;
#1970 = ADVANCED_FACE ( 'NONE', ( #1144 ), #1763, .T. ) ;
#1971 = CARTESIAN_POINT ( 'NONE',  ( -2.785677655436834765, -10.49999999999999822, -14.00000000000000000 ) ) ;
#1972 = DIRECTION ( 'NONE',  ( 1.000000000000000000, 0.000000000000000000, -0.000000000000000000 ) ) ;
#1973 = ORIENTED_EDGE ( 'NONE', *, *, #118, .T. ) ;
#1974 = VECTOR ( 'NONE', #910, 1000.000000000000227 ) ;
#1975 = DIRECTION ( 'NONE',  ( 0.000000000000000000, 1.000000000000000000, 0.000000000000000000 ) ) ;
#1976 = DIRECTION ( 'NONE',  ( -0.000000000000000000, -0.000000000000000000, 1.000000000000000000 ) ) ;
#1977 = EDGE_LOOP ( 'NONE', ( #1463, #1232, #1735, #1753 ) ) ;
#1978 = CARTESIAN_POINT ( 'NONE',  ( -13.06844814108468178, -8.299999999999998934, 4.000000000000000888 ) ) ;
#1979 = PERSON_AND_ORGANIZATION ( #1802, #324 ) ;
#1980 = APPROVAL ( #1317, 'UNSPECIFIED' ) ;
#1981 = LINE ( 'NONE', #900, #583 ) ;
#1982 = EDGE_CURVE ( 'NONE', #220, #1313, #420, .T. ) ;
#1983 = VERTEX_POINT ( 'NONE', #1786 ) ;
#1984 = ORIENTED_EDGE ( 'NONE', *, *, #1125, .T. ) ;
#1985 = CARTESIAN_POINT ( 'NONE',  ( -13.82908965343769303, 3.500000000000000000, -14.00000000000000000 ) ) ;
#1986 = FACE_OUTER_BOUND ( 'NONE', #1669, .T. ) ;
#1987 = LINE ( 'NONE', #1723, #389 ) ;
#1988 = ORIENTED_EDGE ( 'NONE', *, *, #408, .F. ) ;
#1989 = EDGE_CURVE ( 'NONE', #636, #844, #1777, .T. ) ;
#1990 = CYLINDRICAL_SURFACE ( 'NONE', #1348, 9.500000000000005329 ) ;
#1991 = DIRECTION ( 'NONE',  ( 0.000000000000000000, 0.000000000000000000, 1.000000000000000000 ) ) ;
#1992 = ORIENTED_EDGE ( 'NONE', *, *, #208, .F. ) ;
#1993 = EDGE_CURVE ( 'NONE', #1589, #1886, #940, .T. ) ;
#1994 = DIRECTION ( 'NONE',  ( 1.000000000000000000, 0.000000000000000000, 0.000000000000000000 ) ) ;
#1995 = ORIENTED_EDGE ( 'NONE', *, *, #21, .F. ) ;
#1996 = APPROVAL_DATE_TIME ( #437, #1889 ) ;
#1997 = CIRCLE ( 'NONE', #1283, 1.999999999999970468 ) ;
ENDSEC;
END-ISO-10303-21;
