ISO-10303-21;
HEADER;
FILE_DESCRIPTION (( 'STEP AP203' ),
    '1' );
FILE_NAME ('Bastidor PCBSW.STEP',
    '2026-08-19T13:05:31',
    ( '' ),
    ( '' ),
    'SwSTEP 2.0',
    'SolidWorks 2026',
    '' );
FILE_SCHEMA (( 'CONFIG_CONTROL_DESIGN' ));
ENDSEC;

DATA;
#1 = VECTOR ( 'NONE', #2142, 1000.000000000000000 ) ;
#2 = AXIS2_PLACEMENT_3D ( 'NONE', #3484, #670, #1770 ) ;
#3 = DIRECTION ( 'NONE',  ( 0.000000000000000000, 0.000000000000000000, 1.000000000000000000 ) ) ;
#4 = DIRECTION ( 'NONE',  ( 0.000000000000000000, 1.000000000000000000, -0.000000000000000000 ) ) ;
#5 = ORIENTED_EDGE ( 'NONE', *, *, #864, .T. ) ;
#6 = ORIENTED_EDGE ( 'NONE', *, *, #1125, .T. ) ;
#7 = VECTOR ( 'NONE', #3440, 1000.000000000000000 ) ;
#8 = VECTOR ( 'NONE', #3452, 1000.000000000000000 ) ;
#9 = CARTESIAN_POINT ( 'NONE',  ( 121.5209594579901449, -76.35653872897729855, 0.000000000000000000 ) ) ;
#10 = LOCAL_TIME ( 10, 5, 31.00000000000000000, #3414 ) ;
#11 = DIRECTION ( 'NONE',  ( 0.000000000000000000, 0.000000000000000000, 1.000000000000000000 ) ) ;
#13 = ORIENTED_EDGE ( 'NONE', *, *, #1096, .F. ) ;
#12 = FACE_OUTER_BOUND ( 'NONE', #422, .T. ) ;
#14 = AXIS2_PLACEMENT_3D ( 'NONE', #59, #122, #1652 ) ;
#15 = ORIENTED_EDGE ( 'NONE', *, *, #1446, .F. ) ;
#16 = CARTESIAN_POINT ( 'NONE',  ( 127.0770149999999603, -61.28390999999998456, 0.000000000000000000 ) ) ;
#17 = CARTESIAN_POINT ( 'NONE',  ( 128.9812019999999961, -62.98559500000000355, 0.000000000000000000 ) ) ;
#18 = EDGE_LOOP ( 'NONE', ( #3364, #3244, #2541, #803 ) ) ;
#19 = DIRECTION ( 'NONE',  ( 0.000000000000000000, -0.000000000000000000, 1.000000000000000000 ) ) ;
#20 = CARTESIAN_POINT ( 'NONE',  ( 113.6000000000000085, -70.14999999999997726, 0.000000000000000000 ) ) ;
#21 = VERTEX_POINT ( 'NONE', #599 ) ;
#22 = DIRECTION ( 'NONE',  ( 0.4338848808832929671, -0.9009683180561294247, 0.000000000000000000 ) ) ;
#23 = PLANE ( 'NONE',  #2511 ) ;
#24 = CARTESIAN_POINT ( 'NONE',  ( 0.000000000000000000, -61.25377599999999489, 4.000000000000000000 ) ) ;
#25 = VERTEX_POINT ( 'NONE', #661 ) ;
#26 = APPROVAL_ROLE ( '' ) ;
#27 = CARTESIAN_POINT ( 'NONE',  ( 106.5851032326351913, -84.99870853171645990, 0.000000000000000000 ) ) ;
#28 = FACE_OUTER_BOUND ( 'NONE', #989, .T. ) ;
#29 = ORIENTED_EDGE ( 'NONE', *, *, #765, .F. ) ;
#30 = EDGE_CURVE ( 'NONE', #439, #1881, #1875, .T. ) ;
#31 = ADVANCED_FACE ( 'NONE', ( #2879 ), #2863, .F. ) ;
#32 = CARTESIAN_POINT ( 'NONE',  ( 135.7611022684410216, -56.19406270695252914, 0.000000000000000000 ) ) ;
#33 = DIRECTION ( 'NONE',  ( 0.000000000000000000, 0.7071067811865451302, -0.7071067811865500152 ) ) ;
#34 = ORIENTED_EDGE ( 'NONE', *, *, #460, .T. ) ;
#35 = CARTESIAN_POINT ( 'NONE',  ( 128.0638109999999870, -61.69265399999999744, 4.000000000000000000 ) ) ;
#36 = DIRECTION ( 'NONE',  ( 0.000000000000000000, -0.7071067811865474617, 0.7071067811865474617 ) ) ;
#37 = ORIENTED_EDGE ( 'NONE', *, *, #3152, .T. ) ;
#38 = CARTESIAN_POINT ( 'NONE',  ( 117.3626469037488960, -61.11627930284586085, 0.000000000000000000 ) ) ;
#39 = EDGE_CURVE ( 'NONE', #196, #332, #1221, .T. ) ;
#40 = EDGE_LOOP ( 'NONE', ( #834, #2452, #2022, #1094, #1719, #1536, #157, #3042 ) ) ;
#41 = ADVANCED_FACE ( 'NONE', ( #1891 ), #3723, .T. ) ;
#42 = CARTESIAN_POINT ( 'NONE',  ( 122.8240858155461979, -56.37500000000000000, 2.500000000000000444 ) ) ;
#43 = CARTESIAN_POINT ( 'NONE',  ( 33.20688650000936804, 33.20688650000452213, 4.000000000000000000 ) ) ;
#44 = EDGE_CURVE ( 'NONE', #1918, #2338, #2234, .T. ) ;
#45 = VERTEX_POINT ( 'NONE', #1931 ) ;
#46 = LINE ( 'NONE', #2578, #3813 ) ;
#47 = COORDINATED_UNIVERSAL_TIME_OFFSET ( 3, 0, .BEHIND. ) ;
#48 = EDGE_CURVE ( 'NONE', #3677, #4042, #908, .T. ) ;
#49 = CARTESIAN_POINT ( 'NONE',  ( 136.5373530962511097, -63.37500000000001421, 0.000000000000000000 ) ) ;
#50 = CARTESIAN_POINT ( 'NONE',  ( 8.401463779050963865, -74.56487296251090413, 4.000000000000000000 ) ) ;
#51 = EDGE_LOOP ( 'NONE', ( #2313, #1949, #1726, #3827 ) ) ;
#52 = DIRECTION ( 'NONE',  ( -0.3302800846504269083, -0.9438829724511967889, 0.000000000000000000 ) ) ;
#53 = ADVANCED_FACE ( 'NONE', ( #1572 ), #2266, .F. ) ;
#54 = ADVANCED_FACE ( 'NONE', ( #2834 ), #4082, .T. ) ;
#55 = DIRECTION ( 'NONE',  ( -0.4338848808832929116, 0.9009683180561293137, 0.000000000000000000 ) ) ;
#56 = CARTESIAN_POINT ( 'NONE',  ( 137.2611022684410216, -57.69406270695253625, 0.000000000000000000 ) ) ;
#57 = ORIENTED_EDGE ( 'NONE', *, *, #503, .F. ) ;
#58 = LINE ( 'NONE', #1962, #459 ) ;
#59 = CARTESIAN_POINT ( 'NONE',  ( 111.1000000000000085, -74.25000000000000000, -46.01011437716709196 ) ) ;
#60 = LINE ( 'NONE', #2809, #920 ) ;
#61 = ORIENTED_EDGE ( 'NONE', *, *, #30, .T. ) ;
#62 = LINE ( 'NONE', #3767, #412 ) ;
#63 = VERTEX_POINT ( 'NONE', #2684 ) ;
#64 = VECTOR ( 'NONE', #1703, 1000.000000000000000 ) ;
#65 = ADVANCED_FACE ( 'NONE', ( #769 ), #2606, .F. ) ;
#66 = DIRECTION ( 'NONE',  ( -0.000000000000000000, -0.000000000000000000, 1.000000000000000000 ) ) ;
#67 = PLANE ( 'NONE',  #74 ) ;
#68 = DIRECTION ( 'NONE',  ( -1.000000000000000000, 0.000000000000000000, 0.000000000000000000 ) ) ;
#69 = ORIENTED_EDGE ( 'NONE', *, *, #426, .T. ) ;
#70 = VECTOR ( 'NONE', #3771, 1000.000000000000000 ) ;
#71 = EDGE_CURVE ( 'NONE', #3284, #2739, #2584, .T. ) ;
#72 = PLANE ( 'NONE',  #1865 ) ;
#73 = CARTESIAN_POINT ( 'NONE',  ( 124.8854589999999973, -62.05076799999999082, 4.000000000000000000 ) ) ;
#74 = AXIS2_PLACEMENT_3D ( 'NONE', #4061, #1325, #3840 ) ;
#75 = EDGE_LOOP ( 'NONE', ( #61, #1234, #308, #3914, #1056, #355, #1289, #4076 ) ) ;
#76 = VECTOR ( 'NONE', #2564, 1000.000000000000114 ) ;
#77 = AXIS2_PLACEMENT_3D ( 'NONE', #3798, #2790, #4036 ) ;
#78 = DIRECTION ( 'NONE',  ( -0.000000000000000000, -0.000000000000000000, -1.000000000000000000 ) ) ;
#79 = CARTESIAN_POINT ( 'NONE',  ( 80.10474467627138040, 38.57653693865550792, 4.000000000000000000 ) ) ;
#80 = CARTESIAN_POINT ( 'NONE',  ( 134.5498914106745190, -15.16016851165353074, 0.000000000000000000 ) ) ;
#81 = AXIS2_PLACEMENT_3D ( 'NONE', #1776, #754, #523 ) ;
#82 = ORIENTED_EDGE ( 'NONE', *, *, #3861, .F. ) ;
#83 = CARTESIAN_POINT ( 'NONE',  ( 125.7565599999999932, -61.43268899999999633, 4.000000000000000000 ) ) ;
#84 = VECTOR ( 'NONE', #2558, 1000.000000000000000 ) ;
#85 = AXIS2_PLACEMENT_3D ( 'NONE', #899, #3396, #1859 ) ;
#86 = VECTOR ( 'NONE', #592, 1000.000000000000000 ) ;
#87 = DIRECTION ( 'NONE',  ( -0.000000000000000000, 0.000000000000000000, 1.000000000000000000 ) ) ;
#88 = CARTESIAN_POINT ( 'NONE',  ( 138.8000000000000114, -71.64999999999999147, 0.000000000000000000 ) ) ;
#89 = ORIENTED_EDGE ( 'NONE', *, *, #563, .F. ) ;
#90 = DIRECTION ( 'NONE',  ( 0.000000000000000000, 0.000000000000000000, 1.000000000000000000 ) ) ;
#91 = ORIENTED_EDGE ( 'NONE', *, *, #2959, .F. ) ;
#92 = EDGE_CURVE ( 'NONE', #3273, #366, #1725, .T. ) ;
#93 = LINE ( 'NONE', #766, #400 ) ;
#94 = CYLINDRICAL_SURFACE ( 'NONE', #2779, 1.500000000000001332 ) ;
#95 = DIRECTION ( 'NONE',  ( -0.1119647436289348819, 0.9937121797503073450, 0.000000000000000000 ) ) ;
#96 = EDGE_LOOP ( 'NONE', ( #2926, #15, #218, #2615 ) ) ;
#97 = APPLICATION_CONTEXT ( 'configuration controlled 3d designs of mechanical parts and assemblies' ) ;
#98 = CARTESIAN_POINT ( 'NONE',  ( 34.45237616080341780, -98.45889210390768653, 4.000000000000000000 ) ) ;
#99 = ORIENTED_EDGE ( 'NONE', *, *, #3454, .F. ) ;
#100 = CARTESIAN_POINT ( 'NONE',  ( 125.7565599999999648, -65.86731099999998662, 0.000000000000000000 ) ) ;
#101 = ORIENTED_EDGE ( 'NONE', *, *, #1315, .F. ) ;
#102 = CARTESIAN_POINT ( 'NONE',  ( 120.3864005521104872, 13.56432249589033567, 4.000000000000000000 ) ) ;
#103 = EDGE_CURVE ( 'NONE', #1368, #2818, #1352, .T. ) ;
#104 = CARTESIAN_POINT ( 'NONE',  ( 125.7565599999999932, -61.43268899999999633, 0.000000000000000000 ) ) ;
#105 = LINE ( 'NONE', #760, #595 ) ;
#106 = ADVANCED_FACE ( 'NONE', ( #2349 ), #3877, .T. ) ;
#107 = ORIENTED_EDGE ( 'NONE', *, *, #921, .F. ) ;
#108 = ORIENTED_EDGE ( 'NONE', *, *, #1973, .T. ) ;
#109 = CARTESIAN_POINT ( 'NONE',  ( 129.0712239999999724, -63.51543099999999953, 4.000000000000000000 ) ) ;
#110 = LINE ( 'NONE', #1722, #528 ) ;
#111 = CARTESIAN_POINT ( 'NONE',  ( -5.762027079519759454, -51.13928102171438894, 4.000000000000000000 ) ) ;
#112 = ORIENTED_EDGE ( 'NONE', *, *, #3564, .F. ) ;
#113 = ADVANCED_FACE ( 'NONE', ( #2303 ), #2955, .F. ) ;
#114 = LINE ( 'NONE', #1369, #674 ) ;
#115 = EDGE_LOOP ( 'NONE', ( #3501, #2741, #3657, #1041 ) ) ;
#116 = LINE ( 'NONE', #1737, #2070 ) ;
#117 = EDGE_CURVE ( 'NONE', #3067, #243, #3841, .T. ) ;
#118 = CARTESIAN_POINT ( 'NONE',  ( 129.1189240813047832, -57.77118415377815808, 0.000000000000000000 ) ) ;
#119 = LINE ( 'NONE', #2646, #931 ) ;
#120 = PERSON ( 'UNSPECIFIED', 'UNSPECIFIED', 'UNSPECIFIED', ('UNSPECIFIED'), ('UNSPECIFIED'), ('UNSPECIFIED') ) ;
#121 = ORIENTED_EDGE ( 'NONE', *, *, #3862, .F. ) ;
#122 = DIRECTION ( 'NONE',  ( 0.000000000000000000, -1.000000000000000000, 0.000000000000000000 ) ) ;
#123 = DIRECTION ( 'NONE',  ( -0.000000000000000000, -0.000000000000000000, 1.000000000000000000 ) ) ;
#124 = ORIENTED_EDGE ( 'NONE', *, *, #611, .T. ) ;
#125 = LINE ( 'NONE', #2386, #1873 ) ;
#126 = ORIENTED_EDGE ( 'NONE', *, *, #1233, .F. ) ;
#127 = LINE ( 'NONE', #1382, #207 ) ;
#128 = DIRECTION ( 'NONE',  ( 1.000000000000000000, 0.000000000000000000, 0.000000000000000000 ) ) ;
#129 = LINE ( 'NONE', #454, #1057 ) ;
#130 = EDGE_LOOP ( 'NONE', ( #287, #1551, #3724, #2332 ) ) ;
#131 = ADVANCED_FACE ( 'NONE', ( #376 ), #1022, .F. ) ;
#132 = FACE_OUTER_BOUND ( 'NONE', #2778, .T. ) ;
#133 = ORIENTED_EDGE ( 'NONE', *, *, #3682, .F. ) ;
#134 = VECTOR ( 'NONE', #2750, 1000.000000000000000 ) ;
#135 = VECTOR ( 'NONE', #3088, 1000.000000000000114 ) ;
#136 = LINE ( 'NONE', #3597, #3495 ) ;
#137 = VERTEX_POINT ( 'NONE', #2015 ) ;
#138 = VERTEX_POINT ( 'NONE', #3278 ) ;
#139 = EDGE_CURVE ( 'NONE', #2307, #1689, #2284, .T. ) ;
#140 = VECTOR ( 'NONE', #22, 999.9999999999998863 ) ;
#141 = VECTOR ( 'NONE', #901, 1000.000000000000000 ) ;
#142 = EDGE_CURVE ( 'NONE', #4042, #981, #1951, .T. ) ;
#143 = AXIS2_PLACEMENT_3D ( 'NONE', #79, #363, #55 ) ;
#144 = CARTESIAN_POINT ( 'NONE',  ( 124.7176539999999960, -62.26118900000000167, 4.000000000000000000 ) ) ;
#145 = CARTESIAN_POINT ( 'NONE',  ( 142.7999999999999829, 0.000000000000000000, 4.000000000000000000 ) ) ;
#146 = AXIS2_PLACEMENT_3D ( 'NONE', #2151, #255, #2201 ) ;
#147 = EDGE_LOOP ( 'NONE', ( #1563, #2573, #3850, #2152 ) ) ;
#148 = CARTESIAN_POINT ( 'NONE',  ( 128.0638109999999870, -65.60734600000000682, 0.000000000000000000 ) ) ;
#149 = ORIENTED_EDGE ( 'NONE', *, *, #1710, .T. ) ;
#150 = VECTOR ( 'NONE', #1438, 1000.000000000000000 ) ;
#151 = CIRCLE ( 'NONE', #3632, 1.500000000000001332 ) ;
#152 = CARTESIAN_POINT ( 'NONE',  ( 113.1000000000000085, -55.87499999999999289, 4.999854444024149025 ) ) ;
#153 = DIRECTION ( 'NONE',  ( -0.7071067811865475727, 0.000000000000000000, 0.7071067811865475727 ) ) ;
#154 = DIRECTION ( 'NONE',  ( 1.000000000000000000, 0.000000000000000000, 0.000000000000000000 ) ) ;
#155 = VECTOR ( 'NONE', #2885, 1000.000000000000114 ) ;
#156 = CARTESIAN_POINT ( 'NONE',  ( 113.6000000000000085, -57.87500000000000711, 0.000000000000000000 ) ) ;
#157 = ORIENTED_EDGE ( 'NONE', *, *, #952, .T. ) ;
#158 = DIRECTION ( 'NONE',  ( 0.2225180901578250048, -0.9749285612559075442, 0.000000000000000000 ) ) ;
#159 = EDGE_CURVE ( 'NONE', #2997, #1932, #3925, .T. ) ;
#160 = VERTEX_POINT ( 'NONE', #2624 ) ;
#161 = ORIENTED_EDGE ( 'NONE', *, *, #1257, .T. ) ;
#162 = DIRECTION ( 'NONE',  ( 0.9749285612559387415, 0.2225180901576891412, 0.000000000000000000 ) ) ;
#163 = CARTESIAN_POINT ( 'NONE',  ( 115.1000000000000227, -56.37500000000000000, 2.500000000000000444 ) ) ;
#164 = ORIENTED_EDGE ( 'NONE', *, *, #1686, .F. ) ;
#165 = LINE ( 'NONE', #552, #3560 ) ;
#166 = PLANE ( 'NONE',  #1659 ) ;
#167 = ORIENTED_EDGE ( 'NONE', *, *, #891, .F. ) ;
#168 = DIRECTION ( 'NONE',  ( 0.000000000000000000, -1.000000000000000000, 0.000000000000000000 ) ) ;
#169 = ORIENTED_EDGE ( 'NONE', *, *, #1409, .F. ) ;
#170 = CARTESIAN_POINT ( 'NONE',  ( 115.1000000000000085, -57.87500000000000000, 0.000000000000000000 ) ) ;
#171 = CARTESIAN_POINT ( 'NONE',  ( 130.6189240813047832, -60.27118415377817229, 4.000000000000000000 ) ) ;
#172 = CARTESIAN_POINT ( 'NONE',  ( 135.7611022684410216, -60.27118415377817229, 4.000000000000000000 ) ) ;
#173 = CARTESIAN_POINT ( 'NONE',  ( 118.8626469037488960, -61.11627930284585375, 4.000000000000000000 ) ) ;
#174 = VERTEX_POINT ( 'NONE', #397 ) ;
#175 = UNCERTAINTY_MEASURE_WITH_UNIT (LENGTH_MEASURE( 1.000000000000000082E-05 ), #1514, 'distance_accuracy_value', 'NONE');
#176 = EDGE_CURVE ( 'NONE', #174, #3258, #2922, .T. ) ;
#177 = CARTESIAN_POINT ( 'NONE',  ( 111.1000000000000085, -74.25000000000000000, 8.000000000000000000 ) ) ;
#178 = EDGE_LOOP ( 'NONE', ( #3096, #2804, #2363, #497 ) ) ;
#179 = ORIENTED_EDGE ( 'NONE', *, *, #534, .T. ) ;
#180 = CARTESIAN_POINT ( 'NONE',  ( 128.9812019999999961, -64.31440500000000782, 0.000000000000000000 ) ) ;
#181 = FACE_OUTER_BOUND ( 'NONE', #3593, .T. ) ;
#182 = ORIENTED_EDGE ( 'NONE', *, *, #139, .F. ) ;
#183 = ORIENTED_EDGE ( 'NONE', *, *, #2257, .F. ) ;
#184 = EDGE_CURVE ( 'NONE', #3856, #2344, #129, .T. ) ;
#185 = ADVANCED_FACE ( 'NONE', ( #1635 ), #2897, .F. ) ;
#186 = DIRECTION ( 'NONE',  ( -0.2225180901576891412, -0.9749285612559387415, 0.000000000000000000 ) ) ;
#187 = DIRECTION ( 'NONE',  ( -0.7071067811865990871, 0.7071067811864959474, 0.000000000000000000 ) ) ;
#188 = ORIENTED_EDGE ( 'NONE', *, *, #1214, .F. ) ;
#189 = EDGE_CURVE ( 'NONE', #1030, #3025, #749, .T. ) ;
#190 = CARTESIAN_POINT ( 'NONE',  ( 125.0757680000000107, -61.86045900000001296, 0.000000000000000000 ) ) ;
#191 = CARTESIAN_POINT ( 'NONE',  ( 111.1000000000000085, 0.000000000000000000, 4.000000000000000000 ) ) ;
#192 = DIRECTION ( 'NONE',  ( 1.000000000000000000, 0.000000000000000000, 0.000000000000000000 ) ) ;
#193 = CARTESIAN_POINT ( 'NONE',  ( 128.0638109999999870, -61.69265399999999744, 0.000000000000000000 ) ) ;
#194 = EDGE_CURVE ( 'NONE', #1368, #3457, #2662, .T. ) ;
#195 = CARTESIAN_POINT ( 'NONE',  ( 124.2798609999999684, -63.50580399999999770, 0.000000000000000000 ) ) ;
#196 = VERTEX_POINT ( 'NONE', #1150 ) ;
#197 = VECTOR ( 'NONE', #1614, 1000.000000000000000 ) ;
#198 = MECHANICAL_CONTEXT ( 'NONE', #1357, 'mechanical' ) ;
#199 = CARTESIAN_POINT ( 'NONE',  ( 126.5404309999999839, -66.04622399999999516, 4.000000000000000000 ) ) ;
#200 = DIRECTION ( 'NONE',  ( 0.000000000000000000, 0.000000000000000000, 1.000000000000000000 ) ) ;
#201 = VECTOR ( 'NONE', #1182, 1000.000000000000000 ) ;
#202 = VERTEX_POINT ( 'NONE', #2775 ) ;
#203 = ORIENTED_EDGE ( 'NONE', *, *, #2087, .T. ) ;
#204 = VECTOR ( 'NONE', #4056, 1000.000000000000000 ) ;
#205 = LINE ( 'NONE', #1176, #1591 ) ;
#206 = PLANE ( 'NONE',  #3295 ) ;
#207 = VECTOR ( 'NONE', #3571, 1000.000000000000000 ) ;
#208 = ORIENTED_EDGE ( 'NONE', *, *, #1545, .T. ) ;
#209 = AXIS2_PLACEMENT_3D ( 'NONE', #2587, #2927, #778 ) ;
#210 = EDGE_CURVE ( 'NONE', #3520, #639, #2762, .T. ) ;
#211 = VECTOR ( 'NONE', #682, 1000.000000000000114 ) ;
#212 = VECTOR ( 'NONE', #2440, 999.9999999999998863 ) ;
#213 = DIRECTION ( 'NONE',  ( 0.000000000000000000, 0.000000000000000000, 1.000000000000000000 ) ) ;
#214 = LINE ( 'NONE', #1180, #1387 ) ;
#215 = LINE ( 'NONE', #1181, #3696 ) ;
#216 = DIRECTION ( 'NONE',  ( -0.000000000000000000, -0.000000000000000000, 1.000000000000000000 ) ) ;
#217 = EDGE_CURVE ( 'NONE', #202, #3708, #2080, .T. ) ;
#218 = ORIENTED_EDGE ( 'NONE', *, *, #2542, .F. ) ;
#219 = VECTOR ( 'NONE', #3078, 1000.000000000000000 ) ;
#220 = VECTOR ( 'NONE', #1870, 1000.000000000000000 ) ;
#221 = VECTOR ( 'NONE', #1411, 1000.000000000000000 ) ;
#222 = VECTOR ( 'NONE', #1349, 1000.000000000000000 ) ;
#223 = EDGE_CURVE ( 'NONE', #2240, #2599, #252, .T. ) ;
#224 = ORIENTED_EDGE ( 'NONE', *, *, #1192, .T. ) ;
#225 = EDGE_CURVE ( 'NONE', #487, #3473, #4020, .T. ) ;
#226 = DIRECTION ( 'NONE',  ( 1.000000000000000000, 0.000000000000000000, 0.000000000000000000 ) ) ;
#227 = FACE_OUTER_BOUND ( 'NONE', #2923, .T. ) ;
#228 = VERTEX_POINT ( 'NONE', #3607 ) ;
#229 = ORIENTED_EDGE ( 'NONE', *, *, #579, .T. ) ;
#230 = FACE_OUTER_BOUND ( 'NONE', #305, .T. ) ;
#231 = FACE_OUTER_BOUND ( 'NONE', #1524, .T. ) ;
#232 = VERTEX_POINT ( 'NONE', #2706 ) ;
#233 = DIRECTION ( 'NONE',  ( -0.9009683180561092186, -0.4338848808833348225, 0.000000000000000000 ) ) ;
#234 = CARTESIAN_POINT ( 'NONE',  ( 129.1189240813047832, -57.69406270695253625, 0.000000000000000000 ) ) ;
#235 = CYLINDRICAL_SURFACE ( 'NONE', #934, 1.500000000000001332 ) ;
#236 = CARTESIAN_POINT ( 'NONE',  ( 124.3240858155462121, -57.87500000000000711, 2.500000000000000444 ) ) ;
#237 = EDGE_CURVE ( 'NONE', #445, #949, #3001, .T. ) ;
#238 = CARTESIAN_POINT ( 'NONE',  ( 113.1000000000000085, -55.87499999999999289, 0.000000000000000000 ) ) ;
#239 = VERTEX_POINT ( 'NONE', #3649 ) ;
#240 = EDGE_CURVE ( 'NONE', #4062, #1375, #1434, .T. ) ;
#241 = CARTESIAN_POINT ( 'NONE',  ( 128.4645409999999970, -65.24923200000000634, 0.000000000000000000 ) ) ;
#242 = PLANE ( 'NONE',  #1668 ) ;
#243 = VERTEX_POINT ( 'NONE', #173 ) ;
#244 = CARTESIAN_POINT ( 'NONE',  ( 16.72243195065485111, 20.96928490502907749, 4.000000000000000000 ) ) ;
#245 = CARTESIAN_POINT ( 'NONE',  ( 140.7999999999999829, -77.25000000000000000, -46.01011437716709196 ) ) ;
#246 = ORIENTED_EDGE ( 'NONE', *, *, #2107, .T. ) ;
#247 = EDGE_CURVE ( 'NONE', #2365, #3388, #518, .T. ) ;
#248 = DIRECTION ( 'NONE',  ( 0.7818317504569581855, 0.6234894658110983201, 0.000000000000000000 ) ) ;
#249 = CYLINDRICAL_SURFACE ( 'NONE', #1249, 1.500000000000001332 ) ;
#250 = DIRECTION ( 'NONE',  ( 0.1119948103122530014, 0.9937087915798684667, 0.000000000000000000 ) ) ;
#251 = ORIENTED_EDGE ( 'NONE', *, *, #3650, .T. ) ;
#252 = LINE ( 'NONE', #1814, #2165 ) ;
#253 = ORIENTED_EDGE ( 'NONE', *, *, #888, .F. ) ;
#254 = CARTESIAN_POINT ( 'NONE',  ( 125.8240858155462121, -57.87500000000001421, 4.000000000000000000 ) ) ;
#255 = DIRECTION ( 'NONE',  ( 0.000000000000000000, -0.000000000000000000, -1.000000000000000000 ) ) ;
#256 = ORIENTED_EDGE ( 'NONE', *, *, #44, .F. ) ;
#257 = PLANE ( 'NONE',  #85 ) ;
#258 = AXIS2_PLACEMENT_3D ( 'NONE', #2163, #3504, #1848 ) ;
#259 = PLANE ( 'NONE',  #1665 ) ;
#260 = CARTESIAN_POINT ( 'NONE',  ( 113.1000000000000085, -72.25000000000000000, 8.000000000000000000 ) ) ;
#261 = EDGE_CURVE ( 'NONE', #2044, #2009, #1789, .T. ) ;
#262 = CIRCLE ( 'NONE', #1384, 1.500000000000001332 ) ;
#263 = CARTESIAN_POINT ( 'NONE',  ( 60.11645291927747081, 37.77360124584536294, 4.000000000000000000 ) ) ;
#264 = CARTESIAN_POINT ( 'NONE',  ( 126.5404309999999839, -61.25377599999998068, 4.000000000000000000 ) ) ;
#265 = AXIS2_PLACEMENT_3D ( 'NONE', #3128, #651, #2528 ) ;
#266 = CARTESIAN_POINT ( 'NONE',  ( 121.5209594579901449, -76.35653872897729855, 4.000000000000000000 ) ) ;
#267 = ORIENTED_EDGE ( 'NONE', *, *, #493, .F. ) ;
#268 = VECTOR ( 'NONE', #3642, 1000.000000000000000 ) ;
#269 = VECTOR ( 'NONE', #2154, 1000.000000000000000 ) ;
#270 = CARTESIAN_POINT ( 'NONE',  ( 140.3000000000000114, -63.37500000000001421, 2.999999999999992450 ) ) ;
#271 = VECTOR ( 'NONE', #1292, 1000.000000000000000 ) ;
#272 = CONICAL_SURFACE ( 'NONE', #1592, 1.500000000000001332, 0.7853981633974482790 ) ;
#273 = ORIENTED_EDGE ( 'NONE', *, *, #699, .F. ) ;
#274 = VECTOR ( 'NONE', #3670, 1000.000000000000000 ) ;
#275 = VECTOR ( 'NONE', #3606, 999.9999999999998863 ) ;
#276 = CARTESIAN_POINT ( 'NONE',  ( 8.401463779050963865, -74.56487296251090413, 4.000000000000000000 ) ) ;
#277 = ORIENTED_EDGE ( 'NONE', *, *, #3654, .T. ) ;
#278 = ORGANIZATION ( 'UNSPECIFIED', 'UNSPECIFIED', '' ) ;
#279 = ORIENTED_EDGE ( 'NONE', *, *, #1980, .T. ) ;
#280 = CARTESIAN_POINT ( 'NONE',  ( 115.1000000000000085, -57.87500000000000000, 2.500000000000000444 ) ) ;
#281 = DIRECTION ( 'NONE',  ( 0.9009683180561092186, 0.4338848808833348225, 0.000000000000000000 ) ) ;
#282 = CARTESIAN_POINT ( 'NONE',  ( 8.938048981281314198, -79.32718682705959168, 4.000000000000000000 ) ) ;
#283 = LINE ( 'NONE', #614, #4078 ) ;
#284 = ORIENTED_EDGE ( 'NONE', *, *, #1446, .T. ) ;
#285 = ADVANCED_FACE ( 'NONE', ( #877 ), #3984, .F. ) ;
#286 = CARTESIAN_POINT ( 'NONE',  ( 126.2729850000000056, -61.28390999999999167, 0.000000000000000000 ) ) ;
#287 = ORIENTED_EDGE ( 'NONE', *, *, #3010, .T. ) ;
#288 = EDGE_CURVE ( 'NONE', #232, #1670, #1723, .T. ) ;
#289 = LINE ( 'NONE', #577, #2119 ) ;
#290 = FACE_OUTER_BOUND ( 'NONE', #1035, .T. ) ;
#291 = DIRECTION ( 'NONE',  ( 0.000000000000000000, 1.000000000000000000, 0.000000000000000000 ) ) ;
#292 = ORIENTED_EDGE ( 'NONE', *, *, #1257, .F. ) ;
#293 = CARTESIAN_POINT ( 'NONE',  ( 115.6240866875643150, 13.02773729367166666, 0.000000000000000000 ) ) ;
#294 = COORDINATED_UNIVERSAL_TIME_OFFSET ( 3, 0, .BEHIND. ) ;
#295 = CARTESIAN_POINT ( 'NONE',  ( 138.0373530962511097, -70.14999999999999147, 0.000000000000000000 ) ) ;
#296 = DIRECTION ( 'NONE',  ( -0.9749285612559163150, -0.2225180901577871739, 0.000000000000000000 ) ) ;
#297 = ORIENTED_EDGE ( 'NONE', *, *, #103, .T. ) ;
#298 = DIRECTION ( 'NONE',  ( -1.000000000000000000, 0.000000000000000000, 0.000000000000000000 ) ) ;
#299 = PLANE ( 'NONE',  #2254 ) ;
#300 = VERTEX_POINT ( 'NONE', #3373 ) ;
#301 = EDGE_CURVE ( 'NONE', #1116, #788, #3943, .T. ) ;
#302 = ADVANCED_FACE ( 'NONE', ( #1829 ), #992, .T. ) ;
#303 = DIRECTION ( 'NONE',  ( -0.9438829724512129982, -0.3302800846503809451, 0.000000000000000000 ) ) ;
#304 = CARTESIAN_POINT ( 'NONE',  ( 128.6323459999999841, -62.26118900000000167, 4.000000000000000000 ) ) ;
#305 = EDGE_LOOP ( 'NONE', ( #3014, #2024, #2967, #2478 ) ) ;
#306 = CARTESIAN_POINT ( 'NONE',  ( 130.6189240813047832, -56.19406270695252914, 0.000000000000000000 ) ) ;
#307 = FACE_BOUND ( 'NONE', #2189, .T. ) ;
#308 = ORIENTED_EDGE ( 'NONE', *, *, #225, .T. ) ;
#309 = EDGE_LOOP ( 'NONE', ( #3292, #133, #3926, #124 ) ) ;
#310 = EDGE_CURVE ( 'NONE', #3269, #3283, #3037, .T. ) ;
#311 = LINE ( 'NONE', #1287, #3678 ) ;
#312 = VERTEX_POINT ( 'NONE', #1166 ) ;
#313 = LINE ( 'NONE', #623, #219 ) ;
#314 = LINE ( 'NONE', #913, #1471 ) ;
#315 = ORIENTED_EDGE ( 'NONE', *, *, #1593, .F. ) ;
#316 = VERTEX_POINT ( 'NONE', #1124 ) ;
#317 = DIRECTION ( 'NONE',  ( 0.000000000000000000, 0.000000000000000000, 1.000000000000000000 ) ) ;
#319 = ORIENTED_EDGE ( 'NONE', *, *, #4064, .T. ) ;
#318 = DIRECTION ( 'NONE',  ( -0.8467246414403256649, -0.5320313727382548485, 0.000000000000000000 ) ) ;
#320 = ORIENTED_EDGE ( 'NONE', *, *, #1820, .F. ) ;
#321 = DIRECTION ( 'NONE',  ( 1.000000000000000000, 0.000000000000000000, 0.000000000000000000 ) ) ;
#322 = LINE ( 'NONE', #1585, #3097 ) ;
#323 = CARTESIAN_POINT ( 'NONE',  ( 127.3394049999999851, -61.34379799999999960, 4.000000000000000000 ) ) ;
#324 = EDGE_LOOP ( 'NONE', ( #615, #2876, #267, #3252 ) ) ;
#325 = AXIS2_PLACEMENT_3D ( 'NONE', #2616, #1031, #2295 ) ;
#326 = VECTOR ( 'NONE', #3664, 1000.000000000000114 ) ;
#327 = CARTESIAN_POINT ( 'NONE',  ( 138.0373530962511097, -71.64999999999999147, 2.999999999999992450 ) ) ;
#328 = CARTESIAN_POINT ( 'NONE',  ( 128.4645409999999970, -65.24923200000000634, 4.000000000000000000 ) ) ;
#329 = EDGE_CURVE ( 'NONE', #644, #585, #3075, .T. ) ;
#330 = ADVANCED_FACE ( 'NONE', ( #2113 ), #1203, .F. ) ;
#331 = ORIENTED_EDGE ( 'NONE', *, *, #1102, .F. ) ;
#332 = VERTEX_POINT ( 'NONE', #193 ) ;
#333 = AXIS2_PLACEMENT_3D ( 'NONE', #2622, #3543, #723 ) ;
#334 = AXIS2_PLACEMENT_3D ( 'NONE', #3760, #1247, #318 ) ;
#335 = DATE_TIME_ROLE ( 'classification_date' ) ;
#336 = AXIS2_PLACEMENT_3D ( 'NONE', #407, #2273, #1312 ) ;
#337 = VECTOR ( 'NONE', #1154, 1000.000000000000000 ) ;
#338 = CARTESIAN_POINT ( 'NONE',  ( 130.4375272682252671, -45.64222345897077560, 4.000000000000000000 ) ) ;
#339 = ORIENTED_EDGE ( 'NONE', *, *, #1299, .F. ) ;
#340 = AXIS2_PLACEMENT_3D ( 'NONE', #2610, #3277, #3524 ) ;
#341 = DIRECTION ( 'NONE',  ( 1.000000000000000000, 0.000000000000000000, 0.000000000000000000 ) ) ;
#342 = EDGE_CURVE ( 'NONE', #804, #3185, #3351, .T. ) ;
#343 = VECTOR ( 'NONE', #3149, 1000.000000000000000 ) ;
#345 = ORIENTED_EDGE ( 'NONE', *, *, #1032, .T. ) ;
#344 = DIRECTION ( 'NONE',  ( 1.000000000000000000, 0.000000000000000000, 0.000000000000000000 ) ) ;
#346 = ORIENTED_EDGE ( 'NONE', *, *, #1169, .F. ) ;
#347 = CARTESIAN_POINT ( 'NONE',  ( 128.2742320000000120, -61.86045899999997744, 4.000000000000000000 ) ) ;
#348 = DIRECTION ( 'NONE',  ( 1.000000000000000000, 0.000000000000000000, 0.000000000000000000 ) ) ;
#349 = ORIENTED_EDGE ( 'NONE', *, *, #2801, .T. ) ;
#350 = LINE ( 'NONE', #3192, #2330 ) ;
#351 = ORIENTED_EDGE ( 'NONE', *, *, #4079, .F. ) ;
#352 = DIRECTION ( 'NONE',  ( 0.000000000000000000, -1.000000000000000000, 0.000000000000000000 ) ) ;
#353 = CARTESIAN_POINT ( 'NONE',  ( 115.1000000000000369, -73.14999999999999147, 4.000000000000000000 ) ) ;
#354 = ORIENTED_EDGE ( 'NONE', *, *, #3436, .F. ) ;
#355 = ORIENTED_EDGE ( 'NONE', *, *, #1781, .T. ) ;
#356 = DIRECTION ( 'NONE',  ( -0.4338848808832929671, -0.9009683180561294247, 0.000000000000000000 ) ) ;
#357 = SHAPE_DEFINITION_REPRESENTATION ( #3823, #2784 ) ;
#358 = PLANE ( 'NONE',  #878 ) ;
#359 = CYLINDRICAL_SURFACE ( 'NONE', #3970, 1.500000000000001332 ) ;
#360 = ORIENTED_EDGE ( 'NONE', *, *, #3389, .F. ) ;
#361 = EDGE_CURVE ( 'NONE', #2554, #1023, #1456, .T. ) ;
#362 = LINE ( 'NONE', #1605, #1338 ) ;
#363 = DIRECTION ( 'NONE',  ( 0.9009683180561294247, 0.4338848808832929671, -0.000000000000000000 ) ) ;
#365 = ORIENTED_EDGE ( 'NONE', *, *, #1766, .F. ) ;
#364 = CARTESIAN_POINT ( 'NONE',  ( 138.0373530962511097, -63.37500000000000000, 2.999999999999992450 ) ) ;
#366 = VERTEX_POINT ( 'NONE', #2589 ) ;
#367 = CARTESIAN_POINT ( 'NONE',  ( 122.8240858155461979, -56.37500000000000000, 0.000000000000000000 ) ) ;
#368 = EDGE_CURVE ( 'NONE', #1548, #2425, #965, .T. ) ;
#369 = CARTESIAN_POINT ( 'NONE',  ( 49.76886285217054962, -103.3457735706216738, 4.000000000000000000 ) ) ;
#370 = VERTEX_POINT ( 'NONE', #3226 ) ;
#371 = CARTESIAN_POINT ( 'NONE',  ( 113.6000000000000085, -57.87500000000000711, 2.500000000000000444 ) ) ;
#372 = ORIENTED_EDGE ( 'NONE', *, *, #3535, .F. ) ;
#373 = ADVANCED_FACE ( 'NONE', ( #3800 ), #2207, .F. ) ;
#374 = DIRECTION ( 'NONE',  ( -1.000000000000000000, -4.163336342344333082E-15, 0.000000000000000000 ) ) ;
#375 = CARTESIAN_POINT ( 'NONE',  ( 140.7999999999999829, -77.25000000000000000, 8.000000000000000000 ) ) ;
#376 = FACE_OUTER_BOUND ( 'NONE', #571, .T. ) ;
#377 = ORIENTED_EDGE ( 'NONE', *, *, #2669, .F. ) ;
#378 = LINE ( 'NONE', #1955, #597 ) ;
#379 = PLANE ( 'NONE',  #3424 ) ;
#380 = ADVANCED_FACE ( 'NONE', ( #3851 ), #986, .F. ) ;
#381 = ORIENTED_EDGE ( 'NONE', *, *, #1817, .F. ) ;
#382 = CARTESIAN_POINT ( 'NONE',  ( 115.6240866875643150, 13.02773729367166666, 4.000000000000000000 ) ) ;
#383 = CARTESIAN_POINT ( 'NONE',  ( 124.2787759999999793, 0.000000000000000000, 4.000000000000000000 ) ) ;
#385 = VERTEX_POINT ( 'NONE', #3494 ) ;
#384 = LINE ( 'NONE', #56, #3420 ) ;
#386 = EDGE_CURVE ( 'NONE', #464, #1116, #262, .T. ) ;
#387 = ORIENTED_EDGE ( 'NONE', *, *, #3015, .F. ) ;
#388 = FACE_OUTER_BOUND ( 'NONE', #774, .T. ) ;
#389 = PLANE ( 'NONE',  #403 ) ;
#390 = FACE_OUTER_BOUND ( 'NONE', #2041, .T. ) ;
#391 = EDGE_LOOP ( 'NONE', ( #2469, #898, #600, #662 ) ) ;
#392 = CARTESIAN_POINT ( 'NONE',  ( 142.7999999999999829, -74.25000000000000000, 8.000000000000000000 ) ) ;
#393 = EDGE_LOOP ( 'NONE', ( #3761, #1828, #2633, #3429 ) ) ;
#394 = VECTOR ( 'NONE', #291, 1000.000000000000000 ) ;
#395 = CARTESIAN_POINT ( 'NONE',  ( 113.6000000000000085, -70.14999999999997726, 2.500000000000000444 ) ) ;
#396 = CIRCLE ( 'NONE', #1517, 1.500000000000001332 ) ;
#397 = CARTESIAN_POINT ( 'NONE',  ( 124.4576889999999878, -64.56843999999998118, 4.000000000000000000 ) ) ;
#398 = ORIENTED_EDGE ( 'NONE', *, *, #3748, .T. ) ;
#399 = VECTOR ( 'NONE', #2623, 1000.000000000000000 ) ;
#400 = VECTOR ( 'NONE', #1038, 999.9999999999998863 ) ;
#401 = VECTOR ( 'NONE', #2677, 1000.000000000000000 ) ;
#402 = VERTEX_POINT ( 'NONE', #1944 ) ;
#403 = AXIS2_PLACEMENT_3D ( 'NONE', #2296, #3537, #716 ) ;
#404 = AXIS2_PLACEMENT_3D ( 'NONE', #1207, #3417, #3138 ) ;
#405 = EDGE_CURVE ( 'NONE', #2114, #2792, #3189, .T. ) ;
#406 = CYLINDRICAL_SURFACE ( 'NONE', #3502, 5.000000000000004441 ) ;
#407 = CARTESIAN_POINT ( 'NONE',  ( 140.3000000000000114, -63.37500000000001421, 0.000000000000000000 ) ) ;
#408 = LINE ( 'NONE', #3889, #2061 ) ;
#409 = VECTOR ( 'NONE', #1669, 1000.000000000000000 ) ;
#410 = VERTEX_POINT ( 'NONE', #367 ) ;
#411 = DIRECTION ( 'NONE',  ( 0.1119647436289348819, -0.9937121797503073450, 0.000000000000000000 ) ) ;
#412 = VECTOR ( 'NONE', #2229, 1000.000000000000000 ) ;
#413 = AXIS2_PLACEMENT_3D ( 'NONE', #238, #633, #3786 ) ;
#414 = VECTOR ( 'NONE', #1956, 1000.000000000000000 ) ;
#415 = LINE ( 'NONE', #2252, #211 ) ;
#416 = CARTESIAN_POINT ( 'NONE',  ( 138.8000000000000114, -71.64999999999999147, 0.000000000000000000 ) ) ;
#417 = ORIENTED_EDGE ( 'NONE', *, *, #3814, .T. ) ;
#418 = LINE ( 'NONE', #2364, #2667 ) ;
#419 = ORIENTED_EDGE ( 'NONE', *, *, #2568, .F. ) ;
#420 = DIRECTION ( 'NONE',  ( -0.000000000000000000, -0.000000000000000000, -1.000000000000000000 ) ) ;
#421 = DIRECTION ( 'NONE',  ( 0.7818317504570008181, 0.6234894658110449184, -0.000000000000000000 ) ) ;
#422 = EDGE_LOOP ( 'NONE', ( #2734, #551, #419, #1971 ) ) ;
#423 = EDGE_CURVE ( 'NONE', #1248, #2554, #396, .T. ) ;
#424 = DIRECTION ( 'NONE',  ( -0.7071067811865451302, -9.813077866773550308E-15, -0.7071067811865500152 ) ) ;
#425 = ORIENTED_EDGE ( 'NONE', *, *, #1518, .T. ) ;
#426 = EDGE_CURVE ( 'NONE', #2495, #1368, #58, .T. ) ;
#427 = DIRECTION ( 'NONE',  ( 0.000000000000000000, 0.000000000000000000, 1.000000000000000000 ) ) ;
#428 = FACE_OUTER_BOUND ( 'NONE', #3901, .T. ) ;
#429 = ORIENTED_EDGE ( 'NONE', *, *, #2938, .F. ) ;
#430 = VERTEX_POINT ( 'NONE', #3206 ) ;
#431 = CARTESIAN_POINT ( 'NONE',  ( 140.7999999999999829, -72.25000000000000000, -46.01011437716709196 ) ) ;
#432 = DIRECTION ( 'NONE',  ( 1.000000000000000000, 0.000000000000000000, 0.000000000000000000 ) ) ;
#433 = ORIENTED_EDGE ( 'NONE', *, *, #1175, .T. ) ;
#434 = ORIENTED_EDGE ( 'NONE', *, *, #2953, .F. ) ;
#435 = ADVANCED_FACE ( 'NONE', ( #388 ), #1344, .F. ) ;
#436 = FACE_OUTER_BOUND ( 'NONE', #130, .T. ) ;
#437 = FACE_OUTER_BOUND ( 'NONE', #526, .T. ) ;
#438 = DIRECTION ( 'NONE',  ( 0.2225180901577759329, -0.9749285612559187575, 0.000000000000000000 ) ) ;
#439 = VERTEX_POINT ( 'NONE', #3534 ) ;
#440 = LINE ( 'NONE', #3651, #3695 ) ;
#441 = VERTEX_POINT ( 'NONE', #715 ) ;
#442 = LINE ( 'NONE', #3578, #880 ) ;
#443 = DIRECTION ( 'NONE',  ( 0.000000000000000000, 0.000000000000000000, 1.000000000000000000 ) ) ;
#444 = DIRECTION ( 'NONE',  ( -0.000000000000000000, -0.000000000000000000, -1.000000000000000000 ) ) ;
#445 = VERTEX_POINT ( 'NONE', #2354 ) ;
#446 = CARTESIAN_POINT ( 'NONE',  ( 138.8000000000000114, -61.87500000000000000, 0.000000000000000000 ) ) ;
#447 = DIRECTION ( 'NONE',  ( 1.000000000000000000, 0.000000000000000000, 0.000000000000000000 ) ) ;
#448 = ORIENTED_EDGE ( 'NONE', *, *, #4043, .T. ) ;
#449 = LINE ( 'NONE', #1718, #4028 ) ;
#450 = ORIENTED_EDGE ( 'NONE', *, *, #1348, .T. ) ;
#451 = EDGE_CURVE ( 'NONE', #955, #2709, #2836, .T. ) ;
#452 = DIRECTION ( 'NONE',  ( 0.000000000000000000, 0.000000000000000000, 1.000000000000000000 ) ) ;
#453 = CARTESIAN_POINT ( 'NONE',  ( 0.000000000000000000, -74.25000000000000000, 4.000000000000000000 ) ) ;
#454 = CARTESIAN_POINT ( 'NONE',  ( 8.938048981281314198, -79.32718682705959168, 4.000000000000000000 ) ) ;
#455 = VERTEX_POINT ( 'NONE', #2217 ) ;
#456 = DIRECTION ( 'NONE',  ( 0.9009683180561294247, -0.4338848808832929671, 0.000000000000000000 ) ) ;
#457 = EDGE_LOOP ( 'NONE', ( #2560, #2516, #4033, #4063 ) ) ;
#458 = ORIENTED_EDGE ( 'NONE', *, *, #2109, .T. ) ;
#459 = VECTOR ( 'NONE', #2908, 1000.000000000000114 ) ;
#460 = EDGE_CURVE ( 'NONE', #312, #3677, #977, .T. ) ;
#461 = AXIS2_PLACEMENT_3D ( 'NONE', #1366, #480, #2014 ) ;
#462 = DIRECTION ( 'NONE',  ( 0.000000000000000000, -0.000000000000000000, -1.000000000000000000 ) ) ;
#463 = CARTESIAN_POINT ( 'NONE',  ( 129.7875391316899254, -14.62343048508909860, 0.000000000000000000 ) ) ;
#464 = VERTEX_POINT ( 'NONE', #1616 ) ;
#465 = ORIENTED_EDGE ( 'NONE', *, *, #1830, .T. ) ;
#466 = VECTOR ( 'NONE', #3679, 1000.000000000000000 ) ;
#467 = VECTOR ( 'NONE', #3676, 1000.000000000000000 ) ;
#468 = EDGE_CURVE ( 'NONE', #892, #3474, #1877, .T. ) ;
#469 = CIRCLE ( 'NONE', #2785, 1.500000000000001332 ) ;
#470 = LINE ( 'NONE', #2384, #1801 ) ;
#471 = DIRECTION ( 'NONE',  ( 1.000000000000000000, -0.000000000000000000, -0.000000000000000000 ) ) ;
#472 = AXIS2_PLACEMENT_3D ( 'NONE', #3394, #1516, #1894 ) ;
#473 = ORIENTED_EDGE ( 'NONE', *, *, #3701, .F. ) ;
#474 = PLANE ( 'NONE',  #1008 ) ;
#475 = ORIENTED_EDGE ( 'NONE', *, *, #1872, .T. ) ;
#476 = VECTOR ( 'NONE', #859, 1000.000000000000000 ) ;
#477 = VECTOR ( 'NONE', #1812, 1000.000000000000000 ) ;
#478 = LINE ( 'NONE', #3959, #221 ) ;
#479 = DIRECTION ( 'NONE',  ( 1.000000000000000000, 0.000000000000000000, 0.000000000000000000 ) ) ;
#480 = DIRECTION ( 'NONE',  ( 0.1119647436289545883, 0.9937121797503050136, -0.000000000000000000 ) ) ;
#481 = LINE ( 'NONE', #1751, #2852 ) ;
#482 = LOCAL_TIME ( 10, 5, 31.00000000000000000, #1290 ) ;
#483 = CARTESIAN_POINT ( 'NONE',  ( 106.5851032326351913, -84.99870853171645990, 4.000000000000000000 ) ) ;
#484 = ORIENTED_EDGE ( 'NONE', *, *, #545, .F. ) ;
#485 = CARTESIAN_POINT ( 'NONE',  ( 124.7176539999999818, -65.03881100000000970, 4.000000000000000000 ) ) ;
#486 = ORIENTED_EDGE ( 'NONE', *, *, #3536, .F. ) ;
#487 = VERTEX_POINT ( 'NONE', #1933 ) ;
#488 = EDGE_CURVE ( 'NONE', #2714, #1705, #2777, .T. ) ;
#489 = DIRECTION ( 'NONE',  ( 1.000000000000000000, 0.000000000000000000, 0.000000000000000000 ) ) ;
#490 = ORIENTED_EDGE ( 'NONE', *, *, #2745, .F. ) ;
#491 = ORIENTED_EDGE ( 'NONE', *, *, #3515, .T. ) ;
#492 = ORIENTED_EDGE ( 'NONE', *, *, #3081, .T. ) ;
#493 = EDGE_CURVE ( 'NONE', #3505, #1932, #2198, .T. ) ;
#494 = LINE ( 'NONE', #3978, #1137 ) ;
#495 = LINE ( 'NONE', #1761, #1525 ) ;
#496 = DIRECTION ( 'NONE',  ( -0.4338848808833750681, -0.9009683180560899007, 0.000000000000000000 ) ) ;
#497 = ORIENTED_EDGE ( 'NONE', *, *, #2257, .T. ) ;
#498 = CARTESIAN_POINT ( 'NONE',  ( 115.8626469037488960, -70.14999999999999147, 0.000000000000000000 ) ) ;
#499 = FACE_OUTER_BOUND ( 'NONE', #1511, .T. ) ;
#500 = DIRECTION ( 'NONE',  ( 1.000000000000000000, 0.000000000000000000, 0.000000000000000000 ) ) ;
#501 = CARTESIAN_POINT ( 'NONE',  ( 138.0373530962511097, -70.14999999999999147, 0.000000000000000000 ) ) ;
#502 = DIRECTION ( 'NONE',  ( -0.9937121797503014609, -0.1119647436289857856, 0.000000000000000000 ) ) ;
#503 = EDGE_CURVE ( 'NONE', #786, #2044, #3459, .T. ) ;
#504 = CARTESIAN_POINT ( 'NONE',  ( 138.8000000000000114, -63.37500000000000000, 0.000000000000000000 ) ) ;
#505 = VERTEX_POINT ( 'NONE', #1307 ) ;
#506 = EDGE_CURVE ( 'NONE', #721, #3765, #2236, .T. ) ;
#507 = DIRECTION ( 'NONE',  ( -0.000000000000000000, -0.000000000000000000, -1.000000000000000000 ) ) ;
#508 = DIRECTION ( 'NONE',  ( 0.000000000000000000, 1.000000000000000000, 0.000000000000000000 ) ) ;
#509 = ORIENTED_EDGE ( 'NONE', *, *, #3985, .F. ) ;
#510 = ADVANCED_FACE ( 'NONE', ( #3157 ), #1600, .F. ) ;
#511 = EDGE_CURVE ( 'NONE', #202, #2037, #46, .T. ) ;
#512 = LINE ( 'NONE', #1760, #1255 ) ;
#513 = CARTESIAN_POINT ( 'NONE',  ( 118.8626469037488960, -70.14999999999999147, 4.000000000000000000 ) ) ;
#514 = ORIENTED_EDGE ( 'NONE', *, *, #2422, .F. ) ;
#515 = DIRECTION ( 'NONE',  ( 0.000000000000000000, 0.000000000000000000, 1.000000000000000000 ) ) ;
#516 = CARTESIAN_POINT ( 'NONE',  ( 140.7999999999999829, -50.87500000000000000, -46.01011437716709196 ) ) ;
#517 = DIRECTION ( 'NONE',  ( 0.000000000000000000, 0.000000000000000000, 1.000000000000000000 ) ) ;
#518 = LINE ( 'NONE', #1510, #2115 ) ;
#519 = ADVANCED_FACE ( 'NONE', ( #2268 ), #798, .F. ) ;
#520 = DIRECTION ( 'NONE',  ( -0.000000000000000000, -1.000000000000000000, -0.000000000000000000 ) ) ;
#521 = ORIENTED_EDGE ( 'NONE', *, *, #310, .T. ) ;
#522 = AXIS2_PLACEMENT_3D ( 'NONE', #707, #1326, #2976 ) ;
#523 = DIRECTION ( 'NONE',  ( 1.000000000000000000, 0.000000000000000000, 0.000000000000000000 ) ) ;
#524 = CARTESIAN_POINT ( 'NONE',  ( 44.53095379778609697, 35.51221932239521806, 0.000000000000000000 ) ) ;
#525 = VECTOR ( 'NONE', #1086, 1000.000000000000000 ) ;
#526 = EDGE_LOOP ( 'NONE', ( #1887, #1487, #2442, #750 ) ) ;
#527 = ORIENTED_EDGE ( 'NONE', *, *, #2175, .T. ) ;
#528 = VECTOR ( 'NONE', #724, 1000.000000000000000 ) ;
#529 = DIRECTION ( 'NONE',  ( -0.000000000000000000, 1.000000000000000000, 0.000000000000000000 ) ) ;
#530 = LINE ( 'NONE', #3703, #3354 ) ;
#531 = AXIS2_PLACEMENT_3D ( 'NONE', #613, #303, #1842 ) ;
#532 = VERTEX_POINT ( 'NONE', #1556 ) ;
#533 = VECTOR ( 'NONE', #1379, 999.9999999999998863 ) ;
#534 = EDGE_CURVE ( 'NONE', #316, #1845, #582, .T. ) ;
#535 = ADVANCED_FACE ( 'NONE', ( #1950 ), #23, .F. ) ;
#536 = EDGE_CURVE ( 'NONE', #2006, #1194, #2862, .T. ) ;
#537 = VECTOR ( 'NONE', #900, 999.9999999999998863 ) ;
#538 = VECTOR ( 'NONE', #154, 1000.000000000000000 ) ;
#539 = CARTESIAN_POINT ( 'NONE',  ( 75.78690051586470133, 36.49716604218625804, 4.000000000000000000 ) ) ;
#540 = CARTESIAN_POINT ( 'NONE',  ( 110.3319916760448223, -87.98674972173756714, 4.000000000000000000 ) ) ;
#541 = LINE ( 'NONE', #905, #477 ) ;
#542 = CARTESIAN_POINT ( 'NONE',  ( 118.8626469037488960, -61.11627930284585375, 2.500000000000000444 ) ) ;
#543 = CIRCLE ( 'NONE', #3419, 1.500000000000001332 ) ;
#544 = AXIS2_PLACEMENT_3D ( 'NONE', #2698, #2996, #2653 ) ;
#545 = EDGE_CURVE ( 'NONE', #926, #1016, #1906, .T. ) ;
#546 = ADVANCED_FACE ( 'NONE', ( #3178 ), #2507, .F. ) ;
#547 = VECTOR ( 'NONE', #3729, 1000.000000000000000 ) ;
#548 = ORIENTED_EDGE ( 'NONE', *, *, #1762, .F. ) ;
#549 = LINE ( 'NONE', #3065, #3359 ) ;
#550 = FACE_OUTER_BOUND ( 'NONE', #1895, .T. ) ;
#551 = ORIENTED_EDGE ( 'NONE', *, *, #1535, .F. ) ;
#552 = CARTESIAN_POINT ( 'NONE',  ( 142.7999999999999829, -49.87500000000000000, 4.999854444024150801 ) ) ;
#553 = CARTESIAN_POINT ( 'NONE',  ( 115.8626469037488960, -70.14999999999999147, 2.500000000000000444 ) ) ;
#554 = ORIENTED_EDGE ( 'NONE', *, *, #3807, .T. ) ;
#555 = VERTEX_POINT ( 'NONE', #1553 ) ;
#556 = CARTESIAN_POINT ( 'NONE',  ( 126.0105949999999808, -65.95620199999999045, 4.000000000000000000 ) ) ;
#557 = FACE_OUTER_BOUND ( 'NONE', #1961, .T. ) ;
#558 = DIRECTION ( 'NONE',  ( 0.5320313727383334523, 0.8467246414402762600, 0.000000000000000000 ) ) ;
#559 = ORIENTED_EDGE ( 'NONE', *, *, #3860, .F. ) ;
#560 = CARTESIAN_POINT ( 'NONE',  ( 124.2787759999999793, 0.000000000000000000, 0.000000000000000000 ) ) ;
#561 = ORIENTED_EDGE ( 'NONE', *, *, #3789, .T. ) ;
#562 = ORIENTED_EDGE ( 'NONE', *, *, #2441, .T. ) ;
#563 = EDGE_CURVE ( 'NONE', #2304, #1759, #311, .T. ) ;
#564 = DIRECTION ( 'NONE',  ( 0.000000000000000000, 0.000000000000000000, 1.000000000000000000 ) ) ;
#565 = DIRECTION ( 'NONE',  ( -0.1119647436289660652, 0.9937121797503037923, 0.000000000000000000 ) ) ;
#566 = EDGE_LOOP ( 'NONE', ( #1068, #354, #89, #1755 ) ) ;
#567 = VERTEX_POINT ( 'NONE', #375 ) ;
#568 = DIRECTION ( 'NONE',  ( -0.000000000000000000, -0.000000000000000000, -1.000000000000000000 ) ) ;
#569 = CARTESIAN_POINT ( 'NONE',  ( 136.5373530962511097, -70.14999999999999147, 0.000000000000000000 ) ) ;
#570 = DIRECTION ( 'NONE',  ( -0.000000000000000000, -0.000000000000000000, -1.000000000000000000 ) ) ;
#571 = EDGE_LOOP ( 'NONE', ( #2483, #2197, #2179, #2376 ) ) ;
#572 = LINE ( 'NONE', #347, #1809 ) ;
#573 = DIRECTION ( 'NONE',  ( -1.000000000000000000, 0.000000000000000000, -0.000000000000000000 ) ) ;
#574 = DIRECTION ( 'NONE',  ( -0.000000000000000000, -0.000000000000000000, 1.000000000000000000 ) ) ;
#575 = ORIENTED_EDGE ( 'NONE', *, *, #2986, .T. ) ;
#576 = EDGE_CURVE ( 'NONE', #1168, #239, #3549, .T. ) ;
#577 = CARTESIAN_POINT ( 'NONE',  ( 122.8240858155461979, -54.87500000000000000, 4.000000000000000000 ) ) ;
#578 = VERTEX_POINT ( 'NONE', #3154 ) ;
#579 = EDGE_CURVE ( 'NONE', #1645, #3067, #4077, .T. ) ;
#580 = CARTESIAN_POINT ( 'NONE',  ( 108.1000000000000085, -50.87500000000000000, -46.01011437716709196 ) ) ;
#581 = ORIENTED_EDGE ( 'NONE', *, *, #2853, .F. ) ;
#582 = CIRCLE ( 'NONE', #3032, 2.500000000000002220 ) ;
#583 = CARTESIAN_POINT ( 'NONE',  ( 111.1000000000000085, -74.25000000000000000, -46.01011437716709196 ) ) ;
#584 = CARTESIAN_POINT ( 'NONE',  ( 115.1000000000000369, -54.87500000000000000, 4.000000000000000000 ) ) ;
#585 = VERTEX_POINT ( 'NONE', #2283 ) ;
#586 = AXIS2_PLACEMENT_3D ( 'NONE', #664, #3181, #2881 ) ;
#587 = VECTOR ( 'NONE', #3922, 1000.000000000000000 ) ;
#588 = LINE ( 'NONE', #2185, #2727 ) ;
#589 = DIRECTION ( 'NONE',  ( -0.9749285612559387415, -0.2225180901576891135, 0.000000000000000000 ) ) ;
#590 = AXIS2_PLACEMENT_3D ( 'NONE', #234, #573, #4016 ) ;
#591 = ORIENTED_EDGE ( 'NONE', *, *, #468, .T. ) ;
#592 = DIRECTION ( 'NONE',  ( -0.000000000000000000, -0.000000000000000000, -1.000000000000000000 ) ) ;
#593 = ORIENTED_EDGE ( 'NONE', *, *, #3879, .T. ) ;
#594 = VECTOR ( 'NONE', #866, 1000.000000000000114 ) ;
#595 = VECTOR ( 'NONE', #3871, 1000.000000000000000 ) ;
#596 = PLANE ( 'NONE',  #2396 ) ;
#597 = VECTOR ( 'NONE', #2882, 1000.000000000000114 ) ;
#598 = AXIS2_PLACEMENT_3D ( 'NONE', #606, #1559, #2821 ) ;
#599 = CARTESIAN_POINT ( 'NONE',  ( 128.9812019999999961, -64.31440500000000782, 4.000000000000000000 ) ) ;
#600 = ORIENTED_EDGE ( 'NONE', *, *, #1879, .T. ) ;
#601 = DIRECTION ( 'NONE',  ( 1.000000000000000000, 0.000000000000000000, 0.000000000000000000 ) ) ;
#602 = VECTOR ( 'NONE', #2612, 1000.000000000000000 ) ;
#603 = VECTOR ( 'NONE', #2717, 1000.000000000000000 ) ;
#604 = DATE_TIME_ROLE ( 'creation_date' ) ;
#605 = CARTESIAN_POINT ( 'NONE',  ( 138.8000000000000114, -63.37500000000000000, 2.999999999999992450 ) ) ;
#606 = CARTESIAN_POINT ( 'NONE',  ( 138.8000000000000114, -70.14999999999999147, 4.000000000000000000 ) ) ;
#607 = EDGE_CURVE ( 'NONE', #1943, #2144, #1890, .T. ) ;
#608 = ORIENTED_EDGE ( 'NONE', *, *, #1129, .F. ) ;
#609 = CARTESIAN_POINT ( 'NONE',  ( 138.0373530962511097, -70.14999999999999147, 2.999999999999992450 ) ) ;
#610 = DIRECTION ( 'NONE',  ( -0.4338848808833750681, 0.9009683180560899007, 0.000000000000000000 ) ) ;
#611 = EDGE_CURVE ( 'NONE', #21, #3375, #1237, .T. ) ;
#612 = VERTEX_POINT ( 'NONE', #1613 ) ;
#613 = CARTESIAN_POINT ( 'NONE',  ( 90.75229354257542980, 31.75571132045958933, 4.000000000000000000 ) ) ;
#614 = CARTESIAN_POINT ( 'NONE',  ( 140.3000000000000114, -63.37500000000001421, 2.999999999999992450 ) ) ;
#615 = ORIENTED_EDGE ( 'NONE', *, *, #3762, .T. ) ;
#616 = CARTESIAN_POINT ( 'NONE',  ( 16.72243195065485111, 20.96928490502907749, 0.000000000000000000 ) ) ;
#617 = ORIENTED_EDGE ( 'NONE', *, *, #2472, .F. ) ;
#618 = CARTESIAN_POINT ( 'NONE',  ( 124.3089099999999689, -63.24798500000000701, 4.000000000000000000 ) ) ;
#619 = DIRECTION ( 'NONE',  ( 1.000000000000000000, 0.000000000000000000, 0.000000000000000000 ) ) ;
#620 = ORIENTED_EDGE ( 'NONE', *, *, #2942, .F. ) ;
#621 = ORIENTED_EDGE ( 'NONE', *, *, #1125, .F. ) ;
#622 = DATE_AND_TIME ( #3098, #2860 ) ;
#623 = CARTESIAN_POINT ( 'NONE',  ( 115.1000000000000227, -56.37500000000000000, 0.000000000000000000 ) ) ;
#624 = CARTESIAN_POINT ( 'NONE',  ( -6.815708051670125833, -19.47810683765470685, 4.000000000000000000 ) ) ;
#625 = ORIENTED_EDGE ( 'NONE', *, *, #2986, .F. ) ;
#626 = EDGE_CURVE ( 'NONE', #991, #3890, #3743, .T. ) ;
#627 = CARTESIAN_POINT ( 'NONE',  ( 145.7999999999999829, -50.87500000000000000, 4.999854444024149025 ) ) ;
#629 = ORIENTED_EDGE ( 'NONE', *, *, #1365, .T. ) ;
#628 = FACE_OUTER_BOUND ( 'NONE', #2713, .T. ) ;
#630 = EDGE_LOOP ( 'NONE', ( #4037, #3704, #3478, #2688 ) ) ;
#631 = CARTESIAN_POINT ( 'NONE',  ( 142.7999999999999829, -51.29242430504415040, 4.999854444024149025 ) ) ;
#632 = DIRECTION ( 'NONE',  ( 0.5320313727382595115, -0.8467246414403226673, 0.000000000000000000 ) ) ;
#633 = DIRECTION ( 'NONE',  ( 0.000000000000000000, -0.000000000000000000, -1.000000000000000000 ) ) ;
#634 = CARTESIAN_POINT ( 'NONE',  ( 32.86952567397808878, -93.93538102383149635, 0.000000000000000000 ) ) ;
#635 = ORIENTED_EDGE ( 'NONE', *, *, #711, .F. ) ;
#636 = EDGE_CURVE ( 'NONE', #2495, #3479, #2575, .T. ) ;
#637 = CARTESIAN_POINT ( 'NONE',  ( 126.8095689999999820, -66.04622400000002358, 0.000000000000000000 ) ) ;
#638 = CARTESIAN_POINT ( 'NONE',  ( 145.7999999999999829, -72.25000000000000000, -46.01011437716709196 ) ) ;
#639 = VERTEX_POINT ( 'NONE', #353 ) ;
#640 = ORIENTED_EDGE ( 'NONE', *, *, #3239, .F. ) ;
#641 = DIRECTION ( 'NONE',  ( 0.000000000000000000, 0.000000000000000000, 1.000000000000000000 ) ) ;
#642 = EDGE_CURVE ( 'NONE', #2147, #555, #2603, .T. ) ;
#643 = DIRECTION ( 'NONE',  ( -1.000000000000000000, 0.000000000000000000, 0.000000000000000000 ) ) ;
#644 = VERTEX_POINT ( 'NONE', #3503 ) ;
#645 = EDGE_CURVE ( 'NONE', #1161, #2068, #3521, .T. ) ;
#646 = LINE ( 'NONE', #983, #1395 ) ;
#647 = LINE ( 'NONE', #3715, #141 ) ;
#648 = ORIENTED_EDGE ( 'NONE', *, *, #2172, .T. ) ;
#649 = EDGE_CURVE ( 'NONE', #1918, #138, #2878, .T. ) ;
#650 = LINE ( 'NONE', #3449, #3162 ) ;
#651 = DIRECTION ( 'NONE',  ( -0.000000000000000000, -0.000000000000000000, 1.000000000000000000 ) ) ;
#652 = ORIENTED_EDGE ( 'NONE', *, *, #2629, .T. ) ;
#653 = CARTESIAN_POINT ( 'NONE',  ( 130.6189240813047832, -59.27118415377816518, 0.000000000000000000 ) ) ;
#654 = CARTESIAN_POINT ( 'NONE',  ( 145.7999999999999829, -72.25000000000000000, 8.000000000000000000 ) ) ;
#655 = ORIENTED_EDGE ( 'NONE', *, *, #3838, .F. ) ;
#656 = VECTOR ( 'NONE', #999, 1000.000000000000114 ) ;
#657 = AXIS2_PLACEMENT_3D ( 'NONE', #1886, #2827, #1282 ) ;
#658 = CARTESIAN_POINT ( 'NONE',  ( 124.3240858155462121, -57.87500000000000711, 0.000000000000000000 ) ) ;
#659 = DIRECTION ( 'NONE',  ( -0.000000000000000000, -0.000000000000000000, -1.000000000000000000 ) ) ;
#660 = EDGE_CURVE ( 'NONE', #813, #3658, #2233, .T. ) ;
#661 = CARTESIAN_POINT ( 'NONE',  ( 124.5744639999999919, -64.81092500000001166, 4.000000000000000000 ) ) ;
#662 = ORIENTED_EDGE ( 'NONE', *, *, #3152, .F. ) ;
#663 = AXIS2_PLACEMENT_3D ( 'NONE', #3114, #2506, #3093 ) ;
#664 = CARTESIAN_POINT ( 'NONE',  ( 134.5498914106745190, -15.16016851165353074, 4.000000000000000000 ) ) ;
#665 = CIRCLE ( 'NONE', #1000, 1.500000000000001332 ) ;
#666 = CALENDAR_DATE ( 2026, 19, 8 ) ;
#667 = AXIS2_PLACEMENT_3D ( 'NONE', #1159, #2445, #2993 ) ;
#668 = VECTOR ( 'NONE', #3286, 1000.000000000000000 ) ;
#669 = DIRECTION ( 'NONE',  ( -0.000000000000000000, -0.000000000000000000, -1.000000000000000000 ) ) ;
#670 = DIRECTION ( 'NONE',  ( 0.000000000000000000, 0.000000000000000000, 1.000000000000000000 ) ) ;
#671 = ADVANCED_FACE ( 'NONE', ( #2896 ), #67, .T. ) ;
#672 = EDGE_LOOP ( 'NONE', ( #3859, #1450, #514, #935 ) ) ;
#673 = ORIENTED_EDGE ( 'NONE', *, *, #966, .T. ) ;
#674 = VECTOR ( 'NONE', #3576, 1000.000000000000114 ) ;
#675 = VECTOR ( 'NONE', #761, 1000.000000000000114 ) ;
#676 = CARTESIAN_POINT ( 'NONE',  ( 125.5140750000000054, -65.75053599999999676, 4.000000000000000000 ) ) ;
#677 = AXIS2_PLACEMENT_3D ( 'NONE', #4003, #2857, #1167 ) ;
#678 = DIRECTION ( 'NONE',  ( -0.9438829724512080022, 0.3302800846503947119, 0.000000000000000000 ) ) ;
#679 = CYLINDRICAL_SURFACE ( 'NONE', #2459, 1.500000000000001332 ) ;
#680 = ORIENTED_EDGE ( 'NONE', *, *, #189, .F. ) ;
#681 = CARTESIAN_POINT ( 'NONE',  ( 122.8240858155462121, -58.11627930284585375, 2.500000000000000444 ) ) ;
#682 = DIRECTION ( 'NONE',  ( 0.9937121797503050136, -0.1119647436289545883, 0.000000000000000000 ) ) ;
#683 = DIRECTION ( 'NONE',  ( 0.000000000000000000, -0.7071067811865474617, -0.7071067811865474617 ) ) ;
#684 = ORIENTED_EDGE ( 'NONE', *, *, #785, .F. ) ;
#685 = DIRECTION ( 'NONE',  ( -0.7818317504569455290, 0.6234894658111140853, 0.000000000000000000 ) ) ;
#686 = PLANE ( 'NONE',  #742 ) ;
#687 = DIRECTION ( 'NONE',  ( 0.9749285612559163150, 0.2225180901577871739, 0.000000000000000000 ) ) ;
#688 = DIRECTION ( 'NONE',  ( -0.9937121797502963538, -0.1119647436290309578, 0.000000000000000000 ) ) ;
#689 = ORIENTED_EDGE ( 'NONE', *, *, #1331, .T. ) ;
#690 = CARTESIAN_POINT ( 'NONE',  ( 117.3626469037488960, -70.14999999999999147, 0.000000000000000000 ) ) ;
#691 = PLANE ( 'NONE',  #340 ) ;
#692 = VERTEX_POINT ( 'NONE', #1969 ) ;
#693 = ORIENTED_EDGE ( 'NONE', *, *, #2373, .F. ) ;
#694 = CARTESIAN_POINT ( 'NONE',  ( 108.1000000000000085, -55.87499999999999289, 8.000000000000000000 ) ) ;
#695 = FACE_OUTER_BOUND ( 'NONE', #1573, .T. ) ;
#696 = ORIENTED_EDGE ( 'NONE', *, *, #894, .F. ) ;
#697 = DIRECTION ( 'NONE',  ( -0.000000000000000000, -0.000000000000000000, -1.000000000000000000 ) ) ;
#698 = ADVANCED_FACE ( 'NONE', ( #290 ), #790, .F. ) ;
#699 = EDGE_CURVE ( 'NONE', #2708, #1030, #3941, .T. ) ;
#700 = CARTESIAN_POINT ( 'NONE',  ( 141.3000000000000114, -70.14999999999996305, 4.000000000000000000 ) ) ;
#701 = DIRECTION ( 'NONE',  ( 0.000000000000000000, 1.000000000000000000, -0.000000000000000000 ) ) ;
#702 = ORIENTED_EDGE ( 'NONE', *, *, #3509, .T. ) ;
#703 = CARTESIAN_POINT ( 'NONE',  ( 125.7565599999999932, -61.43268899999999633, 4.000000000000000000 ) ) ;
#704 = ORIENTED_EDGE ( 'NONE', *, *, #3314, .F. ) ;
#705 = DIRECTION ( 'NONE',  ( 0.000000000000000000, 0.000000000000000000, 1.000000000000000000 ) ) ;
#706 = DIRECTION ( 'NONE',  ( -0.7818317504569982646, 0.6234894658110480270, 0.000000000000000000 ) ) ;
#707 = CARTESIAN_POINT ( 'NONE',  ( 118.8626469037488960, -61.11627930284585375, 0.000000000000000000 ) ) ;
#708 = ORIENTED_EDGE ( 'NONE', *, *, #71, .T. ) ;
#709 = LINE ( 'NONE', #3483, #2183 ) ;
#710 = ORIENTED_EDGE ( 'NONE', *, *, #1184, .T. ) ;
#711 = EDGE_CURVE ( 'NONE', #996, #972, #1662, .T. ) ;
#712 = CARTESIAN_POINT ( 'NONE',  ( 127.3394049999999851, -65.95620199999999045, 4.000000000000000000 ) ) ;
#713 = LINE ( 'NONE', #2310, #3631 ) ;
#714 = EDGE_LOOP ( 'NONE', ( #2985, #829, #2692, #2275 ) ) ;
#715 = CARTESIAN_POINT ( 'NONE',  ( 124.3687980000000124, -62.98559499999998934, 4.000000000000000000 ) ) ;
#716 = DIRECTION ( 'NONE',  ( 0.000000000000000000, 0.000000000000000000, -1.000000000000000000 ) ) ;
#717 = CARTESIAN_POINT ( 'NONE',  ( 78.77658138550036426, -98.78279569570308638, 0.000000000000000000 ) ) ;
#718 = EDGE_LOOP ( 'NONE', ( #3264, #2679, #349, #1990, #2774, #3193, #2991, #2228, #398, #2255, #1283, #2140 ) ) ;
#719 = CARTESIAN_POINT ( 'NONE',  ( 111.1000000000000085, -53.87500000000000000, 4.000000000000003553 ) ) ;
#720 = EDGE_CURVE ( 'NONE', #137, #3745, #2937, .T. ) ;
#721 = VERTEX_POINT ( 'NONE', #2369 ) ;
#722 = EDGE_CURVE ( 'NONE', #2425, #137, #3276, .T. ) ;
#723 = DIRECTION ( 'NONE',  ( -1.000000000000000000, 0.000000000000000000, 0.000000000000000000 ) ) ;
#724 = DIRECTION ( 'NONE',  ( -6.542051911182393956E-15, 0.7071067811865479058, -0.7071067811865471286 ) ) ;
#725 = VECTOR ( 'NONE', #1982, 1000.000000000000000 ) ;
#726 = CARTESIAN_POINT ( 'NONE',  ( 120.3864005521104872, 13.56432249589033567, 4.000000000000000000 ) ) ;
#727 = ADVANCED_FACE ( 'NONE', ( #3260 ), #1462, .F. ) ;
#728 = ORIENTED_EDGE ( 'NONE', *, *, #237, .F. ) ;
#729 = AXIS2_PLACEMENT_3D ( 'NONE', #2682, #3297, #128 ) ;
#730 = AXIS2_PLACEMENT_3D ( 'NONE', #1160, #2106, #281 ) ;
#731 = ORIENTED_EDGE ( 'NONE', *, *, #1268, .F. ) ;
#732 = CIRCLE ( 'NONE', #2125, 3.000000000000002665 ) ;
#733 = CARTESIAN_POINT ( 'NONE',  ( 127.8359249999999605, -61.54946399999998619, 4.000000000000000000 ) ) ;
#734 = EDGE_CURVE ( 'NONE', #3329, #3557, #2397, .T. ) ;
#735 = CARTESIAN_POINT ( 'NONE',  ( 140.3000000000000114, -63.37500000000001421, 0.000000000000000000 ) ) ;
#736 = CARTESIAN_POINT ( 'NONE',  ( 128.6323459999999841, -62.26118900000000167, 4.000000000000000000 ) ) ;
#737 = ORIENTED_EDGE ( 'NONE', *, *, #1714, .T. ) ;
#738 = VECTOR ( 'NONE', #2730, 1000.000000000000000 ) ;
#739 = EDGE_LOOP ( 'NONE', ( #164, #2726, #509, #2134, #3031, #3527 ) ) ;
#740 = VECTOR ( 'NONE', #791, 1000.000000000000114 ) ;
#741 = VECTOR ( 'NONE', #1451, 1000.000000000000000 ) ;
#742 = AXIS2_PLACEMENT_3D ( 'NONE', #3587, #705, #3194 ) ;
#743 = ADVANCED_FACE ( 'NONE', ( #2920 ), #2515, .F. ) ;
#744 = DIRECTION ( 'NONE',  ( 0.7071067811865733299, -0.7071067811865218156, 0.000000000000000000 ) ) ;
#745 = FACE_OUTER_BOUND ( 'NONE', #2977, .T. ) ;
#746 = DIRECTION ( 'NONE',  ( -0.1119647436289348819, -0.9937121797503073450, 0.000000000000000000 ) ) ;
#747 = VERTEX_POINT ( 'NONE', #3857 ) ;
#748 = CARTESIAN_POINT ( 'NONE',  ( 135.7611022684410216, -57.77118415377816518, 2.999999999999999112 ) ) ;
#749 = LINE ( 'NONE', #3261, #1060 ) ;
#750 = ORIENTED_EDGE ( 'NONE', *, *, #903, .F. ) ;
#751 = ADVANCED_FACE ( 'NONE', ( #437 ), #94, .F. ) ;
#752 = CARTESIAN_POINT ( 'NONE',  ( 90.75229354257542980, 31.75571132045958933, 0.000000000000000000 ) ) ;
#753 = ORIENTED_EDGE ( 'NONE', *, *, #4068, .F. ) ;
#754 = DIRECTION ( 'NONE',  ( 0.000000000000000000, -0.000000000000000000, -1.000000000000000000 ) ) ;
#755 = LINE ( 'NONE', #3913, #1527 ) ;
#756 = VERTEX_POINT ( 'NONE', #1059 ) ;
#757 = VERTEX_POINT ( 'NONE', #2031 ) ;
#758 = ADVANCED_FACE ( 'NONE', ( #3627 ), #2049, .F. ) ;
#759 = DIRECTION ( 'NONE',  ( 0.7071067811865218156, 0.7071067811865733299, 0.000000000000000000 ) ) ;
#760 = CARTESIAN_POINT ( 'NONE',  ( -7.002755450321843433, -30.68148882263080779, 4.000000000000000000 ) ) ;
#761 = DIRECTION ( 'NONE',  ( -0.9937121797502963538, -0.1119647436290309578, 0.000000000000000000 ) ) ;
#762 = ORIENTED_EDGE ( 'NONE', *, *, #3554, .T. ) ;
#763 = EDGE_CURVE ( 'NONE', #3453, #385, #1350, .T. ) ;
#764 = EDGE_CURVE ( 'NONE', #1845, #3329, #1039, .T. ) ;
#765 = EDGE_CURVE ( 'NONE', #441, #3765, #2302, .T. ) ;
#766 = CARTESIAN_POINT ( 'NONE',  ( -5.232857564852019472, -14.95459575758061632, 4.000000000000000000 ) ) ;
#767 = FACE_OUTER_BOUND ( 'NONE', #3820, .T. ) ;
#768 = LINE ( 'NONE', #1724, #1930 ) ;
#769 = FACE_OUTER_BOUND ( 'NONE', #178, .T. ) ;
#770 = VERTEX_POINT ( 'NONE', #2323 ) ;
#771 = EDGE_CURVE ( 'NONE', #639, #2108, #110, .T. ) ;
#772 = ADVANCED_FACE ( 'NONE', ( #767 ), #817, .T. ) ;
#773 = FACE_OUTER_BOUND ( 'NONE', #566, .T. ) ;
#774 = EDGE_LOOP ( 'NONE', ( #208, #3179, #13, #3508, #3869, #2502 ) ) ;
#775 = EDGE_LOOP ( 'NONE', ( #3008, #2894, #1262, #762 ) ) ;
#776 = ADVANCED_FACE ( 'NONE', ( #3214 ), #3240, .F. ) ;
#777 = CARTESIAN_POINT ( 'NONE',  ( 20.61360999146401340, -90.31534073039772181, 4.000000000000000000 ) ) ;
#778 = DIRECTION ( 'NONE',  ( 1.000000000000000000, 0.000000000000000000, 0.000000000000000000 ) ) ;
#779 = VERTEX_POINT ( 'NONE', #1493 ) ;
#780 = ORIENTED_EDGE ( 'NONE', *, *, #3884, .F. ) ;
#781 = EDGE_CURVE ( 'NONE', #612, #45, #2590, .T. ) ;
#782 = DIRECTION ( 'NONE',  ( 0.000000000000000000, 1.000000000000000000, 0.000000000000000000 ) ) ;
#783 = DIRECTION ( 'NONE',  ( -0.000000000000000000, -0.000000000000000000, -1.000000000000000000 ) ) ;
#784 = MANIFOLD_SOLID_BREP ( 'Chafl\X2\00e1\X0\n4', #1455 ) ;
#785 = EDGE_CURVE ( 'NONE', #585, #1016, #1148, .T. ) ;
#786 = VERTEX_POINT ( 'NONE', #3982 ) ;
#787 = DIRECTION ( 'NONE',  ( -0.000000000000000000, -0.000000000000000000, -1.000000000000000000 ) ) ;
#788 = VERTEX_POINT ( 'NONE', #874 ) ;
#789 = CARTESIAN_POINT ( 'NONE',  ( 120.3864005521104872, 13.56432249589033567, 0.000000000000000000 ) ) ;
#790 = PLANE ( 'NONE',  #461 ) ;
#791 = DIRECTION ( 'NONE',  ( -0.9438829724512080022, 0.3302800846503947119, 0.000000000000000000 ) ) ;
#792 = DIRECTION ( 'NONE',  ( 6.542051911182393956E-15, 0.7071067811865479058, 0.7071067811865471286 ) ) ;
#793 = ORIENTED_EDGE ( 'NONE', *, *, #576, .T. ) ;
#794 = ADVANCED_FACE ( 'NONE', ( #557 ), #249, .F. ) ;
#795 = CARTESIAN_POINT ( 'NONE',  ( 115.1000000000000085, -70.14999999999999147, 4.000000000000000000 ) ) ;
#796 = EDGE_LOOP ( 'NONE', ( #1577, #37, #2223, #2480 ) ) ;
#797 = ORIENTED_EDGE ( 'NONE', *, *, #3682, .T. ) ;
#798 = CONICAL_SURFACE ( 'NONE', #2388, 1.500000000000001332, 0.7853981633974447263 ) ;
#799 = LINE ( 'NONE', #382, #602 ) ;
#800 = VECTOR ( 'NONE', #3469, 1000.000000000000114 ) ;
#801 = ADVANCED_FACE ( 'NONE', ( #3370 ), #1826, .T. ) ;
#802 = LINE ( 'NONE', #1798, #668 ) ;
#803 = ORIENTED_EDGE ( 'NONE', *, *, #1710, .F. ) ;
#804 = VERTEX_POINT ( 'NONE', #3072 ) ;
#805 = VECTOR ( 'NONE', #3935, 1000.000000000000000 ) ;
#806 = AXIS2_PLACEMENT_3D ( 'NONE', #1053, #447, #3562 ) ;
#807 = ADVANCED_FACE ( 'NONE', ( #853 ), #1507, .F. ) ;
#808 = VECTOR ( 'NONE', #1171, 1000.000000000000000 ) ;
#809 = CARTESIAN_POINT ( 'NONE',  ( 115.1000000000000227, -56.37500000000000000, 0.000000000000000000 ) ) ;
#810 = DIRECTION ( 'NONE',  ( -1.000000000000000000, 0.000000000000000000, -0.000000000000000000 ) ) ;
#811 = VECTOR ( 'NONE', #2990, 1000.000000000000000 ) ;
#812 = DIRECTION ( 'NONE',  ( 0.000000000000000000, -0.000000000000000000, -1.000000000000000000 ) ) ;
#813 = VERTEX_POINT ( 'NONE', #3706 ) ;
#814 = VECTOR ( 'NONE', #3847, 999.9999999999998863 ) ;
#815 = AXIS2_PLACEMENT_3D ( 'NONE', #266, #3403, #558 ) ;
#816 = CYLINDRICAL_SURFACE ( 'NONE', #3051, 1.500000000000001332 ) ;
#817 = PLANE ( 'NONE',  #3221 ) ;
#818 = DIRECTION ( 'NONE',  ( 1.000000000000000000, 0.000000000000000000, 0.000000000000000000 ) ) ;
#819 = APPROVAL_PERSON_ORGANIZATION ( #1893, #2701, #3117 ) ;
#820 = CARTESIAN_POINT ( 'NONE',  ( 115.1000000000000227, -73.14999999999999147, 4.000000000000000000 ) ) ;
#821 = ADVANCED_FACE ( 'NONE', ( #3035 ), #1811, .F. ) ;
#822 = CARTESIAN_POINT ( 'NONE',  ( 135.7611022684410216, -55.19406270695252914, 4.000000000000000000 ) ) ;
#823 = ORIENTED_EDGE ( 'NONE', *, *, #2063, .F. ) ;
#824 = EDGE_CURVE ( 'NONE', #2437, #770, #214, .T. ) ;
#825 = EDGE_CURVE ( 'NONE', #2864, #3473, #1843, .T. ) ;
#826 = DIRECTION ( 'NONE',  ( 1.000000000000000000, 0.000000000000000000, 0.000000000000000000 ) ) ;
#827 = CARTESIAN_POINT ( 'NONE',  ( 137.2611022684410216, -57.69406270695253625, 2.999999999999999112 ) ) ;
#828 = VERTEX_POINT ( 'NONE', #4000 ) ;
#829 = ORIENTED_EDGE ( 'NONE', *, *, #2107, .F. ) ;
#830 = LINE ( 'NONE', #3330, #3895 ) ;
#831 = LINE ( 'NONE', #513, #2728 ) ;
#832 = ORIENTED_EDGE ( 'NONE', *, *, #3076, .F. ) ;
#833 = CARTESIAN_POINT ( 'NONE',  ( 124.3687979999999698, -64.31440499999999361, 4.000000000000000000 ) ) ;
#834 = ORIENTED_EDGE ( 'NONE', *, *, #1083, .T. ) ;
#835 = DIRECTION ( 'NONE',  ( 0.8467246414403141186, 0.5320313727382733893, 0.000000000000000000 ) ) ;
#836 = DIRECTION ( 'NONE',  ( 0.6234894658110888832, -0.7818317504569656240, 0.000000000000000000 ) ) ;
#837 = DIRECTION ( 'NONE',  ( 0.5320313727383452207, -0.8467246414402689325, 0.000000000000000000 ) ) ;
#838 = CARTESIAN_POINT ( 'NONE',  ( 115.1000000000000085, -70.14999999999999147, 0.000000000000000000 ) ) ;
#839 = EDGE_CURVE ( 'NONE', #2643, #991, #2450, .T. ) ;
#840 = DIRECTION ( 'NONE',  ( 1.000000000000000000, 0.000000000000000000, 0.000000000000000000 ) ) ;
#841 = EDGE_CURVE ( 'NONE', #430, #2583, #1199, .T. ) ;
#842 = ORIENTED_EDGE ( 'NONE', *, *, #426, .F. ) ;
#843 = CARTESIAN_POINT ( 'NONE',  ( 129.1189240813047832, -57.77118415377815808, 2.999999999999999112 ) ) ;
#844 = DIRECTION ( 'NONE',  ( 0.000000000000000000, 0.000000000000000000, 1.000000000000000000 ) ) ;
#845 = ORIENTED_EDGE ( 'NONE', *, *, #3376, .T. ) ;
#846 = ORIENTED_EDGE ( 'NONE', *, *, #2419, .F. ) ;
#847 = EDGE_CURVE ( 'NONE', #455, #3929, #3350, .T. ) ;
#848 = CARTESIAN_POINT ( 'NONE',  ( 130.6189240813047832, -55.19406270695252914, 4.000000000000000000 ) ) ;
#849 = FACE_OUTER_BOUND ( 'NONE', #796, .T. ) ;
#850 = EDGE_LOOP ( 'NONE', ( #203, #346, #2040, #3410 ) ) ;
#851 = EDGE_CURVE ( 'NONE', #770, #505, #1453, .T. ) ;
#852 = CARTESIAN_POINT ( 'NONE',  ( 129.7886142766338082, -14.62767700131943904, 4.000000000000000000 ) ) ;
#853 = FACE_OUTER_BOUND ( 'NONE', #2551, .T. ) ;
#854 = DIRECTION ( 'NONE',  ( 1.000000000000000000, 0.000000000000000000, 0.000000000000000000 ) ) ;
#855 = CARTESIAN_POINT ( 'NONE',  ( 138.0373530962511097, -63.37500000000000000, 0.000000000000000000 ) ) ;
#856 = ORIENTED_EDGE ( 'NONE', *, *, #2505, .T. ) ;
#857 = CARTESIAN_POINT ( 'NONE',  ( 111.1000000000000085, -53.87500000000000000, 4.999854444024150801 ) ) ;
#858 = ORIENTED_EDGE ( 'NONE', *, *, #1394, .F. ) ;
#859 = DIRECTION ( 'NONE',  ( -0.000000000000000000, -0.000000000000000000, -1.000000000000000000 ) ) ;
#860 = CARTESIAN_POINT ( 'NONE',  ( 129.0410900000000254, -63.24798500000002122, 4.000000000000000000 ) ) ;
#861 = VECTOR ( 'NONE', #216, 1000.000000000000000 ) ;
#862 = ORIENTED_EDGE ( 'NONE', *, *, #3446, .F. ) ;
#863 = AXIS2_PLACEMENT_3D ( 'NONE', #3923, #1683, #1104 ) ;
#864 = EDGE_CURVE ( 'NONE', #410, #813, #2078, .T. ) ;
#865 = EDGE_CURVE ( 'NONE', #3191, #2495, #2111, .T. ) ;
#866 = DIRECTION ( 'NONE',  ( -0.9937121797502951326, 0.1119647436290424486, 0.000000000000000000 ) ) ;
#867 = CARTESIAN_POINT ( 'NONE',  ( 117.4630754525056489, -73.80680592069533930, 4.000000000000000000 ) ) ;
#868 = AXIS2_PLACEMENT_3D ( 'NONE', #539, #233, #2077 ) ;
#869 = ORIENTED_EDGE ( 'NONE', *, *, #1690, .T. ) ;
#870 = CONICAL_SURFACE ( 'NONE', #3228, 1.500000000000001332, 0.7853981633974482790 ) ;
#871 = AXIS2_PLACEMENT_3D ( 'NONE', #3052, #2071, #782 ) ;
#872 = AXIS2_PLACEMENT_3D ( 'NONE', #3932, #1819, #1172 ) ;
#873 = CARTESIAN_POINT ( 'NONE',  ( 135.7611022684410216, -56.19406270695252914, 2.999999999999999112 ) ) ;
#874 = CARTESIAN_POINT ( 'NONE',  ( 124.3240858155462121, -57.87500000000000711, 2.500000000000000444 ) ) ;
#875 = LINE ( 'NONE', #3057, #3755 ) ;
#876 = ORIENTED_EDGE ( 'NONE', *, *, #1888, .F. ) ;
#877 = FACE_OUTER_BOUND ( 'NONE', #2856, .T. ) ;
#878 = AXIS2_PLACEMENT_3D ( 'NONE', #1042, #1308, #2539 ) ;
#879 = AXIS2_PLACEMENT_3D ( 'NONE', #3175, #2530, #3150 ) ;
#880 = VECTOR ( 'NONE', #3529, 1000.000000000000000 ) ;
#881 = VERTEX_POINT ( 'NONE', #4040 ) ;
#882 = LINE ( 'NONE', #3062, #1808 ) ;
#883 = CARTESIAN_POINT ( 'NONE',  ( 142.7999999999999829, -74.25000000000000000, 8.000000000000000000 ) ) ;
#884 = ORIENTED_EDGE ( 'NONE', *, *, #511, .F. ) ;
#885 = DIRECTION ( 'NONE',  ( 0.000000000000000000, 1.000000000000000000, -0.000000000000000000 ) ) ;
#886 = CARTESIAN_POINT ( 'NONE',  ( 124.3687979999999698, -64.31440499999999361, 4.000000000000000000 ) ) ;
#887 = VERTEX_POINT ( 'NONE', #264 ) ;
#888 = EDGE_CURVE ( 'NONE', #964, #2365, #3056, .T. ) ;
#889 = FACE_OUTER_BOUND ( 'NONE', #2230, .T. ) ;
#890 = DIRECTION ( 'NONE',  ( -0.000000000000000000, -0.000000000000000000, 1.000000000000000000 ) ) ;
#891 = EDGE_CURVE ( 'NONE', #2187, #2871, #3017, .T. ) ;
#892 = VERTEX_POINT ( 'NONE', #988 ) ;
#893 = EDGE_CURVE ( 'NONE', #63, #2187, #60, .T. ) ;
#894 = EDGE_CURVE ( 'NONE', #1548, #3025, #2253, .T. ) ;
#895 = CARTESIAN_POINT ( 'NONE',  ( 142.7999999999999829, -51.29242430504415040, -46.01011437716709196 ) ) ;
#896 = EDGE_CURVE ( 'NONE', #692, #45, #283, .T. ) ;
#897 = ORIENTED_EDGE ( 'NONE', *, *, #711, .T. ) ;
#898 = ORIENTED_EDGE ( 'NONE', *, *, #3570, .F. ) ;
#899 = CARTESIAN_POINT ( 'NONE',  ( 93.46811349999546792, -93.46811350000224650, 4.000000000000000000 ) ) ;
#900 = DIRECTION ( 'NONE',  ( 0.9009683180561093296, -0.4338848808833347670, 0.000000000000000000 ) ) ;
#901 = DIRECTION ( 'NONE',  ( 0.000000000000000000, 0.000000000000000000, 1.000000000000000000 ) ) ;
#902 = ORIENTED_EDGE ( 'NONE', *, *, #2472, .T. ) ;
#903 = EDGE_CURVE ( 'NONE', #1792, #410, #2320, .T. ) ;
#904 = DIRECTION ( 'NONE',  ( -0.8467246414403227783, -0.5320313727382596225, 0.000000000000000000 ) ) ;
#905 = CARTESIAN_POINT ( 'NONE',  ( 122.8240858155461979, -59.61627930284585375, 2.500000000000000444 ) ) ;
#906 = ORIENTED_EDGE ( 'NONE', *, *, #2360, .T. ) ;
#907 = DIRECTION ( 'NONE',  ( -0.7071067811865500152, 0.000000000000000000, 0.7071067811865451302 ) ) ;
#908 = LINE ( 'NONE', #43, #2047 ) ;
#909 = ORIENTED_EDGE ( 'NONE', *, *, #1765, .T. ) ;
#910 = CARTESIAN_POINT ( 'NONE',  ( 138.8000000000000114, -63.37500000000000000, 2.999999999999992450 ) ) ;
#911 = PERSON_AND_ORGANIZATION ( #120, #278 ) ;
#912 = PLANE ( 'NONE',  #2329 ) ;
#913 = CARTESIAN_POINT ( 'NONE',  ( 142.7999999999999829, -53.87500000000000000, -46.01011437716709196 ) ) ;
#914 = ORIENTED_EDGE ( 'NONE', *, *, #763, .F. ) ;
#915 = LINE ( 'NONE', #3421, #3241 ) ;
#916 = VECTOR ( 'NONE', #3788, 1000.000000000000000 ) ;
#917 = LINE ( 'NONE', #627, #1470 ) ;
#918 = DIRECTION ( 'NONE',  ( -1.000000000000000000, 0.000000000000000000, -0.000000000000000000 ) ) ;
#919 = ORIENTED_EDGE ( 'NONE', *, *, #217, .T. ) ;
#920 = VECTOR ( 'NONE', #2157, 1000.000000000000000 ) ;
#921 = EDGE_CURVE ( 'NONE', #3009, #1746, #2570, .T. ) ;
#922 = CIRCLE ( 'NONE', #3227, 1.500000000000001332 ) ;
#923 = DIRECTION ( 'NONE',  ( -0.000000000000000000, -0.000000000000000000, -1.000000000000000000 ) ) ;
#924 = CARTESIAN_POINT ( 'NONE',  ( 130.6189240813047832, -55.19406270695252914, 4.000000000000000000 ) ) ;
#925 = CONICAL_SURFACE ( 'NONE', #209, 1.500000000000001332, 0.7853981633974488341 ) ;
#926 = VERTEX_POINT ( 'NONE', #2186 ) ;
#927 = ORIENTED_EDGE ( 'NONE', *, *, #2373, .T. ) ;
#928 = ORIENTED_EDGE ( 'NONE', *, *, #2719, .T. ) ;
#929 = APPROVAL ( #978, 'UNSPECIFIED' ) ;
#930 = AXIS2_PLACEMENT_3D ( 'NONE', #609, #3443, #1246 ) ;
#931 = VECTOR ( 'NONE', #1711, 1000.000000000000000 ) ;
#932 = DIRECTION ( 'NONE',  ( -0.000000000000000000, -0.000000000000000000, -1.000000000000000000 ) ) ;
#933 = VECTOR ( 'NONE', #1835, 1000.000000000000000 ) ;
#934 = AXIS2_PLACEMENT_3D ( 'NONE', #1201, #3111, #3387 ) ;
#935 = ORIENTED_EDGE ( 'NONE', *, *, #1832, .T. ) ;
#936 = EDGE_LOOP ( 'NONE', ( #2537, #2267, #3248, #3567, #1780, #425, #3306, #1005 ) ) ;
#937 = DIRECTION ( 'NONE',  ( 0.7818317504569982646, -0.6234894658110480270, 0.000000000000000000 ) ) ;
#938 = CIRCLE ( 'NONE', #2740, 1.500000000000001332 ) ;
#939 = VECTOR ( 'NONE', #4055, 1000.000000000000000 ) ;
#940 = DIRECTION ( 'NONE',  ( 0.7818317504569908261, -0.6234894658110574639, 0.000000000000000000 ) ) ;
#941 = ORIENTED_EDGE ( 'NONE', *, *, #1264, .T. ) ;
#942 = EDGE_CURVE ( 'NONE', #887, #828, #2594, .T. ) ;
#943 = CARTESIAN_POINT ( 'NONE',  ( 33.20688650000936804, 33.20688650000452213, 4.000000000000000000 ) ) ;
#944 = CARTESIAN_POINT ( 'NONE',  ( 130.6189240813047832, -56.19406270695252914, 2.999999999999999112 ) ) ;
#945 = EDGE_LOOP ( 'NONE', ( #2874, #1075, #1544, #372 ) ) ;
#946 = ADVANCED_FACE ( 'NONE', ( #2855 ), #948, .F. ) ;
#947 = DIRECTION ( 'NONE',  ( -0.000000000000000000, -0.000000000000000000, -1.000000000000000000 ) ) ;
#948 = CYLINDRICAL_SURFACE ( 'NONE', #657, 1.500000000000001332 ) ;
#949 = VERTEX_POINT ( 'NONE', #1629 ) ;
#950 = CARTESIAN_POINT ( 'NONE',  ( 138.8000000000000114, -61.87500000000000000, 2.999999999999992450 ) ) ;
#951 = ORIENTED_EDGE ( 'NONE', *, *, #240, .T. ) ;
#952 = EDGE_CURVE ( 'NONE', #1188, #3819, #2209, .T. ) ;
#953 = FACE_OUTER_BOUND ( 'NONE', #3270, .T. ) ;
#954 = CARTESIAN_POINT ( 'NONE',  ( -5.232857564852019472, -14.95459575758061632, 0.000000000000000000 ) ) ;
#955 = VERTEX_POINT ( 'NONE', #1922 ) ;
#956 = ORIENTED_EDGE ( 'NONE', *, *, #2591, .T. ) ;
#957 = PERSON_AND_ORGANIZATION_ROLE ( 'classification_officer' ) ;
#958 = EDGE_CURVE ( 'NONE', #887, #1119, #1252, .T. ) ;
#959 = DIRECTION ( 'NONE',  ( 0.000000000000000000, 0.000000000000000000, 1.000000000000000000 ) ) ;
#960 = DIRECTION ( 'NONE',  ( 0.6234894658110573529, 0.7818317504569907150, 0.000000000000000000 ) ) ;
#961 = ORIENTED_EDGE ( 'NONE', *, *, #1219, .T. ) ;
#962 = LINE ( 'NONE', #2497, #3960 ) ;
#963 = PLANE ( 'NONE',  #334 ) ;
#964 = VERTEX_POINT ( 'NONE', #2501 ) ;
#965 = LINE ( 'NONE', #102, #3883 ) ;
#966 = EDGE_CURVE ( 'NONE', #1689, #3738, #3428, .T. ) ;
#967 = DIRECTION ( 'NONE',  ( 0.000000000000000000, 0.000000000000000000, 1.000000000000000000 ) ) ;
#968 = LINE ( 'NONE', #1902, #800 ) ;
#969 = ORIENTED_EDGE ( 'NONE', *, *, #1621, .F. ) ;
#970 = DIRECTION ( 'NONE',  ( 0.000000000000000000, 0.000000000000000000, 1.000000000000000000 ) ) ;
#971 = DIRECTION ( 'NONE',  ( 0.000000000000000000, 0.7071067811865451302, -0.7071067811865500152 ) ) ;
#972 = VERTEX_POINT ( 'NONE', #2892 ) ;
#973 = ADVANCED_FACE ( 'NONE', ( #3190 ), #2548, .F. ) ;
#974 = CARTESIAN_POINT ( 'NONE',  ( 19.54720346868813863, -85.64304565436189876, 4.000000000000000000 ) ) ;
#975 = DIRECTION ( 'NONE',  ( 0.000000000000000000, -1.000000000000000000, 0.000000000000000000 ) ) ;
#976 = ORIENTED_EDGE ( 'NONE', *, *, #763, .T. ) ;
#977 = LINE ( 'NONE', #3480, #3348 ) ;
#978 = APPROVAL_STATUS ( 'not_yet_approved' ) ;
#979 = DIRECTION ( 'NONE',  ( 0.4338848808833347670, 0.9009683180561093296, 0.000000000000000000 ) ) ;
#980 = CARTESIAN_POINT ( 'NONE',  ( 124.7176539999999818, -65.03881100000000970, 0.000000000000000000 ) ) ;
#981 = VERTEX_POINT ( 'NONE', #304 ) ;
#982 = LINE ( 'NONE', #9, #155 ) ;
#983 = CARTESIAN_POINT ( 'NONE',  ( 145.7999999999999829, -77.25000000000000000, 8.000000000000000000 ) ) ;
#984 = LINE ( 'NONE', #2177, #3958 ) ;
#985 = ORIENTED_EDGE ( 'NONE', *, *, #405, .T. ) ;
#986 = PLANE ( 'NONE',  #1649 ) ;
#987 = CARTESIAN_POINT ( 'NONE',  ( 113.6000000000000085, -70.14999999999997726, 2.500000000000000444 ) ) ;
#988 = CARTESIAN_POINT ( 'NONE',  ( 128.8923109999999497, -64.56843999999999539, 0.000000000000000000 ) ) ;
#989 = EDGE_LOOP ( 'NONE', ( #1732, #1532, #3125, #3694 ) ) ;
#990 = CARTESIAN_POINT ( 'NONE',  ( 122.8240858155461979, -61.11627930284585375, 4.000000000000000000 ) ) ;
#991 = VERTEX_POINT ( 'NONE', #1566 ) ;
#992 = CONICAL_SURFACE ( 'NONE', #2315, 1.500000000000001332, 0.7853981633974482790 ) ;
#993 = ADVANCED_FACE ( 'NONE', ( #1609 ), #3110, .F. ) ;
#994 = VECTOR ( 'NONE', #2661, 1000.000000000000000 ) ;
#995 = DIRECTION ( 'NONE',  ( -0.7071067811864960584, -0.7071067811865990871, 0.000000000000000000 ) ) ;
#996 = VERTEX_POINT ( 'NONE', #2873 ) ;
#997 = ORIENTED_EDGE ( 'NONE', *, *, #2175, .F. ) ;
#998 = VECTOR ( 'NONE', #321, 1000.000000000000000 ) ;
#999 = DIRECTION ( 'NONE',  ( 0.2225180901578250048, 0.9749285612559075442, 0.000000000000000000 ) ) ;
#1000 = AXIS2_PLACEMENT_3D ( 'NONE', #2316, #3272, #1346 ) ;
#1001 = VECTOR ( 'NONE', #3989, 1000.000000000000000 ) ;
#1002 = CIRCLE ( 'NONE', #872, 1.500000000000001332 ) ;
#1003 = CARTESIAN_POINT ( 'NONE',  ( 138.8000000000000114, -61.87500000000000000, 0.000000000000000000 ) ) ;
#1004 = CARTESIAN_POINT ( 'NONE',  ( 124.3089099999999831, -64.05201499999998305, 4.000000000000000000 ) ) ;
#1005 = ORIENTED_EDGE ( 'NONE', *, *, #3217, .T. ) ;
#1006 = ORIENTED_EDGE ( 'NONE', *, *, #2669, .T. ) ;
#1007 = VECTOR ( 'NONE', #1791, 1000.000000000000000 ) ;
#1008 = AXIS2_PLACEMENT_3D ( 'NONE', #1747, #168, #1427 ) ;
#1009 = CIRCLE ( 'NONE', #3839, 1.500000000000001332 ) ;
#1010 = CARTESIAN_POINT ( 'NONE',  ( 130.6189240813047832, -60.27118415377817229, 4.000000000000000000 ) ) ;
#1011 = DIRECTION ( 'NONE',  ( -0.000000000000000000, -0.000000000000000000, 1.000000000000000000 ) ) ;
#1012 = VERTEX_POINT ( 'NONE', #4073 ) ;
#1013 = DIRECTION ( 'NONE',  ( 1.000000000000000000, 0.000000000000000000, 0.000000000000000000 ) ) ;
#1014 = LINE ( 'NONE', #3917, #1586 ) ;
#1015 = EDGE_CURVE ( 'NONE', #2652, #1030, #968, .T. ) ;
#1016 = VERTEX_POINT ( 'NONE', #3147 ) ;
#1017 = DIRECTION ( 'NONE',  ( -0.000000000000000000, -0.000000000000000000, 1.000000000000000000 ) ) ;
#1018 = ORIENTED_EDGE ( 'NONE', *, *, #3985, .T. ) ;
#1019 = DIRECTION ( 'NONE',  ( 0.7071067811865732189, 0.7071067811865218156, 0.000000000000000000 ) ) ;
#1020 = CARTESIAN_POINT ( 'NONE',  ( 128.7755359999999882, -62.48907499999999260, 4.000000000000000000 ) ) ;
#1021 = EDGE_CURVE ( 'NONE', #505, #1845, #322, .T. ) ;
#1022 = PLANE ( 'NONE',  #1979 ) ;
#1023 = VERTEX_POINT ( 'NONE', #1297 ) ;
#1024 = PLANE ( 'NONE',  #3902 ) ;
#1025 = CARTESIAN_POINT ( 'NONE',  ( 126.2729850000000056, -61.28390999999999167, 4.000000000000000000 ) ) ;
#1026 = ORIENTED_EDGE ( 'NONE', *, *, #1973, .F. ) ;
#1027 = LINE ( 'NONE', #3220, #2002 ) ;
#1028 = LINE ( 'NONE', #3489, #1926 ) ;
#1029 = DIRECTION ( 'NONE',  ( -0.5320313727383452207, 0.8467246414402689325, 0.000000000000000000 ) ) ;
#1030 = VERTEX_POINT ( 'NONE', #17 ) ;
#1031 = DIRECTION ( 'NONE',  ( -0.9937123062479205071, 0.1119636209285820166, 0.000000000000000000 ) ) ;
#1032 = EDGE_CURVE ( 'NONE', #402, #747, #3785, .T. ) ;
#1033 = CARTESIAN_POINT ( 'NONE',  ( 111.1000000000000085, -74.25000000000000000, 4.000000000000003553 ) ) ;
#1034 = DIRECTION ( 'NONE',  ( 0.000000000000000000, -0.000000000000000000, -1.000000000000000000 ) ) ;
#1035 = EDGE_LOOP ( 'NONE', ( #3652, #2810, #581, #1967 ) ) ;
#1036 = CARTESIAN_POINT ( 'NONE',  ( 135.7611022684410216, -56.19406270695252914, 2.999999999999999112 ) ) ;
#1037 = ORIENTED_EDGE ( 'NONE', *, *, #460, .F. ) ;
#1038 = DIRECTION ( 'NONE',  ( 0.9438829724512050046, -0.3302800846504040377, 0.000000000000000000 ) ) ;
#1039 = LINE ( 'NONE', #171, #994 ) ;
#1040 = DIRECTION ( 'NONE',  ( 1.000000000000000000, 0.000000000000000000, 0.000000000000000000 ) ) ;
#1041 = ORIENTED_EDGE ( 'NONE', *, *, #536, .T. ) ;
#1042 = CARTESIAN_POINT ( 'NONE',  ( 113.6000000000000085, -57.87500000000000711, 2.500000000000000444 ) ) ;
#1043 = ORIENTED_EDGE ( 'NONE', *, *, #301, .T. ) ;
#1044 = EDGE_CURVE ( 'NONE', #2599, #455, #3897, .T. ) ;
#1045 = FACE_OUTER_BOUND ( 'NONE', #2807, .T. ) ;
#1046 = CARTESIAN_POINT ( 'NONE',  ( 130.6189240813047832, -59.27118415377816518, 2.999999999999999112 ) ) ;
#1047 = LINE ( 'NONE', #1073, #2180 ) ;
#1048 = EDGE_LOOP ( 'NONE', ( #1306, #561, #3328, #1779 ) ) ;
#1049 = ORIENTED_EDGE ( 'NONE', *, *, #92, .F. ) ;
#1050 = ADVANCED_FACE ( 'NONE', ( #390 ), #166, .F. ) ;
#1051 = EDGE_CURVE ( 'NONE', #1054, #445, #1425, .T. ) ;
#1052 = DIRECTION ( 'NONE',  ( -0.000000000000000000, -0.000000000000000000, -1.000000000000000000 ) ) ;
#1053 = CARTESIAN_POINT ( 'NONE',  ( 124.3240858155462121, -57.87500000000000711, 0.000000000000000000 ) ) ;
#1054 = VERTEX_POINT ( 'NONE', #2026 ) ;
#1055 = CARTESIAN_POINT ( 'NONE',  ( 113.1000000000000085, -55.87499999999999289, -46.01011437716709196 ) ) ;
#1056 = ORIENTED_EDGE ( 'NONE', *, *, #1299, .T. ) ;
#1057 = VECTOR ( 'NONE', #688, 1000.000000000000114 ) ;
#1058 = CARTESIAN_POINT ( 'NONE',  ( 93.46811349999546792, -93.46811350000224650, 4.000000000000000000 ) ) ;
#1059 = CARTESIAN_POINT ( 'NONE',  ( 128.6323459999999841, -65.03881099999999549, 0.000000000000000000 ) ) ;
#1060 = VECTOR ( 'NONE', #438, 1000.000000000000114 ) ;
#1061 = DIRECTION ( 'NONE',  ( -0.7818317504569857190, -0.6234894658110637922, 0.000000000000000000 ) ) ;
#1062 = VERTEX_POINT ( 'NONE', #2949 ) ;
#1063 = VECTOR ( 'NONE', #420, 1000.000000000000000 ) ;
#1064 = AXIS2_PLACEMENT_3D ( 'NONE', #1901, #967, #3468 ) ;
#1065 = LINE ( 'NONE', #752, #2788 ) ;
#1066 = VECTOR ( 'NONE', #3053, 999.9999999999998863 ) ;
#1067 = EDGE_CURVE ( 'NONE', #1173, #2018, #2931, .T. ) ;
#1068 = ORIENTED_EDGE ( 'NONE', *, *, #1227, .T. ) ;
#1069 = AXIS2_PLACEMENT_3D ( 'NONE', #1046, #2309, #3203 ) ;
#1070 = VECTOR ( 'NONE', #2899, 1000.000000000000000 ) ;
#1071 = LINE ( 'NONE', #2988, #814 ) ;
#1072 = PLANE ( 'NONE',  #2664 ) ;
#1073 = CARTESIAN_POINT ( 'NONE',  ( 127.8359249999999889, -65.75053599999999676, 4.000000000000000000 ) ) ;
#1074 = VECTOR ( 'NONE', #1818, 1000.000000000000114 ) ;
#1075 = ORIENTED_EDGE ( 'NONE', *, *, #781, .F. ) ;
#1076 = CIRCLE ( 'NONE', #3105, 1.500000000000001332 ) ;
#1077 = SECURITY_CLASSIFICATION ( '', '', #3482 ) ;
#1078 = FACE_OUTER_BOUND ( 'NONE', #1912, .T. ) ;
#1079 = LINE ( 'NONE', #2343, #401 ) ;
#1080 = ORIENTED_EDGE ( 'NONE', *, *, #734, .F. ) ;
#1081 = LINE ( 'NONE', #2636, #3496 ) ;
#1082 = ORIENTED_EDGE ( 'NONE', *, *, #660, .F. ) ;
#1083 = EDGE_CURVE ( 'NONE', #964, #1089, #3232, .T. ) ;
#1084 = EDGE_CURVE ( 'NONE', #174, #2304, #1014, .T. ) ;
#1085 = DIRECTION ( 'NONE',  ( 0.000000000000000000, 0.000000000000000000, -1.000000000000000000 ) ) ;
#1086 = DIRECTION ( 'NONE',  ( -0.000000000000000000, -0.000000000000000000, -1.000000000000000000 ) ) ;
#1087 = ORIENTED_EDGE ( 'NONE', *, *, #1175, .F. ) ;
#1088 = DIRECTION ( 'NONE',  ( 0.9749285612559188685, 0.2225180901577759329, -0.000000000000000000 ) ) ;
#1089 = VERTEX_POINT ( 'NONE', #88 ) ;
#1090 = ORIENTED_EDGE ( 'NONE', *, *, #4011, .F. ) ;
#1091 = CARTESIAN_POINT ( 'NONE',  ( 124.3089099999999831, -64.05201499999998305, 4.000000000000000000 ) ) ;
#1092 = DIRECTION ( 'NONE',  ( 1.000000000000000000, 0.000000000000000000, 0.000000000000000000 ) ) ;
#1093 = ORIENTED_EDGE ( 'NONE', *, *, #2964, .F. ) ;
#1094 = ORIENTED_EDGE ( 'NONE', *, *, #1958, .T. ) ;
#1095 = EDGE_CURVE ( 'NONE', #2654, #2280, #665, .T. ) ;
#1096 = EDGE_CURVE ( 'NONE', #3048, #2350, #3291, .T. ) ;
#1097 = FACE_OUTER_BOUND ( 'NONE', #3532, .T. ) ;
#1098 = DIRECTION ( 'NONE',  ( 0.000000000000000000, -1.000000000000000000, 0.000000000000000000 ) ) ;
#1099 = ORIENTED_EDGE ( 'NONE', *, *, #1817, .T. ) ;
#1100 = DIRECTION ( 'NONE',  ( 0.000000000000000000, -1.000000000000000000, 0.000000000000000000 ) ) ;
#1101 = ORIENTED_EDGE ( 'NONE', *, *, #44, .T. ) ;
#1102 = EDGE_CURVE ( 'NONE', #3202, #1833, #1079, .T. ) ;
#1103 = CARTESIAN_POINT ( 'NONE',  ( 129.0712239999999724, 0.000000000000000000, 4.000000000000000000 ) ) ;
#1104 = DIRECTION ( 'NONE',  ( 1.000000000000000000, 0.000000000000000000, 0.000000000000000000 ) ) ;
#1105 = CARTESIAN_POINT ( 'NONE',  ( 124.3240858155462121, -57.87500000000000711, 0.000000000000000000 ) ) ;
#1106 = CARTESIAN_POINT ( 'NONE',  ( 48.27784224120084389, 38.50026051242042513, 4.000000000000000000 ) ) ;
#1107 = ORIENTED_EDGE ( 'NONE', *, *, #1834, .T. ) ;
#1108 = ADVANCED_FACE ( 'NONE', ( #2994 ), #870, .F. ) ;
#1109 = CARTESIAN_POINT ( 'NONE',  ( 128.8923110000000065, -62.73156000000001598, 4.000000000000000000 ) ) ;
#1110 = ORIENTED_EDGE ( 'NONE', *, *, #3475, .T. ) ;
#1111 = ORIENTED_EDGE ( 'NONE', *, *, #1929, .F. ) ;
#1112 = DIRECTION ( 'NONE',  ( 0.000000000000000000, 1.000000000000000000, 0.000000000000000000 ) ) ;
#1113 = DIRECTION ( 'NONE',  ( 0.000000000000000000, 0.7071067811865451302, 0.7071067811865500152 ) ) ;
#1114 = CARTESIAN_POINT ( 'NONE',  ( 115.1000000000000227, -71.64999999999999147, 0.000000000000000000 ) ) ;
#1115 = ORIENTED_EDGE ( 'NONE', *, *, #734, .T. ) ;
#1116 = VERTEX_POINT ( 'NONE', #3833 ) ;
#1117 = DIRECTION ( 'NONE',  ( 0.000000000000000000, -1.000000000000000000, 0.000000000000000000 ) ) ;
#1118 = DIRECTION ( 'NONE',  ( 1.000000000000000000, 0.000000000000000000, 0.000000000000000000 ) ) ;
#1119 = VERTEX_POINT ( 'NONE', #2634 ) ;
#1120 = CARTESIAN_POINT ( 'NONE',  ( 127.5934400000000011, -61.43268900000001054, 0.000000000000000000 ) ) ;
#1121 = FACE_OUTER_BOUND ( 'NONE', #2104, .T. ) ;
#1122 = DIRECTION ( 'NONE',  ( -0.7071067811865479058, 6.542051911182393956E-15, 0.7071067811865471286 ) ) ;
#1123 = CARTESIAN_POINT ( 'NONE',  ( 126.2729850000000340, -66.01609000000000549, 4.000000000000000000 ) ) ;
#1124 = CARTESIAN_POINT ( 'NONE',  ( 138.2611022684410216, -57.77118415377815808, 4.000000000000000000 ) ) ;
#1125 = EDGE_CURVE ( 'NONE', #2353, #2036, #105, .T. ) ;
#1126 = VECTOR ( 'NONE', #3456, 999.9999999999998863 ) ;
#1127 = DIRECTION ( 'NONE',  ( -0.9749285612559076553, -0.2225180901578250325, 0.000000000000000000 ) ) ;
#1128 = EDGE_LOOP ( 'NONE', ( #3280, #3445, #1519, #3938 ) ) ;
#1129 = EDGE_CURVE ( 'NONE', #2818, #2242, #3600, .T. ) ;
#1130 = ORIENTED_EDGE ( 'NONE', *, *, #1939, .T. ) ;
#1131 = AXIS2_PLACEMENT_3D ( 'NONE', #1994, #2639, #1085 ) ;
#1132 = CIRCLE ( 'NONE', #663, 1.500000000000001332 ) ;
#1133 = DIRECTION ( 'NONE',  ( 0.2225180901577759329, -0.9749285612559187575, 0.000000000000000000 ) ) ;
#1134 = DIRECTION ( 'NONE',  ( -0.9749285612559163150, 0.2225180901577871739, 0.000000000000000000 ) ) ;
#1135 = EDGE_LOOP ( 'NONE', ( #2247, #1026, #3113, #1685 ) ) ;
#1136 = EDGE_LOOP ( 'NONE', ( #2546, #183, #3790, #3556 ) ) ;
#1137 = VECTOR ( 'NONE', #2088, 1000.000000000000000 ) ;
#1138 = VECTOR ( 'NONE', #3936, 1000.000000000000000 ) ;
#1139 = CIRCLE ( 'NONE', #1803, 2.500000000000002220 ) ;
#1140 = LINE ( 'NONE', #2411, #268 ) ;
#1141 = CARTESIAN_POINT ( 'NONE',  ( 138.8000000000000114, -60.87500000000000000, 4.000000000000000000 ) ) ;
#1142 = VECTOR ( 'NONE', #2514, 1000.000000000000114 ) ;
#1143 = CARTESIAN_POINT ( 'NONE',  ( -2.074182486353457922, -4.307070350703427586, 4.000000000000000000 ) ) ;
#1144 = ORIENTED_EDGE ( 'NONE', *, *, #103, .F. ) ;
#1145 = VECTOR ( 'NONE', #2702, 1000.000000000000000 ) ;
#1146 = AXIS2_PLACEMENT_3D ( 'NONE', #3235, #2073, #1100 ) ;
#1147 = LINE ( 'NONE', #2391, #2533 ) ;
#1148 = LINE ( 'NONE', #2146, #2170 ) ;
#1149 = LINE ( 'NONE', #1827, #86 ) ;
#1150 = CARTESIAN_POINT ( 'NONE',  ( 127.8359249999999605, -61.54946399999998619, 0.000000000000000000 ) ) ;
#1151 = ADVANCED_FACE ( 'NONE', ( #3538 ), #2279, .F. ) ;
#1152 = PLANE ( 'NONE',  #3044 ) ;
#1153 = ORIENTED_EDGE ( 'NONE', *, *, #4005, .T. ) ;
#1154 = DIRECTION ( 'NONE',  ( -0.000000000000000000, -0.000000000000000000, 1.000000000000000000 ) ) ;
#1155 = EDGE_LOOP ( 'NONE', ( #673, #1418, #3002, #1222 ) ) ;
#1156 = ORIENTED_EDGE ( 'NONE', *, *, #3121, .T. ) ;
#1157 = ADVANCED_FACE ( 'NONE', ( #745 ), #1716, .F. ) ;
#1158 = EDGE_CURVE ( 'NONE', #25, #174, #1406, .T. ) ;
#1159 = CARTESIAN_POINT ( 'NONE',  ( 122.8240858155462121, -57.87500000000000000, 4.000000000000000000 ) ) ;
#1160 = CARTESIAN_POINT ( 'NONE',  ( 49.76886285217054962, -103.3457735706216738, 4.000000000000000000 ) ) ;
#1161 = VERTEX_POINT ( 'NONE', #2966 ) ;
#1162 = EDGE_CURVE ( 'NONE', #1161, #63, #1697, .T. ) ;
#1163 = FACE_OUTER_BOUND ( 'NONE', #3796, .T. ) ;
#1164 = CARTESIAN_POINT ( 'NONE',  ( 140.7999999999999829, -55.87499999999999289, -46.01011437716709196 ) ) ;
#1165 = CARTESIAN_POINT ( 'NONE',  ( 115.8626469037488818, -71.64999999999999147, 2.500000000000000444 ) ) ;
#1166 = CARTESIAN_POINT ( 'NONE',  ( 128.0638109999999870, -61.69265399999999744, 4.000000000000000000 ) ) ;
#1167 = DIRECTION ( 'NONE',  ( 1.000000000000000000, 0.000000000000000000, 0.000000000000000000 ) ) ;
#1168 = VERTEX_POINT ( 'NONE', #1964 ) ;
#1169 = EDGE_CURVE ( 'NONE', #1885, #1975, #2043, .T. ) ;
#1170 = DIRECTION ( 'NONE',  ( 1.000000000000000000, 0.000000000000000000, 0.000000000000000000 ) ) ;
#1171 = DIRECTION ( 'NONE',  ( 0.000000000000000000, -1.000000000000000000, 0.000000000000000000 ) ) ;
#1172 = DIRECTION ( 'NONE',  ( 1.000000000000000000, 0.000000000000000000, 0.000000000000000000 ) ) ;
#1173 = VERTEX_POINT ( 'NONE', #3367 ) ;
#1174 = ORIENTED_EDGE ( 'NONE', *, *, #2801, .F. ) ;
#1175 = EDGE_CURVE ( 'NONE', #1173, #567, #2716, .T. ) ;
#1176 = CARTESIAN_POINT ( 'NONE',  ( 125.5505749579206025, -60.46216628125550585, 0.000000000000000000 ) ) ;
#1177 = CARTESIAN_POINT ( 'NONE',  ( 8.457848948883938789, 13.46061432757545084, 4.000000000000000000 ) ) ;
#1178 = ORIENTED_EDGE ( 'NONE', *, *, #2732, .F. ) ;
#1179 = DIRECTION ( 'NONE',  ( 0.1119647436289348819, -0.9937121797503073450, 0.000000000000000000 ) ) ;
#1180 = CARTESIAN_POINT ( 'NONE',  ( 130.6189240813047832, -59.27118415377816518, 0.000000000000000000 ) ) ;
#1181 = CARTESIAN_POINT ( 'NONE',  ( 47.68949195570596800, -99.02792941022288176, 4.000000000000000000 ) ) ;
#1182 = DIRECTION ( 'NONE',  ( 0.000000000000000000, 1.000000000000000000, 0.000000000000000000 ) ) ;
#1183 = ORIENTED_EDGE ( 'NONE', *, *, #3762, .F. ) ;
#1184 = EDGE_CURVE ( 'NONE', #1491, #612, #4010, .T. ) ;
#1185 = FACE_OUTER_BOUND ( 'NONE', #1869, .T. ) ;
#1186 = CARTESIAN_POINT ( 'NONE',  ( 135.7611022684410216, -57.69406270695252914, 2.999999999999999112 ) ) ;
#1187 = AXIS2_PLACEMENT_3D ( 'NONE', #3434, #1927, #1259 ) ;
#1188 = VERTEX_POINT ( 'NONE', #3346 ) ;
#1189 = VECTOR ( 'NONE', #1318, 1000.000000000000000 ) ;
#1190 = FACE_OUTER_BOUND ( 'NONE', #1136, .T. ) ;
#1191 = PLANE ( 'NONE',  #1253 ) ;
#1192 = EDGE_CURVE ( 'NONE', #3890, #196, #1504, .T. ) ;
#1193 = VECTOR ( 'NONE', #2145, 1000.000000000000114 ) ;
#1194 = VERTEX_POINT ( 'NONE', #1805 ) ;
#1195 = VECTOR ( 'NONE', #783, 1000.000000000000000 ) ;
#1196 = VECTOR ( 'NONE', #4070, 1000.000000000000000 ) ;
#1197 = CONICAL_SURFACE ( 'NONE', #2464, 1.500000000000001332, 0.7853981633974447263 ) ;
#1198 = LINE ( 'NONE', #2593, #2780 ) ;
#1199 = LINE ( 'NONE', #1480, #3681 ) ;
#1200 = ADVANCED_FACE ( 'NONE', ( #231 ), #206, .F. ) ;
#1201 = CARTESIAN_POINT ( 'NONE',  ( 135.7611022684410216, -57.77118415377816518, 0.000000000000000000 ) ) ;
#1202 = ORIENTED_EDGE ( 'NONE', *, *, #1794, .F. ) ;
#1203 = PLANE ( 'NONE',  #2837 ) ;
#1204 = CIRCLE ( 'NONE', #3237, 1.500000000000001332 ) ;
#1205 = VECTOR ( 'NONE', #3602, 1000.000000000000000 ) ;
#1206 = ORIENTED_EDGE ( 'NONE', *, *, #2063, .T. ) ;
#1207 = CARTESIAN_POINT ( 'NONE',  ( 135.7611022684410216, -57.77118415377816518, 0.000000000000000000 ) ) ;
#1208 = VERTEX_POINT ( 'NONE', #2446 ) ;
#1209 = ORIENTED_EDGE ( 'NONE', *, *, #451, .F. ) ;
#1210 = DIRECTION ( 'NONE',  ( -0.000000000000000000, -0.000000000000000000, -1.000000000000000000 ) ) ;
#1211 = CARTESIAN_POINT ( 'NONE',  ( 129.1189240813047832, -57.69406270695253625, 2.999999999999999112 ) ) ;
#1212 = ORIENTED_EDGE ( 'NONE', *, *, #2205, .T. ) ;
#1213 = ADVANCED_FACE ( 'NONE', ( #2428 ), #2089, .F. ) ;
#1214 = EDGE_CURVE ( 'NONE', #1947, #1746, #1474, .T. ) ;
#1215 = DIRECTION ( 'NONE',  ( 1.000000000000000000, 0.000000000000000000, 0.000000000000000000 ) ) ;
#1216 = CARTESIAN_POINT ( 'NONE',  ( 138.0373530962511097, -71.64999999999999147, 0.000000000000000000 ) ) ;
#1217 = CARTESIAN_POINT ( 'NONE',  ( 137.2611022684410216, -57.69406270695253625, 2.999999999999999112 ) ) ;
#1218 = ORIENTED_EDGE ( 'NONE', *, *, #3778, .F. ) ;
#1219 = EDGE_CURVE ( 'NONE', #881, #2867, #1330, .T. ) ;
#1220 = ADVANCED_FACE ( 'NONE', ( #1823 ), #1191, .T. ) ;
#1221 = LINE ( 'NONE', #1288, #2241 ) ;
#1222 = ORIENTED_EDGE ( 'NONE', *, *, #3281, .T. ) ;
#1223 = APPROVAL_STATUS ( 'not_yet_approved' ) ;
#1224 = CARTESIAN_POINT ( 'NONE',  ( 134.9610383482965403, -47.22507394579535855, 4.000000000000000000 ) ) ;
#1225 = PLANE ( 'NONE',  #2261 ) ;
#1226 = EDGE_LOOP ( 'NONE', ( #3343, #3499, #2272, #1509 ) ) ;
#1227 = EDGE_CURVE ( 'NONE', #578, #786, #530, .T. ) ;
#1228 = DIRECTION ( 'NONE',  ( 1.000000000000000000, 0.000000000000000000, 0.000000000000000000 ) ) ;
#1229 = LINE ( 'NONE', #2521, #3040 ) ;
#1230 = ORIENTED_EDGE ( 'NONE', *, *, #3108, .F. ) ;
#1231 = CARTESIAN_POINT ( 'NONE',  ( 126.5404309999999839, -66.04622399999999516, 4.000000000000000000 ) ) ;
#1232 = CARTESIAN_POINT ( 'NONE',  ( 0.000000000000000000, -61.25377599999999489, 4.000000000000000000 ) ) ;
#1233 = EDGE_CURVE ( 'NONE', #2304, #578, #2696, .T. ) ;
#1234 = ORIENTED_EDGE ( 'NONE', *, *, #3838, .T. ) ;
#1235 = CARTESIAN_POINT ( 'NONE',  ( 125.7565599999999648, -65.86731099999998662, 4.000000000000000000 ) ) ;
#1236 = EDGE_LOOP ( 'NONE', ( #3805, #91, #3287, #3846 ) ) ;
#1237 = LINE ( 'NONE', #3477, #70 ) ;
#1238 = ORIENTED_EDGE ( 'NONE', *, *, #1015, .T. ) ;
#1239 = ORIENTED_EDGE ( 'NONE', *, *, #71, .F. ) ;
#1240 = CARTESIAN_POINT ( 'NONE',  ( 135.7611022684410216, -57.77118415377816518, 4.000000000000000000 ) ) ;
#1241 = LINE ( 'NONE', #895, #84 ) ;
#1242 = EDGE_LOOP ( 'NONE', ( #3709, #3161, #1362, #731 ) ) ;
#1243 = VECTOR ( 'NONE', #1663, 1000.000000000000114 ) ;
#1244 = AXIS2_PLACEMENT_3D ( 'NONE', #2214, #995, #4081 ) ;
#1245 = EDGE_CURVE ( 'NONE', #1023, #2160, #4086, .T. ) ;
#1246 = DIRECTION ( 'NONE',  ( 1.000000000000000000, 0.000000000000000000, 0.000000000000000000 ) ) ;
#1247 = DIRECTION ( 'NONE',  ( -0.5320313727382549596, 0.8467246414403257759, 0.000000000000000000 ) ) ;
#1248 = VERTEX_POINT ( 'NONE', #3085 ) ;
#1249 = AXIS2_PLACEMENT_3D ( 'NONE', #2795, #2095, #3386 ) ;
#1250 = AXIS2_PLACEMENT_3D ( 'NONE', #1479, #2998, #835 ) ;
#1251 = CARTESIAN_POINT ( 'NONE',  ( 111.1000000000000085, -74.25000000000000000, 8.000000000000000000 ) ) ;
#1252 = LINE ( 'NONE', #2227, #4017 ) ;
#1253 = AXIS2_PLACEMENT_3D ( 'NONE', #1448, #3069, #2467 ) ;
#1254 = ORIENTED_EDGE ( 'NONE', *, *, #329, .T. ) ;
#1255 = VECTOR ( 'NONE', #3599, 1000.000000000000114 ) ;
#1256 = CIRCLE ( 'NONE', #2, 5.000000000000004441 ) ;
#1257 = EDGE_CURVE ( 'NONE', #366, #300, #3163, .T. ) ;
#1258 = DIRECTION ( 'NONE',  ( 0.000000000000000000, 0.7071067811865474617, -0.7071067811865474617 ) ) ;
#1259 = DIRECTION ( 'NONE',  ( 1.000000000000000000, 1.665334536937733233E-14, 0.000000000000000000 ) ) ;
#1260 = AXIS2_PLACEMENT_3D ( 'NONE', #3282, #2707, #840 ) ;
#1261 = VECTOR ( 'NONE', #1017, 1000.000000000000000 ) ;
#1262 = ORIENTED_EDGE ( 'NONE', *, *, #865, .F. ) ;
#1263 = ADVANCED_FACE ( 'NONE', ( #849 ), #2412, .F. ) ;
#1264 = EDGE_CURVE ( 'NONE', #1885, #202, #495, .T. ) ;
#1265 = VECTOR ( 'NONE', #341, 1000.000000000000000 ) ;
#1266 = CONICAL_SURFACE ( 'NONE', #2971, 1.500000000000001332, 0.7853981633974488341 ) ;
#1267 = DATE_AND_TIME ( #1852, #10 ) ;
#1268 = EDGE_CURVE ( 'NONE', #243, #2984, #831, .T. ) ;
#1269 = CARTESIAN_POINT ( 'NONE',  ( 115.1000000000000085, -70.14999999999999147, 2.500000000000000444 ) ) ;
#1270 = CARTESIAN_POINT ( 'NONE',  ( 142.7999999999999829, -51.29242430504415040, 8.000000000000000000 ) ) ;
#1271 = ORIENTED_EDGE ( 'NONE', *, *, #4064, .F. ) ;
#1272 = ORIENTED_EDGE ( 'NONE', *, *, #2259, .F. ) ;
#1273 = ADVANCED_FACE ( 'NONE', ( #3030 ), #3979, .F. ) ;
#1274 = CARTESIAN_POINT ( 'NONE',  ( 138.0373530962511097, -70.14999999999999147, 2.999999999999992450 ) ) ;
#1275 = EDGE_CURVE ( 'NONE', #3992, #196, #1543, .T. ) ;
#1276 = PLANE ( 'NONE',  #1526 ) ;
#1277 = CARTESIAN_POINT ( 'NONE',  ( 127.8359249999999889, -65.75053599999999676, 0.000000000000000000 ) ) ;
#1278 = ORIENTED_EDGE ( 'NONE', *, *, #3885, .T. ) ;
#1279 = ADVANCED_FACE ( 'NONE', ( #12 ), #963, .F. ) ;
#1280 = EDGE_CURVE ( 'NONE', #3473, #1587, #3413, .T. ) ;
#1281 = CARTESIAN_POINT ( 'NONE',  ( 128.9812019999999961, -62.98559500000000355, 4.000000000000000000 ) ) ;
#1282 = DIRECTION ( 'NONE',  ( 1.000000000000000000, 0.000000000000000000, 0.000000000000000000 ) ) ;
#1283 = ORIENTED_EDGE ( 'NONE', *, *, #361, .T. ) ;
#1284 = FACE_OUTER_BOUND ( 'NONE', #2011, .T. ) ;
#1285 = ORIENTED_EDGE ( 'NONE', *, *, #2625, .T. ) ;
#1286 = CARTESIAN_POINT ( 'NONE',  ( 113.6000000000000085, -57.87500000000000711, 0.000000000000000000 ) ) ;
#1287 = CARTESIAN_POINT ( 'NONE',  ( 104.2584457318915838, 23.79598993099370574, 4.000000000000000000 ) ) ;
#1288 = CARTESIAN_POINT ( 'NONE',  ( 8.457848948883938789, 13.46061432757545084, 0.000000000000000000 ) ) ;
#1289 = ORIENTED_EDGE ( 'NONE', *, *, #1067, .T. ) ;
#1290 = COORDINATED_UNIVERSAL_TIME_OFFSET ( 3, 0, .BEHIND. ) ;
#1291 = DESIGN_CONTEXT ( 'detailed design', #97, 'design' ) ;
#1292 = DIRECTION ( 'NONE',  ( -1.000000000000000000, 0.000000000000000000, 0.000000000000000000 ) ) ;
#1293 = PLANE ( 'NONE',  #2918 ) ;
#1294 = VERTEX_POINT ( 'NONE', #1277 ) ;
#1295 = CARTESIAN_POINT ( 'NONE',  ( 64.17433692475398743, 40.32333405411882410, 0.000000000000000000 ) ) ;
#1296 = FACE_OUTER_BOUND ( 'NONE', #2206, .T. ) ;
#1297 = CARTESIAN_POINT ( 'NONE',  ( 122.8240858155461979, -59.61627930284585375, 0.000000000000000000 ) ) ;
#1298 = ORIENTED_EDGE ( 'NONE', *, *, #1939, .F. ) ;
#1299 = EDGE_CURVE ( 'NONE', #1587, #555, #1229, .T. ) ;
#1300 = PLANE ( 'NONE',  #879 ) ;
#1301 = ORIENTED_EDGE ( 'NONE', *, *, #1219, .F. ) ;
#1302 = LINE ( 'NONE', #3408, #3242 ) ;
#1303 = DIRECTION ( 'NONE',  ( 0.5320313727382712798, 0.8467246414403153398, 0.000000000000000000 ) ) ;
#1304 = EDGE_CURVE ( 'NONE', #2934, #2443, #984, .T. ) ;
#1305 = DIRECTION ( 'NONE',  ( 0.000000000000000000, -0.000000000000000000, -1.000000000000000000 ) ) ;
#1306 = ORIENTED_EDGE ( 'NONE', *, *, #1214, .T. ) ;
#1307 = CARTESIAN_POINT ( 'NONE',  ( 135.7611022684410216, -59.27118415377816518, 2.999999999999999112 ) ) ;
#1308 = DIRECTION ( 'NONE',  ( 0.7071067811865471286, -0.000000000000000000, 0.7071067811865479058 ) ) ;
#1309 = DIRECTION ( 'NONE',  ( 0.2225180901577759052, 0.9749285612559187575, 0.000000000000000000 ) ) ;
#1310 = ORIENTED_EDGE ( 'NONE', *, *, #361, .F. ) ;
#1311 = FACE_OUTER_BOUND ( 'NONE', #2763, .T. ) ;
#1312 = DIRECTION ( 'NONE',  ( 0.000000000000000000, 0.000000000000000000, -1.000000000000000000 ) ) ;
#1313 = DIRECTION ( 'NONE',  ( 0.8467246414402689325, 0.5320313727383452207, -0.000000000000000000 ) ) ;
#1314 = ORIENTED_EDGE ( 'NONE', *, *, #3812, .T. ) ;
#1315 = EDGE_CURVE ( 'NONE', #2338, #1899, #2222, .T. ) ;
#1316 = EDGE_CURVE ( 'NONE', #1938, #3269, #3444, .T. ) ;
#1317 = LINE ( 'NONE', #3801, #2522 ) ;
#1318 = DIRECTION ( 'NONE',  ( 0.000000000000000000, -1.000000000000000000, 0.000000000000000000 ) ) ;
#1319 = DIRECTION ( 'NONE',  ( 0.000000000000000000, 0.7071067811865479058, -0.7071067811865471286 ) ) ;
#1320 = EDGE_LOOP ( 'NONE', ( #1698, #2900, #1445, #3116 ) ) ;
#1321 = AXIS2_PLACEMENT_3D ( 'NONE', #2567, #2477, #3514 ) ;
#1322 = VECTOR ( 'NONE', #1122, 1000.000000000000000 ) ;
#1323 = ADVANCED_FACE ( 'NONE', ( #2498 ), #299, .T. ) ;
#1324 = PLANE ( 'NONE',  #333 ) ;
#1325 = DIRECTION ( 'NONE',  ( 0.000000000000000000, 0.7071067811865471286, 0.7071067811865479058 ) ) ;
#1326 = DIRECTION ( 'NONE',  ( -0.000000000000000000, -0.000000000000000000, 1.000000000000000000 ) ) ;
#1327 = EDGE_LOOP ( 'NONE', ( #2246, #3307, #377, #3311 ) ) ;
#1328 = AXIS2_PLACEMENT_3D ( 'NONE', #2805, #11, #1228 ) ;
#1329 = DIRECTION ( 'NONE',  ( 1.000000000000000000, 0.000000000000000000, 0.000000000000000000 ) ) ;
#1330 = CIRCLE ( 'NONE', #2659, 1.500000000000001332 ) ;
#1331 = EDGE_CURVE ( 'NONE', #2504, #1746, #3142, .T. ) ;
#1332 = ADVANCED_FACE ( 'NONE', ( #628 ), #679, .F. ) ;
#1333 = VECTOR ( 'NONE', #1113, 1000.000000000000114 ) ;
#1334 = AXIS2_PLACEMENT_3D ( 'NONE', #1358, #1373, #3867 ) ;
#1335 = CARTESIAN_POINT ( 'NONE',  ( 128.8923109999999497, -64.56843999999999539, 4.000000000000000000 ) ) ;
#1336 = FACE_OUTER_BOUND ( 'NONE', #1440, .T. ) ;
#1337 = VERTEX_POINT ( 'NONE', #3423 ) ;
#1338 = VECTOR ( 'NONE', #2585, 1000.000000000000000 ) ;
#1339 = VECTOR ( 'NONE', #2933, 1000.000000000000114 ) ;
#1340 = EDGE_CURVE ( 'NONE', #243, #1423, #2245, .T. ) ;
#1341 = DIRECTION ( 'NONE',  ( -0.7818317504569455290, 0.6234894658111140853, 0.000000000000000000 ) ) ;
#1342 = CARTESIAN_POINT ( 'NONE',  ( 122.8240858155462121, -57.87500000000000000, 2.500000000000000444 ) ) ;
#1343 = ORIENTED_EDGE ( 'NONE', *, *, #1660, .T. ) ;
#1344 = PLANE ( 'NONE',  #325 ) ;
#1345 = FACE_OUTER_BOUND ( 'NONE', #3791, .T. ) ;
#1346 = DIRECTION ( 'NONE',  ( 1.000000000000000000, 0.000000000000000000, 0.000000000000000000 ) ) ;
#1347 = ORIENTED_EDGE ( 'NONE', *, *, #3060, .F. ) ;
#1348 = EDGE_CURVE ( 'NONE', #2187, #3842, #647, .T. ) ;
#1349 = DIRECTION ( 'NONE',  ( 0.000000000000000000, -1.000000000000000000, 0.000000000000000000 ) ) ;
#1350 = LINE ( 'NONE', #1383, #399 ) ;
#1351 = ADVANCED_FACE ( 'NONE', ( #3490 ), #2870, .F. ) ;
#1352 = LINE ( 'NONE', #3574, #1847 ) ;
#1353 = VERTEX_POINT ( 'NONE', #1606 ) ;
#1354 = LINE ( 'NONE', #2941, #2917 ) ;
#1355 = EDGE_CURVE ( 'NONE', #3284, #2365, #4071, .T. ) ;
#1356 = ORIENTED_EDGE ( 'NONE', *, *, #4005, .F. ) ;
#1357 = APPLICATION_CONTEXT ( 'configuration controlled 3d designs of mechanical parts and assemblies' ) ;
#1358 = CARTESIAN_POINT ( 'NONE',  ( 111.1000000000000085, -49.87500000000000000, 4.999854444024150801 ) ) ;
#1359 = ORIENTED_EDGE ( 'NONE', *, *, #3730, .F. ) ;
#1360 = CARTESIAN_POINT ( 'NONE',  ( 117.3626469037488960, -70.14999999999999147, 2.500000000000000444 ) ) ;
#1361 = DIRECTION ( 'NONE',  ( -1.000000000000000000, 0.000000000000000000, 0.000000000000000000 ) ) ;
#1362 = ORIENTED_EDGE ( 'NONE', *, *, #3481, .F. ) ;
#1363 = CARTESIAN_POINT ( 'NONE',  ( 124.8854589999999973, -62.05076799999999082, 0.000000000000000000 ) ) ;
#1364 = ORIENTED_EDGE ( 'NONE', *, *, #342, .F. ) ;
#1365 = EDGE_CURVE ( 'NONE', #2583, #1194, #1522, .T. ) ;
#1366 = CARTESIAN_POINT ( 'NONE',  ( -5.225441877292313464, -46.37696715718504947, 4.000000000000000000 ) ) ;
#1367 = DIRECTION ( 'NONE',  ( 0.000000000000000000, -0.000000000000000000, -1.000000000000000000 ) ) ;
#1368 = VERTEX_POINT ( 'NONE', #2565 ) ;
#1369 = CARTESIAN_POINT ( 'NONE',  ( 128.1189240813047832, -57.69406270695254335, 4.000000000000000000 ) ) ;
#1370 = ORIENTED_EDGE ( 'NONE', *, *, #1331, .F. ) ;
#1371 = EDGE_CURVE ( 'NONE', #3283, #3733, #3625, .T. ) ;
#1372 = CARTESIAN_POINT ( 'NONE',  ( 136.5373530962511097, -63.37500000000001421, 2.999999999999992450 ) ) ;
#1373 = DIRECTION ( 'NONE',  ( 0.000000000000000000, 0.000000000000000000, -1.000000000000000000 ) ) ;
#1374 = VERTEX_POINT ( 'NONE', #1211 ) ;
#1375 = VERTEX_POINT ( 'NONE', #584 ) ;
#1376 = ADVANCED_FACE ( 'NONE', ( #1861 ), #925, .F. ) ;
#1377 = ADVANCED_FACE ( 'NONE', ( #3511 ), #2961, .F. ) ;
#1378 = CARTESIAN_POINT ( 'NONE',  ( 129.0410899999999970, -64.05201499999999726, 4.000000000000000000 ) ) ;
#1379 = DIRECTION ( 'NONE',  ( -0.4338848808833347670, 0.9009683180561093296, 0.000000000000000000 ) ) ;
#1380 = ORIENTED_EDGE ( 'NONE', *, *, #847, .F. ) ;
#1381 = EDGE_CURVE ( 'NONE', #3557, #1208, #2905, .T. ) ;
#1382 = CARTESIAN_POINT ( 'NONE',  ( 124.3240858155462121, -57.87500000000000711, 0.000000000000000000 ) ) ;
#1383 = CARTESIAN_POINT ( 'NONE',  ( 140.3000000000000114, -70.14999999999997726, 0.000000000000000000 ) ) ;
#1384 = AXIS2_PLACEMENT_3D ( 'NONE', #681, #2225, #1676 ) ;
#1385 = DIRECTION ( 'NONE',  ( -0.1119647436290424486, -0.9937121797502951326, 0.000000000000000000 ) ) ;
#1386 = ORIENTED_EDGE ( 'NONE', *, *, #3535, .T. ) ;
#1387 = VECTOR ( 'NONE', #3718, 1000.000000000000000 ) ;
#1388 = CIRCLE ( 'NONE', #1064, 1.500000000000001332 ) ;
#1389 = CARTESIAN_POINT ( 'NONE',  ( 124.3687980000000124, -62.98559499999998934, 0.000000000000000000 ) ) ;
#1390 = VECTOR ( 'NONE', #1581, 1000.000000000000000 ) ;
#1391 = ORIENTED_EDGE ( 'NONE', *, *, #2314, .F. ) ;
#1392 = EDGE_CURVE ( 'NONE', #788, #813, #3559, .T. ) ;
#1393 = ADVANCED_FACE ( 'NONE', ( #2274 ), #1197, .F. ) ;
#1394 = EDGE_CURVE ( 'NONE', #441, #1337, #2887, .T. ) ;
#1395 = VECTOR ( 'NONE', #2244, 1000.000000000000000 ) ;
#1396 = AXIS2_PLACEMENT_3D ( 'NONE', #3310, #200, #489 ) ;
#1397 = DIRECTION ( 'NONE',  ( -0.000000000000000000, -0.000000000000000000, -1.000000000000000000 ) ) ;
#1398 = DIRECTION ( 'NONE',  ( 0.3302800846504269083, 0.9438829724511967889, 0.000000000000000000 ) ) ;
#1399 = ORIENTED_EDGE ( 'NONE', *, *, #2215, .F. ) ;
#1400 = VECTOR ( 'NONE', #520, 1000.000000000000000 ) ;
#1401 = EDGE_LOOP ( 'NONE', ( #1598, #1043, #2298, #1764 ) ) ;
#1402 = VECTOR ( 'NONE', #685, 1000.000000000000000 ) ;
#1403 = EDGE_CURVE ( 'NONE', #3006, #3505, #384, .T. ) ;
#1404 = PRODUCT_DEFINITION_FORMATION_WITH_SPECIFIED_SOURCE ( 'ANY', '', #2598, .NOT_KNOWN. ) ;
#1405 = CARTESIAN_POINT ( 'NONE',  ( 137.2611022684410216, -57.77118415377815808, 0.000000000000000000 ) ) ;
#1406 = LINE ( 'NONE', #3517, #533 ) ;
#1407 = ORIENTED_EDGE ( 'NONE', *, *, #645, .F. ) ;
#1408 = FACE_OUTER_BOUND ( 'NONE', #3611, .T. ) ;
#1409 = EDGE_CURVE ( 'NONE', #3745, #1636, #1644, .T. ) ;
#1410 = ADVANCED_FACE ( 'NONE', ( #428 ), #3849, .F. ) ;
#1411 = DIRECTION ( 'NONE',  ( -0.000000000000000000, -0.000000000000000000, -1.000000000000000000 ) ) ;
#1412 = DIRECTION ( 'NONE',  ( 1.000000000000000000, 0.000000000000000000, 0.000000000000000000 ) ) ;
#1413 = DIRECTION ( 'NONE',  ( 0.000000000000000000, -1.000000000000000000, 0.000000000000000000 ) ) ;
#1414 = LINE ( 'NONE', #2683, #740 ) ;
#1415 = DIRECTION ( 'NONE',  ( 0.000000000000000000, -1.000000000000000000, 0.000000000000000000 ) ) ;
#1416 = ORIENTED_EDGE ( 'NONE', *, *, #699, .T. ) ;
#1417 = CARTESIAN_POINT ( 'NONE',  ( 129.0712239999999724, -63.78456899999999763, 0.000000000000000000 ) ) ;
#1418 = ORIENTED_EDGE ( 'NONE', *, *, #2719, .F. ) ;
#1419 = CARTESIAN_POINT ( 'NONE',  ( 115.1000000000000227, -56.37500000000000000, 2.500000000000000444 ) ) ;
#1420 = CARTESIAN_POINT ( 'NONE',  ( 115.8626469037488818, -71.64999999999999147, 0.000000000000000000 ) ) ;
#1421 = CARTESIAN_POINT ( 'NONE',  ( 65.80447148211611363, -104.7274096527275447, 4.000000000000000000 ) ) ;
#1422 = ORIENTED_EDGE ( 'NONE', *, *, #2161, .F. ) ;
#1423 = VERTEX_POINT ( 'NONE', #2021 ) ;
#1424 = DIRECTION ( 'NONE',  ( 0.000000000000000000, -0.000000000000000000, 1.000000000000000000 ) ) ;
#1425 = LINE ( 'NONE', #3853, #2914 ) ;
#1426 = ORIENTED_EDGE ( 'NONE', *, *, #1463, .T. ) ;
#1427 = DIRECTION ( 'NONE',  ( 0.000000000000000000, -0.000000000000000000, -1.000000000000000000 ) ) ;
#1428 = VERTEX_POINT ( 'NONE', #100 ) ;
#1429 = LINE ( 'NONE', #3903, #1145 ) ;
#1430 = EDGE_CURVE ( 'NONE', #2984, #3520, #732, .T. ) ;
#1431 = DIRECTION ( 'NONE',  ( 0.8467246414403256649, 0.5320313727382548485, 0.000000000000000000 ) ) ;
#1432 = CARTESIAN_POINT ( 'NONE',  ( 124.3687980000000124, -62.98559499999998934, 4.000000000000000000 ) ) ;
#1433 = DIRECTION ( 'NONE',  ( -0.000000000000000000, -0.000000000000000000, 1.000000000000000000 ) ) ;
#1434 = LINE ( 'NONE', #2097, #2393 ) ;
#1435 = EDGE_LOOP ( 'NONE', ( #1537, #360, #4026, #3868 ) ) ;
#1436 = ADVANCED_FACE ( 'NONE', ( #695 ), #1960, .F. ) ;
#1437 = EDGE_CURVE ( 'NONE', #2059, #2599, #713, .T. ) ;
#1438 = DIRECTION ( 'NONE',  ( 1.000000000000000000, 0.000000000000000000, 0.000000000000000000 ) ) ;
#1439 = ORIENTED_EDGE ( 'NONE', *, *, #3806, .F. ) ;
#1440 = EDGE_LOOP ( 'NONE', ( #2046, #4050, #2531, #3425, #575, #3463 ) ) ;
#1441 = CARTESIAN_POINT ( 'NONE',  ( 0.000000000000000000, 0.000000000000000000, 0.000000000000000000 ) ) ;
#1442 = LINE ( 'NONE', #2101, #2126 ) ;
#1443 = DIRECTION ( 'NONE',  ( -0.6234894658110888832, 0.7818317504569656240, 0.000000000000000000 ) ) ;
#1444 = ORIENTED_EDGE ( 'NONE', *, *, #3713, .T. ) ;
#1445 = ORIENTED_EDGE ( 'NONE', *, *, #3083, .F. ) ;
#1446 = EDGE_CURVE ( 'NONE', #2566, #2443, #119, .T. ) ;
#1447 = CARTESIAN_POINT ( 'NONE',  ( 137.2611022684410216, -57.77118415377815808, 2.999999999999999112 ) ) ;
#1448 = CARTESIAN_POINT ( 'NONE',  ( 124.3240858155462121, -57.87500000000000711, 2.500000000000000444 ) ) ;
#1449 = CARTESIAN_POINT ( 'NONE',  ( 140.3000000000000114, -63.37500000000001421, 2.999999999999992450 ) ) ;
#1450 = ORIENTED_EDGE ( 'NONE', *, *, #1437, .F. ) ;
#1451 = DIRECTION ( 'NONE',  ( -0.000000000000000000, -0.000000000000000000, 1.000000000000000000 ) ) ;
#1452 = DIRECTION ( 'NONE',  ( 1.000000000000000000, 0.000000000000000000, 0.000000000000000000 ) ) ;
#1453 = LINE ( 'NONE', #2474, #3551 ) ;
#1454 = DIRECTION ( 'NONE',  ( -0.000000000000000000, -0.000000000000000000, -1.000000000000000000 ) ) ;
#1455 = CLOSED_SHELL ( 'NONE', ( #3106, #2398, #31, #698, #1484, #2318, #2656, #1200, #535, #3063, #65, #1410, #3319, #2798, #3719, #131, #3689, #510, #1831, #1377, #3769, #1988, #1728, #2814, #1638, #2519, #1273, #3653, #3448, #2680, #3027, #185, #2980, #1650, #2305, #3988, #3064, #546, #807, #993, #2562, #2710, #3726, #330, #3265, #435, #2075, #1734, #2390, #1213, #2118, #3907, #373, #1279, #1351, #3528, #1687, #1704, #2600, #2166, #1702, #41, #2770, #1691, #1813, #3998, #2746, #2888, #3997, #2195, #801, #1436, #1889, #2286, #1157, #821, #758, #3865, #794, #2919, #973, #776, #1850, #1263, #285, #2787, #3742, #3253, #751, #1151, #1682, #1050, #106, #380, #1332, #53, #946, #113, #2555, #3033, #1376, #1220, #54, #727, #302, #1570, #2204, #2627, #1496, #3663, #671, #2579, #2366, #519, #3993, #3334, #2444, #1393, #3964, #1323, #3259, #743, #3594, #772, #2929, #1574, #1108, #2379 ) ) ;
#1456 = LINE ( 'NONE', #2277, #1458 ) ;
#1457 = EDGE_CURVE ( 'NONE', #1636, #3375, #408, .T. ) ;
#1458 = VECTOR ( 'NONE', #3783, 1000.000000000000000 ) ;
#1459 = DIRECTION ( 'NONE',  ( 1.000000000000000000, 0.000000000000000000, 0.000000000000000000 ) ) ;
#1460 = EDGE_LOOP ( 'NONE', ( #2358, #1857, #1183, #3070 ) ) ;
#1461 = EDGE_CURVE ( 'NONE', #402, #1294, #1047, .T. ) ;
#1462 = CONICAL_SURFACE ( 'NONE', #3887, 1.500000000000001332, 0.7853981633974488341 ) ;
#1463 = EDGE_CURVE ( 'NONE', #981, #2583, #3553, .T. ) ;
#1464 = AXIS2_PLACEMENT_3D ( 'NONE', #2208, #4039, #1215 ) ;
#1465 = VECTOR ( 'NONE', #471, 1000.000000000000000 ) ;
#1466 = CARTESIAN_POINT ( 'NONE',  ( 128.2742320000000120, -65.43954099999999130, 0.000000000000000000 ) ) ;
#1467 = DIRECTION ( 'NONE',  ( 1.000000000000000000, 0.000000000000000000, 0.000000000000000000 ) ) ;
#1468 = VERTEX_POINT ( 'NONE', #3580 ) ;
#1469 = ORIENTED_EDGE ( 'NONE', *, *, #2069, .F. ) ;
#1470 = VECTOR ( 'NONE', #298, 1000.000000000000000 ) ;
#1471 = VECTOR ( 'NONE', #4049, 1000.000000000000000 ) ;
#1472 = CONICAL_SURFACE ( 'NONE', #3630, 1.500000000000001332, 0.7853981633974482790 ) ;
#1473 = CARTESIAN_POINT ( 'NONE',  ( 0.000000000000000000, -66.04622399999999516, 4.000000000000000000 ) ) ;
#1474 = LINE ( 'NONE', #2768, #1138 ) ;
#1475 = VECTOR ( 'NONE', #250, 1000.000000000000114 ) ;
#1476 = ORIENTED_EDGE ( 'NONE', *, *, #1900, .T. ) ;
#1477 = VECTOR ( 'NONE', #1397, 1000.000000000000000 ) ;
#1478 = VECTOR ( 'NONE', #1431, 1000.000000000000114 ) ;
#1479 = CARTESIAN_POINT ( 'NONE',  ( 65.80447148211611363, -104.7274096527275447, 4.000000000000000000 ) ) ;
#1480 = CARTESIAN_POINT ( 'NONE',  ( 48.27784224120084389, 38.50026051242042513, 0.000000000000000000 ) ) ;
#1481 = EDGE_CURVE ( 'NONE', #1428, #926, #755, .T. ) ;
#1482 = DIRECTION ( 'NONE',  ( -0.4338848808832929671, -0.9009683180561294247, 0.000000000000000000 ) ) ;
#1483 = EDGE_CURVE ( 'NONE', #1784, #3139, #136, .T. ) ;
#1484 = ADVANCED_FACE ( 'NONE', ( #227 ), #3948, .F. ) ;
#1485 = EDGE_LOOP ( 'NONE', ( #1212, #4045, #1498, #1370 ) ) ;
#1486 = LINE ( 'NONE', #827, #2731 ) ;
#1487 = ORIENTED_EDGE ( 'NONE', *, *, #1392, .T. ) ;
#1488 = ORIENTED_EDGE ( 'NONE', *, *, #3756, .T. ) ;
#1489 = EDGE_CURVE ( 'NONE', #1670, #2108, #2738, .T. ) ;
#1490 = DIRECTION ( 'NONE',  ( 0.4338848808833347670, 0.9009683180561093296, 0.000000000000000000 ) ) ;
#1491 = VERTEX_POINT ( 'NONE', #3614 ) ;
#1492 = CARTESIAN_POINT ( 'NONE',  ( 124.3240858155462121, -58.11627930284585375, 0.000000000000000000 ) ) ;
#1493 = CARTESIAN_POINT ( 'NONE',  ( 140.3000000000000114, -63.37500000000001421, 0.000000000000000000 ) ) ;
#1494 = LINE ( 'NONE', #3089, #1742 ) ;
#1495 = DIRECTION ( 'NONE',  ( -1.000000000000000000, 0.000000000000000000, -0.000000000000000000 ) ) ;
#1496 = ADVANCED_FACE ( 'NONE', ( #550 ), #2665, .F. ) ;
#1497 = DIRECTION ( 'NONE',  ( -0.5320313727383334523, -0.8467246414402762600, 0.000000000000000000 ) ) ;
#1498 = ORIENTED_EDGE ( 'NONE', *, *, #921, .T. ) ;
#1499 = EDGE_CURVE ( 'NONE', #2068, #1705, #2406, .T. ) ;
#1500 = LINE ( 'NONE', #2493, #274 ) ;
#1501 = CARTESIAN_POINT ( 'NONE',  ( 81.76462257551766299, -102.5296841391115237, 4.000000000000000000 ) ) ;
#1502 = ORIENTED_EDGE ( 'NONE', *, *, #1765, .F. ) ;
#1503 = DIRECTION ( 'NONE',  ( 0.7818317504569455290, -0.6234894658111140853, 0.000000000000000000 ) ) ;
#1504 = LINE ( 'NONE', #2385, #1066 ) ;
#1505 = ORIENTED_EDGE ( 'NONE', *, *, #488, .T. ) ;
#1506 = LINE ( 'NONE', #789, #2909 ) ;
#1507 = PLANE ( 'NONE',  #2903 ) ;
#1508 = FACE_OUTER_BOUND ( 'NONE', #3390, .T. ) ;
#1509 = ORIENTED_EDGE ( 'NONE', *, *, #2512, .F. ) ;
#1510 = CARTESIAN_POINT ( 'NONE',  ( 138.8000000000000114, -71.64999999999999147, 2.999999999999992450 ) ) ;
#1511 = EDGE_LOOP ( 'NONE', ( #3716, #3143, #3225, #2754 ) ) ;
#1512 = ORIENTED_EDGE ( 'NONE', *, *, #2924, .T. ) ;
#1513 = AXIS2_PLACEMENT_3D ( 'NONE', #2817, #975, #1305 ) ;
#1514 =( LENGTH_UNIT ( ) NAMED_UNIT ( * ) SI_UNIT ( .MILLI., .METRE. ) );
#1515 = DIRECTION ( 'NONE',  ( 1.000000000000000000, 0.000000000000000000, 0.000000000000000000 ) ) ;
#1516 = DIRECTION ( 'NONE',  ( -0.000000000000000000, -0.000000000000000000, 1.000000000000000000 ) ) ;
#1517 = AXIS2_PLACEMENT_3D ( 'NONE', #1626, #697, #2890 ) ;
#1518 = EDGE_CURVE ( 'NONE', #1947, #1938, #1002, .T. ) ;
#1519 = ORIENTED_EDGE ( 'NONE', *, *, #3376, .F. ) ;
#1520 = AXIS2_PLACEMENT_3D ( 'NONE', #748, #3605, #2348 ) ;
#1521 = CARTESIAN_POINT ( 'NONE',  ( 129.0712239999999724, -63.78456899999999763, 4.000000000000000000 ) ) ;
#1522 = LINE ( 'NONE', #1295, #269 ) ;
#1523 = VECTOR ( 'NONE', #1210, 1000.000000000000000 ) ;
#1524 = EDGE_LOOP ( 'NONE', ( #1656, #1841, #1905, #3120 ) ) ;
#1525 = VECTOR ( 'NONE', #187, 1000.000000000000000 ) ;
#1526 = AXIS2_PLACEMENT_3D ( 'NONE', #943, #3780, #3422 ) ;
#1527 = VECTOR ( 'NONE', #2357, 999.9999999999998863 ) ;
#1528 = FACE_OUTER_BOUND ( 'NONE', #2576, .T. ) ;
#1529 = DIRECTION ( 'NONE',  ( -0.000000000000000000, -0.000000000000000000, -1.000000000000000000 ) ) ;
#1530 = EDGE_CURVE ( 'NONE', #2766, #1636, #2424, .T. ) ;
#1531 = DIRECTION ( 'NONE',  ( 0.000000000000000000, 0.000000000000000000, 1.000000000000000000 ) ) ;
#1532 = ORIENTED_EDGE ( 'NONE', *, *, #958, .F. ) ;
#1533 = CIRCLE ( 'NONE', #413, 5.000000000000004441 ) ;
#1534 = AXIS2_PLACEMENT_3D ( 'NONE', #1143, #496, #1763 ) ;
#1535 = EDGE_CURVE ( 'NONE', #1353, #3929, #802, .T. ) ;
#1536 = ORIENTED_EDGE ( 'NONE', *, *, #3862, .T. ) ;
#1537 = ORIENTED_EDGE ( 'NONE', *, *, #3467, .T. ) ;
#1538 = APPROVAL_STATUS ( 'not_yet_approved' ) ;
#1539 = PLANE ( 'NONE',  #2850 ) ;
#1540 = VERTEX_POINT ( 'NONE', #2065 ) ;
#1541 = CARTESIAN_POINT ( 'NONE',  ( 138.8000000000000114, -61.87500000000000000, 2.999999999999992450 ) ) ;
#1542 = LINE ( 'NONE', #3103, #537 ) ;
#1543 = LINE ( 'NONE', #2806, #1993 ) ;
#1544 = ORIENTED_EDGE ( 'NONE', *, *, #3921, .F. ) ;
#1545 = EDGE_CURVE ( 'NONE', #3773, #721, #1738, .T. ) ;
#1546 = DIRECTION ( 'NONE',  ( 0.1119647436290309855, -0.9937121797502964649, 0.000000000000000000 ) ) ;
#1547 = CARTESIAN_POINT ( 'NONE',  ( 129.0410900000000254, -63.24798500000002122, 4.000000000000000000 ) ) ;
#1548 = VERTEX_POINT ( 'NONE', #860 ) ;
#1549 = CARTESIAN_POINT ( 'NONE',  ( 129.1189240813047832, -57.69406270695253625, 0.000000000000000000 ) ) ;
#1550 = ORIENTED_EDGE ( 'NONE', *, *, #893, .T. ) ;
#1551 = ORIENTED_EDGE ( 'NONE', *, *, #2489, .F. ) ;
#1552 = CARTESIAN_POINT ( 'NONE',  ( 130.6189240813047832, -56.19406270695252914, 0.000000000000000000 ) ) ;
#1553 = CARTESIAN_POINT ( 'NONE',  ( 145.7999999999999829, -72.25000000000000000, 0.000000000000000000 ) ) ;
#1554 = DIRECTION ( 'NONE',  ( 0.000000000000000000, 1.000000000000000000, 0.000000000000000000 ) ) ;
#1555 = ORIENTED_EDGE ( 'NONE', *, *, #1158, .T. ) ;
#1556 = CARTESIAN_POINT ( 'NONE',  ( 124.5744639999999919, -64.81092500000001166, 0.000000000000000000 ) ) ;
#1557 = CALENDAR_DATE ( 2026, 19, 8 ) ;
#1558 = CARTESIAN_POINT ( 'NONE',  ( 118.8626469037488960, -70.14999999999999147, 4.000000000000000000 ) ) ;
#1559 = DIRECTION ( 'NONE',  ( 0.000000000000000000, -0.000000000000000000, -1.000000000000000000 ) ) ;
#1560 = ORIENTED_EDGE ( 'NONE', *, *, #2340, .F. ) ;
#1561 = LINE ( 'NONE', #583, #1 ) ;
#1562 = CARTESIAN_POINT ( 'NONE',  ( 115.8626469037488960, -70.14999999999999147, 0.000000000000000000 ) ) ;
#1563 = ORIENTED_EDGE ( 'NONE', *, *, #3379, .T. ) ;
#1564 = EDGE_CURVE ( 'NONE', #788, #3582, #3975, .T. ) ;
#1565 = CARTESIAN_POINT ( 'NONE',  ( 145.7999999999999829, -55.87500000000000000, 8.000000000000000000 ) ) ;
#1566 = CARTESIAN_POINT ( 'NONE',  ( 127.3394049999999851, -61.34379799999999960, 0.000000000000000000 ) ) ;
#1567 = ORIENTED_EDGE ( 'NONE', *, *, #3446, .T. ) ;
#1568 = CARTESIAN_POINT ( 'NONE',  ( 138.8000000000000114, -72.64999999999999147, 4.000000000000000000 ) ) ;
#1569 = ORIENTED_EDGE ( 'NONE', *, *, #1499, .F. ) ;
#1570 = ADVANCED_FACE ( 'NONE', ( #3363 ), #3007, .T. ) ;
#1571 = DIRECTION ( 'NONE',  ( 1.000000000000000000, 0.000000000000000000, 0.000000000000000000 ) ) ;
#1572 = FACE_OUTER_BOUND ( 'NONE', #4019, .T. ) ;
#1573 = EDGE_LOOP ( 'NONE', ( #562, #2893, #648, #625, #2769, #2402 ) ) ;
#1574 = ADVANCED_FACE ( 'NONE', ( #181 ), #272, .F. ) ;
#1575 = CARTESIAN_POINT ( 'NONE',  ( 128.6323459999999841, -65.03881099999999549, 4.000000000000000000 ) ) ;
#1576 = DIRECTION ( 'NONE',  ( -0.2225180901577871739, 0.9749285612559163150, 0.000000000000000000 ) ) ;
#1577 = ORIENTED_EDGE ( 'NONE', *, *, #3641, .T. ) ;
#1578 = ORIENTED_EDGE ( 'NONE', *, *, #839, .T. ) ;
#1579 = VECTOR ( 'NONE', #3198, 1000.000000000000000 ) ;
#1580 = LINE ( 'NONE', #2789, #1523 ) ;
#1582 = ORIENTED_EDGE ( 'NONE', *, *, #1158, .F. ) ;
#1581 = DIRECTION ( 'NONE',  ( 0.9749285612559163150, 0.2225180901577871739, 0.000000000000000000 ) ) ;
#1583 = ORIENTED_EDGE ( 'NONE', *, *, #3010, .F. ) ;
#1584 = VECTOR ( 'NONE', #2747, 1000.000000000000000 ) ;
#1585 = CARTESIAN_POINT ( 'NONE',  ( 135.7611022684410216, -59.27118415377816518, 2.999999999999999112 ) ) ;
#1586 = VECTOR ( 'NONE', #2651, 1000.000000000000000 ) ;
#1587 = VERTEX_POINT ( 'NONE', #2102 ) ;
#1588 = LINE ( 'NONE', #3692, #3303 ) ;
#1589 = CARTESIAN_POINT ( 'NONE',  ( 115.1000000000000227, -71.64999999999999147, 2.500000000000000444 ) ) ;
#1590 = ORIENTED_EDGE ( 'NONE', *, *, #3564, .T. ) ;
#1591 = VECTOR ( 'NONE', #1490, 999.9999999999998863 ) ;
#1592 = AXIS2_PLACEMENT_3D ( 'NONE', #1186, #844, #3638 ) ;
#1593 = EDGE_CURVE ( 'NONE', #2037, #1871, #3066, .T. ) ;
#1594 = LINE ( 'NONE', #1286, #2458 ) ;
#1595 = CARTESIAN_POINT ( 'NONE',  ( 142.7999999999999829, -74.25000000000000000, -46.01011437716709196 ) ) ;
#1596 = CIRCLE ( 'NONE', #1260, 1.500000000000001332 ) ;
#1597 = AXIS2_PLACEMENT_3D ( 'NONE', #3919, #90, #3937 ) ;
#1598 = ORIENTED_EDGE ( 'NONE', *, *, #2563, .T. ) ;
#1599 = ORIENTED_EDGE ( 'NONE', *, *, #2591, .F. ) ;
#1600 = PLANE ( 'NONE',  #586 ) ;
#1601 = EDGE_CURVE ( 'NONE', #828, #1468, #3047, .T. ) ;
#1602 = PERSON_AND_ORGANIZATION ( #120, #278 ) ;
#1603 = FACE_OUTER_BOUND ( 'NONE', #775, .T. ) ;
#1604 = EDGE_LOOP ( 'NONE', ( #3168, #3352, #320, #284 ) ) ;
#1605 = CARTESIAN_POINT ( 'NONE',  ( 145.7999999999999829, -55.87499999999999289, -46.01011437716709196 ) ) ;
#1606 = CARTESIAN_POINT ( 'NONE',  ( 125.5140750000000054, -61.54946399999999329, 4.000000000000000000 ) ) ;
#1607 = EDGE_LOOP ( 'NONE', ( #3950, #2346, #2963, #3148 ) ) ;
#1608 = DIRECTION ( 'NONE',  ( 0.8467246414403256649, -0.5320313727382548485, 0.000000000000000000 ) ) ;
#1609 = FACE_OUTER_BOUND ( 'NONE', #4031, .T. ) ;
#1610 = LINE ( 'NONE', #38, #2526 ) ;
#1611 = ORIENTED_EDGE ( 'NONE', *, *, #2694, .T. ) ;
#1612 = LINE ( 'NONE', #1552, #3687 ) ;
#1613 = CARTESIAN_POINT ( 'NONE',  ( 138.8000000000000114, -60.87500000000000000, 4.000000000000000000 ) ) ;
#1614 = DIRECTION ( 'NONE',  ( -0.000000000000000000, -0.000000000000000000, -1.000000000000000000 ) ) ;
#1615 = ORIENTED_EDGE ( 'NONE', *, *, #1660, .F. ) ;
#1616 = CARTESIAN_POINT ( 'NONE',  ( 122.8240858155461979, -59.61627930284585375, 2.500000000000000444 ) ) ;
#1617 = EDGE_CURVE ( 'NONE', #1932, #239, #1486, .T. ) ;
#1618 = DIRECTION ( 'NONE',  ( 0.6234894658110763377, 0.7818317504569756160, 0.000000000000000000 ) ) ;
#1619 = DIRECTION ( 'NONE',  ( -0.9438829724512129982, 0.3302800846503809451, 0.000000000000000000 ) ) ;
#1620 = ORIENTED_EDGE ( 'NONE', *, *, #3836, .F. ) ;
#1621 = EDGE_CURVE ( 'NONE', #2818, #402, #2122, .T. ) ;
#1622 = FACE_OUTER_BOUND ( 'NONE', #2421, .T. ) ;
#1624 = VERTEX_POINT ( 'NONE', #3990 ) ;
#1623 = DIRECTION ( 'NONE',  ( 1.000000000000000000, 0.000000000000000000, 0.000000000000000000 ) ) ;
#1625 = ORIENTED_EDGE ( 'NONE', *, *, #4038, .F. ) ;
#1626 = CARTESIAN_POINT ( 'NONE',  ( 118.8626469037488960, -61.11627930284585375, 0.000000000000000000 ) ) ;
#1627 = ORIENTED_EDGE ( 'NONE', *, *, #3636, .F. ) ;
#1628 = DIRECTION ( 'NONE',  ( -0.3302800846504269083, 0.9438829724511967889, 0.000000000000000000 ) ) ;
#1629 = CARTESIAN_POINT ( 'NONE',  ( 124.8854589999999973, -62.05076799999999082, 4.000000000000000000 ) ) ;
#1630 = CARTESIAN_POINT ( 'NONE',  ( 125.0757680000000107, -61.86045900000001296, 4.000000000000000000 ) ) ;
#1631 = EDGE_LOOP ( 'NONE', ( #491, #2678, #2359, #2164 ) ) ;
#1632 = EDGE_CURVE ( 'NONE', #2148, #644, #2691, .T. ) ;
#1633 = CARTESIAN_POINT ( 'NONE',  ( 126.0105949999999808, -65.95620199999999045, 0.000000000000000000 ) ) ;
#1634 = DIRECTION ( 'NONE',  ( 0.000000000000000000, 0.7071067811865479058, 0.7071067811865471286 ) ) ;
#1635 = FACE_OUTER_BOUND ( 'NONE', #2932, .T. ) ;
#1636 = VERTEX_POINT ( 'NONE', #1777 ) ;
#1637 = DIRECTION ( 'NONE',  ( -0.000000000000000000, -0.000000000000000000, 1.000000000000000000 ) ) ;
#1638 = ADVANCED_FACE ( 'NONE', ( #3671 ), #242, .F. ) ;
#1639 = LINE ( 'NONE', #49, #2601 ) ;
#1640 = CARTESIAN_POINT ( 'NONE',  ( 136.5471062497377659, -31.16556690073899816, 4.000000000000000000 ) ) ;
#1641 = ORIENTED_EDGE ( 'NONE', *, *, #3806, .T. ) ;
#1642 = CARTESIAN_POINT ( 'NONE',  ( 138.8000000000000114, -70.14999999999999147, 2.999999999999992450 ) ) ;
#1643 = LINE ( 'NONE', #1372, #76 ) ;
#1645 = VERTEX_POINT ( 'NONE', #2540 ) ;
#1644 = LINE ( 'NONE', #80, #2524 ) ;
#1646 = EDGE_CURVE ( 'NONE', #2867, #1540, #2218, .T. ) ;
#1647 = ORIENTED_EDGE ( 'NONE', *, *, #1457, .F. ) ;
#1648 = DIRECTION ( 'NONE',  ( 0.000000000000000000, 0.000000000000000000, -1.000000000000000000 ) ) ;
#1649 = AXIS2_PLACEMENT_3D ( 'NONE', #2248, #3145, #1648 ) ;
#1650 = ADVANCED_FACE ( 'NONE', ( #1880 ), #1539, .F. ) ;
#1651 = CC_DESIGN_PERSON_AND_ORGANIZATION_ASSIGNMENT ( #1909, #957, ( #1077 ) ) ;
#1652 = DIRECTION ( 'NONE',  ( 0.000000000000000000, -0.000000000000000000, -1.000000000000000000 ) ) ;
#1653 = CARTESIAN_POINT ( 'NONE',  ( 118.8626469037489102, -59.61627930284585375, 0.000000000000000000 ) ) ;
#1654 = ORIENTED_EDGE ( 'NONE', *, *, #1394, .T. ) ;
#1655 = CARTESIAN_POINT ( 'NONE',  ( 134.5498914106745190, -15.16016851165353074, 4.000000000000000000 ) ) ;
#1656 = ORIENTED_EDGE ( 'NONE', *, *, #39, .T. ) ;
#1657 = VECTOR ( 'NONE', #2704, 1000.000000000000000 ) ;
#1658 = VECTOR ( 'NONE', #2432, 1000.000000000000000 ) ;
#1659 = AXIS2_PLACEMENT_3D ( 'NONE', #1653, #1098, #1034 ) ;
#1660 = EDGE_CURVE ( 'NONE', #2830, #1375, #3233, .T. ) ;
#1661 = FACE_OUTER_BOUND ( 'NONE', #2509, .T. ) ;
#1662 = LINE ( 'NONE', #395, #1322 ) ;
#1663 = DIRECTION ( 'NONE',  ( -0.9438829724511967889, -0.3302800846504269083, 0.000000000000000000 ) ) ;
#1664 = ORIENTED_EDGE ( 'NONE', *, *, #4011, .T. ) ;
#1665 = AXIS2_PLACEMENT_3D ( 'NONE', #3714, #885, #2176 ) ;
#1666 = EDGE_CURVE ( 'NONE', #770, #3006, #4025, .T. ) ;
#1667 = VECTOR ( 'NONE', #959, 1000.000000000000000 ) ;
#1668 = AXIS2_PLACEMENT_3D ( 'NONE', #1501, #2765, #1836 ) ;
#1669 = DIRECTION ( 'NONE',  ( -0.000000000000000000, -0.000000000000000000, 1.000000000000000000 ) ) ;
#1670 = VERTEX_POINT ( 'NONE', #3462 ) ;
#1671 =( GEOMETRIC_REPRESENTATION_CONTEXT ( 3 ) GLOBAL_UNCERTAINTY_ASSIGNED_CONTEXT ( ( #175 ) ) GLOBAL_UNIT_ASSIGNED_CONTEXT ( ( #1514, #1775, #3710 ) ) REPRESENTATION_CONTEXT ( 'NONE', 'WORKASPACE' ) );
#1672 = VECTOR ( 'NONE', #3648, 1000.000000000000000 ) ;
#1673 = DIRECTION ( 'NONE',  ( 1.000000000000000000, 0.000000000000000000, 0.000000000000000000 ) ) ;
#1674 = DIRECTION ( 'NONE',  ( -0.1119647436289348819, -0.9937121797503073450, 0.000000000000000000 ) ) ;
#1675 = EDGE_LOOP ( 'NONE', ( #2523, #1178, #331, #1590 ) ) ;
#1676 = DIRECTION ( 'NONE',  ( 1.000000000000000000, 0.000000000000000000, 0.000000000000000000 ) ) ;
#1677 = LINE ( 'NONE', #2342, #594 ) ;
#1678 = CARTESIAN_POINT ( 'NONE',  ( 129.7875391316899254, -14.62343048508909860, 4.000000000000000000 ) ) ;
#1679 = ORIENTED_EDGE ( 'NONE', *, *, #649, .T. ) ;
#1680 = CARTESIAN_POINT ( 'NONE',  ( 8.938048981281314198, -79.32718682705959168, 0.000000000000000000 ) ) ;
#1681 = ORIENTED_EDGE ( 'NONE', *, *, #2231, .T. ) ;
#1682 = ADVANCED_FACE ( 'NONE', ( #2169 ), #3079, .F. ) ;
#1683 = DIRECTION ( 'NONE',  ( 0.000000000000000000, -0.000000000000000000, -1.000000000000000000 ) ) ;
#1684 = CARTESIAN_POINT ( 'NONE',  ( 137.2611022684410216, -57.69406270695253625, 2.999999999999999112 ) ) ;
#1685 = ORIENTED_EDGE ( 'NONE', *, *, #117, .F. ) ;
#1686 = EDGE_CURVE ( 'NONE', #1705, #2635, #1241, .T. ) ;
#1687 = ADVANCED_FACE ( 'NONE', ( #3795 ), #3727, .F. ) ;
#1688 = CARTESIAN_POINT ( 'NONE',  ( 122.8240858155461979, -54.87500000000000000, 4.000000000000000000 ) ) ;
#1689 = VERTEX_POINT ( 'NONE', #3711 ) ;
#1690 = EDGE_CURVE ( 'NONE', #63, #370, #314, .T. ) ;
#1691 = ADVANCED_FACE ( 'NONE', ( #2840 ), #1225, .T. ) ;
#1692 = CARTESIAN_POINT ( 'NONE',  ( 95.27580462264187133, 33.33856180728032115, 4.000000000000000000 ) ) ;
#1693 = FACE_OUTER_BOUND ( 'NONE', #1675, .T. ) ;
#1694 = CARTESIAN_POINT ( 'NONE',  ( 115.8626469037488960, -70.14999999999999147, 4.000000000000000000 ) ) ;
#1695 = ORIENTED_EDGE ( 'NONE', *, *, #3015, .T. ) ;
#1696 = CARTESIAN_POINT ( 'NONE',  ( 96.85688650000466282, -96.85688649999761424, 4.000000000000000000 ) ) ;
#1697 = LINE ( 'NONE', #145, #3747 ) ;
#1698 = ORIENTED_EDGE ( 'NONE', *, *, #1021, .T. ) ;
#1699 = LINE ( 'NONE', #3585, #3171 ) ;
#1700 = ORIENTED_EDGE ( 'NONE', *, *, #3094, .T. ) ;
#1701 = CARTESIAN_POINT ( 'NONE',  ( 122.8240858155462121, -57.87500000000000000, 0.000000000000000000 ) ) ;
#1702 = ADVANCED_FACE ( 'NONE', ( #2479 ), #3378, .T. ) ;
#1703 = DIRECTION ( 'NONE',  ( -1.000000000000000000, 0.000000000000000000, -0.000000000000000000 ) ) ;
#1704 = ADVANCED_FACE ( 'NONE', ( #28 ), #3100, .F. ) ;
#1705 = VERTEX_POINT ( 'NONE', #1270 ) ;
#1706 = CC_DESIGN_DATE_AND_TIME_ASSIGNMENT ( #622, #604, ( #4012 ) ) ;
#1707 = DIRECTION ( 'NONE',  ( 0.000000000000000000, -0.000000000000000000, -1.000000000000000000 ) ) ;
#1708 = ORIENTED_EDGE ( 'NONE', *, *, #764, .F. ) ;
#1709 = DIRECTION ( 'NONE',  ( -0.000000000000000000, -0.000000000000000000, 1.000000000000000000 ) ) ;
#1710 = EDGE_CURVE ( 'NONE', #2799, #3837, #2602, .T. ) ;
#1711 = DIRECTION ( 'NONE',  ( -0.000000000000000000, -0.000000000000000000, -1.000000000000000000 ) ) ;
#1712 = EDGE_LOOP ( 'NONE', ( #693, #1708, #2582, #3586 ) ) ;
#1713 = EDGE_LOOP ( 'NONE', ( #2300, #780, #2409, #1996 ) ) ;
#1714 = EDGE_CURVE ( 'NONE', #3457, #2242, #4067, .T. ) ;
#1715 = CARTESIAN_POINT ( 'NONE',  ( 95.27580462264187133, 33.33856180728032115, 4.000000000000000000 ) ) ;
#1716 = CYLINDRICAL_SURFACE ( 'NONE', #3894, 1.500000000000001332 ) ;
#1717 = ORIENTED_EDGE ( 'NONE', *, *, #3690, .F. ) ;
#1718 = CARTESIAN_POINT ( 'NONE',  ( 96.85688650000466282, -96.85688649999761424, 0.000000000000000000 ) ) ;
#1719 = ORIENTED_EDGE ( 'NONE', *, *, #3635, .T. ) ;
#1720 = LINE ( 'NONE', #3381, #2191 ) ;
#1721 = DIRECTION ( 'NONE',  ( 0.000000000000000000, -1.000000000000000000, 0.000000000000000000 ) ) ;
#1722 = CARTESIAN_POINT ( 'NONE',  ( 115.1000000000000369, -73.14999999999999147, 4.000000000000000000 ) ) ;
#1723 = CIRCLE ( 'NONE', #1855, 1.500000000000001332 ) ;
#1724 = CARTESIAN_POINT ( 'NONE',  ( 80.10474467627138040, 38.57653693865550792, 0.000000000000000000 ) ) ;
#1725 = LINE ( 'NONE', #3196, #1851 ) ;
#1726 = ORIENTED_EDGE ( 'NONE', *, *, #2249, .F. ) ;
#1727 = AXIS2_PLACEMENT_3D ( 'NONE', #1164, #3336, #500 ) ;
#1728 = ADVANCED_FACE ( 'NONE', ( #1603 ), #1293, .F. ) ;
#1729 = AXIS2_PLACEMENT_3D ( 'NONE', #2485, #2473, #3400 ) ;
#1730 = CARTESIAN_POINT ( 'NONE',  ( 117.3626469037488960, -61.11627930284586085, 0.000000000000000000 ) ) ;
#1731 = AXIS2_PLACEMENT_3D ( 'NONE', #260, #3316, #3619 ) ;
#1732 = ORIENTED_EDGE ( 'NONE', *, *, #3059, .T. ) ;
#1733 = ORIENTED_EDGE ( 'NONE', *, *, #2853, .T. ) ;
#1734 = ADVANCED_FACE ( 'NONE', ( #1911 ), #3160, .F. ) ;
#1735 = VECTOR ( 'NONE', #1341, 1000.000000000000000 ) ;
#1736 = AXIS2_PLACEMENT_3D ( 'NONE', #3698, #3342, #1134 ) ;
#1737 = CARTESIAN_POINT ( 'NONE',  ( 127.5934399999999442, -65.86731099999998662, 4.000000000000000000 ) ) ;
#1738 = LINE ( 'NONE', #463, #2404 ) ;
#1739 = ORIENTED_EDGE ( 'NONE', *, *, #1084, .T. ) ;
#1740 = VECTOR ( 'NONE', #3609, 999.9999999999998863 ) ;
#1741 = ORIENTED_EDGE ( 'NONE', *, *, #896, .F. ) ;
#1742 = VECTOR ( 'NONE', #837, 1000.000000000000000 ) ;
#1743 = LOCAL_TIME ( 10, 5, 31.00000000000000000, #294 ) ;
#1744 = DIRECTION ( 'NONE',  ( 0.9749285612559387415, -0.2225180901576891412, 0.000000000000000000 ) ) ;
#1745 = CARTESIAN_POINT ( 'NONE',  ( 108.1000000000000085, -77.25000000000000000, 0.000000000000000000 ) ) ;
#1746 = VERTEX_POINT ( 'NONE', #3201 ) ;
#1747 = CARTESIAN_POINT ( 'NONE',  ( 130.6189240813047832, -59.27118415377816518, 0.000000000000000000 ) ) ;
#1748 = ORIENTED_EDGE ( 'NONE', *, *, #3087, .F. ) ;
#1749 = CARTESIAN_POINT ( 'NONE',  ( 138.0373530962511097, -61.87500000000000000, 2.999999999999992450 ) ) ;
#1750 = CARTESIAN_POINT ( 'NONE',  ( 129.0712239999999724, 0.000000000000000000, 0.000000000000000000 ) ) ;
#1751 = CARTESIAN_POINT ( 'NONE',  ( 130.4375272682252671, -45.64222345897077560, 0.000000000000000000 ) ) ;
#1752 = CARTESIAN_POINT ( 'NONE',  ( 115.6240866875643150, 13.02773729367166666, 4.000000000000000000 ) ) ;
#1753 = ORIENTED_EDGE ( 'NONE', *, *, #966, .F. ) ;
#1754 = LINE ( 'NONE', #177, #150 ) ;
#1755 = ORIENTED_EDGE ( 'NONE', *, *, #1233, .T. ) ;
#1756 = ORIENTED_EDGE ( 'NONE', *, *, #2091, .T. ) ;
#1757 = CARTESIAN_POINT ( 'NONE',  ( 124.3240858155462121, -57.87500000000000711, 2.500000000000000444 ) ) ;
#1758 = ORIENTED_EDGE ( 'NONE', *, *, #942, .T. ) ;
#1759 = VERTEX_POINT ( 'NONE', #1004 ) ;
#1760 = CARTESIAN_POINT ( 'NONE',  ( 128.1189240813047832, -57.77118415377815808, 4.000000000000000000 ) ) ;
#1761 = CARTESIAN_POINT ( 'NONE',  ( 29.81811349999088279, 29.81811349999522776, 4.000000000000000000 ) ) ;
#1762 = EDGE_CURVE ( 'NONE', #567, #2147, #1256, .T. ) ;
#1763 = DIRECTION ( 'NONE',  ( 0.9009683180560899007, -0.4338848808833750681, 0.000000000000000000 ) ) ;
#1764 = ORIENTED_EDGE ( 'NONE', *, *, #2325, .F. ) ;
#1765 = EDGE_CURVE ( 'NONE', #2871, #1161, #3844, .T. ) ;
#1766 = EDGE_CURVE ( 'NONE', #138, #1899, #3942, .T. ) ;
#1767 = DIRECTION ( 'NONE',  ( -0.000000000000000000, -0.000000000000000000, 1.000000000000000000 ) ) ;
#1768 = CARTESIAN_POINT ( 'NONE',  ( 44.53095379778609697, 35.51221932239521806, 4.000000000000000000 ) ) ;
#1769 = EDGE_CURVE ( 'NONE', #2635, #2864, #3357, .T. ) ;
#1770 = DIRECTION ( 'NONE',  ( 1.000000000000000000, 0.000000000000000000, 0.000000000000000000 ) ) ;
#1771 = CARTESIAN_POINT ( 'NONE',  ( 5.908116140612322376, 9.402730322086938486, 4.000000000000000000 ) ) ;
#1772 = LINE ( 'NONE', #1109, #738 ) ;
#1773 = EDGE_LOOP ( 'NONE', ( #1206, #527, #3872, #2387 ) ) ;
#1774 = EDGE_CURVE ( 'NONE', #138, #887, #2724, .T. ) ;
#1775 =( NAMED_UNIT ( * ) PLANE_ANGLE_UNIT ( ) SI_UNIT ( $, .RADIAN. ) );
#1776 = CARTESIAN_POINT ( 'NONE',  ( 138.0373530962511097, -63.37500000000000000, 4.000000000000000000 ) ) ;
#1777 = CARTESIAN_POINT ( 'NONE',  ( 129.0410899999999970, -64.05201499999999726, 0.000000000000000000 ) ) ;
#1778 = ORIENTED_EDGE ( 'NONE', *, *, #1545, .F. ) ;
#1779 = ORIENTED_EDGE ( 'NONE', *, *, #1518, .F. ) ;
#1780 = ORIENTED_EDGE ( 'NONE', *, *, #2341, .T. ) ;
#1781 = EDGE_CURVE ( 'NONE', #555, #1173, #2265, .T. ) ;
#1782 = LINE ( 'NONE', #144, #2848 ) ;
#1783 = DIRECTION ( 'NONE',  ( 0.000000000000000000, -1.000000000000000000, 0.000000000000000000 ) ) ;
#1784 = VERTEX_POINT ( 'NONE', #3817 ) ;
#1785 = FACE_BOUND ( 'NONE', #3402, .T. ) ;
#1786 = CARTESIAN_POINT ( 'NONE',  ( -7.002755450321843433, -30.68148882263080779, 0.000000000000000000 ) ) ;
#1787 = FACE_OUTER_BOUND ( 'NONE', #1460, .T. ) ;
#1788 = VECTOR ( 'NONE', #3215, 1000.000000000000000 ) ;
#1789 = LINE ( 'NONE', #560, #1984 ) ;
#1790 = VECTOR ( 'NONE', #3774, 1000.000000000000000 ) ;
#1791 = DIRECTION ( 'NONE',  ( -0.000000000000000000, 1.000000000000000000, -0.000000000000000000 ) ) ;
#1792 = VERTEX_POINT ( 'NONE', #1105 ) ;
#1793 = VECTOR ( 'NONE', #3963, 1000.000000000000000 ) ;
#1794 = EDGE_CURVE ( 'NONE', #3101, #2934, #2370, .T. ) ;
#1795 = AXIS2_PLACEMENT_3D ( 'NONE', #2262, #4060, #2490 ) ;
#1796 = VECTOR ( 'NONE', #2143, 1000.000000000000000 ) ;
#1797 = LINE ( 'NONE', #1091, #2067 ) ;
#1798 = CARTESIAN_POINT ( 'NONE',  ( 125.5140750000000054, -61.54946399999999329, 4.000000000000000000 ) ) ;
#1799 = ORIENTED_EDGE ( 'NONE', *, *, #1044, .F. ) ;
#1800 = ORIENTED_EDGE ( 'NONE', *, *, #1084, .F. ) ;
#1801 = VECTOR ( 'NONE', #3618, 999.9999999999998863 ) ;
#1802 = AXIS2_PLACEMENT_3D ( 'NONE', #2803, #1576, #296 ) ;
#1803 = AXIS2_PLACEMENT_3D ( 'NONE', #3285, #462, #826 ) ;
#1804 = CARTESIAN_POINT ( 'NONE',  ( 124.2798609999999684, -63.50580399999999770, 4.000000000000000000 ) ) ;
#1805 = CARTESIAN_POINT ( 'NONE',  ( 128.7755359999999882, -62.48907499999999260, 0.000000000000000000 ) ) ;
#1806 = AXIS2_PLACEMENT_3D ( 'NONE', #1948, #3472, #2503 ) ;
#1807 = VERTEX_POINT ( 'NONE', #3507 ) ;
#1808 = VECTOR ( 'NONE', #4029, 999.9999999999998863 ) ;
#1809 = VECTOR ( 'NONE', #923, 1000.000000000000000 ) ;
#1810 = CARTESIAN_POINT ( 'NONE',  ( 128.4645409999999970, -65.24923200000000634, 4.000000000000000000 ) ) ;
#1811 = PLANE ( 'NONE',  #590 ) ;
#1812 = DIRECTION ( 'NONE',  ( 1.000000000000000000, 0.000000000000000000, 0.000000000000000000 ) ) ;
#1813 = ADVANCED_FACE ( 'NONE', ( #1336 ), #691, .F. ) ;
#1814 = CARTESIAN_POINT ( 'NONE',  ( 93.46811349999546792, -93.46811350000224650, 0.000000000000000000 ) ) ;
#1815 = EDGE_CURVE ( 'NONE', #1194, #2652, #768, .T. ) ;
#1816 = ORIENTED_EDGE ( 'NONE', *, *, #468, .F. ) ;
#1817 = EDGE_CURVE ( 'NONE', #2114, #1918, #2975, .T. ) ;
#1818 = DIRECTION ( 'NONE',  ( -0.3302800846504269083, -0.9438829724511967889, 0.000000000000000000 ) ) ;
#1819 = DIRECTION ( 'NONE',  ( 0.000000000000000000, 0.000000000000000000, 1.000000000000000000 ) ) ;
#1820 = EDGE_CURVE ( 'NONE', #2566, #2148, #1414, .T. ) ;
#1821 = ORIENTED_EDGE ( 'NONE', *, *, #839, .F. ) ;
#1822 = DIRECTION ( 'NONE',  ( 0.000000000000000000, -1.000000000000000000, 0.000000000000000000 ) ) ;
#1823 = FACE_OUTER_BOUND ( 'NONE', #3347, .T. ) ;
#1824 = ORIENTED_EDGE ( 'NONE', *, *, #3081, .F. ) ;
#1825 = CARTESIAN_POINT ( 'NONE',  ( 63.25473867383950477, -100.6695256472366253, 4.000000000000000000 ) ) ;
#1826 = CYLINDRICAL_SURFACE ( 'NONE', #1727, 5.000000000000004441 ) ;
#1827 = CARTESIAN_POINT ( 'NONE',  ( 128.7755360000000167, -64.81092500000001166, 4.000000000000000000 ) ) ;
#1828 = ORIENTED_EDGE ( 'NONE', *, *, #825, .T. ) ;
#1829 = FACE_OUTER_BOUND ( 'NONE', #3980, .T. ) ;
#1830 = EDGE_CURVE ( 'NONE', #813, #4062, #3322, .T. ) ;
#1831 = ADVANCED_FACE ( 'NONE', ( #3298 ), #379, .F. ) ;
#1832 = EDGE_CURVE ( 'NONE', #949, #2240, #2705, .T. ) ;
#1833 = VERTEX_POINT ( 'NONE', #1936 ) ;
#1834 = EDGE_CURVE ( 'NONE', #3765, #3112, #481, .T. ) ;
#1835 = DIRECTION ( 'NONE',  ( 0.000000000000000000, 0.7071067811865479058, -0.7071067811865471286 ) ) ;
#1836 = DIRECTION ( 'NONE',  ( 0.7818317504569857190, 0.6234894658110637922, 0.000000000000000000 ) ) ;
#1837 = ORIENTED_EDGE ( 'NONE', *, *, #1999, .F. ) ;
#1838 = DIRECTION ( 'NONE',  ( 1.000000000000000000, 0.000000000000000000, 0.000000000000000000 ) ) ;
#1839 = CARTESIAN_POINT ( 'NONE',  ( 138.0373530962511097, -61.87500000000000000, 2.999999999999992450 ) ) ;
#1840 = CARTESIAN_POINT ( 'NONE',  ( 122.8240858155462121, -58.11627930284585375, 0.000000000000000000 ) ) ;
#1841 = ORIENTED_EDGE ( 'NONE', *, *, #2910, .F. ) ;
#1842 = DIRECTION ( 'NONE',  ( 0.3302800846503809451, -0.9438829724512129982, 0.000000000000000000 ) ) ;
#1843 = LINE ( 'NONE', #516, #2723 ) ;
#1844 = CARTESIAN_POINT ( 'NONE',  ( 130.6189240813047832, -56.19406270695252914, 0.000000000000000000 ) ) ;
#1845 = VERTEX_POINT ( 'NONE', #172 ) ;
#1846 = LINE ( 'NONE', #658, #1920 ) ;
#1847 = VECTOR ( 'NONE', #1061, 1000.000000000000114 ) ;
#1848 = DIRECTION ( 'NONE',  ( 0.000000000000000000, -0.000000000000000000, -1.000000000000000000 ) ) ;
#1849 = ORIENTED_EDGE ( 'NONE', *, *, #506, .T. ) ;
#1850 = ADVANCED_FACE ( 'NONE', ( #3184 ), #359, .F. ) ;
#1851 = VECTOR ( 'NONE', #1415, 1000.000000000000000 ) ;
#1852 = CALENDAR_DATE ( 2026, 19, 8 ) ;
#1853 = LINE ( 'NONE', #1224, #1074 ) ;
#1854 = DIRECTION ( 'NONE',  ( 0.000000000000000000, 0.000000000000000000, 1.000000000000000000 ) ) ;
#1855 = AXIS2_PLACEMENT_3D ( 'NONE', #838, #2395, #3299 ) ;
#1856 = EDGE_LOOP ( 'NONE', ( #856, #2407, #1037, #2155 ) ) ;
#1857 = ORIENTED_EDGE ( 'NONE', *, *, #2335, .T. ) ;
#1858 = VECTOR ( 'NONE', #2913, 1000.000000000000000 ) ;
#1859 = DIRECTION ( 'NONE',  ( -0.7071067811865732189, -0.7071067811865218156, 0.000000000000000000 ) ) ;
#1860 = CARTESIAN_POINT ( 'NONE',  ( 124.2787759999999793, -63.78456899999999763, 4.000000000000000000 ) ) ;
#1861 = FACE_OUTER_BOUND ( 'NONE', #1128, .T. ) ;
#1862 = VECTOR ( 'NONE', #3552, 1000.000000000000000 ) ;
#1863 = ORIENTED_EDGE ( 'NONE', *, *, #2249, .T. ) ;
#1864 = AXIS2_PLACEMENT_3D ( 'NONE', #3643, #810, #2072 ) ;
#1865 = AXIS2_PLACEMENT_3D ( 'NONE', #98, #3461, #3183 ) ;
#1866 = VECTOR ( 'NONE', #508, 1000.000000000000000 ) ;
#1867 = CARTESIAN_POINT ( 'NONE',  ( 128.8923110000000065, -62.73156000000001598, 0.000000000000000000 ) ) ;
#1868 = DIRECTION ( 'NONE',  ( -0.000000000000000000, -0.000000000000000000, -1.000000000000000000 ) ) ;
#1869 = EDGE_LOOP ( 'NONE', ( #1756, #256, #381, #985 ) ) ;
#1870 = DIRECTION ( 'NONE',  ( -0.000000000000000000, -0.000000000000000000, -1.000000000000000000 ) ) ;
#1871 = VERTEX_POINT ( 'NONE', #980 ) ;
#1872 = EDGE_CURVE ( 'NONE', #1353, #2114, #215, .T. ) ;
#1873 = VECTOR ( 'NONE', #2299, 1000.000000000000000 ) ;
#1874 = LINE ( 'NONE', #2831, #3039 ) ;
#1875 = LINE ( 'NONE', #3115, #394 ) ;
#1876 = ORIENTED_EDGE ( 'NONE', *, *, #48, .T. ) ;
#1877 = LINE ( 'NONE', #4085, #3949 ) ;
#1878 = APPROVAL_ROLE ( '' ) ;
#1879 = EDGE_CURVE ( 'NONE', #2739, #3197, #2475, .T. ) ;
#1880 = FACE_OUTER_BOUND ( 'NONE', #1604, .T. ) ;
#1881 = VERTEX_POINT ( 'NONE', #3683 ) ;
#1882 = DIRECTION ( 'NONE',  ( 0.000000000000000000, 0.000000000000000000, 1.000000000000000000 ) ) ;
#1883 = CARTESIAN_POINT ( 'NONE',  ( 137.2611022684410216, -57.77118415377815808, 2.999999999999999112 ) ) ;
#1884 = CARTESIAN_POINT ( 'NONE',  ( 129.1189240813047832, -57.69406270695253625, 0.000000000000000000 ) ) ;
#1885 = VERTEX_POINT ( 'NONE', #3338 ) ;
#1886 = CARTESIAN_POINT ( 'NONE',  ( 115.1000000000000085, -70.14999999999999147, 0.000000000000000000 ) ) ;
#1887 = ORIENTED_EDGE ( 'NONE', *, *, #2383, .T. ) ;
#1888 = EDGE_CURVE ( 'NONE', #1670, #3470, #2417, .T. ) ;
#1889 = ADVANCED_FACE ( 'NONE', ( #1787 ), #235, .F. ) ;
#1890 = LINE ( 'NONE', #3195, #4014 ) ;
#1891 = FACE_OUTER_BOUND ( 'NONE', #2219, .T. ) ;
#1892 = ORIENTED_EDGE ( 'NONE', *, *, #1601, .F. ) ;
#1893 = PERSON_AND_ORGANIZATION ( #120, #278 ) ;
#1894 = DIRECTION ( 'NONE',  ( 1.000000000000000000, 0.000000000000000000, 0.000000000000000000 ) ) ;
#1895 = EDGE_LOOP ( 'NONE', ( #3874, #1301, #1903, #3262 ) ) ;
#1896 = ORIENTED_EDGE ( 'NONE', *, *, #893, .F. ) ;
#1897 = CARTESIAN_POINT ( 'NONE',  ( 113.1000000000000085, -50.87500000000000000, -46.01011437716709196 ) ) ;
#1898 = DIRECTION ( 'NONE',  ( 0.000000000000000000, -0.000000000000000000, -1.000000000000000000 ) ) ;
#1899 = VERTEX_POINT ( 'NONE', #286 ) ;
#1900 = EDGE_CURVE ( 'NONE', #2108, #881, #4041, .T. ) ;
#1901 = CARTESIAN_POINT ( 'NONE',  ( 135.7611022684410216, -57.69406270695252914, 0.000000000000000000 ) ) ;
#1902 = CARTESIAN_POINT ( 'NONE',  ( 95.27580462264187133, 33.33856180728032115, 0.000000000000000000 ) ) ;
#1903 = ORIENTED_EDGE ( 'NONE', *, *, #3475, .F. ) ;
#1904 = CARTESIAN_POINT ( 'NONE',  ( 127.0770149999999603, -66.01608999999999128, 4.000000000000000000 ) ) ;
#1905 = ORIENTED_EDGE ( 'NONE', *, *, #2629, .F. ) ;
#1906 = LINE ( 'NONE', #2832, #2901 ) ;
#1907 = ORIENTED_EDGE ( 'NONE', *, *, #3667, .F. ) ;
#1908 = ORIENTED_EDGE ( 'NONE', *, *, #194, .T. ) ;
#1909 = PERSON_AND_ORGANIZATION ( #120, #278 ) ;
#1910 = DIRECTION ( 'NONE',  ( -0.000000000000000000, -0.000000000000000000, 1.000000000000000000 ) ) ;
#1911 = FACE_OUTER_BOUND ( 'NONE', #3546, .T. ) ;
#1912 = EDGE_LOOP ( 'NONE', ( #2641, #4046, #548, #1087 ) ) ;
#1913 = AXIS2_PLACEMENT_3D ( 'NONE', #111, #1385, #2640 ) ;
#1914 = LINE ( 'NONE', #2543, #1265 ) ;
#1915 = VECTOR ( 'NONE', #1482, 999.9999999999998863 ) ;
#1916 = CARTESIAN_POINT ( 'NONE',  ( 124.4576889999999878, -64.56843999999998118, 0.000000000000000000 ) ) ;
#1918 = VERTEX_POINT ( 'NONE', #2434 ) ;
#1917 = CARTESIAN_POINT ( 'NONE',  ( 47.68949195570596800, -99.02792941022288176, 4.000000000000000000 ) ) ;
#1919 = VECTOR ( 'NONE', #1634, 1000.000000000000000 ) ;
#1920 = VECTOR ( 'NONE', #2861, 1000.000000000000000 ) ;
#1921 = CARTESIAN_POINT ( 'NONE',  ( 138.8000000000000114, -71.64999999999999147, 0.000000000000000000 ) ) ;
#1922 = CARTESIAN_POINT ( 'NONE',  ( 111.1000000000000085, -51.29242430504415040, 8.000000000000000000 ) ) ;
#1923 = ORIENTED_EDGE ( 'NONE', *, *, #4087, .F. ) ;
#1924 = CARTESIAN_POINT ( 'NONE',  ( 124.3240858155462121, -58.11627930284585375, 0.000000000000000000 ) ) ;
#1925 = EDGE_LOOP ( 'NONE', ( #2797, #429, #1082, #3126 ) ) ;
#1926 = VECTOR ( 'NONE', #678, 1000.000000000000114 ) ;
#1927 = DIRECTION ( 'NONE',  ( 0.000000000000000000, -0.000000000000000000, -1.000000000000000000 ) ) ;
#1928 = VECTOR ( 'NONE', #2056, 1000.000000000000000 ) ;
#1929 = EDGE_CURVE ( 'NONE', #3470, #881, #3036, .T. ) ;
#1930 = VECTOR ( 'NONE', #2032, 999.9999999999998863 ) ;
#1931 = CARTESIAN_POINT ( 'NONE',  ( 141.3000000000000114, -63.37500000000002842, 4.000000000000000000 ) ) ;
#1932 = VERTEX_POINT ( 'NONE', #1217 ) ;
#1933 = CARTESIAN_POINT ( 'NONE',  ( 113.1000000000000085, -50.87500000000000000, 0.000000000000000000 ) ) ;
#1934 = VECTOR ( 'NONE', #4051, 1000.000000000000114 ) ;
#1935 = DATE_AND_TIME ( #666, #482 ) ;
#1936 = CARTESIAN_POINT ( 'NONE',  ( 124.2787759999999793, -63.51543099999999953, 4.000000000000000000 ) ) ;
#1937 = ORIENTED_EDGE ( 'NONE', *, *, #3439, .T. ) ;
#1938 = VERTEX_POINT ( 'NONE', #1549 ) ;
#1939 = EDGE_CURVE ( 'NONE', #3273, #1881, #4001, .T. ) ;
#1940 = EDGE_CURVE ( 'NONE', #2009, #3773, #3707, .T. ) ;
#1941 = FACE_OUTER_BOUND ( 'NONE', #115, .T. ) ;
#1942 = DIRECTION ( 'NONE',  ( 0.000000000000000000, -1.000000000000000000, 0.000000000000000000 ) ) ;
#1943 = VERTEX_POINT ( 'NONE', #2749 ) ;
#1944 = CARTESIAN_POINT ( 'NONE',  ( 127.8359249999999889, -65.75053599999999676, 4.000000000000000000 ) ) ;
#1945 = DIRECTION ( 'NONE',  ( 0.000000000000000000, 0.000000000000000000, -1.000000000000000000 ) ) ;
#1946 = CARTESIAN_POINT ( 'NONE',  ( 136.5373530962511097, -63.37500000000001421, 0.000000000000000000 ) ) ;
#1947 = VERTEX_POINT ( 'NONE', #1844 ) ;
#1948 = CARTESIAN_POINT ( 'NONE',  ( 106.5851032326351913, -84.99870853171645990, 4.000000000000000000 ) ) ;
#1949 = ORIENTED_EDGE ( 'NONE', *, *, #1530, .F. ) ;
#1950 = FACE_OUTER_BOUND ( 'NONE', #1856, .T. ) ;
#1951 = LINE ( 'NONE', #3522, #1788 ) ;
#1952 = ORIENTED_EDGE ( 'NONE', *, *, #3971, .F. ) ;
#1953 = CARTESIAN_POINT ( 'NONE',  ( 131.8748111736934163, -30.09916037795866828, 0.000000000000000000 ) ) ;
#1954 = EDGE_CURVE ( 'NONE', #955, #3273, #2192, .T. ) ;
#1955 = CARTESIAN_POINT ( 'NONE',  ( 131.8748111736934163, -30.09916037795866828, 4.000000000000000000 ) ) ;
#1956 = DIRECTION ( 'NONE',  ( 0.9438829724512161068, 0.3302800846503718413, 0.000000000000000000 ) ) ;
#1957 = ORIENTED_EDGE ( 'NONE', *, *, #642, .T. ) ;
#1958 = EDGE_CURVE ( 'NONE', #779, #757, #151, .T. ) ;
#1959 = CARTESIAN_POINT ( 'NONE',  ( 16.72243195065485111, 20.96928490502907749, 4.000000000000000000 ) ) ;
#1960 = PLANE ( 'NONE',  #1334 ) ;
#1961 = EDGE_LOOP ( 'NONE', ( #4059, #1700, #640, #3634 ) ) ;
#1962 = CARTESIAN_POINT ( 'NONE',  ( 96.85688650000466282, -96.85688649999761424, 4.000000000000000000 ) ) ;
#1963 = DIRECTION ( 'NONE',  ( -0.000000000000000000, -0.000000000000000000, -1.000000000000000000 ) ) ;
#1964 = CARTESIAN_POINT ( 'NONE',  ( 135.7611022684410216, -55.19406270695252914, 4.000000000000000000 ) ) ;
#1965 = ORIENTED_EDGE ( 'NONE', *, *, #2259, .T. ) ;
#1966 = DIRECTION ( 'NONE',  ( -0.7071067811865990871, 0.7071067811864959474, 0.000000000000000000 ) ) ;
#1967 = ORIENTED_EDGE ( 'NONE', *, *, #1601, .T. ) ;
#1968 = LINE ( 'NONE', #2936, #587 ) ;
#1969 = CARTESIAN_POINT ( 'NONE',  ( 140.3000000000000114, -63.37500000000001421, 2.999999999999992450 ) ) ;
#1970 = DIRECTION ( 'NONE',  ( -1.000000000000000000, 0.000000000000000000, -0.000000000000000000 ) ) ;
#1971 = ORIENTED_EDGE ( 'NONE', *, *, #3199, .T. ) ;
#1972 = DIRECTION ( 'NONE',  ( -0.000000000000000000, 0.000000000000000000, -1.000000000000000000 ) ) ;
#1973 = EDGE_CURVE ( 'NONE', #1423, #464, #541, .T. ) ;
#1974 = ORIENTED_EDGE ( 'NONE', *, *, #2845, .T. ) ;
#1975 = VERTEX_POINT ( 'NONE', #2158 ) ;
#1976 = DIRECTION ( 'NONE',  ( 1.000000000000000000, 0.000000000000000000, 0.000000000000000000 ) ) ;
#1977 = LINE ( 'NONE', #3223, #1862 ) ;
#1978 = DIRECTION ( 'NONE',  ( 0.000000000000000000, 0.000000000000000000, 1.000000000000000000 ) ) ;
#1979 = AXIS2_PLACEMENT_3D ( 'NONE', #726, #2371, #95 ) ;
#1980 = EDGE_CURVE ( 'NONE', #981, #2006, #1494, .T. ) ;
#1981 = ORIENTED_EDGE ( 'NONE', *, *, #1820, .T. ) ;
#1982 = DIRECTION ( 'NONE',  ( -0.000000000000000000, -0.000000000000000000, -1.000000000000000000 ) ) ;
#1983 = EDGE_CURVE ( 'NONE', #2766, #21, #875, .T. ) ;
#1984 = VECTOR ( 'NONE', #4002, 1000.000000000000000 ) ;
#1985 = DIRECTION ( 'NONE',  ( 0.000000000000000000, -0.000000000000000000, 1.000000000000000000 ) ) ;
#1986 = DIRECTION ( 'NONE',  ( 0.1119636209285820028, 0.9937123062479203961, 0.000000000000000000 ) ) ;
#1987 = ORIENTED_EDGE ( 'NONE', *, *, #3778, .T. ) ;
#1988 = ADVANCED_FACE ( 'NONE', ( #1508 ), #3371, .F. ) ;
#1989 = FACE_OUTER_BOUND ( 'NONE', #75, .T. ) ;
#1990 = ORIENTED_EDGE ( 'NONE', *, *, #1095, .T. ) ;
#1991 = VECTOR ( 'NONE', #3876, 1000.000000000000000 ) ;
#1992 = AXIS2_PLACEMENT_3D ( 'NONE', #3146, #4072, #2226 ) ;
#1993 = VECTOR ( 'NONE', #4053, 1000.000000000000000 ) ;
#1994 = CARTESIAN_POINT ( 'NONE',  ( 138.8000000000000114, -71.64999999999999147, 0.000000000000000000 ) ) ;
#1995 = CARTESIAN_POINT ( 'NONE',  ( 34.45237616080341780, -98.45889210390768653, 0.000000000000000000 ) ) ;
#1996 = ORIENTED_EDGE ( 'NONE', *, *, #722, .T. ) ;
#1997 = VECTOR ( 'NONE', #2336, 1000.000000000000000 ) ;
#1998 = AXIS2_PLACEMENT_3D ( 'NONE', #2668, #1127, #158 ) ;
#1999 = EDGE_CURVE ( 'NONE', #3185, #3474, #1149, .T. ) ;
#2000 = LINE ( 'NONE', #1335, #2735 ) ;
#2001 = ORIENTED_EDGE ( 'NONE', *, *, #958, .T. ) ;
#2002 = VECTOR ( 'NONE', #3361, 1000.000000000000114 ) ;
#2003 = AXIS2_PLACEMENT_3D ( 'NONE', #2638, #2660, #2347 ) ;
#2004 = DIRECTION ( 'NONE',  ( -0.000000000000000000, -0.000000000000000000, -1.000000000000000000 ) ) ;
#2005 = ORIENTED_EDGE ( 'NONE', *, *, #2484, .F. ) ;
#2006 = VERTEX_POINT ( 'NONE', #2096 ) ;
#2007 = CARTESIAN_POINT ( 'NONE',  ( 128.0638109999999870, -65.60734600000000682, 4.000000000000000000 ) ) ;
#2008 = DIRECTION ( 'NONE',  ( 0.5320313727382712798, 0.8467246414403153398, 0.000000000000000000 ) ) ;
#2009 = VERTEX_POINT ( 'NONE', #4075 ) ;
#2010 = DIRECTION ( 'NONE',  ( 1.000000000000000000, 0.000000000000000000, 0.000000000000000000 ) ) ;
#2011 = EDGE_LOOP ( 'NONE', ( #2414, #3672, #728, #3533 ) ) ;
#2012 = CC_DESIGN_PERSON_AND_ORGANIZATION_ASSIGNMENT ( #3655, #2238, ( #2598 ) ) ;
#2013 = EDGE_CURVE ( 'NONE', #3837, #3388, #3500, .T. ) ;
#2014 = DIRECTION ( 'NONE',  ( -0.9937121797503050136, 0.1119647436289545883, 0.000000000000000000 ) ) ;
#2015 = CARTESIAN_POINT ( 'NONE',  ( 129.0712239999999724, -63.51543099999999953, 0.000000000000000000 ) ) ;
#2016 = VERTEX_POINT ( 'NONE', #371 ) ;
#2017 = CARTESIAN_POINT ( 'NONE',  ( 111.1000000000000085, -49.87500000000000000, 4.999854444024150801 ) ) ;
#2018 = VERTEX_POINT ( 'NONE', #2281 ) ;
#2019 = DIRECTION ( 'NONE',  ( 0.3302800846504269083, -0.9438829724511967889, 0.000000000000000000 ) ) ;
#2020 = CARTESIAN_POINT ( 'NONE',  ( 138.8000000000000114, -70.14999999999999147, 0.000000000000000000 ) ) ;
#2021 = CARTESIAN_POINT ( 'NONE',  ( 118.8626469037489102, -59.61627930284585375, 2.500000000000000444 ) ) ;
#2022 = ORIENTED_EDGE ( 'NONE', *, *, #3245, .T. ) ;
#2023 = ORIENTED_EDGE ( 'NONE', *, *, #92, .T. ) ;
#2024 = ORIENTED_EDGE ( 'NONE', *, *, #3426, .F. ) ;
#2025 = FACE_OUTER_BOUND ( 'NONE', #2969, .T. ) ;
#2026 = CARTESIAN_POINT ( 'NONE',  ( 124.5744640000000203, -62.48907499999999260, 4.000000000000000000 ) ) ;
#2027 = VERTEX_POINT ( 'NONE', #950 ) ;
#2028 = LINE ( 'NONE', #3274, #1205 ) ;
#2029 = EDGE_LOOP ( 'NONE', ( #3512, #1641, #319, #1343, #3957, #2859, #3640, #229, #2884, #3136, #3399 ) ) ;
#2030 = LINE ( 'NONE', #1103, #3956 ) ;
#2031 = CARTESIAN_POINT ( 'NONE',  ( 138.8000000000000114, -61.87500000000000000, 0.000000000000000000 ) ) ;
#2032 = DIRECTION ( 'NONE',  ( 0.4338848808832929671, -0.9009683180561294247, 0.000000000000000000 ) ) ;
#2033 = DIRECTION ( 'NONE',  ( -0.000000000000000000, 0.000000000000000000, 1.000000000000000000 ) ) ;
#2034 = ORIENTED_EDGE ( 'NONE', *, *, #2745, .T. ) ;
#2035 = LINE ( 'NONE', #2375, #1740 ) ;
#2036 = VERTEX_POINT ( 'NONE', #323 ) ;
#2037 = VERTEX_POINT ( 'NONE', #2256 ) ;
#2038 = CARTESIAN_POINT ( 'NONE',  ( 140.3000000000000114, -70.14999999999997726, 0.000000000000000000 ) ) ;
#2039 = CARTESIAN_POINT ( 'NONE',  ( 128.1189240813047832, -57.69406270695253625, 4.000000000000000000 ) ) ;
#2040 = ORIENTED_EDGE ( 'NONE', *, *, #3333, .F. ) ;
#2041 = EDGE_LOOP ( 'NONE', ( #3996, #108, #3603, #1310 ) ) ;
#2042 = CARTESIAN_POINT ( 'NONE',  ( 129.0410900000000254, -63.24798500000002122, 0.000000000000000000 ) ) ;
#2043 = LINE ( 'NONE', #3208, #467 ) ;
#2044 = VERTEX_POINT ( 'NONE', #3210 ) ;
#2045 = CARTESIAN_POINT ( 'NONE',  ( 113.6000000000000085, -57.87500000000000711, 0.000000000000000000 ) ) ;
#2046 = ORIENTED_EDGE ( 'NONE', *, *, #1162, .F. ) ;
#2047 = VECTOR ( 'NONE', #3809, 1000.000000000000000 ) ;
#2048 = CARTESIAN_POINT ( 'NONE',  ( 135.7611022684410216, -59.27118415377816518, 2.999999999999999112 ) ) ;
#2049 = CYLINDRICAL_SURFACE ( 'NONE', #729, 1.500000000000001332 ) ;
#2050 = VECTOR ( 'NONE', #2435, 1000.000000000000000 ) ;
#2051 = DIRECTION ( 'NONE',  ( -1.000000000000000000, 0.000000000000000000, -0.000000000000000000 ) ) ;
#2052 = DIRECTION ( 'NONE',  ( -0.000000000000000000, -0.000000000000000000, 1.000000000000000000 ) ) ;
#2053 = EDGE_LOOP ( 'NONE', ( #3234, #1386, #1907, #3188 ) ) ;
#2054 = VECTOR ( 'NONE', #2486, 1000.000000000000000 ) ;
#2055 = AXIS2_PLACEMENT_3D ( 'NONE', #3660, #186, #1744 ) ;
#2056 = DIRECTION ( 'NONE',  ( -1.000000000000000000, 0.000000000000000000, 0.000000000000000000 ) ) ;
#2057 = AXIS2_PLACEMENT_3D ( 'NONE', #1917, #610, #3398 ) ;
#2058 = VERTEX_POINT ( 'NONE', #2550 ) ;
#2059 = VERTEX_POINT ( 'NONE', #1630 ) ;
#2060 = AXIS2_PLACEMENT_3D ( 'NONE', #295, #2200, #3377 ) ;
#2061 = VECTOR ( 'NONE', #2631, 1000.000000000000114 ) ;
#2062 = CARTESIAN_POINT ( 'NONE',  ( 127.0770149999999603, -61.28390999999998456, 4.000000000000000000 ) ) ;
#2063 = EDGE_CURVE ( 'NONE', #1248, #1540, #1610, .T. ) ;
#2064 = DIRECTION ( 'NONE',  ( -0.000000000000000000, -0.7071067811865500152, 0.7071067811865451302 ) ) ;
#2065 = CARTESIAN_POINT ( 'NONE',  ( 117.3626469037488960, -61.11627930284586085, 2.500000000000000444 ) ) ;
#2066 = ORIENTED_EDGE ( 'NONE', *, *, #1830, .F. ) ;
#2067 = VECTOR ( 'NONE', #507, 1000.000000000000000 ) ;
#2068 = VERTEX_POINT ( 'NONE', #392 ) ;
#2069 = EDGE_CURVE ( 'NONE', #1337, #3112, #62, .T. ) ;
#2070 = VECTOR ( 'NONE', #78, 1000.000000000000000 ) ;
#2071 = DIRECTION ( 'NONE',  ( 0.7071067811865475727, -0.000000000000000000, 0.7071067811865475727 ) ) ;
#2072 = DIRECTION ( 'NONE',  ( -0.000000000000000000, 0.000000000000000000, 1.000000000000000000 ) ) ;
#2073 = DIRECTION ( 'NONE',  ( -0.7071067811865471286, 0.000000000000000000, 0.7071067811865479058 ) ) ;
#2074 = ORIENTED_EDGE ( 'NONE', *, *, #2205, .F. ) ;
#2075 = ADVANCED_FACE ( 'NONE', ( #3835 ), #1300, .F. ) ;
#2076 = DIRECTION ( 'NONE',  ( -0.9749285612559387415, -0.2225180901576891135, 0.000000000000000000 ) ) ;
#2077 = DIRECTION ( 'NONE',  ( 0.4338848808833348225, -0.9009683180561092186, 0.000000000000000000 ) ) ;
#2078 = LINE ( 'NONE', #2433, #3407 ) ;
#2079 = CARTESIAN_POINT ( 'NONE',  ( 140.7999999999999829, -72.25000000000000000, 0.000000000000000000 ) ) ;
#2080 = LINE ( 'NONE', #2725, #3158 ) ;
#2081 = PLANE ( 'NONE',  #3170 ) ;
#2082 = ORIENTED_EDGE ( 'NONE', *, *, #626, .F. ) ;
#2083 = CARTESIAN_POINT ( 'NONE',  ( 129.1189240813047832, -57.69406270695253625, 0.000000000000000000 ) ) ;
#2084 = CARTESIAN_POINT ( 'NONE',  ( 126.8095689999999820, -61.25377599999999489, 4.000000000000000000 ) ) ;
#2085 = ORIENTED_EDGE ( 'NONE', *, *, #3829, .T. ) ;
#2086 = EDGE_LOOP ( 'NONE', ( #1965, #3005, #842, #2962 ) ) ;
#2087 = EDGE_CURVE ( 'NONE', #1016, #1975, #2811, .T. ) ;
#2088 = DIRECTION ( 'NONE',  ( 0.7071067811864959474, -0.7071067811865990871, 0.000000000000000000 ) ) ;
#2089 = PLANE ( 'NONE',  #2322 ) ;
#2090 = PLANE ( 'NONE',  #1534 ) ;
#2091 = EDGE_CURVE ( 'NONE', #2792, #2338, #2572, .T. ) ;
#2092 = ORIENTED_EDGE ( 'NONE', *, *, #3701, .T. ) ;
#2093 = EDGE_CURVE ( 'NONE', #3067, #464, #3804, .T. ) ;
#2094 = LINE ( 'NONE', #1825, #1478 ) ;
#2095 = DIRECTION ( 'NONE',  ( -0.000000000000000000, -0.000000000000000000, 1.000000000000000000 ) ) ;
#2096 = CARTESIAN_POINT ( 'NONE',  ( 128.7755359999999882, -62.48907499999999260, 4.000000000000000000 ) ) ;
#2097 = CARTESIAN_POINT ( 'NONE',  ( 115.1000000000000227, -56.37500000000000000, 2.500000000000000444 ) ) ;
#2098 = ORIENTED_EDGE ( 'NONE', *, *, #2091, .F. ) ;
#2099 = DIRECTION ( 'NONE',  ( -0.000000000000000000, -0.000000000000000000, 1.000000000000000000 ) ) ;
#2100 = ORIENTED_EDGE ( 'NONE', *, *, #1762, .T. ) ;
#2101 = CARTESIAN_POINT ( 'NONE',  ( 34.45237616080341780, -98.45889210390768653, 4.000000000000000000 ) ) ;
#2102 = CARTESIAN_POINT ( 'NONE',  ( 145.7999999999999829, -55.87499999999999289, 0.000000000000000000 ) ) ;
#2103 = ORIENTED_EDGE ( 'NONE', *, *, #3059, .F. ) ;
#2104 = EDGE_LOOP ( 'NONE', ( #3395, #3437, #969, #3432 ) ) ;
#2105 = DIRECTION ( 'NONE',  ( -0.9937121797502951326, 0.1119647436290424486, 0.000000000000000000 ) ) ;
#2106 = DIRECTION ( 'NONE',  ( 0.4338848808833348225, -0.9009683180561092186, 0.000000000000000000 ) ) ;
#2107 = EDGE_CURVE ( 'NONE', #1062, #3890, #3519, .T. ) ;
#2108 = VERTEX_POINT ( 'NONE', #1589 ) ;
#2109 = EDGE_CURVE ( 'NONE', #232, #996, #2858, .T. ) ;
#2110 = DIRECTION ( 'NONE',  ( -0.9749285612559387415, 0.2225180901576891135, 0.000000000000000000 ) ) ;
#2111 = LINE ( 'NONE', #540, #135 ) ;
#2112 = DIRECTION ( 'NONE',  ( 1.000000000000000000, 0.000000000000000000, 0.000000000000000000 ) ) ;
#2113 = FACE_OUTER_BOUND ( 'NONE', #2588, .T. ) ;
#2114 = VERTEX_POINT ( 'NONE', #703 ) ;
#2115 = VECTOR ( 'NONE', #3685, 1000.000000000000000 ) ;
#2116 = ORIENTED_EDGE ( 'NONE', *, *, #2172, .F. ) ;
#2117 = AXIS2_PLACEMENT_3D ( 'NONE', #2132, #2416, #3321 ) ;
#2118 = ADVANCED_FACE ( 'NONE', ( #1284 ), #4057, .F. ) ;
#2119 = VECTOR ( 'NONE', #2213, 1000.000000000000000 ) ;
#2120 = AXIS2_PLACEMENT_3D ( 'NONE', #2847, #1898, #344 ) ;
#2121 = LINE ( 'NONE', #2839, #2981 ) ;
#2122 = LINE ( 'NONE', #1421, #3898 ) ;
#2123 = ORIENTED_EDGE ( 'NONE', *, *, #3555, .F. ) ;
#2124 = VECTOR ( 'NONE', #2846, 1000.000000000000000 ) ;
#2125 = AXIS2_PLACEMENT_3D ( 'NONE', #1694, #3531, #1092 ) ;
#2126 = VECTOR ( 'NONE', #3579, 1000.000000000000114 ) ;
#2127 = LINE ( 'NONE', #2715, #3355 ) ;
#2128 = DIRECTION ( 'NONE',  ( -0.5320313727382712798, -0.8467246414403153398, 0.000000000000000000 ) ) ;
#2129 = AXIS2_PLACEMENT_3D ( 'NONE', #1055, #3540, #2010 ) ;
#2130 = AXIS2_PLACEMENT_3D ( 'NONE', #1274, #1882, #3122 ) ;
#2131 = CARTESIAN_POINT ( 'NONE',  ( -8.069161973108769814, -35.35378389868957072, 4.000000000000000000 ) ) ;
#2132 = CARTESIAN_POINT ( 'NONE',  ( 138.8000000000000114, -63.37500000000000000, 4.000000000000000000 ) ) ;
#2133 = DIRECTION ( 'NONE',  ( -0.2225180901577759329, -0.9749285612559187575, 0.000000000000000000 ) ) ;
#2134 = ORIENTED_EDGE ( 'NONE', *, *, #1280, .F. ) ;
#2135 = DIRECTION ( 'NONE',  ( 1.000000000000000000, 0.000000000000000000, 0.000000000000000000 ) ) ;
#2136 = CC_DESIGN_DATE_AND_TIME_ASSIGNMENT ( #3159, #335, ( #1077 ) ) ;
#2137 = EDGE_LOOP ( 'NONE', ( #3803, #689, #188, #2843 ) ) ;
#2138 = CARTESIAN_POINT ( 'NONE',  ( 130.6189240813047832, -57.77118415377816518, 2.999999999999999112 ) ) ;
#2139 = CARTESIAN_POINT ( 'NONE',  ( 145.7999999999999829, -50.87500000000000000, -46.01011437716709196 ) ) ;
#2140 = ORIENTED_EDGE ( 'NONE', *, *, #1245, .T. ) ;
#2141 = EDGE_LOOP ( 'NONE', ( #1006, #2549, #914, #3061 ) ) ;
#2142 = DIRECTION ( 'NONE',  ( 0.000000000000000000, 0.000000000000000000, 1.000000000000000000 ) ) ;
#2143 = DIRECTION ( 'NONE',  ( -0.000000000000000000, 0.000000000000000000, 1.000000000000000000 ) ) ;
#2144 = VERTEX_POINT ( 'NONE', #2188 ) ;
#2145 = DIRECTION ( 'NONE',  ( -0.5320313727382595115, 0.8467246414403226673, 0.000000000000000000 ) ) ;
#2146 = CARTESIAN_POINT ( 'NONE',  ( 125.2861889999999931, -65.60734599999997840, 4.000000000000000000 ) ) ;
#2147 = VERTEX_POINT ( 'NONE', #654 ) ;
#2148 = VERTEX_POINT ( 'NONE', #1235 ) ;
#2149 = EDGE_LOOP ( 'NONE', ( #1156, #492, #253, #486 ) ) ;
#2150 = LINE ( 'NONE', #2802, #933 ) ;
#2151 = CARTESIAN_POINT ( 'NONE',  ( 115.1000000000000085, -57.87500000000000000, 4.000000000000000000 ) ) ;
#2152 = ORIENTED_EDGE ( 'NONE', *, *, #1316, .F. ) ;
#2153 = CARTESIAN_POINT ( 'NONE',  ( 136.5373530962511097, -70.14999999999999147, 2.999999999999992450 ) ) ;
#2154 = DIRECTION ( 'NONE',  ( 0.5320313727383452207, -0.8467246414402689325, 0.000000000000000000 ) ) ;
#2155 = ORIENTED_EDGE ( 'NONE', *, *, #2910, .T. ) ;
#2156 = FACE_BOUND ( 'NONE', #2029, .T. ) ;
#2157 = DIRECTION ( 'NONE',  ( -1.000000000000000000, 0.000000000000000000, 0.000000000000000000 ) ) ;
#2158 = CARTESIAN_POINT ( 'NONE',  ( 125.0757680000000107, -65.43954099999999130, 0.000000000000000000 ) ) ;
#2159 = ORIENTED_EDGE ( 'NONE', *, *, #3245, .F. ) ;
#2160 = VERTEX_POINT ( 'NONE', #1924 ) ;
#2161 = EDGE_CURVE ( 'NONE', #1975, #2037, #350, .T. ) ;
#2162 = FACE_OUTER_BOUND ( 'NONE', #1485, .T. ) ;
#2163 = CARTESIAN_POINT ( 'NONE',  ( 115.1000000000000227, -71.64999999999999147, 0.000000000000000000 ) ) ;
#2164 = ORIENTED_EDGE ( 'NONE', *, *, #1245, .F. ) ;
#2165 = VECTOR ( 'NONE', #2418, 1000.000000000000000 ) ;
#2166 = ADVANCED_FACE ( 'NONE', ( #3739, #3430, #3131, #307, #1989 ), #2916, .F. ) ;
#2167 = PERSON_AND_ORGANIZATION ( #120, #278 ) ;
#2168 = DIRECTION ( 'NONE',  ( -0.3302800846503718413, 0.9438829724512161068, 0.000000000000000000 ) ) ;
#2169 = FACE_OUTER_BOUND ( 'NONE', #1631, .T. ) ;
#2170 = VECTOR ( 'NONE', #1529, 1000.000000000000000 ) ;
#2171 = ORIENTED_EDGE ( 'NONE', *, *, #1483, .F. ) ;
#2172 = EDGE_CURVE ( 'NONE', #3842, #370, #125, .T. ) ;
#2173 = VECTOR ( 'NONE', #2110, 999.9999999999998863 ) ;
#2174 = AXIS2_PLACEMENT_3D ( 'NONE', #2337, #3250, #1398 ) ;
#2175 = EDGE_CURVE ( 'NONE', #1540, #1423, #1076, .T. ) ;
#2176 = DIRECTION ( 'NONE',  ( 0.000000000000000000, 0.000000000000000000, 1.000000000000000000 ) ) ;
#2177 = CARTESIAN_POINT ( 'NONE',  ( -8.069161973108769814, -35.35378389868957072, 0.000000000000000000 ) ) ;
#2178 = AXIS2_PLACEMENT_3D ( 'NONE', #809, #529, #1424 ) ;
#2179 = ORIENTED_EDGE ( 'NONE', *, *, #368, .F. ) ;
#2180 = VECTOR ( 'NONE', #3825, 1000.000000000000000 ) ;
#2181 = EDGE_CURVE ( 'NONE', #3388, #385, #3360, .T. ) ;
#2182 = EDGE_CURVE ( 'NONE', #2036, #991, #1081, .T. ) ;
#2183 = VECTOR ( 'NONE', #979, 999.9999999999998863 ) ;
#2184 = VECTOR ( 'NONE', #2712, 1000.000000000000000 ) ;
#2185 = CARTESIAN_POINT ( 'NONE',  ( 8.457848948883938789, 13.46061432757545084, 4.000000000000000000 ) ) ;
#2186 = CARTESIAN_POINT ( 'NONE',  ( 125.5140750000000054, -65.75053599999999676, 0.000000000000000000 ) ) ;
#2187 = VERTEX_POINT ( 'NONE', #719 ) ;
#2188 = CARTESIAN_POINT ( 'NONE',  ( 124.7176539999999960, -62.26118900000000167, 0.000000000000000000 ) ) ;
#2189 = EDGE_LOOP ( 'NONE', ( #3721, #2103, #101, #2098, #1923, #1380, #1799, #3491, #3610, #3026, #1583, #2492, #3144, #1778, #2212, #3038, #57, #2556, #4004, #1218, #2596, #315, #1422, #2577, #484, #2448, #704, #3779, #387, #4013, #2276, #1753, #182, #1625, #1093, #2718, #1272, #351, #2571, #1816, #2289, #1647, #169, #3753, #2005, #680, #3518, #3951, #2285, #3864, #620, #2293, #3004, #3384, #2082, #1821, #1399 ) ) ;
#2190 = ORIENTED_EDGE ( 'NONE', *, *, #3211, .T. ) ;
#2191 = VECTOR ( 'NONE', #568, 1000.000000000000000 ) ;
#2192 = CIRCLE ( 'NONE', #3238, 5.000000000000004441 ) ;
#2193 = DIRECTION ( 'NONE',  ( -1.000000000000000000, -0.000000000000000000, -0.000000000000000000 ) ) ;
#2194 = DIRECTION ( 'NONE',  ( 0.6234894658110480270, 0.7818317504569982646, -0.000000000000000000 ) ) ;
#2195 = ADVANCED_FACE ( 'NONE', ( #1408 ), #3317, .T. ) ;
#2196 = DIRECTION ( 'NONE',  ( 0.000000000000000000, -0.000000000000000000, 1.000000000000000000 ) ) ;
#2197 = ORIENTED_EDGE ( 'NONE', *, *, #722, .F. ) ;
#2198 = LINE ( 'NONE', #3725, #2649 ) ;
#2199 = APPROVAL_DATE_TIME ( #1267, #3892 ) ;
#2200 = DIRECTION ( 'NONE',  ( 0.000000000000000000, 0.000000000000000000, 1.000000000000000000 ) ) ;
#2201 = DIRECTION ( 'NONE',  ( 1.000000000000000000, 0.000000000000000000, 0.000000000000000000 ) ) ;
#2202 = VERTEX_POINT ( 'NONE', #2620 ) ;
#2203 = CARTESIAN_POINT ( 'NONE',  ( 136.5373530962511097, -63.37500000000001421, 2.999999999999992450 ) ) ;
#2204 = ADVANCED_FACE ( 'NONE', ( #3899 ), #3620, .T. ) ;
#2205 = EDGE_CURVE ( 'NONE', #2504, #1168, #3566, .T. ) ;
#2206 = EDGE_LOOP ( 'NONE', ( #3523, #2476, #2171, #2776 ) ) ;
#2207 = PLANE ( 'NONE',  #1321 ) ;
#2208 = CARTESIAN_POINT ( 'NONE',  ( 0.000000000000000000, 0.000000000000000000, 4.000000000000000000 ) ) ;
#2209 = LINE ( 'NONE', #1946, #1189 ) ;
#2210 = ORIENTED_EDGE ( 'NONE', *, *, #824, .F. ) ;
#2211 = DIRECTION ( 'NONE',  ( -0.000000000000000000, -0.000000000000000000, -1.000000000000000000 ) ) ;
#2212 = ORIENTED_EDGE ( 'NONE', *, *, #1940, .F. ) ;
#2213 = DIRECTION ( 'NONE',  ( 1.000000000000000000, 0.000000000000000000, 0.000000000000000000 ) ) ;
#2214 = CARTESIAN_POINT ( 'NONE',  ( 29.81811349999088279, 29.81811349999522776, 4.000000000000000000 ) ) ;
#2215 = EDGE_CURVE ( 'NONE', #1468, #2643, #418, .T. ) ;
#2216 = ORIENTED_EDGE ( 'NONE', *, *, #1879, .F. ) ;
#2217 = CARTESIAN_POINT ( 'NONE',  ( 125.2861889999999931, -61.69265399999998323, 0.000000000000000000 ) ) ;
#2218 = LINE ( 'NONE', #2782, #3961 ) ;
#2219 = EDGE_LOOP ( 'NONE', ( #2224, #433, #1952, #2034 ) ) ;
#2220 = ORIENTED_EDGE ( 'NONE', *, *, #1632, .F. ) ;
#2221 = DIRECTION ( 'NONE',  ( 0.000000000000000000, 0.000000000000000000, 1.000000000000000000 ) ) ;
#2223 = ORIENTED_EDGE ( 'NONE', *, *, #3121, .F. ) ;
#2222 = LINE ( 'NONE', #3465, #1390 ) ;
#2224 = ORIENTED_EDGE ( 'NONE', *, *, #1067, .F. ) ;
#2225 = DIRECTION ( 'NONE',  ( 0.000000000000000000, 0.000000000000000000, 1.000000000000000000 ) ) ;
#2226 = DIRECTION ( 'NONE',  ( -0.9009683180561092186, 0.4338848808833348225, 0.000000000000000000 ) ) ;
#2227 = CARTESIAN_POINT ( 'NONE',  ( 126.5404309999999839, -61.25377599999998068, 4.000000000000000000 ) ) ;
#2228 = ORIENTED_EDGE ( 'NONE', *, *, #3900, .T. ) ;
#2229 = DIRECTION ( 'NONE',  ( -0.000000000000000000, -0.000000000000000000, -1.000000000000000000 ) ) ;
#2230 = EDGE_LOOP ( 'NONE', ( #2326, #1550, #3107, #909 ) ) ;
#2231 = EDGE_CURVE ( 'NONE', #3708, #1871, #1699, .T. ) ;
#2232 = CARTESIAN_POINT ( 'NONE',  ( 130.6189240813047832, -60.27118415377817229, 4.000000000000000000 ) ) ;
#2233 = LINE ( 'NONE', #42, #1919 ) ;
#2234 = LINE ( 'NONE', #3135, #197 ) ;
#2235 = ORIENTED_EDGE ( 'NONE', *, *, #301, .F. ) ;
#2236 = LINE ( 'NONE', #1953, #656 ) ;
#2237 = EDGE_CURVE ( 'NONE', #3738, #2319, #2317, .T. ) ;
#2238 = PERSON_AND_ORGANIZATION_ROLE ( 'design_owner' ) ;
#2239 = DIRECTION ( 'NONE',  ( 0.9749285612559188685, -0.2225180901577759329, 0.000000000000000000 ) ) ;
#2240 = VERTEX_POINT ( 'NONE', #1363 ) ;
#2241 = VECTOR ( 'NONE', #2508, 1000.000000000000114 ) ;
#2242 = VERTEX_POINT ( 'NONE', #148 ) ;
#2243 = VECTOR ( 'NONE', #1495, 1000.000000000000000 ) ;
#2244 = DIRECTION ( 'NONE',  ( 0.000000000000000000, 1.000000000000000000, 0.000000000000000000 ) ) ;
#2246 = ORIENTED_EDGE ( 'NONE', *, *, #888, .T. ) ;
#2245 = LINE ( 'NONE', #2824, #3822 ) ;
#2247 = ORIENTED_EDGE ( 'NONE', *, *, #2093, .T. ) ;
#2248 = CARTESIAN_POINT ( 'NONE',  ( 117.3626469037488960, -61.11627930284586085, 0.000000000000000000 ) ) ;
#2249 = EDGE_CURVE ( 'NONE', #3151, #2766, #3873, .T. ) ;
#2250 = VECTOR ( 'NONE', #589, 999.9999999999998863 ) ;
#2251 = AXIS2_PLACEMENT_3D ( 'NONE', #152, #66, #374 ) ;
#2252 = CARTESIAN_POINT ( 'NONE',  ( -5.225441877292313464, -46.37696715718504947, 4.000000000000000000 ) ) ;
#2253 = LINE ( 'NONE', #1547, #204 ) ;
#2254 = AXIS2_PLACEMENT_3D ( 'NONE', #2203, #3124, #3165 ) ;
#2255 = ORIENTED_EDGE ( 'NONE', *, *, #423, .T. ) ;
#2256 = CARTESIAN_POINT ( 'NONE',  ( 124.8854589999999973, -65.24923200000002055, 0.000000000000000000 ) ) ;
#2257 = EDGE_CURVE ( 'NONE', #4042, #430, #2028, .T. ) ;
#2258 = ORIENTED_EDGE ( 'NONE', *, *, #2340, .T. ) ;
#2259 = EDGE_CURVE ( 'NONE', #3479, #3457, #449, .T. ) ;
#2260 = AXIS2_PLACEMENT_3D ( 'NONE', #3267, #2064, #3309 ) ;
#2261 = AXIS2_PLACEMENT_3D ( 'NONE', #2139, #4, #2494 ) ;
#2262 = CARTESIAN_POINT ( 'NONE',  ( -5.232857564852019472, -14.95459575758061632, 4.000000000000000000 ) ) ;
#2263 = DIRECTION ( 'NONE',  ( 0.000000000000000000, -0.000000000000000000, -1.000000000000000000 ) ) ;
#2264 = CIRCLE ( 'NONE', #3568, 3.000000000000002665 ) ;
#2265 = CIRCLE ( 'NONE', #2791, 5.000000000000004441 ) ;
#2266 = PLANE ( 'NONE',  #258 ) ;
#2267 = ORIENTED_EDGE ( 'NONE', *, *, #1666, .T. ) ;
#2268 = FACE_OUTER_BOUND ( 'NONE', #945, .T. ) ;
#2269 = CONICAL_SURFACE ( 'NONE', #2130, 1.500000000000001332, 0.7853981633974447263 ) ;
#2270 = LINE ( 'NONE', #2865, #271 ) ;
#2271 = DIRECTION ( 'NONE',  ( -1.000000000000000000, -5.551115123125777969E-15, 0.000000000000000000 ) ) ;
#2272 = ORIENTED_EDGE ( 'NONE', *, *, #3467, .F. ) ;
#2273 = DIRECTION ( 'NONE',  ( 1.000000000000000000, 0.000000000000000000, 0.000000000000000000 ) ) ;
#2275 = ORIENTED_EDGE ( 'NONE', *, *, #2182, .T. ) ;
#2274 = FACE_OUTER_BOUND ( 'NONE', #1435, .T. ) ;
#2276 = ORIENTED_EDGE ( 'NONE', *, *, #2237, .F. ) ;
#2277 = CARTESIAN_POINT ( 'NONE',  ( 118.8626469037489102, -59.61627930284585375, 0.000000000000000000 ) ) ;
#2278 = LINE ( 'NONE', #35, #2400 ) ;
#2279 = PLANE ( 'NONE',  #806 ) ;
#2280 = VERTEX_POINT ( 'NONE', #2045 ) ;
#2281 = CARTESIAN_POINT ( 'NONE',  ( 113.1000000000000085, -77.25000000000000000, 0.000000000000000000 ) ) ;
#2282 = ORIENTED_EDGE ( 'NONE', *, *, #1461, .T. ) ;
#2283 = CARTESIAN_POINT ( 'NONE',  ( 125.2861889999999931, -65.60734599999997840, 4.000000000000000000 ) ) ;
#2284 = LINE ( 'NONE', #1995, #1243 ) ;
#2285 = ORIENTED_EDGE ( 'NONE', *, *, #1365, .F. ) ;
#2286 = ADVANCED_FACE ( 'NONE', ( #3293 ), #474, .F. ) ;
#2287 = DIRECTION ( 'NONE',  ( 1.000000000000000000, 0.000000000000000000, -0.000000000000000000 ) ) ;
#2288 = DIRECTION ( 'NONE',  ( -0.000000000000000000, -0.000000000000000000, 1.000000000000000000 ) ) ;
#2289 = ORIENTED_EDGE ( 'NONE', *, *, #3952, .F. ) ;
#2290 = DIRECTION ( 'NONE',  ( 0.8467246414403141186, -0.5320313727382733893, 0.000000000000000000 ) ) ;
#2291 = LINE ( 'NONE', #712, #3167 ) ;
#2293 = ORIENTED_EDGE ( 'NONE', *, *, #2505, .F. ) ;
#2292 = DIRECTION ( 'NONE',  ( 0.3302800846503809451, 0.9438829724512128871, 0.000000000000000000 ) ) ;
#2294 = ORIENTED_EDGE ( 'NONE', *, *, #1617, .F. ) ;
#2295 = DIRECTION ( 'NONE',  ( -0.1119636209285820028, -0.9937123062479203961, 0.000000000000000000 ) ) ;
#2296 = CARTESIAN_POINT ( 'NONE',  ( 137.2611022684410216, -57.69406270695253625, 0.000000000000000000 ) ) ;
#2297 = DIRECTION ( 'NONE',  ( 1.000000000000000000, 0.000000000000000000, 0.000000000000000000 ) ) ;
#2298 = ORIENTED_EDGE ( 'NONE', *, *, #2383, .F. ) ;
#2299 = DIRECTION ( 'NONE',  ( 1.000000000000000000, 0.000000000000000000, 0.000000000000000000 ) ) ;
#2300 = ORIENTED_EDGE ( 'NONE', *, *, #720, .T. ) ;
#2301 = CARTESIAN_POINT ( 'NONE',  ( 130.6189240813047832, -59.27118415377816518, 0.000000000000000000 ) ) ;
#2302 = LINE ( 'NONE', #1432, #1657 ) ;
#2303 = FACE_OUTER_BOUND ( 'NONE', #2828, .T. ) ;
#2304 = VERTEX_POINT ( 'NONE', #833 ) ;
#2305 = ADVANCED_FACE ( 'NONE', ( #3955 ), #2090, .F. ) ;
#2306 = DIRECTION ( 'NONE',  ( -0.000000000000000000, -0.000000000000000000, -1.000000000000000000 ) ) ;
#2307 = VERTEX_POINT ( 'NONE', #3013 ) ;
#2308 = CARTESIAN_POINT ( 'NONE',  ( 111.1000000000000085, -53.87500000000000000, -46.01011437716709196 ) ) ;
#2309 = DIRECTION ( 'NONE',  ( 0.000000000000000000, 0.7071067811865475727, 0.7071067811865475727 ) ) ;
#2310 = CARTESIAN_POINT ( 'NONE',  ( 125.0757680000000107, -61.86045900000001296, 4.000000000000000000 ) ) ;
#2311 = AXIS2_PLACEMENT_3D ( 'NONE', #24, #1554, #2196 ) ;
#2312 = ORIENTED_EDGE ( 'NONE', *, *, #1169, .T. ) ;
#2313 = ORIENTED_EDGE ( 'NONE', *, *, #1409, .T. ) ;
#2314 = EDGE_CURVE ( 'NONE', #385, #692, #3644, .T. ) ;
#2315 = AXIS2_PLACEMENT_3D ( 'NONE', #542, #3629, #3323 ) ;
#2316 = CARTESIAN_POINT ( 'NONE',  ( 115.1000000000000085, -57.87500000000000000, 0.000000000000000000 ) ) ;
#2317 = LINE ( 'NONE', #1680, #675 ) ;
#2318 = ADVANCED_FACE ( 'NONE', ( #2413 ), #3433, .F. ) ;
#2319 = VERTEX_POINT ( 'NONE', #637 ) ;
#2320 = CIRCLE ( 'NONE', #2970, 1.500000000000001332 ) ;
#2321 = VECTOR ( 'NONE', #3034, 1000.000000000000114 ) ;
#2322 = AXIS2_PLACEMENT_3D ( 'NONE', #867, #3383, #2128 ) ;
#2323 = CARTESIAN_POINT ( 'NONE',  ( 135.7611022684410216, -59.27118415377816518, 0.000000000000000000 ) ) ;
#2324 = DIRECTION ( 'NONE',  ( 0.000000000000000000, 1.000000000000000000, 0.000000000000000000 ) ) ;
#2325 = EDGE_CURVE ( 'NONE', #2160, #1792, #1846, .T. ) ;
#2326 = ORIENTED_EDGE ( 'NONE', *, *, #1162, .T. ) ;
#2327 = AXIS2_PLACEMENT_3D ( 'NONE', #1715, #3516, #1628 ) ;
#2328 = VECTOR ( 'NONE', #1443, 1000.000000000000000 ) ;
#2329 = AXIS2_PLACEMENT_3D ( 'NONE', #2513, #2168, #2820 ) ;
#2330 = VECTOR ( 'NONE', #1966, 1000.000000000000000 ) ;
#2331 = LINE ( 'NONE', #1730, #1007 ) ;
#2332 = ORIENTED_EDGE ( 'NONE', *, *, #2069, .T. ) ;
#2333 = CC_DESIGN_APPROVAL ( #3892, ( #4012 ) ) ;
#2334 = CARTESIAN_POINT ( 'NONE',  ( 128.4645409999999970, -62.05076799999998372, 4.000000000000000000 ) ) ;
#2335 = EDGE_CURVE ( 'NONE', #505, #2997, #1132, .T. ) ;
#2336 = DIRECTION ( 'NONE',  ( -0.000000000000000000, 1.000000000000000000, -0.000000000000000000 ) ) ;
#2337 = CARTESIAN_POINT ( 'NONE',  ( 134.9610383482965403, -47.22507394579535855, 4.000000000000000000 ) ) ;
#2338 = VERTEX_POINT ( 'NONE', #3153 ) ;
#2339 = ORIENTED_EDGE ( 'NONE', *, *, #865, .T. ) ;
#2340 = EDGE_CURVE ( 'NONE', #239, #316, #1302, .T. ) ;
#2341 = EDGE_CURVE ( 'NONE', #1624, #1947, #1612, .T. ) ;
#2342 = CARTESIAN_POINT ( 'NONE',  ( -5.762027079519759454, -51.13928102171438894, 4.000000000000000000 ) ) ;
#2343 = CARTESIAN_POINT ( 'NONE',  ( 124.2787759999999793, 0.000000000000000000, 4.000000000000000000 ) ) ;
#2344 = VERTEX_POINT ( 'NONE', #3770 ) ;
#2345 = DIRECTION ( 'NONE',  ( -0.000000000000000000, -0.000000000000000000, -1.000000000000000000 ) ) ;
#2346 = ORIENTED_EDGE ( 'NONE', *, *, #611, .F. ) ;
#2347 = DIRECTION ( 'NONE',  ( -0.4338848808833348225, -0.9009683180561092186, 0.000000000000000000 ) ) ;
#2348 = DIRECTION ( 'NONE',  ( 1.000000000000000000, 0.000000000000000000, 0.000000000000000000 ) ) ;
#2349 = FACE_OUTER_BOUND ( 'NONE', #1773, .T. ) ;
#2350 = VERTEX_POINT ( 'NONE', #618 ) ;
#2351 = DIRECTION ( 'NONE',  ( 1.000000000000000000, 0.000000000000000000, 0.000000000000000000 ) ) ;
#2352 = ORIENTED_EDGE ( 'NONE', *, *, #4043, .F. ) ;
#2353 = VERTEX_POINT ( 'NONE', #2534 ) ;
#2354 = CARTESIAN_POINT ( 'NONE',  ( 124.7176539999999960, -62.26118900000000167, 4.000000000000000000 ) ) ;
#2355 = CARTESIAN_POINT ( 'NONE',  ( 117.3626469037488960, -70.14999999999999147, 0.000000000000000000 ) ) ;
#2356 = FACE_OUTER_BOUND ( 'NONE', #1155, .T. ) ;
#2357 = DIRECTION ( 'NONE',  ( -0.9009683180560897897, 0.4338848808833751236, 0.000000000000000000 ) ) ;
#2358 = ORIENTED_EDGE ( 'NONE', *, *, #851, .T. ) ;
#2359 = ORIENTED_EDGE ( 'NONE', *, *, #2563, .F. ) ;
#2360 = EDGE_CURVE ( 'NONE', #2006, #2898, #4044, .T. ) ;
#2361 = PLANE ( 'NONE',  #2729 ) ;
#2362 = CARTESIAN_POINT ( 'NONE',  ( 130.6189240813047832, -57.69406270695252914, 2.999999999999999112 ) ) ;
#2363 = ORIENTED_EDGE ( 'NONE', *, *, #142, .F. ) ;
#2364 = CARTESIAN_POINT ( 'NONE',  ( -5.225441877292313464, -46.37696715718504947, 0.000000000000000000 ) ) ;
#2365 = VERTEX_POINT ( 'NONE', #327 ) ;
#2366 = ADVANCED_FACE ( 'NONE', ( #953 ), #596, .T. ) ;
#2367 = EDGE_CURVE ( 'NONE', #1871, #532, #1874, .T. ) ;
#2368 = CARTESIAN_POINT ( 'NONE',  ( 128.6323459999999841, -62.26118900000000167, 0.000000000000000000 ) ) ;
#2369 = CARTESIAN_POINT ( 'NONE',  ( 124.3089099999999689, -63.24798500000000701, 0.000000000000000000 ) ) ;
#2370 = LINE ( 'NONE', #1123, #3304 ) ;
#2371 = DIRECTION ( 'NONE',  ( 0.9937121797503073450, 0.1119647436289348819, -0.000000000000000000 ) ) ;
#2372 = VERTEX_POINT ( 'NONE', #2877 ) ;
#2373 = EDGE_CURVE ( 'NONE', #3329, #3733, #3133, .T. ) ;
#2374 = EDGE_CURVE ( 'NONE', #1375, #3658, #289, .T. ) ;
#2375 = CARTESIAN_POINT ( 'NONE',  ( 75.78690051586470133, 36.49716604218625804, 0.000000000000000000 ) ) ;
#2376 = ORIENTED_EDGE ( 'NONE', *, *, #894, .T. ) ;
#2377 = ORIENTED_EDGE ( 'NONE', *, *, #2935, .T. ) ;
#2378 = EDGE_CURVE ( 'NONE', #2280, #2016, #1594, .T. ) ;
#2379 = ADVANCED_FACE ( 'NONE', ( #2162 ), #2574, .T. ) ;
#2380 = CARTESIAN_POINT ( 'NONE',  ( 129.0410899999999970, -64.05201499999999726, 4.000000000000000000 ) ) ;
#2381 = ORIENTED_EDGE ( 'NONE', *, *, #649, .F. ) ;
#2382 = ORIENTED_EDGE ( 'NONE', *, *, #4068, .T. ) ;
#2383 = EDGE_CURVE ( 'NONE', #1792, #788, #127, .T. ) ;
#2384 = CARTESIAN_POINT ( 'NONE',  ( 8.401463779050963865, -74.56487296251090413, 0.000000000000000000 ) ) ;
#2385 = CARTESIAN_POINT ( 'NONE',  ( 0.005188410114679843817, 0.01077380969092890141, 0.000000000000000000 ) ) ;
#2386 = CARTESIAN_POINT ( 'NONE',  ( 111.1000000000000085, -53.87500000000000000, 4.999854444024150801 ) ) ;
#2387 = ORIENTED_EDGE ( 'NONE', *, *, #423, .F. ) ;
#2388 = AXIS2_PLACEMENT_3D ( 'NONE', #910, #3412, #601 ) ;
#2389 = LINE ( 'NONE', #3623, #2608 ) ;
#2390 = ADVANCED_FACE ( 'NONE', ( #436 ), #2895, .F. ) ;
#2391 = CARTESIAN_POINT ( 'NONE',  ( 78.77658138550036426, -98.78279569570308638, 4.000000000000000000 ) ) ;
#2392 = DIRECTION ( 'NONE',  ( -0.000000000000000000, -0.000000000000000000, 1.000000000000000000 ) ) ;
#2393 = VECTOR ( 'NONE', #792, 1000.000000000000000 ) ;
#2394 = DIRECTION ( 'NONE',  ( -0.000000000000000000, -0.000000000000000000, -1.000000000000000000 ) ) ;
#2395 = DIRECTION ( 'NONE',  ( 0.000000000000000000, 0.000000000000000000, 1.000000000000000000 ) ) ;
#2396 = AXIS2_PLACEMENT_3D ( 'NONE', #270, #907, #3455 ) ;
#2397 = CIRCLE ( 'NONE', #863, 2.500000000000002220 ) ;
#2398 = ADVANCED_FACE ( 'NONE', ( #1661 ), #686, .T. ) ;
#2399 = CC_DESIGN_PERSON_AND_ORGANIZATION_ASSIGNMENT ( #3815, #3775, ( #1404 ) ) ;
#2400 = VECTOR ( 'NONE', #1963, 1000.000000000000000 ) ;
#2401 = DIRECTION ( 'NONE',  ( -0.000000000000000000, -0.000000000000000000, 1.000000000000000000 ) ) ;
#2402 = ORIENTED_EDGE ( 'NONE', *, *, #3091, .T. ) ;
#2403 = VECTOR ( 'NONE', #3637, 1000.000000000000000 ) ;
#2404 = VECTOR ( 'NONE', #4007, 1000.000000000000000 ) ;
#2405 = DIRECTION ( 'NONE',  ( 0.2225180901576891412, -0.9749285612559387415, 0.000000000000000000 ) ) ;
#2406 = LINE ( 'NONE', #883, #1866 ) ;
#2407 = ORIENTED_EDGE ( 'NONE', *, *, #2700, .F. ) ;
#2408 = AXIS2_PLACEMENT_3D ( 'NONE', #2308, #3249, #427 ) ;
#2409 = ORIENTED_EDGE ( 'NONE', *, *, #2431, .F. ) ;
#2410 = VECTOR ( 'NONE', #746, 999.9999999999998863 ) ;
#2411 = CARTESIAN_POINT ( 'NONE',  ( 140.3000000000000114, -63.37500000000001421, 0.000000000000000000 ) ) ;
#2412 = PLANE ( 'NONE',  #1864 ) ;
#2413 = FACE_OUTER_BOUND ( 'NONE', #714, .T. ) ;
#2414 = ORIENTED_EDGE ( 'NONE', *, *, #3669, .T. ) ;
#2415 = CARTESIAN_POINT ( 'NONE',  ( 118.8626469037489102, -59.61627930284585375, 0.000000000000000000 ) ) ;
#2416 = DIRECTION ( 'NONE',  ( 0.000000000000000000, -0.000000000000000000, -1.000000000000000000 ) ) ;
#2417 = LINE ( 'NONE', #2773, #1672 ) ;
#2418 = DIRECTION ( 'NONE',  ( 0.7071067811865732189, 0.7071067811865218156, 0.000000000000000000 ) ) ;
#2419 = EDGE_CURVE ( 'NONE', #2280, #232, #1968, .T. ) ;
#2420 = PLANE ( 'NONE',  #1998 ) ;
#2421 = EDGE_LOOP ( 'NONE', ( #976, #3601, #1347, #2159 ) ) ;
#2422 = EDGE_CURVE ( 'NONE', #949, #2059, #3875, .T. ) ;
#2423 = DIRECTION ( 'NONE',  ( 0.000000000000000000, 0.000000000000000000, 1.000000000000000000 ) ) ;
#2424 = LINE ( 'NONE', #2380, #811 ) ;
#2425 = VERTEX_POINT ( 'NONE', #109 ) ;
#2426 = ORIENTED_EDGE ( 'NONE', *, *, #176, .F. ) ;
#2427 = DIRECTION ( 'NONE',  ( -0.000000000000000000, -0.000000000000000000, -1.000000000000000000 ) ) ;
#2428 = FACE_OUTER_BOUND ( 'NONE', #1236, .T. ) ;
#2429 = ORIENTED_EDGE ( 'NONE', *, *, #3451, .F. ) ;
#2430 = EDGE_CURVE ( 'NONE', #2036, #1062, #93, .T. ) ;
#2431 = EDGE_CURVE ( 'NONE', #2425, #3151, #2030, .T. ) ;
#2432 = DIRECTION ( 'NONE',  ( -1.000000000000000000, 0.000000000000000000, 0.000000000000000000 ) ) ;
#2433 = CARTESIAN_POINT ( 'NONE',  ( 122.8240858155461979, -56.37500000000000000, 0.000000000000000000 ) ) ;
#2434 = CARTESIAN_POINT ( 'NONE',  ( 126.0105950000000092, -61.34379799999998539, 4.000000000000000000 ) ) ;
#2435 = DIRECTION ( 'NONE',  ( -0.8467246414403140076, 0.5320313727382733893, 0.000000000000000000 ) ) ;
#2436 = ORIENTED_EDGE ( 'NONE', *, *, #1355, .F. ) ;
#2437 = VERTEX_POINT ( 'NONE', #2301 ) ;
#2438 = EDGE_CURVE ( 'NONE', #45, #2799, #2973, .T. ) ;
#2439 = CARTESIAN_POINT ( 'NONE',  ( 124.2787759999999793, -63.78456899999999763, 4.000000000000000000 ) ) ;
#2440 = DIRECTION ( 'NONE',  ( -0.9009683180560897897, 0.4338848808833751236, 0.000000000000000000 ) ) ;
#2441 = EDGE_CURVE ( 'NONE', #160, #2202, #2517, .T. ) ;
#2442 = ORIENTED_EDGE ( 'NONE', *, *, #864, .F. ) ;
#2443 = VERTEX_POINT ( 'NONE', #1633 ) ;
#2444 = ADVANCED_FACE ( 'NONE', ( #2681 ), #1324, .T. ) ;
#2445 = DIRECTION ( 'NONE',  ( 0.000000000000000000, -0.000000000000000000, -1.000000000000000000 ) ) ;
#2446 = CARTESIAN_POINT ( 'NONE',  ( 128.1189240813047832, -57.69406270695254335, 4.000000000000000000 ) ) ;
#2447 = EDGE_CURVE ( 'NONE', #3733, #505, #3604, .T. ) ;
#2448 = ORIENTED_EDGE ( 'NONE', *, *, #1481, .F. ) ;
#2449 = PLANE ( 'NONE',  #1250 ) ;
#2450 = LINE ( 'NONE', #1786, #2054 ) ;
#2451 = EDGE_CURVE ( 'NONE', #1833, #3048, #3055, .T. ) ;
#2452 = ORIENTED_EDGE ( 'NONE', *, *, #3337, .T. ) ;
#2453 = AXIS2_PLACEMENT_3D ( 'NONE', #3545, #1367, #1040 ) ;
#2454 = CARTESIAN_POINT ( 'NONE',  ( 129.1189240813047832, -57.77118415377815808, 0.000000000000000000 ) ) ;
#2455 = AXIS2_PLACEMENT_3D ( 'NONE', #855, #2052, #2135 ) ;
#2456 = ORIENTED_EDGE ( 'NONE', *, *, #3812, .F. ) ;
#2457 = VECTOR ( 'NONE', #2722, 1000.000000000000000 ) ;
#2458 = VECTOR ( 'NONE', #2552, 1000.000000000000000 ) ;
#2459 = AXIS2_PLACEMENT_3D ( 'NONE', #1562, #2545, #2482 ) ;
#2460 = CARTESIAN_POINT ( 'NONE',  ( 128.1189240813047832, -57.77118415377815808, 4.000000000000000000 ) ) ;
#2461 = DIRECTION ( 'NONE',  ( -0.8467246414403140076, -0.5320313727382733893, 0.000000000000000000 ) ) ;
#2462 = ORIENTED_EDGE ( 'NONE', *, *, #2451, .T. ) ;
#2463 = VECTOR ( 'NONE', #3254, 1000.000000000000000 ) ;
#2464 = AXIS2_PLACEMENT_3D ( 'NONE', #364, #1978, #2946 ) ;
#2465 = VECTOR ( 'NONE', #424, 1000.000000000000114 ) ;
#2466 = DIRECTION ( 'NONE',  ( 1.000000000000000000, 0.000000000000000000, 0.000000000000000000 ) ) ;
#2467 = DIRECTION ( 'NONE',  ( 0.000000000000000000, -1.000000000000000000, 0.000000000000000000 ) ) ;
#2468 = VECTOR ( 'NONE', #2211, 1000.000000000000000 ) ;
#2469 = ORIENTED_EDGE ( 'NONE', *, *, #3279, .T. ) ;
#2470 = CIRCLE ( 'NONE', #677, 5.000000000000004441 ) ;
#2471 = EDGE_CURVE ( 'NONE', #3139, #1012, #922, .T. ) ;
#2472 = EDGE_CURVE ( 'NONE', #2059, #2058, #1147, .T. ) ;
#2473 = DIRECTION ( 'NONE',  ( 0.000000000000000000, 0.000000000000000000, 1.000000000000000000 ) ) ;
#2474 = CARTESIAN_POINT ( 'NONE',  ( 135.7611022684410216, -59.27118415377816518, 0.000000000000000000 ) ) ;
#2475 = LINE ( 'NONE', #2761, #2982 ) ;
#2476 = ORIENTED_EDGE ( 'NONE', *, *, #2512, .T. ) ;
#2477 = DIRECTION ( 'NONE',  ( -0.6234894658110983201, 0.7818317504569581855, 0.000000000000000000 ) ) ;
#2478 = ORIENTED_EDGE ( 'NONE', *, *, #1381, .F. ) ;
#2479 = FACE_OUTER_BOUND ( 'NONE', #2835, .T. ) ;
#2480 = ORIENTED_EDGE ( 'NONE', *, *, #952, .F. ) ;
#2481 = FACE_OUTER_BOUND ( 'NONE', #850, .T. ) ;
#2482 = DIRECTION ( 'NONE',  ( 1.000000000000000000, 0.000000000000000000, 0.000000000000000000 ) ) ;
#2483 = ORIENTED_EDGE ( 'NONE', *, *, #2484, .T. ) ;
#2484 = EDGE_CURVE ( 'NONE', #3025, #137, #1506, .T. ) ;
#2485 = CARTESIAN_POINT ( 'NONE',  ( 115.1000000000000085, -57.87500000000000000, 2.500000000000000444 ) ) ;
#2486 = DIRECTION ( 'NONE',  ( 0.9749285612559163150, -0.2225180901577871739, 0.000000000000000000 ) ) ;
#2487 = CARTESIAN_POINT ( 'NONE',  ( 113.1000000000000085, -55.87499999999999289, 8.000000000000000000 ) ) ;
#2488 = ORIENTED_EDGE ( 'NONE', *, *, #2182, .F. ) ;
#2489 = EDGE_CURVE ( 'NONE', #1054, #1943, #3335, .T. ) ;
#2490 = DIRECTION ( 'NONE',  ( -0.9438829724512050046, 0.3302800846504040377, 0.000000000000000000 ) ) ;
#2491 = ORIENTED_EDGE ( 'NONE', *, *, #3083, .T. ) ;
#2492 = ORIENTED_EDGE ( 'NONE', *, *, #1834, .F. ) ;
#2493 = CARTESIAN_POINT ( 'NONE',  ( 122.8240858155461979, -59.61627930284585375, 0.000000000000000000 ) ) ;
#2494 = DIRECTION ( 'NONE',  ( 0.000000000000000000, 0.000000000000000000, 1.000000000000000000 ) ) ;
#2495 = VERTEX_POINT ( 'NONE', #1810 ) ;
#2496 = LINE ( 'NONE', #676, #547 ) ;
#2497 = CARTESIAN_POINT ( 'NONE',  ( 125.8240858155462121, -58.11627930284585375, 4.000000000000000000 ) ) ;
#2498 = FACE_OUTER_BOUND ( 'NONE', #391, .T. ) ;
#2499 = ORIENTED_EDGE ( 'NONE', *, *, #545, .T. ) ;
#2500 = LINE ( 'NONE', #3736, #998 ) ;
#2501 = CARTESIAN_POINT ( 'NONE',  ( 138.0373530962511097, -71.64999999999999147, 0.000000000000000000 ) ) ;
#2502 = ORIENTED_EDGE ( 'NONE', *, *, #1940, .T. ) ;
#2503 = DIRECTION ( 'NONE',  ( -0.6234894658110763377, -0.7818317504569756160, 0.000000000000000000 ) ) ;
#2504 = VERTEX_POINT ( 'NONE', #873 ) ;
#2505 = EDGE_CURVE ( 'NONE', #332, #228, #3071, .T. ) ;
#2506 = DIRECTION ( 'NONE',  ( 0.000000000000000000, 0.000000000000000000, 1.000000000000000000 ) ) ;
#2507 = PLANE ( 'NONE',  #1244 ) ;
#2508 = DIRECTION ( 'NONE',  ( 0.8467246414403256649, -0.5320313727382548485, 0.000000000000000000 ) ) ;
#2509 = EDGE_LOOP ( 'NONE', ( #1505, #1569, #2456, #1209, #3447, #2023, #161, #2632, #2100, #3288 ) ) ;
#2510 = DIRECTION ( 'NONE',  ( 0.000000000000000000, -0.000000000000000000, -1.000000000000000000 ) ) ;
#2511 = AXIS2_PLACEMENT_3D ( 'NONE', #3134, #2194, #706 ) ;
#2512 = EDGE_CURVE ( 'NONE', #2027, #3139, #3626, .T. ) ;
#2513 = CARTESIAN_POINT ( 'NONE',  ( 32.86952567397808878, -93.93538102383149635, 4.000000000000000000 ) ) ;
#2514 = DIRECTION ( 'NONE',  ( -0.7818317504569857190, -0.6234894658110637922, 0.000000000000000000 ) ) ;
#2515 = CONICAL_SURFACE ( 'NONE', #1520, 1.500000000000001332, 0.7853981633974482790 ) ;
#2516 = ORIENTED_EDGE ( 'NONE', *, *, #3281, .F. ) ;
#2517 = CIRCLE ( 'NONE', #2251, 5.000000000000004441 ) ;
#2518 = VECTOR ( 'NONE', #3224, 1000.000000000000000 ) ;
#2519 = ADVANCED_FACE ( 'NONE', ( #1121 ), #2449, .F. ) ;
#2520 = CARTESIAN_POINT ( 'NONE',  ( 136.5373530962511097, -70.14999999999999147, 2.999999999999992450 ) ) ;
#2521 = CARTESIAN_POINT ( 'NONE',  ( 145.7999999999999829, -77.25000000000000000, 0.000000000000000000 ) ) ;
#2522 = VECTOR ( 'NONE', #3896, 1000.000000000000000 ) ;
#2523 = ORIENTED_EDGE ( 'NONE', *, *, #261, .T. ) ;
#2524 = VECTOR ( 'NONE', #1674, 999.9999999999998863 ) ;
#2525 = AXIS2_PLACEMENT_3D ( 'NONE', #504, #2401, #2957 ) ;
#2526 = VECTOR ( 'NONE', #2875, 1000.000000000000000 ) ;
#2527 = PLANE ( 'NONE',  #531 ) ;
#2528 = DIRECTION ( 'NONE',  ( 1.000000000000000000, 0.000000000000000000, 0.000000000000000000 ) ) ;
#2529 = DIRECTION ( 'NONE',  ( -0.000000000000000000, 1.000000000000000000, 0.000000000000000000 ) ) ;
#2530 = DIRECTION ( 'NONE',  ( -0.9749285612559076553, 0.2225180901578250325, 0.000000000000000000 ) ) ;
#2531 = ORIENTED_EDGE ( 'NONE', *, *, #1499, .T. ) ;
#2532 = AXIS2_PLACEMENT_3D ( 'NONE', #1441, #2423, #1170 ) ;
#2533 = VECTOR ( 'NONE', #248, 1000.000000000000000 ) ;
#2534 = CARTESIAN_POINT ( 'NONE',  ( 127.0770149999999603, -61.28390999999998456, 4.000000000000000000 ) ) ;
#2535 = CARTESIAN_POINT ( 'NONE',  ( 122.8240858155462121, -58.11627930284585375, 4.000000000000000000 ) ) ;
#2536 = CARTESIAN_POINT ( 'NONE',  ( 118.8626469037489102, -59.61627930284585375, 2.500000000000000444 ) ) ;
#2537 = ORIENTED_EDGE ( 'NONE', *, *, #824, .T. ) ;
#2538 = PERSON_AND_ORGANIZATION ( #120, #278 ) ;
#2539 = DIRECTION ( 'NONE',  ( 0.000000000000000000, 1.000000000000000000, 0.000000000000000000 ) ) ;
#2540 = CARTESIAN_POINT ( 'NONE',  ( 125.8240858155462121, -58.11627930284585375, 4.000000000000000000 ) ) ;
#2541 = ORIENTED_EDGE ( 'NONE', *, *, #2013, .F. ) ;
#2542 = EDGE_CURVE ( 'NONE', #3101, #2566, #3981, .T. ) ;
#2543 = CARTESIAN_POINT ( 'NONE',  ( 108.1000000000000085, -77.25000000000000000, 8.000000000000000000 ) ) ;
#2544 = CARTESIAN_POINT ( 'NONE',  ( 128.7755360000000167, -64.81092500000001166, 4.000000000000000000 ) ) ;
#2545 = DIRECTION ( 'NONE',  ( -0.000000000000000000, -0.000000000000000000, 1.000000000000000000 ) ) ;
#2546 = ORIENTED_EDGE ( 'NONE', *, *, #2942, .T. ) ;
#2547 = LINE ( 'NONE', #1921, #939 ) ;
#2548 = CYLINDRICAL_SURFACE ( 'NONE', #265, 1.500000000000001332 ) ;
#2549 = ORIENTED_EDGE ( 'NONE', *, *, #2181, .T. ) ;
#2550 = CARTESIAN_POINT ( 'NONE',  ( 125.2861889999999931, -61.69265399999998323, 4.000000000000000000 ) ) ;
#2551 = EDGE_LOOP ( 'NONE', ( #3054, #3541, #3565, #3976 ) ) ;
#2552 = DIRECTION ( 'NONE',  ( -0.000000000000000000, -0.000000000000000000, 1.000000000000000000 ) ) ;
#2553 = DIRECTION ( 'NONE',  ( -0.2225180901578250048, 0.9749285612559075442, 0.000000000000000000 ) ) ;
#2554 = VERTEX_POINT ( 'NONE', #2415 ) ;
#2555 = ADVANCED_FACE ( 'NONE', ( #499 ), #816, .F. ) ;
#2556 = ORIENTED_EDGE ( 'NONE', *, *, #1227, .F. ) ;
#2557 = CARTESIAN_POINT ( 'NONE',  ( 140.7999999999999829, -55.87499999999999289, 8.000000000000000000 ) ) ;
#2558 = DIRECTION ( 'NONE',  ( 0.000000000000000000, -0.000000000000000000, -1.000000000000000000 ) ) ;
#2559 = ORIENTED_EDGE ( 'NONE', *, *, #1646, .T. ) ;
#2560 = ORIENTED_EDGE ( 'NONE', *, *, #139, .T. ) ;
#2561 = CARTESIAN_POINT ( 'NONE',  ( 5.908116140612322376, 9.402730322086938486, 4.000000000000000000 ) ) ;
#2562 = ADVANCED_FACE ( 'NONE', ( #1163 ), #3962, .F. ) ;
#2563 = EDGE_CURVE ( 'NONE', #2160, #1116, #3296, .T. ) ;
#2564 = DIRECTION ( 'NONE',  ( -0.7071067811865451302, 0.000000000000000000, 0.7071067811865500152 ) ) ;
#2565 = CARTESIAN_POINT ( 'NONE',  ( 128.2742320000000120, -65.43954099999999130, 4.000000000000000000 ) ) ;
#2566 = VERTEX_POINT ( 'NONE', #556 ) ;
#2567 = CARTESIAN_POINT ( 'NONE',  ( 78.77658138550036426, -98.78279569570308638, 4.000000000000000000 ) ) ;
#2568 = EDGE_CURVE ( 'NONE', #2058, #1353, #2094, .T. ) ;
#2569 = FACE_OUTER_BOUND ( 'NONE', #324, .T. ) ;
#2570 = LINE ( 'NONE', #924, #2841 ) ;
#2571 = ORIENTED_EDGE ( 'NONE', *, *, #3939, .F. ) ;
#2572 = LINE ( 'NONE', #634, #8 ) ;
#2573 = ORIENTED_EDGE ( 'NONE', *, *, #3426, .T. ) ;
#2574 = PLANE ( 'NONE',  #4084 ) ;
#2575 = LINE ( 'NONE', #328, #3406 ) ;
#2576 = EDGE_LOOP ( 'NONE', ( #224, #3712, #3442, #246 ) ) ;
#2577 = ORIENTED_EDGE ( 'NONE', *, *, #2087, .F. ) ;
#2578 = CARTESIAN_POINT ( 'NONE',  ( 124.8854589999999973, -65.24923200000002055, 4.000000000000000000 ) ) ;
#2579 = ADVANCED_FACE ( 'NONE', ( #2703 ), #1266, .F. ) ;
#2580 = LINE ( 'NONE', #1003, #409 ) ;
#2581 = CARTESIAN_POINT ( 'NONE',  ( 115.1000000000000227, -56.37500000000000000, 2.500000000000000444 ) ) ;
#2582 = ORIENTED_EDGE ( 'NONE', *, *, #1021, .F. ) ;
#2583 = VERTEX_POINT ( 'NONE', #2368 ) ;
#2584 = CIRCLE ( 'NONE', #2453, 2.500000000000002220 ) ;
#2585 = DIRECTION ( 'NONE',  ( -0.000000000000000000, 0.000000000000000000, 1.000000000000000000 ) ) ;
#2586 = CARTESIAN_POINT ( 'NONE',  ( 135.5373530962511097, -63.37500000000001421, 4.000000000000000000 ) ) ;
#2587 = CARTESIAN_POINT ( 'NONE',  ( 122.8240858155462121, -58.11627930284585375, 2.500000000000000444 ) ) ;
#2588 = EDGE_LOOP ( 'NONE', ( #2906, #112, #753, #4069 ) ) ;
#2589 = CARTESIAN_POINT ( 'NONE',  ( 108.1000000000000085, -72.24999999999998579, 8.000000000000000000 ) ) ;
#2590 = CIRCLE ( 'NONE', #2117, 2.500000000000002220 ) ;
#2591 = EDGE_CURVE ( 'NONE', #2016, #2830, #3940, .T. ) ;
#2592 = AXIS2_PLACEMENT_3D ( 'NONE', #3702, #317, #3084 ) ;
#2593 = CARTESIAN_POINT ( 'NONE',  ( 113.1000000000000085, -77.25000000000000000, -46.01011437716709196 ) ) ;
#2594 = LINE ( 'NONE', #1232, #2655 ) ;
#2595 = VECTOR ( 'NONE', #33, 1000.000000000000114 ) ;
#2596 = ORIENTED_EDGE ( 'NONE', *, *, #2367, .F. ) ;
#2597 = CARTESIAN_POINT ( 'NONE',  ( 127.5934400000000011, -61.43268900000001054, 4.000000000000000000 ) ) ;
#2598 = PRODUCT ( 'Bastidor PCBSW', 'Bastidor PCBSW', '', ( #198 ) ) ;
#2599 = VERTEX_POINT ( 'NONE', #190 ) ;
#2600 = ADVANCED_FACE ( 'NONE', ( #3646, #1785, #2156, #2808, #889 ), #2854, .T. ) ;
#2601 = VECTOR ( 'NONE', #1910, 1000.000000000000000 ) ;
#2602 = CIRCLE ( 'NONE', #598, 2.500000000000002220 ) ;
#2603 = LINE ( 'NONE', #638, #2720 ) ;
#2604 = CC_DESIGN_SECURITY_CLASSIFICATION ( #1077, ( #1404 ) ) ;
#2605 = VECTOR ( 'NONE', #574, 1000.000000000000000 ) ;
#2606 = PLANE ( 'NONE',  #3734 ) ;
#2607 = ORIENTED_EDGE ( 'NONE', *, *, #1481, .T. ) ;
#2608 = VECTOR ( 'NONE', #2076, 999.9999999999998863 ) ;
#2609 = LINE ( 'NONE', #3863, #1667 ) ;
#2610 = CARTESIAN_POINT ( 'NONE',  ( 142.7999999999999829, -74.25000000000000000, -46.01011437716709196 ) ) ;
#2611 = ORIENTED_EDGE ( 'NONE', *, *, #4038, .T. ) ;
#2612 = DIRECTION ( 'NONE',  ( -0.1119647436289857856, 0.9937121797503014609, 0.000000000000000000 ) ) ;
#2613 = DIRECTION ( 'NONE',  ( -0.000000000000000000, -0.000000000000000000, -1.000000000000000000 ) ) ;
#2614 = CARTESIAN_POINT ( 'NONE',  ( 130.4375272682252671, -45.64222345897077560, 4.000000000000000000 ) ) ;
#2615 = ORIENTED_EDGE ( 'NONE', *, *, #1794, .T. ) ;
#2616 = CARTESIAN_POINT ( 'NONE',  ( 129.7875391316899254, -14.62343048508909860, 4.000000000000000000 ) ) ;
#2617 = PLANE ( 'NONE',  #3893 ) ;
#2618 = CARTESIAN_POINT ( 'NONE',  ( 128.0638109999999870, -65.60734600000000682, 4.000000000000000000 ) ) ;
#2619 = ORIENTED_EDGE ( 'NONE', *, *, #764, .T. ) ;
#2620 = CARTESIAN_POINT ( 'NONE',  ( 111.1000000000000085, -51.29242430504415040, 4.999854444024149025 ) ) ;
#2621 = ORIENTED_EDGE ( 'NONE', *, *, #159, .F. ) ;
#2622 = CARTESIAN_POINT ( 'NONE',  ( 138.8000000000000114, -71.64999999999999147, 2.999999999999992450 ) ) ;
#2623 = DIRECTION ( 'NONE',  ( -0.000000000000000000, -0.000000000000000000, 1.000000000000000000 ) ) ;
#2624 = CARTESIAN_POINT ( 'NONE',  ( 113.1000000000000085, -50.87500000000000000, 4.999854444024149025 ) ) ;
#2625 = EDGE_CURVE ( 'NONE', #3708, #25, #3127, .T. ) ;
#2626 = ORIENTED_EDGE ( 'NONE', *, *, #1437, .T. ) ;
#2627 = ADVANCED_FACE ( 'NONE', ( #3717 ), #3746, .F. ) ;
#2628 = ORIENTED_EDGE ( 'NONE', *, *, #3641, .F. ) ;
#2629 = EDGE_CURVE ( 'NONE', #3992, #312, #588, .T. ) ;
#2630 = LINE ( 'NONE', #735, #1997 ) ;
#2631 = DIRECTION ( 'NONE',  ( -0.2225180901577759329, -0.9749285612559187575, 0.000000000000000000 ) ) ;
#2632 = ORIENTED_EDGE ( 'NONE', *, *, #3971, .T. ) ;
#2633 = ORIENTED_EDGE ( 'NONE', *, *, #225, .F. ) ;
#2634 = CARTESIAN_POINT ( 'NONE',  ( 126.5404309999999839, -61.25377599999998068, 0.000000000000000000 ) ) ;
#2635 = VERTEX_POINT ( 'NONE', #631 ) ;
#2636 = CARTESIAN_POINT ( 'NONE',  ( 127.3394049999999851, -61.34379799999999960, 4.000000000000000000 ) ) ;
#2637 = ORIENTED_EDGE ( 'NONE', *, *, #1096, .T. ) ;
#2638 = CARTESIAN_POINT ( 'NONE',  ( 125.5505749579206025, -60.46216628125550585, 4.000000000000000000 ) ) ;
#2639 = DIRECTION ( 'NONE',  ( 0.000000000000000000, -1.000000000000000000, -0.000000000000000000 ) ) ;
#2640 = DIRECTION ( 'NONE',  ( 0.9937121797502951326, -0.1119647436290424486, 0.000000000000000000 ) ) ;
#2641 = ORIENTED_EDGE ( 'NONE', *, *, #1781, .F. ) ;
#2642 = CARTESIAN_POINT ( 'NONE',  ( 136.5373530962511097, -70.14999999999999147, 0.000000000000000000 ) ) ;
#2643 = VERTEX_POINT ( 'NONE', #16 ) ;
#2644 = FACE_OUTER_BOUND ( 'NONE', #18, .T. ) ;
#2645 = FACE_OUTER_BOUND ( 'NONE', #1712, .T. ) ;
#2646 = CARTESIAN_POINT ( 'NONE',  ( 126.0105949999999808, -65.95620199999999045, 4.000000000000000000 ) ) ;
#2647 = EDGE_LOOP ( 'NONE', ( #1758, #1733, #6, #3973, #2190, #652, #34, #1876, #3086, #279, #906, #1153, #1567, #3881, #3332, #1863, #3810, #702, #2842, #3915, #2339, #69, #297, #3740, #345, #1937, #2928, #3525, #2685, #1512, #3908, #1981, #4008, #1254, #3548, #941, #919, #1285, #1555, #1739, #4058, #2382, #3699, #2462, #2637, #3156, #1654, #277, #3155, #2956, #3275, #902, #3910, #475, #1099, #1679, #3372 ) ) ;
#2648 = ORIENTED_EDGE ( 'NONE', *, *, #2013, .T. ) ;
#2649 = VECTOR ( 'NONE', #1637, 1000.000000000000000 ) ;
#2650 = PLANE ( 'NONE',  #3353 ) ;
#2651 = DIRECTION ( 'NONE',  ( -0.3302800846503809451, 0.9438829724512128871, 0.000000000000000000 ) ) ;
#2652 = VERTEX_POINT ( 'NONE', #1867 ) ;
#2653 = DIRECTION ( 'NONE',  ( 1.000000000000000000, 0.000000000000000000, 0.000000000000000000 ) ) ;
#2654 = VERTEX_POINT ( 'NONE', #3109 ) ;
#2655 = VECTOR ( 'NONE', #348, 1000.000000000000000 ) ;
#2656 = ADVANCED_FACE ( 'NONE', ( #1528 ), #3784, .F. ) ;
#2657 = LINE ( 'NONE', #1541, #1934 ) ;
#2658 = VECTOR ( 'NONE', #1767, 1000.000000000000000 ) ;
#2659 = AXIS2_PLACEMENT_3D ( 'NONE', #553, #3012, #1118 ) ;
#2660 = DIRECTION ( 'NONE',  ( -0.9009683180561092186, 0.4338848808833348225, 0.000000000000000000 ) ) ;
#2661 = DIRECTION ( 'NONE',  ( -1.000000000000000000, 0.000000000000000000, -0.000000000000000000 ) ) ;
#2662 = LINE ( 'NONE', #3906, #525 ) ;
#2663 = ORIENTED_EDGE ( 'NONE', *, *, #3222, .F. ) ;
#2664 = AXIS2_PLACEMENT_3D ( 'NONE', #383, #2904, #2945 ) ;
#2665 = CONICAL_SURFACE ( 'NONE', #1396, 1.500000000000001332, 0.7853981633974488341 ) ;
#2666 = VECTOR ( 'NONE', #1133, 1000.000000000000114 ) ;
#2667 = VECTOR ( 'NONE', #3855, 1000.000000000000114 ) ;
#2668 = CARTESIAN_POINT ( 'NONE',  ( 104.2584457318915838, 23.79598993099370574, 4.000000000000000000 ) ) ;
#2669 = EDGE_CURVE ( 'NONE', #1089, #3388, #2547, .T. ) ;
#2670 = ORIENTED_EDGE ( 'NONE', *, *, #451, .T. ) ;
#2671 = VECTOR ( 'NONE', #1709, 1000.000000000000000 ) ;
#2672 = CARTESIAN_POINT ( 'NONE',  ( 113.1000000000000085, -72.25000000000000000, -46.01011437716709196 ) ) ;
#2673 = LINE ( 'NONE', #843, #808 ) ;
#2674 = DIRECTION ( 'NONE',  ( -0.000000000000000000, 1.000000000000000000, -0.000000000000000000 ) ) ;
#2675 = ORIENTED_EDGE ( 'NONE', *, *, #1489, .F. ) ;
#2676 = CARTESIAN_POINT ( 'NONE',  ( 118.8626469037488960, -70.14999999999999147, 4.000000000000000000 ) ) ;
#2677 = DIRECTION ( 'NONE',  ( 0.000000000000000000, 1.000000000000000000, -0.000000000000000000 ) ) ;
#2678 = ORIENTED_EDGE ( 'NONE', *, *, #386, .T. ) ;
#2679 = ORIENTED_EDGE ( 'NONE', *, *, #903, .T. ) ;
#2680 = ADVANCED_FACE ( 'NONE', ( #3705 ), #3427, .F. ) ;
#2681 = FACE_OUTER_BOUND ( 'NONE', #3368, .T. ) ;
#2682 = CARTESIAN_POINT ( 'NONE',  ( 130.6189240813047832, -57.69406270695252914, 0.000000000000000000 ) ) ;
#2683 = CARTESIAN_POINT ( 'NONE',  ( -6.815708051670125833, -19.47810683765470685, 4.000000000000000000 ) ) ;
#2684 = CARTESIAN_POINT ( 'NONE',  ( 142.7999999999999829, -53.87500000000000000, 4.000000000000003553 ) ) ;
#2685 = ORIENTED_EDGE ( 'NONE', *, *, #3860, .T. ) ;
#2686 = DIRECTION ( 'NONE',  ( 1.000000000000000000, 0.000000000000000000, 0.000000000000000000 ) ) ;
#2687 = VERTEX_POINT ( 'NONE', #1231 ) ;
#2688 = ORIENTED_EDGE ( 'NONE', *, *, #1535, .T. ) ;
#2689 = CARTESIAN_POINT ( 'NONE',  ( 112.1000000000000085, -57.87500000000000711, 4.000000000000000000 ) ) ;
#2690 = CARTESIAN_POINT ( 'NONE',  ( 140.7999999999999829, -50.87500000000000000, 0.000000000000000000 ) ) ;
#2691 = LINE ( 'NONE', #3327, #212 ) ;
#2692 = ORIENTED_EDGE ( 'NONE', *, *, #2430, .F. ) ;
#2693 = ORIENTED_EDGE ( 'NONE', *, *, #1980, .F. ) ;
#2694 = EDGE_CURVE ( 'NONE', #1119, #1468, #2500, .T. ) ;
#2695 = CARTESIAN_POINT ( 'NONE',  ( 118.8626469037488960, -61.11627930284586085, 4.000000000000000000 ) ) ;
#2696 = LINE ( 'NONE', #886, #2781 ) ;
#2697 = ORIENTED_EDGE ( 'NONE', *, *, #3454, .T. ) ;
#2698 = CARTESIAN_POINT ( 'NONE',  ( 0.000000000000000000, 0.000000000000000000, 0.000000000000000000 ) ) ;
#2699 = ORIENTED_EDGE ( 'NONE', *, *, #3650, .F. ) ;
#2700 = EDGE_CURVE ( 'NONE', #3677, #228, #572, .T. ) ;
#2701 = APPROVAL ( #1223, 'UNSPECIFIED' ) ;
#2702 = DIRECTION ( 'NONE',  ( -0.000000000000000000, -0.000000000000000000, -1.000000000000000000 ) ) ;
#2703 = FACE_OUTER_BOUND ( 'NONE', #3021, .T. ) ;
#2704 = DIRECTION ( 'NONE',  ( -0.000000000000000000, -0.000000000000000000, -1.000000000000000000 ) ) ;
#2705 = LINE ( 'NONE', #73, #2736 ) ;
#2706 = CARTESIAN_POINT ( 'NONE',  ( 113.6000000000000085, -70.14999999999997726, 0.000000000000000000 ) ) ;
#2707 = DIRECTION ( 'NONE',  ( 0.000000000000000000, 0.000000000000000000, 1.000000000000000000 ) ) ;
#2708 = VERTEX_POINT ( 'NONE', #1281 ) ;
#2709 = VERTEX_POINT ( 'NONE', #1251 ) ;
#2710 = ADVANCED_FACE ( 'NONE', ( #3385 ), #2527, .F. ) ;
#2711 = LINE ( 'NONE', #3912, #2666 ) ;
#2712 = DIRECTION ( 'NONE',  ( -0.000000000000000000, -0.000000000000000000, -1.000000000000000000 ) ) ;
#2713 = EDGE_LOOP ( 'NONE', ( #3247, #961, #1090, #3987 ) ) ;
#2714 = VERTEX_POINT ( 'NONE', #1565 ) ;
#2715 = CARTESIAN_POINT ( 'NONE',  ( 65.80447148211611363, -104.7274096527275447, 0.000000000000000000 ) ) ;
#2716 = LINE ( 'NONE', #245, #1796 ) ;
#2717 = DIRECTION ( 'NONE',  ( 0.000000000000000000, 1.000000000000000000, 0.000000000000000000 ) ) ;
#2718 = ORIENTED_EDGE ( 'NONE', *, *, #1714, .F. ) ;
#2719 = EDGE_CURVE ( 'NONE', #3856, #3738, #2826, .T. ) ;
#2720 = VECTOR ( 'NONE', #2263, 1000.000000000000000 ) ;
#2721 = CARTESIAN_POINT ( 'NONE',  ( 19.71047314066898082, 24.71617334842838787, 0.000000000000000000 ) ) ;
#2722 = DIRECTION ( 'NONE',  ( -0.000000000000000000, -0.000000000000000000, 1.000000000000000000 ) ) ;
#2723 = VECTOR ( 'NONE', #3647, 1000.000000000000000 ) ;
#2724 = LINE ( 'NONE', #50, #275 ) ;
#2725 = CARTESIAN_POINT ( 'NONE',  ( 44.53095379778609697, 35.51221932239521806, 4.000000000000000000 ) ) ;
#2726 = ORIENTED_EDGE ( 'NONE', *, *, #488, .F. ) ;
#2727 = VECTOR ( 'NONE', #1608, 1000.000000000000114 ) ;
#2728 = VECTOR ( 'NONE', #1783, 1000.000000000000000 ) ;
#2729 = AXIS2_PLACEMENT_3D ( 'NONE', #1473, #1117, #2743 ) ;
#2730 = DIRECTION ( 'NONE',  ( -0.000000000000000000, -0.000000000000000000, -1.000000000000000000 ) ) ;
#2731 = VECTOR ( 'NONE', #2753, 1000.000000000000114 ) ;
#2732 = EDGE_CURVE ( 'NONE', #1833, #2009, #650, .T. ) ;
#2733 = EDGE_CURVE ( 'NONE', #3505, #1624, #1388, .T. ) ;
#2734 = ORIENTED_EDGE ( 'NONE', *, *, #847, .T. ) ;
#2735 = VECTOR ( 'NONE', #2306, 1000.000000000000000 ) ;
#2736 = VECTOR ( 'NONE', #2394, 1000.000000000000000 ) ;
#2737 = LINE ( 'NONE', #3974, #1333 ) ;
#2738 = LINE ( 'NONE', #1114, #337 ) ;
#2739 = VERTEX_POINT ( 'NONE', #2872 ) ;
#2740 = AXIS2_PLACEMENT_3D ( 'NONE', #498, #4034, #1838 ) ;
#2741 = ORIENTED_EDGE ( 'NONE', *, *, #3756, .F. ) ;
#2742 = VECTOR ( 'NONE', #2051, 1000.000000000000000 ) ;
#2743 = DIRECTION ( 'NONE',  ( 0.000000000000000000, -0.000000000000000000, -1.000000000000000000 ) ) ;
#2744 = DIRECTION ( 'NONE',  ( 0.000000000000000000, 0.000000000000000000, 1.000000000000000000 ) ) ;
#2745 = EDGE_CURVE ( 'NONE', #300, #2018, #1198, .T. ) ;
#2746 = ADVANCED_FACE ( 'NONE', ( #3870 ), #3583, .F. ) ;
#2747 = DIRECTION ( 'NONE',  ( 0.7818317504569982646, -0.6234894658110480270, 0.000000000000000000 ) ) ;
#2748 = DIRECTION ( 'NONE',  ( 0.6234894658110448074, -0.7818317504570008181, 0.000000000000000000 ) ) ;
#2749 = CARTESIAN_POINT ( 'NONE',  ( 124.5744640000000203, -62.48907499999999260, 0.000000000000000000 ) ) ;
#2750 = DIRECTION ( 'NONE',  ( 1.000000000000000000, 0.000000000000000000, 0.000000000000000000 ) ) ;
#2751 = ORIENTED_EDGE ( 'NONE', *, *, #3882, .T. ) ;
#2752 = CARTESIAN_POINT ( 'NONE',  ( 138.8000000000000114, -71.64999999999999147, 2.999999999999992450 ) ) ;
#2753 = DIRECTION ( 'NONE',  ( 0.7071067811865474617, -4.906538933386793298E-15, 0.7071067811865474617 ) ) ;
#2754 = ORIENTED_EDGE ( 'NONE', *, *, #1095, .F. ) ;
#2755 = ORIENTED_EDGE ( 'NONE', *, *, #1381, .T. ) ;
#2756 = CARTESIAN_POINT ( 'NONE',  ( -5.762027079519759454, -51.13928102171438894, 0.000000000000000000 ) ) ;
#2757 = DIRECTION ( 'NONE',  ( 1.000000000000000000, 0.000000000000000000, 0.000000000000000000 ) ) ;
#2758 = EDGE_LOOP ( 'NONE', ( #2611, #3132, #3945, #2282 ) ) ;
#2759 = DIRECTION ( 'NONE',  ( -0.000000000000000000, -0.000000000000000000, -1.000000000000000000 ) ) ;
#2760 = CARTESIAN_POINT ( 'NONE',  ( 63.25473867383950477, -100.6695256472366253, 0.000000000000000000 ) ) ;
#2761 = CARTESIAN_POINT ( 'NONE',  ( 135.5373530962511097, -70.14999999999999147, 4.000000000000000000 ) ) ;
#2762 = LINE ( 'NONE', #820, #2243 ) ;
#2763 = EDGE_LOOP ( 'NONE', ( #2499, #684, #2947, #3405 ) ) ;
#2764 = DIRECTION ( 'NONE',  ( 0.000000000000000000, 1.000000000000000000, 0.000000000000000000 ) ) ;
#2765 = DIRECTION ( 'NONE',  ( 0.6234894658110637922, -0.7818317504569857190, 0.000000000000000000 ) ) ;
#2766 = VERTEX_POINT ( 'NONE', #1378 ) ;
#2767 = CARTESIAN_POINT ( 'NONE',  ( 126.2729850000000340, -66.01609000000000549, 4.000000000000000000 ) ) ;
#2768 = CARTESIAN_POINT ( 'NONE',  ( 130.6189240813047832, -56.19406270695252914, 0.000000000000000000 ) ) ;
#2769 = ORIENTED_EDGE ( 'NONE', *, *, #1769, .T. ) ;
#2770 = ADVANCED_FACE ( 'NONE', ( #2025 ), #2650, .T. ) ;
#2771 = CARTESIAN_POINT ( 'NONE',  ( 115.1000000000000085, -70.14999999999999147, 2.500000000000000444 ) ) ;
#2772 = DIRECTION ( 'NONE',  ( -0.7818317504569656240, -0.6234894658110888832, 0.000000000000000000 ) ) ;
#2773 = CARTESIAN_POINT ( 'NONE',  ( 115.1000000000000227, -71.64999999999999147, 0.000000000000000000 ) ) ;
#2774 = ORIENTED_EDGE ( 'NONE', *, *, #2419, .T. ) ;
#2775 = CARTESIAN_POINT ( 'NONE',  ( 124.8854589999999973, -65.24923200000002055, 4.000000000000000000 ) ) ;
#2776 = ORIENTED_EDGE ( 'NONE', *, *, #3635, .F. ) ;
#2777 = CIRCLE ( 'NONE', #3741, 5.000000000000004441 ) ;
#2778 = EDGE_LOOP ( 'NONE', ( #3845, #696, #862, #1416 ) ) ;
#2779 = AXIS2_PLACEMENT_3D ( 'NONE', #1701, #2392, #2954 ) ;
#2780 = VECTOR ( 'NONE', #1052, 1000.000000000000000 ) ;
#2781 = VECTOR ( 'NONE', #570, 1000.000000000000000 ) ;
#2782 = CARTESIAN_POINT ( 'NONE',  ( 117.3626469037488960, -61.11627930284586085, 2.500000000000000444 ) ) ;
#2783 = EDGE_LOOP ( 'NONE', ( #458, #2092, #2675, #3312 ) ) ;
#2784 = ADVANCED_BREP_SHAPE_REPRESENTATION ( 'Bastidor PCBSW', ( #784, #2532 ), #1671 ) ;
#2785 = AXIS2_PLACEMENT_3D ( 'NONE', #2020, #443, #226 ) ;
#2786 = VECTOR ( 'NONE', #2292, 1000.000000000000000 ) ;
#2787 = ADVANCED_FACE ( 'NONE', ( #1296 ), #2617, .F. ) ;
#2788 = VECTOR ( 'NONE', #3263, 1000.000000000000000 ) ;
#2789 = CARTESIAN_POINT ( 'NONE',  ( 125.2861889999999931, -61.69265399999998323, 4.000000000000000000 ) ) ;
#2790 = DIRECTION ( 'NONE',  ( 0.000000000000000000, 0.000000000000000000, 1.000000000000000000 ) ) ;
#2791 = AXIS2_PLACEMENT_3D ( 'NONE', #2079, #3924, #192 ) ;
#2792 = VERTEX_POINT ( 'NONE', #104 ) ;
#2793 = CC_DESIGN_APPROVAL ( #929, ( #1077 ) ) ;
#2794 = DIRECTION ( 'NONE',  ( -0.000000000000000000, -0.000000000000000000, -1.000000000000000000 ) ) ;
#2795 = CARTESIAN_POINT ( 'NONE',  ( 135.7611022684410216, -57.69406270695252914, 0.000000000000000000 ) ) ;
#2796 = CARTESIAN_POINT ( 'NONE',  ( 115.8626469037488818, -71.64999999999999147, 0.000000000000000000 ) ) ;
#2797 = ORIENTED_EDGE ( 'NONE', *, *, #1564, .T. ) ;
#2798 = ADVANCED_FACE ( 'NONE', ( #1345 ), #2912, .F. ) ;
#2799 = VERTEX_POINT ( 'NONE', #700 ) ;
#2800 = ORIENTED_EDGE ( 'NONE', *, *, #2924, .F. ) ;
#2801 = EDGE_CURVE ( 'NONE', #410, #2654, #1317, .T. ) ;
#2802 = CARTESIAN_POINT ( 'NONE',  ( 115.8626469037488818, -73.14999999999999147, 4.000000000000000000 ) ) ;
#2803 = CARTESIAN_POINT ( 'NONE',  ( 19.54720346868813863, -85.64304565436189876, 4.000000000000000000 ) ) ;
#2804 = ORIENTED_EDGE ( 'NONE', *, *, #1463, .F. ) ;
#2805 = CARTESIAN_POINT ( 'NONE',  ( 130.6189240813047832, -57.77118415377816518, 0.000000000000000000 ) ) ;
#2806 = CARTESIAN_POINT ( 'NONE',  ( 127.8359249999999605, -61.54946399999998619, 4.000000000000000000 ) ) ;
#2807 = EDGE_LOOP ( 'NONE', ( #167, #450, #1359, #3080, #2670, #1230 ) ) ;
#2808 = FACE_BOUND ( 'NONE', #2647, .T. ) ;
#2809 = CARTESIAN_POINT ( 'NONE',  ( 0.000000000000000000, -53.87500000000000000, 4.000000000000000000 ) ) ;
#2810 = ORIENTED_EDGE ( 'NONE', *, *, #4047, .F. ) ;
#2811 = LINE ( 'NONE', #616, #1402 ) ;
#2812 = EDGE_LOOP ( 'NONE', ( #3977, #365, #2381, #1101 ) ) ;
#2813 = ORIENTED_EDGE ( 'NONE', *, *, #536, .F. ) ;
#2814 = ADVANCED_FACE ( 'NONE', ( #3561 ), #2930, .F. ) ;
#2815 = DIRECTION ( 'NONE',  ( 0.000000000000000000, -0.7071067811865475727, 0.7071067811865475727 ) ) ;
#2816 = DIRECTION ( 'NONE',  ( 0.000000000000000000, -0.000000000000000000, -1.000000000000000000 ) ) ;
#2817 = CARTESIAN_POINT ( 'NONE',  ( 108.1000000000000085, -77.25000000000000000, -46.01011437716709196 ) ) ;
#2818 = VERTEX_POINT ( 'NONE', #2007 ) ;
#2819 = APPROVAL_DATE_TIME ( #3391, #2701 ) ;
#2820 = DIRECTION ( 'NONE',  ( -0.9438829724512161068, -0.3302800846503718413, 0.000000000000000000 ) ) ;
#2821 = DIRECTION ( 'NONE',  ( 1.000000000000000000, 0.000000000000000000, 0.000000000000000000 ) ) ;
#2822 = ORIENTED_EDGE ( 'NONE', *, *, #30, .F. ) ;
#2823 = LINE ( 'NONE', #569, #3492 ) ;
#2824 = CARTESIAN_POINT ( 'NONE',  ( 118.8626469037488960, -61.11627930284585375, 4.000000000000000000 ) ) ;
#2825 = ORIENTED_EDGE ( 'NONE', *, *, #1483, .T. ) ;
#2826 = LINE ( 'NONE', #3763, #4021 ) ;
#2827 = DIRECTION ( 'NONE',  ( -0.000000000000000000, -0.000000000000000000, 1.000000000000000000 ) ) ;
#2828 = EDGE_LOOP ( 'NONE', ( #3668, #1974, #3526, #846 ) ) ;
#2829 = CARTESIAN_POINT ( 'NONE',  ( 138.8000000000000114, -72.64999999999999147, 4.000000000000000000 ) ) ;
#2830 = VERTEX_POINT ( 'NONE', #3231 ) ;
#2831 = CARTESIAN_POINT ( 'NONE',  ( 60.11645291927747081, 37.77360124584536294, 0.000000000000000000 ) ) ;
#2832 = CARTESIAN_POINT ( 'NONE',  ( 5.908116140612322376, 9.402730322086938486, 0.000000000000000000 ) ) ;
#2833 = VECTOR ( 'NONE', #3243, 1000.000000000000000 ) ;
#2834 = FACE_OUTER_BOUND ( 'NONE', #1135, .T. ) ;
#2835 = EDGE_LOOP ( 'NONE', ( #1049, #1130, #2822, #251 ) ) ;
#2836 = LINE ( 'NONE', #3792, #1790 ) ;
#2837 = AXIS2_PLACEMENT_3D ( 'NONE', #1752, #502, #3019 ) ;
#2838 = APPLICATION_PROTOCOL_DEFINITION ( 'international standard', 'config_control_design', 1994, #97 ) ;
#2839 = CARTESIAN_POINT ( 'NONE',  ( 111.1000000000000085, -51.29242430504415040, -46.01011437716709196 ) ) ;
#2840 = FACE_OUTER_BOUND ( 'NONE', #393, .T. ) ;
#2841 = VECTOR ( 'NONE', #683, 1000.000000000000114 ) ;
#2842 = ORIENTED_EDGE ( 'NONE', *, *, #342, .T. ) ;
#2843 = ORIENTED_EDGE ( 'NONE', *, *, #2341, .F. ) ;
#2844 = VECTOR ( 'NONE', #2757, 1000.000000000000000 ) ;
#2845 = EDGE_CURVE ( 'NONE', #2016, #996, #3497, .T. ) ;
#2846 = DIRECTION ( 'NONE',  ( 0.000000000000000000, -1.000000000000000000, 0.000000000000000000 ) ) ;
#2847 = CARTESIAN_POINT ( 'NONE',  ( 140.7999999999999829, -55.87499999999999289, 0.000000000000000000 ) ) ;
#2848 = VECTOR ( 'NONE', #2427, 1000.000000000000000 ) ;
#2849 = ORIENTED_EDGE ( 'NONE', *, *, #1999, .T. ) ;
#2850 = AXIS2_PLACEMENT_3D ( 'NONE', #624, #2866, #3441 ) ;
#2851 = VECTOR ( 'NONE', #3362, 1000.000000000000000 ) ;
#2852 = VECTOR ( 'NONE', #3000, 1000.000000000000000 ) ;
#2853 = EDGE_CURVE ( 'NONE', #828, #2353, #415, .T. ) ;
#2854 = PLANE ( 'NONE',  #1464 ) ;
#2855 = FACE_OUTER_BOUND ( 'NONE', #2783, .T. ) ;
#2856 = EDGE_LOOP ( 'NONE', ( #2825, #3639, #2628, #121 ) ) ;
#2857 = DIRECTION ( 'NONE',  ( 0.000000000000000000, -0.000000000000000000, -1.000000000000000000 ) ) ;
#2858 = LINE ( 'NONE', #20, #1261 ) ;
#2859 = ORIENTED_EDGE ( 'NONE', *, *, #2938, .T. ) ;
#2860 = LOCAL_TIME ( 10, 5, 31.00000000000000000, #47 ) ;
#2861 = DIRECTION ( 'NONE',  ( -0.000000000000000000, 1.000000000000000000, -0.000000000000000000 ) ) ;
#2862 = LINE ( 'NONE', #1020, #3092 ) ;
#2863 = PLANE ( 'NONE',  #2311 ) ;
#2864 = VERTEX_POINT ( 'NONE', #3271 ) ;
#2865 = CARTESIAN_POINT ( 'NONE',  ( 138.8000000000000114, -61.87500000000000000, 0.000000000000000000 ) ) ;
#2866 = DIRECTION ( 'NONE',  ( -0.3302800846503947674, -0.9438829724512081132, 0.000000000000000000 ) ) ;
#2867 = VERTEX_POINT ( 'NONE', #1360 ) ;
#2868 = CC_DESIGN_PERSON_AND_ORGANIZATION_ASSIGNMENT ( #2538, #4065, ( #1404 ) ) ;
#2869 = PLANE ( 'NONE',  #2987 ) ;
#2870 = PLANE ( 'NONE',  #2057 ) ;
#2871 = VERTEX_POINT ( 'NONE', #1033 ) ;
#2872 = CARTESIAN_POINT ( 'NONE',  ( 135.5373530962511097, -70.14999999999999147, 4.000000000000000000 ) ) ;
#2873 = CARTESIAN_POINT ( 'NONE',  ( 113.6000000000000085, -70.14999999999997726, 2.500000000000000444 ) ) ;
#2874 = ORIENTED_EDGE ( 'NONE', *, *, #896, .T. ) ;
#2875 = DIRECTION ( 'NONE',  ( -0.000000000000000000, -0.000000000000000000, 1.000000000000000000 ) ) ;
#2876 = ORIENTED_EDGE ( 'NONE', *, *, #159, .T. ) ;
#2877 = CARTESIAN_POINT ( 'NONE',  ( 127.3394049999999851, -65.95620199999999045, 4.000000000000000000 ) ) ;
#2878 = LINE ( 'NONE', #974, #3219 ) ;
#2879 = FACE_OUTER_BOUND ( 'NONE', #3216, .T. ) ;
#2880 = EDGE_LOOP ( 'NONE', ( #951, #1615, #1599, #1748 ) ) ;
#2881 = DIRECTION ( 'NONE',  ( 0.1119647436289348819, 0.9937121797503073450, 0.000000000000000000 ) ) ;
#2882 = DIRECTION ( 'NONE',  ( 0.2225180901578250048, 0.9749285612559075442, 0.000000000000000000 ) ) ;
#2883 = CARTESIAN_POINT ( 'NONE',  ( 32.86952567397808878, -93.93538102383149635, 4.000000000000000000 ) ) ;
#2884 = ORIENTED_EDGE ( 'NONE', *, *, #117, .T. ) ;
#2885 = DIRECTION ( 'NONE',  ( -0.5320313727383334523, -0.8467246414402762600, 0.000000000000000000 ) ) ;
#2886 = PLANE ( 'NONE',  #336 ) ;
#2887 = LINE ( 'NONE', #2614, #2786 ) ;
#2888 = ADVANCED_FACE ( 'NONE', ( #1078 ), #2948, .T. ) ;
#2889 = ORIENTED_EDGE ( 'NONE', *, *, #1371, .T. ) ;
#2890 = DIRECTION ( 'NONE',  ( -1.000000000000000000, 0.000000000000000000, 0.000000000000000000 ) ) ;
#2891 = DIRECTION ( 'NONE',  ( 1.000000000000000000, 0.000000000000000000, 0.000000000000000000 ) ) ;
#2892 = CARTESIAN_POINT ( 'NONE',  ( 112.1000000000000085, -70.14999999999996305, 4.000000000000000000 ) ) ;
#2893 = ORIENTED_EDGE ( 'NONE', *, *, #3730, .T. ) ;
#2894 = ORIENTED_EDGE ( 'NONE', *, *, #636, .F. ) ;
#2895 = PLANE ( 'NONE',  #2003 ) ;
#2896 = FACE_OUTER_BOUND ( 'NONE', #3493, .T. ) ;
#2897 = PLANE ( 'NONE',  #1913 ) ;
#2898 = VERTEX_POINT ( 'NONE', #3832 ) ;
#2899 = DIRECTION ( 'NONE',  ( -0.000000000000000000, -0.000000000000000000, -1.000000000000000000 ) ) ;
#2900 = ORIENTED_EDGE ( 'NONE', *, *, #534, .F. ) ;
#2901 = VECTOR ( 'NONE', #3808, 1000.000000000000000 ) ;
#2902 = PLANE ( 'NONE',  #2408 ) ;
#2903 = AXIS2_PLACEMENT_3D ( 'NONE', #1768, #2772, #836 ) ;
#2904 = DIRECTION ( 'NONE',  ( -1.000000000000000000, 0.000000000000000000, 0.000000000000000000 ) ) ;
#2906 = ORIENTED_EDGE ( 'NONE', *, *, #503, .T. ) ;
#2905 = LINE ( 'NONE', #2039, #2518 ) ;
#2907 = EDGE_LOOP ( 'NONE', ( #417, #3218, #107, #99 ) ) ;
#2908 = DIRECTION ( 'NONE',  ( -0.7071067811865218156, -0.7071067811865733299, 0.000000000000000000 ) ) ;
#2909 = VECTOR ( 'NONE', #1179, 999.9999999999998863 ) ;
#2910 = EDGE_CURVE ( 'NONE', #312, #332, #2278, .T. ) ;
#2911 = CIRCLE ( 'NONE', #667, 3.000000000000002665 ) ;
#2912 = PLANE ( 'NONE',  #2327 ) ;
#2913 = DIRECTION ( 'NONE',  ( 0.7818317504569581855, 0.6234894658110983201, 0.000000000000000000 ) ) ;
#2914 = VECTOR ( 'NONE', #2008, 1000.000000000000114 ) ;
#2915 = EDGE_LOOP ( 'NONE', ( #737, #608, #1144, #1908 ) ) ;
#2916 = PLANE ( 'NONE',  #544 ) ;
#2917 = VECTOR ( 'NONE', #669, 1000.000000000000000 ) ;
#2918 = AXIS2_PLACEMENT_3D ( 'NONE', #3752, #940, #960 ) ;
#2919 = ADVANCED_FACE ( 'NONE', ( #2569 ), #389, .F. ) ;
#2920 = FACE_OUTER_BOUND ( 'NONE', #1320, .T. ) ;
#2921 = AXIS2_PLACEMENT_3D ( 'NONE', #3018, #2288, #2271 ) ;
#2922 = LINE ( 'NONE', #3858, #2833 ) ;
#2923 = EDGE_LOOP ( 'NONE', ( #1578, #2488, #621, #4054 ) ) ;
#2924 = EDGE_CURVE ( 'NONE', #2687, #3101, #1677, .T. ) ;
#2925 = LINE ( 'NONE', #3246, #2465 ) ;
#2926 = ORIENTED_EDGE ( 'NONE', *, *, #1304, .T. ) ;
#2927 = DIRECTION ( 'NONE',  ( 0.000000000000000000, 0.000000000000000000, 1.000000000000000000 ) ) ;
#2928 = ORIENTED_EDGE ( 'NONE', *, *, #3891, .T. ) ;
#2929 = ADVANCED_FACE ( 'NONE', ( #230 ), #3675, .T. ) ;
#2930 = PLANE ( 'NONE',  #3821 ) ;
#2931 = LINE ( 'NONE', #1745, #2972 ) ;
#2932 = EDGE_LOOP ( 'NONE', ( #1695, #1202, #2800, #3728 ) ) ;
#2933 = DIRECTION ( 'NONE',  ( 0.000000000000000000, 0.7071067811865474617, 0.7071067811865474617 ) ) ;
#2934 = VERTEX_POINT ( 'NONE', #3315 ) ;
#2935 = EDGE_CURVE ( 'NONE', #2350, #721, #830, .T. ) ;
#2936 = CARTESIAN_POINT ( 'NONE',  ( 113.6000000000000085, -57.87500000000000711, 0.000000000000000000 ) ) ;
#2937 = LINE ( 'NONE', #1750, #1991 ) ;
#2938 = EDGE_CURVE ( 'NONE', #3658, #3582, #2911, .T. ) ;
#2939 = DIRECTION ( 'NONE',  ( -0.6234894658110449184, 0.7818317504570008181, 0.000000000000000000 ) ) ;
#2940 = ORIENTED_EDGE ( 'NONE', *, *, #2367, .T. ) ;
#2941 = CARTESIAN_POINT ( 'NONE',  ( 126.8095689999999820, -66.04622400000002358, 4.000000000000000000 ) ) ;
#2942 = EDGE_CURVE ( 'NONE', #228, #430, #494, .T. ) ;
#2943 = EDGE_LOOP ( 'NONE', ( #591, #1837, #1364, #797 ) ) ;
#2944 = LINE ( 'NONE', #2355, #2671 ) ;
#2945 = DIRECTION ( 'NONE',  ( 0.000000000000000000, 0.000000000000000000, 1.000000000000000000 ) ) ;
#2946 = DIRECTION ( 'NONE',  ( 1.000000000000000000, 0.000000000000000000, 0.000000000000000000 ) ) ;
#2947 = ORIENTED_EDGE ( 'NONE', *, *, #329, .F. ) ;
#2948 = CYLINDRICAL_SURFACE ( 'NONE', #3041, 5.000000000000004441 ) ;
#2949 = CARTESIAN_POINT ( 'NONE',  ( 127.5934400000000011, -61.43268900000001054, 4.000000000000000000 ) ) ;
#2950 = EDGE_LOOP ( 'NONE', ( #3782, #1824, #2216, #1239 ) ) ;
#2951 = CARTESIAN_POINT ( 'NONE',  ( 118.8626469037488960, -61.11627930284585375, 2.500000000000000444 ) ) ;
#2952 = EDGE_LOOP ( 'NONE', ( #2085, #126, #1800, #3598 ) ) ;
#2953 = EDGE_CURVE ( 'NONE', #3557, #3283, #512, .T. ) ;
#2954 = DIRECTION ( 'NONE',  ( 1.000000000000000000, 0.000000000000000000, 0.000000000000000000 ) ) ;
#2955 = PLANE ( 'NONE',  #3028 ) ;
#2956 = ORIENTED_EDGE ( 'NONE', *, *, #237, .T. ) ;
#2957 = DIRECTION ( 'NONE',  ( 1.000000000000000000, 0.000000000000000000, 0.000000000000000000 ) ) ;
#2958 = ORIENTED_EDGE ( 'NONE', *, *, #3947, .F. ) ;
#2959 = EDGE_CURVE ( 'NONE', #445, #2144, #1782, .T. ) ;
#2960 = LINE ( 'NONE', #3046, #1001 ) ;
#2961 = PLANE ( 'NONE',  #2174 ) ;
#2962 = ORIENTED_EDGE ( 'NONE', *, *, #636, .T. ) ;
#2963 = ORIENTED_EDGE ( 'NONE', *, *, #1983, .F. ) ;
#2964 = EDGE_CURVE ( 'NONE', #2242, #1294, #2127, .T. ) ;
#2965 = DIRECTION ( 'NONE',  ( -0.000000000000000000, -1.000000000000000000, -0.000000000000000000 ) ) ;
#2966 = CARTESIAN_POINT ( 'NONE',  ( 142.7999999999999829, -74.25000000000000000, 4.000000000000000000 ) ) ;
#2967 = ORIENTED_EDGE ( 'NONE', *, *, #3814, .F. ) ;
#2968 = DIRECTION ( 'NONE',  ( -0.7071067811865218156, -0.7071067811865733299, 0.000000000000000000 ) ) ;
#2969 = EDGE_LOOP ( 'NONE', ( #339, #1018, #4083, #1957 ) ) ;
#2970 = AXIS2_PLACEMENT_3D ( 'NONE', #3498, #3764, #3401 ) ;
#2971 = AXIS2_PLACEMENT_3D ( 'NONE', #2771, #515, #4015 ) ;
#2972 = VECTOR ( 'NONE', #1361, 1000.000000000000000 ) ;
#2973 = LINE ( 'NONE', #3213, #222 ) ;
#2974 = CARTESIAN_POINT ( 'NONE',  ( 129.0712239999999724, -63.51543099999999953, 4.000000000000000000 ) ) ;
#2975 = LINE ( 'NONE', #2883, #414 ) ;
#2976 = DIRECTION ( 'NONE',  ( 1.000000000000000000, 0.000000000000000000, 0.000000000000000000 ) ) ;
#2977 = EDGE_LOOP ( 'NONE', ( #521, #2889, #3933, #3090 ) ) ;
#2978 = VECTOR ( 'NONE', #2105, 1000.000000000000114 ) ;
#2979 = VECTOR ( 'NONE', #2004, 1000.000000000000000 ) ;
#2980 = ADVANCED_FACE ( 'NONE', ( #3011 ), #3366, .F. ) ;
#2981 = VECTOR ( 'NONE', #3, 1000.000000000000000 ) ;
#2982 = VECTOR ( 'NONE', #3983, 1000.000000000000114 ) ;
#2983 = CARTESIAN_POINT ( 'NONE',  ( 108.9307408079417030, 24.86239645377682095, 4.000000000000000000 ) ) ;
#2984 = VERTEX_POINT ( 'NONE', #2676 ) ;
#2985 = ORIENTED_EDGE ( 'NONE', *, *, #626, .T. ) ;
#2986 = EDGE_CURVE ( 'NONE', #2635, #370, #165, .T. ) ;
#2987 = AXIS2_PLACEMENT_3D ( 'NONE', #2561, #3550, #2290 ) ;
#2988 = CARTESIAN_POINT ( 'NONE',  ( 49.76886285217054962, -103.3457735706216738, 0.000000000000000000 ) ) ;
#2989 = LINE ( 'NONE', #2083, #3301 ) ;
#2990 = DIRECTION ( 'NONE',  ( -0.000000000000000000, -0.000000000000000000, -1.000000000000000000 ) ) ;
#2991 = ORIENTED_EDGE ( 'NONE', *, *, #1888, .T. ) ;
#2992 = ORIENTED_EDGE ( 'NONE', *, *, #2237, .T. ) ;
#2993 = DIRECTION ( 'NONE',  ( 1.000000000000000000, 1.387778780781444413E-14, 0.000000000000000000 ) ) ;
#2994 = FACE_OUTER_BOUND ( 'NONE', #2907, .T. ) ;
#2995 = EDGE_LOOP ( 'NONE', ( #82, #490, #292, #2699 ) ) ;
#2996 = DIRECTION ( 'NONE',  ( -0.000000000000000000, 0.000000000000000000, 1.000000000000000000 ) ) ;
#2997 = VERTEX_POINT ( 'NONE', #1447 ) ;
#2998 = DIRECTION ( 'NONE',  ( 0.5320313727382733893, -0.8467246414403141186, 0.000000000000000000 ) ) ;
#2999 = CARTESIAN_POINT ( 'NONE',  ( 122.8240858155462121, -57.87500000000000000, 2.500000000000000444 ) ) ;
#3000 = DIRECTION ( 'NONE',  ( 0.3302800846503809451, 0.9438829724512128871, 0.000000000000000000 ) ) ;
#3001 = LINE ( 'NONE', #483, #3289 ) ;
#3002 = ORIENTED_EDGE ( 'NONE', *, *, #3891, .F. ) ;
#3003 = CARTESIAN_POINT ( 'NONE',  ( 130.6189240813047832, -59.27118415377816518, 2.999999999999999112 ) ) ;
#3004 = ORIENTED_EDGE ( 'NONE', *, *, #39, .F. ) ;
#3005 = ORIENTED_EDGE ( 'NONE', *, *, #194, .F. ) ;
#3006 = VERTEX_POINT ( 'NONE', #1405 ) ;
#3007 = PLANE ( 'NONE',  #3563 ) ;
#3008 = ORIENTED_EDGE ( 'NONE', *, *, #4079, .T. ) ;
#3009 = VERTEX_POINT ( 'NONE', #848 ) ;
#3010 = EDGE_CURVE ( 'NONE', #3112, #1943, #205, .T. ) ;
#3011 = FACE_OUTER_BOUND ( 'NONE', #96, .T. ) ;
#3012 = DIRECTION ( 'NONE',  ( 0.000000000000000000, 0.000000000000000000, 1.000000000000000000 ) ) ;
#3013 = CARTESIAN_POINT ( 'NONE',  ( 127.5934399999999442, -65.86731099999998662, 0.000000000000000000 ) ) ;
#3014 = ORIENTED_EDGE ( 'NONE', *, *, #2953, .T. ) ;
#3015 = EDGE_CURVE ( 'NONE', #1807, #2934, #3916, .T. ) ;
#3016 = DIRECTION ( 'NONE',  ( -0.7071067811865479058, 0.000000000000000000, 0.7071067811865471286 ) ) ;
#3017 = LINE ( 'NONE', #191, #1793 ) ;
#3018 = CARTESIAN_POINT ( 'NONE',  ( 140.7999999999999829, -55.87499999999999289, 4.999854444024149025 ) ) ;
#3019 = DIRECTION ( 'NONE',  ( 0.1119647436289857856, -0.9937121797503014609, 0.000000000000000000 ) ) ;
#3020 = DIRECTION ( 'NONE',  ( 0.4338848808832929116, 0.9009683180561293137, 0.000000000000000000 ) ) ;
#3021 = EDGE_LOOP ( 'NONE', ( #897, #1439, #3787, #473 ) ) ;
#3022 = APPLICATION_PROTOCOL_DEFINITION ( 'international standard', 'config_control_design', 1994, #1357 ) ;
#3023 = LINE ( 'NONE', #199, #2403 ) ;
#3024 = DIRECTION ( 'NONE',  ( 0.000000000000000000, -0.7071067811865471286, 0.7071067811865479058 ) ) ;
#3025 = VERTEX_POINT ( 'NONE', #2042 ) ;
#3026 = ORIENTED_EDGE ( 'NONE', *, *, #607, .F. ) ;
#3027 = ADVANCED_FACE ( 'NONE', ( #1097 ), #2361, .F. ) ;
#3028 = AXIS2_PLACEMENT_3D ( 'NONE', #156, #1970, #2033 ) ;
#3029 = DIRECTION ( 'NONE',  ( -0.8467246414403140076, -0.5320313727382733893, 0.000000000000000000 ) ) ;
#3030 = FACE_OUTER_BOUND ( 'NONE', #2758, .T. ) ;
#3031 = ORIENTED_EDGE ( 'NONE', *, *, #825, .F. ) ;
#3032 = AXIS2_PLACEMENT_3D ( 'NONE', #1240, #2510, #1571 ) ;
#3033 = ADVANCED_FACE ( 'NONE', ( #3345 ), #3290, .F. ) ;
#3034 = DIRECTION ( 'NONE',  ( 0.1119948103122530014, 0.9937087915798684667, 0.000000000000000000 ) ) ;
#3035 = FACE_OUTER_BOUND ( 'NONE', #147, .T. ) ;
#3036 = LINE ( 'NONE', #2796, #2605 ) ;
#3037 = LINE ( 'NONE', #2454, #861 ) ;
#3038 = ORIENTED_EDGE ( 'NONE', *, *, #261, .F. ) ;
#3039 = VECTOR ( 'NONE', #4080, 1000.000000000000114 ) ;
#3040 = VECTOR ( 'NONE', #1942, 1000.000000000000000 ) ;
#3041 = AXIS2_PLACEMENT_3D ( 'NONE', #431, #87, #1013 ) ;
#3042 = ORIENTED_EDGE ( 'NONE', *, *, #3536, .T. ) ;
#3043 = EDGE_CURVE ( 'NONE', #243, #1540, #3953, .T. ) ;
#3044 = AXIS2_PLACEMENT_3D ( 'NONE', #3909, #456, #3020 ) ;
#3045 = VECTOR ( 'NONE', #1319, 1000.000000000000000 ) ;
#3046 = CARTESIAN_POINT ( 'NONE',  ( 124.3240858155462121, -58.11627930284585375, 2.500000000000000444 ) ) ;
#3047 = LINE ( 'NONE', #2084, #2184 ) ;
#3048 = VERTEX_POINT ( 'NONE', #1804 ) ;
#3049 = CONICAL_SURFACE ( 'NONE', #3969, 1.500000000000001332, 0.7853981633974447263 ) ;
#3050 = EDGE_LOOP ( 'NONE', ( #2116, #3577, #1896, #869 ) ) ;
#3051 = AXIS2_PLACEMENT_3D ( 'NONE', #170, #3349, #1452 ) ;
#3052 = CARTESIAN_POINT ( 'NONE',  ( 129.1189240813047832, -57.69406270695253625, 2.999999999999999112 ) ) ;
#3053 = DIRECTION ( 'NONE',  ( 0.9009683180561093296, -0.4338848808833347670, 0.000000000000000000 ) ) ;
#3054 = ORIENTED_EDGE ( 'NONE', *, *, #1593, .T. ) ;
#3055 = LINE ( 'NONE', #852, #2321 ) ;
#3056 = LINE ( 'NONE', #1216, #2457 ) ;
#3057 = CARTESIAN_POINT ( 'NONE',  ( 136.5471062497377659, -31.16556690073899816, 4.000000000000000000 ) ) ;
#3058 = DIRECTION ( 'NONE',  ( 0.6234894658110763377, 0.7818317504569756160, 0.000000000000000000 ) ) ;
#3059 = EDGE_CURVE ( 'NONE', #1899, #1119, #470, .T. ) ;
#3060 = EDGE_CURVE ( 'NONE', #779, #692, #1140, .T. ) ;
#3061 = ORIENTED_EDGE ( 'NONE', *, *, #3337, .F. ) ;
#3062 = CARTESIAN_POINT ( 'NONE',  ( 47.68949195570596800, -99.02792941022288176, 0.000000000000000000 ) ) ;
#3063 = ADVANCED_FACE ( 'NONE', ( #1190 ), #1276, .F. ) ;
#3064 = ADVANCED_FACE ( 'NONE', ( #2481 ), #3123, .F. ) ;
#3065 = CARTESIAN_POINT ( 'NONE',  ( 135.5373530962511097, -63.37500000000001421, 4.000000000000000000 ) ) ;
#3066 = LINE ( 'NONE', #524, #2328 ) ;
#3067 = VERTEX_POINT ( 'NONE', #4009 ) ;
#3068 = LINE ( 'NONE', #1897, #1196 ) ;
#3069 = DIRECTION ( 'NONE',  ( -0.7071067811865471286, 0.000000000000000000, 0.7071067811865479058 ) ) ;
#3070 = ORIENTED_EDGE ( 'NONE', *, *, #1666, .F. ) ;
#3071 = LINE ( 'NONE', #2721, #1584 ) ;
#3072 = CARTESIAN_POINT ( 'NONE',  ( 128.8923109999999497, -64.56843999999999539, 4.000000000000000000 ) ) ;
#3073 = CARTESIAN_POINT ( 'NONE',  ( 129.7886142766338082, -14.62767700131943904, 0.000000000000000000 ) ) ;
#3074 = ORIENTED_EDGE ( 'NONE', *, *, #1954, .F. ) ;
#3075 = LINE ( 'NONE', #1771, #2050 ) ;
#3076 = EDGE_CURVE ( 'NONE', #487, #160, #3068, .T. ) ;
#3077 = ORIENTED_EDGE ( 'NONE', *, *, #1044, .T. ) ;
#3078 = DIRECTION ( 'NONE',  ( -0.000000000000000000, -0.000000000000000000, 1.000000000000000000 ) ) ;
#3079 = CYLINDRICAL_SURFACE ( 'NONE', #472, 1.500000000000001332 ) ;
#3080 = ORIENTED_EDGE ( 'NONE', *, *, #3555, .T. ) ;
#3081 = EDGE_CURVE ( 'NONE', #3197, #2365, #3415, .T. ) ;
#3082 = FACE_OUTER_BOUND ( 'NONE', #672, .T. ) ;
#3083 = EDGE_CURVE ( 'NONE', #2997, #316, #4035, .T. ) ;
#3084 = DIRECTION ( 'NONE',  ( 1.000000000000000000, 0.000000000000000000, 0.000000000000000000 ) ) ;
#3085 = CARTESIAN_POINT ( 'NONE',  ( 117.3626469037488960, -61.11627930284586085, 0.000000000000000000 ) ) ;
#3086 = ORIENTED_EDGE ( 'NONE', *, *, #142, .T. ) ;
#3087 = EDGE_CURVE ( 'NONE', #4062, #2016, #3691, .T. ) ;
#3088 = DIRECTION ( 'NONE',  ( -0.6234894658110573529, -0.7818317504569907150, 0.000000000000000000 ) ) ;
#3089 = CARTESIAN_POINT ( 'NONE',  ( 64.17433692475398743, 40.32333405411882410, 4.000000000000000000 ) ) ;
#3090 = ORIENTED_EDGE ( 'NONE', *, *, #3217, .F. ) ;
#3091 = EDGE_CURVE ( 'NONE', #2864, #160, #917, .T. ) ;
#3092 = VECTOR ( 'NONE', #932, 1000.000000000000000 ) ;
#3093 = DIRECTION ( 'NONE',  ( 1.000000000000000000, 0.000000000000000000, 0.000000000000000000 ) ) ;
#3094 = EDGE_CURVE ( 'NONE', #1932, #2504, #3826, .T. ) ;
#3095 = ORIENTED_EDGE ( 'NONE', *, *, #1489, .T. ) ;
#3096 = ORIENTED_EDGE ( 'NONE', *, *, #841, .T. ) ;
#3097 = VECTOR ( 'NONE', #36, 1000.000000000000114 ) ;
#3098 = CALENDAR_DATE ( 2026, 19, 8 ) ;
#3099 = CIRCLE ( 'NONE', #1328, 1.500000000000001332 ) ;
#3100 = PLANE ( 'NONE',  #3828 ) ;
#3101 = VERTEX_POINT ( 'NONE', #2767 ) ;
#3102 = AXIS2_PLACEMENT_3D ( 'NONE', #777, #2405, #162 ) ;
#3103 = CARTESIAN_POINT ( 'NONE',  ( 0.005188410114679843817, 0.01077380969092890141, 4.000000000000000000 ) ) ;
#3104 = DIRECTION ( 'NONE',  ( 0.000000000000000000, -1.000000000000000000, 0.000000000000000000 ) ) ;
#3105 = AXIS2_PLACEMENT_3D ( 'NONE', #2951, #812, #3257 ) ;
#3106 = ADVANCED_FACE ( 'NONE', ( #3382 ), #259, .F. ) ;
#3107 = ORIENTED_EDGE ( 'NONE', *, *, #891, .T. ) ;
#3108 = EDGE_CURVE ( 'NONE', #2871, #2709, #1561, .T. ) ;
#3109 = CARTESIAN_POINT ( 'NONE',  ( 115.1000000000000227, -56.37500000000000000, 0.000000000000000000 ) ) ;
#3110 = PLANE ( 'NONE',  #3818 ) ;
#3111 = DIRECTION ( 'NONE',  ( -0.000000000000000000, -0.000000000000000000, 1.000000000000000000 ) ) ;
#3112 = VERTEX_POINT ( 'NONE', #3731 ) ;
#3113 = ORIENTED_EDGE ( 'NONE', *, *, #1340, .F. ) ;
#3114 = CARTESIAN_POINT ( 'NONE',  ( 135.7611022684410216, -57.77118415377816518, 2.999999999999999112 ) ) ;
#3115 = CARTESIAN_POINT ( 'NONE',  ( 108.1000000000000085, -50.87500000000000000, 0.000000000000000000 ) ) ;
#3116 = ORIENTED_EDGE ( 'NONE', *, *, #2335, .F. ) ;
#3117 = APPROVAL_ROLE ( '' ) ;
#3118 = DIRECTION ( 'NONE',  ( 1.000000000000000000, 0.000000000000000000, 0.000000000000000000 ) ) ;
#3119 = DIRECTION ( 'NONE',  ( -0.9937121797503036813, -0.1119647436289660514, 0.000000000000000000 ) ) ;
#3120 = ORIENTED_EDGE ( 'NONE', *, *, #1275, .T. ) ;
#3121 = EDGE_CURVE ( 'NONE', #3819, #3197, #2823, .T. ) ;
#3122 = DIRECTION ( 'NONE',  ( 1.000000000000000000, 0.000000000000000000, 0.000000000000000000 ) ) ;
#3123 = PLANE ( 'NONE',  #4024 ) ;
#3125 = ORIENTED_EDGE ( 'NONE', *, *, #1774, .F. ) ;
#3124 = DIRECTION ( 'NONE',  ( 0.7071067811865500152, -0.000000000000000000, 0.7071067811865451302 ) ) ;
#3126 = ORIENTED_EDGE ( 'NONE', *, *, #1392, .F. ) ;
#3127 = LINE ( 'NONE', #263, #1193 ) ;
#3128 = CARTESIAN_POINT ( 'NONE',  ( 138.8000000000000114, -70.14999999999999147, 0.000000000000000000 ) ) ;
#3129 = ORIENTED_EDGE ( 'NONE', *, *, #210, .F. ) ;
#3130 = PLANE ( 'NONE',  #3905 ) ;
#3131 = FACE_BOUND ( 'NONE', #936, .T. ) ;
#3132 = ORIENTED_EDGE ( 'NONE', *, *, #4023, .F. ) ;
#3133 = LINE ( 'NONE', #2232, #3558 ) ;
#3134 = CARTESIAN_POINT ( 'NONE',  ( 19.71047314066898082, 24.71617334842838787, 4.000000000000000000 ) ) ;
#3135 = CARTESIAN_POINT ( 'NONE',  ( 126.0105950000000092, -61.34379799999998539, 4.000000000000000000 ) ) ;
#3136 = ORIENTED_EDGE ( 'NONE', *, *, #1268, .T. ) ;
#3137 = LINE ( 'NONE', #1575, #476 ) ;
#3138 = DIRECTION ( 'NONE',  ( 1.000000000000000000, 0.000000000000000000, 0.000000000000000000 ) ) ;
#3139 = VERTEX_POINT ( 'NONE', #1839 ) ;
#3140 = FACE_OUTER_BOUND ( 'NONE', #2950, .T. ) ;
#3141 = DIRECTION ( 'NONE',  ( -0.6234894658111140853, -0.7818317504569455290, 0.000000000000000000 ) ) ;
#3143 = ORIENTED_EDGE ( 'NONE', *, *, #3087, .T. ) ;
#3142 = LINE ( 'NONE', #944, #3688 ) ;
#3144 = ORIENTED_EDGE ( 'NONE', *, *, #506, .F. ) ;
#3145 = DIRECTION ( 'NONE',  ( 1.000000000000000000, 0.000000000000000000, 0.000000000000000000 ) ) ;
#3146 = CARTESIAN_POINT ( 'NONE',  ( 0.005188410114679843817, 0.01077380969092890141, 4.000000000000000000 ) ) ;
#3147 = CARTESIAN_POINT ( 'NONE',  ( 125.2861889999999931, -65.60734599999997840, 0.000000000000000000 ) ) ;
#3148 = ORIENTED_EDGE ( 'NONE', *, *, #1530, .T. ) ;
#3149 = DIRECTION ( 'NONE',  ( -1.000000000000000000, 0.000000000000000000, 0.000000000000000000 ) ) ;
#3150 = DIRECTION ( 'NONE',  ( -0.2225180901578250048, -0.9749285612559075442, 0.000000000000000000 ) ) ;
#3151 = VERTEX_POINT ( 'NONE', #1521 ) ;
#3152 = EDGE_CURVE ( 'NONE', #1012, #3197, #3759, .T. ) ;
#3153 = CARTESIAN_POINT ( 'NONE',  ( 126.0105950000000092, -61.34379799999998539, 0.000000000000000000 ) ) ;
#3154 = CARTESIAN_POINT ( 'NONE',  ( 124.3687979999999698, -64.31440499999999361, 0.000000000000000000 ) ) ;
#3155 = ORIENTED_EDGE ( 'NONE', *, *, #1051, .T. ) ;
#3156 = ORIENTED_EDGE ( 'NONE', *, *, #3636, .T. ) ;
#3157 = FACE_OUTER_BOUND ( 'NONE', #51, .T. ) ;
#3158 = VECTOR ( 'NONE', #3966, 1000.000000000000000 ) ;
#3159 = DATE_AND_TIME ( #3793, #3700 ) ;
#3160 = PLANE ( 'NONE',  #3968 ) ;
#3161 = ORIENTED_EDGE ( 'NONE', *, *, #1646, .F. ) ;
#3162 = VECTOR ( 'NONE', #2794, 1000.000000000000000 ) ;
#3163 = CIRCLE ( 'NONE', #1731, 5.000000000000004441 ) ;
#3164 = DIRECTION ( 'NONE',  ( -0.000000000000000000, -0.000000000000000000, 1.000000000000000000 ) ) ;
#3166 = ORIENTED_EDGE ( 'NONE', *, *, #3748, .F. ) ;
#3165 = DIRECTION ( 'NONE',  ( 0.000000000000000000, 1.000000000000000000, 0.000000000000000000 ) ) ;
#3167 = VECTOR ( 'NONE', #2613, 1000.000000000000000 ) ;
#3168 = ORIENTED_EDGE ( 'NONE', *, *, #3314, .T. ) ;
#3169 = VECTOR ( 'NONE', #3656, 1000.000000000000000 ) ;
#3170 = AXIS2_PLACEMENT_3D ( 'NONE', #2983, #1088, #3305 ) ;
#3171 = VECTOR ( 'NONE', #787, 1000.000000000000000 ) ;
#3172 = DIRECTION ( 'NONE',  ( 0.9937121797502963538, 0.1119647436290309717, 0.000000000000000000 ) ) ;
#3173 = CARTESIAN_POINT ( 'NONE',  ( 20.61360999146401340, -90.31534073039772181, 0.000000000000000000 ) ) ;
#3174 = EDGE_LOOP ( 'NONE', ( #2992, #3418, #3662, #928 ) ) ;
#3175 = CARTESIAN_POINT ( 'NONE',  ( 131.8748111736934163, -30.09916037795866828, 4.000000000000000000 ) ) ;
#3176 = EDGE_LOOP ( 'NONE', ( #3431, #3236, #3209, #2066 ) ) ;
#3177 = APPROVAL_PERSON_ORGANIZATION ( #2167, #3892, #1878 ) ;
#3178 = FACE_OUTER_BOUND ( 'NONE', #3991, .T. ) ;
#3179 = ORIENTED_EDGE ( 'NONE', *, *, #2935, .F. ) ;
#3180 = EDGE_LOOP ( 'NONE', ( #5, #465, #3768, #1174 ) ) ;
#3181 = DIRECTION ( 'NONE',  ( 0.9937121797503073450, -0.1119647436289348819, 0.000000000000000000 ) ) ;
#3182 = APPROVAL_DATE_TIME ( #1935, #929 ) ;
#3183 = DIRECTION ( 'NONE',  ( 0.9438829724511967889, 0.3302800846504269083, 0.000000000000000000 ) ) ;
#3184 = FACE_OUTER_BOUND ( 'NONE', #2149, .T. ) ;
#3185 = VERTEX_POINT ( 'NONE', #2544 ) ;
#3186 = PLANE ( 'NONE',  #143 ) ;
#3187 = CARTESIAN_POINT ( 'NONE',  ( 138.0373530962511097, -72.64999999999999147, 4.000000000000000000 ) ) ;
#3188 = ORIENTED_EDGE ( 'NONE', *, *, #1958, .F. ) ;
#3189 = LINE ( 'NONE', #83, #725 ) ;
#3190 = FACE_OUTER_BOUND ( 'NONE', #2141, .T. ) ;
#3191 = VERTEX_POINT ( 'NONE', #4052 ) ;
#3192 = CARTESIAN_POINT ( 'NONE',  ( 29.81811349999088279, 29.81811349999522776, 0.000000000000000000 ) ) ;
#3193 = ORIENTED_EDGE ( 'NONE', *, *, #288, .T. ) ;
#3194 = DIRECTION ( 'NONE',  ( 1.000000000000000000, 0.000000000000000000, -0.000000000000000000 ) ) ;
#3195 = CARTESIAN_POINT ( 'NONE',  ( 117.4630754525056489, -73.80680592069533930, 0.000000000000000000 ) ) ;
#3196 = CARTESIAN_POINT ( 'NONE',  ( 108.1000000000000085, -50.87500000000000000, 8.000000000000000000 ) ) ;
#3197 = VERTEX_POINT ( 'NONE', #2153 ) ;
#3198 = DIRECTION ( 'NONE',  ( -0.1119647436289857856, 0.9937121797503014609, 0.000000000000000000 ) ) ;
#3199 = EDGE_CURVE ( 'NONE', #2058, #455, #1580, .T. ) ;
#3200 = CARTESIAN_POINT ( 'NONE',  ( 128.2742320000000120, -61.86045899999997744, 4.000000000000000000 ) ) ;
#3201 = CARTESIAN_POINT ( 'NONE',  ( 130.6189240813047832, -56.19406270695252914, 2.999999999999999112 ) ) ;
#3202 = VERTEX_POINT ( 'NONE', #1860 ) ;
#3203 = DIRECTION ( 'NONE',  ( -1.000000000000000000, 0.000000000000000000, 0.000000000000000000 ) ) ;
#3204 = DIRECTION ( 'NONE',  ( 0.000000000000000000, 0.000000000000000000, 1.000000000000000000 ) ) ;
#3205 = EDGE_LOOP ( 'NONE', ( #593, #3435, #3212, #2210 ) ) ;
#3206 = CARTESIAN_POINT ( 'NONE',  ( 128.4645409999999970, -62.05076799999998372, 0.000000000000000000 ) ) ;
#3207 = DIRECTION ( 'NONE',  ( 0.000000000000000000, 1.000000000000000000, 0.000000000000000000 ) ) ;
#3208 = CARTESIAN_POINT ( 'NONE',  ( 125.0757680000000107, -65.43954099999999130, 4.000000000000000000 ) ) ;
#3209 = ORIENTED_EDGE ( 'NONE', *, *, #240, .F. ) ;
#3210 = CARTESIAN_POINT ( 'NONE',  ( 124.2787759999999793, -63.78456899999999763, 0.000000000000000000 ) ) ;
#3211 = EDGE_CURVE ( 'NONE', #1062, #3992, #1542, .T. ) ;
#3212 = ORIENTED_EDGE ( 'NONE', *, *, #851, .F. ) ;
#3213 = CARTESIAN_POINT ( 'NONE',  ( 141.3000000000000114, -70.14999999999997726, 4.000000000000000000 ) ) ;
#3214 = FACE_OUTER_BOUND ( 'NONE', #1327, .T. ) ;
#3215 = DIRECTION ( 'NONE',  ( 0.6234894658110448074, -0.7818317504570008181, 0.000000000000000000 ) ) ;
#3216 = EDGE_LOOP ( 'NONE', ( #1611, #1892, #3686, #2001 ) ) ;
#3217 = EDGE_CURVE ( 'NONE', #3269, #2437, #3099, .T. ) ;
#3218 = ORIENTED_EDGE ( 'NONE', *, *, #3789, .F. ) ;
#3219 = VECTOR ( 'NONE', #687, 1000.000000000000000 ) ;
#3220 = CARTESIAN_POINT ( 'NONE',  ( 110.3319916760448223, -87.98674972173756714, 0.000000000000000000 ) ) ;
#3221 = AXIS2_PLACEMENT_3D ( 'NONE', #3904, #153, #1413 ) ;
#3222 = EDGE_CURVE ( 'NONE', #3582, #1645, #962, .T. ) ;
#3223 = CARTESIAN_POINT ( 'NONE',  ( 118.8626469037489102, -59.61627930284585375, 0.000000000000000000 ) ) ;
#3224 = DIRECTION ( 'NONE',  ( 0.000000000000000000, 1.000000000000000000, 0.000000000000000000 ) ) ;
#3225 = ORIENTED_EDGE ( 'NONE', *, *, #2378, .F. ) ;
#3226 = CARTESIAN_POINT ( 'NONE',  ( 142.7999999999999829, -53.87500000000000000, 4.999854444024150801 ) ) ;
#3227 = AXIS2_PLACEMENT_3D ( 'NONE', #3999, #213, #479 ) ;
#3228 = AXIS2_PLACEMENT_3D ( 'NONE', #2362, #3584, #2297 ) ;
#3229 = EDGE_CURVE ( 'NONE', #2554, #1423, #1977, .T. ) ;
#3230 = VECTOR ( 'NONE', #3397, 1000.000000000000114 ) ;
#3231 = CARTESIAN_POINT ( 'NONE',  ( 112.1000000000000085, -57.87500000000000711, 4.000000000000000000 ) ) ;
#3232 = LINE ( 'NONE', #416, #1465 ) ;
#3233 = CIRCLE ( 'NONE', #146, 3.000000000000002665 ) ;
#3234 = ORIENTED_EDGE ( 'NONE', *, *, #3060, .T. ) ;
#3235 = CARTESIAN_POINT ( 'NONE',  ( 117.3626469037488960, -61.11627930284586085, 2.500000000000000444 ) ) ;
#3236 = ORIENTED_EDGE ( 'NONE', *, *, #2374, .F. ) ;
#3237 = AXIS2_PLACEMENT_3D ( 'NONE', #1269, #3776, #2351 ) ;
#3238 = AXIS2_PLACEMENT_3D ( 'NONE', #2487, #1531, #2112 ) ;
#3239 = EDGE_CURVE ( 'NONE', #1624, #2504, #3824, .T. ) ;
#3240 = PLANE ( 'NONE',  #1131 ) ;
#3241 = VECTOR ( 'NONE', #52, 1000.000000000000114 ) ;
#3242 = VECTOR ( 'NONE', #352, 1000.000000000000000 ) ;
#3243 = DIRECTION ( 'NONE',  ( -0.000000000000000000, -0.000000000000000000, -1.000000000000000000 ) ) ;
#3244 = ORIENTED_EDGE ( 'NONE', *, *, #2181, .F. ) ;
#3245 = EDGE_CURVE ( 'NONE', #3453, #779, #2630, .T. ) ;
#3246 = CARTESIAN_POINT ( 'NONE',  ( 141.3000000000000114, -70.14999999999996305, 4.000000000000000000 ) ) ;
#3247 = ORIENTED_EDGE ( 'NONE', *, *, #1929, .T. ) ;
#3248 = ORIENTED_EDGE ( 'NONE', *, *, #1403, .T. ) ;
#3249 = DIRECTION ( 'NONE',  ( -1.000000000000000000, 0.000000000000000000, 0.000000000000000000 ) ) ;
#3250 = DIRECTION ( 'NONE',  ( 0.9438829724511968999, -0.3302800846504269638, 0.000000000000000000 ) ) ;
#3251 = ORIENTED_EDGE ( 'NONE', *, *, #1264, .F. ) ;
#3252 = ORIENTED_EDGE ( 'NONE', *, *, #1403, .F. ) ;
#3253 = ADVANCED_FACE ( 'NONE', ( #1622 ), #2886, .F. ) ;
#3254 = DIRECTION ( 'NONE',  ( 0.000000000000000000, -1.000000000000000000, 0.000000000000000000 ) ) ;
#3255 = CARTESIAN_POINT ( 'NONE',  ( 130.6189240813047832, -57.77118415377816518, 0.000000000000000000 ) ) ;
#3256 = EDGE_LOOP ( 'NONE', ( #708, #3799, #3409, #710, #3358, #3621, #149, #448 ) ) ;
#3257 = DIRECTION ( 'NONE',  ( 1.000000000000000000, 0.000000000000000000, 0.000000000000000000 ) ) ;
#3258 = VERTEX_POINT ( 'NONE', #1916 ) ;
#3259 = ADVANCED_FACE ( 'NONE', ( #2645 ), #3866, .T. ) ;
#3260 = FACE_OUTER_BOUND ( 'NONE', #1925, .T. ) ;
#3261 = CARTESIAN_POINT ( 'NONE',  ( 108.9307408079417030, 24.86239645377682095, 0.000000000000000000 ) ) ;
#3262 = ORIENTED_EDGE ( 'NONE', *, *, #1430, .F. ) ;
#3263 = DIRECTION ( 'NONE',  ( -0.3302800846503809451, 0.9438829724512128871, 0.000000000000000000 ) ) ;
#3264 = ORIENTED_EDGE ( 'NONE', *, *, #2325, .T. ) ;
#3265 = ADVANCED_FACE ( 'NONE', ( #1693 ), #1072, .F. ) ;
#3266 = LINE ( 'NONE', #2062, #1477 ) ;
#3267 = CARTESIAN_POINT ( 'NONE',  ( 138.8000000000000114, -61.87500000000000000, 2.999999999999992450 ) ) ;
#3268 = CARTESIAN_POINT ( 'NONE',  ( 64.17433692475398743, 40.32333405411882410, 4.000000000000000000 ) ) ;
#3269 = VERTEX_POINT ( 'NONE', #118 ) ;
#3270 = EDGE_LOOP ( 'NONE', ( #1717, #3590, #1741, #1391 ) ) ;
#3271 = CARTESIAN_POINT ( 'NONE',  ( 140.7999999999999829, -50.87500000000000000, 4.999854444024149025 ) ) ;
#3272 = DIRECTION ( 'NONE',  ( 0.000000000000000000, 0.000000000000000000, 1.000000000000000000 ) ) ;
#3273 = VERTEX_POINT ( 'NONE', #694 ) ;
#3274 = CARTESIAN_POINT ( 'NONE',  ( 128.4645409999999970, -62.05076799999998372, 4.000000000000000000 ) ) ;
#3275 = ORIENTED_EDGE ( 'NONE', *, *, #2422, .T. ) ;
#3276 = LINE ( 'NONE', #2974, #1063 ) ;
#3277 = DIRECTION ( 'NONE',  ( 1.000000000000000000, 0.000000000000000000, 0.000000000000000000 ) ) ;
#3278 = CARTESIAN_POINT ( 'NONE',  ( 126.2729850000000056, -61.28390999999999167, 4.000000000000000000 ) ) ;
#3279 = EDGE_CURVE ( 'NONE', #1012, #3324, #1643, .T. ) ;
#3280 = ORIENTED_EDGE ( 'NONE', *, *, #2093, .F. ) ;
#3281 = EDGE_CURVE ( 'NONE', #2372, #1689, #2291, .T. ) ;
#3282 = CARTESIAN_POINT ( 'NONE',  ( 130.6189240813047832, -57.69406270695252914, 2.999999999999999112 ) ) ;
#3283 = VERTEX_POINT ( 'NONE', #3797 ) ;
#3284 = VERTEX_POINT ( 'NONE', #3888 ) ;
#3285 = CARTESIAN_POINT ( 'NONE',  ( 130.6189240813047832, -57.69406270695252914, 4.000000000000000000 ) ) ;
#3286 = DIRECTION ( 'NONE',  ( -0.000000000000000000, -0.000000000000000000, -1.000000000000000000 ) ) ;
#3287 = ORIENTED_EDGE ( 'NONE', *, *, #1051, .F. ) ;
#3288 = ORIENTED_EDGE ( 'NONE', *, *, #3313, .T. ) ;
#3289 = VECTOR ( 'NONE', #3058, 1000.000000000000227 ) ;
#3290 = PLANE ( 'NONE',  #2178 ) ;
#3291 = LINE ( 'NONE', #1678, #3416 ) ;
#3292 = ORIENTED_EDGE ( 'NONE', *, *, #3952, .T. ) ;
#3293 = FACE_OUTER_BOUND ( 'NONE', #3205, .T. ) ;
#3294 = VECTOR ( 'NONE', #1019, 1000.000000000000000 ) ;
#3295 = AXIS2_PLACEMENT_3D ( 'NONE', #1177, #3995, #3954 ) ;
#3296 = LINE ( 'NONE', #1492, #2658 ) ;
#3297 = DIRECTION ( 'NONE',  ( -0.000000000000000000, -0.000000000000000000, 1.000000000000000000 ) ) ;
#3298 = FACE_OUTER_BOUND ( 'NONE', #1607, .T. ) ;
#3299 = DIRECTION ( 'NONE',  ( 1.000000000000000000, 0.000000000000000000, 0.000000000000000000 ) ) ;
#3300 = ORIENTED_EDGE ( 'NONE', *, *, #3939, .T. ) ;
#3301 = VECTOR ( 'NONE', #3931, 1000.000000000000000 ) ;
#3302 = AXIS2_PLACEMENT_3D ( 'NONE', #1342, #3204, #1623 ) ;
#3303 = VECTOR ( 'NONE', #1497, 1000.000000000000114 ) ;
#3304 = VECTOR ( 'NONE', #1454, 1000.000000000000000 ) ;
#3305 = DIRECTION ( 'NONE',  ( -0.2225180901577759052, 0.9749285612559187575, 0.000000000000000000 ) ) ;
#3306 = ORIENTED_EDGE ( 'NONE', *, *, #1316, .T. ) ;
#3307 = ORIENTED_EDGE ( 'NONE', *, *, #247, .T. ) ;
#3308 = CC_DESIGN_APPROVAL ( #2701, ( #1404 ) ) ;
#3309 = DIRECTION ( 'NONE',  ( 1.000000000000000000, -0.000000000000000000, 0.000000000000000000 ) ) ;
#3310 = CARTESIAN_POINT ( 'NONE',  ( 115.8626469037488960, -70.14999999999999147, 2.500000000000000444 ) ) ;
#3311 = ORIENTED_EDGE ( 'NONE', *, *, #1083, .F. ) ;
#3312 = ORIENTED_EDGE ( 'NONE', *, *, #288, .F. ) ;
#3313 = EDGE_CURVE ( 'NONE', #2147, #2714, #646, .T. ) ;
#3314 = EDGE_CURVE ( 'NONE', #2443, #1428, #1028, .T. ) ;
#3315 = CARTESIAN_POINT ( 'NONE',  ( 126.2729850000000340, -66.01609000000000549, 0.000000000000000000 ) ) ;
#3316 = DIRECTION ( 'NONE',  ( 0.000000000000000000, 0.000000000000000000, 1.000000000000000000 ) ) ;
#3317 = CYLINDRICAL_SURFACE ( 'NONE', #2129, 5.000000000000004441 ) ;
#3318 = EDGE_LOOP ( 'NONE', ( #927, #3878, #434, #1080 ) ) ;
#3319 = ADVANCED_FACE ( 'NONE', ( #1941 ), #3186, .F. ) ;
#3320 = CARTESIAN_POINT ( 'NONE',  ( 113.6000000000000085, -57.87500000000000711, 2.500000000000000444 ) ) ;
#3321 = DIRECTION ( 'NONE',  ( 1.000000000000000000, 3.330669073875466466E-14, 0.000000000000000000 ) ) ;
#3322 = LINE ( 'NONE', #2581, #2742 ) ;
#3323 = DIRECTION ( 'NONE',  ( -1.000000000000000000, 0.000000000000000000, 0.000000000000000000 ) ) ;
#3324 = VERTEX_POINT ( 'NONE', #2586 ) ;
#3325 = LINE ( 'NONE', #2017, #1400 ) ;
#3326 = ORIENTED_EDGE ( 'NONE', *, *, #1340, .T. ) ;
#3327 = CARTESIAN_POINT ( 'NONE',  ( -2.074182486353457922, -4.307070350703427586, 4.000000000000000000 ) ) ;
#3328 = ORIENTED_EDGE ( 'NONE', *, *, #3379, .F. ) ;
#3329 = VERTEX_POINT ( 'NONE', #1010 ) ;
#3330 = CARTESIAN_POINT ( 'NONE',  ( 124.3089099999999689, -63.24798500000000701, 4.000000000000000000 ) ) ;
#3331 = DIRECTION ( 'NONE',  ( 1.000000000000000000, 0.000000000000000000, 0.000000000000000000 ) ) ;
#3332 = ORIENTED_EDGE ( 'NONE', *, *, #2431, .T. ) ;
#3333 = EDGE_CURVE ( 'NONE', #585, #1885, #3510, .T. ) ;
#3334 = ADVANCED_FACE ( 'NONE', ( #3848 ), #3530, .T. ) ;
#3335 = LINE ( 'NONE', #3369, #3411 ) ;
#3336 = DIRECTION ( 'NONE',  ( -0.000000000000000000, 0.000000000000000000, 1.000000000000000000 ) ) ;
#3337 = EDGE_CURVE ( 'NONE', #1089, #3453, #469, .T. ) ;
#3338 = CARTESIAN_POINT ( 'NONE',  ( 125.0757680000000107, -65.43954099999999130, 4.000000000000000000 ) ) ;
#3339 = CARTESIAN_POINT ( 'NONE',  ( 145.7999999999999829, -50.87500000000000000, 0.000000000000000000 ) ) ;
#3340 = LINE ( 'NONE', #3972, #1928 ) ;
#3341 = ORIENTED_EDGE ( 'NONE', *, *, #3554, .F. ) ;
#3342 = DIRECTION ( 'NONE',  ( 0.2225180901577871739, 0.9749285612559163150, -0.000000000000000000 ) ) ;
#3343 = ORIENTED_EDGE ( 'NONE', *, *, #3921, .T. ) ;
#3344 = ORIENTED_EDGE ( 'NONE', *, *, #2625, .F. ) ;
#3345 = FACE_OUTER_BOUND ( 'NONE', #3180, .T. ) ;
#3346 = CARTESIAN_POINT ( 'NONE',  ( 136.5373530962511097, -63.37500000000001421, 0.000000000000000000 ) ) ;
#3347 = EDGE_LOOP ( 'NONE', ( #845, #2663, #3934, #2235 ) ) ;
#3348 = VECTOR ( 'NONE', #937, 1000.000000000000000 ) ;
#3349 = DIRECTION ( 'NONE',  ( -0.000000000000000000, -0.000000000000000000, 1.000000000000000000 ) ) ;
#3350 = LINE ( 'NONE', #2760, #326 ) ;
#3351 = LINE ( 'NONE', #3666, #1915 ) ;
#3352 = ORIENTED_EDGE ( 'NONE', *, *, #3882, .F. ) ;
#3353 = AXIS2_PLACEMENT_3D ( 'NONE', #3852, #2891, #1945 ) ;
#3354 = VECTOR ( 'NONE', #3661, 1000.000000000000114 ) ;
#3355 = VECTOR ( 'NONE', #3029, 1000.000000000000000 ) ;
#3356 = CARTESIAN_POINT ( 'NONE',  ( 138.0373530962511097, -63.37500000000000000, 0.000000000000000000 ) ) ;
#3357 = CIRCLE ( 'NONE', #2921, 5.000000000000004441 ) ;
#3358 = ORIENTED_EDGE ( 'NONE', *, *, #781, .T. ) ;
#3359 = VECTOR ( 'NONE', #2764, 1000.000000000000000 ) ;
#3360 = CIRCLE ( 'NONE', #1597, 1.500000000000001332 ) ;
#3361 = DIRECTION ( 'NONE',  ( -0.6234894658110573529, -0.7818317504569907150, 0.000000000000000000 ) ) ;
#3362 = DIRECTION ( 'NONE',  ( -0.000000000000000000, -0.000000000000000000, -1.000000000000000000 ) ) ;
#3363 = FACE_OUTER_BOUND ( 'NONE', #3176, .T. ) ;
#3364 = ORIENTED_EDGE ( 'NONE', *, *, #3690, .T. ) ;
#3365 = VECTOR ( 'NONE', #2019, 1000.000000000000114 ) ;
#3366 = PLANE ( 'NONE',  #2055 ) ;
#3367 = CARTESIAN_POINT ( 'NONE',  ( 140.7999999999999829, -77.25000000000000000, 0.000000000000000000 ) ) ;
#3368 = EDGE_LOOP ( 'NONE', ( #2648, #3380, #2436, #2352 ) ) ;
#3369 = CARTESIAN_POINT ( 'NONE',  ( 124.5744640000000203, -62.48907499999999260, 4.000000000000000000 ) ) ;
#3370 = FACE_OUTER_BOUND ( 'NONE', #739, .T. ) ;
#3371 = PLANE ( 'NONE',  #815 ) ;
#3372 = ORIENTED_EDGE ( 'NONE', *, *, #1774, .T. ) ;
#3373 = CARTESIAN_POINT ( 'NONE',  ( 113.1000000000000085, -77.25000000000000000, 8.000000000000000000 ) ) ;
#3374 = FACE_OUTER_BOUND ( 'NONE', #2137, .T. ) ;
#3375 = VERTEX_POINT ( 'NONE', #180 ) ;
#3376 = EDGE_CURVE ( 'NONE', #1116, #1645, #2960, .T. ) ;
#3377 = DIRECTION ( 'NONE',  ( -1.000000000000000000, 0.000000000000000000, 0.000000000000000000 ) ) ;
#3378 = PLANE ( 'NONE',  #3750 ) ;
#3379 = EDGE_CURVE ( 'NONE', #1938, #1374, #2989, .T. ) ;
#3380 = ORIENTED_EDGE ( 'NONE', *, *, #247, .F. ) ;
#3381 = CARTESIAN_POINT ( 'NONE',  ( 125.7565599999999648, -65.86731099999998662, 4.000000000000000000 ) ) ;
#3382 = FACE_OUTER_BOUND ( 'NONE', #3050, .T. ) ;
#3383 = DIRECTION ( 'NONE',  ( -0.8467246414403153398, 0.5320313727382712798, 0.000000000000000000 ) ) ;
#3384 = ORIENTED_EDGE ( 'NONE', *, *, #1192, .F. ) ;
#3385 = FACE_OUTER_BOUND ( 'NONE', #2952, .T. ) ;
#3386 = DIRECTION ( 'NONE',  ( 1.000000000000000000, 0.000000000000000000, 0.000000000000000000 ) ) ;
#3387 = DIRECTION ( 'NONE',  ( 1.000000000000000000, 0.000000000000000000, 0.000000000000000000 ) ) ;
#3388 = VERTEX_POINT ( 'NONE', #2752 ) ;
#3389 = EDGE_CURVE ( 'NONE', #3324, #1491, #3830, .T. ) ;
#3390 = EDGE_LOOP ( 'NONE', ( #3300, #3341, #1620, #2849 ) ) ;
#3391 = DATE_AND_TIME ( #1557, #1743 ) ;
#3392 = CC_DESIGN_PERSON_AND_ORGANIZATION_ASSIGNMENT ( #911, #3438, ( #4012 ) ) ;
#3393 = CARTESIAN_POINT ( 'NONE',  ( 137.2611022684410216, -57.69406270695253625, 0.000000000000000000 ) ) ;
#3394 = CARTESIAN_POINT ( 'NONE',  ( 122.8240858155462121, -58.11627930284585375, 0.000000000000000000 ) ) ;
#3395 = ORIENTED_EDGE ( 'NONE', *, *, #2964, .T. ) ;
#3396 = DIRECTION ( 'NONE',  ( -0.7071067811865218156, 0.7071067811865732189, 0.000000000000000000 ) ) ;
#3397 = DIRECTION ( 'NONE',  ( 0.7071067811865474617, 0.000000000000000000, 0.7071067811865474617 ) ) ;
#3398 = DIRECTION ( 'NONE',  ( -0.9009683180560899007, -0.4338848808833750681, 0.000000000000000000 ) ) ;
#3399 = ORIENTED_EDGE ( 'NONE', *, *, #1430, .T. ) ;
#3400 = DIRECTION ( 'NONE',  ( 1.000000000000000000, 0.000000000000000000, 0.000000000000000000 ) ) ;
#3401 = DIRECTION ( 'NONE',  ( -1.000000000000000000, 0.000000000000000000, 0.000000000000000000 ) ) ;
#3402 = EDGE_LOOP ( 'NONE', ( #2697, #1444, #793, #2258, #179, #2619, #1115, #2755 ) ) ;
#3403 = DIRECTION ( 'NONE',  ( 0.8467246414402762600, -0.5320313727383334523, 0.000000000000000000 ) ) ;
#3404 = ORIENTED_EDGE ( 'NONE', *, *, #576, .F. ) ;
#3405 = ORIENTED_EDGE ( 'NONE', *, *, #3947, .T. ) ;
#3406 = VECTOR ( 'NONE', #659, 1000.000000000000000 ) ;
#3407 = VECTOR ( 'NONE', #3680, 1000.000000000000000 ) ;
#3408 = CARTESIAN_POINT ( 'NONE',  ( 138.2611022684410216, -57.77118415377815808, 4.000000000000000000 ) ) ;
#3409 = ORIENTED_EDGE ( 'NONE', *, *, #3389, .T. ) ;
#3410 = ORIENTED_EDGE ( 'NONE', *, *, #785, .T. ) ;
#3411 = VECTOR ( 'NONE', #2759, 1000.000000000000000 ) ;
#3412 = DIRECTION ( 'NONE',  ( 0.000000000000000000, 0.000000000000000000, 1.000000000000000000 ) ) ;
#3413 = CIRCLE ( 'NONE', #2120, 5.000000000000004441 ) ;
#3414 = COORDINATED_UNIVERSAL_TIME_OFFSET ( 3, 0, .BEHIND. ) ;
#3415 = CIRCLE ( 'NONE', #930, 1.500000000000001332 ) ;
#3416 = VECTOR ( 'NONE', #1986, 1000.000000000000000 ) ;
#3417 = DIRECTION ( 'NONE',  ( 0.000000000000000000, 0.000000000000000000, 1.000000000000000000 ) ) ;
#3418 = ORIENTED_EDGE ( 'NONE', *, *, #3659, .F. ) ;
#3419 = AXIS2_PLACEMENT_3D ( 'NONE', #605, #4066, #3118 ) ;
#3420 = VECTOR ( 'NONE', #2674, 1000.000000000000000 ) ;
#3421 = CARTESIAN_POINT ( 'NONE',  ( 134.9610383482965403, -47.22507394579535855, 0.000000000000000000 ) ) ;
#3422 = DIRECTION ( 'NONE',  ( -0.7071067811864960584, 0.7071067811865990871, 0.000000000000000000 ) ) ;
#3423 = CARTESIAN_POINT ( 'NONE',  ( 124.4576890000000020, -62.73156000000000887, 4.000000000000000000 ) ) ;
#3424 = AXIS2_PLACEMENT_3D ( 'NONE', #1640, #2239, #1309 ) ;
#3425 = ORIENTED_EDGE ( 'NONE', *, *, #1686, .T. ) ;
#3426 = EDGE_CURVE ( 'NONE', #1374, #3283, #2673, .T. ) ;
#3427 = PLANE ( 'NONE',  #3573 ) ;
#3428 = LINE ( 'NONE', #3173, #2250 ) ;
#3429 = ORIENTED_EDGE ( 'NONE', *, *, #3076, .T. ) ;
#3430 = FACE_BOUND ( 'NONE', #40, .T. ) ;
#3431 = ORIENTED_EDGE ( 'NONE', *, *, #660, .T. ) ;
#3432 = ORIENTED_EDGE ( 'NONE', *, *, #1129, .T. ) ;
#3433 = PLANE ( 'NONE',  #1795 ) ;
#3434 = CARTESIAN_POINT ( 'NONE',  ( 135.7611022684410216, -57.69406270695252914, 4.000000000000000000 ) ) ;
#3435 = ORIENTED_EDGE ( 'NONE', *, *, #2447, .T. ) ;
#3436 = EDGE_CURVE ( 'NONE', #1759, #786, #1797, .T. ) ;
#3437 = ORIENTED_EDGE ( 'NONE', *, *, #1461, .F. ) ;
#3438 = PERSON_AND_ORGANIZATION_ROLE ( 'creator' ) ;
#3439 = EDGE_CURVE ( 'NONE', #747, #2372, #1442, .T. ) ;
#3440 = DIRECTION ( 'NONE',  ( -0.7071067811865479058, 0.000000000000000000, -0.7071067811865471286 ) ) ;
#3441 = DIRECTION ( 'NONE',  ( 0.9438829724512080022, -0.3302800846503947119, 0.000000000000000000 ) ) ;
#3442 = ORIENTED_EDGE ( 'NONE', *, *, #3211, .F. ) ;
#3443 = DIRECTION ( 'NONE',  ( 0.000000000000000000, 0.000000000000000000, 1.000000000000000000 ) ) ;
#3445 = ORIENTED_EDGE ( 'NONE', *, *, #579, .F. ) ;
#3444 = LINE ( 'NONE', #1884, #4022 ) ;
#3446 = EDGE_CURVE ( 'NONE', #2708, #1548, #2711, .T. ) ;
#3447 = ORIENTED_EDGE ( 'NONE', *, *, #1954, .T. ) ;
#3448 = ADVANCED_FACE ( 'NONE', ( #2356 ), #3596, .F. ) ;
#3449 = CARTESIAN_POINT ( 'NONE',  ( 124.2787759999999793, -63.51543099999999953, 4.000000000000000000 ) ) ;
#3450 = CARTESIAN_POINT ( 'NONE',  ( 60.11645291927747081, 37.77360124584536294, 4.000000000000000000 ) ) ;
#3451 = EDGE_CURVE ( 'NONE', #2687, #1807, #3023, .T. ) ;
#3452 = DIRECTION ( 'NONE',  ( 0.9438829724512161068, 0.3302800846503718413, 0.000000000000000000 ) ) ;
#3453 = VERTEX_POINT ( 'NONE', #2038 ) ;
#3454 = EDGE_CURVE ( 'NONE', #1208, #3009, #1139, .T. ) ;
#3455 = DIRECTION ( 'NONE',  ( 0.000000000000000000, -1.000000000000000000, 0.000000000000000000 ) ) ;
#3456 = DIRECTION ( 'NONE',  ( 0.9438829724512050046, -0.3302800846504040377, 0.000000000000000000 ) ) ;
#3457 = VERTEX_POINT ( 'NONE', #1466 ) ;
#3458 = EDGE_LOOP ( 'NONE', ( #1664, #2559, #823, #3166 ) ) ;
#3459 = LINE ( 'NONE', #293, #1579 ) ;
#3460 = COORDINATED_UNIVERSAL_TIME_OFFSET ( 3, 0, .BEHIND. ) ;
#3461 = DIRECTION ( 'NONE',  ( 0.3302800846504269638, -0.9438829724511968999, 0.000000000000000000 ) ) ;
#3462 = CARTESIAN_POINT ( 'NONE',  ( 115.1000000000000227, -71.64999999999999147, 0.000000000000000000 ) ) ;
#3463 = ORIENTED_EDGE ( 'NONE', *, *, #1690, .F. ) ;
#3464 = DIRECTION ( 'NONE',  ( -0.000000000000000000, -0.000000000000000000, 1.000000000000000000 ) ) ;
#3465 = CARTESIAN_POINT ( 'NONE',  ( 19.54720346868813863, -85.64304565436189876, 0.000000000000000000 ) ) ;
#3466 = EDGE_LOOP ( 'NONE', ( #1502, #3608, #1314, #1407 ) ) ;
#3467 = EDGE_CURVE ( 'NONE', #3139, #1491, #2737, .T. ) ;
#3468 = DIRECTION ( 'NONE',  ( -1.000000000000000000, 0.000000000000000000, 0.000000000000000000 ) ) ;
#3469 = DIRECTION ( 'NONE',  ( 0.3302800846504269083, -0.9438829724511967889, 0.000000000000000000 ) ) ;
#3470 = VERTEX_POINT ( 'NONE', #1420 ) ;
#3471 = LINE ( 'NONE', #653, #741 ) ;
#3472 = DIRECTION ( 'NONE',  ( -0.7818317504569756160, 0.6234894658110763377, 0.000000000000000000 ) ) ;
#3473 = VERTEX_POINT ( 'NONE', #2690 ) ;
#3474 = VERTEX_POINT ( 'NONE', #3613 ) ;
#3475 = EDGE_CURVE ( 'NONE', #3520, #881, #2150, .T. ) ;
#3476 = CARTESIAN_POINT ( 'NONE',  ( 130.6189240813047832, -56.19406270695252914, 2.999999999999999112 ) ) ;
#3477 = CARTESIAN_POINT ( 'NONE',  ( 128.9812019999999961, -64.31440500000000782, 4.000000000000000000 ) ) ;
#3478 = ORIENTED_EDGE ( 'NONE', *, *, #1872, .F. ) ;
#3479 = VERTEX_POINT ( 'NONE', #241 ) ;
#3480 = CARTESIAN_POINT ( 'NONE',  ( 19.71047314066898082, 24.71617334842838787, 4.000000000000000000 ) ) ;
#3481 = EDGE_CURVE ( 'NONE', #2984, #2867, #4048, .T. ) ;
#3482 = SECURITY_CLASSIFICATION_LEVEL ( 'unclassified' ) ;
#3483 = CARTESIAN_POINT ( 'NONE',  ( 125.5505749579206025, -60.46216628125550585, 4.000000000000000000 ) ) ;
#3484 = CARTESIAN_POINT ( 'NONE',  ( 140.7999999999999829, -72.25000000000000000, 8.000000000000000000 ) ) ;
#3485 = VECTOR ( 'NONE', #3588, 1000.000000000000000 ) ;
#3486 = ORIENTED_EDGE ( 'NONE', *, *, #2441, .F. ) ;
#3487 = VECTOR ( 'NONE', #3016, 1000.000000000000000 ) ;
#3488 = AXIS2_PLACEMENT_3D ( 'NONE', #1840, #2744, #3331 ) ;
#3489 = CARTESIAN_POINT ( 'NONE',  ( -6.815708051670125833, -19.47810683765470685, 0.000000000000000000 ) ) ;
#3491 = ORIENTED_EDGE ( 'NONE', *, *, #223, .F. ) ;
#3490 = FACE_OUTER_BOUND ( 'NONE', #630, .T. ) ;
#3492 = VECTOR ( 'NONE', #3464, 1000.000000000000000 ) ;
#3493 = EDGE_LOOP ( 'NONE', ( #1110, #3946, #3539, #3129 ) ) ;
#3494 = CARTESIAN_POINT ( 'NONE',  ( 140.3000000000000114, -70.14999999999997726, 2.999999999999992450 ) ) ;
#3495 = VECTOR ( 'NONE', #1011, 1000.000000000000000 ) ;
#3496 = VECTOR ( 'NONE', #2345, 1000.000000000000000 ) ;
#3497 = LINE ( 'NONE', #987, #2463 ) ;
#3498 = CARTESIAN_POINT ( 'NONE',  ( 122.8240858155462121, -57.87500000000000000, 0.000000000000000000 ) ) ;
#3499 = ORIENTED_EDGE ( 'NONE', *, *, #1184, .F. ) ;
#3500 = LINE ( 'NONE', #1568, #3569 ) ;
#3501 = ORIENTED_EDGE ( 'NONE', *, *, #1815, .T. ) ;
#3502 = AXIS2_PLACEMENT_3D ( 'NONE', #2672, #3930, #1673 ) ;
#3503 = CARTESIAN_POINT ( 'NONE',  ( 125.5140750000000054, -65.75053599999999676, 4.000000000000000000 ) ) ;
#3504 = DIRECTION ( 'NONE',  ( 0.000000000000000000, -1.000000000000000000, 0.000000000000000000 ) ) ;
#3505 = VERTEX_POINT ( 'NONE', #3393 ) ;
#3506 = LINE ( 'NONE', #27, #4027 ) ;
#3507 = CARTESIAN_POINT ( 'NONE',  ( 126.5404309999999839, -66.04622399999999516, 0.000000000000000000 ) ) ;
#3508 = ORIENTED_EDGE ( 'NONE', *, *, #2451, .F. ) ;
#3509 = EDGE_CURVE ( 'NONE', #21, #804, #1853, .T. ) ;
#3510 = LINE ( 'NONE', #1959, #1735 ) ;
#3512 = ORIENTED_EDGE ( 'NONE', *, *, #210, .T. ) ;
#3511 = FACE_OUTER_BOUND ( 'NONE', #309, .T. ) ;
#3513 = ORIENTED_EDGE ( 'NONE', *, *, #2845, .F. ) ;
#3514 = DIRECTION ( 'NONE',  ( -0.7818317504569581855, -0.6234894658110983201, 0.000000000000000000 ) ) ;
#3515 = EDGE_CURVE ( 'NONE', #1023, #464, #1500, .T. ) ;
#3516 = DIRECTION ( 'NONE',  ( 0.9438829724511968999, 0.3302800846504269638, -0.000000000000000000 ) ) ;
#3517 = CARTESIAN_POINT ( 'NONE',  ( 75.78690051586470133, 36.49716604218625804, 4.000000000000000000 ) ) ;
#3518 = ORIENTED_EDGE ( 'NONE', *, *, #1015, .F. ) ;
#3519 = LINE ( 'NONE', #2597, #2468 ) ;
#3520 = VERTEX_POINT ( 'NONE', #3751 ) ;
#3521 = LINE ( 'NONE', #1595, #916 ) ;
#3522 = CARTESIAN_POINT ( 'NONE',  ( 48.27784224120084389, 38.50026051242042513, 4.000000000000000000 ) ) ;
#3523 = ORIENTED_EDGE ( 'NONE', *, *, #3667, .T. ) ;
#3524 = DIRECTION ( 'NONE',  ( 0.000000000000000000, 0.000000000000000000, -1.000000000000000000 ) ) ;
#3525 = ORIENTED_EDGE ( 'NONE', *, *, #184, .T. ) ;
#3526 = ORIENTED_EDGE ( 'NONE', *, *, #2109, .F. ) ;
#3527 = ORIENTED_EDGE ( 'NONE', *, *, #1769, .F. ) ;
#3528 = ADVANCED_FACE ( 'NONE', ( #1185 ), #912, .F. ) ;
#3529 = DIRECTION ( 'NONE',  ( -1.000000000000000000, 0.000000000000000000, 0.000000000000000000 ) ) ;
#3530 = PLANE ( 'NONE',  #2260 ) ;
#3532 = EDGE_LOOP ( 'NONE', ( #554, #2429, #559, #3834 ) ) ;
#3531 = DIRECTION ( 'NONE',  ( 0.000000000000000000, -0.000000000000000000, -1.000000000000000000 ) ) ;
#3533 = ORIENTED_EDGE ( 'NONE', *, *, #2959, .T. ) ;
#3534 = CARTESIAN_POINT ( 'NONE',  ( 108.1000000000000085, -72.25000000000000000, 0.000000000000000000 ) ) ;
#3535 = EDGE_CURVE ( 'NONE', #692, #2027, #543, .T. ) ;
#3536 = EDGE_CURVE ( 'NONE', #3819, #964, #3967, .T. ) ;
#3537 = DIRECTION ( 'NONE',  ( 1.000000000000000000, 0.000000000000000000, 0.000000000000000000 ) ) ;
#3538 = FACE_OUTER_BOUND ( 'NONE', #1401, .T. ) ;
#3539 = ORIENTED_EDGE ( 'NONE', *, *, #771, .F. ) ;
#3540 = DIRECTION ( 'NONE',  ( 0.000000000000000000, 0.000000000000000000, 1.000000000000000000 ) ) ;
#3541 = ORIENTED_EDGE ( 'NONE', *, *, #2231, .F. ) ;
#3542 = EDGE_CURVE ( 'NONE', #2654, #4062, #313, .T. ) ;
#3543 = DIRECTION ( 'NONE',  ( 0.000000000000000000, 0.7071067811865500152, 0.7071067811865451302 ) ) ;
#3544 = DIRECTION ( 'NONE',  ( 1.000000000000000000, 0.000000000000000000, 0.000000000000000000 ) ) ;
#3545 = CARTESIAN_POINT ( 'NONE',  ( 138.0373530962511097, -70.14999999999999147, 4.000000000000000000 ) ) ;
#3546 = EDGE_LOOP ( 'NONE', ( #1107, #1469, #858, #3854 ) ) ;
#3547 = CARTESIAN_POINT ( 'NONE',  ( 129.0712239999999724, 0.000000000000000000, 4.000000000000000000 ) ) ;
#3548 = ORIENTED_EDGE ( 'NONE', *, *, #3333, .T. ) ;
#3549 = CIRCLE ( 'NONE', #1187, 2.500000000000002220 ) ;
#3550 = DIRECTION ( 'NONE',  ( -0.5320313727382733893, -0.8467246414403141186, 0.000000000000000000 ) ) ;
#3551 = VECTOR ( 'NONE', #890, 1000.000000000000000 ) ;
#3552 = DIRECTION ( 'NONE',  ( -0.000000000000000000, -0.000000000000000000, 1.000000000000000000 ) ) ;
#3553 = LINE ( 'NONE', #736, #2979 ) ;
#3554 = EDGE_CURVE ( 'NONE', #3191, #756, #3137, .T. ) ;
#3555 = EDGE_CURVE ( 'NONE', #2202, #955, #2121, .T. ) ;
#3556 = ORIENTED_EDGE ( 'NONE', *, *, #2700, .T. ) ;
#3557 = VERTEX_POINT ( 'NONE', #2460 ) ;
#3558 = VECTOR ( 'NONE', #1258, 1000.000000000000114 ) ;
#3559 = CIRCLE ( 'NONE', #3302, 1.500000000000001332 ) ;
#3560 = VECTOR ( 'NONE', #2965, 1000.000000000000000 ) ;
#3561 = FACE_OUTER_BOUND ( 'NONE', #2086, .T. ) ;
#3562 = DIRECTION ( 'NONE',  ( 0.000000000000000000, 0.000000000000000000, -1.000000000000000000 ) ) ;
#3563 = AXIS2_PLACEMENT_3D ( 'NONE', #163, #3024, #1467 ) ;
#3564 = EDGE_CURVE ( 'NONE', #3202, #2044, #3697, .T. ) ;
#3565 = ORIENTED_EDGE ( 'NONE', *, *, #217, .F. ) ;
#3566 = LINE ( 'NONE', #1036, #1339 ) ;
#3567 = ORIENTED_EDGE ( 'NONE', *, *, #2733, .T. ) ;
#3568 = AXIS2_PLACEMENT_3D ( 'NONE', #795, #1707, #1459 ) ;
#3569 = VECTOR ( 'NONE', #971, 1000.000000000000114 ) ;
#3570 = EDGE_CURVE ( 'NONE', #2739, #3324, #549, .T. ) ;
#3571 = DIRECTION ( 'NONE',  ( -0.000000000000000000, -0.000000000000000000, 1.000000000000000000 ) ) ;
#3572 = CARTESIAN_POINT ( 'NONE',  ( 128.9812019999999961, -62.98559500000000355, 4.000000000000000000 ) ) ;
#3573 = AXIS2_PLACEMENT_3D ( 'NONE', #282, #1546, #3172 ) ;
#3574 = CARTESIAN_POINT ( 'NONE',  ( 81.76462257551766299, -102.5296841391115237, 4.000000000000000000 ) ) ;
#3575 = EDGE_LOOP ( 'NONE', ( #956, #1271, #635, #3513 ) ) ;
#3576 = DIRECTION ( 'NONE',  ( 0.7071067811865474617, 4.906538933386793298E-15, -0.7071067811865474617 ) ) ;
#3577 = ORIENTED_EDGE ( 'NONE', *, *, #1348, .F. ) ;
#3578 = CARTESIAN_POINT ( 'NONE',  ( 138.0373530962511097, -72.64999999999999147, 4.000000000000000000 ) ) ;
#3579 = DIRECTION ( 'NONE',  ( -0.9438829724511967889, -0.3302800846504269083, 0.000000000000000000 ) ) ;
#3580 = CARTESIAN_POINT ( 'NONE',  ( 126.8095689999999820, -61.25377599999999489, 0.000000000000000000 ) ) ;
#3581 = EDGE_LOOP ( 'NONE', ( #1849, #29, #1627, #2377 ) ) ;
#3582 = VERTEX_POINT ( 'NONE', #254 ) ;
#3583 = PLANE ( 'NONE',  #14 ) ;
#3584 = DIRECTION ( 'NONE',  ( 0.000000000000000000, 0.000000000000000000, 1.000000000000000000 ) ) ;
#3585 = CARTESIAN_POINT ( 'NONE',  ( 124.7176539999999818, -65.03881100000000970, 4.000000000000000000 ) ) ;
#3586 = ORIENTED_EDGE ( 'NONE', *, *, #2447, .F. ) ;
#3587 = CARTESIAN_POINT ( 'NONE',  ( 0.000000000000000000, 0.000000000000000000, 8.000000000000000000 ) ) ;
#3588 = DIRECTION ( 'NONE',  ( -0.000000000000000000, -0.000000000000000000, -1.000000000000000000 ) ) ;
#3589 = CARTESIAN_POINT ( 'NONE',  ( 118.8626469037489102, -61.11627930284585375, 4.000000000000000000 ) ) ;
#3590 = ORIENTED_EDGE ( 'NONE', *, *, #2438, .F. ) ;
#3591 = CYLINDRICAL_SURFACE ( 'NONE', #2525, 1.500000000000001332 ) ;
#3592 = ORIENTED_EDGE ( 'NONE', *, *, #3094, .F. ) ;
#3593 = EDGE_LOOP ( 'NONE', ( #3918, #3404, #2074, #3592 ) ) ;
#3594 = ADVANCED_FACE ( 'NONE', ( #4006 ), #1472, .F. ) ;
#3595 = LINE ( 'NONE', #1692, #3365 ) ;
#3596 = PLANE ( 'NONE',  #3102 ) ;
#3597 = CARTESIAN_POINT ( 'NONE',  ( 138.0373530962511097, -61.87500000000000000, 0.000000000000000000 ) ) ;
#3598 = ORIENTED_EDGE ( 'NONE', *, *, #176, .T. ) ;
#3599 = DIRECTION ( 'NONE',  ( 0.7071067811865474617, 0.000000000000000000, -0.7071067811865474617 ) ) ;
#3600 = LINE ( 'NONE', #2618, #1195 ) ;
#3601 = ORIENTED_EDGE ( 'NONE', *, *, #2314, .T. ) ;
#3602 = DIRECTION ( 'NONE',  ( -0.000000000000000000, -0.000000000000000000, -1.000000000000000000 ) ) ;
#3603 = ORIENTED_EDGE ( 'NONE', *, *, #3515, .F. ) ;
#3604 = LINE ( 'NONE', #2048, #466 ) ;
#3605 = DIRECTION ( 'NONE',  ( 0.000000000000000000, 0.000000000000000000, 1.000000000000000000 ) ) ;
#3606 = DIRECTION ( 'NONE',  ( 0.9937121797503037923, 0.1119647436289660652, 0.000000000000000000 ) ) ;
#3607 = CARTESIAN_POINT ( 'NONE',  ( 128.2742320000000120, -61.86045899999997744, 0.000000000000000000 ) ) ;
#3608 = ORIENTED_EDGE ( 'NONE', *, *, #3108, .T. ) ;
#3609 = DIRECTION ( 'NONE',  ( -0.4338848808833347670, 0.9009683180561093296, 0.000000000000000000 ) ) ;
#3610 = ORIENTED_EDGE ( 'NONE', *, *, #3669, .F. ) ;
#3611 = EDGE_LOOP ( 'NONE', ( #2123, #3486, #832, #655, #1298, #3074 ) ) ;
#3612 = DIRECTION ( 'NONE',  ( 0.000000000000000000, 0.000000000000000000, 1.000000000000000000 ) ) ;
#3613 = CARTESIAN_POINT ( 'NONE',  ( 128.7755360000000167, -64.81092500000001166, 0.000000000000000000 ) ) ;
#3614 = CARTESIAN_POINT ( 'NONE',  ( 138.0373530962511097, -60.87500000000000000, 4.000000000000000000 ) ) ;
#3615 = AXIS2_PLACEMENT_3D ( 'NONE', #2536, #3772, #68 ) ;
#3616 = ORIENTED_EDGE ( 'NONE', *, *, #3885, .F. ) ;
#3617 = AXIS2_PLACEMENT_3D ( 'NONE', #2535, #2816, #619 ) ;
#3618 = DIRECTION ( 'NONE',  ( 0.9937121797503037923, 0.1119647436289660652, 0.000000000000000000 ) ) ;
#3619 = DIRECTION ( 'NONE',  ( 1.000000000000000000, 0.000000000000000000, 0.000000000000000000 ) ) ;
#3620 = PLANE ( 'NONE',  #1146 ) ;
#3621 = ORIENTED_EDGE ( 'NONE', *, *, #2438, .T. ) ;
#3622 = VECTOR ( 'NONE', #3802, 999.9999999999998863 ) ;
#3623 = CARTESIAN_POINT ( 'NONE',  ( 20.61360999146401340, -90.31534073039772181, 4.000000000000000000 ) ) ;
#3624 = AXIS2_PLACEMENT_3D ( 'NONE', #280, #2221, #2466 ) ;
#3625 = CIRCLE ( 'NONE', #77, 1.500000000000001332 ) ;
#3626 = LINE ( 'NONE', #1749, #1658 ) ;
#3627 = FACE_OUTER_BOUND ( 'NONE', #1048, .T. ) ;
#3628 = DIRECTION ( 'NONE',  ( -0.3302800846503809451, -0.9438829724512129982, 0.000000000000000000 ) ) ;
#3629 = DIRECTION ( 'NONE',  ( 0.000000000000000000, -0.000000000000000000, -1.000000000000000000 ) ) ;
#3630 = AXIS2_PLACEMENT_3D ( 'NONE', #2138, #564, #1515 ) ;
#3631 = VECTOR ( 'NONE', #444, 1000.000000000000000 ) ;
#3632 = AXIS2_PLACEMENT_3D ( 'NONE', #3965, #517, #3720 ) ;
#3633 = LINE ( 'NONE', #822, #3754 ) ;
#3634 = ORIENTED_EDGE ( 'NONE', *, *, #2733, .F. ) ;
#3635 = EDGE_CURVE ( 'NONE', #757, #1784, #2270, .T. ) ;
#3636 = EDGE_CURVE ( 'NONE', #2350, #441, #378, .T. ) ;
#3637 = DIRECTION ( 'NONE',  ( -0.000000000000000000, -0.000000000000000000, -1.000000000000000000 ) ) ;
#3638 = DIRECTION ( 'NONE',  ( 1.000000000000000000, 0.000000000000000000, 0.000000000000000000 ) ) ;
#3639 = ORIENTED_EDGE ( 'NONE', *, *, #2471, .T. ) ;
#3640 = ORIENTED_EDGE ( 'NONE', *, *, #3222, .T. ) ;
#3641 = EDGE_CURVE ( 'NONE', #1188, #1012, #1639, .T. ) ;
#3642 = DIRECTION ( 'NONE',  ( -0.000000000000000000, -0.000000000000000000, 1.000000000000000000 ) ) ;
#3643 = CARTESIAN_POINT ( 'NONE',  ( 136.5373530962511097, -63.37500000000001421, 0.000000000000000000 ) ) ;
#3644 = LINE ( 'NONE', #1449, #603 ) ;
#3645 = ORIENTED_EDGE ( 'NONE', *, *, #2161, .T. ) ;
#3646 = FACE_BOUND ( 'NONE', #3256, .T. ) ;
#3647 = DIRECTION ( 'NONE',  ( -0.000000000000000000, -0.000000000000000000, -1.000000000000000000 ) ) ;
#3648 = DIRECTION ( 'NONE',  ( 1.000000000000000000, 0.000000000000000000, 0.000000000000000000 ) ) ;
#3649 = CARTESIAN_POINT ( 'NONE',  ( 138.2611022684410216, -57.69406270695254335, 4.000000000000000000 ) ) ;
#3650 = EDGE_CURVE ( 'NONE', #439, #366, #2609, .T. ) ;
#3651 = CARTESIAN_POINT ( 'NONE',  ( 137.2611022684410216, -57.77118415377815808, 0.000000000000000000 ) ) ;
#3652 = ORIENTED_EDGE ( 'NONE', *, *, #2215, .T. ) ;
#3653 = ADVANCED_FACE ( 'NONE', ( #3794 ), #72, .F. ) ;
#3654 = EDGE_CURVE ( 'NONE', #1337, #1054, #709, .T. ) ;
#3655 = PERSON_AND_ORGANIZATION ( #120, #278 ) ;
#3656 = DIRECTION ( 'NONE',  ( 0.7071067811865479058, -3.271025955591196978E-15, 0.7071067811865471286 ) ) ;
#3657 = ORIENTED_EDGE ( 'NONE', *, *, #2360, .F. ) ;
#3658 = VERTEX_POINT ( 'NONE', #1688 ) ;
#3659 = EDGE_CURVE ( 'NONE', #2344, #2319, #1354, .T. ) ;
#3660 = CARTESIAN_POINT ( 'NONE',  ( -8.069161973108769814, -35.35378389868957072, 4.000000000000000000 ) ) ;
#3661 = DIRECTION ( 'NONE',  ( -0.2225180901578250048, 0.9749285612559075442, 0.000000000000000000 ) ) ;
#3662 = ORIENTED_EDGE ( 'NONE', *, *, #184, .F. ) ;
#3663 = ADVANCED_FACE ( 'NONE', ( #3816 ), #358, .T. ) ;
#3664 = DIRECTION ( 'NONE',  ( 0.8467246414403256649, 0.5320313727382548485, 0.000000000000000000 ) ) ;
#3665 = CARTESIAN_POINT ( 'NONE',  ( 108.1000000000000085, -55.87499999999999289, -46.01011437716709196 ) ) ;
#3666 = CARTESIAN_POINT ( 'NONE',  ( 129.8684191183235441, -62.54153717772012300, 4.000000000000000000 ) ) ;
#3667 = EDGE_CURVE ( 'NONE', #757, #2027, #2580, .T. ) ;
#3668 = ORIENTED_EDGE ( 'NONE', *, *, #2378, .T. ) ;
#3669 = EDGE_CURVE ( 'NONE', #2144, #2240, #3506, .T. ) ;
#3670 = DIRECTION ( 'NONE',  ( -0.000000000000000000, -0.000000000000000000, 1.000000000000000000 ) ) ;
#3671 = FACE_OUTER_BOUND ( 'NONE', #2915, .T. ) ;
#3672 = ORIENTED_EDGE ( 'NONE', *, *, #1832, .F. ) ;
#3673 = VERTEX_POINT ( 'NONE', #690 ) ;
#3674 = VECTOR ( 'NONE', #2324, 1000.000000000000000 ) ;
#3675 = PLANE ( 'NONE',  #871 ) ;
#3676 = DIRECTION ( 'NONE',  ( -0.000000000000000000, -0.000000000000000000, -1.000000000000000000 ) ) ;
#3677 = VERTEX_POINT ( 'NONE', #3200 ) ;
#3678 = VECTOR ( 'NONE', #2553, 1000.000000000000114 ) ;
#3679 = DIRECTION ( 'NONE',  ( 1.000000000000000000, 0.000000000000000000, 0.000000000000000000 ) ) ;
#3680 = DIRECTION ( 'NONE',  ( -0.000000000000000000, -0.000000000000000000, 1.000000000000000000 ) ) ;
#3681 = VECTOR ( 'NONE', #2748, 1000.000000000000000 ) ;
#3682 = EDGE_CURVE ( 'NONE', #804, #892, #2000, .T. ) ;
#3683 = CARTESIAN_POINT ( 'NONE',  ( 108.1000000000000085, -55.87499999999999289, 0.000000000000000000 ) ) ;
#3684 = EDGE_LOOP ( 'NONE', ( #2607, #2958, #2220, #2751 ) ) ;
#3685 = DIRECTION ( 'NONE',  ( 1.000000000000000000, 0.000000000000000000, 0.000000000000000000 ) ) ;
#3686 = ORIENTED_EDGE ( 'NONE', *, *, #942, .F. ) ;
#3687 = VECTOR ( 'NONE', #2193, 1000.000000000000000 ) ;
#3688 = VECTOR ( 'NONE', #918, 1000.000000000000000 ) ;
#3689 = ADVANCED_FACE ( 'NONE', ( #3843 ), #1024, .F. ) ;
#3690 = EDGE_CURVE ( 'NONE', #2799, #385, #2925, .T. ) ;
#3691 = CIRCLE ( 'NONE', #3624, 1.500000000000001332 ) ;
#3692 = CARTESIAN_POINT ( 'NONE',  ( 121.5209594579901449, -76.35653872897729855, 4.000000000000000000 ) ) ;
#3693 = AXIS2_PLACEMENT_3D ( 'NONE', #3268, #1313, #1029 ) ;
#3694 = ORIENTED_EDGE ( 'NONE', *, *, #1766, .T. ) ;
#3695 = VECTOR ( 'NONE', #2099, 1000.000000000000000 ) ;
#3696 = VECTOR ( 'NONE', #4018, 999.9999999999998863 ) ;
#3697 = LINE ( 'NONE', #2439, #2851 ) ;
#3698 = CARTESIAN_POINT ( 'NONE',  ( -7.002755450321843433, -30.68148882263080779, 4.000000000000000000 ) ) ;
#3699 = ORIENTED_EDGE ( 'NONE', *, *, #1102, .T. ) ;
#3700 = LOCAL_TIME ( 10, 5, 31.00000000000000000, #3460 ) ;
#3701 = EDGE_CURVE ( 'NONE', #996, #2108, #1204, .T. ) ;
#3702 = CARTESIAN_POINT ( 'NONE',  ( 135.7611022684410216, -57.69406270695252914, 2.999999999999999112 ) ) ;
#3703 = CARTESIAN_POINT ( 'NONE',  ( 104.2584457318915838, 23.79598993099370574, 0.000000000000000000 ) ) ;
#3704 = ORIENTED_EDGE ( 'NONE', *, *, #405, .F. ) ;
#3705 = FACE_OUTER_BOUND ( 'NONE', #3174, .T. ) ;
#3706 = CARTESIAN_POINT ( 'NONE',  ( 122.8240858155461979, -56.37500000000000000, 2.500000000000000444 ) ) ;
#3707 = LINE ( 'NONE', #3073, #1475 ) ;
#3708 = VERTEX_POINT ( 'NONE', #485 ) ;
#3709 = ORIENTED_EDGE ( 'NONE', *, *, #3043, .T. ) ;
#3710 =( NAMED_UNIT ( * ) SI_UNIT ( $, .STERADIAN. ) SOLID_ANGLE_UNIT ( ) );
#3711 = CARTESIAN_POINT ( 'NONE',  ( 127.3394049999999851, -65.95620199999999045, 0.000000000000000000 ) ) ;
#3712 = ORIENTED_EDGE ( 'NONE', *, *, #1275, .F. ) ;
#3713 = EDGE_CURVE ( 'NONE', #3009, #1168, #3633, .T. ) ;
#3714 = CARTESIAN_POINT ( 'NONE',  ( 142.7999999999999829, -53.87500000000000000, -46.01011437716709196 ) ) ;
#3715 = CARTESIAN_POINT ( 'NONE',  ( 111.1000000000000085, -53.87500000000000000, -46.01011437716709196 ) ) ;
#3716 = ORIENTED_EDGE ( 'NONE', *, *, #3542, .T. ) ;
#3717 = FACE_OUTER_BOUND ( 'NONE', #2880, .T. ) ;
#3718 = DIRECTION ( 'NONE',  ( 1.000000000000000000, 0.000000000000000000, 0.000000000000000000 ) ) ;
#3719 = ADVANCED_FACE ( 'NONE', ( #132 ), #2081, .F. ) ;
#3720 = DIRECTION ( 'NONE',  ( -1.000000000000000000, 0.000000000000000000, 0.000000000000000000 ) ) ;
#3721 = ORIENTED_EDGE ( 'NONE', *, *, #2694, .F. ) ;
#3722 = CARTESIAN_POINT ( 'NONE',  ( 80.10474467627138040, 38.57653693865550792, 4.000000000000000000 ) ) ;
#3723 = PLANE ( 'NONE',  #1513 ) ;
#3724 = ORIENTED_EDGE ( 'NONE', *, *, #3654, .F. ) ;
#3725 = CARTESIAN_POINT ( 'NONE',  ( 137.2611022684410216, -57.69406270695253625, 0.000000000000000000 ) ) ;
#3726 = ADVANCED_FACE ( 'NONE', ( #773 ), #2420, .F. ) ;
#3727 = PLANE ( 'NONE',  #1802 ) ;
#3728 = ORIENTED_EDGE ( 'NONE', *, *, #3451, .T. ) ;
#3729 = DIRECTION ( 'NONE',  ( -0.000000000000000000, -0.000000000000000000, -1.000000000000000000 ) ) ;
#3730 = EDGE_CURVE ( 'NONE', #2202, #3842, #3325, .T. ) ;
#3731 = CARTESIAN_POINT ( 'NONE',  ( 124.4576890000000020, -62.73156000000000887, 0.000000000000000000 ) ) ;
#3732 = DIRECTION ( 'NONE',  ( -0.9749285612559387415, 0.2225180901576891135, 0.000000000000000000 ) ) ;
#3733 = VERTEX_POINT ( 'NONE', #3003 ) ;
#3734 = AXIS2_PLACEMENT_3D ( 'NONE', #1106, #421, #2939 ) ;
#3735 = PRODUCT_RELATED_PRODUCT_CATEGORY ( 'detail', '', ( #2598 ) ) ;
#3736 = CARTESIAN_POINT ( 'NONE',  ( 0.000000000000000000, -61.25377599999999489, 0.000000000000000000 ) ) ;
#3737 = DIRECTION ( 'NONE',  ( 0.7071067811865451302, -9.813077866773550308E-15, 0.7071067811865500152 ) ) ;
#3738 = VERTEX_POINT ( 'NONE', #3927 ) ;
#3739 = FACE_BOUND ( 'NONE', #718, .T. ) ;
#3740 = ORIENTED_EDGE ( 'NONE', *, *, #1621, .T. ) ;
#3741 = AXIS2_PLACEMENT_3D ( 'NONE', #2557, #641, #1329 ) ;
#3742 = ADVANCED_FACE ( 'NONE', ( #3880 ), #3591, .F. ) ;
#3743 = LINE ( 'NONE', #954, #1126 ) ;
#3744 = ORIENTED_EDGE ( 'NONE', *, *, #3199, .F. ) ;
#3745 = VERTEX_POINT ( 'NONE', #1417 ) ;
#3746 = CONICAL_SURFACE ( 'NONE', #1729, 1.500000000000001332, 0.7853981633974488341 ) ;
#3747 = VECTOR ( 'NONE', #701, 1000.000000000000000 ) ;
#3748 = EDGE_CURVE ( 'NONE', #3673, #1248, #2331, .T. ) ;
#3749 = VECTOR ( 'NONE', #3164, 1000.000000000000000 ) ;
#3750 = AXIS2_PLACEMENT_3D ( 'NONE', #580, #643, #1854 ) ;
#3751 = CARTESIAN_POINT ( 'NONE',  ( 115.8626469037488818, -73.14999999999999147, 4.000000000000000000 ) ) ;
#3752 = CARTESIAN_POINT ( 'NONE',  ( 110.3319916760448223, -87.98674972173756714, 4.000000000000000000 ) ) ;
#3753 = ORIENTED_EDGE ( 'NONE', *, *, #720, .F. ) ;
#3754 = VECTOR ( 'NONE', #2686, 1000.000000000000000 ) ;
#3755 = VECTOR ( 'NONE', #2133, 1000.000000000000114 ) ;
#3756 = EDGE_CURVE ( 'NONE', #2898, #2652, #1772, .T. ) ;
#3757 = CARTESIAN_POINT ( 'NONE',  ( 125.5140750000000054, -61.54946399999999329, 0.000000000000000000 ) ) ;
#3758 = VECTOR ( 'NONE', #1112, 1000.000000000000000 ) ;
#3759 = LINE ( 'NONE', #2520, #2124 ) ;
#3760 = CARTESIAN_POINT ( 'NONE',  ( 63.25473867383950477, -100.6695256472366253, 4.000000000000000000 ) ) ;
#3761 = ORIENTED_EDGE ( 'NONE', *, *, #3091, .F. ) ;
#3762 = EDGE_CURVE ( 'NONE', #3006, #2997, #440, .T. ) ;
#3763 = CARTESIAN_POINT ( 'NONE',  ( 127.0770149999999603, -66.01608999999999128, 4.000000000000000000 ) ) ;
#3764 = DIRECTION ( 'NONE',  ( 0.000000000000000000, 0.000000000000000000, 1.000000000000000000 ) ) ;
#3765 = VERTEX_POINT ( 'NONE', #1389 ) ;
#3766 = DIRECTION ( 'NONE',  ( -1.000000000000000000, 0.000000000000000000, 0.000000000000000000 ) ) ;
#3767 = CARTESIAN_POINT ( 'NONE',  ( 124.4576890000000020, -62.73156000000000887, 4.000000000000000000 ) ) ;
#3768 = ORIENTED_EDGE ( 'NONE', *, *, #3542, .F. ) ;
#3769 = ADVANCED_FACE ( 'NONE', ( #3944 ), #1152, .F. ) ;
#3770 = CARTESIAN_POINT ( 'NONE',  ( 126.8095689999999820, -66.04622400000002358, 4.000000000000000000 ) ) ;
#3771 = DIRECTION ( 'NONE',  ( -0.000000000000000000, -0.000000000000000000, -1.000000000000000000 ) ) ;
#3772 = DIRECTION ( 'NONE',  ( 0.000000000000000000, 0.7071067811865471286, 0.7071067811865479058 ) ) ;
#3773 = VERTEX_POINT ( 'NONE', #195 ) ;
#3774 = DIRECTION ( 'NONE',  ( 0.000000000000000000, -1.000000000000000000, 0.000000000000000000 ) ) ;
#3775 = PERSON_AND_ORGANIZATION_ROLE ( 'design_supplier' ) ;
#3776 = DIRECTION ( 'NONE',  ( 0.000000000000000000, 0.000000000000000000, 1.000000000000000000 ) ) ;
#3777 = CARTESIAN_POINT ( 'NONE',  ( 81.76462257551766299, -102.5296841391115237, 0.000000000000000000 ) ) ;
#3778 = EDGE_CURVE ( 'NONE', #532, #3258, #2035, .T. ) ;
#3779 = ORIENTED_EDGE ( 'NONE', *, *, #1304, .F. ) ;
#3780 = DIRECTION ( 'NONE',  ( 0.7071067811865990871, 0.7071067811864960584, -0.000000000000000000 ) ) ;
#3781 = DIRECTION ( 'NONE',  ( 6.542051911182393956E-15, 0.7071067811865479058, -0.7071067811865471286 ) ) ;
#3782 = ORIENTED_EDGE ( 'NONE', *, *, #1355, .T. ) ;
#3783 = DIRECTION ( 'NONE',  ( 1.000000000000000000, 0.000000000000000000, 0.000000000000000000 ) ) ;
#3784 = PLANE ( 'NONE',  #1992 ) ;
#3785 = LINE ( 'NONE', #369, #3622 ) ;
#3786 = DIRECTION ( 'NONE',  ( 1.000000000000000000, 0.000000000000000000, 0.000000000000000000 ) ) ;
#3787 = ORIENTED_EDGE ( 'NONE', *, *, #771, .T. ) ;
#3788 = DIRECTION ( 'NONE',  ( 0.000000000000000000, 0.000000000000000000, 1.000000000000000000 ) ) ;
#3789 = EDGE_CURVE ( 'NONE', #1746, #1374, #1596, .T. ) ;
#3790 = ORIENTED_EDGE ( 'NONE', *, *, #48, .F. ) ;
#3791 = EDGE_LOOP ( 'NONE', ( #1238, #273, #1356, #1488 ) ) ;
#3792 = CARTESIAN_POINT ( 'NONE',  ( 111.1000000000000085, -53.87500000000000000, 8.000000000000000000 ) ) ;
#3793 = CALENDAR_DATE ( 2026, 19, 8 ) ;
#3794 = FACE_OUTER_BOUND ( 'NONE', #457, .T. ) ;
#3795 = FACE_OUTER_BOUND ( 'NONE', #2812, .T. ) ;
#3796 = EDGE_LOOP ( 'NONE', ( #1987, #2426, #1582, #1278 ) ) ;
#3797 = CARTESIAN_POINT ( 'NONE',  ( 129.1189240813047832, -57.77118415377815808, 2.999999999999999112 ) ) ;
#3798 = CARTESIAN_POINT ( 'NONE',  ( 130.6189240813047832, -57.77118415377816518, 2.999999999999999112 ) ) ;
#3799 = ORIENTED_EDGE ( 'NONE', *, *, #3570, .T. ) ;
#3800 = FACE_OUTER_BOUND ( 'NONE', #3928, .T. ) ;
#3801 = CARTESIAN_POINT ( 'NONE',  ( 118.6259935335190647, -56.37500000000000000, 0.000000000000000000 ) ) ;
#3802 = DIRECTION ( 'NONE',  ( -0.9009683180561093296, -0.4338848808833347670, 0.000000000000000000 ) ) ;
#3803 = ORIENTED_EDGE ( 'NONE', *, *, #3239, .T. ) ;
#3804 = LINE ( 'NONE', #990, #3045 ) ;
#3805 = ORIENTED_EDGE ( 'NONE', *, *, #607, .T. ) ;
#3806 = EDGE_CURVE ( 'NONE', #639, #972, #2264, .T. ) ;
#3807 = EDGE_CURVE ( 'NONE', #2319, #1807, #3340, .T. ) ;
#3808 = DIRECTION ( 'NONE',  ( -0.8467246414403140076, 0.5320313727382733893, 0.000000000000000000 ) ) ;
#3809 = DIRECTION ( 'NONE',  ( 0.7071067811864959474, -0.7071067811865990871, 0.000000000000000000 ) ) ;
#3810 = ORIENTED_EDGE ( 'NONE', *, *, #1983, .T. ) ;
#3811 = DIRECTION ( 'NONE',  ( -0.000000000000000000, -0.000000000000000000, -1.000000000000000000 ) ) ;
#3812 = EDGE_CURVE ( 'NONE', #2709, #2068, #1754, .T. ) ;
#3813 = VECTOR ( 'NONE', #3811, 1000.000000000000000 ) ;
#3814 = EDGE_CURVE ( 'NONE', #1208, #1374, #114, .T. ) ;
#3815 = PERSON_AND_ORGANIZATION ( #120, #278 ) ;
#3816 = FACE_OUTER_BOUND ( 'NONE', #3575, .T. ) ;
#3817 = CARTESIAN_POINT ( 'NONE',  ( 138.0373530962511097, -61.87500000000000000, 0.000000000000000000 ) ) ;
#3818 = AXIS2_PLACEMENT_3D ( 'NONE', #3450, #904, #632 ) ;
#3819 = VERTEX_POINT ( 'NONE', #2642 ) ;
#3820 = EDGE_LOOP ( 'NONE', ( #2491, #1560, #2294, #2621 ) ) ;
#3821 = AXIS2_PLACEMENT_3D ( 'NONE', #1696, #744, #759 ) ;
#3822 = VECTOR ( 'NONE', #3781, 1000.000000000000000 ) ;
#3823 = PRODUCT_DEFINITION_SHAPE ( 'NONE', 'NONE',  #4012 ) ;
#3824 = LINE ( 'NONE', #32, #3749 ) ;
#3825 = DIRECTION ( 'NONE',  ( -0.000000000000000000, -0.000000000000000000, -1.000000000000000000 ) ) ;
#3826 = CIRCLE ( 'NONE', #2592, 1.500000000000001332 ) ;
#3827 = ORIENTED_EDGE ( 'NONE', *, *, #3884, .T. ) ;
#3828 = AXIS2_PLACEMENT_3D ( 'NONE', #276, #565, #3119 ) ;
#3829 = EDGE_CURVE ( 'NONE', #3258, #578, #1065, .T. ) ;
#3830 = CIRCLE ( 'NONE', #81, 2.500000000000002220 ) ;
#3831 = VECTOR ( 'NONE', #854, 1000.000000000000000 ) ;
#3832 = CARTESIAN_POINT ( 'NONE',  ( 128.8923110000000065, -62.73156000000001598, 4.000000000000000000 ) ) ;
#3833 = CARTESIAN_POINT ( 'NONE',  ( 124.3240858155462121, -58.11627930284585375, 2.500000000000000444 ) ) ;
#3834 = ORIENTED_EDGE ( 'NONE', *, *, #3659, .T. ) ;
#3835 = FACE_OUTER_BOUND ( 'NONE', #3581, .T. ) ;
#3836 = EDGE_CURVE ( 'NONE', #3185, #3191, #1588, .T. ) ;
#3837 = VERTEX_POINT ( 'NONE', #2829 ) ;
#3838 = EDGE_CURVE ( 'NONE', #1881, #487, #1533, .T. ) ;
#3839 = AXIS2_PLACEMENT_3D ( 'NONE', #3356, #970, #3766 ) ;
#3840 = DIRECTION ( 'NONE',  ( -1.000000000000000000, 0.000000000000000000, 0.000000000000000000 ) ) ;
#3841 = LINE ( 'NONE', #3589, #64 ) ;
#3842 = VERTEX_POINT ( 'NONE', #857 ) ;
#3843 = FACE_OUTER_BOUND ( 'NONE', #1713, .T. ) ;
#3844 = LINE ( 'NONE', #453, #538 ) ;
#3845 = ORIENTED_EDGE ( 'NONE', *, *, #189, .T. ) ;
#3846 = ORIENTED_EDGE ( 'NONE', *, *, #2489, .T. ) ;
#3847 = DIRECTION ( 'NONE',  ( -0.9009683180561093296, -0.4338848808833347670, 0.000000000000000000 ) ) ;
#3848 = FACE_OUTER_BOUND ( 'NONE', #1226, .T. ) ;
#3849 = PLANE ( 'NONE',  #3693 ) ;
#3850 = ORIENTED_EDGE ( 'NONE', *, *, #310, .F. ) ;
#3851 = FACE_OUTER_BOUND ( 'NONE', #3458, .T. ) ;
#3852 = CARTESIAN_POINT ( 'NONE',  ( 145.7999999999999829, -77.25000000000000000, -46.01011437716709196 ) ) ;
#3853 = CARTESIAN_POINT ( 'NONE',  ( 117.4630754525056489, -73.80680592069533930, 4.000000000000000000 ) ) ;
#3854 = ORIENTED_EDGE ( 'NONE', *, *, #765, .T. ) ;
#3855 = DIRECTION ( 'NONE',  ( 0.9937121797503050136, -0.1119647436289545883, 0.000000000000000000 ) ) ;
#3856 = VERTEX_POINT ( 'NONE', #1904 ) ;
#3857 = CARTESIAN_POINT ( 'NONE',  ( 127.5934399999999442, -65.86731099999998662, 4.000000000000000000 ) ) ;
#3858 = CARTESIAN_POINT ( 'NONE',  ( 124.4576889999999878, -64.56843999999998118, 4.000000000000000000 ) ) ;
#3859 = ORIENTED_EDGE ( 'NONE', *, *, #223, .T. ) ;
#3860 = EDGE_CURVE ( 'NONE', #2344, #2687, #3986, .T. ) ;
#3861 = EDGE_CURVE ( 'NONE', #2018, #439, #2470, .T. ) ;
#3862 = EDGE_CURVE ( 'NONE', #1784, #1188, #1009, .T. ) ;
#3863 = CARTESIAN_POINT ( 'NONE',  ( 108.1000000000000085, -72.25000000000000000, -46.01011437716709196 ) ) ;
#3864 = ORIENTED_EDGE ( 'NONE', *, *, #841, .F. ) ;
#3865 = ADVANCED_FACE ( 'NONE', ( #3374 ), #3130, .F. ) ;
#3866 = PLANE ( 'NONE',  #1069 ) ;
#3867 = DIRECTION ( 'NONE',  ( -1.000000000000000000, 0.000000000000000000, -0.000000000000000000 ) ) ;
#3868 = ORIENTED_EDGE ( 'NONE', *, *, #2471, .F. ) ;
#3869 = ORIENTED_EDGE ( 'NONE', *, *, #2732, .T. ) ;
#3870 = FACE_OUTER_BOUND ( 'NONE', #3466, .T. ) ;
#3871 = DIRECTION ( 'NONE',  ( 0.9749285612559163150, -0.2225180901577871739, 0.000000000000000000 ) ) ;
#3872 = ORIENTED_EDGE ( 'NONE', *, *, #3229, .F. ) ;
#3873 = LINE ( 'NONE', #1655, #2410 ) ;
#3874 = ORIENTED_EDGE ( 'NONE', *, *, #3481, .T. ) ;
#3875 = LINE ( 'NONE', #1058, #3294 ) ;
#3876 = DIRECTION ( 'NONE',  ( 0.000000000000000000, -1.000000000000000000, 0.000000000000000000 ) ) ;
#3877 = CYLINDRICAL_SURFACE ( 'NONE', #522, 1.500000000000001332 ) ;
#3878 = ORIENTED_EDGE ( 'NONE', *, *, #1371, .F. ) ;
#3879 = EDGE_CURVE ( 'NONE', #2437, #3733, #3471, .T. ) ;
#3880 = FACE_OUTER_BOUND ( 'NONE', #2053, .T. ) ;
#3881 = ORIENTED_EDGE ( 'NONE', *, *, #368, .T. ) ;
#3882 = EDGE_CURVE ( 'NONE', #2148, #1428, #1720, .T. ) ;
#3883 = VECTOR ( 'NONE', #411, 999.9999999999998863 ) ;
#3884 = EDGE_CURVE ( 'NONE', #3151, #3745, #478, .T. ) ;
#3885 = EDGE_CURVE ( 'NONE', #25, #532, #1429, .T. ) ;
#3886 = FACE_OUTER_BOUND ( 'NONE', #2995, .T. ) ;
#3887 = AXIS2_PLACEMENT_3D ( 'NONE', #2999, #452, #3544 ) ;
#3888 = CARTESIAN_POINT ( 'NONE',  ( 138.0373530962511097, -72.64999999999999147, 4.000000000000000000 ) ) ;
#3889 = CARTESIAN_POINT ( 'NONE',  ( 136.5471062497377659, -31.16556690073899816, 0.000000000000000000 ) ) ;
#3890 = VERTEX_POINT ( 'NONE', #1120 ) ;
#3891 = EDGE_CURVE ( 'NONE', #2372, #3856, #2389, .T. ) ;
#3892 = APPROVAL ( #1538, 'UNSPECIFIED' ) ;
#3893 = AXIS2_PLACEMENT_3D ( 'NONE', #446, #3207, #1985 ) ;
#3894 = AXIS2_PLACEMENT_3D ( 'NONE', #3255, #123, #432 ) ;
#3895 = VECTOR ( 'NONE', #3994, 1000.000000000000000 ) ;
#3896 = DIRECTION ( 'NONE',  ( -1.000000000000000000, -0.000000000000000000, -0.000000000000000000 ) ) ;
#3897 = LINE ( 'NONE', #717, #1858 ) ;
#3898 = VECTOR ( 'NONE', #2461, 1000.000000000000000 ) ;
#3899 = FACE_OUTER_BOUND ( 'NONE', #1242, .T. ) ;
#3900 = EDGE_CURVE ( 'NONE', #3470, #3673, #938, .T. ) ;
#3901 = EDGE_LOOP ( 'NONE', ( #629, #2813, #2693, #1426 ) ) ;
#3902 = AXIS2_PLACEMENT_3D ( 'NONE', #3547, #2287, #1972 ) ;
#3903 = CARTESIAN_POINT ( 'NONE',  ( 124.5744639999999919, -64.81092500000001166, 4.000000000000000000 ) ) ;
#3904 = CARTESIAN_POINT ( 'NONE',  ( 137.2611022684410216, -57.69406270695253625, 2.999999999999999112 ) ) ;
#3905 = AXIS2_PLACEMENT_3D ( 'NONE', #306, #2529, #19 ) ;
#3906 = CARTESIAN_POINT ( 'NONE',  ( 128.2742320000000120, -65.43954099999999130, 4.000000000000000000 ) ) ;
#3907 = ADVANCED_FACE ( 'NONE', ( #3082 ), #257, .F. ) ;
#3908 = ORIENTED_EDGE ( 'NONE', *, *, #2542, .T. ) ;
#3909 = CARTESIAN_POINT ( 'NONE',  ( 129.8684191183235441, -62.54153717772012300, 4.000000000000000000 ) ) ;
#3910 = ORIENTED_EDGE ( 'NONE', *, *, #2568, .T. ) ;
#3911 = LINE ( 'NONE', #2689, #3758 ) ;
#3912 = CARTESIAN_POINT ( 'NONE',  ( 108.9307408079417030, 24.86239645377682095, 4.000000000000000000 ) ) ;
#3913 = CARTESIAN_POINT ( 'NONE',  ( -2.074182486353457922, -4.307070350703427586, 0.000000000000000000 ) ) ;
#3914 = ORIENTED_EDGE ( 'NONE', *, *, #1280, .T. ) ;
#3915 = ORIENTED_EDGE ( 'NONE', *, *, #3836, .T. ) ;
#3916 = LINE ( 'NONE', #2756, #2978 ) ;
#3917 = CARTESIAN_POINT ( 'NONE',  ( 90.75229354257542980, 31.75571132045958933, 4.000000000000000000 ) ) ;
#3918 = ORIENTED_EDGE ( 'NONE', *, *, #1617, .T. ) ;
#3919 = CARTESIAN_POINT ( 'NONE',  ( 138.8000000000000114, -70.14999999999999147, 2.999999999999992450 ) ) ;
#3920 = ORIENTED_EDGE ( 'NONE', *, *, #3043, .F. ) ;
#3921 = EDGE_CURVE ( 'NONE', #2027, #612, #2657, .T. ) ;
#3922 = DIRECTION ( 'NONE',  ( 0.000000000000000000, -1.000000000000000000, 0.000000000000000000 ) ) ;
#3923 = CARTESIAN_POINT ( 'NONE',  ( 130.6189240813047832, -57.77118415377816518, 4.000000000000000000 ) ) ;
#3924 = DIRECTION ( 'NONE',  ( 0.000000000000000000, -0.000000000000000000, -1.000000000000000000 ) ) ;
#3925 = LINE ( 'NONE', #1684, #3674 ) ;
#3926 = ORIENTED_EDGE ( 'NONE', *, *, #3509, .F. ) ;
#3927 = CARTESIAN_POINT ( 'NONE',  ( 127.0770149999999603, -66.01608999999999128, 0.000000000000000000 ) ) ;
#3928 = EDGE_LOOP ( 'NONE', ( #3077, #3744, #617, #2626 ) ) ;
#3929 = VERTEX_POINT ( 'NONE', #3757 ) ;
#3930 = DIRECTION ( 'NONE',  ( 0.000000000000000000, 0.000000000000000000, 1.000000000000000000 ) ) ;
#3931 = DIRECTION ( 'NONE',  ( -0.000000000000000000, -0.000000000000000000, 1.000000000000000000 ) ) ;
#3932 = CARTESIAN_POINT ( 'NONE',  ( 130.6189240813047832, -57.69406270695252914, 0.000000000000000000 ) ) ;
#3933 = ORIENTED_EDGE ( 'NONE', *, *, #3879, .F. ) ;
#3934 = ORIENTED_EDGE ( 'NONE', *, *, #1564, .F. ) ;
#3935 = DIRECTION ( 'NONE',  ( -0.7071067811865479058, 0.000000000000000000, -0.7071067811865471286 ) ) ;
#3936 = DIRECTION ( 'NONE',  ( -0.000000000000000000, -0.000000000000000000, 1.000000000000000000 ) ) ;
#3937 = DIRECTION ( 'NONE',  ( 1.000000000000000000, 0.000000000000000000, 0.000000000000000000 ) ) ;
#3938 = ORIENTED_EDGE ( 'NONE', *, *, #386, .F. ) ;
#3939 = EDGE_CURVE ( 'NONE', #3474, #756, #982, .T. ) ;
#3940 = LINE ( 'NONE', #3320, #3487 ) ;
#3941 = LINE ( 'NONE', #3572, #3485 ) ;
#3942 = LINE ( 'NONE', #1025, #1070 ) ;
#3943 = LINE ( 'NONE', #236, #201 ) ;
#3944 = FACE_OUTER_BOUND ( 'NONE', #2943, .T. ) ;
#3945 = ORIENTED_EDGE ( 'NONE', *, *, #1032, .F. ) ;
#3946 = ORIENTED_EDGE ( 'NONE', *, *, #1900, .F. ) ;
#3947 = EDGE_CURVE ( 'NONE', #644, #926, #2496, .T. ) ;
#3948 = PLANE ( 'NONE',  #1736 ) ;
#3949 = VECTOR ( 'NONE', #356, 999.9999999999998863 ) ;
#3950 = ORIENTED_EDGE ( 'NONE', *, *, #1457, .T. ) ;
#3951 = ORIENTED_EDGE ( 'NONE', *, *, #1815, .F. ) ;
#3952 = EDGE_CURVE ( 'NONE', #3375, #892, #915, .T. ) ;
#3953 = LINE ( 'NONE', #2695, #805 ) ;
#3954 = DIRECTION ( 'NONE',  ( -0.8467246414403256649, 0.5320313727382548485, 0.000000000000000000 ) ) ;
#3955 = FACE_OUTER_BOUND ( 'NONE', #3684, .T. ) ;
#3956 = VECTOR ( 'NONE', #1721, 1000.000000000000000 ) ;
#3957 = ORIENTED_EDGE ( 'NONE', *, *, #2374, .T. ) ;
#3958 = VECTOR ( 'NONE', #3732, 999.9999999999998863 ) ;
#3959 = CARTESIAN_POINT ( 'NONE',  ( 129.0712239999999724, -63.78456899999999763, 4.000000000000000000 ) ) ;
#3960 = VECTOR ( 'NONE', #1822, 1000.000000000000000 ) ;
#3961 = VECTOR ( 'NONE', #4030, 1000.000000000000000 ) ;
#3962 = PLANE ( 'NONE',  #868 ) ;
#3963 = DIRECTION ( 'NONE',  ( 0.000000000000000000, -1.000000000000000000, 0.000000000000000000 ) ) ;
#3964 = ADVANCED_FACE ( 'NONE', ( #3140 ), #2269, .F. ) ;
#3965 = CARTESIAN_POINT ( 'NONE',  ( 138.8000000000000114, -63.37500000000000000, 0.000000000000000000 ) ) ;
#3966 = DIRECTION ( 'NONE',  ( -0.6234894658110888832, 0.7818317504569656240, 0.000000000000000000 ) ) ;
#3967 = CIRCLE ( 'NONE', #2060, 1.500000000000001332 ) ;
#3968 = AXIS2_PLACEMENT_3D ( 'NONE', #338, #1619, #3628 ) ;
#3969 = AXIS2_PLACEMENT_3D ( 'NONE', #1642, #3612, #1976 ) ;
#3970 = AXIS2_PLACEMENT_3D ( 'NONE', #501, #1433, #818 ) ;
#3971 = EDGE_CURVE ( 'NONE', #300, #567, #1914, .T. ) ;
#3972 = CARTESIAN_POINT ( 'NONE',  ( -0.000000000000000000, -66.04622399999999516, 0.000000000000000000 ) ) ;
#3973 = ORIENTED_EDGE ( 'NONE', *, *, #2430, .T. ) ;
#3974 = CARTESIAN_POINT ( 'NONE',  ( 138.0373530962511097, -61.87500000000000000, 2.999999999999992450 ) ) ;
#3975 = LINE ( 'NONE', #1757, #3169 ) ;
#3976 = ORIENTED_EDGE ( 'NONE', *, *, #511, .T. ) ;
#3977 = ORIENTED_EDGE ( 'NONE', *, *, #1315, .T. ) ;
#3978 = CARTESIAN_POINT ( 'NONE',  ( 33.20688650000936804, 33.20688650000452213, 0.000000000000000000 ) ) ;
#3979 = PLANE ( 'NONE',  #730 ) ;
#3980 = EDGE_LOOP ( 'NONE', ( #3326, #997, #3920 ) ) ;
#3981 = LINE ( 'NONE', #2131, #2173 ) ;
#3982 = CARTESIAN_POINT ( 'NONE',  ( 124.3089099999999831, -64.05201499999998305, 0.000000000000000000 ) ) ;
#3983 = DIRECTION ( 'NONE',  ( 0.7071067811865451302, 0.000000000000000000, -0.7071067811865500152 ) ) ;
#3984 = CYLINDRICAL_SURFACE ( 'NONE', #2455, 1.500000000000001332 ) ;
#3985 = EDGE_CURVE ( 'NONE', #1587, #2714, #362, .T. ) ;
#3986 = LINE ( 'NONE', #4074, #343 ) ;
#3987 = ORIENTED_EDGE ( 'NONE', *, *, #3900, .F. ) ;
#3988 = ADVANCED_FACE ( 'NONE', ( #1311 ), #2869, .F. ) ;
#3989 = DIRECTION ( 'NONE',  ( 0.7071067811865479058, 0.000000000000000000, 0.7071067811865471286 ) ) ;
#3990 = CARTESIAN_POINT ( 'NONE',  ( 135.7611022684410216, -56.19406270695252914, 0.000000000000000000 ) ) ;
#3991 = EDGE_LOOP ( 'NONE', ( #3645, #884, #3251, #2312 ) ) ;
#3992 = VERTEX_POINT ( 'NONE', #733 ) ;
#3993 = ADVANCED_FACE ( 'NONE', ( #2644 ), #3049, .F. ) ;
#3994 = DIRECTION ( 'NONE',  ( -0.000000000000000000, -0.000000000000000000, -1.000000000000000000 ) ) ;
#3995 = DIRECTION ( 'NONE',  ( 0.5320313727382549596, 0.8467246414403257759, -0.000000000000000000 ) ) ;
#3996 = ORIENTED_EDGE ( 'NONE', *, *, #3229, .T. ) ;
#3997 = ADVANCED_FACE ( 'NONE', ( #3886 ), #406, .T. ) ;
#3998 = ADVANCED_FACE ( 'NONE', ( #1045 ), #2902, .F. ) ;
#3999 = CARTESIAN_POINT ( 'NONE',  ( 138.0373530962511097, -63.37500000000000000, 2.999999999999992450 ) ) ;
#4000 = CARTESIAN_POINT ( 'NONE',  ( 126.8095689999999820, -61.25377599999999489, 4.000000000000000000 ) ) ;
#4001 = LINE ( 'NONE', #3665, #220 ) ;
#4002 = DIRECTION ( 'NONE',  ( 0.000000000000000000, 1.000000000000000000, -0.000000000000000000 ) ) ;
#4003 = CARTESIAN_POINT ( 'NONE',  ( 113.1000000000000085, -72.25000000000000000, 0.000000000000000000 ) ) ;
#4004 = ORIENTED_EDGE ( 'NONE', *, *, #3829, .F. ) ;
#4005 = EDGE_CURVE ( 'NONE', #2898, #2708, #3595, .T. ) ;
#4006 = FACE_OUTER_BOUND ( 'NONE', #3318, .T. ) ;
#4007 = DIRECTION ( 'NONE',  ( 0.1119636209285820028, 0.9937123062479203961, 0.000000000000000000 ) ) ;
#4008 = ORIENTED_EDGE ( 'NONE', *, *, #1632, .T. ) ;
#4009 = CARTESIAN_POINT ( 'NONE',  ( 122.8240858155461979, -61.11627930284585375, 4.000000000000000000 ) ) ;
#4010 = LINE ( 'NONE', #1141, #2844 ) ;
#4011 = EDGE_CURVE ( 'NONE', #3673, #2867, #2944, .T. ) ;
#4012 = PRODUCT_DEFINITION ( 'UNKNOWN', '', #1404, #1291 ) ;
#4013 = ORIENTED_EDGE ( 'NONE', *, *, #3807, .F. ) ;
#4014 = VECTOR ( 'NONE', #1303, 1000.000000000000114 ) ;
#4015 = DIRECTION ( 'NONE',  ( 1.000000000000000000, 0.000000000000000000, 0.000000000000000000 ) ) ;
#4016 = DIRECTION ( 'NONE',  ( -0.000000000000000000, 0.000000000000000000, 1.000000000000000000 ) ) ;
#4017 = VECTOR ( 'NONE', #1868, 1000.000000000000000 ) ;
#4018 = DIRECTION ( 'NONE',  ( 0.9009683180560897897, 0.4338848808833751236, 0.000000000000000000 ) ) ;
#4019 = EDGE_LOOP ( 'NONE', ( #3095, #1476, #1111, #876 ) ) ;
#4020 = LINE ( 'NONE', #3339, #134 ) ;
#4021 = VECTOR ( 'NONE', #947, 1000.000000000000000 ) ;
#4022 = VECTOR ( 'NONE', #3104, 1000.000000000000000 ) ;
#4023 = EDGE_CURVE ( 'NONE', #747, #2307, #116, .T. ) ;
#4024 = AXIS2_PLACEMENT_3D ( 'NONE', #244, #3141, #1503 ) ;
#4025 = CIRCLE ( 'NONE', #404, 1.500000000000001332 ) ;
#4026 = ORIENTED_EDGE ( 'NONE', *, *, #3279, .F. ) ;
#4027 = VECTOR ( 'NONE', #1618, 1000.000000000000227 ) ;
#4028 = VECTOR ( 'NONE', #2968, 1000.000000000000114 ) ;
#4029 = DIRECTION ( 'NONE',  ( 0.9009683180560897897, 0.4338848808833751236, 0.000000000000000000 ) ) ;
#4030 = DIRECTION ( 'NONE',  ( 0.000000000000000000, 1.000000000000000000, 0.000000000000000000 ) ) ;
#4031 = EDGE_LOOP ( 'NONE', ( #2940, #3616, #3344, #1681 ) ) ;
#4032 = APPROVAL_PERSON_ORGANIZATION ( #1602, #929, #26 ) ;
#4033 = ORIENTED_EDGE ( 'NONE', *, *, #3439, .F. ) ;
#4034 = DIRECTION ( 'NONE',  ( 0.000000000000000000, 0.000000000000000000, 1.000000000000000000 ) ) ;
#4035 = LINE ( 'NONE', #1883, #3230 ) ;
#4036 = DIRECTION ( 'NONE',  ( 1.000000000000000000, 0.000000000000000000, 0.000000000000000000 ) ) ;
#4037 = ORIENTED_EDGE ( 'NONE', *, *, #4087, .T. ) ;
#4038 = EDGE_CURVE ( 'NONE', #1294, #2307, #1071, .T. ) ;
#4039 = DIRECTION ( 'NONE',  ( -0.000000000000000000, 0.000000000000000000, 1.000000000000000000 ) ) ;
#4040 = CARTESIAN_POINT ( 'NONE',  ( 115.8626469037488818, -71.64999999999999147, 2.500000000000000444 ) ) ;
#4041 = LINE ( 'NONE', #1165, #3831 ) ;
#4042 = VERTEX_POINT ( 'NONE', #2334 ) ;
#4043 = EDGE_CURVE ( 'NONE', #3837, #3284, #442, .T. ) ;
#4044 = LINE ( 'NONE', #3722, #140 ) ;
#4045 = ORIENTED_EDGE ( 'NONE', *, *, #3713, .F. ) ;
#4046 = ORIENTED_EDGE ( 'NONE', *, *, #642, .F. ) ;
#4047 = EDGE_CURVE ( 'NONE', #2353, #2643, #3266, .T. ) ;
#4048 = LINE ( 'NONE', #1558, #7 ) ;
#4049 = DIRECTION ( 'NONE',  ( 0.000000000000000000, 0.000000000000000000, 1.000000000000000000 ) ) ;
#4050 = ORIENTED_EDGE ( 'NONE', *, *, #645, .T. ) ;
#4051 = DIRECTION ( 'NONE',  ( 0.000000000000000000, 0.7071067811865451302, 0.7071067811865500152 ) ) ;
#4052 = CARTESIAN_POINT ( 'NONE',  ( 128.6323459999999841, -65.03881099999999549, 4.000000000000000000 ) ) ;
#4053 = DIRECTION ( 'NONE',  ( -0.000000000000000000, -0.000000000000000000, -1.000000000000000000 ) ) ;
#4054 = ORIENTED_EDGE ( 'NONE', *, *, #4047, .T. ) ;
#4055 = DIRECTION ( 'NONE',  ( -0.000000000000000000, -0.000000000000000000, 1.000000000000000000 ) ) ;
#4056 = DIRECTION ( 'NONE',  ( -0.000000000000000000, -0.000000000000000000, -1.000000000000000000 ) ) ;
#4057 = PLANE ( 'NONE',  #1806 ) ;
#4058 = ORIENTED_EDGE ( 'NONE', *, *, #563, .T. ) ;
#4059 = ORIENTED_EDGE ( 'NONE', *, *, #493, .T. ) ;
#4060 = DIRECTION ( 'NONE',  ( 0.3302800846504040377, 0.9438829724512050046, -0.000000000000000000 ) ) ;
#4061 = CARTESIAN_POINT ( 'NONE',  ( 115.1000000000000227, -71.64999999999999147, 2.500000000000000444 ) ) ;
#4062 = VERTEX_POINT ( 'NONE', #1419 ) ;
#4063 = ORIENTED_EDGE ( 'NONE', *, *, #4023, .T. ) ;
#4064 = EDGE_CURVE ( 'NONE', #972, #2830, #3911, .T. ) ;
#4065 = PERSON_AND_ORGANIZATION_ROLE ( 'creator' ) ;
#4066 = DIRECTION ( 'NONE',  ( 0.000000000000000000, 0.000000000000000000, 1.000000000000000000 ) ) ;
#4067 = LINE ( 'NONE', #3777, #1142 ) ;
#4068 = EDGE_CURVE ( 'NONE', #1759, #3202, #799, .T. ) ;
#4069 = ORIENTED_EDGE ( 'NONE', *, *, #3436, .T. ) ;
#4070 = DIRECTION ( 'NONE',  ( 0.000000000000000000, 0.000000000000000000, 1.000000000000000000 ) ) ;
#4071 = LINE ( 'NONE', #3187, #2595 ) ;
#4072 = DIRECTION ( 'NONE',  ( 0.4338848808833348225, 0.9009683180561092186, -0.000000000000000000 ) ) ;
#4073 = CARTESIAN_POINT ( 'NONE',  ( 136.5373530962511097, -63.37500000000001421, 2.999999999999992450 ) ) ;
#4074 = CARTESIAN_POINT ( 'NONE',  ( 0.000000000000000000, -66.04622399999999516, 4.000000000000000000 ) ) ;
#4075 = CARTESIAN_POINT ( 'NONE',  ( 124.2787759999999793, -63.51543099999999953, 0.000000000000000000 ) ) ;
#4076 = ORIENTED_EDGE ( 'NONE', *, *, #3861, .T. ) ;
#4077 = CIRCLE ( 'NONE', #3617, 3.000000000000002665 ) ;
#4078 = VECTOR ( 'NONE', #3737, 1000.000000000000114 ) ;
#4079 = EDGE_CURVE ( 'NONE', #756, #3479, #1027, .T. ) ;
#4080 = DIRECTION ( 'NONE',  ( -0.5320313727382595115, 0.8467246414403226673, 0.000000000000000000 ) ) ;
#4081 = DIRECTION ( 'NONE',  ( 0.7071067811865990871, -0.7071067811864960584, 0.000000000000000000 ) ) ;
#4082 = PLANE ( 'NONE',  #3615 ) ;
#4083 = ORIENTED_EDGE ( 'NONE', *, *, #3313, .F. ) ;
#4084 = AXIS2_PLACEMENT_3D ( 'NONE', #3476, #2815, #1412 ) ;
#4085 = CARTESIAN_POINT ( 'NONE',  ( 129.8684191183235441, -62.54153717772012300, 0.000000000000000000 ) ) ;
#4086 = CIRCLE ( 'NONE', #3488, 1.500000000000001332 ) ;
#4087 = EDGE_CURVE ( 'NONE', #3929, #2792, #882, .T. ) ;
ENDSEC;
END-ISO-10303-21;
