ISO-10303-21;
HEADER;
FILE_DESCRIPTION (( 'STEP AP203' ),
    '1' );
FILE_NAME ('EslabonCadena.STEP',
    '2026-08-19T13:10:02',
    ( '' ),
    ( '' ),
    'SwSTEP 2.0',
    'SolidWorks 2026',
    '' );
FILE_SCHEMA (( 'CONFIG_CONTROL_DESIGN' ));
ENDSEC;

DATA;
#1 = PLANE ( 'NONE',  #694 ) ;
#2 = CARTESIAN_POINT ( 'NONE',  ( -3.100000000000003642, -8.673617379884041389E-16, -11.70000000000000107 ) ) ;
#3 = APPROVAL ( #572, 'UNSPECIFIED' ) ;
#4 = AXIS2_PLACEMENT_3D ( 'NONE', #1697, #837, #1112 ) ;
#5 = ORIENTED_EDGE ( 'NONE', *, *, #1122, .T. ) ;
#6 = AXIS2_PLACEMENT_3D ( 'NONE', #481, #1108, #1879 ) ;
#7 = CARTESIAN_POINT ( 'NONE',  ( 13.00000000000000178, 0.000000000000000000, -14.00000000000000000 ) ) ;
#8 = EDGE_CURVE ( 'NONE', #220, #1589, #1508, .T. ) ;
#9 = VERTEX_POINT ( 'NONE', #940 ) ;
#10 = VECTOR ( 'NONE', #71, 1000.000000000000000 ) ;
#11 = CARTESIAN_POINT ( 'NONE',  ( -13.00000000000000178, 0.000000000000000000, 11.70000000000000284 ) ) ;
#12 = CARTESIAN_POINT ( 'NONE',  ( -13.00000000000000178, -9.500000000000000000, 11.90000000000000036 ) ) ;
#13 = CC_DESIGN_APPROVAL ( #1755, ( #504 ) ) ;
#14 = VERTEX_POINT ( 'NONE', #653 ) ;
#15 = DIRECTION ( 'NONE',  ( 1.000000000000000000, 0.000000000000000000, 0.000000000000000000 ) ) ;
#16 = DIRECTION ( 'NONE',  ( -0.000000000000000000, -0.000000000000000000, -1.000000000000000000 ) ) ;
#17 = VERTEX_POINT ( 'NONE', #64 ) ;
#18 = CARTESIAN_POINT ( 'NONE',  ( -4.499999999999839240, -7.599999999999999645, 10.00000000000000000 ) ) ;
#19 = EDGE_LOOP ( 'NONE', ( #1036, #1557, #341, #1916, #684, #1436, #286, #938, #545, #1079, #443, #1117, #294, #1867, #1134, #1644, #499, #912, #870, #905 ) ) ;
#20 = EDGE_CURVE ( 'NONE', #1192, #650, #664, .T. ) ;
#21 = CARTESIAN_POINT ( 'NONE',  ( 7.790000000000000036, -9.000000000000001776, 14.00000000000000000 ) ) ;
#22 = DIRECTION ( 'NONE',  ( -0.000000000000000000, -0.000000000000000000, -1.000000000000000000 ) ) ;
#23 = VERTEX_POINT ( 'NONE', #980 ) ;
#24 = CARTESIAN_POINT ( 'NONE',  ( 7.790000000000000036, -9.000000000000001776, -11.89999999999999858 ) ) ;
#25 = CYLINDRICAL_SURFACE ( 'NONE', #1034, 0.5000000000000022204 ) ;
#26 = EDGE_LOOP ( 'NONE', ( #571, #1247, #118, #831 ) ) ;
#27 = DIRECTION ( 'NONE',  ( 0.000000000000000000, -0.000000000000000000, 1.000000000000000000 ) ) ;
#28 = ORIENTED_EDGE ( 'NONE', *, *, #752, .F. ) ;
#29 = DIRECTION ( 'NONE',  ( -1.000000000000000000, -0.000000000000000000, -0.000000000000000000 ) ) ;
#30 = EDGE_CURVE ( 'NONE', #976, #167, #187, .T. ) ;
#31 = DIRECTION ( 'NONE',  ( -0.000000000000000000, -0.000000000000000000, -1.000000000000000000 ) ) ;
#32 = EDGE_CURVE ( 'NONE', #1516, #621, #796, .T. ) ;
#33 = ORIENTED_EDGE ( 'NONE', *, *, #1241, .F. ) ;
#34 = DIRECTION ( 'NONE',  ( 0.000000000000000000, 0.000000000000000000, -1.000000000000000000 ) ) ;
#35 = AXIS2_PLACEMENT_3D ( 'NONE', #840, #1897, #1462 ) ;
#36 = ORIENTED_EDGE ( 'NONE', *, *, #30, .T. ) ;
#37 = AXIS2_PLACEMENT_3D ( 'NONE', #255, #711, #1313 ) ;
#38 = CARTESIAN_POINT ( 'NONE',  ( 8.063472741828594081, 8.581415887214108196, 14.00000000000000000 ) ) ;
#39 = VECTOR ( 'NONE', #1752, 1000.000000000000000 ) ;
#40 = ORIENTED_EDGE ( 'NONE', *, *, #55, .T. ) ;
#41 = DIRECTION ( 'NONE',  ( 1.000000000000000000, 0.000000000000000000, 0.000000000000000000 ) ) ;
#42 = DIRECTION ( 'NONE',  ( 0.000000000000000000, 0.000000000000000000, 1.000000000000000000 ) ) ;
#43 = CC_DESIGN_PERSON_AND_ORGANIZATION_ASSIGNMENT ( #1110, #1399, ( #737 ) ) ;
#44 = ORIENTED_EDGE ( 'NONE', *, *, #234, .T. ) ;
#45 = CIRCLE ( 'NONE', #1139, 4.000000000000000000 ) ;
#46 = DIRECTION ( 'NONE',  ( -1.000000000000000000, 0.000000000000000000, 0.000000000000000000 ) ) ;
#47 = EDGE_CURVE ( 'NONE', #1610, #677, #1855, .T. ) ;
#48 = ORIENTED_EDGE ( 'NONE', *, *, #1428, .T. ) ;
#49 = DIRECTION ( 'NONE',  ( 1.000000000000000000, 0.000000000000000000, 0.000000000000000000 ) ) ;
#50 = DIRECTION ( 'NONE',  ( 1.000000000000000000, 0.000000000000000000, 0.000000000000000000 ) ) ;
#51 = DIRECTION ( 'NONE',  ( 1.000000000000000000, -2.503208479043011124E-16, -0.000000000000000000 ) ) ;
#52 = EDGE_LOOP ( 'NONE', ( #647, #1575, #1839, #784, #851, #1829, #446, #1260, #757 ) ) ;
#53 = LINE ( 'NONE', #813, #340 ) ;
#54 = DIRECTION ( 'NONE',  ( 0.000000000000000000, -0.000000000000000000, 1.000000000000000000 ) ) ;
#55 = EDGE_CURVE ( 'NONE', #1551, #999, #824, .T. ) ;
#56 = CARTESIAN_POINT ( 'NONE',  ( -17.00000000000000000, 4.898587196589414801E-16, -11.70000000000000107 ) ) ;
#57 = ORIENTED_EDGE ( 'NONE', *, *, #87, .T. ) ;
#58 = ADVANCED_FACE ( 'NONE', ( #1240 ), #1712, .T. ) ;
#59 = COORDINATED_UNIVERSAL_TIME_OFFSET ( 3, 0, .BEHIND. ) ;
#60 = LINE ( 'NONE', #1085, #1324 ) ;
#61 = PLANE ( 'NONE',  #853 ) ;
#62 = EDGE_LOOP ( 'NONE', ( #1279, #159, #384, #1373 ) ) ;
#63 = DIRECTION ( 'NONE',  ( 0.000000000000000000, 0.000000000000000000, 1.000000000000000000 ) ) ;
#64 = CARTESIAN_POINT ( 'NONE',  ( -8.063472741828594081, -8.581415887214106419, 11.70000000000000284 ) ) ;
#65 = CIRCLE ( 'NONE', #1603, 1.000000000000159650 ) ;
#66 = CARTESIAN_POINT ( 'NONE',  ( -13.00000000000000355, -9.500000000000000000, -11.70000000000000107 ) ) ;
#67 = VERTEX_POINT ( 'NONE', #1578 ) ;
#68 = AXIS2_PLACEMENT_3D ( 'NONE', #1951, #772, #727 ) ;
#69 = EDGE_CURVE ( 'NONE', #1551, #496, #1158, .T. ) ;
#70 = AXIS2_PLACEMENT_3D ( 'NONE', #247, #1463, #1455 ) ;
#71 = DIRECTION ( 'NONE',  ( 0.000000000000000000, 0.000000000000000000, -1.000000000000000000 ) ) ;
#72 = LINE ( 'NONE', #1584, #986 ) ;
#73 = ORIENTED_EDGE ( 'NONE', *, *, #1646, .F. ) ;
#74 = CARTESIAN_POINT ( 'NONE',  ( -9.000000000000001776, 0.000000000000000000, 11.70000000000000284 ) ) ;
#75 = VECTOR ( 'NONE', #142, 1000.000000000000000 ) ;
#76 = DIRECTION ( 'NONE',  ( -1.000000000000000000, 0.000000000000000000, 0.000000000000000000 ) ) ;
#77 = CARTESIAN_POINT ( 'NONE',  ( 13.00000000000000178, 8.673617379884041389E-16, 14.00000000000000000 ) ) ;
#78 = ORIENTED_EDGE ( 'NONE', *, *, #672, .F. ) ;
#79 = DIRECTION ( 'NONE',  ( 0.000000000000000000, 0.000000000000000000, -1.000000000000000000 ) ) ;
#80 = EDGE_CURVE ( 'NONE', #1273, #608, #1434, .T. ) ;
#81 = DIRECTION ( 'NONE',  ( 0.000000000000000000, -0.000000000000000000, 1.000000000000000000 ) ) ;
#82 = ORIENTED_EDGE ( 'NONE', *, *, #1098, .T. ) ;
#83 = CARTESIAN_POINT ( 'NONE',  ( -7.790000000000000036, 9.500000000000005329, -11.70000000000000107 ) ) ;
#84 = DIRECTION ( 'NONE',  ( -0.000000000000000000, -0.000000000000000000, -1.000000000000000000 ) ) ;
#85 = PLANE ( 'NONE',  #917 ) ;
#86 = ORIENTED_EDGE ( 'NONE', *, *, #1849, .F. ) ;
#87 = EDGE_CURVE ( 'NONE', #1664, #1551, #1009, .T. ) ;
#88 = CARTESIAN_POINT ( 'NONE',  ( -13.00000000000000178, 0.000000000000000000, -20.00000000000001066 ) ) ;
#89 = ORIENTED_EDGE ( 'NONE', *, *, #1277, .F. ) ;
#90 = CYLINDRICAL_SURFACE ( 'NONE', #1726, 9.899999999999998579 ) ;
#91 = ADVANCED_FACE ( 'NONE', ( #1441 ), #549, .T. ) ;
#92 = CARTESIAN_POINT ( 'NONE',  ( -8.290000000000000924, -9.000000000000001776, 11.70000000000000284 ) ) ;
#93 = FACE_OUTER_BOUND ( 'NONE', #1781, .T. ) ;
#94 = ORIENTED_EDGE ( 'NONE', *, *, #290, .T. ) ;
#95 = AXIS2_PLACEMENT_3D ( 'NONE', #436, #1640, #1033 ) ;
#96 = PERSON_AND_ORGANIZATION_ROLE ( 'creator' ) ;
#97 = VECTOR ( 'NONE', #51, 1000.000000000000000 ) ;
#98 = CYLINDRICAL_SURFACE ( 'NONE', #1298, 4.000000000000000000 ) ;
#99 = VERTEX_POINT ( 'NONE', #1019 ) ;
#100 = AXIS2_PLACEMENT_3D ( 'NONE', #1069, #1806, #1663 ) ;
#101 = DIRECTION ( 'NONE',  ( 0.000000000000000000, -0.000000000000000000, -1.000000000000000000 ) ) ;
#102 = ORIENTED_EDGE ( 'NONE', *, *, #1797, .T. ) ;
#103 = CARTESIAN_POINT ( 'NONE',  ( -7.790000000000000036, -9.500000000000007105, -10.00000000000000000 ) ) ;
#104 = EDGE_CURVE ( 'NONE', #139, #1622, #712, .T. ) ;
#105 = CIRCLE ( 'NONE', #1582, 0.5000000000000038858 ) ;
#106 = CARTESIAN_POINT ( 'NONE',  ( 16.50000000000000000, 0.000000000000000000, 11.90000000000000036 ) ) ;
#107 = VERTEX_POINT ( 'NONE', #238 ) ;
#108 = APPROVAL_PERSON_ORGANIZATION ( #428, #3, #1920 ) ;
#109 = DIRECTION ( 'NONE',  ( 0.000000000000000000, 0.000000000000000000, 1.000000000000000000 ) ) ;
#110 = ORIENTED_EDGE ( 'NONE', *, *, #1405, .T. ) ;
#111 = CARTESIAN_POINT ( 'NONE',  ( 13.00000000000000178, -9.500000000000000000, -11.89999999999999858 ) ) ;
#112 = DIRECTION ( 'NONE',  ( -1.000000000000000000, 0.000000000000000000, 0.000000000000000000 ) ) ;
#113 = CARTESIAN_POINT ( 'NONE',  ( -13.00000000000000178, -8.673617379884041389E-16, -10.00000000000000000 ) ) ;
#114 = EDGE_CURVE ( 'NONE', #1850, #1639, #1909, .T. ) ;
#115 = ORIENTED_EDGE ( 'NONE', *, *, #1747, .T. ) ;
#116 = LINE ( 'NONE', #716, #800 ) ;
#117 = DIRECTION ( 'NONE',  ( 1.000000000000000000, 0.000000000000000000, 0.000000000000000000 ) ) ;
#118 = ORIENTED_EDGE ( 'NONE', *, *, #1482, .T. ) ;
#119 = CARTESIAN_POINT ( 'NONE',  ( 13.00000000000000178, 0.000000000000000000, -10.00000000000000000 ) ) ;
#120 = PLANE ( 'NONE',  #1793 ) ;
#121 = EDGE_LOOP ( 'NONE', ( #675, #885, #94, #613 ) ) ;
#122 = AXIS2_PLACEMENT_3D ( 'NONE', #764, #906, #897 ) ;
#123 = CARTESIAN_POINT ( 'NONE',  ( 4.000000000000000000, 6.933937347238601667, 10.00000000000000000 ) ) ;
#124 = CARTESIAN_POINT ( 'NONE',  ( -13.00000000000000178, 9.500000000000000000, 11.90000000000000036 ) ) ;
#125 = AXIS2_PLACEMENT_3D ( 'NONE', #1380, #192, #1409 ) ;
#126 = CIRCLE ( 'NONE', #6, 3.499999999999999556 ) ;
#127 = ORIENTED_EDGE ( 'NONE', *, *, #1381, .F. ) ;
#128 = FACE_OUTER_BOUND ( 'NONE', #735, .T. ) ;
#129 = CARTESIAN_POINT ( 'NONE',  ( 13.00000000000000178, 8.673617379884041389E-16, -13.99999999999999822 ) ) ;
#130 = ORIENTED_EDGE ( 'NONE', *, *, #1042, .F. ) ;
#131 = AXIS2_PLACEMENT_3D ( 'NONE', #1035, #1630, #138 ) ;
#132 = VECTOR ( 'NONE', #405, 1000.000000000000000 ) ;
#133 = CARTESIAN_POINT ( 'NONE',  ( -5.500000000000000000, -9.500000000000000000, -10.00000000000000000 ) ) ;
#134 = CARTESIAN_POINT ( 'NONE',  ( 4.000000000000000000, 6.933937347238601667, -10.00000000000000000 ) ) ;
#135 = ADVANCED_FACE ( 'NONE', ( #1143 ), #1763, .T. ) ;
#136 = ORIENTED_EDGE ( 'NONE', *, *, #268, .T. ) ;
#137 = CARTESIAN_POINT ( 'NONE',  ( 13.00000000000000178, 0.000000000000000000, -11.89999999999999858 ) ) ;
#138 = DIRECTION ( 'NONE',  ( 1.000000000000000000, 0.000000000000000000, 0.000000000000000000 ) ) ;
#139 = VERTEX_POINT ( 'NONE', #257 ) ;
#140 = FACE_OUTER_BOUND ( 'NONE', #62, .T. ) ;
#141 = ORIENTED_EDGE ( 'NONE', *, *, #1341, .T. ) ;
#142 = DIRECTION ( 'NONE',  ( -1.000000000000000000, -0.000000000000000000, -0.000000000000000000 ) ) ;
#143 = CYLINDRICAL_SURFACE ( 'NONE', #1224, 0.5000000000000022204 ) ;
#144 = ADVANCED_FACE ( 'NONE', ( #382, #128 ), #558, .F. ) ;
#145 = VERTEX_POINT ( 'NONE', #390 ) ;
#146 = CARTESIAN_POINT ( 'NONE',  ( 4.499999999999833911, -7.599999999999999645, -10.00000000000000000 ) ) ;
#147 = DIRECTION ( 'NONE',  ( 1.000000000000000000, 0.000000000000000000, -0.000000000000000000 ) ) ;
#148 = VERTEX_POINT ( 'NONE', #704 ) ;
#149 = CARTESIAN_POINT ( 'NONE',  ( 5.500000000000001776, -9.499999999999992895, 10.00000000000000000 ) ) ;
#150 = ORIENTED_EDGE ( 'NONE', *, *, #1912, .F. ) ;
#151 = AXIS2_PLACEMENT_3D ( 'NONE', #265, #1335, #875 ) ;
#152 = CARTESIAN_POINT ( 'NONE',  ( -6.273157099897717970, 7.750000000000000000, -10.00000000000000000 ) ) ;
#153 = LINE ( 'NONE', #937, #1826 ) ;
#154 = VERTEX_POINT ( 'NONE', #103 ) ;
#155 = CYLINDRICAL_SURFACE ( 'NONE', #1788, 1.000000000000160094 ) ;
#156 = CIRCLE ( 'NONE', #1478, 9.500000000000000000 ) ;
#157 = DIRECTION ( 'NONE',  ( 1.000000000000000000, 0.000000000000000000, 0.000000000000000000 ) ) ;
#158 = AXIS2_PLACEMENT_3D ( 'NONE', #1739, #1708, #1716 ) ;
#159 = ORIENTED_EDGE ( 'NONE', *, *, #945, .F. ) ;
#160 = EDGE_CURVE ( 'NONE', #874, #392, #719, .T. ) ;
#161 = CIRCLE ( 'NONE', #1729, 15.24999999999895017 ) ;
#162 = DIRECTION ( 'NONE',  ( 0.000000000000000000, 0.000000000000000000, 1.000000000000000000 ) ) ;
#163 = ORIENTED_EDGE ( 'NONE', *, *, #1167, .F. ) ;
#164 = AXIS2_PLACEMENT_3D ( 'NONE', #1245, #1738, #50 ) ;
#165 = CARTESIAN_POINT ( 'NONE',  ( 7.790000000000000036, 9.500000000000007105, -11.89999999999999858 ) ) ;
#166 = CARTESIAN_POINT ( 'NONE',  ( 7.790000000000000036, 9.000000000000001776, 14.00000000000000000 ) ) ;
#167 = VERTEX_POINT ( 'NONE', #1743 ) ;
#168 = FACE_OUTER_BOUND ( 'NONE', #1503, .T. ) ;
#169 = LINE ( 'NONE', #303, #1580 ) ;
#170 = ORIENTED_EDGE ( 'NONE', *, *, #1052, .T. ) ;
#171 = EDGE_CURVE ( 'NONE', #1531, #338, #718, .T. ) ;
#172 = DIRECTION ( 'NONE',  ( -0.000000000000000000, -0.000000000000000000, 1.000000000000000000 ) ) ;
#173 = VERTEX_POINT ( 'NONE', #409 ) ;
#174 = DIRECTION ( 'NONE',  ( 0.000000000000000000, 0.000000000000000000, 1.000000000000000000 ) ) ;
#175 = LINE ( 'NONE', #1563, #1925 ) ;
#176 = ORIENTED_EDGE ( 'NONE', *, *, #843, .T. ) ;
#177 = CARTESIAN_POINT ( 'NONE',  ( 4.000000000000000000, 6.933937347238601667, 10.00000000000000000 ) ) ;
#178 = ORIENTED_EDGE ( 'NONE', *, *, #805, .F. ) ;
#179 = DIRECTION ( 'NONE',  ( -1.000000000000000000, 0.000000000000000000, -0.000000000000000000 ) ) ;
#180 = EDGE_LOOP ( 'NONE', ( #742, #1308, #1506, #209 ) ) ;
#181 = CC_DESIGN_DATE_AND_TIME_ASSIGNMENT ( #1767, #1754, ( #954 ) ) ;
#182 = DIRECTION ( 'NONE',  ( -1.000000000000000000, 0.000000000000000000, 0.000000000000000000 ) ) ;
#183 = DIRECTION ( 'NONE',  ( 0.000000000000000000, 0.000000000000000000, -1.000000000000000000 ) ) ;
#184 = EDGE_CURVE ( 'NONE', #1896, #373, #1010, .T. ) ;
#185 = ORIENTED_EDGE ( 'NONE', *, *, #945, .T. ) ;
#186 = CARTESIAN_POINT ( 'NONE',  ( -7.790000000000000036, -9.500000000000000000, 11.70000000000000284 ) ) ;
#187 = LINE ( 'NONE', #1265, #910 ) ;
#188 = CIRCLE ( 'NONE', #1542, 1.000000000000160094 ) ;
#189 = FACE_OUTER_BOUND ( 'NONE', #745, .T. ) ;
#190 = ORIENTED_EDGE ( 'NONE', *, *, #1721, .F. ) ;
#191 = CARTESIAN_POINT ( 'NONE',  ( 22.50000000000000000, -1.925929944387235853E-31, -11.89999999999999858 ) ) ;
#192 = DIRECTION ( 'NONE',  ( 1.000000000000000000, -9.130123557772670060E-16, 0.000000000000000000 ) ) ;
#193 = EDGE_CURVE ( 'NONE', #1622, #778, #1476, .T. ) ;
#194 = EDGE_LOOP ( 'NONE', ( #141, #1007, #845, #827 ) ) ;
#195 = AXIS2_PLACEMENT_3D ( 'NONE', #624, #1062, #936 ) ;
#196 = CARTESIAN_POINT ( 'NONE',  ( 13.00000000000000178, 8.673617379884041389E-16, -11.89999999999999858 ) ) ;
#197 = VERTEX_POINT ( 'NONE', #1928 ) ;
#198 = DIRECTION ( 'NONE',  ( -1.000000000000000000, 0.000000000000000000, 0.000000000000000000 ) ) ;
#199 = ORIENTED_EDGE ( 'NONE', *, *, #480, .T. ) ;
#200 = MANIFOLD_SOLID_BREP ( 'Cortar-Extruir9', #1444 ) ;
#201 = PERSON_AND_ORGANIZATION ( #1613, #1268 ) ;
#202 = LINE ( 'NONE', #649, #823 ) ;
#203 = DIRECTION ( 'NONE',  ( 0.000000000000000000, -0.000000000000000000, -1.000000000000000000 ) ) ;
#204 = ORIENTED_EDGE ( 'NONE', *, *, #480, .F. ) ;
#205 = CARTESIAN_POINT ( 'NONE',  ( 13.00000000000000533, 9.500000000000000000, -10.00000000000000000 ) ) ;
#206 = EDGE_LOOP ( 'NONE', ( #352, #576, #1883, #1391 ) ) ;
#207 = ADVANCED_FACE ( 'NONE', ( #1619 ), #568, .T. ) ;
#208 = DIRECTION ( 'NONE',  ( 0.000000000000000000, 0.000000000000000000, 1.000000000000000000 ) ) ;
#209 = ORIENTED_EDGE ( 'NONE', *, *, #483, .F. ) ;
#210 = PERSON_AND_ORGANIZATION ( #1613, #1268 ) ;
#211 = CARTESIAN_POINT ( 'NONE',  ( 4.000000000000000000, 6.933937347238601667, -10.00000000000000000 ) ) ;
#212 = DIRECTION ( 'NONE',  ( 0.000000000000000000, 0.000000000000000000, 1.000000000000000000 ) ) ;
#213 = ORIENTED_EDGE ( 'NONE', *, *, #80, .F. ) ;
#214 = FACE_OUTER_BOUND ( 'NONE', #1446, .T. ) ;
#215 = AXIS2_PLACEMENT_3D ( 'NONE', #1587, #1175, #112 ) ;
#216 = VERTEX_POINT ( 'NONE', #542 ) ;
#217 = VECTOR ( 'NONE', #1558, 1000.000000000000000 ) ;
#218 = LINE ( 'NONE', #1274, #762 ) ;
#219 = ADVANCED_FACE ( 'NONE', ( #1168 ), #1772, .T. ) ;
#220 = VERTEX_POINT ( 'NONE', #246 ) ;
#221 = VECTOR ( 'NONE', #1485, 1000.000000000000000 ) ;
#222 = VECTOR ( 'NONE', #1020, 1000.000000000000000 ) ;
#223 = CALENDAR_DATE ( 2026, 19, 8 ) ;
#224 = VECTOR ( 'NONE', #457, 1000.000000000000000 ) ;
#225 = DIRECTION ( 'NONE',  ( 0.000000000000000000, -1.000000000000000000, 0.000000000000000000 ) ) ;
#226 = ORIENTED_EDGE ( 'NONE', *, *, #741, .F. ) ;
#227 = LINE ( 'NONE', #1868, #464 ) ;
#228 = CIRCLE ( 'NONE', #473, 9.899999999999998579 ) ;
#229 = DIRECTION ( 'NONE',  ( 0.000000000000000000, 0.000000000000000000, -1.000000000000000000 ) ) ;
#230 = CARTESIAN_POINT ( 'NONE',  ( -13.00000000000000178, 0.000000000000000000, -20.00000000000001066 ) ) ;
#231 = ORIENTED_EDGE ( 'NONE', *, *, #1122, .F. ) ;
#232 = ADVANCED_FACE ( 'NONE', ( #1025 ), #849, .T. ) ;
#233 = CARTESIAN_POINT ( 'NONE',  ( -3.500000000000000000, 7.750000000000000000, 10.00000000000000000 ) ) ;
#234 = EDGE_CURVE ( 'NONE', #522, #1170, #1448, .T. ) ;
#235 = DIRECTION ( 'NONE',  ( -0.000000000000000000, -0.000000000000000000, 1.000000000000000000 ) ) ;
#236 = ORIENTED_EDGE ( 'NONE', *, *, #290, .F. ) ;
#237 = FACE_OUTER_BOUND ( 'NONE', #121, .T. ) ;
#238 = CARTESIAN_POINT ( 'NONE',  ( 4.000000000000000000, 7.750000000000000000, 10.00000000000000000 ) ) ;
#239 = DIRECTION ( 'NONE',  ( 0.000000000000000000, 0.000000000000000000, -1.000000000000000000 ) ) ;
#240 = ORIENTED_EDGE ( 'NONE', *, *, #1487, .T. ) ;
#241 = CC_DESIGN_PERSON_AND_ORGANIZATION_ASSIGNMENT ( #871, #1784, ( #954 ) ) ;
#242 = FACE_OUTER_BOUND ( 'NONE', #747, .T. ) ;
#243 = EDGE_CURVE ( 'NONE', #67, #338, #978, .T. ) ;
#244 = ORIENTED_EDGE ( 'NONE', *, *, #104, .T. ) ;
#245 = CARTESIAN_POINT ( 'NONE',  ( -7.790000000000000036, -9.500000000000000000, -10.00000000000000000 ) ) ;
#246 = CARTESIAN_POINT ( 'NONE',  ( -7.789999999999999147, 9.500000000000000000, 11.70000000000000284 ) ) ;
#247 = CARTESIAN_POINT ( 'NONE',  ( 13.00000000000000178, 8.673617379884041389E-16, -11.89999999999999858 ) ) ;
#248 = VERTEX_POINT ( 'NONE', #146 ) ;
#249 = VECTOR ( 'NONE', #1115, 1000.000000000000000 ) ;
#250 = AXIS2_PLACEMENT_3D ( 'NONE', #354, #939, #520 ) ;
#251 = AXIS2_PLACEMENT_3D ( 'NONE', #359, #183, #925 ) ;
#252 = LINE ( 'NONE', #855, #992 ) ;
#253 = ORIENTED_EDGE ( 'NONE', *, *, #769, .T. ) ;
#254 = AXIS2_PLACEMENT_3D ( 'NONE', #1221, #1827, #1347 ) ;
#255 = CARTESIAN_POINT ( 'NONE',  ( -13.00000000000000178, 9.500000000000000000, 11.90000000000000036 ) ) ;
#256 = ADVANCED_FACE ( 'NONE', ( #1789 ), #447, .T. ) ;
#257 = CARTESIAN_POINT ( 'NONE',  ( -8.290000000000000924, -9.000000000000001776, 11.70000000000000284 ) ) ;
#258 = EDGE_CURVE ( 'NONE', #1516, #1635, #302, .T. ) ;
#259 = CIRCLE ( 'NONE', #1166, 4.000000000000000000 ) ;
#260 = CARTESIAN_POINT ( 'NONE',  ( -4.000000000000000000, 7.750000000000000000, 10.00000000000000000 ) ) ;
#261 = ORIENTED_EDGE ( 'NONE', *, *, #589, .T. ) ;
#262 = APPROVAL_DATE_TIME ( #1598, #3 ) ;
#263 = PLANE ( 'NONE',  #1363 ) ;
#264 = LINE ( 'NONE', #245, #1289 ) ;
#265 = CARTESIAN_POINT ( 'NONE',  ( 7.790000000000000036, -9.000000000000001776, -11.89999999999999858 ) ) ;
#266 = DIRECTION ( 'NONE',  ( -0.000000000000000000, -0.000000000000000000, 1.000000000000000000 ) ) ;
#267 = EDGE_LOOP ( 'NONE', ( #1187, #1717, #714, #1778 ) ) ;
#268 = EDGE_CURVE ( 'NONE', #395, #608, #311, .T. ) ;
#269 = DIRECTION ( 'NONE',  ( -1.000000000000000000, 0.000000000000000000, -0.000000000000000000 ) ) ;
#270 = CARTESIAN_POINT ( 'NONE',  ( 9.500000000000001776, 4.286263797015736102E-16, 14.00000000000000000 ) ) ;
#271 = ORIENTED_EDGE ( 'NONE', *, *, #8, .F. ) ;
#272 = DIRECTION ( 'NONE',  ( -0.000000000000000000, -0.000000000000000000, -1.000000000000000000 ) ) ;
#273 = DIRECTION ( 'NONE',  ( -0.000000000000000000, -0.000000000000000000, -1.000000000000000000 ) ) ;
#274 = VERTEX_POINT ( 'NONE', #467 ) ;
#275 = VECTOR ( 'NONE', #930, 1000.000000000000000 ) ;
#276 = FACE_OUTER_BOUND ( 'NONE', #1728, .T. ) ;
#277 = CARTESIAN_POINT ( 'NONE',  ( 13.00000000000000533, 9.500000000000000000, -13.99999999999999822 ) ) ;
#278 = CIRCLE ( 'NONE', #1546, 15.24999999999895017 ) ;
#279 = ORIENTED_EDGE ( 'NONE', *, *, #1405, .F. ) ;
#280 = FACE_BOUND ( 'NONE', #368, .T. ) ;
#281 = LINE ( 'NONE', #888, #1331 ) ;
#282 = ORIENTED_EDGE ( 'NONE', *, *, #1244, .F. ) ;
#283 = CARTESIAN_POINT ( 'NONE',  ( -7.790000000000000036, 9.000000000000001776, 10.00000000000000000 ) ) ;
#284 = VECTOR ( 'NONE', #1209, 1000.000000000000000 ) ;
#285 = CIRCLE ( 'NONE', #1233, 0.5000000000000029976 ) ;
#286 = ORIENTED_EDGE ( 'NONE', *, *, #971, .T. ) ;
#287 = EDGE_CURVE ( 'NONE', #1589, #1888, #456, .T. ) ;
#288 = CARTESIAN_POINT ( 'NONE',  ( -8.290000000000000924, -9.000000000000001776, 10.00000000000000000 ) ) ;
#289 = DIRECTION ( 'NONE',  ( -1.000000000000000000, 0.000000000000000000, 0.000000000000000000 ) ) ;
#290 = EDGE_CURVE ( 'NONE', #373, #991, #1374, .T. ) ;
#291 = EDGE_LOOP ( 'NONE', ( #326, #1051, #1297, #1512 ) ) ;
#292 = DIRECTION ( 'NONE',  ( 0.000000000000000000, 0.000000000000000000, 1.000000000000000000 ) ) ;
#293 = DIRECTION ( 'NONE',  ( 0.000000000000000000, 0.000000000000000000, 1.000000000000000000 ) ) ;
#294 = ORIENTED_EDGE ( 'NONE', *, *, #578, .F. ) ;
#295 = DIRECTION ( 'NONE',  ( 0.000000000000000000, 0.000000000000000000, 1.000000000000000000 ) ) ;
#296 = ORIENTED_EDGE ( 'NONE', *, *, #1214, .F. ) ;
#297 = ADVANCED_FACE ( 'NONE', ( #1364 ), #155, .T. ) ;
#298 = LINE ( 'NONE', #335, #767 ) ;
#299 = LINE ( 'NONE', #277, #1420 ) ;
#300 = EDGE_CURVE ( 'NONE', #1589, #1670, #430, .T. ) ;
#301 = ORIENTED_EDGE ( 'NONE', *, *, #1636, .T. ) ;
#302 = LINE ( 'NONE', #1803, #1690 ) ;
#303 = CARTESIAN_POINT ( 'NONE',  ( -4.000000000000000000, 7.750000000000000000, -10.00000000000000000 ) ) ;
#304 = ORIENTED_EDGE ( 'NONE', *, *, #1810, .T. ) ;
#305 = CARTESIAN_POINT ( 'NONE',  ( 13.00000000000000178, 9.500000000000000000, 11.90000000000000036 ) ) ;
#306 = VERTEX_POINT ( 'NONE', #1490 ) ;
#307 = DIRECTION ( 'NONE',  ( 0.000000000000000000, 0.000000000000000000, 1.000000000000000000 ) ) ;
#308 = CARTESIAN_POINT ( 'NONE',  ( -17.00000000000000000, 4.898587196589414801E-16, 14.00000000000000000 ) ) ;
#309 = EDGE_LOOP ( 'NONE', ( #213, #656, #952, #73 ) ) ;
#310 = AXIS2_PLACEMENT_3D ( 'NONE', #717, #1895, #117 ) ;
#311 = LINE ( 'NONE', #1521, #1418 ) ;
#312 = ADVANCED_FACE ( 'NONE', ( #168 ), #1944, .T. ) ;
#313 = AXIS2_PLACEMENT_3D ( 'NONE', #1569, #1841, #1414 ) ;
#314 = CARTESIAN_POINT ( 'NONE',  ( -3.499999999999999556, 0.000000000000000000, 10.00000000000000000 ) ) ;
#315 = ORIENTED_EDGE ( 'NONE', *, *, #1898, .F. ) ;
#316 = CARTESIAN_POINT ( 'NONE',  ( -13.00000000000000178, -7.599999999999999645, -10.00000000000000000 ) ) ;
#317 = EDGE_LOOP ( 'NONE', ( #926, #1464, #1853, #1460, #1003, #803, #1243 ) ) ;
#318 = CIRCLE ( 'NONE', #600, 4.000000000000000000 ) ;
#319 = CARTESIAN_POINT ( 'NONE',  ( -4.000000000000000000, 6.933937347238599891, 10.00000000000000000 ) ) ;
#320 = DIRECTION ( 'NONE',  ( 1.000000000000000000, 0.000000000000000000, 0.000000000000000000 ) ) ;
#321 = ORIENTED_EDGE ( 'NONE', *, *, #427, .T. ) ;
#322 = DIRECTION ( 'NONE',  ( 0.000000000000000000, 0.000000000000000000, -1.000000000000000000 ) ) ;
#323 = EDGE_LOOP ( 'NONE', ( #400, #806, #929, #763 ) ) ;
#324 = DIRECTION ( 'NONE',  ( -1.000000000000000000, -0.000000000000000000, -0.000000000000000000 ) ) ;
#325 = EDGE_CURVE ( 'NONE', #1610, #107, #630, .T. ) ;
#326 = ORIENTED_EDGE ( 'NONE', *, *, #1623, .T. ) ;
#327 = CARTESIAN_POINT ( 'NONE',  ( 13.00000000000000178, 9.500000000000000000, 11.90000000000000036 ) ) ;
#328 = CARTESIAN_POINT ( 'NONE',  ( 5.500000000000003553, -9.500000000000000000, 9.999999999999998224 ) ) ;
#329 = ORIENTED_EDGE ( 'NONE', *, *, #1190, .T. ) ;
#330 = LINE ( 'NONE', #1677, #662 ) ;
#331 = EDGE_LOOP ( 'NONE', ( #842, #1086, #40, #1631 ) ) ;
#332 = CARTESIAN_POINT ( 'NONE',  ( -13.00000000000000178, -8.673617379884041389E-16, -11.70000000000000107 ) ) ;
#333 = ORIENTED_EDGE ( 'NONE', *, *, #1135, .F. ) ;
#334 = EDGE_CURVE ( 'NONE', #248, #1467, #65, .T. ) ;
#335 = CARTESIAN_POINT ( 'NONE',  ( 22.50000000000000000, 0.000000000000000000, -13.99999999999999822 ) ) ;
#336 = DIRECTION ( 'NONE',  ( -1.000000000000000000, 0.000000000000000000, 0.000000000000000000 ) ) ;
#337 = EDGE_CURVE ( 'NONE', #412, #1531, #530, .T. ) ;
#338 = VERTEX_POINT ( 'NONE', #751 ) ;
#339 = DIRECTION ( 'NONE',  ( 0.000000000000000000, 0.000000000000000000, 1.000000000000000000 ) ) ;
#340 = VECTOR ( 'NONE', #643, 1000.000000000000000 ) ;
#341 = ORIENTED_EDGE ( 'NONE', *, *, #617, .F. ) ;
#342 = VECTOR ( 'NONE', #1741, 1000.000000000000000 ) ;
#343 = CYLINDRICAL_SURFACE ( 'NONE', #1453, 0.5000000000000022204 ) ;
#344 = CIRCLE ( 'NONE', #564, 0.5000000000000073275 ) ;
#345 = ORIENTED_EDGE ( 'NONE', *, *, #87, .F. ) ;
#346 = APPLICATION_PROTOCOL_DEFINITION ( 'international standard', 'config_control_design', 1994, #550 ) ;
#347 = CC_DESIGN_DATE_AND_TIME_ASSIGNMENT ( #1429, #1276, ( #504 ) ) ;
#348 = CARTESIAN_POINT ( 'NONE',  ( -7.789999999999999147, 9.500000000000000000, 11.70000000000000284 ) ) ;
#349 = VECTOR ( 'NONE', #1543, 1000.000000000000000 ) ;
#350 = DIRECTION ( 'NONE',  ( 1.000000000000000000, 0.000000000000000000, 0.000000000000000000 ) ) ;
#351 = ADVANCED_FACE ( 'NONE', ( #1779 ), #1208, .T. ) ;
#352 = ORIENTED_EDGE ( 'NONE', *, *, #1711, .T. ) ;
#353 = PRODUCT_DEFINITION_FORMATION_WITH_SPECIFIED_SOURCE ( 'ANY', '', #737, .NOT_KNOWN. ) ;
#354 = CARTESIAN_POINT ( 'NONE',  ( 13.00000000000000178, 0.000000000000000000, -14.00000000000000000 ) ) ;
#355 = ORIENTED_EDGE ( 'NONE', *, *, #1903, .T. ) ;
#356 = DIRECTION ( 'NONE',  ( 0.000000000000000000, 0.000000000000000000, 1.000000000000000000 ) ) ;
#357 = ORIENTED_EDGE ( 'NONE', *, *, #942, .T. ) ;
#358 = CYLINDRICAL_SURFACE ( 'NONE', #924, 9.899999999999998579 ) ;
#359 = CARTESIAN_POINT ( 'NONE',  ( 4.499999999999841904, -8.600000000000159517, 0.000000000000000000 ) ) ;
#360 = CARTESIAN_POINT ( 'NONE',  ( -4.499999999999839240, -8.600000000000159517, -10.00000000000000000 ) ) ;
#361 = VERTEX_POINT ( 'NONE', #609 ) ;
#362 = CARTESIAN_POINT ( 'NONE',  ( -3.500000000000000000, 8.250000000000000000, 10.00000000000000000 ) ) ;
#363 = ADVANCED_FACE ( 'NONE', ( #1628, #280 ), #1, .T. ) ;
#364 = VERTEX_POINT ( 'NONE', #597 ) ;
#365 = DIRECTION ( 'NONE',  ( 0.000000000000000000, 0.000000000000000000, -1.000000000000000000 ) ) ;
#366 = ORIENTED_EDGE ( 'NONE', *, *, #1734, .F. ) ;
#367 = CARTESIAN_POINT ( 'NONE',  ( 4.000000000000000000, 6.933937347238601667, 10.00000000000000000 ) ) ;
#368 = EDGE_LOOP ( 'NONE', ( #178, #1212, #488, #236, #628, #636, #1475, #686 ) ) ;
#369 = CARTESIAN_POINT ( 'NONE',  ( -8.063472741828594081, -8.581415887214106419, 11.70000000000000284 ) ) ;
#370 = ORIENTED_EDGE ( 'NONE', *, *, #957, .F. ) ;
#371 = EDGE_CURVE ( 'NONE', #173, #1183, #758, .T. ) ;
#372 = PLANE ( 'NONE',  #1106 ) ;
#373 = VERTEX_POINT ( 'NONE', #821 ) ;
#374 = AXIS2_PLACEMENT_3D ( 'NONE', #956, #42, #1844 ) ;
#375 = AXIS2_PLACEMENT_3D ( 'NONE', #332, #1124, #667 ) ;
#376 = DIRECTION ( 'NONE',  ( -1.000000000000000000, 0.000000000000000000, 0.000000000000000000 ) ) ;
#377 = LINE ( 'NONE', #1421, #1899 ) ;
#378 = ORIENTED_EDGE ( 'NONE', *, *, #171, .T. ) ;
#379 = CARTESIAN_POINT ( 'NONE',  ( -7.790000000000000036, -9.500000000000000000, 11.70000000000000284 ) ) ;
#380 = AXIS2_PLACEMENT_3D ( 'NONE', #753, #1804, #448 ) ;
#381 = CIRCLE ( 'NONE', #829, 4.000000000000000000 ) ;
#382 = FACE_BOUND ( 'NONE', #1271, .T. ) ;
#383 = DIRECTION ( 'NONE',  ( 0.000000000000000000, -1.000000000000000000, 0.000000000000000000 ) ) ;
#384 = ORIENTED_EDGE ( 'NONE', *, *, #1568, .F. ) ;
#385 = EDGE_CURVE ( 'NONE', #23, #1222, #1685, .T. ) ;
#386 = CARTESIAN_POINT ( 'NONE',  ( -13.00000000000000178, 9.500000000000000000, -13.99999999999999822 ) ) ;
#387 = DIRECTION ( 'NONE',  ( 0.000000000000000000, 0.000000000000000000, 1.000000000000000000 ) ) ;
#388 = VERTEX_POINT ( 'NONE', #1836 ) ;
#389 = CYLINDRICAL_SURFACE ( 'NONE', #878, 3.499999999999999556 ) ;
#390 = CARTESIAN_POINT ( 'NONE',  ( -7.790000000000000036, 9.500000000000005329, -11.70000000000000107 ) ) ;
#391 = DIRECTION ( 'NONE',  ( -1.000000000000000000, 0.000000000000000000, 0.000000000000000000 ) ) ;
#392 = VERTEX_POINT ( 'NONE', #1105 ) ;
#393 = ADVANCED_FACE ( 'NONE', ( #1699 ), #1423, .F. ) ;
#394 = CARTESIAN_POINT ( 'NONE',  ( -7.790000000000000036, 9.000000000000001776, -10.00000000000000000 ) ) ;
#395 = VERTEX_POINT ( 'NONE', #362 ) ;
#396 = DIRECTION ( 'NONE',  ( -1.000000000000000000, -0.000000000000000000, -0.000000000000000000 ) ) ;
#397 = EDGE_CURVE ( 'NONE', #338, #67, #1859, .T. ) ;
#398 = DIRECTION ( 'NONE',  ( -1.000000000000000000, 0.000000000000000000, 0.000000000000000000 ) ) ;
#399 = DIRECTION ( 'NONE',  ( 0.000000000000000000, 0.000000000000000000, 1.000000000000000000 ) ) ;
#400 = ORIENTED_EDGE ( 'NONE', *, *, #104, .F. ) ;
#401 = AXIS2_PLACEMENT_3D ( 'NONE', #1323, #1293, #731 ) ;
#402 = VECTOR ( 'NONE', #994, 1000.000000000000000 ) ;
#403 = CIRCLE ( 'NONE', #466, 4.000000000000000000 ) ;
#404 = ADVANCED_FACE ( 'NONE', ( #651 ), #676, .T. ) ;
#405 = DIRECTION ( 'NONE',  ( 1.000000000000000000, 0.000000000000000000, 0.000000000000000000 ) ) ;
#406 = AXIS2_PLACEMENT_3D ( 'NONE', #941, #1242, #972 ) ;
#407 = LINE ( 'NONE', #1612, #1129 ) ;
#408 = EDGE_CURVE ( 'NONE', #1467, #1876, #227, .T. ) ;
#409 = CARTESIAN_POINT ( 'NONE',  ( 9.500000000000001776, 4.286263797015736102E-16, 11.90000000000000036 ) ) ;
#410 = APPROVAL_PERSON_ORGANIZATION ( #201, #1755, #1408 ) ;
#411 = FACE_OUTER_BOUND ( 'NONE', #1275, .T. ) ;
#412 = VERTEX_POINT ( 'NONE', #960 ) ;
#413 = CALENDAR_DATE ( 2026, 19, 8 ) ;
#414 = LINE ( 'NONE', #892, #1396 ) ;
#415 = CARTESIAN_POINT ( 'NONE',  ( -17.00000000000000000, 4.898587196589414801E-16, -13.99999999999999822 ) ) ;
#416 = DIRECTION ( 'NONE',  ( 0.000000000000000000, 0.000000000000000000, 1.000000000000000000 ) ) ;
#417 = CARTESIAN_POINT ( 'NONE',  ( -7.790000000000000036, -9.000000000000001776, -11.70000000000000107 ) ) ;
#418 = ORIENTED_EDGE ( 'NONE', *, *, #1860, .F. ) ;
#419 = DIRECTION ( 'NONE',  ( -0.000000000000000000, -0.000000000000000000, -1.000000000000000000 ) ) ;
#420 = LINE ( 'NONE', #1666, #221 ) ;
#421 = ORIENTED_EDGE ( 'NONE', *, *, #755, .F. ) ;
#422 = DIRECTION ( 'NONE',  ( -1.000000000000000000, -0.000000000000000000, -0.000000000000000000 ) ) ;
#423 = LINE ( 'NONE', #1946, #284 ) ;
#424 = EDGE_CURVE ( 'NONE', #17, #306, #497, .T. ) ;
#425 = ORIENTED_EDGE ( 'NONE', *, *, #1269, .T. ) ;
#426 = FACE_OUTER_BOUND ( 'NONE', #1740, .T. ) ;
#427 = EDGE_CURVE ( 'NONE', #1953, #770, #1537, .T. ) ;
#428 = PERSON_AND_ORGANIZATION ( #1613, #1268 ) ;
#429 = ORIENTED_EDGE ( 'NONE', *, *, #1381, .T. ) ;
#430 = CIRCLE ( 'NONE', #946, 0.5000000000000029976 ) ;
#431 = CARTESIAN_POINT ( 'NONE',  ( -6.273157099897717970, 7.750000000000000000, 10.00000000000000000 ) ) ;
#432 = LINE ( 'NONE', #894, #1662 ) ;
#433 = AXIS2_PLACEMENT_3D ( 'NONE', #166, #583, #760 ) ;
#434 = AXIS2_PLACEMENT_3D ( 'NONE', #982, #797, #49 ) ;
#435 = ORIENTED_EDGE ( 'NONE', *, *, #1695, .T. ) ;
#436 = CARTESIAN_POINT ( 'NONE',  ( -7.790000000000000036, -9.000000000000001776, 11.70000000000000284 ) ) ;
#437 = DIRECTION ( 'NONE',  ( -0.000000000000000000, -0.000000000000000000, 1.000000000000000000 ) ) ;
#438 = ORIENTED_EDGE ( 'NONE', *, *, #983, .T. ) ;
#439 = AXIS2_PLACEMENT_3D ( 'NONE', #990, #1892, #975 ) ;
#440 = VECTOR ( 'NONE', #1873, 1000.000000000000000 ) ;
#441 = PRODUCT_RELATED_PRODUCT_CATEGORY ( 'detail', '', ( #737 ) ) ;
#442 = DIRECTION ( 'NONE',  ( -1.000000000000000000, 0.000000000000000000, 0.000000000000000000 ) ) ;
#443 = ORIENTED_EDGE ( 'NONE', *, *, #791, .F. ) ;
#444 = DIRECTION ( 'NONE',  ( 1.000000000000000000, 0.000000000000000000, 0.000000000000000000 ) ) ;
#445 = DIRECTION ( 'NONE',  ( -0.000000000000000000, -0.000000000000000000, -1.000000000000000000 ) ) ;
#446 = ORIENTED_EDGE ( 'NONE', *, *, #453, .T. ) ;
#447 = CYLINDRICAL_SURFACE ( 'NONE', #592, 3.499999999999999556 ) ;
#448 = DIRECTION ( 'NONE',  ( -1.000000000000000000, 0.000000000000000000, 0.000000000000000000 ) ) ;
#449 = ORIENTED_EDGE ( 'NONE', *, *, #1038, .F. ) ;
#450 = CARTESIAN_POINT ( 'NONE',  ( -7.790000000000000036, -9.000000000000001776, -10.00000000000000000 ) ) ;
#451 = ORIENTED_EDGE ( 'NONE', *, *, #32, .T. ) ;
#452 = DIRECTION ( 'NONE',  ( 0.000000000000000000, 0.000000000000000000, 1.000000000000000000 ) ) ;
#453 = EDGE_CURVE ( 'NONE', #899, #220, #53, .T. ) ;
#454 = CARTESIAN_POINT ( 'NONE',  ( 7.789999999999999147, -9.500000000000000000, -13.99999999999999822 ) ) ;
#455 = EDGE_LOOP ( 'NONE', ( #786, #1316, #1401, #458 ) ) ;
#456 = LINE ( 'NONE', #1658, #1223 ) ;
#457 = DIRECTION ( 'NONE',  ( 0.000000000000000000, -1.000000000000000000, 0.000000000000000000 ) ) ;
#458 = ORIENTED_EDGE ( 'NONE', *, *, #843, .F. ) ;
#459 = PRODUCT_DEFINITION_SHAPE ( 'NONE', 'NONE',  #504 ) ;
#460 = PLANE ( 'NONE',  #854 ) ;
#461 = ORIENTED_EDGE ( 'NONE', *, *, #397, .T. ) ;
#462 = DIRECTION ( 'NONE',  ( 0.000000000000000000, 0.000000000000000000, -1.000000000000000000 ) ) ;
#463 = CARTESIAN_POINT ( 'NONE',  ( -7.790000000000000036, -9.000000000000001776, 11.70000000000000284 ) ) ;
#464 = VECTOR ( 'NONE', #804, 1000.000000000000000 ) ;
#465 = EDGE_LOOP ( 'NONE', ( #1759, #449, #1470, #304 ) ) ;
#466 = AXIS2_PLACEMENT_3D ( 'NONE', #506, #781, #625 ) ;
#467 = CARTESIAN_POINT ( 'NONE',  ( 8.063472741828594081, 8.581415887214108196, 11.90000000000000036 ) ) ;
#468 = AXIS2_PLACEMENT_3D ( 'NONE', #1050, #1643, #1202 ) ;
#469 = ORIENTED_EDGE ( 'NONE', *, *, #337, .T. ) ;
#470 = DIRECTION ( 'NONE',  ( 1.000000000000000000, 0.000000000000000000, 0.000000000000000000 ) ) ;
#471 = AXIS2_PLACEMENT_3D ( 'NONE', #1302, #225, #203 ) ;
#472 = EDGE_LOOP ( 'NONE', ( #633, #580 ) ) ;
#473 = AXIS2_PLACEMENT_3D ( 'NONE', #129, #908, #1780 ) ;
#474 = AXIS2_PLACEMENT_3D ( 'NONE', #123, #883, #109 ) ;
#475 = DIRECTION ( 'NONE',  ( 1.000000000000000000, -1.331841440289295114E-15, 0.000000000000000000 ) ) ;
#476 = FACE_OUTER_BOUND ( 'NONE', #1282, .T. ) ;
#477 = ORIENTED_EDGE ( 'NONE', *, *, #601, .T. ) ;
#478 = CARTESIAN_POINT ( 'NONE',  ( 13.00000000000000178, 8.673617379884041389E-16, 14.00000000000000000 ) ) ;
#479 = VERTEX_POINT ( 'NONE', #74 ) ;
#480 = EDGE_CURVE ( 'NONE', #1635, #1850, #913, .T. ) ;
#481 = CARTESIAN_POINT ( 'NONE',  ( 13.00000000000000178, 0.000000000000000000, -11.89999999999999858 ) ) ;
#482 = VERTEX_POINT ( 'NONE', #186 ) ;
#483 = EDGE_CURVE ( 'NONE', #1148, #274, #330, .T. ) ;
#484 = CARTESIAN_POINT ( 'NONE',  ( -7.790000000000000036, -9.500000000000007105, -11.70000000000000107 ) ) ;
#485 = DIRECTION ( 'NONE',  ( 0.000000000000000000, 0.000000000000000000, 1.000000000000000000 ) ) ;
#486 = EDGE_LOOP ( 'NONE', ( #1287, #204, #1943, #370 ) ) ;
#487 = CARTESIAN_POINT ( 'NONE',  ( 7.790000000000000036, 9.500000000000005329, -13.99999999999999822 ) ) ;
#488 = ORIENTED_EDGE ( 'NONE', *, *, #1341, .F. ) ;
#489 = EDGE_CURVE ( 'NONE', #515, #14, #1756, .T. ) ;
#490 = CARTESIAN_POINT ( 'NONE',  ( -8.063472741828590529, 8.581415887214104643, -10.00000000000000000 ) ) ;
#491 = ORIENTED_EDGE ( 'NONE', *, *, #114, .T. ) ;
#492 = EDGE_CURVE ( 'NONE', #596, #1949, #1566, .T. ) ;
#493 = CARTESIAN_POINT ( 'NONE',  ( -13.00000000000000178, 0.000000000000000000, 11.70000000000000284 ) ) ;
#494 = DIRECTION ( 'NONE',  ( -1.000000000000000000, 0.000000000000000000, 0.000000000000000000 ) ) ;
#495 = DIRECTION ( 'NONE',  ( -0.000000000000000000, -0.000000000000000000, -1.000000000000000000 ) ) ;
#496 = VERTEX_POINT ( 'NONE', #1087 ) ;
#497 = LINE ( 'NONE', #369, #498 ) ;
#498 = VECTOR ( 'NONE', #1114, 1000.000000000000000 ) ;
#499 = ORIENTED_EDGE ( 'NONE', *, *, #575, .T. ) ;
#500 = VECTOR ( 'NONE', #1288, 1000.000000000000000 ) ;
#501 = CARTESIAN_POINT ( 'NONE',  ( -13.00000000000000178, 0.000000000000000000, -13.99999999999999822 ) ) ;
#502 = VECTOR ( 'NONE', #1532, 1000.000000000000000 ) ;
#503 = ORIENTED_EDGE ( 'NONE', *, *, #861, .F. ) ;
#504 = PRODUCT_DEFINITION ( 'UNKNOWN', '', #353, #510 ) ;
#505 =( NAMED_UNIT ( * ) SI_UNIT ( $, .STERADIAN. ) SOLID_ANGLE_UNIT ( ) );
#506 = CARTESIAN_POINT ( 'NONE',  ( -13.00000000000000178, 0.000000000000000000, 14.00000000000000000 ) ) ;
#507 = ADVANCED_FACE ( 'NONE', ( #214 ), #1121, .T. ) ;
#508 = CIRCLE ( 'NONE', #953, 0.5000000000000004441 ) ;
#509 = LINE ( 'NONE', #1574, #1549 ) ;
#510 = DESIGN_CONTEXT ( 'detailed design', #550, 'design' ) ;
#511 = VERTEX_POINT ( 'NONE', #487 ) ;
#512 = DIRECTION ( 'NONE',  ( 1.000000000000000000, 0.000000000000000000, 0.000000000000000000 ) ) ;
#513 = CARTESIAN_POINT ( 'NONE',  ( 4.000000000000000000, 6.933937347238601667, 10.00000000000000000 ) ) ;
#514 = CARTESIAN_POINT ( 'NONE',  ( -7.790000000000000036, 9.000000000000001776, -11.70000000000000107 ) ) ;
#515 = VERTEX_POINT ( 'NONE', #1548 ) ;
#516 = DIRECTION ( 'NONE',  ( -1.000000000000000000, 0.000000000000000000, 0.000000000000000000 ) ) ;
#517 = ADVANCED_FACE ( 'NONE', ( #1710 ), #977, .T. ) ;
#518 = CARTESIAN_POINT ( 'NONE',  ( 4.000000000000000000, 7.750000000000000000, 10.00000000000000000 ) ) ;
#519 = ORIENTED_EDGE ( 'NONE', *, *, #193, .F. ) ;
#520 = DIRECTION ( 'NONE',  ( -1.000000000000000000, 0.000000000000000000, 0.000000000000000000 ) ) ;
#521 = EDGE_CURVE ( 'NONE', #145, #1083, #1262, .T. ) ;
#522 = VERTEX_POINT ( 'NONE', #270 ) ;
#523 = DIRECTION ( 'NONE',  ( -0.000000000000000000, -0.000000000000000000, -1.000000000000000000 ) ) ;
#524 = VERTEX_POINT ( 'NONE', #1730 ) ;
#525 = CYLINDRICAL_SURFACE ( 'NONE', #666, 0.5000000000000004441 ) ;
#526 = ORIENTED_EDGE ( 'NONE', *, *, #427, .F. ) ;
#527 = DIRECTION ( 'NONE',  ( 0.000000000000000000, 0.000000000000000000, -1.000000000000000000 ) ) ;
#528 = ORIENTED_EDGE ( 'NONE', *, *, #632, .F. ) ;
#529 = EDGE_CURVE ( 'NONE', #479, #1203, #1593, .T. ) ;
#530 = CIRCLE ( 'NONE', #1510, 3.499999999999999556 ) ;
#531 = DIRECTION ( 'NONE',  ( -1.000000000000000000, 0.000000000000000000, 0.000000000000000000 ) ) ;
#532 = ORIENTED_EDGE ( 'NONE', *, *, #997, .F. ) ;
#533 = CIRCLE ( 'NONE', #852, 9.499999999999998224 ) ;
#534 = AXIS2_PLACEMENT_3D ( 'NONE', #417, #1133, #391 ) ;
#535 = CARTESIAN_POINT ( 'NONE',  ( 13.00000000000000178, 0.000000000000000000, -13.99999999999999822 ) ) ;
#536 = DIRECTION ( 'NONE',  ( 1.000000000000000000, -1.331841440289294523E-15, 0.000000000000000000 ) ) ;
#537 = ORIENTED_EDGE ( 'NONE', *, *, #193, .T. ) ;
#538 = AXIS2_PLACEMENT_3D ( 'NONE', #360, #1564, #1445 ) ;
#539 = PLANE ( 'NONE',  #629 ) ;
#540 = AXIS2_PLACEMENT_3D ( 'NONE', #1205, #1808, #1843 ) ;
#541 = VERTEX_POINT ( 'NONE', #415 ) ;
#542 = CARTESIAN_POINT ( 'NONE',  ( 4.000000000000000000, 7.750000000000000000, -10.00000000000000000 ) ) ;
#543 = CYLINDRICAL_SURFACE ( 'NONE', #70, 9.899999999999998579 ) ;
#544 = ADVANCED_FACE ( 'NONE', ( #1750 ), #389, .T. ) ;
#545 = ORIENTED_EDGE ( 'NONE', *, *, #1307, .F. ) ;
#546 = CARTESIAN_POINT ( 'NONE',  ( 13.00000000000000178, 8.673617379884041389E-16, 11.90000000000000036 ) ) ;
#547 = EDGE_LOOP ( 'NONE', ( #1384, #1802, #1930, #1529, #1581, #279, #36, #1686 ) ) ;
#548 = FACE_OUTER_BOUND ( 'NONE', #950, .T. ) ;
#549 = CYLINDRICAL_SURFACE ( 'NONE', #215, 0.5000000000000038858 ) ;
#550 = APPLICATION_CONTEXT ( 'configuration controlled 3d designs of mechanical parts and assemblies' ) ;
#551 = CARTESIAN_POINT ( 'NONE',  ( -5.500000000000000000, -8.600000000000159517, -10.00000000000000000 ) ) ;
#552 = ORIENTED_EDGE ( 'NONE', *, *, #287, .F. ) ;
#553 = EDGE_CURVE ( 'NONE', #901, #874, #1024, .T. ) ;
#554 = EDGE_CURVE ( 'NONE', #388, #1709, #1908, .T. ) ;
#555 = DIRECTION ( 'NONE',  ( -0.000000000000000000, -0.000000000000000000, -1.000000000000000000 ) ) ;
#556 = ORIENTED_EDGE ( 'NONE', *, *, #1403, .T. ) ;
#557 = DIRECTION ( 'NONE',  ( -1.000000000000000000, 0.000000000000000000, 0.000000000000000000 ) ) ;
#558 = PLANE ( 'NONE',  #1571 ) ;
#559 = PLANE ( 'NONE',  #534 ) ;
#560 = EDGE_LOOP ( 'NONE', ( #102, #301 ) ) ;
#561 = VECTOR ( 'NONE', #1142, 1000.000000000000000 ) ;
#562 = AXIS2_PLACEMENT_3D ( 'NONE', #873, #527, #1770 ) ;
#563 = COORDINATED_UNIVERSAL_TIME_OFFSET ( 3, 0, .BEHIND. ) ;
#564 = AXIS2_PLACEMENT_3D ( 'NONE', #450, #1060, #1652 ) ;
#565 = PLANE ( 'NONE',  #638 ) ;
#566 = ADVANCED_FACE ( 'NONE', ( #1760 ), #90, .F. ) ;
#567 = DIRECTION ( 'NONE',  ( 0.000000000000000000, 0.000000000000000000, -1.000000000000000000 ) ) ;
#568 = PLANE ( 'NONE',  #35 ) ;
#569 = VECTOR ( 'NONE', #29, 1000.000000000000000 ) ;
#570 = CARTESIAN_POINT ( 'NONE',  ( 5.500000000000003553, -7.599999999999993427, 10.00000000000000000 ) ) ;
#571 = ORIENTED_EDGE ( 'NONE', *, *, #1393, .F. ) ;
#572 = APPROVAL_STATUS ( 'not_yet_approved' ) ;
#573 = DIRECTION ( 'NONE',  ( 1.000000000000000000, 0.000000000000000000, 0.000000000000000000 ) ) ;
#574 = CARTESIAN_POINT ( 'NONE',  ( -7.790000000000000036, 9.000000000000001776, 11.70000000000000284 ) ) ;
#575 = EDGE_CURVE ( 'NONE', #1698, #154, #264, .T. ) ;
#576 = ORIENTED_EDGE ( 'NONE', *, *, #769, .F. ) ;
#577 = DIRECTION ( 'NONE',  ( 0.000000000000000000, 0.000000000000000000, 1.000000000000000000 ) ) ;
#578 = EDGE_CURVE ( 'NONE', #482, #1939, #1618, .T. ) ;
#579 = DIRECTION ( 'NONE',  ( 1.000000000000000000, 0.000000000000000000, 0.000000000000000000 ) ) ;
#580 = ORIENTED_EDGE ( 'NONE', *, *, #337, .F. ) ;
#581 = DIRECTION ( 'NONE',  ( -1.000000000000000000, 0.000000000000000000, 0.000000000000000000 ) ) ;
#582 = FACE_OUTER_BOUND ( 'NONE', #309, .T. ) ;
#583 = DIRECTION ( 'NONE',  ( 0.000000000000000000, 0.000000000000000000, 1.000000000000000000 ) ) ;
#584 = EDGE_LOOP ( 'NONE', ( #82, #1834, #1540, #1597 ) ) ;
#585 = DIRECTION ( 'NONE',  ( -1.000000000000000000, 0.000000000000000000, 0.000000000000000000 ) ) ;
#586 = EDGE_CURVE ( 'NONE', #1670, #17, #663, .T. ) ;
#587 = CARTESIAN_POINT ( 'NONE',  ( -7.790000000000000036, 9.000000000000001776, 11.70000000000000284 ) ) ;
#588 = ORIENTED_EDGE ( 'NONE', *, *, #1269, .F. ) ;
#589 = EDGE_CURVE ( 'NONE', #9, #1792, #1447, .T. ) ;
#590 = FACE_OUTER_BOUND ( 'NONE', #1878, .T. ) ;
#591 = ORIENTED_EDGE ( 'NONE', *, *, #1415, .T. ) ;
#592 = AXIS2_PLACEMENT_3D ( 'NONE', #1057, #292, #1066 ) ;
#593 = DIRECTION ( 'NONE',  ( -0.000000000000000000, -0.000000000000000000, -1.000000000000000000 ) ) ;
#594 = CYLINDRICAL_SURFACE ( 'NONE', #1629, 9.899999999999996803 ) ;
#595 = AXIS2_PLACEMENT_3D ( 'NONE', #1054, #1496, #749 ) ;
#596 = VERTEX_POINT ( 'NONE', #1474 ) ;
#597 = CARTESIAN_POINT ( 'NONE',  ( -8.063472741828597634, -8.581415887214108196, -11.70000000000000107 ) ) ;
#598 = DIRECTION ( 'NONE',  ( -0.000000000000000000, -0.000000000000000000, -1.000000000000000000 ) ) ;
#599 = VERTEX_POINT ( 'NONE', #1466 ) ;
#600 = AXIS2_PLACEMENT_3D ( 'NONE', #1016, #1611, #1941 ) ;
#601 = EDGE_CURVE ( 'NONE', #9, #541, #1761, .T. ) ;
#602 = DIRECTION ( 'NONE',  ( -0.000000000000000000, -0.000000000000000000, -1.000000000000000000 ) ) ;
#603 = CC_DESIGN_APPROVAL ( #1250, ( #353 ) ) ;
#604 = ORIENTED_EDGE ( 'NONE', *, *, #1659, .T. ) ;
#605 = EDGE_CURVE ( 'NONE', #750, #1312, #697, .T. ) ;
#606 = DIRECTION ( 'NONE',  ( 1.000000000000000000, 0.000000000000000000, 0.000000000000000000 ) ) ;
#607 = DIRECTION ( 'NONE',  ( -0.000000000000000000, -0.000000000000000000, 1.000000000000000000 ) ) ;
#608 = VERTEX_POINT ( 'NONE', #857 ) ;
#609 = CARTESIAN_POINT ( 'NONE',  ( -13.00000000000000355, -9.500000000000000000, -13.99999999999999822 ) ) ;
#610 = LINE ( 'NONE', #1791, #828 ) ;
#611 = ORIENTED_EDGE ( 'NONE', *, *, #334, .T. ) ;
#612 = CYLINDRICAL_SURFACE ( 'NONE', #918, 9.499999999999998224 ) ;
#613 = ORIENTED_EDGE ( 'NONE', *, *, #1344, .F. ) ;
#614 = CC_DESIGN_PERSON_AND_ORGANIZATION_ASSIGNMENT ( #1317, #1004, ( #353 ) ) ;
#615 = CARTESIAN_POINT ( 'NONE',  ( 7.790000000000000036, -9.000000000000001776, 11.90000000000000036 ) ) ;
#616 = DIRECTION ( 'NONE',  ( -1.000000000000000000, 0.000000000000000000, 0.000000000000000000 ) ) ;
#617 = EDGE_CURVE ( 'NONE', #901, #1664, #1165, .T. ) ;
#618 = ORIENTED_EDGE ( 'NONE', *, *, #1875, .F. ) ;
#619 = DIRECTION ( 'NONE',  ( -0.000000000000000000, -0.000000000000000000, -1.000000000000000000 ) ) ;
#620 = LINE ( 'NONE', #1365, #1138 ) ;
#621 = VERTEX_POINT ( 'NONE', #1586 ) ;
#622 = CARTESIAN_POINT ( 'NONE',  ( -3.500000000000000000, 7.750000000000000000, 10.00000000000000000 ) ) ;
#623 = EDGE_LOOP ( 'NONE', ( #919, #754, #1049, #1560 ) ) ;
#624 = CARTESIAN_POINT ( 'NONE',  ( 13.00000000000000178, 8.673617379884041389E-16, 11.90000000000000036 ) ) ;
#625 = DIRECTION ( 'NONE',  ( 1.000000000000000000, 0.000000000000000000, 0.000000000000000000 ) ) ;
#626 = AXIS2_PLACEMENT_3D ( 'NONE', #1046, #34, #1507 ) ;
#627 = ADVANCED_FACE ( 'NONE', ( #237 ), #539, .F. ) ;
#628 = ORIENTED_EDGE ( 'NONE', *, *, #184, .F. ) ;
#629 = AXIS2_PLACEMENT_3D ( 'NONE', #1000, #1008, #101 ) ;
#630 = LINE ( 'NONE', #177, #275 ) ;
#631 = CIRCLE ( 'NONE', #100, 9.499999999999998224 ) ;
#632 = EDGE_CURVE ( 'NONE', #364, #599, #1602, .T. ) ;
#633 = ORIENTED_EDGE ( 'NONE', *, *, #1098, .F. ) ;
#634 = CARTESIAN_POINT ( 'NONE',  ( -4.000000000000000000, 7.750000000000000000, 10.00000000000000000 ) ) ;
#635 = AXIS2_PLACEMENT_3D ( 'NONE', #1906, #81, #1258 ) ;
#636 = ORIENTED_EDGE ( 'NONE', *, *, #652, .F. ) ;
#637 = CIRCLE ( 'NONE', #538, 1.000000000000160094 ) ;
#638 = AXIS2_PLACEMENT_3D ( 'NONE', #1617, #269, #872 ) ;
#639 = DIRECTION ( 'NONE',  ( 0.000000000000000000, 0.000000000000000000, 1.000000000000000000 ) ) ;
#640 = PLANE ( 'NONE',  #125 ) ;
#641 = CIRCLE ( 'NONE', #1838, 4.000000000000000000 ) ;
#642 = ORIENTED_EDGE ( 'NONE', *, *, #617, .T. ) ;
#643 = DIRECTION ( 'NONE',  ( 1.000000000000000000, 0.000000000000000000, 0.000000000000000000 ) ) ;
#644 = ADVANCED_FACE ( 'NONE', ( #548 ), #1149, .F. ) ;
#645 = CARTESIAN_POINT ( 'NONE',  ( 8.063472741828595858, -8.581415887214108196, -11.89999999999999858 ) ) ;
#646 = FACE_OUTER_BOUND ( 'NONE', #1065, .T. ) ;
#647 = ORIENTED_EDGE ( 'NONE', *, *, #586, .T. ) ;
#648 = CARTESIAN_POINT ( 'NONE',  ( -13.00000000000000178, -9.500000000000000000, 11.70000000000000284 ) ) ;
#649 = CARTESIAN_POINT ( 'NONE',  ( -8.063472741828595858, 8.581415887214108196, 11.70000000000000284 ) ) ;
#650 = VERTEX_POINT ( 'NONE', #1156 ) ;
#651 = FACE_OUTER_BOUND ( 'NONE', #1088, .T. ) ;
#652 = EDGE_CURVE ( 'NONE', #596, #1896, #407, .T. ) ;
#653 = CARTESIAN_POINT ( 'NONE',  ( 3.100000000000001865, 8.673617379884041389E-16, 14.00000000000000000 ) ) ;
#654 = CARTESIAN_POINT ( 'NONE',  ( -3.100000000000003642, -8.673617379884041389E-16, -10.00000000000000000 ) ) ;
#655 = EDGE_CURVE ( 'NONE', #1148, #1516, #761, .T. ) ;
#656 = ORIENTED_EDGE ( 'NONE', *, *, #1244, .T. ) ;
#657 = CARTESIAN_POINT ( 'NONE',  ( -13.00000000000000178, 0.000000000000000000, 11.70000000000000284 ) ) ;
#658 = CARTESIAN_POINT ( 'NONE',  ( 13.00000000000000178, 0.000000000000000000, 11.90000000000000036 ) ) ;
#659 = DIRECTION ( 'NONE',  ( 1.000000000000000000, 0.000000000000000000, -0.000000000000000000 ) ) ;
#660 = ORIENTED_EDGE ( 'NONE', *, *, #1559, .T. ) ;
#661 = DIRECTION ( 'NONE',  ( 1.000000000000000000, 0.000000000000000000, -0.000000000000000000 ) ) ;
#662 = VECTOR ( 'NONE', #1239, 1000.000000000000000 ) ;
#663 = CIRCLE ( 'NONE', #562, 9.899999999999998579 ) ;
#664 = LINE ( 'NONE', #1130, #1687 ) ;
#665 = AXIS2_PLACEMENT_3D ( 'NONE', #839, #1461, #557 ) ;
#666 = AXIS2_PLACEMENT_3D ( 'NONE', #1126, #555, #1172 ) ;
#667 = DIRECTION ( 'NONE',  ( 1.000000000000000000, 0.000000000000000000, 0.000000000000000000 ) ) ;
#668 = AXIS2_PLACEMENT_3D ( 'NONE', #1283, #383, #1588 ) ;
#669 = VERTEX_POINT ( 'NONE', #454 ) ;
#670 = EDGE_CURVE ( 'NONE', #1805, #621, #1044, .T. ) ;
#671 = CARTESIAN_POINT ( 'NONE',  ( 3.499999999999999556, 7.750000000000000000, -10.00000000000000000 ) ) ;
#672 = EDGE_CURVE ( 'NONE', #482, #778, #1361, .T. ) ;
#673 = AXIS2_PLACEMENT_3D ( 'NONE', #915, #943, #606 ) ;
#674 = DIRECTION ( 'NONE',  ( 0.000000000000000000, 0.000000000000000000, -1.000000000000000000 ) ) ;
#675 = ORIENTED_EDGE ( 'NONE', *, *, #30, .F. ) ;
#676 = CYLINDRICAL_SURFACE ( 'NONE', #1355, 9.499999999999998224 ) ;
#677 = VERTEX_POINT ( 'NONE', #134 ) ;
#678 = CARTESIAN_POINT ( 'NONE',  ( 13.00000000000000533, 9.500000000000000000, -13.99999999999999822 ) ) ;
#679 = ORIENTED_EDGE ( 'NONE', *, *, #652, .T. ) ;
#680 = DIRECTION ( 'NONE',  ( 1.000000000000000000, 0.000000000000000000, 0.000000000000000000 ) ) ;
#681 = ADVANCED_FACE ( 'NONE', ( #916 ), #1518, .F. ) ;
#682 = ORIENTED_EDGE ( 'NONE', *, *, #752, .T. ) ;
#683 = CARTESIAN_POINT ( 'NONE',  ( -9.000000000000001776, 0.000000000000000000, -20.00000000000001066 ) ) ;
#684 = ORIENTED_EDGE ( 'NONE', *, *, #1403, .F. ) ;
#685 = PLANE ( 'NONE',  #668 ) ;
#686 = ORIENTED_EDGE ( 'NONE', *, *, #1903, .F. ) ;
#687 = APPROVAL_STATUS ( 'not_yet_approved' ) ;
#688 = CARTESIAN_POINT ( 'NONE',  ( 9.500000000000001776, 0.000000000000000000, -11.89999999999999858 ) ) ;
#689 = ORIENTED_EDGE ( 'NONE', *, *, #895, .F. ) ;
#690 = DIRECTION ( 'NONE',  ( -0.000000000000000000, -0.000000000000000000, -1.000000000000000000 ) ) ;
#691 = ADVANCED_FACE ( 'NONE', ( #1173 ), #594, .F. ) ;
#692 = CARTESIAN_POINT ( 'NONE',  ( 7.790000000000000036, 9.000000000000001776, 14.00000000000000000 ) ) ;
#693 = ADVANCED_FACE ( 'NONE', ( #1934 ), #143, .T. ) ;
#694 = AXIS2_PLACEMENT_3D ( 'NONE', #743, #1343, #1184 ) ;
#695 = DIRECTION ( 'NONE',  ( 0.000000000000000000, 0.000000000000000000, 1.000000000000000000 ) ) ;
#696 = ORIENTED_EDGE ( 'NONE', *, *, #983, .F. ) ;
#697 = CIRCLE ( 'NONE', #665, 9.500000000000000000 ) ;
#698 = VECTOR ( 'NONE', #602, 1000.000000000000000 ) ;
#699 = FACE_OUTER_BOUND ( 'NONE', #19, .T. ) ;
#700 = ORIENTED_EDGE ( 'NONE', *, *, #1230, .F. ) ;
#701 = CARTESIAN_POINT ( 'NONE',  ( -8.063472741828597634, -8.581415887214108196, -11.70000000000000107 ) ) ;
#702 = VECTOR ( 'NONE', #475, 1000.000000000000000 ) ;
#703 = LOCAL_TIME ( 10, 10, 2.000000000000000000, #723 ) ;
#704 = CARTESIAN_POINT ( 'NONE',  ( 8.063472741828594081, -8.581415887214104643, 11.90000000000000036 ) ) ;
#705 = EDGE_CURVE ( 'NONE', #1362, #1939, #1777, .T. ) ;
#706 = DIRECTION ( 'NONE',  ( -0.000000000000000000, 0.000000000000000000, -1.000000000000000000 ) ) ;
#707 = ORIENTED_EDGE ( 'NONE', *, *, #1487, .F. ) ;
#708 = ADVANCED_FACE ( 'NONE', ( #740 ), #1800, .T. ) ;
#709 = DIRECTION ( 'NONE',  ( 1.000000000000000000, 0.000000000000000000, 0.000000000000000000 ) ) ;
#710 = VERTEX_POINT ( 'NONE', #1350 ) ;
#711 = DIRECTION ( 'NONE',  ( 0.000000000000000000, -1.000000000000000000, 0.000000000000000000 ) ) ;
#712 = LINE ( 'NONE', #92, #1417 ) ;
#713 = CARTESIAN_POINT ( 'NONE',  ( -17.00000000000000000, 4.898587196589413815E-16, -20.00000000000001066 ) ) ;
#714 = ORIENTED_EDGE ( 'NONE', *, *, #1318, .T. ) ;
#715 = EDGE_CURVE ( 'NONE', #17, #139, #1861, .T. ) ;
#716 = CARTESIAN_POINT ( 'NONE',  ( -13.00000000000000178, 9.500000000000000000, 10.00000000000000000 ) ) ;
#717 = CARTESIAN_POINT ( 'NONE',  ( -13.00000000000000178, 0.000000000000000000, -13.99999999999999822 ) ) ;
#718 = LINE ( 'NONE', #1305, #1541 ) ;
#719 = CIRCLE ( 'NONE', #1011, 9.499999999999998224 ) ;
#720 = FACE_BOUND ( 'NONE', #547, .T. ) ;
#721 = ORIENTED_EDGE ( 'NONE', *, *, #1604, .T. ) ;
#722 = AXIS2_PLACEMENT_3D ( 'NONE', #1001, #416, #1595 ) ;
#723 = COORDINATED_UNIVERSAL_TIME_OFFSET ( 3, 0, .BEHIND. ) ;
#724 = EDGE_CURVE ( 'NONE', #524, #1467, #1206, .T. ) ;
#725 = CIRCLE ( 'NONE', #1632, 9.500000000000000000 ) ;
#726 = FACE_OUTER_BOUND ( 'NONE', #267, .T. ) ;
#727 = DIRECTION ( 'NONE',  ( 1.000000000000000000, 0.000000000000000000, 0.000000000000000000 ) ) ;
#728 = EDGE_CURVE ( 'NONE', #1547, #1376, #420, .T. ) ;
#729 = CIRCLE ( 'NONE', #635, 0.5000000000000022204 ) ;
#730 = EDGE_LOOP ( 'NONE', ( #700, #136, #1816, #679 ) ) ;
#731 = DIRECTION ( 'NONE',  ( 1.000000000000000000, 0.000000000000000000, 0.000000000000000000 ) ) ;
#732 = AXIS2_PLACEMENT_3D ( 'NONE', #921, #1177, #579 ) ;
#733 = AXIS2_PLACEMENT_3D ( 'NONE', #394, #1181, #1154 ) ;
#734 = LINE ( 'NONE', #314, #1232 ) ;
#735 = EDGE_LOOP ( 'NONE', ( #1109, #1217, #1480, #1807, #1947, #1570, #199, #891 ) ) ;
#736 = AXIS2_PLACEMENT_3D ( 'NONE', #546, #419, #709 ) ;
#737 = PRODUCT ( 'EslabonCadena', 'EslabonCadena', '', ( #1118 ) ) ;
#738 = CALENDAR_DATE ( 2026, 19, 8 ) ;
#739 = DIRECTION ( 'NONE',  ( 0.000000000000000000, 0.000000000000000000, 1.000000000000000000 ) ) ;
#740 = FACE_OUTER_BOUND ( 'NONE', #465, .T. ) ;
#741 = EDGE_CURVE ( 'NONE', #1775, #984, #1031, .T. ) ;
#742 = ORIENTED_EDGE ( 'NONE', *, *, #1157, .F. ) ;
#743 = CARTESIAN_POINT ( 'NONE',  ( -13.00000000000000178, 0.000000000000000000, -10.00000000000000000 ) ) ;
#744 = CARTESIAN_POINT ( 'NONE',  ( 13.00000000000000178, 9.500000000000000000, -11.89999999999999858 ) ) ;
#745 = EDGE_LOOP ( 'NONE', ( #1626, #469, #378, #947 ) ) ;
#746 = CYLINDRICAL_SURFACE ( 'NONE', #254, 0.5000000000000038858 ) ;
#747 = EDGE_LOOP ( 'NONE', ( #1456, #1676, #1720, #996 ) ) ;
#748 = CARTESIAN_POINT ( 'NONE',  ( 8.063472741828595858, 8.581415887214109972, -13.99999999999999822 ) ) ;
#749 = DIRECTION ( 'NONE',  ( -1.000000000000000000, 0.000000000000000000, 0.000000000000000000 ) ) ;
#750 = VERTEX_POINT ( 'NONE', #1625 ) ;
#751 = CARTESIAN_POINT ( 'NONE',  ( 9.500000000000001776, 0.000000000000000000, -14.00000000000000000 ) ) ;
#752 = EDGE_CURVE ( 'NONE', #511, #197, #299, .T. ) ;
#753 = CARTESIAN_POINT ( 'NONE',  ( 0.000000000000000000, 21.64999999999895053, 10.00000000000000000 ) ) ;
#754 = ORIENTED_EDGE ( 'NONE', *, *, #1773, .F. ) ;
#755 = EDGE_CURVE ( 'NONE', #496, #388, #1104, .T. ) ;
#756 = CARTESIAN_POINT ( 'NONE',  ( -4.499999999999842792, -7.599999999999999645, 10.00000000000000000 ) ) ;
#757 = ORIENTED_EDGE ( 'NONE', *, *, #300, .T. ) ;
#758 = CIRCLE ( 'NONE', #1188, 3.499999999999999556 ) ;
#759 = CARTESIAN_POINT ( 'NONE',  ( -13.00000000000000178, 0.000000000000000000, -11.70000000000000107 ) ) ;
#760 = DIRECTION ( 'NONE',  ( -1.000000000000000000, 0.000000000000000000, 0.000000000000000000 ) ) ;
#761 = CIRCLE ( 'NONE', #433, 0.5000000000000004441 ) ;
#762 = VECTOR ( 'NONE', #365, 1000.000000000000000 ) ;
#763 = ORIENTED_EDGE ( 'NONE', *, *, #1771, .T. ) ;
#764 = CARTESIAN_POINT ( 'NONE',  ( 13.00000000000000178, 0.000000000000000000, 14.00000000000000000 ) ) ;
#765 = LINE ( 'NONE', #775, #799 ) ;
#766 = ORIENTED_EDGE ( 'NONE', *, *, #1604, .F. ) ;
#767 = VECTOR ( 'NONE', #452, 1000.000000000000000 ) ;
#768 = LINE ( 'NONE', #149, #502 ) ;
#769 = EDGE_CURVE ( 'NONE', #145, #1222, #432, .T. ) ;
#770 = VERTEX_POINT ( 'NONE', #308 ) ;
#771 = CARTESIAN_POINT ( 'NONE',  ( -5.500000000000000000, -8.600000000000159517, -10.00000000000000000 ) ) ;
#772 = DIRECTION ( 'NONE',  ( -0.000000000000000000, -0.000000000000000000, 1.000000000000000000 ) ) ;
#773 = ORIENTED_EDGE ( 'NONE', *, *, #632, .T. ) ;
#774 = CARTESIAN_POINT ( 'NONE',  ( 4.499999999999841904, -8.600000000000159517, -10.00000000000000000 ) ) ;
#775 = CARTESIAN_POINT ( 'NONE',  ( -4.000000000000000000, 7.750000000000000000, 10.00000000000000000 ) ) ;
#776 = ORIENTED_EDGE ( 'NONE', *, *, #1329, .F. ) ;
#777 = FACE_OUTER_BOUND ( 'NONE', #1736, .T. ) ;
#778 = VERTEX_POINT ( 'NONE', #903 ) ;
#779 = EDGE_CURVE ( 'NONE', #392, #23, #533, .T. ) ;
#780 = DIRECTION ( 'NONE',  ( -1.000000000000000000, 0.000000000000000000, 0.000000000000000000 ) ) ;
#781 = DIRECTION ( 'NONE',  ( 0.000000000000000000, 0.000000000000000000, 1.000000000000000000 ) ) ;
#782 = ORIENTED_EDGE ( 'NONE', *, *, #1659, .F. ) ;
#783 = DIRECTION ( 'NONE',  ( 1.000000000000000000, 0.000000000000000000, 0.000000000000000000 ) ) ;
#784 = ORIENTED_EDGE ( 'NONE', *, *, #578, .T. ) ;
#785 = DIRECTION ( 'NONE',  ( 0.000000000000000000, 1.000000000000000000, -0.000000000000000000 ) ) ;
#786 = ORIENTED_EDGE ( 'NONE', *, *, #300, .F. ) ;
#787 = CARTESIAN_POINT ( 'NONE',  ( -13.00000000000000178, 0.000000000000000000, 14.00000000000000000 ) ) ;
#788 = EDGE_CURVE ( 'NONE', #1664, #669, #153, .T. ) ;
#789 = FACE_BOUND ( 'NONE', #1432, .T. ) ;
#790 = AXIS2_PLACEMENT_3D ( 'NONE', #478, #1229, #512 ) ;
#791 = EDGE_CURVE ( 'NONE', #1362, #1547, #1545, .T. ) ;
#792 = ORIENTED_EDGE ( 'NONE', *, *, #1190, .F. ) ;
#793 = VECTOR ( 'NONE', #1863, 1000.000000000000000 ) ;
#794 = DIRECTION ( 'NONE',  ( 1.000000000000000000, 0.000000000000000000, 0.000000000000000000 ) ) ;
#795 = CIRCLE ( 'NONE', #375, 9.899999999999996803 ) ;
#796 = LINE ( 'NONE', #1394, #1952 ) ;
#797 = DIRECTION ( 'NONE',  ( -0.000000000000000000, -0.000000000000000000, 1.000000000000000000 ) ) ;
#798 = ORIENTED_EDGE ( 'NONE', *, *, #1471, .F. ) ;
#799 = VECTOR ( 'NONE', #495, 1000.000000000000000 ) ;
#800 = VECTOR ( 'NONE', #1319, 1000.000000000000000 ) ;
#801 = CARTESIAN_POINT ( 'NONE',  ( -3.500000000000000000, 8.250000000000000000, -10.00000000000000000 ) ) ;
#802 = LINE ( 'NONE', #348, #1261 ) ;
#803 = ORIENTED_EDGE ( 'NONE', *, *, #923, .T. ) ;
#804 = DIRECTION ( 'NONE',  ( 0.000000000000000000, 0.000000000000000000, 1.000000000000000000 ) ) ;
#805 = EDGE_CURVE ( 'NONE', #677, #216, #1400, .T. ) ;
#806 = ORIENTED_EDGE ( 'NONE', *, *, #715, .F. ) ;
#807 = DIRECTION ( 'NONE',  ( 1.000000000000000000, 0.000000000000000000, 0.000000000000000000 ) ) ;
#808 = ORIENTED_EDGE ( 'NONE', *, *, #385, .T. ) ;
#809 = LINE ( 'NONE', #386, #440 ) ;
#810 = DIRECTION ( 'NONE',  ( -0.000000000000000000, -0.000000000000000000, -1.000000000000000000 ) ) ;
#811 = CARTESIAN_POINT ( 'NONE',  ( -13.00000000000000178, -8.673617379884041389E-16, -11.70000000000000107 ) ) ;
#812 = ORIENTED_EDGE ( 'NONE', *, *, #779, .T. ) ;
#813 = CARTESIAN_POINT ( 'NONE',  ( -13.00000000000000355, 9.500000000000000000, 11.70000000000000284 ) ) ;
#814 = ORIENTED_EDGE ( 'NONE', *, *, #1018, .F. ) ;
#815 = EDGE_CURVE ( 'NONE', #1183, #1170, #60, .T. ) ;
#816 = LINE ( 'NONE', #678, #1227 ) ;
#817 = ORIENTED_EDGE ( 'NONE', *, *, #1135, .T. ) ;
#818 = PERSON_AND_ORGANIZATION_ROLE ( 'creator' ) ;
#819 = CYLINDRICAL_SURFACE ( 'NONE', #439, 9.899999999999998579 ) ;
#820 = EDGE_LOOP ( 'NONE', ( #1013, #1366, #110, #1358 ) ) ;
#821 = CARTESIAN_POINT ( 'NONE',  ( -3.499999999999999556, 7.750000000000000000, -10.00000000000000000 ) ) ;
#822 = AXIS2_PLACEMENT_3D ( 'NONE', #1718, #63, #661 ) ;
#823 = VECTOR ( 'NONE', #810, 1000.000000000000000 ) ;
#824 = LINE ( 'NONE', #645, #249 ) ;
#825 = CIRCLE ( 'NONE', #406, 9.500000000000000000 ) ;
#826 = CARTESIAN_POINT ( 'NONE',  ( -7.790000000000000036, -9.000000000000001776, -11.70000000000000107 ) ) ;
#827 = ORIENTED_EDGE ( 'NONE', *, *, #1344, .T. ) ;
#828 = VECTOR ( 'NONE', #437, 1000.000000000000000 ) ;
#829 = AXIS2_PLACEMENT_3D ( 'NONE', #759, #593, #182 ) ;
#830 = CARTESIAN_POINT ( 'NONE',  ( -13.00000000000000355, -9.500000000000000000, -13.99999999999999822 ) ) ;
#831 = ORIENTED_EDGE ( 'NONE', *, *, #1865, .T. ) ;
#832 = DIRECTION ( 'NONE',  ( -0.000000000000000000, -0.000000000000000000, 1.000000000000000000 ) ) ;
#833 = DIRECTION ( 'NONE',  ( -1.000000000000000000, 0.000000000000000000, 0.000000000000000000 ) ) ;
#834 = DIRECTION ( 'NONE',  ( -9.130123557772670060E-16, -1.000000000000000000, 0.000000000000000000 ) ) ;
#835 = ORIENTED_EDGE ( 'NONE', *, *, #705, .F. ) ;
#836 = LINE ( 'NONE', #233, #10 ) ;
#837 = DIRECTION ( 'NONE',  ( 0.000000000000000000, -0.000000000000000000, 1.000000000000000000 ) ) ;
#838 = ORIENTED_EDGE ( 'NONE', *, *, #1131, .F. ) ;
#839 = CARTESIAN_POINT ( 'NONE',  ( 13.00000000000000178, 0.000000000000000000, 10.00000000000000000 ) ) ;
#840 = CARTESIAN_POINT ( 'NONE',  ( 0.000000000000000000, 8.250000000000000000, 10.00000000000000000 ) ) ;
#841 = DIRECTION ( 'NONE',  ( 1.000000000000000000, 0.000000000000000000, -0.000000000000000000 ) ) ;
#842 = ORIENTED_EDGE ( 'NONE', *, *, #1513, .F. ) ;
#843 = EDGE_CURVE ( 'NONE', #1670, #710, #202, .T. ) ;
#844 = DIRECTION ( 'NONE',  ( -1.000000000000000000, 0.000000000000000000, 0.000000000000000000 ) ) ;
#845 = ORIENTED_EDGE ( 'NONE', *, *, #1153, .F. ) ;
#846 = DIRECTION ( 'NONE',  ( -1.000000000000000000, 0.000000000000000000, 0.000000000000000000 ) ) ;
#847 = EDGE_CURVE ( 'NONE', #1326, #1120, #175, .T. ) ;
#848 = AXIS2_PLACEMENT_3D ( 'NONE', #1731, #54, #1886 ) ;
#849 = CYLINDRICAL_SURFACE ( 'NONE', #1254, 0.5000000000000004441 ) ;
#850 = FACE_OUTER_BOUND ( 'NONE', #1842, .T. ) ;
#851 = ORIENTED_EDGE ( 'NONE', *, *, #1945, .T. ) ;
#852 = AXIS2_PLACEMENT_3D ( 'NONE', #1505, #1638, #1809 ) ;
#853 = AXIS2_PLACEMENT_3D ( 'NONE', #1874, #1119, #659 ) ;
#854 = AXIS2_PLACEMENT_3D ( 'NONE', #7, #1039, #179 ) ;
#855 = CARTESIAN_POINT ( 'NONE',  ( 3.500000000000000000, 8.250000000000000000, 0.000000000000000000 ) ) ;
#856 = EDGE_LOOP ( 'NONE', ( #1601, #1413, #1027, #1585, #1097, #934, #642, #57 ) ) ;
#857 = CARTESIAN_POINT ( 'NONE',  ( 3.500000000000000000, 8.250000000000000000, 10.00000000000000000 ) ) ;
#858 = AXIS2_PLACEMENT_3D ( 'NONE', #21, #174, #780 ) ;
#859 = LOCAL_TIME ( 10, 10, 2.000000000000000000, #1299 ) ;
#860 = DIRECTION ( 'NONE',  ( 0.000000000000000000, 0.000000000000000000, 1.000000000000000000 ) ) ;
#861 = EDGE_CURVE ( 'NONE', #770, #1203, #403, .T. ) ;
#862 = CARTESIAN_POINT ( 'NONE',  ( 13.00000000000000533, -9.500000000000000000, 11.90000000000000036 ) ) ;
#863 = ORIENTED_EDGE ( 'NONE', *, *, #847, .F. ) ;
#864 = CARTESIAN_POINT ( 'NONE',  ( 3.500000000000000000, -1.734723475976807094E-15, 0.000000000000000000 ) ) ;
#865 = DIRECTION ( 'NONE',  ( -0.000000000000000000, -0.000000000000000000, -1.000000000000000000 ) ) ;
#866 = ORIENTED_EDGE ( 'NONE', *, *, #1055, .T. ) ;
#867 = CARTESIAN_POINT ( 'NONE',  ( -22.50000000000000000, 0.000000000000000000, 11.90000000000000036 ) ) ;
#868 = DIRECTION ( 'NONE',  ( 1.000000000000000000, 0.000000000000000000, 0.000000000000000000 ) ) ;
#869 = ADVANCED_FACE ( 'NONE', ( #1226, #789 ), #1237, .F. ) ;
#870 = ORIENTED_EDGE ( 'NONE', *, *, #1535, .F. ) ;
#871 = PERSON_AND_ORGANIZATION ( #1613, #1268 ) ;
#872 = DIRECTION ( 'NONE',  ( -0.000000000000000000, 0.000000000000000000, 1.000000000000000000 ) ) ;
#873 = CARTESIAN_POINT ( 'NONE',  ( -13.00000000000000178, 0.000000000000000000, 11.70000000000000284 ) ) ;
#874 = VERTEX_POINT ( 'NONE', #1831 ) ;
#875 = DIRECTION ( 'NONE',  ( 1.000000000000000000, 0.000000000000000000, 0.000000000000000000 ) ) ;
#876 = CARTESIAN_POINT ( 'NONE',  ( 13.00000000000000178, 9.500000000000000000, 10.00000000000000000 ) ) ;
#877 = ORIENTED_EDGE ( 'NONE', *, *, #1163, .T. ) ;
#878 = AXIS2_PLACEMENT_3D ( 'NONE', #1128, #567, #1017 ) ;
#879 = AXIS2_PLACEMENT_3D ( 'NONE', #463, #1063, #1074 ) ;
#880 = PERSON_AND_ORGANIZATION ( #1613, #1268 ) ;
#881 = EDGE_CURVE ( 'NONE', #1083, #1125, #979, .T. ) ;
#882 = AXIS2_PLACEMENT_3D ( 'NONE', #113, #695, #1144 ) ;
#883 = DIRECTION ( 'NONE',  ( -1.000000000000000000, 0.000000000000000000, 0.000000000000000000 ) ) ;
#884 = DIRECTION ( 'NONE',  ( -1.000000000000000000, -0.000000000000000000, -0.000000000000000000 ) ) ;
#885 = ORIENTED_EDGE ( 'NONE', *, *, #1921, .T. ) ;
#886 = DIRECTION ( 'NONE',  ( 0.000000000000000000, 0.000000000000000000, 1.000000000000000000 ) ) ;
#887 = CIRCLE ( 'NONE', #732, 3.499999999999999556 ) ;
#888 = CARTESIAN_POINT ( 'NONE',  ( 16.50000000000000000, 4.286263797015736102E-16, -11.90000000000000036 ) ) ;
#889 = ORIENTED_EDGE ( 'NONE', *, *, #1513, .T. ) ;
#890 = DIRECTION ( 'NONE',  ( 1.000000000000000000, 0.000000000000000000, 0.000000000000000000 ) ) ;
#891 = ORIENTED_EDGE ( 'NONE', *, *, #969, .T. ) ;
#892 = CARTESIAN_POINT ( 'NONE',  ( -5.500000000000000000, -9.500000000000000000, 10.00000000000000000 ) ) ;
#893 = ADVANCED_FACE ( 'NONE', ( #476 ), #640, .T. ) ;
#894 = CARTESIAN_POINT ( 'NONE',  ( -7.790000000000000036, 9.500000000000005329, -11.70000000000000107 ) ) ;
#895 = EDGE_CURVE ( 'NONE', #1443, #1919, #156, .T. ) ;
#896 = ORIENTED_EDGE ( 'NONE', *, *, #47, .F. ) ;
#897 = DIRECTION ( 'NONE',  ( 1.000000000000000000, 0.000000000000000000, 0.000000000000000000 ) ) ;
#898 = FACE_OUTER_BOUND ( 'NONE', #1796, .T. ) ;
#899 = VERTEX_POINT ( 'NONE', #1851 ) ;
#900 = CARTESIAN_POINT ( 'NONE',  ( -4.000000000000000000, 7.750000000000000000, -10.00000000000000000 ) ) ;
#901 = VERTEX_POINT ( 'NONE', #1092 ) ;
#902 = CARTESIAN_POINT ( 'NONE',  ( -22.50000000000000000, 0.000000000000000000, 14.00000000000000000 ) ) ;
#903 = CARTESIAN_POINT ( 'NONE',  ( -7.790000000000000036, -9.500000000000000000, 10.00000000000000000 ) ) ;
#904 = EDGE_CURVE ( 'NONE', #1914, #154, #1675, .T. ) ;
#905 = ORIENTED_EDGE ( 'NONE', *, *, #1497, .F. ) ;
#906 = DIRECTION ( 'NONE',  ( 0.000000000000000000, 0.000000000000000000, 1.000000000000000000 ) ) ;
#907 = EDGE_CURVE ( 'NONE', #220, #1068, #802, .T. ) ;
#908 = DIRECTION ( 'NONE',  ( 0.000000000000000000, 0.000000000000000000, -1.000000000000000000 ) ) ;
#909 = VERTEX_POINT ( 'NONE', #328 ) ;
#910 = VECTOR ( 'NONE', #1870, 1000.000000000000000 ) ;
#911 = CARTESIAN_POINT ( 'NONE',  ( -8.063472741828590529, 8.581415887214104643, -11.70000000000000107 ) ) ;
#912 = ORIENTED_EDGE ( 'NONE', *, *, #904, .F. ) ;
#913 = CIRCLE ( 'NONE', #1257, 9.499999999999998224 ) ;
#914 = VECTOR ( 'NONE', #1304, 1000.000000000000000 ) ;
#915 = CARTESIAN_POINT ( 'NONE',  ( -7.790000000000000036, -9.000000000000001776, 11.70000000000000284 ) ) ;
#916 = FACE_OUTER_BOUND ( 'NONE', #931, .T. ) ;
#917 = AXIS2_PLACEMENT_3D ( 'NONE', #260, #841, #1442 ) ;
#918 = AXIS2_PLACEMENT_3D ( 'NONE', #1493, #162, #1377 ) ;
#919 = ORIENTED_EDGE ( 'NONE', *, *, #334, .F. ) ;
#920 = DIRECTION ( 'NONE',  ( -1.000000000000000000, 0.000000000000000000, 0.000000000000000000 ) ) ;
#921 = CARTESIAN_POINT ( 'NONE',  ( 13.00000000000000178, 0.000000000000000000, 11.90000000000000036 ) ) ;
#922 = ORIENTED_EDGE ( 'NONE', *, *, #1367, .F. ) ;
#923 = EDGE_CURVE ( 'NONE', #1657, #1805, #1691, .T. ) ;
#924 = AXIS2_PLACEMENT_3D ( 'NONE', #657, #1590, #516 ) ;
#925 = DIRECTION ( 'NONE',  ( -1.000000000000000000, 0.000000000000000000, 0.000000000000000000 ) ) ;
#926 = ORIENTED_EDGE ( 'NONE', *, *, #1623, .F. ) ;
#927 = DIRECTION ( 'NONE',  ( -0.000000000000000000, -0.000000000000000000, -1.000000000000000000 ) ) ;
#928 = CARTESIAN_POINT ( 'NONE',  ( -13.00000000000000178, -7.599999999999999645, 10.00000000000000000 ) ) ;
#929 = ORIENTED_EDGE ( 'NONE', *, *, #424, .T. ) ;
#930 = DIRECTION ( 'NONE',  ( 0.000000000000000000, 1.000000000000000000, 0.000000000000000000 ) ) ;
#931 = EDGE_LOOP ( 'NONE', ( #863, #707, #773, #329 ) ) ;
#932 = ADVANCED_FACE ( 'NONE', ( #1256 ), #1706, .T. ) ;
#933 = CARTESIAN_POINT ( 'NONE',  ( -13.00000000000000178, 0.000000000000000000, -20.00000000000001066 ) ) ;
#934 = ORIENTED_EDGE ( 'NONE', *, *, #1131, .T. ) ;
#935 = ADVANCED_FACE ( 'NONE', ( #590 ), #1940, .F. ) ;
#936 = DIRECTION ( 'NONE',  ( 1.000000000000000000, 0.000000000000000000, 0.000000000000000000 ) ) ;
#937 = CARTESIAN_POINT ( 'NONE',  ( 7.789999999999999147, -9.500000000000000000, -11.89999999999999858 ) ) ;
#938 = ORIENTED_EDGE ( 'NONE', *, *, #1810, .F. ) ;
#939 = DIRECTION ( 'NONE',  ( 0.000000000000000000, 0.000000000000000000, -1.000000000000000000 ) ) ;
#940 = CARTESIAN_POINT ( 'NONE',  ( -9.000000000000001776, 0.000000000000000000, -13.99999999999999822 ) ) ;
#941 = CARTESIAN_POINT ( 'NONE',  ( 13.00000000000000178, 8.673617379884041389E-16, -11.89999999999999858 ) ) ;
#942 = EDGE_CURVE ( 'NONE', #1876, #1775, #188, .T. ) ;
#943 = DIRECTION ( 'NONE',  ( 0.000000000000000000, -0.000000000000000000, 1.000000000000000000 ) ) ;
#944 = DIRECTION ( 'NONE',  ( 0.000000000000000000, 0.000000000000000000, 1.000000000000000000 ) ) ;
#945 = EDGE_CURVE ( 'NONE', #1523, #511, #1082, .T. ) ;
#946 = AXIS2_PLACEMENT_3D ( 'NONE', #1669, #1218, #1530 ) ;
#947 = ORIENTED_EDGE ( 'NONE', *, *, #243, .F. ) ;
#948 = DIRECTION ( 'NONE',  ( -1.000000000000000000, 0.000000000000000000, 0.000000000000000000 ) ) ;
#949 = AXIS2_PLACEMENT_3D ( 'NONE', #1211, #1502, #581 ) ;
#950 = EDGE_LOOP ( 'NONE', ( #1673, #922, #1820, #451, #1642, #973, #115, #1141 ) ) ;
#951 = DIRECTION ( 'NONE',  ( 0.000000000000000000, -1.000000000000000000, 0.000000000000000000 ) ) ;
#952 = ORIENTED_EDGE ( 'NONE', *, *, #492, .F. ) ;
#953 = AXIS2_PLACEMENT_3D ( 'NONE', #1473, #1328, #1933 ) ;
#954 = SECURITY_CLASSIFICATION ( '', '', #1029 ) ;
#955 =( NAMED_UNIT ( * ) PLANE_ANGLE_UNIT ( ) SI_UNIT ( $, .RADIAN. ) );
#956 = CARTESIAN_POINT ( 'NONE',  ( -13.00000000000000178, -8.673617379884041389E-16, -11.70000000000000107 ) ) ;
#957 = EDGE_CURVE ( 'NONE', #1639, #899, #1696, .T. ) ;
#958 = FACE_OUTER_BOUND ( 'NONE', #26, .T. ) ;
#959 = ORIENTED_EDGE ( 'NONE', *, *, #724, .T. ) ;
#960 = CARTESIAN_POINT ( 'NONE',  ( 16.50000000000000000, 4.286263797015736102E-16, -11.89999999999999858 ) ) ;
#961 = ORIENTED_EDGE ( 'NONE', *, *, #160, .T. ) ;
#962 = DIRECTION ( 'NONE',  ( 0.000000000000000000, -1.000000000000000000, 0.000000000000000000 ) ) ;
#963 = ORIENTED_EDGE ( 'NONE', *, *, #575, .F. ) ;
#964 = CARTESIAN_POINT ( 'NONE',  ( -17.00000000000000000, 4.898587196589414801E-16, 11.70000000000000284 ) ) ;
#965 = DIRECTION ( 'NONE',  ( 0.000000000000000000, 1.000000000000000000, 0.000000000000000000 ) ) ;
#966 = DIRECTION ( 'NONE',  ( -0.000000000000000000, -0.000000000000000000, -1.000000000000000000 ) ) ;
#967 = EDGE_LOOP ( 'NONE', ( #1562, #190, #231, #28, #1814, #127, #150 ) ) ;
#968 = DIRECTION ( 'NONE',  ( 0.000000000000000000, 0.000000000000000000, 1.000000000000000000 ) ) ;
#969 = EDGE_CURVE ( 'NONE', #1850, #1362, #631, .T. ) ;
#970 = CARTESIAN_POINT ( 'NONE',  ( -13.00000000000000178, 0.000000000000000000, 11.90000000000000036 ) ) ;
#971 = EDGE_CURVE ( 'NONE', #909, #750, #768, .T. ) ;
#972 = DIRECTION ( 'NONE',  ( -1.000000000000000000, 0.000000000000000000, 0.000000000000000000 ) ) ;
#973 = ORIENTED_EDGE ( 'NONE', *, *, #1038, .T. ) ;
#974 = AXIS2_PLACEMENT_3D ( 'NONE', #1917, #577, #1468 ) ;
#975 = DIRECTION ( 'NONE',  ( -1.000000000000000000, 0.000000000000000000, 0.000000000000000000 ) ) ;
#976 = VERTEX_POINT ( 'NONE', #622 ) ;
#977 = CYLINDRICAL_SURFACE ( 'NONE', #1071, 0.5000000000000073275 ) ;
#978 = CIRCLE ( 'NONE', #626, 3.499999999999999556 ) ;
#979 = CIRCLE ( 'NONE', #374, 9.500000000000000000 ) ;
#980 = CARTESIAN_POINT ( 'NONE',  ( 13.00000000000000533, 9.500000000000000000, -10.00000000000000000 ) ) ;
#981 = AXIS2_PLACEMENT_3D ( 'NONE', #1234, #1406, #198 ) ;
#982 = CARTESIAN_POINT ( 'NONE',  ( -13.00000000000000178, 0.000000000000000000, -20.00000000000001066 ) ) ;
#983 = EDGE_CURVE ( 'NONE', #248, #1422, #1815, .T. ) ;
#984 = VERTEX_POINT ( 'NONE', #756 ) ;
#985 = ADVANCED_BREP_SHAPE_REPRESENTATION ( 'EslabonCadena', ( #200, #164 ), #1300 ) ;
#986 = VECTOR ( 'NONE', #1431, 1000.000000000000000 ) ;
#987 = ADVANCED_FACE ( 'NONE', ( #426 ), #460, .T. ) ;
#988 = PERSON_AND_ORGANIZATION ( #1613, #1268 ) ;
#989 = CIRCLE ( 'NONE', #131, 0.5000000000000038858 ) ;
#990 = CARTESIAN_POINT ( 'NONE',  ( 13.00000000000000178, 8.673617379884041389E-16, 14.00000000000000000 ) ) ;
#991 = VERTEX_POINT ( 'NONE', #900 ) ;
#992 = VECTOR ( 'NONE', #1637, 1000.000000000000000 ) ;
#993 = CARTESIAN_POINT ( 'NONE',  ( -9.000000000000001776, 0.000000000000000000, -20.00000000000001066 ) ) ;
#994 = DIRECTION ( 'NONE',  ( 0.000000000000000000, -1.000000000000000000, 0.000000000000000000 ) ) ;
#995 = CYLINDRICAL_SURFACE ( 'NONE', #1041, 4.000000000000000000 ) ;
#996 = ORIENTED_EDGE ( 'NONE', *, *, #589, .F. ) ;
#997 = EDGE_CURVE ( 'NONE', #1422, #984, #1338, .T. ) ;
#998 = CARTESIAN_POINT ( 'NONE',  ( 7.790000000000000036, 9.500000000000000000, 14.00000000000000000 ) ) ;
#999 = VERTEX_POINT ( 'NONE', #1634 ) ;
#1000 = CARTESIAN_POINT ( 'NONE',  ( -6.273157099897717970, 7.750000000000000000, 10.00000000000000000 ) ) ;
#1001 = CARTESIAN_POINT ( 'NONE',  ( 13.00000000000000178, 0.000000000000000000, 11.90000000000000036 ) ) ;
#1002 = CARTESIAN_POINT ( 'NONE',  ( -7.790000000000000036, 9.500000000000005329, -10.00000000000000000 ) ) ;
#1003 = ORIENTED_EDGE ( 'NONE', *, *, #1307, .T. ) ;
#1004 = PERSON_AND_ORGANIZATION_ROLE ( 'design_supplier' ) ;
#1005 = DIRECTION ( 'NONE',  ( -1.000000000000000000, 0.000000000000000000, 0.000000000000000000 ) ) ;
#1006 = ADVANCED_FACE ( 'NONE', ( #777 ), #612, .T. ) ;
#1007 = ORIENTED_EDGE ( 'NONE', *, *, #1837, .F. ) ;
#1008 = DIRECTION ( 'NONE',  ( 0.000000000000000000, -1.000000000000000000, 0.000000000000000000 ) ) ;
#1009 = CIRCLE ( 'NONE', #151, 0.5000000000000022204 ) ;
#1010 = LINE ( 'NONE', #1606, #402 ) ;
#1011 = AXIS2_PLACEMENT_3D ( 'NONE', #119, #860, #1159 ) ;
#1012 = LINE ( 'NONE', #862, #1762 ) ;
#1013 = ORIENTED_EDGE ( 'NONE', *, *, #184, .T. ) ;
#1014 = VECTOR ( 'NONE', #1818, 1000.000000000000000 ) ;
#1015 = VECTOR ( 'NONE', #399, 1000.000000000000000 ) ;
#1016 = CARTESIAN_POINT ( 'NONE',  ( -13.00000000000000178, 0.000000000000000000, 11.70000000000000284 ) ) ;
#1017 = DIRECTION ( 'NONE',  ( -1.000000000000000000, 0.000000000000000000, 0.000000000000000000 ) ) ;
#1018 = EDGE_CURVE ( 'NONE', #1888, #710, #1894, .T. ) ;
#1019 = CARTESIAN_POINT ( 'NONE',  ( -4.000000000000000000, 6.933937347238599891, -10.00000000000000000 ) ) ;
#1020 = DIRECTION ( 'NONE',  ( 0.000000000000000000, 0.000000000000000000, -1.000000000000000000 ) ) ;
#1021 = ORIENTED_EDGE ( 'NONE', *, *, #1454, .F. ) ;
#1022 = SHAPE_DEFINITION_REPRESENTATION ( #459, #985 ) ;
#1023 = DIRECTION ( 'NONE',  ( 0.000000000000000000, 0.000000000000000000, 1.000000000000000000 ) ) ;
#1024 = LINE ( 'NONE', #1915, #1824 ) ;
#1025 = FACE_OUTER_BOUND ( 'NONE', #291, .T. ) ;
#1026 = CARTESIAN_POINT ( 'NONE',  ( -3.500000000000000000, 8.250000000000000000, 0.000000000000000000 ) ) ;
#1027 = ORIENTED_EDGE ( 'NONE', *, *, #1568, .T. ) ;
#1028 = ADVANCED_FACE ( 'NONE', ( #140 ), #746, .T. ) ;
#1029 = SECURITY_CLASSIFICATION_LEVEL ( 'unclassified' ) ;
#1030 = DIRECTION ( 'NONE',  ( -0.000000000000000000, -0.000000000000000000, -1.000000000000000000 ) ) ;
#1031 = LINE ( 'NONE', #928, #1160 ) ;
#1032 = ORIENTED_EDGE ( 'NONE', *, *, #20, .F. ) ;
#1033 = DIRECTION ( 'NONE',  ( -1.000000000000000000, 0.000000000000000000, 0.000000000000000000 ) ) ;
#1034 = AXIS2_PLACEMENT_3D ( 'NONE', #587, #273, #1353 ) ;
#1035 = CARTESIAN_POINT ( 'NONE',  ( 7.790000000000000036, 9.000000000000001776, -13.99999999999999822 ) ) ;
#1036 = ORIENTED_EDGE ( 'NONE', *, *, #1721, .T. ) ;
#1037 = VECTOR ( 'NONE', #690, 1000.000000000000000 ) ;
#1038 = EDGE_CURVE ( 'NONE', #1805, #1312, #1948, .T. ) ;
#1039 = DIRECTION ( 'NONE',  ( 0.000000000000000000, 0.000000000000000000, -1.000000000000000000 ) ) ;
#1040 = EDGE_LOOP ( 'NONE', ( #591, #425, #1714, #1207 ) ) ;
#1041 = AXIS2_PLACEMENT_3D ( 'NONE', #230, #266, #868 ) ;
#1042 = EDGE_CURVE ( 'NONE', #1284, #1610, #161, .T. ) ;
#1043 = CARTESIAN_POINT ( 'NONE',  ( -8.063472741828595858, 8.581415887214108196, 11.70000000000000284 ) ) ;
#1044 = LINE ( 'NONE', #124, #1605 ) ;
#1045 = EDGE_LOOP ( 'NONE', ( #782, #532, #798, #296 ) ) ;
#1046 = CARTESIAN_POINT ( 'NONE',  ( 13.00000000000000178, 0.000000000000000000, -14.00000000000000000 ) ) ;
#1047 = AXIS2_PLACEMENT_3D ( 'NONE', #1674, #462, #1665 ) ;
#1048 = FACE_BOUND ( 'NONE', #1787, .T. ) ;
#1049 = ORIENTED_EDGE ( 'NONE', *, *, #942, .F. ) ;
#1050 = CARTESIAN_POINT ( 'NONE',  ( -7.790000000000000036, 9.000000000000001776, -11.70000000000000107 ) ) ;
#1051 = ORIENTED_EDGE ( 'NONE', *, *, #32, .F. ) ;
#1052 = EDGE_CURVE ( 'NONE', #1061, #145, #1193, .T. ) ;
#1053 = FACE_OUTER_BOUND ( 'NONE', #856, .T. ) ;
#1054 = CARTESIAN_POINT ( 'NONE',  ( 13.00000000000000178, 0.000000000000000000, 11.90000000000000036 ) ) ;
#1055 = EDGE_CURVE ( 'NONE', #154, #599, #344, .T. ) ;
#1056 = ORIENTED_EDGE ( 'NONE', *, *, #1472, .F. ) ;
#1057 = CARTESIAN_POINT ( 'NONE',  ( 13.00000000000000178, 0.000000000000000000, 11.90000000000000036 ) ) ;
#1058 = CARTESIAN_POINT ( 'NONE',  ( 3.100000000000001865, 8.673617379884041389E-16, -13.99999999999999822 ) ) ;
#1059 = ORIENTED_EDGE ( 'NONE', *, *, #605, .F. ) ;
#1060 = DIRECTION ( 'NONE',  ( -0.000000000000000000, -0.000000000000000000, -1.000000000000000000 ) ) ;
#1061 = VERTEX_POINT ( 'NONE', #911 ) ;
#1062 = DIRECTION ( 'NONE',  ( -0.000000000000000000, -0.000000000000000000, -1.000000000000000000 ) ) ;
#1063 = DIRECTION ( 'NONE',  ( 0.000000000000000000, -0.000000000000000000, 1.000000000000000000 ) ) ;
#1064 = ADVANCED_FACE ( 'NONE', ( #1515 ), #1368, .T. ) ;
#1065 = EDGE_LOOP ( 'NONE', ( #282, #1152, #1704, #355 ) ) ;
#1066 = DIRECTION ( 'NONE',  ( 1.000000000000000000, 0.000000000000000000, 0.000000000000000000 ) ) ;
#1067 = CARTESIAN_POINT ( 'NONE',  ( 3.100000000000001865, 8.673617379884041389E-16, 14.00000000000000000 ) ) ;
#1068 = VERTEX_POINT ( 'NONE', #1116 ) ;
#1069 = CARTESIAN_POINT ( 'NONE',  ( -13.00000000000000178, 0.000000000000000000, 14.00000000000000000 ) ) ;
#1070 = ORIENTED_EDGE ( 'NONE', *, *, #1924, .T. ) ;
#1071 = AXIS2_PLACEMENT_3D ( 'NONE', #1094, #832, #1248 ) ;
#1072 = VECTOR ( 'NONE', #965, 1000.000000000000000 ) ;
#1073 = LINE ( 'NONE', #1950, #1835 ) ;
#1074 = DIRECTION ( 'NONE',  ( 1.000000000000000000, 0.000000000000000000, 0.000000000000000000 ) ) ;
#1075 = AXIS2_PLACEMENT_3D ( 'NONE', #826, #1089, #1425 ) ;
#1076 = EDGE_LOOP ( 'NONE', ( #1201, #1235, #176, #1648 ) ) ;
#1077 = DIRECTION ( 'NONE',  ( 1.000000000000000000, 5.204170427929590613E-15, 0.000000000000000000 ) ) ;
#1078 = ADVANCED_FACE ( 'NONE', ( #1703 ), #343, .T. ) ;
#1079 = ORIENTED_EDGE ( 'NONE', *, *, #728, .F. ) ;
#1080 = AXIS2_PLACEMENT_3D ( 'NONE', #1641, #1336, #147 ) ;
#1081 = ADVANCED_FACE ( 'NONE', ( #189 ), #1871, .T. ) ;
#1082 = LINE ( 'NONE', #1783, #1357 ) ;
#1083 = VERTEX_POINT ( 'NONE', #1722 ) ;
#1084 = FACE_BOUND ( 'NONE', #472, .T. ) ;
#1085 = CARTESIAN_POINT ( 'NONE',  ( 16.50000000000000000, 0.000000000000000000, 11.90000000000000036 ) ) ;
#1086 = ORIENTED_EDGE ( 'NONE', *, *, #69, .F. ) ;
#1087 = CARTESIAN_POINT ( 'NONE',  ( 3.100000000000001865, 8.673617379884041389E-16, -11.89999999999999858 ) ) ;
#1088 = EDGE_LOOP ( 'NONE', ( #1936, #491, #1845, #835 ) ) ;
#1089 = DIRECTION ( 'NONE',  ( -0.000000000000000000, -0.000000000000000000, -1.000000000000000000 ) ) ;
#1090 = VERTEX_POINT ( 'NONE', #56 ) ;
#1091 = LINE ( 'NONE', #165, #702 ) ;
#1092 = CARTESIAN_POINT ( 'NONE',  ( 13.00000000000000178, -9.500000000000000000, -11.89999999999999858 ) ) ;
#1093 = ORIENTED_EDGE ( 'NONE', *, *, #1823, .F. ) ;
#1094 = CARTESIAN_POINT ( 'NONE',  ( -7.790000000000000036, -9.000000000000001776, -11.70000000000000107 ) ) ;
#1095 = VERTEX_POINT ( 'NONE', #490 ) ;
#1096 = FACE_OUTER_BOUND ( 'NONE', #1407, .T. ) ;
#1097 = ORIENTED_EDGE ( 'NONE', *, *, #895, .T. ) ;
#1098 = EDGE_CURVE ( 'NONE', #1531, #412, #126, .T. ) ;
#1099 = VECTOR ( 'NONE', #1249, 1000.000000000000000 ) ;
#1100 = CARTESIAN_POINT ( 'NONE',  ( -7.790000000000000036, -9.500000000000007105, -11.70000000000000107 ) ) ;
#1101 = EDGE_CURVE ( 'NONE', #909, #524, #218, .T. ) ;
#1102 = CARTESIAN_POINT ( 'NONE',  ( 8.063472741828595858, -8.581415887214108196, -11.89999999999999858 ) ) ;
#1103 = ORIENTED_EDGE ( 'NONE', *, *, #1055, .F. ) ;
#1104 = CIRCLE ( 'NONE', #1514, 9.899999999999998579 ) ;
#1105 = CARTESIAN_POINT ( 'NONE',  ( 22.50000000000000000, 0.000000000000000000, -10.00000000000000000 ) ) ;
#1106 = AXIS2_PLACEMENT_3D ( 'NONE', #1385, #785, #208 ) ;
#1107 = ORIENTED_EDGE ( 'NONE', *, *, #1773, .T. ) ;
#1108 = DIRECTION ( 'NONE',  ( 0.000000000000000000, 0.000000000000000000, -1.000000000000000000 ) ) ;
#1109 = ORIENTED_EDGE ( 'NONE', *, *, #791, .T. ) ;
#1110 = PERSON_AND_ORGANIZATION ( #1613, #1268 ) ;
#1111 = DIRECTION ( 'NONE',  ( -0.000000000000000000, -0.000000000000000000, 1.000000000000000000 ) ) ;
#1112 = DIRECTION ( 'NONE',  ( 1.000000000000000000, 0.000000000000000000, 0.000000000000000000 ) ) ;
#1113 = ORIENTED_EDGE ( 'NONE', *, *, #997, .T. ) ;
#1114 = DIRECTION ( 'NONE',  ( -0.000000000000000000, -0.000000000000000000, -1.000000000000000000 ) ) ;
#1115 = DIRECTION ( 'NONE',  ( -0.000000000000000000, -0.000000000000000000, -1.000000000000000000 ) ) ;
#1116 = CARTESIAN_POINT ( 'NONE',  ( -7.789999999999999147, 9.500000000000000000, 10.00000000000000000 ) ) ;
#1117 = ORIENTED_EDGE ( 'NONE', *, *, #705, .T. ) ;
#1118 = MECHANICAL_CONTEXT ( 'NONE', #1869, 'mechanical' ) ;
#1119 = DIRECTION ( 'NONE',  ( 0.000000000000000000, -0.000000000000000000, 1.000000000000000000 ) ) ;
#1120 = VERTEX_POINT ( 'NONE', #654 ) ;
#1121 = PLANE ( 'NONE',  #822 ) ;
#1122 = EDGE_CURVE ( 'NONE', #197, #361, #725, .T. ) ;
#1123 = CARTESIAN_POINT ( 'NONE',  ( 13.00000000000000178, 8.673617379884041389E-16, -11.89999999999999858 ) ) ;
#1124 = DIRECTION ( 'NONE',  ( 0.000000000000000000, 0.000000000000000000, 1.000000000000000000 ) ) ;
#1125 = VERTEX_POINT ( 'NONE', #66 ) ;
#1126 = CARTESIAN_POINT ( 'NONE',  ( -7.790000000000000036, -9.000000000000001776, 11.70000000000000284 ) ) ;
#1127 = ORIENTED_EDGE ( 'NONE', *, *, #907, .T. ) ;
#1128 = CARTESIAN_POINT ( 'NONE',  ( 13.00000000000000178, 0.000000000000000000, -11.90000000000000036 ) ) ;
#1129 = VECTOR ( 'NONE', #1215, 1000.000000000000000 ) ;
#1130 = CARTESIAN_POINT ( 'NONE',  ( -5.500000000000000000, -9.500000000000000000, 10.00000000000000000 ) ) ;
#1131 = EDGE_CURVE ( 'NONE', #1919, #901, #825, .T. ) ;
#1132 = VECTOR ( 'NONE', #239, 1000.000000000000000 ) ;
#1133 = DIRECTION ( 'NONE',  ( -0.000000000000000000, 0.000000000000000000, -1.000000000000000000 ) ) ;
#1134 = ORIENTED_EDGE ( 'NONE', *, *, #1671, .F. ) ;
#1135 = EDGE_CURVE ( 'NONE', #1914, #364, #1295, .T. ) ;
#1136 = CIRCLE ( 'NONE', #1483, 9.899999999999996803 ) ;
#1137 =( LENGTH_UNIT ( ) NAMED_UNIT ( * ) SI_UNIT ( .MILLI., .METRE. ) );
#1138 = VECTOR ( 'NONE', #16, 1000.000000000000000 ) ;
#1139 = AXIS2_PLACEMENT_3D ( 'NONE', #11, #1388, #41 ) ;
#1140 = CARTESIAN_POINT ( 'NONE',  ( 7.790000000000000036, -9.500000000000005329, 14.00000000000000000 ) ) ;
#1141 = ORIENTED_EDGE ( 'NONE', *, *, #907, .F. ) ;
#1142 = DIRECTION ( 'NONE',  ( -1.000000000000000000, -9.988810802169714343E-16, 0.000000000000000000 ) ) ;
#1143 = FACE_OUTER_BOUND ( 'NONE', #1228, .T. ) ;
#1144 = DIRECTION ( 'NONE',  ( 1.000000000000000000, 0.000000000000000000, 0.000000000000000000 ) ) ;
#1145 = EDGE_LOOP ( 'NONE', ( #366, #321, #1196, #1661 ) ) ;
#1146 = ADVANCED_FACE ( 'NONE', ( #1397 ), #372, .T. ) ;
#1147 = CARTESIAN_POINT ( 'NONE',  ( 7.789999999999999147, -9.500000000000000000, -11.89999999999999858 ) ) ;
#1148 = VERTEX_POINT ( 'NONE', #38 ) ;
#1149 = PLANE ( 'NONE',  #37 ) ;
#1150 = DIRECTION ( 'NONE',  ( -0.000000000000000000, -0.000000000000000000, -1.000000000000000000 ) ) ;
#1151 = LINE ( 'NONE', #1026, #1576 ) ;
#1152 = ORIENTED_EDGE ( 'NONE', *, *, #1707, .F. ) ;
#1153 = EDGE_CURVE ( 'NONE', #167, #1284, #1857, .T. ) ;
#1154 = DIRECTION ( 'NONE',  ( -1.000000000000000000, 0.000000000000000000, 0.000000000000000000 ) ) ;
#1155 = ORIENTED_EDGE ( 'NONE', *, *, #47, .T. ) ;
#1156 = CARTESIAN_POINT ( 'NONE',  ( -5.500000000000000000, -8.600000000000159517, 10.00000000000000000 ) ) ;
#1157 = EDGE_CURVE ( 'NONE', #14, #1148, #1864, .T. ) ;
#1158 = CIRCLE ( 'NONE', #1856, 9.899999999999998579 ) ;
#1159 = DIRECTION ( 'NONE',  ( 1.000000000000000000, 0.000000000000000000, 0.000000000000000000 ) ) ;
#1160 = VECTOR ( 'NONE', #1655, 1000.000000000000000 ) ;
#1161 = LINE ( 'NONE', #551, #222 ) ;
#1162 = EDGE_LOOP ( 'NONE', ( #866, #528, #333, #1847 ) ) ;
#1163 = EDGE_CURVE ( 'NONE', #1443, #23, #816, .T. ) ;
#1164 = DIRECTION ( 'NONE',  ( 0.000000000000000000, 0.000000000000000000, 1.000000000000000000 ) ) ;
#1165 = LINE ( 'NONE', #111, #342 ) ;
#1166 = AXIS2_PLACEMENT_3D ( 'NONE', #1311, #739, #573 ) ;
#1167 = EDGE_CURVE ( 'NONE', #1326, #1061, #795, .T. ) ;
#1168 = FACE_OUTER_BOUND ( 'NONE', #1231, .T. ) ;
#1169 = DIRECTION ( 'NONE',  ( -0.000000000000000000, -0.000000000000000000, -1.000000000000000000 ) ) ;
#1170 = VERTEX_POINT ( 'NONE', #1266 ) ;
#1171 = APPROVAL_DATE_TIME ( #1905, #1250 ) ;
#1172 = DIRECTION ( 'NONE',  ( -1.000000000000000000, 0.000000000000000000, 0.000000000000000000 ) ) ;
#1173 = FACE_OUTER_BOUND ( 'NONE', #1902, .T. ) ;
#1174 = EDGE_LOOP ( 'NONE', ( #552, #271, #1127, #1292 ) ) ;
#1175 = DIRECTION ( 'NONE',  ( -0.000000000000000000, -0.000000000000000000, -1.000000000000000000 ) ) ;
#1176 = ADVANCED_FACE ( 'NONE', ( #1096 ), #1539, .F. ) ;
#1177 = DIRECTION ( 'NONE',  ( 0.000000000000000000, 0.000000000000000000, 1.000000000000000000 ) ) ;
#1178 = VERTEX_POINT ( 'NONE', #1579 ) ;
#1179 = ADVANCED_FACE ( 'NONE', ( #646 ), #1848, .F. ) ;
#1180 = DIRECTION ( 'NONE',  ( -0.000000000000000000, -0.000000000000000000, 1.000000000000000000 ) ) ;
#1181 = DIRECTION ( 'NONE',  ( -0.000000000000000000, -0.000000000000000000, -1.000000000000000000 ) ) ;
#1182 = CARTESIAN_POINT ( 'NONE',  ( 5.500000000000001776, -9.499999999999992895, -10.00000000000000000 ) ) ;
#1183 = VERTEX_POINT ( 'NONE', #106 ) ;
#1184 = DIRECTION ( 'NONE',  ( 1.000000000000000000, 0.000000000000000000, -0.000000000000000000 ) ) ;
#1185 = LINE ( 'NONE', #1067, #1735 ) ;
#1186 = EDGE_CURVE ( 'NONE', #99, #677, #278, .T. ) ;
#1187 = ORIENTED_EDGE ( 'NONE', *, *, #20, .T. ) ;
#1188 = AXIS2_PLACEMENT_3D ( 'NONE', #1649, #968, #794 ) ;
#1189 = CARTESIAN_POINT ( 'NONE',  ( 0.000000000000000000, 21.64999999999895053, 10.00000000000000000 ) ) ;
#1190 = EDGE_CURVE ( 'NONE', #599, #1120, #1481, .T. ) ;
#1191 = VECTOR ( 'NONE', #846, 1000.000000000000000 ) ;
#1192 = VERTEX_POINT ( 'NONE', #1765 ) ;
#1193 = CIRCLE ( 'NONE', #468, 0.5000000000000022204 ) ;
#1194 = LINE ( 'NONE', #319, #349 ) ;
#1195 = DIRECTION ( 'NONE',  ( 9.130123557772670060E-16, 1.000000000000000000, 0.000000000000000000 ) ) ;
#1196 = ORIENTED_EDGE ( 'NONE', *, *, #861, .T. ) ;
#1197 = VECTOR ( 'NONE', #639, 1000.000000000000000 ) ;
#1198 = CARTESIAN_POINT ( 'NONE',  ( -6.273157099897717970, 7.750000000000000000, -10.00000000000000000 ) ) ;
#1199 = LOCAL_TIME ( 10, 10, 2.000000000000000000, #563 ) ;
#1200 = CARTESIAN_POINT ( 'NONE',  ( 13.00000000000000178, 0.000000000000000000, 14.00000000000000000 ) ) ;
#1201 = ORIENTED_EDGE ( 'NONE', *, *, #424, .F. ) ;
#1202 = DIRECTION ( 'NONE',  ( -1.000000000000000000, 0.000000000000000000, 0.000000000000000000 ) ) ;
#1203 = VERTEX_POINT ( 'NONE', #1774 ) ;
#1204 = ADVANCED_FACE ( 'NONE', ( #1744, #411 ), #559, .F. ) ;
#1205 = CARTESIAN_POINT ( 'NONE',  ( 13.00000000000000178, 8.673617379884041389E-16, -13.99999999999999822 ) ) ;
#1206 = LINE ( 'NONE', #1182, #1790 ) ;
#1207 = ORIENTED_EDGE ( 'NONE', *, *, #815, .F. ) ;
#1208 = CYLINDRICAL_SURFACE ( 'NONE', #95, 0.5000000000000004441 ) ;
#1209 = DIRECTION ( 'NONE',  ( 1.000000000000000000, -9.130123557772670060E-16, -0.000000000000000000 ) ) ;
#1210 = ORIENTED_EDGE ( 'NONE', *, *, #1794, .F. ) ;
#1211 = CARTESIAN_POINT ( 'NONE',  ( -13.00000000000000178, 0.000000000000000000, 11.70000000000000284 ) ) ;
#1212 = ORIENTED_EDGE ( 'NONE', *, *, #1186, .F. ) ;
#1213 = CARTESIAN_POINT ( 'NONE',  ( 5.500000000000002665, -8.600000000000161293, 10.00000000000000000 ) ) ;
#1214 = EDGE_CURVE ( 'NONE', #650, #1880, #1161, .T. ) ;
#1215 = DIRECTION ( 'NONE',  ( -1.000000000000000000, 0.000000000000000000, 0.000000000000000000 ) ) ;
#1216 = ADVANCED_FACE ( 'NONE', ( #720, #850 ), #120, .T. ) ;
#1217 = ORIENTED_EDGE ( 'NONE', *, *, #1898, .T. ) ;
#1218 = DIRECTION ( 'NONE',  ( 0.000000000000000000, -0.000000000000000000, 1.000000000000000000 ) ) ;
#1219 = DIRECTION ( 'NONE',  ( 1.000000000000000000, -0.000000000000000000, -0.000000000000000000 ) ) ;
#1220 = ORIENTED_EDGE ( 'NONE', *, *, #815, .T. ) ;
#1221 = CARTESIAN_POINT ( 'NONE',  ( 7.790000000000000036, 9.000000000000001776, -11.89999999999999858 ) ) ;
#1222 = VERTEX_POINT ( 'NONE', #1002 ) ;
#1223 = VECTOR ( 'NONE', #1821, 1000.000000000000000 ) ;
#1224 = AXIS2_PLACEMENT_3D ( 'NONE', #574, #22, #616 ) ;
#1225 = CARTESIAN_POINT ( 'NONE',  ( 13.00000000000000355, -9.500000000000000000, 11.90000000000000036 ) ) ;
#1226 = FACE_OUTER_BOUND ( 'NONE', #317, .T. ) ;
#1227 = VECTOR ( 'NONE', #1680, 1000.000000000000000 ) ;
#1228 = EDGE_LOOP ( 'NONE', ( #1346, #1337, #5, #1492 ) ) ;
#1229 = DIRECTION ( 'NONE',  ( -0.000000000000000000, -0.000000000000000000, -1.000000000000000000 ) ) ;
#1230 = EDGE_CURVE ( 'NONE', #395, #1896, #1151, .T. ) ;
#1231 = EDGE_LOOP ( 'NONE', ( #588, #1411, #1220, #1858 ) ) ;
#1232 = VECTOR ( 'NONE', #1938, 1000.000000000000000 ) ;
#1233 = AXIS2_PLACEMENT_3D ( 'NONE', #1817, #1527, #1379 ) ;
#1234 = CARTESIAN_POINT ( 'NONE',  ( 13.00000000000000178, 0.000000000000000000, -11.90000000000000036 ) ) ;
#1235 = ORIENTED_EDGE ( 'NONE', *, *, #586, .F. ) ;
#1236 = LINE ( 'NONE', #152, #569 ) ;
#1237 = PLANE ( 'NONE',  #1573 ) ;
#1238 = ORIENTED_EDGE ( 'NONE', *, *, #325, .F. ) ;
#1239 = DIRECTION ( 'NONE',  ( -0.000000000000000000, -0.000000000000000000, -1.000000000000000000 ) ) ;
#1240 = FACE_OUTER_BOUND ( 'NONE', #486, .T. ) ;
#1241 = EDGE_CURVE ( 'NONE', #541, #1090, #1296, .T. ) ;
#1242 = DIRECTION ( 'NONE',  ( 0.000000000000000000, 0.000000000000000000, -1.000000000000000000 ) ) ;
#1243 = ORIENTED_EDGE ( 'NONE', *, *, #670, .T. ) ;
#1244 = EDGE_CURVE ( 'NONE', #1273, #1949, #1615, .T. ) ;
#1245 = CARTESIAN_POINT ( 'NONE',  ( 0.000000000000000000, 0.000000000000000000, 0.000000000000000000 ) ) ;
#1246 = DIRECTION ( 'NONE',  ( 0.000000000000000000, 0.000000000000000000, -1.000000000000000000 ) ) ;
#1247 = ORIENTED_EDGE ( 'NONE', *, *, #489, .F. ) ;
#1248 = DIRECTION ( 'NONE',  ( 1.000000000000000000, 0.000000000000000000, 0.000000000000000000 ) ) ;
#1249 = DIRECTION ( 'NONE',  ( -0.000000000000000000, -0.000000000000000000, -1.000000000000000000 ) ) ;
#1250 = APPROVAL ( #1583, 'UNSPECIFIED' ) ;
#1251 = DIRECTION ( 'NONE',  ( -0.000000000000000000, -0.000000000000000000, 1.000000000000000000 ) ) ;
#1252 = EDGE_LOOP ( 'NONE', ( #1766, #1872 ) ) ;
#1253 = ADVANCED_FACE ( 'NONE', ( #1315 ), #995, .F. ) ;
#1254 = AXIS2_PLACEMENT_3D ( 'NONE', #1452, #272, #1383 ) ;
#1255 = CALENDAR_DATE ( 2026, 19, 8 ) ;
#1256 = FACE_OUTER_BOUND ( 'NONE', #623, .T. ) ;
#1257 = AXIS2_PLACEMENT_3D ( 'NONE', #1392, #339, #1877 ) ;
#1258 = DIRECTION ( 'NONE',  ( 1.000000000000000000, 0.000000000000000000, 0.000000000000000000 ) ) ;
#1259 = UNCERTAINTY_MEASURE_WITH_UNIT (LENGTH_MEASURE( 1.000000000000000082E-05 ), #1137, 'distance_accuracy_value', 'NONE');
#1260 = ORIENTED_EDGE ( 'NONE', *, *, #8, .T. ) ;
#1261 = VECTOR ( 'NONE', #1555, 1000.000000000000000 ) ;
#1262 = LINE ( 'NONE', #83, #561 ) ;
#1263 = CIRCLE ( 'NONE', #1764, 0.5000000000000004441 ) ;
#1264 = VECTOR ( 'NONE', #834, 1000.000000000000000 ) ;
#1265 = CARTESIAN_POINT ( 'NONE',  ( -6.273157099897717970, 7.750000000000000000, 10.00000000000000000 ) ) ;
#1266 = CARTESIAN_POINT ( 'NONE',  ( 16.50000000000000000, 0.000000000000000000, 14.00000000000000000 ) ) ;
#1267 = ORIENTED_EDGE ( 'NONE', *, *, #1671, .T. ) ;
#1268 = ORGANIZATION ( 'UNSPECIFIED', 'UNSPECIFIED', '' ) ;
#1269 = EDGE_CURVE ( 'NONE', #173, #522, #1900, .T. ) ;
#1270 = PLANE ( 'NONE',  #471 ) ;
#1271 = EDGE_LOOP ( 'NONE', ( #1093, #503 ) ) ;
#1272 = CARTESIAN_POINT ( 'NONE',  ( -13.00000000000000178, 0.000000000000000000, 11.90000000000000036 ) ) ;
#1273 = VERTEX_POINT ( 'NONE', #1609 ) ;
#1274 = CARTESIAN_POINT ( 'NONE',  ( 5.500000000000001776, -9.499999999999992895, 10.00000000000000000 ) ) ;
#1275 = EDGE_LOOP ( 'NONE', ( #240, #1501, #170, #1616, #1749, #1893, #817 ) ) ;
#1276 = DATE_TIME_ROLE ( 'creation_date' ) ;
#1277 = EDGE_CURVE ( 'NONE', #1876, #909, #1469, .T. ) ;
#1278 = CARTESIAN_POINT ( 'NONE',  ( -8.290000000000002700, 9.000000000000001776, 11.70000000000000284 ) ) ;
#1279 = ORIENTED_EDGE ( 'NONE', *, *, #1430, .T. ) ;
#1280 = DIRECTION ( 'NONE',  ( 0.000000000000000000, 0.000000000000000000, 1.000000000000000000 ) ) ;
#1281 = ADVANCED_FACE ( 'NONE', ( #1435 ), #85, .F. ) ;
#1282 = EDGE_LOOP ( 'NONE', ( #959, #1334, #1536, #1742 ) ) ;
#1283 = CARTESIAN_POINT ( 'NONE',  ( -13.00000000000000178, -7.599999999999999645, 10.00000000000000000 ) ) ;
#1284 = VERTEX_POINT ( 'NONE', #1910 ) ;
#1285 = DIRECTION ( 'NONE',  ( 0.000000000000000000, 0.000000000000000000, 1.000000000000000000 ) ) ;
#1286 = DIRECTION ( 'NONE',  ( -0.000000000000000000, -0.000000000000000000, -1.000000000000000000 ) ) ;
#1287 = ORIENTED_EDGE ( 'NONE', *, *, #114, .F. ) ;
#1288 = DIRECTION ( 'NONE',  ( -0.000000000000000000, -0.000000000000000000, 1.000000000000000000 ) ) ;
#1289 = VECTOR ( 'NONE', #396, 1000.000000000000000 ) ;
#1290 = ADVANCED_FACE ( 'NONE', ( #1733 ), #685, .F. ) ;
#1291 = AXIS2_PLACEMENT_3D ( 'NONE', #933, #1180, #470 ) ;
#1292 = ORIENTED_EDGE ( 'NONE', *, *, #1840, .T. ) ;
#1293 = DIRECTION ( 'NONE',  ( 0.000000000000000000, -0.000000000000000000, 1.000000000000000000 ) ) ;
#1294 = ADVANCED_FACE ( 'NONE', ( #93 ), #543, .F. ) ;
#1295 = CIRCLE ( 'NONE', #1075, 0.5000000000000073275 ) ;
#1296 = LINE ( 'NONE', #713, #39 ) ;
#1297 = ORIENTED_EDGE ( 'NONE', *, *, #655, .F. ) ;
#1298 = AXIS2_PLACEMENT_3D ( 'NONE', #88, #235, #350 ) ;
#1299 = COORDINATED_UNIVERSAL_TIME_OFFSET ( 3, 0, .BEHIND. ) ;
#1300 =( GEOMETRIC_REPRESENTATION_CONTEXT ( 3 ) GLOBAL_UNCERTAINTY_ASSIGNED_CONTEXT ( ( #1259 ) ) GLOBAL_UNIT_ASSIGNED_CONTEXT ( ( #1137, #955, #505 ) ) REPRESENTATION_CONTEXT ( 'NONE', 'WORKASPACE' ) );
#1301 = AXIS2_PLACEMENT_3D ( 'NONE', #493, #79, #376 ) ;
#1302 = CARTESIAN_POINT ( 'NONE',  ( -13.00000000000000355, -9.500000000000000000, -13.99999999999999822 ) ) ;
#1303 = EDGE_LOOP ( 'NONE', ( #418, #185, #682, #1070, #1554, #253, #1811, #1653 ) ) ;
#1304 = DIRECTION ( 'NONE',  ( -0.000000000000000000, -0.000000000000000000, 1.000000000000000000 ) ) ;
#1305 = CARTESIAN_POINT ( 'NONE',  ( 9.500000000000001776, 0.000000000000000000, -11.90000000000000036 ) ) ;
#1306 = CARTESIAN_POINT ( 'NONE',  ( 3.499999999999999556, 7.750000000000000000, 10.00000000000000000 ) ) ;
#1307 = EDGE_CURVE ( 'NONE', #1376, #1657, #1012, .T. ) ;
#1308 = ORIENTED_EDGE ( 'NONE', *, *, #1393, .T. ) ;
#1309 = ADVANCED_FACE ( 'NONE', ( #1345 ), #25, .T. ) ;
#1310 = CALENDAR_DATE ( 2026, 19, 8 ) ;
#1311 = CARTESIAN_POINT ( 'NONE',  ( -13.00000000000000178, 0.000000000000000000, -13.99999999999999822 ) ) ;
#1312 = VERTEX_POINT ( 'NONE', #876 ) ;
#1313 = DIRECTION ( 'NONE',  ( 0.000000000000000000, -0.000000000000000000, -1.000000000000000000 ) ) ;
#1314 = DIRECTION ( 'NONE',  ( -0.000000000000000000, -0.000000000000000000, -1.000000000000000000 ) ) ;
#1315 = FACE_OUTER_BOUND ( 'NONE', #1145, .T. ) ;
#1316 = ORIENTED_EDGE ( 'NONE', *, *, #287, .T. ) ;
#1317 = PERSON_AND_ORGANIZATION ( #1613, #1268 ) ;
#1318 = EDGE_CURVE ( 'NONE', #1880, #1698, #1522, .T. ) ;
#1319 = DIRECTION ( 'NONE',  ( -1.000000000000000000, -0.000000000000000000, -0.000000000000000000 ) ) ;
#1320 = DIRECTION ( 'NONE',  ( -1.000000000000000000, 0.000000000000000000, 0.000000000000000000 ) ) ;
#1321 = VECTOR ( 'NONE', #1314, 1000.000000000000000 ) ;
#1322 = VECTOR ( 'NONE', #1440, 1000.000000000000000 ) ;
#1323 = CARTESIAN_POINT ( 'NONE',  ( -7.790000000000000036, -9.000000000000001776, 10.00000000000000000 ) ) ;
#1324 = VECTOR ( 'NONE', #944, 1000.000000000000000 ) ;
#1325 = CARTESIAN_POINT ( 'NONE',  ( -13.00000000000000178, 0.000000000000000000, 10.00000000000000000 ) ) ;
#1326 = VERTEX_POINT ( 'NONE', #2 ) ;
#1327 = VECTOR ( 'NONE', #172, 1000.000000000000000 ) ;
#1328 = DIRECTION ( 'NONE',  ( 0.000000000000000000, -0.000000000000000000, 1.000000000000000000 ) ) ;
#1329 = EDGE_CURVE ( 'NONE', #1061, #1095, #610, .T. ) ;
#1330 = DIRECTION ( 'NONE',  ( -0.000000000000000000, -0.000000000000000000, 1.000000000000000000 ) ) ;
#1331 = VECTOR ( 'NONE', #1491, 1000.000000000000000 ) ;
#1332 = CIRCLE ( 'NONE', #195, 9.899999999999998579 ) ;
#1333 = CIRCLE ( 'NONE', #736, 9.899999999999998579 ) ;
#1334 = ORIENTED_EDGE ( 'NONE', *, *, #408, .T. ) ;
#1335 = DIRECTION ( 'NONE',  ( 0.000000000000000000, -0.000000000000000000, 1.000000000000000000 ) ) ;
#1336 = DIRECTION ( 'NONE',  ( 0.000000000000000000, 0.000000000000000000, 1.000000000000000000 ) ) ;
#1337 = ORIENTED_EDGE ( 'NONE', *, *, #1924, .F. ) ;
#1338 = LINE ( 'NONE', #18, #1327 ) ;
#1339 = LINE ( 'NONE', #1757, #132 ) ;
#1340 = DIRECTION ( 'NONE',  ( -1.000000000000000000, 0.000000000000000000, 0.000000000000000000 ) ) ;
#1341 = EDGE_CURVE ( 'NONE', #991, #99, #169, .T. ) ;
#1342 = ORIENTED_EDGE ( 'NONE', *, *, #371, .F. ) ;
#1343 = DIRECTION ( 'NONE',  ( 0.000000000000000000, 0.000000000000000000, 1.000000000000000000 ) ) ;
#1344 = EDGE_CURVE ( 'NONE', #167, #991, #765, .T. ) ;
#1345 = FACE_OUTER_BOUND ( 'NONE', #455, .T. ) ;
#1346 = ORIENTED_EDGE ( 'NONE', *, *, #881, .F. ) ;
#1347 = DIRECTION ( 'NONE',  ( -1.000000000000000000, 0.000000000000000000, 0.000000000000000000 ) ) ;
#1348 = ORIENTED_EDGE ( 'NONE', *, *, #805, .T. ) ;
#1349 = CARTESIAN_POINT ( 'NONE',  ( -13.00000000000000178, 9.500000000000000000, 14.00000000000000000 ) ) ;
#1350 = CARTESIAN_POINT ( 'NONE',  ( -8.063472741828595858, 8.581415887214108196, 10.00000000000000000 ) ) ;
#1351 = ORIENTED_EDGE ( 'NONE', *, *, #1636, .F. ) ;
#1352 = DIRECTION ( 'NONE',  ( -1.000000000000000000, -0.000000000000000000, -0.000000000000000000 ) ) ;
#1353 = DIRECTION ( 'NONE',  ( -1.000000000000000000, 0.000000000000000000, 0.000000000000000000 ) ) ;
#1354 = ORIENTED_EDGE ( 'NONE', *, *, #1837, .T. ) ;
#1355 = AXIS2_PLACEMENT_3D ( 'NONE', #1272, #1854, #948 ) ;
#1356 = DIRECTION ( 'NONE',  ( -0.000000000000000000, -0.000000000000000000, -1.000000000000000000 ) ) ;
#1357 = VECTOR ( 'NONE', #1356, 1000.000000000000000 ) ;
#1358 = ORIENTED_EDGE ( 'NONE', *, *, #1230, .T. ) ;
#1359 = VECTOR ( 'NONE', #962, 1000.000000000000000 ) ;
#1360 = PLANE ( 'NONE',  #1047 ) ;
#1361 = LINE ( 'NONE', #1647, #1450 ) ;
#1362 = VERTEX_POINT ( 'NONE', #1375 ) ;
#1363 = AXIS2_PLACEMENT_3D ( 'NONE', #864, #1465, #1023 ) ;
#1364 = FACE_OUTER_BOUND ( 'NONE', #1045, .T. ) ;
#1365 = CARTESIAN_POINT ( 'NONE',  ( -13.00000000000000178, 9.500000000000000000, 11.90000000000000036 ) ) ;
#1366 = ORIENTED_EDGE ( 'NONE', *, *, #1921, .F. ) ;
#1367 = EDGE_CURVE ( 'NONE', #1635, #899, #620, .T. ) ;
#1368 = PLANE ( 'NONE',  #313 ) ;
#1369 = ORIENTED_EDGE ( 'NONE', *, *, #243, .T. ) ;
#1370 = ADVANCED_FACE ( 'NONE', ( #1048, #1479 ), #1660, .F. ) ;
#1371 = DIRECTION ( 'NONE',  ( 0.000000000000000000, 0.000000000000000000, 1.000000000000000000 ) ) ;
#1372 = CARTESIAN_POINT ( 'NONE',  ( -13.00000000000000178, -8.673617379884041389E-16, -11.70000000000000107 ) ) ;
#1373 = ORIENTED_EDGE ( 'NONE', *, *, #554, .T. ) ;
#1374 = LINE ( 'NONE', #1198, #1387 ) ;
#1375 = CARTESIAN_POINT ( 'NONE',  ( -13.00000000000000178, -9.500000000000000000, 14.00000000000000000 ) ) ;
#1376 = VERTEX_POINT ( 'NONE', #1620 ) ;
#1377 = DIRECTION ( 'NONE',  ( 1.000000000000000000, 0.000000000000000000, 0.000000000000000000 ) ) ;
#1378 = ORIENTED_EDGE ( 'NONE', *, *, #1711, .F. ) ;
#1379 = DIRECTION ( 'NONE',  ( 1.000000000000000000, 0.000000000000000000, 0.000000000000000000 ) ) ;
#1380 = CARTESIAN_POINT ( 'NONE',  ( 5.500000000000009770, -5.021567956774978492E-15, 0.000000000000000000 ) ) ;
#1381 = EDGE_CURVE ( 'NONE', #1404, #1709, #228, .T. ) ;
#1382 = ORIENTED_EDGE ( 'NONE', *, *, #554, .F. ) ;
#1383 = DIRECTION ( 'NONE',  ( -1.000000000000000000, 0.000000000000000000, 0.000000000000000000 ) ) ;
#1384 = ORIENTED_EDGE ( 'NONE', *, *, #1042, .T. ) ;
#1385 = CARTESIAN_POINT ( 'NONE',  ( 13.00000000000000533, 9.500000000000000000, -13.99999999999999822 ) ) ;
#1386 = ORIENTED_EDGE ( 'NONE', *, *, #601, .F. ) ;
#1387 = VECTOR ( 'NONE', #422, 1000.000000000000000 ) ;
#1388 = DIRECTION ( 'NONE',  ( 0.000000000000000000, -0.000000000000000000, 1.000000000000000000 ) ) ;
#1389 = CARTESIAN_POINT ( 'NONE',  ( 13.00000000000000178, 8.673617379884041389E-16, -11.89999999999999858 ) ) ;
#1390 = AXIS2_PLACEMENT_3D ( 'NONE', #1688, #951, #1553 ) ;
#1391 = ORIENTED_EDGE ( 'NONE', *, *, #1329, .T. ) ;
#1392 = CARTESIAN_POINT ( 'NONE',  ( -13.00000000000000178, 0.000000000000000000, 14.00000000000000000 ) ) ;
#1393 = EDGE_CURVE ( 'NONE', #14, #1178, #1185, .T. ) ;
#1394 = CARTESIAN_POINT ( 'NONE',  ( 7.790000000000000036, 9.500000000000000000, 14.00000000000000000 ) ) ;
#1395 = CIRCLE ( 'NONE', #1901, 3.499999999999999556 ) ;
#1396 = VECTOR ( 'NONE', #1624, 1000.000000000000000 ) ;
#1397 = FACE_OUTER_BOUND ( 'NONE', #1303, .T. ) ;
#1398 = ORIENTED_EDGE ( 'NONE', *, *, #1747, .F. ) ;
#1399 = PERSON_AND_ORGANIZATION_ROLE ( 'design_owner' ) ;
#1400 = LINE ( 'NONE', #211, #1072 ) ;
#1401 = ORIENTED_EDGE ( 'NONE', *, *, #1018, .T. ) ;
#1402 = CARTESIAN_POINT ( 'NONE',  ( -17.00000000000000000, 4.898587196589413815E-16, -20.00000000000001066 ) ) ;
#1403 = EDGE_CURVE ( 'NONE', #524, #874, #423, .T. ) ;
#1404 = VERTEX_POINT ( 'NONE', #1058 ) ;
#1405 = EDGE_CURVE ( 'NONE', #976, #395, #734, .T. ) ;
#1406 = DIRECTION ( 'NONE',  ( 0.000000000000000000, 0.000000000000000000, -1.000000000000000000 ) ) ;
#1407 = EDGE_LOOP ( 'NONE', ( #33, #1386, #261, #1351 ) ) ;
#1408 = APPROVAL_ROLE ( '' ) ;
#1409 = DIRECTION ( 'NONE',  ( 9.130123557772670060E-16, 1.000000000000000000, 0.000000000000000000 ) ) ;
#1410 = LINE ( 'NONE', #830, #1832 ) ;
#1411 = ORIENTED_EDGE ( 'NONE', *, *, #371, .T. ) ;
#1412 = CARTESIAN_POINT ( 'NONE',  ( 3.499999999999999556, 0.000000000000000000, -10.00000000000000000 ) ) ;
#1413 = ORIENTED_EDGE ( 'NONE', *, *, #755, .T. ) ;
#1414 = DIRECTION ( 'NONE',  ( 0.000000000000000000, 0.000000000000000000, 1.000000000000000000 ) ) ;
#1415 = EDGE_CURVE ( 'NONE', #1183, #173, #887, .T. ) ;
#1416 = ORIENTED_EDGE ( 'NONE', *, *, #553, .F. ) ;
#1417 = VECTOR ( 'NONE', #1150, 1000.000000000000000 ) ;
#1418 = VECTOR ( 'NONE', #783, 1000.000000000000000 ) ;
#1419 = COORDINATED_UNIVERSAL_TIME_OFFSET ( 3, 0, .BEHIND. ) ;
#1420 = VECTOR ( 'NONE', #1340, 1000.000000000000000 ) ;
#1421 = CARTESIAN_POINT ( 'NONE',  ( 8.063472741828594081, -8.581415887214104643, 14.00000000000000000 ) ) ;
#1422 = VERTEX_POINT ( 'NONE', #1813 ) ;
#1423 = CYLINDRICAL_SURFACE ( 'NONE', #1724, 9.899999999999998579 ) ;
#1424 = DIRECTION ( 'NONE',  ( -0.000000000000000000, -0.000000000000000000, -1.000000000000000000 ) ) ;
#1425 = DIRECTION ( 'NONE',  ( -1.000000000000000000, 0.000000000000000000, 0.000000000000000000 ) ) ;
#1426 = ORIENTED_EDGE ( 'NONE', *, *, #1482, .F. ) ;
#1427 = CIRCLE ( 'NONE', #1488, 4.000000000000000000 ) ;
#1428 = EDGE_CURVE ( 'NONE', #1170, #522, #1395, .T. ) ;
#1429 = DATE_AND_TIME ( #223, #1552 ) ;
#1430 = EDGE_CURVE ( 'NONE', #1709, #511, #989, .T. ) ;
#1431 = DIRECTION ( 'NONE',  ( -0.000000000000000000, -0.000000000000000000, -1.000000000000000000 ) ) ;
#1432 = EDGE_LOOP ( 'NONE', ( #1494, #1342 ) ) ;
#1433 = DIRECTION ( 'NONE',  ( -1.000000000000000000, 0.000000000000000000, 0.000000000000000000 ) ) ;
#1434 = LINE ( 'NONE', #1937, #1822 ) ;
#1435 = FACE_OUTER_BOUND ( 'NONE', #194, .T. ) ;
#1436 = ORIENTED_EDGE ( 'NONE', *, *, #1101, .F. ) ;
#1437 = FACE_BOUND ( 'NONE', #1252, .T. ) ;
#1438 = EDGE_CURVE ( 'NONE', #412, #67, #281, .T. ) ;
#1439 = ORIENTED_EDGE ( 'NONE', *, *, #1819, .T. ) ;
#1440 = DIRECTION ( 'NONE',  ( -0.000000000000000000, -0.000000000000000000, 1.000000000000000000 ) ) ;
#1441 = FACE_OUTER_BOUND ( 'NONE', #1681, .T. ) ;
#1442 = DIRECTION ( 'NONE',  ( -0.000000000000000000, 0.000000000000000000, -1.000000000000000000 ) ) ;
#1443 = VERTEX_POINT ( 'NONE', #744 ) ;
#1444 = CLOSED_SHELL ( 'NONE', ( #1525, #1253, #544, #256, #566, #1294, #691, #1309, #351, #1932, #404, #1179, #1290, #1544, #1146, #1449, #627, #58, #644, #1216, #363, #135, #1006, #1370, #708, #869, #1621, #1935, #693, #1594, #1758, #1281, #1679, #517, #1078, #681, #1204, #1028, #393, #312, #1782, #893, #232, #91, #1509, #144, #219, #507, #1081, #987, #1746, #207, #1064, #932, #297, #935, #1176 ) ) ;
#1445 = DIRECTION ( 'NONE',  ( 1.000000000000000000, 0.000000000000000000, 0.000000000000000000 ) ) ;
#1446 = EDGE_LOOP ( 'NONE', ( #48, #44 ) ) ;
#1447 = LINE ( 'NONE', #993, #500 ) ;
#1448 = CIRCLE ( 'NONE', #122, 3.499999999999999556 ) ;
#1449 = ADVANCED_FACE ( 'NONE', ( #898 ), #1500, .T. ) ;
#1450 = VECTOR ( 'NONE', #445, 1000.000000000000000 ) ;
#1451 = ORIENTED_EDGE ( 'NONE', *, *, #160, .F. ) ;
#1452 = CARTESIAN_POINT ( 'NONE',  ( 7.790000000000000036, 9.000000000000001776, 14.00000000000000000 ) ) ;
#1453 = AXIS2_PLACEMENT_3D ( 'NONE', #514, #1251, #1713 ) ;
#1454 = EDGE_CURVE ( 'NONE', #710, #306, #1833, .T. ) ;
#1455 = DIRECTION ( 'NONE',  ( -1.000000000000000000, 0.000000000000000000, 0.000000000000000000 ) ) ;
#1456 = ORIENTED_EDGE ( 'NONE', *, *, #1695, .F. ) ;
#1457 = CIRCLE ( 'NONE', #540, 9.899999999999998579 ) ;
#1458 = CC_DESIGN_APPROVAL ( #3, ( #954 ) ) ;
#1459 = CARTESIAN_POINT ( 'NONE',  ( -13.00000000000000178, 0.000000000000000000, -11.70000000000000107 ) ) ;
#1460 = ORIENTED_EDGE ( 'NONE', *, *, #1819, .F. ) ;
#1461 = DIRECTION ( 'NONE',  ( 0.000000000000000000, 0.000000000000000000, 1.000000000000000000 ) ) ;
#1462 = DIRECTION ( 'NONE',  ( 0.000000000000000000, 0.000000000000000000, -1.000000000000000000 ) ) ;
#1463 = DIRECTION ( 'NONE',  ( -0.000000000000000000, -0.000000000000000000, -1.000000000000000000 ) ) ;
#1464 = ORIENTED_EDGE ( 'NONE', *, *, #1633, .F. ) ;
#1465 = DIRECTION ( 'NONE',  ( -1.000000000000000000, 0.000000000000000000, 0.000000000000000000 ) ) ;
#1466 = CARTESIAN_POINT ( 'NONE',  ( -8.063472741828597634, -8.581415887214108196, -10.00000000000000000 ) ) ;
#1467 = VERTEX_POINT ( 'NONE', #1591 ) ;
#1468 = DIRECTION ( 'NONE',  ( 1.000000000000000000, 0.000000000000000000, 0.000000000000000000 ) ) ;
#1469 = LINE ( 'NONE', #570, #1264 ) ;
#1470 = ORIENTED_EDGE ( 'NONE', *, *, #923, .F. ) ;
#1471 = EDGE_CURVE ( 'NONE', #1880, #1422, #637, .T. ) ;
#1472 = EDGE_CURVE ( 'NONE', #107, #216, #1866, .T. ) ;
#1473 = CARTESIAN_POINT ( 'NONE',  ( -7.790000000000000036, -9.000000000000001776, 10.00000000000000000 ) ) ;
#1474 = CARTESIAN_POINT ( 'NONE',  ( 3.500000000000000000, 8.250000000000000000, -10.00000000000000000 ) ) ;
#1475 = ORIENTED_EDGE ( 'NONE', *, *, #492, .T. ) ;
#1476 = CIRCLE ( 'NONE', #401, 0.5000000000000004441 ) ;
#1477 = DIRECTION ( 'NONE',  ( 0.000000000000000000, 0.000000000000000000, -1.000000000000000000 ) ) ;
#1478 = AXIS2_PLACEMENT_3D ( 'NONE', #1389, #1246, #494 ) ;
#1479 = FACE_OUTER_BOUND ( 'NONE', #967, .T. ) ;
#1480 = ORIENTED_EDGE ( 'NONE', *, *, #489, .T. ) ;
#1481 = CIRCLE ( 'NONE', #882, 9.899999999999996803 ) ;
#1482 = EDGE_CURVE ( 'NONE', #515, #148, #377, .T. ) ;
#1483 = AXIS2_PLACEMENT_3D ( 'NONE', #811, #387, #680 ) ;
#1484 = DIRECTION ( 'NONE',  ( -1.000000000000000000, 0.000000000000000000, 0.000000000000000000 ) ) ;
#1485 = DIRECTION ( 'NONE',  ( -0.000000000000000000, -0.000000000000000000, -1.000000000000000000 ) ) ;
#1486 = AXIS2_PLACEMENT_3D ( 'NONE', #1650, #674, #844 ) ;
#1487 = EDGE_CURVE ( 'NONE', #364, #1326, #1136, .T. ) ;
#1488 = AXIS2_PLACEMENT_3D ( 'NONE', #787, #307, #444 ) ;
#1489 = EDGE_LOOP ( 'NONE', ( #838, #1565, #1451, #1416 ) ) ;
#1490 = CARTESIAN_POINT ( 'NONE',  ( -8.063472741828594081, -8.581415887214106419, 10.00000000000000000 ) ) ;
#1491 = DIRECTION ( 'NONE',  ( 0.000000000000000000, 0.000000000000000000, -1.000000000000000000 ) ) ;
#1492 = ORIENTED_EDGE ( 'NONE', *, *, #1497, .T. ) ;
#1493 = CARTESIAN_POINT ( 'NONE',  ( 13.00000000000000178, 0.000000000000000000, -13.99999999999999822 ) ) ;
#1494 = ORIENTED_EDGE ( 'NONE', *, *, #1415, .F. ) ;
#1495 = CARTESIAN_POINT ( 'NONE',  ( -22.50000000000000000, 0.000000000000000000, 11.70000000000000284 ) ) ;
#1496 = DIRECTION ( 'NONE',  ( -0.000000000000000000, -0.000000000000000000, -1.000000000000000000 ) ) ;
#1497 = EDGE_CURVE ( 'NONE', #361, #1125, #1410, .T. ) ;
#1498 = ORIENTED_EDGE ( 'NONE', *, *, #1823, .T. ) ;
#1499 = CARTESIAN_POINT ( 'NONE',  ( -4.499999999999839240, -8.600000000000159517, 0.000000000000000000 ) ) ;
#1500 = CYLINDRICAL_SURFACE ( 'NONE', #380, 15.24999999999895017 ) ;
#1501 = ORIENTED_EDGE ( 'NONE', *, *, #1167, .T. ) ;
#1502 = DIRECTION ( 'NONE',  ( 0.000000000000000000, 0.000000000000000000, -1.000000000000000000 ) ) ;
#1503 = EDGE_LOOP ( 'NONE', ( #660, #1911, #345, #1689 ) ) ;
#1504 = CARTESIAN_POINT ( 'NONE',  ( -8.290000000000002700, 9.000000000000001776, 10.00000000000000000 ) ) ;
#1505 = CARTESIAN_POINT ( 'NONE',  ( 13.00000000000000178, 0.000000000000000000, -10.00000000000000000 ) ) ;
#1506 = ORIENTED_EDGE ( 'NONE', *, *, #1633, .T. ) ;
#1507 = DIRECTION ( 'NONE',  ( -1.000000000000000000, 0.000000000000000000, 0.000000000000000000 ) ) ;
#1508 = CIRCLE ( 'NONE', #848, 0.5000000000000029976 ) ;
#1509 = ADVANCED_FACE ( 'NONE', ( #958 ), #819, .F. ) ;
#1510 = AXIS2_PLACEMENT_3D ( 'NONE', #137, #322, #585 ) ;
#1511 = CARTESIAN_POINT ( 'NONE',  ( -5.500000000000000000, -7.599999999999999645, -10.00000000000000000 ) ) ;
#1512 = ORIENTED_EDGE ( 'NONE', *, *, #483, .T. ) ;
#1513 = EDGE_CURVE ( 'NONE', #496, #1404, #72, .T. ) ;
#1514 = AXIS2_PLACEMENT_3D ( 'NONE', #1942, #1786, #289 ) ;
#1515 = FACE_OUTER_BOUND ( 'NONE', #820, .T. ) ;
#1516 = VERTEX_POINT ( 'NONE', #998 ) ;
#1517 = LINE ( 'NONE', #1225, #1798 ) ;
#1518 = CYLINDRICAL_SURFACE ( 'NONE', #68, 9.899999999999996803 ) ;
#1519 = ORIENTED_EDGE ( 'NONE', *, *, #1186, .T. ) ;
#1520 = LOCAL_TIME ( 10, 10, 2.000000000000000000, #59 ) ;
#1521 = CARTESIAN_POINT ( 'NONE',  ( -13.00000000000000178, 8.250000000000000000, 10.00000000000000000 ) ) ;
#1522 = LINE ( 'NONE', #1511, #224 ) ;
#1523 = VERTEX_POINT ( 'NONE', #1727 ) ;
#1524 = CARTESIAN_POINT ( 'NONE',  ( 4.499999999999841904, -8.600000000000159517, 10.00000000000000000 ) ) ;
#1525 = ADVANCED_FACE ( 'NONE', ( #242 ), #98, .F. ) ;
#1526 = ORIENTED_EDGE ( 'NONE', *, *, #724, .F. ) ;
#1527 = DIRECTION ( 'NONE',  ( 0.000000000000000000, -0.000000000000000000, 1.000000000000000000 ) ) ;
#1528 = CARTESIAN_POINT ( 'NONE',  ( 7.790000000000000036, -9.500000000000005329, 14.00000000000000000 ) ) ;
#1529 = ORIENTED_EDGE ( 'NONE', *, *, #80, .T. ) ;
#1530 = DIRECTION ( 'NONE',  ( 1.000000000000000000, 0.000000000000000000, 0.000000000000000000 ) ) ;
#1531 = VERTEX_POINT ( 'NONE', #688 ) ;
#1532 = DIRECTION ( 'NONE',  ( 1.000000000000000000, -9.130123557772670060E-16, -0.000000000000000000 ) ) ;
#1533 = CARTESIAN_POINT ( 'NONE',  ( -5.500000000000000000, -9.500000000000000000, -10.00000000000000000 ) ) ;
#1534 = DIRECTION ( 'NONE',  ( -0.000000000000000000, 0.000000000000000000, -1.000000000000000000 ) ) ;
#1535 = EDGE_CURVE ( 'NONE', #1125, #1914, #509, .T. ) ;
#1536 = ORIENTED_EDGE ( 'NONE', *, *, #1277, .T. ) ;
#1537 = LINE ( 'NONE', #1402, #217 ) ;
#1538 = DIRECTION ( 'NONE',  ( 0.000000000000000000, 1.000000000000000000, 0.000000000000000000 ) ) ;
#1539 = CYLINDRICAL_SURFACE ( 'NONE', #434, 4.000000000000000000 ) ;
#1540 = ORIENTED_EDGE ( 'NONE', *, *, #397, .F. ) ;
#1541 = VECTOR ( 'NONE', #1477, 1000.000000000000000 ) ;
#1542 = AXIS2_PLACEMENT_3D ( 'NONE', #1524, #295, #1672 ) ;
#1543 = DIRECTION ( 'NONE',  ( -0.000000000000000000, -0.000000000000000000, -1.000000000000000000 ) ) ;
#1544 = ADVANCED_FACE ( 'NONE', ( #699 ), #1270, .T. ) ;
#1545 = LINE ( 'NONE', #1528, #97 ) ;
#1546 = AXIS2_PLACEMENT_3D ( 'NONE', #1596, #1929, #1887 ) ;
#1547 = VERTEX_POINT ( 'NONE', #1140 ) ;
#1548 = CARTESIAN_POINT ( 'NONE',  ( 8.063472741828594081, -8.581415887214104643, 14.00000000000000000 ) ) ;
#1549 = VECTOR ( 'NONE', #536, 1000.000000000000000 ) ;
#1550 = CIRCLE ( 'NONE', #733, 0.5000000000000022204 ) ;
#1551 = VERTEX_POINT ( 'NONE', #1102 ) ;
#1552 = LOCAL_TIME ( 10, 10, 2.000000000000000000, #1419 ) ;
#1553 = DIRECTION ( 'NONE',  ( 0.000000000000000000, -0.000000000000000000, -1.000000000000000000 ) ) ;
#1554 = ORIENTED_EDGE ( 'NONE', *, *, #521, .F. ) ;
#1555 = DIRECTION ( 'NONE',  ( -0.000000000000000000, -0.000000000000000000, -1.000000000000000000 ) ) ;
#1556 = FACE_OUTER_BOUND ( 'NONE', #52, .T. ) ;
#1557 = ORIENTED_EDGE ( 'NONE', *, *, #788, .F. ) ;
#1558 = DIRECTION ( 'NONE',  ( -0.000000000000000000, -0.000000000000000000, 1.000000000000000000 ) ) ;
#1559 = EDGE_CURVE ( 'NONE', #669, #999, #729, .T. ) ;
#1560 = ORIENTED_EDGE ( 'NONE', *, *, #408, .F. ) ;
#1561 = DIRECTION ( 'NONE',  ( 1.000000000000000000, 0.000000000000000000, 0.000000000000000000 ) ) ;
#1562 = ORIENTED_EDGE ( 'NONE', *, *, #1559, .F. ) ;
#1563 = CARTESIAN_POINT ( 'NONE',  ( -3.100000000000003642, -8.673617379884041389E-16, -11.70000000000000107 ) ) ;
#1564 = DIRECTION ( 'NONE',  ( -0.000000000000000000, -0.000000000000000000, -1.000000000000000000 ) ) ;
#1565 = ORIENTED_EDGE ( 'NONE', *, *, #1849, .T. ) ;
#1566 = LINE ( 'NONE', #1412, #1889 ) ;
#1567 = ORIENTED_EDGE ( 'NONE', *, *, #728, .T. ) ;
#1568 = EDGE_CURVE ( 'NONE', #388, #1523, #1693, .T. ) ;
#1569 = CARTESIAN_POINT ( 'NONE',  ( -3.500000000000000000, -1.734723475976807094E-15, 0.000000000000000000 ) ) ;
#1570 = ORIENTED_EDGE ( 'NONE', *, *, #258, .T. ) ;
#1571 = AXIS2_PLACEMENT_3D ( 'NONE', #692, #1751, #398 ) ;
#1572 = DATE_AND_TIME ( #1255, #1520 ) ;
#1573 = AXIS2_PLACEMENT_3D ( 'NONE', #1694, #1534, #336 ) ;
#1574 = CARTESIAN_POINT ( 'NONE',  ( -13.00000000000000355, -9.500000000000000000, -11.70000000000000107 ) ) ;
#1575 = ORIENTED_EDGE ( 'NONE', *, *, #715, .T. ) ;
#1576 = VECTOR ( 'NONE', #1169, 1000.000000000000000 ) ;
#1577 = DIRECTION ( 'NONE',  ( -0.000000000000000000, -0.000000000000000000, -1.000000000000000000 ) ) ;
#1578 = CARTESIAN_POINT ( 'NONE',  ( 16.50000000000000000, 4.286263797015736102E-16, -14.00000000000000000 ) ) ;
#1579 = CARTESIAN_POINT ( 'NONE',  ( 3.100000000000001865, 8.673617379884041389E-16, 11.90000000000000036 ) ) ;
#1580 = VECTOR ( 'NONE', #1852, 1000.000000000000000 ) ;
#1581 = ORIENTED_EDGE ( 'NONE', *, *, #268, .F. ) ;
#1582 = AXIS2_PLACEMENT_3D ( 'NONE', #615, #1371, #1682 ) ;
#1583 = APPROVAL_STATUS ( 'not_yet_approved' ) ;
#1584 = CARTESIAN_POINT ( 'NONE',  ( 3.100000000000001865, 8.673617379884041389E-16, -11.89999999999999858 ) ) ;
#1585 = ORIENTED_EDGE ( 'NONE', *, *, #1860, .T. ) ;
#1586 = CARTESIAN_POINT ( 'NONE',  ( 7.790000000000000036, 9.500000000000000000, 11.90000000000000036 ) ) ;
#1587 = CARTESIAN_POINT ( 'NONE',  ( 7.790000000000000036, -9.000000000000001776, 14.00000000000000000 ) ) ;
#1588 = DIRECTION ( 'NONE',  ( 0.000000000000000000, -0.000000000000000000, -1.000000000000000000 ) ) ;
#1589 = VERTEX_POINT ( 'NONE', #1278 ) ;
#1590 = DIRECTION ( 'NONE',  ( -0.000000000000000000, -0.000000000000000000, -1.000000000000000000 ) ) ;
#1591 = CARTESIAN_POINT ( 'NONE',  ( 5.500000000000002665, -8.600000000000161293, -10.00000000000000000 ) ) ;
#1592 = ORIENTED_EDGE ( 'NONE', *, *, #847, .T. ) ;
#1593 = LINE ( 'NONE', #683, #1322 ) ;
#1594 = ADVANCED_FACE ( 'NONE', ( #1437, #1556 ), #61, .F. ) ;
#1595 = DIRECTION ( 'NONE',  ( 1.000000000000000000, 0.000000000000000000, 0.000000000000000000 ) ) ;
#1596 = CARTESIAN_POINT ( 'NONE',  ( 0.000000000000000000, 21.64999999999895053, -10.00000000000000000 ) ) ;
#1597 = ORIENTED_EDGE ( 'NONE', *, *, #171, .F. ) ;
#1598 = DATE_AND_TIME ( #413, #1199 ) ;
#1599 = AXIS2_PLACEMENT_3D ( 'NONE', #970, #1424, #76 ) ;
#1600 = CARTESIAN_POINT ( 'NONE',  ( 7.790000000000000036, 9.000000000000001776, 11.90000000000000036 ) ) ;
#1601 = ORIENTED_EDGE ( 'NONE', *, *, #69, .T. ) ;
#1602 = LINE ( 'NONE', #701, #914 ) ;
#1603 = AXIS2_PLACEMENT_3D ( 'NONE', #774, #619, #1077 ) ;
#1604 = EDGE_CURVE ( 'NONE', #1120, #1095, #1607, .T. ) ;
#1605 = VECTOR ( 'NONE', #884, 1000.000000000000000 ) ;
#1606 = CARTESIAN_POINT ( 'NONE',  ( -3.499999999999999556, 0.000000000000000000, -10.00000000000000000 ) ) ;
#1607 = CIRCLE ( 'NONE', #158, 9.899999999999996803 ) ;
#1608 = AXIS2_PLACEMENT_3D ( 'NONE', #283, #27, #890 ) ;
#1609 = CARTESIAN_POINT ( 'NONE',  ( 3.499999999999999556, 7.750000000000000000, 10.00000000000000000 ) ) ;
#1610 = VERTEX_POINT ( 'NONE', #367 ) ;
#1611 = DIRECTION ( 'NONE',  ( 0.000000000000000000, -0.000000000000000000, 1.000000000000000000 ) ) ;
#1612 = CARTESIAN_POINT ( 'NONE',  ( -13.00000000000000178, 8.250000000000000000, -10.00000000000000000 ) ) ;
#1613 = PERSON ( 'UNSPECIFIED', 'UNSPECIFIED', 'UNSPECIFIED', ('UNSPECIFIED'), ('UNSPECIFIED'), ('UNSPECIFIED') ) ;
#1614 = DIRECTION ( 'NONE',  ( 0.000000000000000000, 1.000000000000000000, 0.000000000000000000 ) ) ;
#1615 = LINE ( 'NONE', #1306, #1132 ) ;
#1616 = ORIENTED_EDGE ( 'NONE', *, *, #521, .T. ) ;
#1617 = CARTESIAN_POINT ( 'NONE',  ( -5.500000000000000000, 0.000000000000000000, 0.000000000000000000 ) ) ;
#1618 = LINE ( 'NONE', #379, #1191 ) ;
#1619 = FACE_OUTER_BOUND ( 'NONE', #730, .T. ) ;
#1620 = CARTESIAN_POINT ( 'NONE',  ( 7.790000000000000036, -9.500000000000000000, 11.90000000000000036 ) ) ;
#1621 = ADVANCED_FACE ( 'NONE', ( #1882 ), #525, .T. ) ;
#1622 = VERTEX_POINT ( 'NONE', #288 ) ;
#1623 = EDGE_CURVE ( 'NONE', #274, #621, #1263, .T. ) ;
#1624 = DIRECTION ( 'NONE',  ( -1.000000000000000000, -0.000000000000000000, -0.000000000000000000 ) ) ;
#1625 = CARTESIAN_POINT ( 'NONE',  ( 12.99999999999999645, -9.500000000000000000, 10.00000000000000000 ) ) ;
#1626 = ORIENTED_EDGE ( 'NONE', *, *, #1438, .F. ) ;
#1627 = VECTOR ( 'NONE', #1433, 1000.000000000000000 ) ;
#1628 = FACE_OUTER_BOUND ( 'NONE', #1745, .T. ) ;
#1629 = AXIS2_PLACEMENT_3D ( 'NONE', #1372, #1330, #320 ) ;
#1630 = DIRECTION ( 'NONE',  ( 0.000000000000000000, -0.000000000000000000, 1.000000000000000000 ) ) ;
#1631 = ORIENTED_EDGE ( 'NONE', *, *, #1912, .T. ) ;
#1632 = AXIS2_PLACEMENT_3D ( 'NONE', #501, #356, #807 ) ;
#1633 = EDGE_CURVE ( 'NONE', #1178, #274, #1333, .T. ) ;
#1634 = CARTESIAN_POINT ( 'NONE',  ( 8.063472741828595858, -8.581415887214108196, -13.99999999999999822 ) ) ;
#1635 = VERTEX_POINT ( 'NONE', #1349 ) ;
#1636 = EDGE_CURVE ( 'NONE', #1090, #1792, #641, .T. ) ;
#1637 = DIRECTION ( 'NONE',  ( -0.000000000000000000, -0.000000000000000000, -1.000000000000000000 ) ) ;
#1638 = DIRECTION ( 'NONE',  ( 0.000000000000000000, 0.000000000000000000, 1.000000000000000000 ) ) ;
#1639 = VERTEX_POINT ( 'NONE', #1495 ) ;
#1640 = DIRECTION ( 'NONE',  ( -0.000000000000000000, -0.000000000000000000, -1.000000000000000000 ) ) ;
#1641 = CARTESIAN_POINT ( 'NONE',  ( -13.00000000000000178, 0.000000000000000000, -13.99999999999999822 ) ) ;
#1642 = ORIENTED_EDGE ( 'NONE', *, *, #670, .F. ) ;
#1643 = DIRECTION ( 'NONE',  ( -0.000000000000000000, -0.000000000000000000, -1.000000000000000000 ) ) ;
#1644 = ORIENTED_EDGE ( 'NONE', *, *, #1885, .F. ) ;
#1645 = CARTESIAN_POINT ( 'NONE',  ( 4.499999999999833911, -7.599999999999999645, 10.00000000000000000 ) ) ;
#1646 = EDGE_CURVE ( 'NONE', #608, #596, #252, .T. ) ;
#1647 = CARTESIAN_POINT ( 'NONE',  ( -7.790000000000000036, -9.500000000000000000, 11.70000000000000284 ) ) ;
#1648 = ORIENTED_EDGE ( 'NONE', *, *, #1454, .T. ) ;
#1649 = CARTESIAN_POINT ( 'NONE',  ( 13.00000000000000178, 0.000000000000000000, 11.90000000000000036 ) ) ;
#1650 = CARTESIAN_POINT ( 'NONE',  ( -13.00000000000000178, 0.000000000000000000, 10.00000000000000000 ) ) ;
#1651 = ORIENTED_EDGE ( 'NONE', *, *, #971, .F. ) ;
#1652 = DIRECTION ( 'NONE',  ( -1.000000000000000000, 0.000000000000000000, 0.000000000000000000 ) ) ;
#1653 = ORIENTED_EDGE ( 'NONE', *, *, #1163, .F. ) ;
#1654 = CARTESIAN_POINT ( 'NONE',  ( -9.000000000000001776, 0.000000000000000000, -11.70000000000000107 ) ) ;
#1655 = DIRECTION ( 'NONE',  ( -1.000000000000000000, -0.000000000000000000, -0.000000000000000000 ) ) ;
#1656 = CC_DESIGN_PERSON_AND_ORGANIZATION_ASSIGNMENT ( #210, #818, ( #504 ) ) ;
#1657 = VERTEX_POINT ( 'NONE', #1748 ) ;
#1658 = CARTESIAN_POINT ( 'NONE',  ( -8.290000000000002700, 9.000000000000001776, 11.70000000000000284 ) ) ;
#1659 = EDGE_CURVE ( 'NONE', #984, #650, #1668, .T. ) ;
#1660 = PLANE ( 'NONE',  #1080 ) ;
#1661 = ORIENTED_EDGE ( 'NONE', *, *, #529, .F. ) ;
#1662 = VECTOR ( 'NONE', #607, 1000.000000000000000 ) ;
#1663 = DIRECTION ( 'NONE',  ( -1.000000000000000000, 0.000000000000000000, 0.000000000000000000 ) ) ;
#1664 = VERTEX_POINT ( 'NONE', #1147 ) ;
#1665 = DIRECTION ( 'NONE',  ( -1.000000000000000000, 0.000000000000000000, -0.000000000000000000 ) ) ;
#1666 = CARTESIAN_POINT ( 'NONE',  ( 7.790000000000000036, -9.500000000000005329, 14.00000000000000000 ) ) ;
#1667 = ORIENTED_EDGE ( 'NONE', *, *, #741, .T. ) ;
#1668 = CIRCLE ( 'NONE', #1700, 1.000000000000160538 ) ;
#1669 = CARTESIAN_POINT ( 'NONE',  ( -7.790000000000000036, 9.000000000000001776, 11.70000000000000284 ) ) ;
#1670 = VERTEX_POINT ( 'NONE', #1043 ) ;
#1671 = EDGE_CURVE ( 'NONE', #1192, #778, #414, .T. ) ;
#1672 = DIRECTION ( 'NONE',  ( -1.000000000000000000, 0.000000000000000000, 0.000000000000000000 ) ) ;
#1673 = ORIENTED_EDGE ( 'NONE', *, *, #453, .F. ) ;
#1674 = CARTESIAN_POINT ( 'NONE',  ( 13.00000000000000178, 8.673617379884041389E-16, -11.89999999999999858 ) ) ;
#1675 = LINE ( 'NONE', #1100, #793 ) ;
#1676 = ORIENTED_EDGE ( 'NONE', *, *, #1241, .T. ) ;
#1677 = CARTESIAN_POINT ( 'NONE',  ( 8.063472741828594081, 8.581415887214108196, 14.00000000000000000 ) ) ;
#1678 = EDGE_LOOP ( 'NONE', ( #226, #1107, #438, #1113 ) ) ;
#1679 = ADVANCED_FACE ( 'NONE', ( #276 ), #1785, .F. ) ;
#1680 = DIRECTION ( 'NONE',  ( 0.000000000000000000, 0.000000000000000000, 1.000000000000000000 ) ) ;
#1681 = EDGE_LOOP ( 'NONE', ( #1439, #1426, #315, #1567 ) ) ;
#1682 = DIRECTION ( 'NONE',  ( -1.000000000000000000, 0.000000000000000000, 0.000000000000000000 ) ) ;
#1683 = DIRECTION ( 'NONE',  ( -1.000000000000000000, 0.000000000000000000, 0.000000000000000000 ) ) ;
#1684 = ORIENTED_EDGE ( 'NONE', *, *, #1840, .F. ) ;
#1685 = LINE ( 'NONE', #205, #1627 ) ;
#1686 = ORIENTED_EDGE ( 'NONE', *, *, #1153, .T. ) ;
#1687 = VECTOR ( 'NONE', #1538, 1000.000000000000000 ) ;
#1688 = CARTESIAN_POINT ( 'NONE',  ( -6.273157099897717970, 7.750000000000000000, 10.00000000000000000 ) ) ;
#1689 = ORIENTED_EDGE ( 'NONE', *, *, #788, .T. ) ;
#1690 = VECTOR ( 'NONE', #1352, 1000.000000000000000 ) ;
#1691 = CIRCLE ( 'NONE', #1891, 9.500000000000000000 ) ;
#1692 = APPLICATION_PROTOCOL_DEFINITION ( 'international standard', 'config_control_design', 1994, #1869 ) ;
#1693 = CIRCLE ( 'NONE', #4, 0.5000000000000038858 ) ;
#1694 = CARTESIAN_POINT ( 'NONE',  ( -13.00000000000000178, 0.000000000000000000, 11.90000000000000036 ) ) ;
#1695 = EDGE_CURVE ( 'NONE', #541, #9, #259, .T. ) ;
#1696 = CIRCLE ( 'NONE', #949, 9.499999999999998224 ) ;
#1697 = CARTESIAN_POINT ( 'NONE',  ( 7.790000000000000036, 9.000000000000001776, -11.89999999999999858 ) ) ;
#1698 = VERTEX_POINT ( 'NONE', #133 ) ;
#1699 = FACE_OUTER_BOUND ( 'NONE', #331, .T. ) ;
#1700 = AXIS2_PLACEMENT_3D ( 'NONE', #1922, #1164, #1769 ) ;
#1701 = EDGE_LOOP ( 'NONE', ( #618, #244, #537, #78 ) ) ;
#1702 = CC_DESIGN_SECURITY_CLASSIFICATION ( #954, ( #353 ) ) ;
#1703 = FACE_OUTER_BOUND ( 'NONE', #206, .T. ) ;
#1704 = ORIENTED_EDGE ( 'NONE', *, *, #1472, .T. ) ;
#1705 = APPROVAL_DATE_TIME ( #1572, #1755 ) ;
#1706 = CYLINDRICAL_SURFACE ( 'NONE', #251, 1.000000000000160094 ) ;
#1707 = EDGE_CURVE ( 'NONE', #107, #1273, #1913, .T. ) ;
#1708 = DIRECTION ( 'NONE',  ( 0.000000000000000000, 0.000000000000000000, 1.000000000000000000 ) ) ;
#1709 = VERTEX_POINT ( 'NONE', #748 ) ;
#1710 = FACE_OUTER_BOUND ( 'NONE', #1162, .T. ) ;
#1711 = EDGE_CURVE ( 'NONE', #1095, #1222, #1550, .T. ) ;
#1712 = CYLINDRICAL_SURFACE ( 'NONE', #1599, 9.499999999999998224 ) ;
#1713 = DIRECTION ( 'NONE',  ( 1.000000000000000000, 0.000000000000000000, 0.000000000000000000 ) ) ;
#1714 = ORIENTED_EDGE ( 'NONE', *, *, #1428, .F. ) ;
#1715 = CYLINDRICAL_SURFACE ( 'NONE', #1768, 9.499999999999998224 ) ;
#1716 = DIRECTION ( 'NONE',  ( 1.000000000000000000, 0.000000000000000000, 0.000000000000000000 ) ) ;
#1717 = ORIENTED_EDGE ( 'NONE', *, *, #1214, .T. ) ;
#1718 = CARTESIAN_POINT ( 'NONE',  ( 13.00000000000000178, 0.000000000000000000, 14.00000000000000000 ) ) ;
#1719 = CC_DESIGN_PERSON_AND_ORGANIZATION_ASSIGNMENT ( #880, #96, ( #353 ) ) ;
#1720 = ORIENTED_EDGE ( 'NONE', *, *, #1797, .F. ) ;
#1721 = EDGE_CURVE ( 'NONE', #361, #669, #1339, .T. ) ;
#1722 = CARTESIAN_POINT ( 'NONE',  ( -13.00000000000000178, 9.499999999999998224, -11.70000000000000107 ) ) ;
#1723 = ORIENTED_EDGE ( 'NONE', *, *, #1318, .F. ) ;
#1724 = AXIS2_PLACEMENT_3D ( 'NONE', #196, #1577, #46 ) ;
#1725 = DIRECTION ( 'NONE',  ( 1.000000000000000000, 0.000000000000000000, 0.000000000000000000 ) ) ;
#1726 = AXIS2_PLACEMENT_3D ( 'NONE', #1884, #865, #1320 ) ;
#1727 = CARTESIAN_POINT ( 'NONE',  ( 7.790000000000000036, 9.500000000000005329, -11.89999999999999858 ) ) ;
#1728 = EDGE_LOOP ( 'NONE', ( #1348, #1056, #1238, #1155 ) ) ;
#1729 = AXIS2_PLACEMENT_3D ( 'NONE', #1189, #1795, #442 ) ;
#1730 = CARTESIAN_POINT ( 'NONE',  ( 5.500000000000001776, -9.499999999999992895, -10.00000000000000000 ) ) ;
#1731 = CARTESIAN_POINT ( 'NONE',  ( -7.790000000000000036, 9.000000000000001776, 11.70000000000000284 ) ) ;
#1732 = VECTOR ( 'NONE', #1286, 1000.000000000000000 ) ;
#1733 = FACE_OUTER_BOUND ( 'NONE', #1678, .T. ) ;
#1734 = EDGE_CURVE ( 'NONE', #1953, #479, #318, .T. ) ;
#1735 = VECTOR ( 'NONE', #598, 1000.000000000000000 ) ;
#1736 = EDGE_LOOP ( 'NONE', ( #86, #689, #877, #1927 ) ) ;
#1737 = CIRCLE ( 'NONE', #673, 0.5000000000000004441 ) ;
#1738 = DIRECTION ( 'NONE',  ( 0.000000000000000000, 0.000000000000000000, 1.000000000000000000 ) ) ;
#1739 = CARTESIAN_POINT ( 'NONE',  ( -13.00000000000000178, -8.673617379884041389E-16, -10.00000000000000000 ) ) ;
#1740 = EDGE_LOOP ( 'NONE', ( #461, #1369 ) ) ;
#1741 = DIRECTION ( 'NONE',  ( -1.000000000000000000, 0.000000000000000000, 0.000000000000000000 ) ) ;
#1742 = ORIENTED_EDGE ( 'NONE', *, *, #1101, .T. ) ;
#1743 = CARTESIAN_POINT ( 'NONE',  ( -4.000000000000000000, 7.750000000000000000, 10.00000000000000000 ) ) ;
#1744 = FACE_BOUND ( 'NONE', #560, .T. ) ;
#1745 = EDGE_LOOP ( 'NONE', ( #1378, #766, #792, #1103, #963, #1723, #1753, #696, #611, #1526, #556, #961, #812, #808 ) ) ;
#1746 = ADVANCED_FACE ( 'NONE', ( #582 ), #263, .F. ) ;
#1747 = EDGE_CURVE ( 'NONE', #1312, #1068, #116, .T. ) ;
#1748 = CARTESIAN_POINT ( 'NONE',  ( 13.00000000000000355, -9.500000000000000000, 11.90000000000000036 ) ) ;
#1749 = ORIENTED_EDGE ( 'NONE', *, *, #881, .T. ) ;
#1750 = FACE_OUTER_BOUND ( 'NONE', #584, .T. ) ;
#1751 = DIRECTION ( 'NONE',  ( -0.000000000000000000, 0.000000000000000000, -1.000000000000000000 ) ) ;
#1752 = DIRECTION ( 'NONE',  ( -0.000000000000000000, -0.000000000000000000, 1.000000000000000000 ) ) ;
#1753 = ORIENTED_EDGE ( 'NONE', *, *, #1471, .T. ) ;
#1754 = DATE_TIME_ROLE ( 'classification_date' ) ;
#1755 = APPROVAL ( #687, 'UNSPECIFIED' ) ;
#1756 = CIRCLE ( 'NONE', #790, 9.899999999999998579 ) ;
#1757 = CARTESIAN_POINT ( 'NONE',  ( -13.00000000000000355, -9.500000000000000000, -13.99999999999999822 ) ) ;
#1758 = ADVANCED_FACE ( 'NONE', ( #726 ), #565, .T. ) ;
#1759 = ORIENTED_EDGE ( 'NONE', *, *, #605, .T. ) ;
#1760 = FACE_OUTER_BOUND ( 'NONE', #180, .T. ) ;
#1761 = CIRCLE ( 'NONE', #310, 4.000000000000000000 ) ;
#1762 = VECTOR ( 'NONE', #1219, 1000.000000000000000 ) ;
#1763 = CYLINDRICAL_SURFACE ( 'NONE', #974, 9.500000000000000000 ) ;
#1764 = AXIS2_PLACEMENT_3D ( 'NONE', #1600, #1776, #1484 ) ;
#1765 = CARTESIAN_POINT ( 'NONE',  ( -5.500000000000000000, -9.500000000000000000, 10.00000000000000000 ) ) ;
#1766 = ORIENTED_EDGE ( 'NONE', *, *, #1794, .T. ) ;
#1767 = DATE_AND_TIME ( #1310, #703 ) ;
#1768 = AXIS2_PLACEMENT_3D ( 'NONE', #535, #1285, #1725 ) ;
#1769 = DIRECTION ( 'NONE',  ( -1.000000000000000000, 0.000000000000000000, 0.000000000000000000 ) ) ;
#1770 = DIRECTION ( 'NONE',  ( -1.000000000000000000, 0.000000000000000000, 0.000000000000000000 ) ) ;
#1771 = EDGE_CURVE ( 'NONE', #306, #1622, #508, .T. ) ;
#1772 = CYLINDRICAL_SURFACE ( 'NONE', #722, 3.499999999999999556 ) ;
#1773 = EDGE_CURVE ( 'NONE', #1775, #248, #1073, .T. ) ;
#1774 = CARTESIAN_POINT ( 'NONE',  ( -9.000000000000001776, 0.000000000000000000, 14.00000000000000000 ) ) ;
#1775 = VERTEX_POINT ( 'NONE', #1645 ) ;
#1776 = DIRECTION ( 'NONE',  ( 0.000000000000000000, 0.000000000000000000, 1.000000000000000000 ) ) ;
#1777 = LINE ( 'NONE', #12, #1014 ) ;
#1778 = ORIENTED_EDGE ( 'NONE', *, *, #1885, .T. ) ;
#1779 = FACE_OUTER_BOUND ( 'NONE', #1701, .T. ) ;
#1780 = DIRECTION ( 'NONE',  ( -1.000000000000000000, 0.000000000000000000, 0.000000000000000000 ) ) ;
#1781 = EDGE_LOOP ( 'NONE', ( #421, #889, #429, #1382 ) ) ;
#1782 = ADVANCED_FACE ( 'NONE', ( #1053, #1084 ), #1360, .T. ) ;
#1783 = CARTESIAN_POINT ( 'NONE',  ( 7.790000000000000036, 9.500000000000005329, -11.89999999999999858 ) ) ;
#1784 = PERSON_AND_ORGANIZATION_ROLE ( 'classification_officer' ) ;
#1785 = PLANE ( 'NONE',  #474 ) ;
#1786 = DIRECTION ( 'NONE',  ( 0.000000000000000000, 0.000000000000000000, -1.000000000000000000 ) ) ;
#1787 = EDGE_LOOP ( 'NONE', ( #477, #435 ) ) ;
#1788 = AXIS2_PLACEMENT_3D ( 'NONE', #1499, #886, #15 ) ;
#1789 = FACE_OUTER_BOUND ( 'NONE', #1040, .T. ) ;
#1790 = VECTOR ( 'NONE', #1195, 1000.000000000000000 ) ;
#1791 = CARTESIAN_POINT ( 'NONE',  ( -8.063472741828590529, 8.581415887214104643, -11.70000000000000107 ) ) ;
#1792 = VERTEX_POINT ( 'NONE', #1654 ) ;
#1793 = AXIS2_PLACEMENT_3D ( 'NONE', #1325, #706, #531 ) ;
#1794 = EDGE_CURVE ( 'NONE', #479, #1953, #45, .T. ) ;
#1795 = DIRECTION ( 'NONE',  ( 0.000000000000000000, 0.000000000000000000, 1.000000000000000000 ) ) ;
#1796 = EDGE_LOOP ( 'NONE', ( #1519, #896, #130, #1354 ) ) ;
#1797 = EDGE_CURVE ( 'NONE', #1792, #1090, #381, .T. ) ;
#1798 = VECTOR ( 'NONE', #1830, 1000.000000000000000 ) ;
#1799 = LINE ( 'NONE', #1533, #1197 ) ;
#1800 = CYLINDRICAL_SURFACE ( 'NONE', #595, 9.500000000000000000 ) ;
#1801 = APPROVAL_PERSON_ORGANIZATION ( #988, #1250, #1881 ) ;
#1802 = ORIENTED_EDGE ( 'NONE', *, *, #325, .T. ) ;
#1803 = CARTESIAN_POINT ( 'NONE',  ( -13.00000000000000178, 9.500000000000000000, 14.00000000000000000 ) ) ;
#1804 = DIRECTION ( 'NONE',  ( -0.000000000000000000, -0.000000000000000000, -1.000000000000000000 ) ) ;
#1805 = VERTEX_POINT ( 'NONE', #327 ) ;
#1806 = DIRECTION ( 'NONE',  ( 0.000000000000000000, 0.000000000000000000, 1.000000000000000000 ) ) ;
#1807 = ORIENTED_EDGE ( 'NONE', *, *, #1157, .T. ) ;
#1808 = DIRECTION ( 'NONE',  ( 0.000000000000000000, 0.000000000000000000, -1.000000000000000000 ) ) ;
#1809 = DIRECTION ( 'NONE',  ( 1.000000000000000000, 0.000000000000000000, 0.000000000000000000 ) ) ;
#1810 = EDGE_CURVE ( 'NONE', #1657, #750, #1517, .T. ) ;
#1811 = ORIENTED_EDGE ( 'NONE', *, *, #385, .F. ) ;
#1812 = DIRECTION ( 'NONE',  ( -0.000000000000000000, -0.000000000000000000, -1.000000000000000000 ) ) ;
#1813 = CARTESIAN_POINT ( 'NONE',  ( -4.499999999999842792, -7.599999999999999645, -10.00000000000000000 ) ) ;
#1814 = ORIENTED_EDGE ( 'NONE', *, *, #1430, .F. ) ;
#1815 = LINE ( 'NONE', #316, #1926 ) ;
#1816 = ORIENTED_EDGE ( 'NONE', *, *, #1646, .T. ) ;
#1817 = CARTESIAN_POINT ( 'NONE',  ( -7.790000000000000036, 9.000000000000001776, 10.00000000000000000 ) ) ;
#1818 = DIRECTION ( 'NONE',  ( -0.000000000000000000, -0.000000000000000000, -1.000000000000000000 ) ) ;
#1819 = EDGE_CURVE ( 'NONE', #1376, #148, #105, .T. ) ;
#1820 = ORIENTED_EDGE ( 'NONE', *, *, #258, .F. ) ;
#1821 = DIRECTION ( 'NONE',  ( -0.000000000000000000, -0.000000000000000000, -1.000000000000000000 ) ) ;
#1822 = VECTOR ( 'NONE', #1614, 1000.000000000000000 ) ;
#1823 = EDGE_CURVE ( 'NONE', #1203, #770, #1427, .T. ) ;
#1824 = VECTOR ( 'NONE', #1280, 1000.000000000000000 ) ;
#1825 = ORIENTED_EDGE ( 'NONE', *, *, #529, .T. ) ;
#1826 = VECTOR ( 'NONE', #31, 1000.000000000000000 ) ;
#1827 = DIRECTION ( 'NONE',  ( -0.000000000000000000, -0.000000000000000000, -1.000000000000000000 ) ) ;
#1828 = AXIS2_PLACEMENT_3D ( 'NONE', #77, #523, #1561 ) ;
#1829 = ORIENTED_EDGE ( 'NONE', *, *, #957, .T. ) ;
#1830 = DIRECTION ( 'NONE',  ( -0.000000000000000000, -0.000000000000000000, -1.000000000000000000 ) ) ;
#1831 = CARTESIAN_POINT ( 'NONE',  ( 12.99999999999999645, -9.500000000000000000, -10.00000000000000000 ) ) ;
#1832 = VECTOR ( 'NONE', #212, 1000.000000000000000 ) ;
#1833 = CIRCLE ( 'NONE', #1486, 9.899999999999998579 ) ;
#1834 = ORIENTED_EDGE ( 'NONE', *, *, #1438, .T. ) ;
#1835 = VECTOR ( 'NONE', #927, 1000.000000000000000 ) ;
#1836 = CARTESIAN_POINT ( 'NONE',  ( 8.063472741828595858, 8.581415887214109972, -11.89999999999999858 ) ) ;
#1837 = EDGE_CURVE ( 'NONE', #1284, #99, #1194, .T. ) ;
#1838 = AXIS2_PLACEMENT_3D ( 'NONE', #1459, #1030, #1005 ) ;
#1839 = ORIENTED_EDGE ( 'NONE', *, *, #1875, .T. ) ;
#1840 = EDGE_CURVE ( 'NONE', #1068, #1888, #285, .T. ) ;
#1841 = DIRECTION ( 'NONE',  ( -1.000000000000000000, 0.000000000000000000, 0.000000000000000000 ) ) ;
#1842 = EDGE_LOOP ( 'NONE', ( #1907, #1021, #814, #1684, #1398, #1059, #1651, #89, #357, #1667, #604, #1032, #1267, #519 ) ) ;
#1843 = DIRECTION ( 'NONE',  ( -1.000000000000000000, 0.000000000000000000, 0.000000000000000000 ) ) ;
#1844 = DIRECTION ( 'NONE',  ( 1.000000000000000000, 0.000000000000000000, 0.000000000000000000 ) ) ;
#1845 = ORIENTED_EDGE ( 'NONE', *, *, #1945, .F. ) ;
#1846 = DIRECTION ( 'NONE',  ( 0.000000000000000000, -1.000000000000000000, 0.000000000000000000 ) ) ;
#1847 = ORIENTED_EDGE ( 'NONE', *, *, #904, .T. ) ;
#1848 = PLANE ( 'NONE',  #1390 ) ;
#1849 = EDGE_CURVE ( 'NONE', #1919, #392, #298, .T. ) ;
#1850 = VERTEX_POINT ( 'NONE', #902 ) ;
#1851 = CARTESIAN_POINT ( 'NONE',  ( -13.00000000000000178, 9.500000000000000000, 11.70000000000000284 ) ) ;
#1852 = DIRECTION ( 'NONE',  ( 0.000000000000000000, -1.000000000000000000, 0.000000000000000000 ) ) ;
#1853 = ORIENTED_EDGE ( 'NONE', *, *, #1865, .F. ) ;
#1854 = DIRECTION ( 'NONE',  ( -0.000000000000000000, -0.000000000000000000, -1.000000000000000000 ) ) ;
#1855 = LINE ( 'NONE', #513, #1099 ) ;
#1856 = AXIS2_PLACEMENT_3D ( 'NONE', #1123, #229, #833 ) ;
#1857 = LINE ( 'NONE', #634, #1359 ) ;
#1858 = ORIENTED_EDGE ( 'NONE', *, *, #234, .F. ) ;
#1859 = CIRCLE ( 'NONE', #250, 3.499999999999999556 ) ;
#1860 = EDGE_CURVE ( 'NONE', #1523, #1443, #1091, .T. ) ;
#1861 = CIRCLE ( 'NONE', #879, 0.5000000000000004441 ) ;
#1862 = FACE_OUTER_BOUND ( 'NONE', #1076, .T. ) ;
#1863 = DIRECTION ( 'NONE',  ( -0.000000000000000000, -0.000000000000000000, 1.000000000000000000 ) ) ;
#1864 = CIRCLE ( 'NONE', #1828, 9.899999999999998579 ) ;
#1865 = EDGE_CURVE ( 'NONE', #148, #1178, #1332, .T. ) ;
#1866 = LINE ( 'NONE', #518, #1732 ) ;
#1867 = ORIENTED_EDGE ( 'NONE', *, *, #672, .T. ) ;
#1868 = CARTESIAN_POINT ( 'NONE',  ( 5.500000000000002665, -8.600000000000161293, 10.00000000000000000 ) ) ;
#1869 = APPLICATION_CONTEXT ( 'configuration controlled 3d designs of mechanical parts and assemblies' ) ;
#1870 = DIRECTION ( 'NONE',  ( -1.000000000000000000, -0.000000000000000000, -0.000000000000000000 ) ) ;
#1871 = CYLINDRICAL_SURFACE ( 'NONE', #981, 3.499999999999999556 ) ;
#1872 = ORIENTED_EDGE ( 'NONE', *, *, #1734, .T. ) ;
#1873 = DIRECTION ( 'NONE',  ( 0.000000000000000000, 0.000000000000000000, 1.000000000000000000 ) ) ;
#1874 = CARTESIAN_POINT ( 'NONE',  ( -7.790000000000000036, -9.000000000000001776, 11.70000000000000284 ) ) ;
#1875 = EDGE_CURVE ( 'NONE', #139, #482, #1737, .T. ) ;
#1876 = VERTEX_POINT ( 'NONE', #1213 ) ;
#1877 = DIRECTION ( 'NONE',  ( -1.000000000000000000, 0.000000000000000000, 0.000000000000000000 ) ) ;
#1878 = EDGE_LOOP ( 'NONE', ( #526, #1210, #1825, #1498 ) ) ;
#1879 = DIRECTION ( 'NONE',  ( -1.000000000000000000, 0.000000000000000000, 0.000000000000000000 ) ) ;
#1880 = VERTEX_POINT ( 'NONE', #771 ) ;
#1881 = APPROVAL_ROLE ( '' ) ;
#1882 = FACE_OUTER_BOUND ( 'NONE', #323, .T. ) ;
#1883 = ORIENTED_EDGE ( 'NONE', *, *, #1052, .F. ) ;
#1884 = CARTESIAN_POINT ( 'NONE',  ( 13.00000000000000178, 8.673617379884041389E-16, 14.00000000000000000 ) ) ;
#1885 = EDGE_CURVE ( 'NONE', #1698, #1192, #1799, .T. ) ;
#1886 = DIRECTION ( 'NONE',  ( 1.000000000000000000, 0.000000000000000000, 0.000000000000000000 ) ) ;
#1887 = DIRECTION ( 'NONE',  ( -1.000000000000000000, 0.000000000000000000, 0.000000000000000000 ) ) ;
#1888 = VERTEX_POINT ( 'NONE', #1504 ) ;
#1889 = VECTOR ( 'NONE', #1846, 1000.000000000000000 ) ;
#1890 = FACE_OUTER_BOUND ( 'NONE', #1489, .T. ) ;
#1891 = AXIS2_PLACEMENT_3D ( 'NONE', #658, #485, #1683 ) ;
#1892 = DIRECTION ( 'NONE',  ( -0.000000000000000000, -0.000000000000000000, -1.000000000000000000 ) ) ;
#1893 = ORIENTED_EDGE ( 'NONE', *, *, #1535, .T. ) ;
#1894 = CIRCLE ( 'NONE', #1608, 0.5000000000000029976 ) ;
#1895 = DIRECTION ( 'NONE',  ( 0.000000000000000000, 0.000000000000000000, 1.000000000000000000 ) ) ;
#1896 = VERTEX_POINT ( 'NONE', #801 ) ;
#1897 = DIRECTION ( 'NONE',  ( 0.000000000000000000, 1.000000000000000000, 0.000000000000000000 ) ) ;
#1898 = EDGE_CURVE ( 'NONE', #1547, #515, #1931, .T. ) ;
#1899 = VECTOR ( 'NONE', #966, 1000.000000000000000 ) ;
#1900 = LINE ( 'NONE', #1918, #1015 ) ;
#1901 = AXIS2_PLACEMENT_3D ( 'NONE', #1200, #293, #157 ) ;
#1902 = EDGE_LOOP ( 'NONE', ( #163, #1592, #721, #776 ) ) ;
#1903 = EDGE_CURVE ( 'NONE', #216, #1949, #1236, .T. ) ;
#1904 = CIRCLE ( 'NONE', #1301, 9.499999999999998224 ) ;
#1905 = DATE_AND_TIME ( #738, #859 ) ;
#1906 = CARTESIAN_POINT ( 'NONE',  ( 7.790000000000000036, -9.000000000000001776, -13.99999999999999822 ) ) ;
#1907 = ORIENTED_EDGE ( 'NONE', *, *, #1771, .F. ) ;
#1908 = LINE ( 'NONE', #1923, #1037 ) ;
#1909 = LINE ( 'NONE', #867, #1321 ) ;
#1910 = CARTESIAN_POINT ( 'NONE',  ( -4.000000000000000000, 6.933937347238599891, 10.00000000000000000 ) ) ;
#1911 = ORIENTED_EDGE ( 'NONE', *, *, #55, .F. ) ;
#1912 = EDGE_CURVE ( 'NONE', #999, #1404, #1457, .T. ) ;
#1913 = LINE ( 'NONE', #431, #75 ) ;
#1914 = VERTEX_POINT ( 'NONE', #484 ) ;
#1915 = CARTESIAN_POINT ( 'NONE',  ( 13.00000000000000000, -9.500000000000000000, -13.99999999999999822 ) ) ;
#1916 = ORIENTED_EDGE ( 'NONE', *, *, #553, .T. ) ;
#1917 = CARTESIAN_POINT ( 'NONE',  ( -13.00000000000000178, 0.000000000000000000, -13.99999999999999822 ) ) ;
#1918 = CARTESIAN_POINT ( 'NONE',  ( 9.500000000000001776, 4.286263797015736102E-16, 11.90000000000000036 ) ) ;
#1919 = VERTEX_POINT ( 'NONE', #191 ) ;
#1920 = APPROVAL_ROLE ( '' ) ;
#1921 = EDGE_CURVE ( 'NONE', #976, #373, #836, .T. ) ;
#1922 = CARTESIAN_POINT ( 'NONE',  ( -4.499999999999839240, -8.600000000000159517, 10.00000000000000000 ) ) ;
#1923 = CARTESIAN_POINT ( 'NONE',  ( 8.063472741828595858, 8.581415887214109972, -11.89999999999999858 ) ) ;
#1924 = EDGE_CURVE ( 'NONE', #197, #1083, #809, .T. ) ;
#1925 = VECTOR ( 'NONE', #1111, 1000.000000000000000 ) ;
#1926 = VECTOR ( 'NONE', #324, 1000.000000000000000 ) ;
#1927 = ORIENTED_EDGE ( 'NONE', *, *, #779, .F. ) ;
#1928 = CARTESIAN_POINT ( 'NONE',  ( -13.00000000000000178, 9.500000000000000000, -13.99999999999999822 ) ) ;
#1929 = DIRECTION ( 'NONE',  ( 0.000000000000000000, 0.000000000000000000, 1.000000000000000000 ) ) ;
#1930 = ORIENTED_EDGE ( 'NONE', *, *, #1707, .T. ) ;
#1931 = CIRCLE ( 'NONE', #858, 0.5000000000000038858 ) ;
#1932 = ADVANCED_FACE ( 'NONE', ( #1890 ), #1715, .T. ) ;
#1933 = DIRECTION ( 'NONE',  ( 1.000000000000000000, 0.000000000000000000, 0.000000000000000000 ) ) ;
#1934 = FACE_OUTER_BOUND ( 'NONE', #1174, .T. ) ;
#1935 = ADVANCED_FACE ( 'NONE', ( #1862 ), #358, .F. ) ;
#1936 = ORIENTED_EDGE ( 'NONE', *, *, #969, .F. ) ;
#1937 = CARTESIAN_POINT ( 'NONE',  ( 3.499999999999999556, 0.000000000000000000, 10.00000000000000000 ) ) ;
#1938 = DIRECTION ( 'NONE',  ( 0.000000000000000000, 1.000000000000000000, 0.000000000000000000 ) ) ;
#1939 = VERTEX_POINT ( 'NONE', #648 ) ;
#1940 = CYLINDRICAL_SURFACE ( 'NONE', #1291, 4.000000000000000000 ) ;
#1941 = DIRECTION ( 'NONE',  ( 1.000000000000000000, 0.000000000000000000, 0.000000000000000000 ) ) ;
#1942 = CARTESIAN_POINT ( 'NONE',  ( 13.00000000000000178, 8.673617379884041389E-16, -11.89999999999999858 ) ) ;
#1943 = ORIENTED_EDGE ( 'NONE', *, *, #1367, .T. ) ;
#1944 = CYLINDRICAL_SURFACE ( 'NONE', #1954, 0.5000000000000029976 ) ;
#1945 = EDGE_CURVE ( 'NONE', #1939, #1639, #1904, .T. ) ;
#1946 = CARTESIAN_POINT ( 'NONE',  ( 5.500000000000001776, -9.499999999999992895, -10.00000000000000000 ) ) ;
#1947 = ORIENTED_EDGE ( 'NONE', *, *, #655, .T. ) ;
#1948 = LINE ( 'NONE', #305, #698 ) ;
#1949 = VERTEX_POINT ( 'NONE', #671 ) ;
#1950 = CARTESIAN_POINT ( 'NONE',  ( 4.499999999999841904, -7.599999999999999645, -10.00000000000000000 ) ) ;
#1951 = CARTESIAN_POINT ( 'NONE',  ( -13.00000000000000178, -8.673617379884041389E-16, -11.70000000000000107 ) ) ;
#1952 = VECTOR ( 'NONE', #84, 1000.000000000000000 ) ;
#1953 = VERTEX_POINT ( 'NONE', #964 ) ;
#1954 = AXIS2_PLACEMENT_3D ( 'NONE', #24, #1812, #920 ) ;
ENDSEC;
END-ISO-10303-21;
