ISO-10303-21;
HEADER;
FILE_DESCRIPTION (( 'STEP AP203' ),
    '1' );
FILE_NAME ('Felko Bastidor2.STEP',
    '2026-08-19T13:10:26',
    ( '' ),
    ( '' ),
    'SwSTEP 2.0',
    'SolidWorks 2026',
    '' );
FILE_SCHEMA (( 'CONFIG_CONTROL_DESIGN' ));
ENDSEC;

DATA;
#1 = LINE ( 'NONE', #55, #2408 ) ;
#2 = DIRECTION ( 'NONE',  ( 0.000000000000000000, 0.000000000000000000, -1.000000000000000000 ) ) ;
#3 = DIRECTION ( 'NONE',  ( -1.000000000000000000, 0.000000000000000000, 0.000000000000000000 ) ) ;
#4 = VECTOR ( 'NONE', #3016, 1000.000000000000000 ) ;
#5 = ORIENTED_EDGE ( 'NONE', *, *, #392, .T. ) ;
#6 = VECTOR ( 'NONE', #2154, 1000.000000000000000 ) ;
#7 = CARTESIAN_POINT ( 'NONE',  ( 47.03964868210911732, -1.879256261333784650, 7.000000000000000000 ) ) ;
#8 = CARTESIAN_POINT ( 'NONE',  ( 29.68964734479039436, -3.484083463375951872, 7.000000000000000000 ) ) ;
#9 = CARTESIAN_POINT ( 'NONE',  ( 15.30931463130407622, -3.318596089553958794, 8.539339828220144923 ) ) ;
#10 = ORIENTED_EDGE ( 'NONE', *, *, #2152, .F. ) ;
#11 = EDGE_CURVE ( 'NONE', #4453, #3177, #4228, .T. ) ;
#12 = LINE ( 'NONE', #2480, #2457 ) ;
#13 = CIRCLE ( 'NONE', #3637, 1.598592169929843987 ) ;
#14 = DIRECTION ( 'NONE',  ( 0.000000000000000000, 0.9859780679622962563, -0.1668749516774090391 ) ) ;
#15 = CARTESIAN_POINT ( 'NONE',  ( 43.13965196923869172, -2.389628130666924477, 7.610371869333101280 ) ) ;
#16 = AXIS2_PLACEMENT_3D ( 'NONE', #2284, #3687, #937 ) ;
#17 = AXIS2_PLACEMENT_3D ( 'NONE', #2894, #1480, #1133 ) ;
#18 = ADVANCED_FACE ( 'NONE', ( #3417 ), #249, .F. ) ;
#19 = EDGE_CURVE ( 'NONE', #3775, #687, #1428, .T. ) ;
#20 = LINE ( 'NONE', #1089, #2540 ) ;
#21 = VECTOR ( 'NONE', #1007, 1000.000000000000000 ) ;
#22 = VERTEX_POINT ( 'NONE', #455 ) ;
#23 = AXIS2_PLACEMENT_3D ( 'NONE', #4117, #1685, #2388 ) ;
#24 = ORIENTED_EDGE ( 'NONE', *, *, #3447, .T. ) ;
#25 = CARTESIAN_POINT ( 'NONE',  ( 47.03964868210911021, 1.865158296181077939E-13, 10.00000000000000000 ) ) ;
#26 = PLANE ( 'NONE',  #841 ) ;
#27 = ORIENTED_EDGE ( 'NONE', *, *, #2969, .T. ) ;
#28 = EDGE_CURVE ( 'NONE', #2112, #102, #1631, .T. ) ;
#29 = ADVANCED_FACE ( 'NONE', ( #4276 ), #3846, .T. ) ;
#30 = VECTOR ( 'NONE', #4489, 1000.000000000000000 ) ;
#31 = VECTOR ( 'NONE', #2869, 1000.000000000000000 ) ;
#32 = EDGE_LOOP ( 'NONE', ( #3542, #3844, #631, #1178 ) ) ;
#33 = CARTESIAN_POINT ( 'NONE',  ( 51.57899179745831475, 19.49574385683717281, 8.539339828220152029 ) ) ;
#34 = CARTESIAN_POINT ( 'NONE',  ( 12.63964078082063658, 0.5364406324050797759, 1.591397869695244216 ) ) ;
#35 = DIRECTION ( 'NONE',  ( 1.000000000000000000, 0.000000000000000000, 0.000000000000000000 ) ) ;
#36 = CIRCLE ( 'NONE', #3210, 4.000000000000003553 ) ;
#37 = ORIENTED_EDGE ( 'NONE', *, *, #989, .T. ) ;
#38 = CARTESIAN_POINT ( 'NONE',  ( 42.21093726778487110, 25.62074139010719520, 7.478679656440327506 ) ) ;
#39 = LINE ( 'NONE', #2221, #1296 ) ;
#40 = DIRECTION ( 'NONE',  ( 1.000000000000000000, 1.999678678259835681E-16, 0.000000000000000000 ) ) ;
#41 = ORIENTED_EDGE ( 'NONE', *, *, #2638, .F. ) ;
#42 = CARTESIAN_POINT ( 'NONE',  ( -7.110358513151920690, 0.000000000000000000, 10.00000000000000000 ) ) ;
#43 = CARTESIAN_POINT ( 'NONE',  ( 40.73829835757784679, 26.13745679719711390, 8.539339828220144923 ) ) ;
#44 = APPROVAL ( #2348, 'UNSPECIFIED' ) ;
#45 = CARTESIAN_POINT ( 'NONE',  ( 42.21093726778487110, 24.02214922017735788, 8.500000000000001776 ) ) ;
#46 = PLANE ( 'NONE',  #2247 ) ;
#47 = ORIENTED_EDGE ( 'NONE', *, *, #4212, .T. ) ;
#48 = ADVANCED_FACE ( 'NONE', ( #1105 ), #3581, .F. ) ;
#49 = EDGE_LOOP ( 'NONE', ( #1591, #3065, #2179, #4503, #1622 ) ) ;
#50 = LINE ( 'NONE', #4285, #231 ) ;
#51 = FACE_OUTER_BOUND ( 'NONE', #444, .T. ) ;
#52 = ORIENTED_EDGE ( 'NONE', *, *, #3309, .F. ) ;
#53 = VERTEX_POINT ( 'NONE', #756 ) ;
#54 = EDGE_CURVE ( 'NONE', #1394, #4578, #84, .T. ) ;
#55 = CARTESIAN_POINT ( 'NONE',  ( 35.00844587832606436, 23.92074139010719236, 1.591397869695244216 ) ) ;
#56 = ADVANCED_FACE ( 'NONE', ( #1528 ), #4298, .F. ) ;
#57 = PLANE ( 'NONE',  #527 ) ;
#58 = CARTESIAN_POINT ( 'NONE',  ( 51.13965032567458735, -1.629257179835735814, 7.000000000000000000 ) ) ;
#59 = VERTEX_POINT ( 'NONE', #3231 ) ;
#60 = DIRECTION ( 'NONE',  ( -0.9999999999999853451, -1.714279498419585500E-07, 0.000000000000000000 ) ) ;
#61 = LINE ( 'NONE', #2200, #3721 ) ;
#62 = DIRECTION ( 'NONE',  ( -0.9999999999982223109, -1.885580459680951119E-06, 0.000000000000000000 ) ) ;
#63 = ORIENTED_EDGE ( 'NONE', *, *, #443, .F. ) ;
#64 = DIRECTION ( 'NONE',  ( 0.000000000000000000, -1.000000000000000000, 0.000000000000000000 ) ) ;
#65 = DIRECTION ( 'NONE',  ( 1.000000000000000000, 0.000000000000000000, 0.000000000000000000 ) ) ;
#66 = CARTESIAN_POINT ( 'NONE',  ( 14.53960586680380018, 22.62074139010717744, 7.000000000000000000 ) ) ;
#67 = DIRECTION ( 'NONE',  ( -0.9999999999982223109, -1.885580459680951119E-06, 0.000000000000000000 ) ) ;
#68 = ORIENTED_EDGE ( 'NONE', *, *, #2605, .F. ) ;
#69 = VERTEX_POINT ( 'NONE', #409 ) ;
#70 = DIRECTION ( 'NONE',  ( -1.000000000000000000, 0.000000000000000000, -0.000000000000000000 ) ) ;
#71 = DIRECTION ( 'NONE',  ( 0.000000000000000000, 0.000000000000000000, 1.000000000000000000 ) ) ;
#72 = ORIENTED_EDGE ( 'NONE', *, *, #3470, .T. ) ;
#73 = ORIENTED_EDGE ( 'NONE', *, *, #3363, .F. ) ;
#74 = CARTESIAN_POINT ( 'NONE',  ( 20.73275649977075830, -11.97441945147327580, 8.539339828220146700 ) ) ;
#75 = DIRECTION ( 'NONE',  ( 0.000000000000000000, 1.000000000000000000, 0.000000000000000000 ) ) ;
#76 = DIRECTION ( 'NONE',  ( 1.000000000000000000, 0.000000000000000000, 0.000000000000000000 ) ) ;
#77 = ORIENTED_EDGE ( 'NONE', *, *, #1692, .F. ) ;
#78 = VECTOR ( 'NONE', #2342, 1000.000000000000000 ) ;
#79 = EDGE_CURVE ( 'NONE', #4288, #4186, #2522, .T. ) ;
#80 = EDGE_CURVE ( 'NONE', #2971, #741, #1560, .T. ) ;
#81 = FACE_OUTER_BOUND ( 'NONE', #4554, .T. ) ;
#82 = VECTOR ( 'NONE', #1150, 1000.000000000000000 ) ;
#83 = CARTESIAN_POINT ( 'NONE',  ( 51.43965032567459872, 5.570747475363331702, 7.000000000000000000 ) ) ;
#84 = LINE ( 'NONE', #2177, #3403 ) ;
#85 = ORIENTED_EDGE ( 'NONE', *, *, #1630, .F. ) ;
#86 = CIRCLE ( 'NONE', #3705, 1.499999999999999112 ) ;
#87 = EDGE_CURVE ( 'NONE', #222, #3149, #2890, .T. ) ;
#88 = FACE_BOUND ( 'NONE', #2566, .T. ) ;
#89 = CYLINDRICAL_SURFACE ( 'NONE', #246, 1.800000000000002931 ) ;
#90 = VECTOR ( 'NONE', #3394, 1000.000000000000114 ) ;
#91 = CARTESIAN_POINT ( 'NONE',  ( 51.13965196923813750, 19.49574378152206577, 8.500000000000000000 ) ) ;
#92 = CIRCLE ( 'NONE', #4086, 3.250000000000002665 ) ;
#93 = DIRECTION ( 'NONE',  ( -1.000000000000000000, 0.000000000000000000, 0.000000000000000000 ) ) ;
#94 = VERTEX_POINT ( 'NONE', #3275 ) ;
#95 = ORIENTED_EDGE ( 'NONE', *, *, #1613, .F. ) ;
#96 = CARTESIAN_POINT ( 'NONE',  ( 51.88964148684807753, -10.87925391278937681, 8.353985100478244163 ) ) ;
#97 = DIRECTION ( 'NONE',  ( -0.000000000000000000, -0.000000000000000000, 1.000000000000000000 ) ) ;
#98 = CIRCLE ( 'NONE', #2837, 1.598592169929840434 ) ;
#99 = ORIENTED_EDGE ( 'NONE', *, *, #4383, .T. ) ;
#100 = AXIS2_PLACEMENT_3D ( 'NONE', #3130, #1025, #2033 ) ;
#101 = CIRCLE ( 'NONE', #2695, 1.499999999999999778 ) ;
#102 = VERTEX_POINT ( 'NONE', #3602 ) ;
#103 = LINE ( 'NONE', #1521, #3880 ) ;
#104 = CARTESIAN_POINT ( 'NONE',  ( 43.04652647392541809, -11.97441945147328823, 8.539339828220148476 ) ) ;
#105 = DIRECTION ( 'NONE',  ( 1.714279626496206024E-07, -0.9999999999999853451, 0.000000000000000000 ) ) ;
#106 = ORIENTED_EDGE ( 'NONE', *, *, #2218, .T. ) ;
#107 = VECTOR ( 'NONE', #1954, 1000.000000000000000 ) ;
#108 = VECTOR ( 'NONE', #2287, 1000.000000000000000 ) ;
#109 = DIRECTION ( 'NONE',  ( -1.000000000000000000, 0.000000000000000000, 0.000000000000000000 ) ) ;
#110 = AXIS2_PLACEMENT_3D ( 'NONE', #1960, #1588, #3364 ) ;
#111 = LINE ( 'NONE', #4392, #253 ) ;
#112 = DIRECTION ( 'NONE',  ( 0.000000000000000000, -1.000000000000000000, 0.000000000000000000 ) ) ;
#113 = ORIENTED_EDGE ( 'NONE', *, *, #3901, .T. ) ;
#114 = FACE_OUTER_BOUND ( 'NONE', #323, .T. ) ;
#115 = DIRECTION ( 'NONE',  ( 0.3310877130289294201, -0.9435999821329338344, 0.000000000000000000 ) ) ;
#116 = EDGE_CURVE ( 'NONE', #1555, #102, #432, .T. ) ;
#117 = EDGE_CURVE ( 'NONE', #3032, #1949, #381, .T. ) ;
#118 = CARTESIAN_POINT ( 'NONE',  ( 0.000000000000000000, -17.12925626134109081, -0.000000000000000000 ) ) ;
#119 = CARTESIAN_POINT ( 'NONE',  ( 31.96252791610899990, -1.879256261333784428, 7.000000000000000000 ) ) ;
#120 = EDGE_LOOP ( 'NONE', ( #1368, #2412, #671, #3803 ) ) ;
#121 = ORIENTED_EDGE ( 'NONE', *, *, #1465, .T. ) ;
#122 = DIRECTION ( 'NONE',  ( 1.000000000000000000, 0.000000000000000000, 0.000000000000000000 ) ) ;
#123 = DIRECTION ( 'NONE',  ( -1.000000000000000000, 0.000000000000000000, 0.000000000000000000 ) ) ;
#124 = ORIENTED_EDGE ( 'NONE', *, *, #4329, .F. ) ;
#125 = DIRECTION ( 'NONE',  ( 0.000000000000000000, 0.000000000000000000, -1.000000000000000000 ) ) ;
#126 = LINE ( 'NONE', #2933, #1709 ) ;
#127 = CARTESIAN_POINT ( 'NONE',  ( 51.57899179745825080, 22.37074213718250704, 8.539339828220144923 ) ) ;
#128 = ORIENTED_EDGE ( 'NONE', *, *, #87, .F. ) ;
#129 = DIRECTION ( 'NONE',  ( 1.000000000000000000, 5.664403729850249372E-16, 0.000000000000000000 ) ) ;
#130 = DIRECTION ( 'NONE',  ( -1.000000000000000000, 0.000000000000000000, 0.000000000000000000 ) ) ;
#131 = CARTESIAN_POINT ( 'NONE',  ( 49.23965032567458877, 22.62074139010718454, 5.000000000000000000 ) ) ;
#132 = VERTEX_POINT ( 'NONE', #2914 ) ;
#133 = EDGE_CURVE ( 'NONE', #553, #185, #3251, .T. ) ;
#134 = DIRECTION ( 'NONE',  ( -0.000000000000000000, -0.000000000000000000, -1.000000000000000000 ) ) ;
#135 = CARTESIAN_POINT ( 'NONE',  ( 49.13965027424811893, 17.84574321454329393, 7.000000000000000000 ) ) ;
#136 = ORIENTED_EDGE ( 'NONE', *, *, #2463, .T. ) ;
#137 = EDGE_CURVE ( 'NONE', #3462, #581, #2222, .T. ) ;
#138 = ADVANCED_FACE ( 'NONE', ( #1177 ), #2589, .F. ) ;
#139 = CARTESIAN_POINT ( 'NONE',  ( 51.13965032567460156, 5.570747475363331702, 1.593940713982425539 ) ) ;
#140 = ORIENTED_EDGE ( 'NONE', *, *, #2298, .T. ) ;
#141 = EDGE_LOOP ( 'NONE', ( #1936, #3821, #4102, #2806 ) ) ;
#142 = DIRECTION ( 'NONE',  ( 0.000000000000000000, 0.000000000000000000, 1.000000000000000000 ) ) ;
#143 = CARTESIAN_POINT ( 'NONE',  ( 38.54949552956928471, 24.23480705606998598, 7.103929470303610216 ) ) ;
#144 = EDGE_LOOP ( 'NONE', ( #1517, #113, #4267, #1156, #2119 ) ) ;
#145 = CARTESIAN_POINT ( 'NONE',  ( 12.63964851998342809, 2.383307426154955016E-05, 10.00000000000000000 ) ) ;
#146 = DIRECTION ( 'NONE',  ( -0.000000000000000000, -0.000000000000000000, -1.000000000000000000 ) ) ;
#147 = CARTESIAN_POINT ( 'NONE',  ( -7.110358513151920690, 33.87074373865890919, 10.00000000000000000 ) ) ;
#148 = ORIENTED_EDGE ( 'NONE', *, *, #2491, .T. ) ;
#149 = DIRECTION ( 'NONE',  ( 0.3310877130289294201, -0.9435999821329338344, 1.675197177068095105E-17 ) ) ;
#150 = CARTESIAN_POINT ( 'NONE',  ( 43.13962034962097647, -3.484083463375950984, 8.500000000000000000 ) ) ;
#151 = FACE_OUTER_BOUND ( 'NONE', #32, .T. ) ;
#152 = EDGE_LOOP ( 'NONE', ( #2978, #790 ) ) ;
#153 = VECTOR ( 'NONE', #2812, 1000.000000000000000 ) ;
#154 = DIRECTION ( 'NONE',  ( 1.000000000000000000, -8.673617379884028570E-16, 0.000000000000000000 ) ) ;
#155 = CARTESIAN_POINT ( 'NONE',  ( 51.13965032567459446, 2.225903408490706349E-13, 10.00000000000000000 ) ) ;
#156 = LINE ( 'NONE', #2620, #2113 ) ;
#157 = VECTOR ( 'NONE', #1651, 1000.000000000000000 ) ;
#158 = CIRCLE ( 'NONE', #2241, 0.04999977587751697206 ) ;
#159 = CARTESIAN_POINT ( 'NONE',  ( 42.49537602730250541, -10.87925391278937681, 8.353985100478244163 ) ) ;
#160 = ORIENTED_EDGE ( 'NONE', *, *, #2409, .T. ) ;
#161 = DIRECTION ( 'NONE',  ( 1.000000000000000000, 0.000000000000000000, 0.000000000000000000 ) ) ;
#162 = DIRECTION ( 'NONE',  ( 0.9999999999999853451, 1.714279626496206024E-07, 0.000000000000000000 ) ) ;
#163 = EDGE_CURVE ( 'NONE', #1737, #3270, #1980, .T. ) ;
#164 = EDGE_CURVE ( 'NONE', #2680, #4396, #3181, .T. ) ;
#165 = AXIS2_PLACEMENT_3D ( 'NONE', #4343, #1175, #1989 ) ;
#166 = ORIENTED_EDGE ( 'NONE', *, *, #2644, .T. ) ;
#167 = VECTOR ( 'NONE', #3982, 1000.000000000000000 ) ;
#168 = CARTESIAN_POINT ( 'NONE',  ( 70.88964148684802069, 33.87074373865890919, 10.00000000000000000 ) ) ;
#169 = CARTESIAN_POINT ( 'NONE',  ( 51.13965196923808776, 22.37074213718249993, 8.500000000000000000 ) ) ;
#170 = LINE ( 'NONE', #2702, #690 ) ;
#171 = ADVANCED_FACE ( 'NONE', ( #151 ), #575, .F. ) ;
#172 = EDGE_CURVE ( 'NONE', #4316, #3232, #2658, .T. ) ;
#173 = ORIENTED_EDGE ( 'NONE', *, *, #428, .F. ) ;
#174 = VECTOR ( 'NONE', #4083, 1000.000000000000000 ) ;
#175 = AXIS2_PLACEMENT_3D ( 'NONE', #3444, #2798, #3830 ) ;
#176 = CARTESIAN_POINT ( 'NONE',  ( 17.73963427495159095, 23.62074373866633437, 7.000000000000000000 ) ) ;
#177 = CARTESIAN_POINT ( 'NONE',  ( 51.57899179745830764, 19.49574378152206933, 8.539339828220144923 ) ) ;
#178 = VECTOR ( 'NONE', #1374, 1000.000000000000000 ) ;
#179 = FACE_OUTER_BOUND ( 'NONE', #2248, .T. ) ;
#180 = VERTEX_POINT ( 'NONE', #1247 ) ;
#181 = VECTOR ( 'NONE', #4350, 1000.000000000000000 ) ;
#182 = AXIS2_PLACEMENT_3D ( 'NONE', #3596, #372, #1049 ) ;
#183 = CARTESIAN_POINT ( 'NONE',  ( 42.21093809183552992, -4.779256261333800992, 10.00000000000000000 ) ) ;
#184 = DIRECTION ( 'NONE',  ( 0.000000000000000000, 0.000000000000000000, -1.000000000000000000 ) ) ;
#185 = VERTEX_POINT ( 'NONE', #2288 ) ;
#186 = CARTESIAN_POINT ( 'NONE',  ( 47.03964868210912442, -2.879256921328932517, 10.00000000000000000 ) ) ;
#187 = ORIENTED_EDGE ( 'NONE', *, *, #349, .F. ) ;
#188 = FACE_OUTER_BOUND ( 'NONE', #3102, .T. ) ;
#189 = EDGE_CURVE ( 'NONE', #2792, #3476, #2313, .T. ) ;
#190 = EDGE_LOOP ( 'NONE', ( #1212, #1033 ) ) ;
#191 = CARTESIAN_POINT ( 'NONE',  ( 42.21093809183552992, -2.879256261333784650, 8.099999999999965894 ) ) ;
#192 = LINE ( 'NONE', #1894, #4 ) ;
#193 = CARTESIAN_POINT ( 'NONE',  ( -3.342113169366827909E-06, 19.49573501475767401, 10.00000000000000000 ) ) ;
#194 = EDGE_LOOP ( 'NONE', ( #827, #1329, #4313, #704 ) ) ;
#195 = EDGE_CURVE ( 'NONE', #638, #563, #4073, .T. ) ;
#196 = EDGE_CURVE ( 'NONE', #2786, #233, #922, .T. ) ;
#197 = CARTESIAN_POINT ( 'NONE',  ( 12.63964750896299627, 5.376919480069707546, 7.000000000000000000 ) ) ;
#198 = CARTESIAN_POINT ( 'NONE',  ( 29.68964283472129395, 23.62074139010719165, 7.000000000000000000 ) ) ;
#199 = DIRECTION ( 'NONE',  ( 0.000000000000000000, 0.000000000000000000, -1.000000000000000000 ) ) ;
#200 = ORIENTED_EDGE ( 'NONE', *, *, #333, .T. ) ;
#201 = DIRECTION ( 'NONE',  ( -1.000000000000000000, 0.000000000000000000, 0.000000000000000000 ) ) ;
#202 = DIRECTION ( 'NONE',  ( -1.000000000000000000, 0.000000000000000000, 0.000000000000000000 ) ) ;
#203 = LINE ( 'NONE', #4563, #4454 ) ;
#204 = EDGE_LOOP ( 'NONE', ( #1333, #1728, #3976, #589 ) ) ;
#205 = CARTESIAN_POINT ( 'NONE',  ( 42.11657809362225180, -4.912365032636673234, 10.00000000000000000 ) ) ;
#206 = EDGE_LOOP ( 'NONE', ( #1320, #3049, #4308, #3263, #1632, #1389, #3571, #2314, #3083, #2580, #2459, #200, #1022, #3537, #2909, #4223, #3218, #1520, #1998 ) ) ;
#207 = CARTESIAN_POINT ( 'NONE',  ( 12.63963427495158598, 13.06886319043267264, 10.00000000000000000 ) ) ;
#208 = ORIENTED_EDGE ( 'NONE', *, *, #4332, .F. ) ;
#209 = ORIENTED_EDGE ( 'NONE', *, *, #2329, .F. ) ;
#210 = CARTESIAN_POINT ( 'NONE',  ( 14.53960633832318550, 22.37067548182580623, 0.000000000000000000 ) ) ;
#211 = DIRECTION ( 'NONE',  ( 0.000000000000000000, -0.000000000000000000, 1.000000000000000000 ) ) ;
#212 = ORIENTED_EDGE ( 'NONE', *, *, #3421, .F. ) ;
#213 = EDGE_CURVE ( 'NONE', #687, #1555, #1855, .T. ) ;
#214 = DIRECTION ( 'NONE',  ( 0.000000000000000000, -1.000000000000000000, 0.000000000000000000 ) ) ;
#215 = CARTESIAN_POINT ( 'NONE',  ( 21.63965196924047873, 25.54893010073556425, 10.00000000000000000 ) ) ;
#216 = FACE_OUTER_BOUND ( 'NONE', #784, .T. ) ;
#217 = ORIENTED_EDGE ( 'NONE', *, *, #1388, .F. ) ;
#218 = EDGE_CURVE ( 'NONE', #532, #2833, #3534, .T. ) ;
#219 = EDGE_CURVE ( 'NONE', #4097, #3405, #4065, .T. ) ;
#220 = DIRECTION ( 'NONE',  ( 0.000000000000000000, 0.000000000000000000, 1.000000000000000000 ) ) ;
#221 = DIRECTION ( 'NONE',  ( -7.747166736926434439E-15, -0.7071067811865430208, -0.7071067811865521247 ) ) ;
#222 = VERTEX_POINT ( 'NONE', #1970 ) ;
#223 = CARTESIAN_POINT ( 'NONE',  ( 64.38964148684810596, 32.87074373865885235, 6.000000000000000000 ) ) ;
#224 = DATE_TIME_ROLE ( 'classification_date' ) ;
#225 = EDGE_LOOP ( 'NONE', ( #1822, #2367, #2378, #5 ) ) ;
#226 = ADVANCED_FACE ( 'NONE', ( #3716 ), #4394, .F. ) ;
#227 = DIRECTION ( 'NONE',  ( 6.938893903907229955E-15, -1.000000000000000000, 3.667867948316072026E-15 ) ) ;
#228 = EDGE_LOOP ( 'NONE', ( #2586, #3199, #2259, #4381 ) ) ;
#229 = VECTOR ( 'NONE', #3175, 1000.000000000000000 ) ;
#230 = DIRECTION ( 'NONE',  ( -5.505683427784166170E-16, 0.7071067811865521247, -0.7071067811865430208 ) ) ;
#231 = VECTOR ( 'NONE', #1114, 1000.000000000000000 ) ;
#232 = ORIENTED_EDGE ( 'NONE', *, *, #652, .T. ) ;
#233 = VERTEX_POINT ( 'NONE', #3301 ) ;
#234 = CARTESIAN_POINT ( 'NONE',  ( 17.73963427495159095, 0.000000000000000000, 10.00000000000000000 ) ) ;
#235 = CARTESIAN_POINT ( 'NONE',  ( 22.97424151364868550, -2.382624691790390159, 7.478679656440331058 ) ) ;
#236 = AXIS2_PLACEMENT_3D ( 'NONE', #829, #2290, #1251 ) ;
#237 = ORIENTED_EDGE ( 'NONE', *, *, #4211, .F. ) ;
#238 = AXIS2_PLACEMENT_3D ( 'NONE', #1292, #4133, #1265 ) ;
#239 = CARTESIAN_POINT ( 'NONE',  ( 12.63964851998342809, 2.383307426154955016E-05, 10.00000000000000000 ) ) ;
#240 = CYLINDRICAL_SURFACE ( 'NONE', #478, 2.000000000000001776 ) ;
#241 = LINE ( 'NONE', #3069, #746 ) ;
#242 = AXIS2_PLACEMENT_3D ( 'NONE', #3876, #2563, #2101 ) ;
#243 = AXIS2_PLACEMENT_3D ( 'NONE', #339, #648, #629 ) ;
#244 = DIRECTION ( 'NONE',  ( -1.000000000000000000, 0.000000000000000000, 0.000000000000000000 ) ) ;
#245 = AXIS2_PLACEMENT_3D ( 'NONE', #4131, #611, #4241 ) ;
#246 = AXIS2_PLACEMENT_3D ( 'NONE', #4328, #3283, #65 ) ;
#247 = EDGE_CURVE ( 'NONE', #53, #4428, #856, .T. ) ;
#248 = CARTESIAN_POINT ( 'NONE',  ( 14.53965206352063255, -1.879256261333784428, 7.000000000000000000 ) ) ;
#249 = PLANE ( 'NONE',  #2598 ) ;
#250 = APPROVAL_ROLE ( '' ) ;
#251 = ORIENTED_EDGE ( 'NONE', *, *, #2128, .T. ) ;
#252 = VECTOR ( 'NONE', #2232, 1000.000000000000114 ) ;
#253 = VECTOR ( 'NONE', #1527, 1000.000000000000000 ) ;
#254 = ADVANCED_FACE ( 'NONE', ( #2613 ), #1231, .F. ) ;
#255 = CARTESIAN_POINT ( 'NONE',  ( 64.38964148684810596, 32.87074373865885235, 6.000000000000000000 ) ) ;
#256 = ADVANCED_FACE ( 'NONE', ( #216 ), #2679, .F. ) ;
#257 = ORIENTED_EDGE ( 'NONE', *, *, #3190, .T. ) ;
#258 = VECTOR ( 'NONE', #1170, 1000.000000000000000 ) ;
#259 = DIRECTION ( 'NONE',  ( -0.000000000000000000, -0.000000000000000000, 1.000000000000000000 ) ) ;
#260 = VERTEX_POINT ( 'NONE', #2708 ) ;
#261 = VERTEX_POINT ( 'NONE', #826 ) ;
#262 = DIRECTION ( 'NONE',  ( 0.000000000000000000, 1.000000000000000000, 0.000000000000000000 ) ) ;
#263 = DIRECTION ( 'NONE',  ( 1.000000000000000000, 0.000000000000000000, 0.000000000000000000 ) ) ;
#264 = EDGE_LOOP ( 'NONE', ( #472, #1854 ) ) ;
#265 = FACE_OUTER_BOUND ( 'NONE', #1116, .T. ) ;
#266 = CARTESIAN_POINT ( 'NONE',  ( 62.76464148684804201, -12.12925626134114765, 6.000000000000000000 ) ) ;
#267 = CARTESIAN_POINT ( 'NONE',  ( 2.639641486848106844, 32.87074373865893051, 10.00000000000000000 ) ) ;
#268 = DIRECTION ( 'NONE',  ( -1.000000000000000000, 0.000000000000000000, 0.000000000000000000 ) ) ;
#269 = DIRECTION ( 'NONE',  ( 1.224646799147353207E-16, 1.000000000000000000, -0.000000000000000000 ) ) ;
#270 = ORIENTED_EDGE ( 'NONE', *, *, #3184, .F. ) ;
#271 = ORIENTED_EDGE ( 'NONE', *, *, #910, .T. ) ;
#272 = EDGE_CURVE ( 'NONE', #2789, #3524, #1898, .T. ) ;
#273 = DIRECTION ( 'NONE',  ( -1.000000000000000000, 0.000000000000000000, 0.000000000000000000 ) ) ;
#274 = VERTEX_POINT ( 'NONE', #1547 ) ;
#275 = DIRECTION ( 'NONE',  ( -0.000000000000000000, 1.000000000000000000, -0.000000000000000000 ) ) ;
#276 = EDGE_CURVE ( 'NONE', #4107, #3090, #3691, .T. ) ;
#277 = ADVANCED_FACE ( 'NONE', ( #179 ), #4047, .F. ) ;
#278 = ORIENTED_EDGE ( 'NONE', *, *, #2490, .F. ) ;
#279 = ORIENTED_EDGE ( 'NONE', *, *, #54, .F. ) ;
#280 = CARTESIAN_POINT ( 'NONE',  ( 51.13965032567458735, 4.942509501007282147, 0.000000000000000000 ) ) ;
#281 = DIRECTION ( 'NONE',  ( 0.000000000000000000, 0.000000000000000000, -1.000000000000000000 ) ) ;
#282 = EDGE_LOOP ( 'NONE', ( #769, #1036, #3869, #279 ) ) ;
#283 = FACE_OUTER_BOUND ( 'NONE', #2229, .T. ) ;
#284 = FACE_OUTER_BOUND ( 'NONE', #319, .T. ) ;
#285 = DIRECTION ( 'NONE',  ( -1.000000000000000000, 0.000000000000000000, 0.000000000000000000 ) ) ;
#286 = ORIENTED_EDGE ( 'NONE', *, *, #795, .F. ) ;
#287 = DIRECTION ( 'NONE',  ( 0.000000000000000000, 0.000000000000000000, -1.000000000000000000 ) ) ;
#288 = DIRECTION ( 'NONE',  ( 0.000000000000000000, 1.000000000000000000, 0.000000000000000000 ) ) ;
#289 = ORIENTED_EDGE ( 'NONE', *, *, #4518, .T. ) ;
#290 = PERSON_AND_ORGANIZATION ( #1201, #2338 ) ;
#291 = ORIENTED_EDGE ( 'NONE', *, *, #3784, .T. ) ;
#292 = DIRECTION ( 'NONE',  ( -0.000000000000000000, -0.000000000000000000, -1.000000000000000000 ) ) ;
#293 = VERTEX_POINT ( 'NONE', #3089 ) ;
#294 = CARTESIAN_POINT ( 'NONE',  ( 18.23063497486373663, -4.779256261333798328, 10.00000000000000000 ) ) ;
#295 = VECTOR ( 'NONE', #4539, 1000.000000000000114 ) ;
#296 = ORIENTED_EDGE ( 'NONE', *, *, #3700, .F. ) ;
#297 = EDGE_CURVE ( 'NONE', #1903, #1467, #2775, .T. ) ;
#298 = EDGE_LOOP ( 'NONE', ( #868, #3702, #1540, #3676 ) ) ;
#299 = CARTESIAN_POINT ( 'NONE',  ( 23.04098379206767078, -5.395971668423703349, 8.539339828220144923 ) ) ;
#300 = DIRECTION ( 'NONE',  ( 1.000000000000000000, 1.448117816884087885E-14, 0.000000000000000000 ) ) ;
#301 = ORIENTED_EDGE ( 'NONE', *, *, #3875, .F. ) ;
#302 = AXIS2_PLACEMENT_3D ( 'NONE', #3435, #673, #4149 ) ;
#303 = CIRCLE ( 'NONE', #3264, 1.598592169929840434 ) ;
#304 = EDGE_CURVE ( 'NONE', #371, #4085, #4481, .T. ) ;
#305 = CARTESIAN_POINT ( 'NONE',  ( 13.56122676773205882, 15.87339205749152882, 0.000000000000000000 ) ) ;
#306 = EDGE_CURVE ( 'NONE', #2722, #1845, #4182, .T. ) ;
#307 = CARTESIAN_POINT ( 'NONE',  ( 42.11657726957159298, 25.65385016141008379, 10.00000000000000000 ) ) ;
#308 = DIRECTION ( 'NONE',  ( 1.000000000000000000, 0.000000000000000000, 0.000000000000000000 ) ) ;
#309 = ORIENTED_EDGE ( 'NONE', *, *, #1047, .F. ) ;
#310 = AXIS2_PLACEMENT_3D ( 'NONE', #2567, #3973, #2220 ) ;
#311 = CARTESIAN_POINT ( 'NONE',  ( 14.53962618626709435, 11.84450365964513097, 7.000000000000000000 ) ) ;
#312 = CARTESIAN_POINT ( 'NONE',  ( 40.32373812756966203, -5.541431687391643379, 8.099999999999967670 ) ) ;
#313 = EDGE_LOOP ( 'NONE', ( #1986, #73, #2582, #1983 ) ) ;
#314 = AXIS2_PLACEMENT_3D ( 'NONE', #3630, #415, #3962 ) ;
#315 = ORIENTED_EDGE ( 'NONE', *, *, #3818, .F. ) ;
#316 = VECTOR ( 'NONE', #2579, 1000.000000000000000 ) ;
#317 = AXIS2_PLACEMENT_3D ( 'NONE', #861, #4052, #2252 ) ;
#318 = CARTESIAN_POINT ( 'NONE',  ( 21.63965196924101875, 29.91810760435984662, -1.499999999999999556 ) ) ;
#319 = EDGE_LOOP ( 'NONE', ( #1626, #1417, #1026, #4251 ) ) ;
#320 = LINE ( 'NONE', #1458, #1957 ) ;
#321 = AXIS2_PLACEMENT_3D ( 'NONE', #1491, #2536, #403 ) ;
#322 = AXIS2_PLACEMENT_3D ( 'NONE', #4247, #4561, #1399 ) ;
#323 = EDGE_LOOP ( 'NONE', ( #3466, #2670, #1349, #3841 ) ) ;
#324 = VERTEX_POINT ( 'NONE', #3112 ) ;
#325 = FACE_BOUND ( 'NONE', #3157, .T. ) ;
#326 = DIRECTION ( 'NONE',  ( 1.000000000000000000, -7.608436298143923353E-17, 0.000000000000000000 ) ) ;
#327 = ORIENTED_EDGE ( 'NONE', *, *, #297, .T. ) ;
#328 = EDGE_CURVE ( 'NONE', #649, #4190, #3155, .T. ) ;
#329 = DIRECTION ( 'NONE',  ( 1.000000000000000000, 0.000000000000000000, 0.000000000000000000 ) ) ;
#330 = DIRECTION ( 'NONE',  ( 0.000000000000000000, -0.000000000000000000, 1.000000000000000000 ) ) ;
#331 = CARTESIAN_POINT ( 'NONE',  ( 0.000000000000000000, -3.280664091403945104, 8.500000000000000000 ) ) ;
#332 = EDGE_LOOP ( 'NONE', ( #4265, #208, #4043, #995, #2268, #946, #3595, #2289, #1812, #1146, #1375, #1307, #2506, #1612, #929, #654, #3310, #509, #4541, #3145, #4414, #148, #3949, #3681 ) ) ;
#333 = EDGE_CURVE ( 'NONE', #1636, #1394, #2079, .T. ) ;
#334 = ADVANCED_FACE ( 'NONE', ( #1359 ), #1189, .T. ) ;
#335 = CYLINDRICAL_SURFACE ( 'NONE', #833, 1.800000000000001155 ) ;
#336 = DIRECTION ( 'NONE',  ( 0.6672259460937000064, 0.2341143670503002261, 0.7071067811865505703 ) ) ;
#337 = ORIENTED_EDGE ( 'NONE', *, *, #4358, .T. ) ;
#338 = EDGE_LOOP ( 'NONE', ( #2334, #4556, #3228, #2354 ) ) ;
#339 = CARTESIAN_POINT ( 'NONE',  ( 0.000000000000000000, 0.000000000000000000, 10.00000000000000000 ) ) ;
#340 = DIRECTION ( 'NONE',  ( -1.000000000000000000, 0.000000000000000000, 0.000000000000000000 ) ) ;
#341 = ORIENTED_EDGE ( 'NONE', *, *, #1219, .F. ) ;
#342 = ORIENTED_EDGE ( 'NONE', *, *, #1724, .T. ) ;
#343 = LINE ( 'NONE', #702, #3629 ) ;
#344 = DIRECTION ( 'NONE',  ( -0.000000000000000000, -0.000000000000000000, 1.000000000000000000 ) ) ;
#345 = ORIENTED_EDGE ( 'NONE', *, *, #3054, .T. ) ;
#346 = CARTESIAN_POINT ( 'NONE',  ( 49.88965271631338538, 24.06008121832737601, 8.539339828220144923 ) ) ;
#347 = DIRECTION ( 'NONE',  ( 0.000000000000000000, -1.000000000000000000, -0.000000000000000000 ) ) ;
#348 = LINE ( 'NONE', #3376, #1147 ) ;
#349 = EDGE_CURVE ( 'NONE', #402, #3932, #3773, .T. ) ;
#350 = ORIENTED_EDGE ( 'NONE', *, *, #4327, .T. ) ;
#351 = DIRECTION ( 'NONE',  ( 0.000000000000000000, -1.000000000000000000, -0.000000000000000000 ) ) ;
#352 = CARTESIAN_POINT ( 'NONE',  ( 70.88964148684802069, 33.87074373865890919, 0.000000000000000000 ) ) ;
#353 = EDGE_CURVE ( 'NONE', #4066, #1636, #3409, .T. ) ;
#354 = EDGE_CURVE ( 'NONE', #3399, #4549, #2601, .T. ) ;
#355 = EDGE_LOOP ( 'NONE', ( #4049, #981, #1537, #4353 ) ) ;
#356 = FACE_OUTER_BOUND ( 'NONE', #3198, .T. ) ;
#357 = B_SPLINE_CURVE_WITH_KNOTS ( 'NONE', 3,
 ( #1742, #1645, #3057, #2158 ),
 .UNSPECIFIED., .F., .F.,
 ( 4, 4 ),
 ( 0.000000000000000000, 1.000000000000000000 ),
 .UNSPECIFIED. ) ;
#358 = CARTESIAN_POINT ( 'NONE',  ( 35.00844587832606436, 23.62074139010718810, 8.500000000000000000 ) ) ;
#359 = ORIENTED_EDGE ( 'NONE', *, *, #3023, .F. ) ;
#360 = EDGE_CURVE ( 'NONE', #3405, #1874, #1782, .T. ) ;
#361 = EDGE_CURVE ( 'NONE', #821, #3541, #2443, .T. ) ;
#362 = CARTESIAN_POINT ( 'NONE',  ( 21.66314636299513552, 25.65259428362899641, 10.00000000000000000 ) ) ;
#363 = DIRECTION ( 'NONE',  ( 0.000000000000000000, 0.000000000000000000, -1.000000000000000000 ) ) ;
#364 = VERTEX_POINT ( 'NONE', #3136 ) ;
#365 = ORIENTED_EDGE ( 'NONE', *, *, #2746, .T. ) ;
#366 = VECTOR ( 'NONE', #2103, 1000.000000000000000 ) ;
#367 = FACE_BOUND ( 'NONE', #3990, .T. ) ;
#368 = LINE ( 'NONE', #1145, #4023 ) ;
#369 = EDGE_LOOP ( 'NONE', ( #3455, #4354, #907, #3582 ) ) ;
#370 = AXIS2_PLACEMENT_3D ( 'NONE', #2039, #2425, #3479 ) ;
#371 = VERTEX_POINT ( 'NONE', #307 ) ;
#372 = DIRECTION ( 'NONE',  ( 0.000000000000000000, 0.000000000000000000, 1.000000000000000000 ) ) ;
#373 = LINE ( 'NONE', #3522, #1937 ) ;
#374 = CARTESIAN_POINT ( 'NONE',  ( 13.56122676773205882, 13.44605680722920482, 0.000000000000000000 ) ) ;
#375 = VECTOR ( 'NONE', #122, 1000.000000000000000 ) ;
#376 = ORIENTED_EDGE ( 'NONE', *, *, #3609, .T. ) ;
#377 = CC_DESIGN_PERSON_AND_ORGANIZATION_ASSIGNMENT ( #3832, #1687, ( #3019 ) ) ;
#378 = AXIS2_PLACEMENT_3D ( 'NONE', #2164, #3565, #1462 ) ;
#379 = DIRECTION ( 'NONE',  ( -0.6672259460937065567, -0.2341143670503035568, -0.7071067811865433539 ) ) ;
#380 = DIRECTION ( 'NONE',  ( 1.000000000000000000, 0.000000000000000000, -0.000000000000000000 ) ) ;
#381 = LINE ( 'NONE', #2938, #3107 ) ;
#382 = AXIS2_PLACEMENT_3D ( 'NONE', #4434, #1271, #2985 ) ;
#383 = ORIENTED_EDGE ( 'NONE', *, *, #574, .T. ) ;
#384 = ADVANCED_FACE ( 'NONE', ( #1338 ), #617, .T. ) ;
#385 = DIRECTION ( 'NONE',  ( 1.000000000000000000, 0.000000000000000000, 0.000000000000000000 ) ) ;
#386 = AXIS2_PLACEMENT_3D ( 'NONE', #2340, #214, #1681 ) ;
#387 = LINE ( 'NONE', #2502, #2174 ) ;
#388 = CARTESIAN_POINT ( 'NONE',  ( 51.54105979930824333, 22.37074213718250704, 8.500000000000000000 ) ) ;
#389 = AXIS2_PLACEMENT_3D ( 'NONE', #2494, #2197, #3227 ) ;
#390 = VECTOR ( 'NONE', #4487, 1000.000000000000000 ) ;
#391 = ADVANCED_FACE ( 'NONE', ( #1702 ), #1381, .F. ) ;
#392 = EDGE_CURVE ( 'NONE', #3062, #1677, #2383, .T. ) ;
#393 = CARTESIAN_POINT ( 'NONE',  ( 50.37548872293180580, 8.254775557466640379, 7.000000000000000000 ) ) ;
#394 = CIRCLE ( 'NONE', #2624, 1.625000000000001332 ) ;
#395 = ORIENTED_EDGE ( 'NONE', *, *, #1715, .F. ) ;
#396 = AXIS2_PLACEMENT_3D ( 'NONE', #1735, #994, #1319 ) ;
#397 = ORIENTED_EDGE ( 'NONE', *, *, #2181, .T. ) ;
#398 = LINE ( 'NONE', #25, #1275 ) ;
#399 = CARTESIAN_POINT ( 'NONE',  ( 17.99944820309060134, -17.12925626134109081, 9.411786357714873930 ) ) ;
#400 = ORIENTED_EDGE ( 'NONE', *, *, #2803, .T. ) ;
#401 = VECTOR ( 'NONE', #2957, 1000.000000000000000 ) ;
#402 = VERTEX_POINT ( 'NONE', #267 ) ;
#403 = DIRECTION ( 'NONE',  ( 3.965077011492361418E-15, -1.000000000000000000, 0.000000000000000000 ) ) ;
#404 = LINE ( 'NONE', #2196, #82 ) ;
#405 = PLANE ( 'NONE',  #2842 ) ;
#406 = ORIENTED_EDGE ( 'NONE', *, *, #4127, .F. ) ;
#407 = LINE ( 'NONE', #3600, #4523 ) ;
#408 = LINE ( 'NONE', #431, #3133 ) ;
#409 = CARTESIAN_POINT ( 'NONE',  ( 15.03063497486373201, -3.179256261333784472, 8.500000000000000000 ) ) ;
#410 = VERTEX_POINT ( 'NONE', #1028 ) ;
#411 = CARTESIAN_POINT ( 'NONE',  ( 12.33964078082063587, 5.376919480069707546, 10.00000000000000000 ) ) ;
#412 = CARTESIAN_POINT ( 'NONE',  ( 43.13965196923869172, 0.000000000000000000, 10.00000000000000000 ) ) ;
#413 = LINE ( 'NONE', #1037, #3873 ) ;
#414 = ADVANCED_FACE ( 'NONE', ( #681 ), #2364, .F. ) ;
#415 = DIRECTION ( 'NONE',  ( 0.000000000000000000, 0.000000000000000000, 1.000000000000000000 ) ) ;
#416 = ORIENTED_EDGE ( 'NONE', *, *, #2664, .F. ) ;
#417 = ORIENTED_EDGE ( 'NONE', *, *, #3693, .T. ) ;
#418 = DIRECTION ( 'NONE',  ( -3.965077011492361418E-15, 1.000000000000000000, 0.000000000000000000 ) ) ;
#419 = APPLICATION_CONTEXT ( 'configuration controlled 3d designs of mechanical parts and assemblies' ) ;
#420 = CARTESIAN_POINT ( 'NONE',  ( 67.63964148684804911, -12.12925626134114765, 10.00000000000000000 ) ) ;
#421 = EDGE_CURVE ( 'NONE', #545, #3434, #4222, .T. ) ;
#422 = EDGE_CURVE ( 'NONE', #2965, #261, #241, .T. ) ;
#423 = ORIENTED_EDGE ( 'NONE', *, *, #4437, .F. ) ;
#424 = ORIENTED_EDGE ( 'NONE', *, *, #297, .F. ) ;
#425 = DIRECTION ( 'NONE',  ( 0.000000000000000000, 0.000000000000000000, 1.000000000000000000 ) ) ;
#426 = DIRECTION ( 'NONE',  ( 0.3310877130289300863, -0.9435999821329336124, 0.000000000000000000 ) ) ;
#427 = DIRECTION ( 'NONE',  ( 1.000000000000000000, 0.000000000000000000, 0.000000000000000000 ) ) ;
#428 = EDGE_CURVE ( 'NONE', #4478, #1081, #1820, .T. ) ;
#429 = ORIENTED_EDGE ( 'NONE', *, *, #3877, .T. ) ;
#430 = LINE ( 'NONE', #1753, #757 ) ;
#431 = CARTESIAN_POINT ( 'NONE',  ( 51.13965032567459446, 2.225903408490706349E-13, 10.00000000000000000 ) ) ;
#432 = LINE ( 'NONE', #1847, #1485 ) ;
#433 = ORIENTED_EDGE ( 'NONE', *, *, #859, .F. ) ;
#434 = PLANE ( 'NONE',  #2019 ) ;
#435 = CARTESIAN_POINT ( 'NONE',  ( 47.03964868210911732, -1.129254617768226998, 10.00000000000000000 ) ) ;
#436 = PLANE ( 'NONE',  #2474 ) ;
#437 = LINE ( 'NONE', #490, #4158 ) ;
#438 = ORIENTED_EDGE ( 'NONE', *, *, #2940, .T. ) ;
#439 = VERTEX_POINT ( 'NONE', #4290 ) ;
#440 = CARTESIAN_POINT ( 'NONE',  ( 21.56834488186064291, -9.176615478020329064, -1.499999999999999556 ) ) ;
#441 = DIRECTION ( 'NONE',  ( 1.000000000000000000, 0.000000000000000000, 0.000000000000000000 ) ) ;
#442 = ORIENTED_EDGE ( 'NONE', *, *, #3054, .F. ) ;
#443 = EDGE_CURVE ( 'NONE', #935, #1801, #404, .T. ) ;
#444 = EDGE_LOOP ( 'NONE', ( #2437, #2615, #3939, #2930 ) ) ;
#445 = CARTESIAN_POINT ( 'NONE',  ( 42.21093726778487110, 23.62074139010718454, 8.500000000000000000 ) ) ;
#446 = LINE ( 'NONE', #1050, #605 ) ;
#447 = DIRECTION ( 'NONE',  ( 1.000000000000000000, 0.000000000000000000, 0.000000000000000000 ) ) ;
#448 = ORIENTED_EDGE ( 'NONE', *, *, #4134, .T. ) ;
#449 = AXIS2_PLACEMENT_3D ( 'NONE', #131, #4089, #3043 ) ;
#450 = ADVANCED_FACE ( 'NONE', ( #3226 ), #2145, .T. ) ;
#451 = ADVANCED_FACE ( 'NONE', ( #3897 ), #2171, .F. ) ;
#452 = CARTESIAN_POINT ( 'NONE',  ( 40.73829918162850561, -5.395971668423705125, 8.539339828220141371 ) ) ;
#453 = VECTOR ( 'NONE', #1793, 1000.000000000000000 ) ;
#454 = DIRECTION ( 'NONE',  ( 0.000000000000000000, -1.000000000000000000, 0.000000000000000000 ) ) ;
#455 = CARTESIAN_POINT ( 'NONE',  ( 12.33964078082063587, 0.5364406324050796648, 10.00000000000000000 ) ) ;
#456 = ORIENTED_EDGE ( 'NONE', *, *, #3442, .F. ) ;
#457 = VECTOR ( 'NONE', #3233, 1000.000000000000000 ) ;
#458 = CARTESIAN_POINT ( 'NONE',  ( 30.63965226057670321, -0.3792562613337845945, 0.000000000000000000 ) ) ;
#459 = DIRECTION ( 'NONE',  ( 0.000000000000000000, 0.000000000000000000, -1.000000000000000000 ) ) ;
#460 = VECTOR ( 'NONE', #1849, 1000.000000000000000 ) ;
#461 = APPLICATION_PROTOCOL_DEFINITION ( 'international standard', 'config_control_design', 1994, #419 ) ;
#462 = VECTOR ( 'NONE', #1545, 1000.000000000000000 ) ;
#463 = CARTESIAN_POINT ( 'NONE',  ( 42.21093809183552992, -4.879256261333784650, 8.539339828220141371 ) ) ;
#464 = ORIENTED_EDGE ( 'NONE', *, *, #2574, .T. ) ;
#465 = ORIENTED_EDGE ( 'NONE', *, *, #2123, .T. ) ;
#466 = LINE ( 'NONE', #3291, #4443 ) ;
#467 = AXIS2_PLACEMENT_3D ( 'NONE', #1077, #425, #2811 ) ;
#468 = CYLINDRICAL_SURFACE ( 'NONE', #4027, 1.249999252925071414 ) ;
#469 = VECTOR ( 'NONE', #1372, 1000.000000000000000 ) ;
#470 = AXIS2_PLACEMENT_3D ( 'NONE', #4427, #846, #2359 ) ;
#471 = AXIS2_PLACEMENT_3D ( 'NONE', #3722, #2646, #3027 ) ;
#472 = ORIENTED_EDGE ( 'NONE', *, *, #3491, .T. ) ;
#473 = CARTESIAN_POINT ( 'NONE',  ( 49.23965032567458877, 22.62074139010718454, 7.000000000000000000 ) ) ;
#474 = CARTESIAN_POINT ( 'NONE',  ( 23.61677660504441079, -1.879256261333785982, 0.000000000000000000 ) ) ;
#475 = CYLINDRICAL_SURFACE ( 'NONE', #1427, 4.000000000000003553 ) ;
#476 = ORIENTED_EDGE ( 'NONE', *, *, #4300, .F. ) ;
#477 = VECTOR ( 'NONE', #908, 1000.000000000000114 ) ;
#478 = AXIS2_PLACEMENT_3D ( 'NONE', #3440, #726, #329 ) ;
#479 = EDGE_CURVE ( 'NONE', #4342, #3434, #2468, .T. ) ;
#480 = CARTESIAN_POINT ( 'NONE',  ( 49.88965271631336407, 22.37074213718249993, 8.500000000000000000 ) ) ;
#481 = VECTOR ( 'NONE', #2265, 1000.000000000000000 ) ;
#482 = CARTESIAN_POINT ( 'NONE',  ( 43.13965196923869172, -1.129254617768218116, 7.000000000000000000 ) ) ;
#483 = CARTESIAN_POINT ( 'NONE',  ( 42.68241231761911791, -11.26910608379324685, 8.419966854344284712 ) ) ;
#484 = ADVANCED_FACE ( 'NONE', ( #3878 ), #57, .T. ) ;
#485 = ORIENTED_EDGE ( 'NONE', *, *, #1278, .F. ) ;
#486 = ADVANCED_FACE ( 'NONE', ( #1449 ), #1412, .T. ) ;
#487 = FACE_OUTER_BOUND ( 'NONE', #3806, .T. ) ;
#488 = LINE ( 'NONE', #1902, #4025 ) ;
#489 =( NAMED_UNIT ( * ) SI_UNIT ( $, .STERADIAN. ) SOLID_ANGLE_UNIT ( ) );
#490 = CARTESIAN_POINT ( 'NONE',  ( 51.38965032567400470, 5.570747475363331702, 10.00000000000000000 ) ) ;
#491 = VERTEX_POINT ( 'NONE', #3970 ) ;
#492 = EDGE_LOOP ( 'NONE', ( #734, #2510, #160, #3872 ) ) ;
#493 = DIRECTION ( 'NONE',  ( -1.885580459578342395E-06, 0.9999999999982223109, 0.000000000000000000 ) ) ;
#494 = DIRECTION ( 'NONE',  ( 0.000000000000000000, 0.000000000000000000, -1.000000000000000000 ) ) ;
#495 = VERTEX_POINT ( 'NONE', #1469 ) ;
#496 = CARTESIAN_POINT ( 'NONE',  ( 12.63963405267827511, 7.672624109789229152, 7.000000000000000000 ) ) ;
#497 = LINE ( 'NONE', #1914, #3113 ) ;
#498 = DIRECTION ( 'NONE',  ( -0.9999999999999853451, -1.714279131736711558E-07, 0.000000000000000000 ) ) ;
#499 = ORIENTED_EDGE ( 'NONE', *, *, #816, .T. ) ;
#500 = DIRECTION ( 'NONE',  ( -1.000000000000000000, 0.000000000000000000, 0.000000000000000000 ) ) ;
#501 = EDGE_CURVE ( 'NONE', #4578, #3729, #2537, .T. ) ;
#502 = PLANE ( 'NONE',  #923 ) ;
#503 = CARTESIAN_POINT ( 'NONE',  ( 49.23965032567458877, 22.62074139010718454, 7.000000000000000000 ) ) ;
#504 = ORIENTED_EDGE ( 'NONE', *, *, #2156, .F. ) ;
#505 = CYLINDRICAL_SURFACE ( 'NONE', #1348, 3.250000000000002665 ) ;
#506 = EDGE_CURVE ( 'NONE', #1838, #4097, #1781, .T. ) ;
#507 = FACE_OUTER_BOUND ( 'NONE', #3330, .T. ) ;
#508 = ADVANCED_FACE ( 'NONE', ( #3573 ), #2883, .T. ) ;
#509 = ORIENTED_EDGE ( 'NONE', *, *, #19, .T. ) ;
#510 = CARTESIAN_POINT ( 'NONE',  ( 49.88965271631336407, 22.37074213718249993, 7.000000000000000000 ) ) ;
#511 = EDGE_CURVE ( 'NONE', #1383, #4549, #2865, .T. ) ;
#512 = LINE ( 'NONE', #2666, #2466 ) ;
#513 = EDGE_CURVE ( 'NONE', #2419, #2127, #2451, .T. ) ;
#514 = ORIENTED_EDGE ( 'NONE', *, *, #2519, .T. ) ;
#515 = DIRECTION ( 'NONE',  ( 0.000000000000000000, -1.000000000000000000, 0.000000000000000000 ) ) ;
#516 = CARTESIAN_POINT ( 'NONE',  ( 42.21093726778487110, 25.62074139010719520, 10.00000000000000178 ) ) ;
#517 = ORIENTED_EDGE ( 'NONE', *, *, #3617, .T. ) ;
#518 = DIRECTION ( 'NONE',  ( 1.000000000000000000, -6.746193835927598242E-16, -0.000000000000000000 ) ) ;
#519 = LINE ( 'NONE', #1222, #2752 ) ;
#520 = CARTESIAN_POINT ( 'NONE',  ( 21.28390694639366387, -10.87925391278937681, 8.353985100478244163 ) ) ;
#521 = VERTEX_POINT ( 'NONE', #4248 ) ;
#522 = CARTESIAN_POINT ( 'NONE',  ( 21.63965196924048229, 24.03487272418444931, 8.513333567810494884 ) ) ;
#523 = CARTESIAN_POINT ( 'NONE',  ( 21.09686991540698386, 32.01059503282187535, 8.419967103428600552 ) ) ;
#524 = CARTESIAN_POINT ( 'NONE',  ( 42.49537602730250541, -10.87925391278937681, 8.353985100478244163 ) ) ;
#525 = AXIS2_PLACEMENT_3D ( 'NONE', #3208, #1800, #2544 ) ;
#526 = ORIENTED_EDGE ( 'NONE', *, *, #1019, .F. ) ;
#527 = AXIS2_PLACEMENT_3D ( 'NONE', #748, #4220, #1768 ) ;
#528 = DIRECTION ( 'NONE',  ( 1.000000000000000000, 0.000000000000000000, 0.000000000000000000 ) ) ;
#529 = DIRECTION ( 'NONE',  ( -0.000000000000000000, -0.000000000000000000, 1.000000000000000000 ) ) ;
#530 = CARTESIAN_POINT ( 'NONE',  ( 42.86653354287899731, 32.37645228783416940, 8.481887762452162249 ) ) ;
#531 = VECTOR ( 'NONE', #1814, 1000.000000000000114 ) ;
#532 = VERTEX_POINT ( 'NONE', #104 ) ;
#533 = EDGE_CURVE ( 'NONE', #1912, #581, #373, .T. ) ;
#534 = AXIS2_PLACEMENT_3D ( 'NONE', #1082, #4320, #4274 ) ;
#535 = CARTESIAN_POINT ( 'NONE',  ( -3.110358513151917137, -17.12925626134109081, 10.00000000000000000 ) ) ;
#536 = VERTEX_POINT ( 'NONE', #4269 ) ;
#537 = DIRECTION ( 'NONE',  ( 0.000000000000000000, 0.000000000000000000, -1.000000000000000000 ) ) ;
#538 = TOROIDAL_SURFACE ( 'NONE', #3858, 0.5000000000000038858, 1.500000000000000000 ) ;
#539 = EDGE_CURVE ( 'NONE', #722, #3754, #3544, .T. ) ;
#540 = ORIENTED_EDGE ( 'NONE', *, *, #3617, .F. ) ;
#541 = CIRCLE ( 'NONE', #4528, 1.598592169929836881 ) ;
#542 = DIRECTION ( 'NONE',  ( -0.000000000000000000, -0.000000000000000000, 1.000000000000000000 ) ) ;
#543 = LINE ( 'NONE', #845, #3628 ) ;
#544 = DIRECTION ( 'NONE',  ( -1.000000000000000000, 0.000000000000000000, 0.000000000000000000 ) ) ;
#545 = VERTEX_POINT ( 'NONE', #3201 ) ;
#546 = AXIS2_PLACEMENT_3D ( 'NONE', #235, #674, #3777 ) ;
#547 = VECTOR ( 'NONE', #3511, 1000.000000000000000 ) ;
#548 = CARTESIAN_POINT ( 'NONE',  ( 12.63964750896299627, 5.376919480069707546, 10.00000000000000000 ) ) ;
#549 = DIRECTION ( 'NONE',  ( 0.000000000000000000, 0.000000000000000000, -1.000000000000000000 ) ) ;
#550 = CIRCLE ( 'NONE', #3354, 1.625000000000001332 ) ;
#551 = DIRECTION ( 'NONE',  ( -1.000000000000000000, 0.000000000000000000, 0.000000000000000000 ) ) ;
#552 = CIRCLE ( 'NONE', #2626, 1.625000000000001332 ) ;
#553 = VERTEX_POINT ( 'NONE', #2907 ) ;
#554 = VECTOR ( 'NONE', #862, 1000.000000000000000 ) ;
#555 = AXIS2_PLACEMENT_3D ( 'NONE', #2172, #779, #3574 ) ;
#556 = LINE ( 'NONE', #2591, #4084 ) ;
#557 = CARTESIAN_POINT ( 'NONE',  ( 50.37548872293180580, 8.254775557466640379, 0.000000000000000000 ) ) ;
#558 = ORIENTED_EDGE ( 'NONE', *, *, #990, .F. ) ;
#559 = LINE ( 'NONE', #1996, #2041 ) ;
#560 = CARTESIAN_POINT ( 'NONE',  ( 43.04652647392542519, 32.71590692879108531, 8.539339828220146700 ) ) ;
#561 = EDGE_LOOP ( 'NONE', ( #2051, #526, #2053, #2935 ) ) ;
#562 = DIRECTION ( 'NONE',  ( 0.000000000000000000, 1.000000000000000000, 0.000000000000000000 ) ) ;
#563 = VERTEX_POINT ( 'NONE', #4318 ) ;
#564 = DIRECTION ( 'NONE',  ( 1.000000000000000000, 0.000000000000000000, 0.000000000000000000 ) ) ;
#565 = ORIENTED_EDGE ( 'NONE', *, *, #1194, .T. ) ;
#566 = EDGE_CURVE ( 'NONE', #1502, #725, #446, .T. ) ;
#567 = EDGE_LOOP ( 'NONE', ( #4280, #1455, #3983, #1879, #740 ) ) ;
#568 = EDGE_CURVE ( 'NONE', #687, #710, #519, .T. ) ;
#569 = CARTESIAN_POINT ( 'NONE',  ( 21.63965196924047873, 25.54893010073556425, 10.00000000000000000 ) ) ;
#570 = CARTESIAN_POINT ( 'NONE',  ( 2.639641486848050889, -12.12925626134106416, 10.00000000000000000 ) ) ;
#571 = VERTEX_POINT ( 'NONE', #2606 ) ;
#572 = LINE ( 'NONE', #3388, #2614 ) ;
#573 = DIRECTION ( 'NONE',  ( -1.000000000000000000, 0.000000000000000000, 0.000000000000000000 ) ) ;
#574 = EDGE_CURVE ( 'NONE', #2127, #1755, #2653, .T. ) ;
#575 = CYLINDRICAL_SURFACE ( 'NONE', #3921, 1.625000000000001332 ) ;
#576 = FACE_OUTER_BOUND ( 'NONE', #810, .T. ) ;
#577 = DIRECTION ( 'NONE',  ( -0.7071067811865440200, 0.000000000000000000, -0.7071067811865511255 ) ) ;
#578 = ORIENTED_EDGE ( 'NONE', *, *, #1840, .F. ) ;
#579 = CARTESIAN_POINT ( 'NONE',  ( 0.000000000000000000, -4.379256261333784650, 7.478679656440327506 ) ) ;
#580 = COORDINATED_UNIVERSAL_TIME_OFFSET ( 3, 0, .BEHIND. ) ;
#581 = VERTEX_POINT ( 'NONE', #2266 ) ;
#582 = DIRECTION ( 'NONE',  ( -0.9435999821329336124, -0.3310877130289305859, 0.000000000000000000 ) ) ;
#583 = ORIENTED_EDGE ( 'NONE', *, *, #1809, .F. ) ;
#584 = LINE ( 'NONE', #2001, #178 ) ;
#585 = ORIENTED_EDGE ( 'NONE', *, *, #4415, .T. ) ;
#586 = ORIENTED_EDGE ( 'NONE', *, *, #2603, .F. ) ;
#587 = CARTESIAN_POINT ( 'NONE',  ( 67.63964148684810596, 32.87074373865885235, 10.00000000000000000 ) ) ;
#588 = LINE ( 'NONE', #193, #4092 ) ;
#589 = ORIENTED_EDGE ( 'NONE', *, *, #1921, .T. ) ;
#590 = CARTESIAN_POINT ( 'NONE',  ( 48.24696216030569218, 0.8331418690884933032, 0.000000000000000000 ) ) ;
#591 = PLANE ( 'NONE',  #849 ) ;
#592 = DIRECTION ( 'NONE',  ( 0.000000000000000000, 1.000000000000000000, 0.000000000000000000 ) ) ;
#593 = VERTEX_POINT ( 'NONE', #3666 ) ;
#594 = EDGE_CURVE ( 'NONE', #3265, #1020, #2306, .T. ) ;
#595 = ADVANCED_FACE ( 'NONE', ( #4014 ), #890, .F. ) ;
#596 = CARTESIAN_POINT ( 'NONE',  ( 30.63965226057668900, -2.379256261333785538, 0.000000000000000000 ) ) ;
#597 = FACE_OUTER_BOUND ( 'NONE', #4527, .T. ) ;
#598 = ORIENTED_EDGE ( 'NONE', *, *, #3452, .T. ) ;
#599 = DIRECTION ( 'NONE',  ( 0.000000000000000000, -1.000000000000000000, 0.000000000000000000 ) ) ;
#600 = APPROVAL_STATUS ( 'not_yet_approved' ) ;
#601 = ORIENTED_EDGE ( 'NONE', *, *, #3738, .F. ) ;
#602 = VECTOR ( 'NONE', #3848, 1000.000000000000114 ) ;
#603 = PLANE ( 'NONE',  #839 ) ;
#604 = ORIENTED_EDGE ( 'NONE', *, *, #4416, .F. ) ;
#605 = VECTOR ( 'NONE', #1863, 1000.000000000000000 ) ;
#606 = CARTESIAN_POINT ( 'NONE',  ( 51.13965196923813039, 19.49574378152206222, 7.000000000000000000 ) ) ;
#607 = CIRCLE ( 'NONE', #1203, 3.250000000000007994 ) ;
#608 = EDGE_LOOP ( 'NONE', ( #1741, #4463, #3246, #3024 ) ) ;
#609 = ORIENTED_EDGE ( 'NONE', *, *, #4159, .T. ) ;
#610 = CARTESIAN_POINT ( 'NONE',  ( 51.43965032567459872, 5.570747475363331702, 7.000000000000000000 ) ) ;
#611 = DIRECTION ( 'NONE',  ( -1.000000000000000000, -7.786212173705107469E-16, 4.930380657631323784E-32 ) ) ;
#612 = CIRCLE ( 'NONE', #1206, 1.598592169929836881 ) ;
#613 = VERTEX_POINT ( 'NONE', #819 ) ;
#614 = CIRCLE ( 'NONE', #4306, 1.651407082994868603 ) ;
#615 = PLANE ( 'NONE',  #1053 ) ;
#616 = LINE ( 'NONE', #2424, #2776 ) ;
#617 = CYLINDRICAL_SURFACE ( 'NONE', #4511, 4.000000000000000000 ) ;
#618 = EDGE_CURVE ( 'NONE', #180, #1016, #3295, .T. ) ;
#619 = AXIS2_PLACEMENT_3D ( 'NONE', #957, #3436, #263 ) ;
#620 = VECTOR ( 'NONE', #273, 1000.000000000000000 ) ;
#621 = CARTESIAN_POINT ( 'NONE',  ( 42.49537715405227090, 31.62074373866633792, 8.353985497967505225 ) ) ;
#622 = AXIS2_PLACEMENT_3D ( 'NONE', #650, #230, #4535 ) ;
#623 = AXIS2_PLACEMENT_3D ( 'NONE', #412, #1828, #4349 ) ;
#624 = LINE ( 'NONE', #1754, #1804 ) ;
#625 = ORIENTED_EDGE ( 'NONE', *, *, #1802, .T. ) ;
#626 = EDGE_CURVE ( 'NONE', #1224, #1343, #543, .T. ) ;
#627 = EDGE_CURVE ( 'NONE', #1959, #3495, #1961, .T. ) ;
#628 = ORIENTED_EDGE ( 'NONE', *, *, #2862, .T. ) ;
#629 = DIRECTION ( 'NONE',  ( -1.000000000000000000, 0.000000000000000000, -0.000000000000000000 ) ) ;
#630 = PRODUCT_DEFINITION_FORMATION_WITH_SPECIFIED_SOURCE ( 'ANY', '', #716, .NOT_KNOWN. ) ;
#631 = ORIENTED_EDGE ( 'NONE', *, *, #4050, .T. ) ;
#632 = AXIS2_PLACEMENT_3D ( 'NONE', #579, #308, #1029 ) ;
#633 = DIRECTION ( 'NONE',  ( 0.000000000000000000, -1.000000000000000000, 0.000000000000000000 ) ) ;
#634 = ORIENTED_EDGE ( 'NONE', *, *, #3549, .F. ) ;
#635 = ORIENTED_EDGE ( 'NONE', *, *, #3134, .F. ) ;
#636 = CARTESIAN_POINT ( 'NONE',  ( 0.000000000000000000, -4.779256261333798328, 10.00000000000000000 ) ) ;
#637 = PLANE ( 'NONE',  #3943 ) ;
#638 = VERTEX_POINT ( 'NONE', #474 ) ;
#639 = DIRECTION ( 'NONE',  ( 1.714279131736711293E-07, -0.9999999999999853451, 0.000000000000000000 ) ) ;
#640 = CARTESIAN_POINT ( 'NONE',  ( 0.000000000000000000, 23.62074373866633437, 10.00000000000000000 ) ) ;
#641 = DIRECTION ( 'NONE',  ( -1.000000000000000000, 0.000000000000000000, 0.000000000000000000 ) ) ;
#642 = DIRECTION ( 'NONE',  ( -0.3310877130289296977, -0.9435999821329338344, 0.000000000000000000 ) ) ;
#643 = DIRECTION ( 'NONE',  ( 0.000000000000000000, 0.000000000000000000, 1.000000000000000000 ) ) ;
#644 = EDGE_LOOP ( 'NONE', ( #2780, #296, #2770, #1143 ) ) ;
#645 = ORIENTED_EDGE ( 'NONE', *, *, #851, .T. ) ;
#646 = EDGE_CURVE ( 'NONE', #4576, #1677, #497, .T. ) ;
#647 = EDGE_CURVE ( 'NONE', #1015, #2680, #4003, .T. ) ;
#648 = DIRECTION ( 'NONE',  ( 0.000000000000000000, 0.000000000000000000, -1.000000000000000000 ) ) ;
#649 = VERTEX_POINT ( 'NONE', #169 ) ;
#650 = CARTESIAN_POINT ( 'NONE',  ( -1.987099072936323280E-14, 25.52074139010717602, 10.00000000000000000 ) ) ;
#651 = EDGE_CURVE ( 'NONE', #4179, #59, #192, .T. ) ;
#652 = EDGE_CURVE ( 'NONE', #2642, #2505, #1171, .T. ) ;
#653 = ORIENTED_EDGE ( 'NONE', *, *, #2187, .T. ) ;
#654 = ORIENTED_EDGE ( 'NONE', *, *, #3753, .F. ) ;
#655 = CARTESIAN_POINT ( 'NONE',  ( 12.63964851998342809, 2.383307426154955016E-05, 10.00000000000000000 ) ) ;
#656 = PLANE ( 'NONE',  #3865 ) ;
#657 = ORIENTED_EDGE ( 'NONE', *, *, #4566, .T. ) ;
#658 = APPLICATION_CONTEXT ( 'configuration controlled 3d designs of mechanical parts and assemblies' ) ;
#659 = LINE ( 'NONE', #1358, #696 ) ;
#660 = DIRECTION ( 'NONE',  ( 1.000000000000000000, 7.786212173705108455E-16, 0.000000000000000000 ) ) ;
#661 = LINE ( 'NONE', #2796, #975 ) ;
#662 = LINE ( 'NONE', #4526, #1509 ) ;
#663 = ORIENTED_EDGE ( 'NONE', *, *, #422, .F. ) ;
#664 = DATE_AND_TIME ( #3748, #1370 ) ;
#665 = EDGE_LOOP ( 'NONE', ( #2532, #517, #3261, #1243 ) ) ;
#666 = LINE ( 'NONE', #692, #1058 ) ;
#667 = EDGE_LOOP ( 'NONE', ( #1784, #1694, #37, #3599, #27 ) ) ;
#668 = DIRECTION ( 'NONE',  ( -1.000000000000000000, 0.000000000000000000, 0.000000000000000000 ) ) ;
#669 = EDGE_CURVE ( 'NONE', #902, #1887, #3703, .T. ) ;
#670 = VECTOR ( 'NONE', #2569, 1000.000000000000000 ) ;
#671 = ORIENTED_EDGE ( 'NONE', *, *, #2093, .T. ) ;
#672 = ORIENTED_EDGE ( 'NONE', *, *, #2274, .T. ) ;
#673 = DIRECTION ( 'NONE',  ( 0.000000000000000000, 0.000000000000000000, -1.000000000000000000 ) ) ;
#674 = DIRECTION ( 'NONE',  ( -0.3310877130289296422, -0.9435999821329338344, 0.000000000000000000 ) ) ;
#675 = EDGE_CURVE ( 'NONE', #4206, #3119, #1661, .T. ) ;
#676 = EDGE_CURVE ( 'NONE', #3524, #4261, #126, .T. ) ;
#677 = ORIENTED_EDGE ( 'NONE', *, *, #2355, .F. ) ;
#678 = CIRCLE ( 'NONE', #3852, 1.624999999999999778 ) ;
#679 = CIRCLE ( 'NONE', #2758, 0.09999999999998204769 ) ;
#680 = FACE_OUTER_BOUND ( 'NONE', #3347, .T. ) ;
#681 = FACE_OUTER_BOUND ( 'NONE', #2871, .T. ) ;
#682 = DIRECTION ( 'NONE',  ( -0.000000000000000000, -0.000000000000000000, 1.000000000000000000 ) ) ;
#683 = ORIENTED_EDGE ( 'NONE', *, *, #1363, .T. ) ;
#684 = VECTOR ( 'NONE', #2854, 1000.000000000000000 ) ;
#685 = CARTESIAN_POINT ( 'NONE',  ( 1.014641486848049778, -12.12925626134106416, 0.000000000000000000 ) ) ;
#686 = DIRECTION ( 'NONE',  ( 0.000000000000000000, 0.000000000000000000, -1.000000000000000000 ) ) ;
#687 = VERTEX_POINT ( 'NONE', #3992 ) ;
#688 = VECTOR ( 'NONE', #4208, 1000.000000000000000 ) ;
#689 = ORIENTED_EDGE ( 'NONE', *, *, #2020, .T. ) ;
#690 = VECTOR ( 'NONE', #3317, 1000.000000000000114 ) ;
#691 = VECTOR ( 'NONE', #1205, 1000.000000000000000 ) ;
#692 = CARTESIAN_POINT ( 'NONE',  ( 21.63965196924048584, 22.37074213718245019, 8.500000000000000000 ) ) ;
#693 = ORIENTED_EDGE ( 'NONE', *, *, #539, .T. ) ;
#694 = AXIS2_PLACEMENT_3D ( 'NONE', #2629, #2280, #564 ) ;
#695 = CARTESIAN_POINT ( 'NONE',  ( 2.639641486848106844, 32.87074373865893051, 6.000000000000000000 ) ) ;
#696 = VECTOR ( 'NONE', #962, 1000.000000000000000 ) ;
#697 = CIRCLE ( 'NONE', #1966, 2.000000000000001776 ) ;
#698 = CIRCLE ( 'NONE', #467, 1.560660171779828298 ) ;
#699 = EDGE_CURVE ( 'NONE', #1801, #1912, #3923, .T. ) ;
#700 = ORIENTED_EDGE ( 'NONE', *, *, #1161, .T. ) ;
#701 = ORIENTED_EDGE ( 'NONE', *, *, #1676, .F. ) ;
#702 = CARTESIAN_POINT ( 'NONE',  ( 1.014641486848049778, -12.12925626134106416, 10.00000000000000000 ) ) ;
#703 = DIRECTION ( 'NONE',  ( 0.000000000000000000, 0.000000000000000000, 1.000000000000000000 ) ) ;
#704 = ORIENTED_EDGE ( 'NONE', *, *, #566, .F. ) ;
#705 = ADVANCED_FACE ( 'NONE', ( #4361 ), #4446, .F. ) ;
#706 = ADVANCED_FACE ( 'NONE', ( #2032 ), #2358, .F. ) ;
#707 = CARTESIAN_POINT ( 'NONE',  ( 21.28390694639366387, -10.87925391278937681, 8.353985100478244163 ) ) ;
#708 = DIRECTION ( 'NONE',  ( -1.000000000000000000, 0.000000000000000000, 0.000000000000000000 ) ) ;
#709 = CARTESIAN_POINT ( 'NONE',  ( 31.20818328045767842, 7.781535496509253136, 5.195681247559179816 ) ) ;
#710 = VERTEX_POINT ( 'NONE', #299 ) ;
#711 = ADVANCED_FACE ( 'NONE', ( #3804 ), #4109, .F. ) ;
#712 = CARTESIAN_POINT ( 'NONE',  ( 21.56834488186064291, -4.779256261333796552, 10.00000000000000000 ) ) ;
#713 = CARTESIAN_POINT ( 'NONE',  ( 21.28390581964390549, 31.62074373866633792, 8.353985497967505225 ) ) ;
#714 = ORIENTED_EDGE ( 'NONE', *, *, #3080, .F. ) ;
#715 = VERTEX_POINT ( 'NONE', #3456 ) ;
#716 = PRODUCT ( 'Felko Bastidor2', 'Felko Bastidor2', '', ( #2647 ) ) ;
#717 = CARTESIAN_POINT ( 'NONE',  ( 21.64227511926934255, 24.02236587113916499, 8.499998916436091179 ) ) ;
#718 = FACE_OUTER_BOUND ( 'NONE', #2133, .T. ) ;
#719 = CARTESIAN_POINT ( 'NONE',  ( 12.63964078082063658, 0.5364406324050797759, 10.00000000000000000 ) ) ;
#720 = DIRECTION ( 'NONE',  ( -1.448117816884087885E-14, 1.000000000000000000, 0.000000000000000000 ) ) ;
#721 = ORIENTED_EDGE ( 'NONE', *, *, #2886, .T. ) ;
#722 = VERTEX_POINT ( 'NONE', #3756 ) ;
#723 = CARTESIAN_POINT ( 'NONE',  ( 41.73913727671840945, 25.78628524662166299, 7.478679656440328394 ) ) ;
#724 = CARTESIAN_POINT ( 'NONE',  ( 42.21093809183552992, -4.879256261333784650, 10.00000000000000000 ) ) ;
#725 = VERTEX_POINT ( 'NONE', #587 ) ;
#726 = DIRECTION ( 'NONE',  ( -0.000000000000000000, -0.000000000000000000, 1.000000000000000000 ) ) ;
#727 = DIRECTION ( 'NONE',  ( 0.000000000000000000, 0.000000000000000000, 1.000000000000000000 ) ) ;
#728 = CARTESIAN_POINT ( 'NONE',  ( 49.69517519176000064, 2.633141869088493348, 0.000000000000000000 ) ) ;
#729 = ORIENTED_EDGE ( 'NONE', *, *, #2835, .F. ) ;
#730 = EDGE_CURVE ( 'NONE', #4316, #2419, #3036, .T. ) ;
#731 = LINE ( 'NONE', #3902, #1283 ) ;
#732 = DIRECTION ( 'NONE',  ( 0.000000000000000000, -1.000000000000000000, 0.000000000000000000 ) ) ;
#733 = DIRECTION ( 'NONE',  ( 0.000000000000000000, 0.000000000000000000, 1.000000000000000000 ) ) ;
#734 = ORIENTED_EDGE ( 'NONE', *, *, #443, .T. ) ;
#735 = EDGE_CURVE ( 'NONE', #815, #1460, #2421, .T. ) ;
#736 = DIRECTION ( 'NONE',  ( -0.000000000000000000, 0.000000000000000000, -1.000000000000000000 ) ) ;
#737 = DIRECTION ( 'NONE',  ( 1.885580459680950907E-06, -0.9999999999982223109, -0.000000000000000000 ) ) ;
#738 = CARTESIAN_POINT ( 'NONE',  ( 17.73963427495159095, 21.77074209509556013, 10.00000000000000000 ) ) ;
#739 = CARTESIAN_POINT ( 'NONE',  ( 66.88964148684802069, 37.87074373865891630, 10.00000000000000000 ) ) ;
#740 = ORIENTED_EDGE ( 'NONE', *, *, #2747, .F. ) ;
#741 = VERTEX_POINT ( 'NONE', #3473 ) ;
#742 = VECTOR ( 'NONE', #4452, 1000.000000000000114 ) ;
#743 = CARTESIAN_POINT ( 'NONE',  ( 42.21093726778487110, 25.52074139010721154, 10.00000000000000000 ) ) ;
#744 = DIRECTION ( 'NONE',  ( 1.000000000000000000, 0.000000000000000000, -0.000000000000000000 ) ) ;
#745 = ORIENTED_EDGE ( 'NONE', *, *, #1964, .F. ) ;
#746 = VECTOR ( 'NONE', #1421, 1000.000000000000000 ) ;
#747 = ORIENTED_EDGE ( 'NONE', *, *, #1671, .T. ) ;
#748 = CARTESIAN_POINT ( 'NONE',  ( 0.000000000000000000, 37.87074373865891630, 10.00000000000000000 ) ) ;
#749 = FACE_BOUND ( 'NONE', #4564, .T. ) ;
#750 = AXIS2_PLACEMENT_3D ( 'NONE', #1718, #2439, #2004 ) ;
#751 = ORIENTED_EDGE ( 'NONE', *, *, #2945, .F. ) ;
#752 = CIRCLE ( 'NONE', #3340, 1.624999999999999778 ) ;
#753 = LINE ( 'NONE', #2888, #2832 ) ;
#754 = ADVANCED_FACE ( 'NONE', ( #1695 ), #2376, .T. ) ;
#755 = DIRECTION ( 'NONE',  ( -0.000000000000000000, -0.000000000000000000, -1.000000000000000000 ) ) ;
#756 = CARTESIAN_POINT ( 'NONE',  ( 17.73963427495158740, 22.62074139010717744, 7.000000000000000000 ) ) ;
#757 = VECTOR ( 'NONE', #1425, 1000.000000000000000 ) ;
#758 = ORIENTED_EDGE ( 'NONE', *, *, #761, .T. ) ;
#759 = FACE_BOUND ( 'NONE', #1965, .T. ) ;
#760 = CIRCLE ( 'NONE', #3864, 1.500000000000000222 ) ;
#761 = EDGE_CURVE ( 'NONE', #1669, #261, #3776, .T. ) ;
#762 = DIRECTION ( 'NONE',  ( -0.000000000000000000, -0.000000000000000000, 1.000000000000000000 ) ) ;
#763 = EDGE_CURVE ( 'NONE', #4334, #2786, #1624, .T. ) ;
#764 = LINE ( 'NONE', #3188, #3726 ) ;
#765 = AXIS2_PLACEMENT_3D ( 'NONE', #4408, #1543, #2267 ) ;
#766 = DIRECTION ( 'NONE',  ( 1.000000000000000000, 0.000000000000000000, 0.000000000000000000 ) ) ;
#767 = EDGE_CURVE ( 'NONE', #3434, #545, #2391, .T. ) ;
#768 = AXIS2_PLACEMENT_3D ( 'NONE', #1837, #1463, #3519 ) ;
#769 = ORIENTED_EDGE ( 'NONE', *, *, #3502, .F. ) ;
#770 = CIRCLE ( 'NONE', #1371, 4.000000000000000000 ) ;
#771 = EDGE_LOOP ( 'NONE', ( #3538, #1548, #4375, #2054 ) ) ;
#772 = DIRECTION ( 'NONE',  ( 0.000000000000000000, 0.000000000000000000, -1.000000000000000000 ) ) ;
#773 = CARTESIAN_POINT ( 'NONE',  ( 21.56834488186064291, -4.879256261333784650, 7.478679656440331058 ) ) ;
#774 = VERTEX_POINT ( 'NONE', #3823 ) ;
#775 = AXIS2_PLACEMENT_3D ( 'NONE', #874, #2245, #3005 ) ;
#776 = ORIENTED_EDGE ( 'NONE', *, *, #3615, .F. ) ;
#777 = PLANE ( 'NONE',  #322 ) ;
#778 = DIRECTION ( 'NONE',  ( -1.448117816884087885E-14, 1.000000000000000000, 0.000000000000000000 ) ) ;
#779 = DIRECTION ( 'NONE',  ( -0.000000000000000000, -0.000000000000000000, 1.000000000000000000 ) ) ;
#780 = VERTEX_POINT ( 'NONE', #936 ) ;
#781 = CARTESIAN_POINT ( 'NONE',  ( -0.6103585131519497775, -12.12925626134106416, 0.000000000000000000 ) ) ;
#782 = DIRECTION ( 'NONE',  ( 0.000000000000000000, 0.000000000000000000, -1.000000000000000000 ) ) ;
#783 = DIRECTION ( 'NONE',  ( 0.3310877130289296977, 0.9435999821329338344, 0.000000000000000000 ) ) ;
#784 = EDGE_LOOP ( 'NONE', ( #2703, #2374, #2173, #3734 ) ) ;
#785 = FACE_BOUND ( 'NONE', #1183, .T. ) ;
#786 = PLANE ( 'NONE',  #1356 ) ;
#787 = DIRECTION ( 'NONE',  ( 0.000000000000000000, 0.000000000000000000, 1.000000000000000000 ) ) ;
#788 = EDGE_CURVE ( 'NONE', #1755, #935, #4197, .T. ) ;
#789 = DIRECTION ( 'NONE',  ( 0.000000000000000000, 0.000000000000000000, -1.000000000000000000 ) ) ;
#790 = ORIENTED_EDGE ( 'NONE', *, *, #3098, .T. ) ;
#791 = ORIENTED_EDGE ( 'NONE', *, *, #990, .T. ) ;
#792 = DIRECTION ( 'NONE',  ( 1.000000000000000000, 0.000000000000000000, 0.000000000000000000 ) ) ;
#793 = LINE ( 'NONE', #1857, #2771 ) ;
#794 = ORIENTED_EDGE ( 'NONE', *, *, #421, .F. ) ;
#795 = EDGE_CURVE ( 'NONE', #1686, #2642, #4514, .T. ) ;
#796 = ADVANCED_FACE ( 'NONE', ( #1678 ), #3406, .T. ) ;
#797 = VERTEX_POINT ( 'NONE', #1024 ) ;
#798 = LINE ( 'NONE', #445, #3066 ) ;
#799 = CARTESIAN_POINT ( 'NONE',  ( 49.69517519176000064, 3.868502244280196845, 0.000000000000000000 ) ) ;
#800 = CARTESIAN_POINT ( 'NONE',  ( 64.38964148684804911, -12.12925626134114765, 10.00000000000000000 ) ) ;
#801 = ORIENTED_EDGE ( 'NONE', *, *, #767, .T. ) ;
#802 = DIRECTION ( 'NONE',  ( 0.000000000000000000, 0.000000000000000000, 1.000000000000000000 ) ) ;
#803 = DIRECTION ( 'NONE',  ( 0.000000000000000000, 0.000000000000000000, -1.000000000000000000 ) ) ;
#804 = CARTESIAN_POINT ( 'NONE',  ( 49.23965032567459588, 14.27141935088972780, 0.000000000000000000 ) ) ;
#805 = ORIENTED_EDGE ( 'NONE', *, *, #4385, .T. ) ;
#806 = CARTESIAN_POINT ( 'NONE',  ( 14.53961556962680390, 17.47493975866938598, 0.000000000000000000 ) ) ;
#807 = LINE ( 'NONE', #2183, #4395 ) ;
#808 = CARTESIAN_POINT ( 'NONE',  ( 51.43965032567459872, 0.1704718338856545945, 10.00000000000000000 ) ) ;
#809 = CARTESIAN_POINT ( 'NONE',  ( 23.07677642484429015, -5.408530486941809379, 8.500000000000000000 ) ) ;
#810 = EDGE_LOOP ( 'NONE', ( #2194, #4444, #2392, #1757, #1112 ) ) ;
#811 = ADVANCED_FACE ( 'NONE', ( #978 ), #1006, .F. ) ;
#812 = ORIENTED_EDGE ( 'NONE', *, *, #2293, .T. ) ;
#813 = PLANE ( 'NONE',  #3187 ) ;
#814 = CARTESIAN_POINT ( 'NONE',  ( 49.88965128703429741, -2.879256432758916073, 10.00000000000000000 ) ) ;
#815 = VERTEX_POINT ( 'NONE', #3842 ) ;
#816 = EDGE_CURVE ( 'NONE', #2741, #1467, #3084, .T. ) ;
#817 = CARTESIAN_POINT ( 'NONE',  ( 61.13964148684809174, 32.87074373865885235, 6.000000000000000000 ) ) ;
#818 = EDGE_CURVE ( 'NONE', #2278, #4549, #2095, .T. ) ;
#819 = CARTESIAN_POINT ( 'NONE',  ( 42.11093809183554981, -4.879256261333784650, 10.00000000000000000 ) ) ;
#820 = CARTESIAN_POINT ( 'NONE',  ( 49.13965333350607523, 8.423910656271708312E-06, 10.00000000000000000 ) ) ;
#821 = VERTEX_POINT ( 'NONE', #743 ) ;
#822 = VECTOR ( 'NONE', #2641, 1000.000000000000000 ) ;
#823 = CARTESIAN_POINT ( 'NONE',  ( 39.76840990813030174, -2.746355060883950649, 8.500000000000000000 ) ) ;
#824 = VECTOR ( 'NONE', #1192, 1000.000000000000000 ) ;
#825 = LINE ( 'NONE', #177, #2918 ) ;
#826 = CARTESIAN_POINT ( 'NONE',  ( 29.68964283472129395, 23.62074139010719165, 8.500000000000000000 ) ) ;
#827 = ORIENTED_EDGE ( 'NONE', *, *, #2720, .F. ) ;
#828 = VECTOR ( 'NONE', #4056, 1000.000000000000000 ) ;
#829 = CARTESIAN_POINT ( 'NONE',  ( 22.97424151364868194, 23.12411216910816947, 7.478679656440331058 ) ) ;
#830 = FACE_OUTER_BOUND ( 'NONE', #843, .T. ) ;
#831 = AXIS2_PLACEMENT_3D ( 'NONE', #1944, #3282, #528 ) ;
#832 = DIRECTION ( 'NONE',  ( -0.000000000000000000, -0.000000000000000000, 1.000000000000000000 ) ) ;
#833 = AXIS2_PLACEMENT_3D ( 'NONE', #2473, #2516, #1474 ) ;
#834 = DIRECTION ( 'NONE',  ( 0.000000000000000000, 1.000000000000000000, 0.000000000000000000 ) ) ;
#835 = ORIENTED_EDGE ( 'NONE', *, *, #4415, .F. ) ;
#836 = ORIENTED_EDGE ( 'NONE', *, *, #1309, .F. ) ;
#837 = CARTESIAN_POINT ( 'NONE',  ( 51.13965032567458735, 17.79574378152178582, 10.00000000000000000 ) ) ;
#838 = DIRECTION ( 'NONE',  ( 0.000000000000000000, 0.000000000000000000, -1.000000000000000000 ) ) ;
#839 = AXIS2_PLACEMENT_3D ( 'NONE', #2066, #3817, #3121 ) ;
#840 = EDGE_CURVE ( 'NONE', #1478, #2814, #4301, .T. ) ;
#841 = AXIS2_PLACEMENT_3D ( 'NONE', #3591, #71, #744 ) ;
#842 = AXIS2_PLACEMENT_3D ( 'NONE', #3812, #3765, #3092 ) ;
#843 = EDGE_LOOP ( 'NONE', ( #2857, #3131, #3758, #1971 ) ) ;
#844 = CARTESIAN_POINT ( 'NONE',  ( 62.76464148684809885, 32.87074373865885235, 10.00000000000000000 ) ) ;
#845 = CARTESIAN_POINT ( 'NONE',  ( -7.110358513151920690, 0.000000000000000000, 0.000000000000000000 ) ) ;
#846 = DIRECTION ( 'NONE',  ( 0.000000000000000000, 0.000000000000000000, 1.000000000000000000 ) ) ;
#847 = ORIENTED_EDGE ( 'NONE', *, *, #1076, .F. ) ;
#848 = VECTOR ( 'NONE', #2651, 1000.000000000000000 ) ;
#849 = AXIS2_PLACEMENT_3D ( 'NONE', #640, #4181, #2729 ) ;
#850 = ADVANCED_FACE ( 'NONE', ( #1442 ), #1836, .F. ) ;
#851 = EDGE_CURVE ( 'NONE', #3465, #2346, #398, .T. ) ;
#852 = CARTESIAN_POINT ( 'NONE',  ( 40.70250572480123452, 26.15001561571522259, 8.500000000000000000 ) ) ;
#853 = LOCAL_TIME ( 10, 10, 26.00000000000000000, #2781 ) ;
#854 = CIRCLE ( 'NONE', #1056, 3.250000000000002665 ) ;
#855 = CARTESIAN_POINT ( 'NONE',  ( 12.33964078082063587, 5.376919480069707546, 7.000000000000000000 ) ) ;
#856 = LINE ( 'NONE', #503, #1931 ) ;
#857 = VERTEX_POINT ( 'NONE', #1073 ) ;
#858 = EDGE_CURVE ( 'NONE', #4262, #3062, #4263, .T. ) ;
#859 = EDGE_CURVE ( 'NONE', #4292, #1383, #2896, .T. ) ;
#860 = CARTESIAN_POINT ( 'NONE',  ( 42.21093726778487110, 25.52074139010721154, 10.00000000000000000 ) ) ;
#861 = CARTESIAN_POINT ( 'NONE',  ( 49.88965271631336407, 22.37074213718249993, 8.500000000000000000 ) ) ;
#862 = DIRECTION ( 'NONE',  ( -1.000000000000000000, 0.000000000000000000, 0.000000000000000000 ) ) ;
#863 = LINE ( 'NONE', #139, #3051 ) ;
#864 = VERTEX_POINT ( 'NONE', #2487 ) ;
#865 = ORIENTED_EDGE ( 'NONE', *, *, #4242, .F. ) ;
#866 = DIRECTION ( 'NONE',  ( -0.000000000000000000, -0.000000000000000000, -1.000000000000000000 ) ) ;
#867 = PLANE ( 'NONE',  #1803 ) ;
#868 = ORIENTED_EDGE ( 'NONE', *, *, #2556, .T. ) ;
#869 = LINE ( 'NONE', #2604, #2479 ) ;
#870 = DIRECTION ( 'NONE',  ( 1.000000000000000000, 0.000000000000000000, 0.000000000000000000 ) ) ;
#871 = CARTESIAN_POINT ( 'NONE',  ( 49.23965032567458877, 22.62074139010718454, 5.000000000000000000 ) ) ;
#872 = ORIENTED_EDGE ( 'NONE', *, *, #4242, .T. ) ;
#873 = LINE ( 'NONE', #1594, #3418 ) ;
#874 = CARTESIAN_POINT ( 'NONE',  ( -0.6103585131518942664, 32.87074373865893051, 10.00000000000000000 ) ) ;
#875 = DIRECTION ( 'NONE',  ( -1.000000000000000000, -1.999678678259835681E-16, 0.000000000000000000 ) ) ;
#876 = EDGE_CURVE ( 'NONE', #3563, #2742, #50, .T. ) ;
#877 = ORIENTED_EDGE ( 'NONE', *, *, #3470, .F. ) ;
#878 = DIRECTION ( 'NONE',  ( 1.000000000000000000, 0.000000000000000000, 0.000000000000000000 ) ) ;
#879 = DIRECTION ( 'NONE',  ( 1.000000000000000000, 0.000000000000000000, 0.000000000000000000 ) ) ;
#880 = EDGE_CURVE ( 'NONE', #3358, #3920, #3171, .T. ) ;
#881 = EDGE_CURVE ( 'NONE', #571, #1100, #2386, .T. ) ;
#882 = CARTESIAN_POINT ( 'NONE',  ( -0.6103585131519567719, -12.12925626134106416, 6.000000000000000000 ) ) ;
#883 = ORIENTED_EDGE ( 'NONE', *, *, #4211, .T. ) ;
#884 = CARTESIAN_POINT ( 'NONE',  ( 14.43063497486373237, -3.179256261333784472, 8.500000000000000000 ) ) ;
#885 = EDGE_LOOP ( 'NONE', ( #514, #3661, #3792, #714 ) ) ;
#886 = DIRECTION ( 'NONE',  ( -0.000000000000000000, 1.000000000000000000, 0.000000000000000000 ) ) ;
#887 = DIRECTION ( 'NONE',  ( 0.000000000000000000, 0.000000000000000000, -1.000000000000000000 ) ) ;
#888 = ORIENTED_EDGE ( 'NONE', *, *, #1135, .T. ) ;
#889 = LINE ( 'NONE', #3665, #2114 ) ;
#890 = PLANE ( 'NONE',  #1040 ) ;
#891 = FACE_OUTER_BOUND ( 'NONE', #298, .T. ) ;
#892 = ORIENTED_EDGE ( 'NONE', *, *, #2977, .F. ) ;
#893 = DIRECTION ( 'NONE',  ( -1.000000000000000000, 0.000000000000000000, 0.000000000000000000 ) ) ;
#894 = DIRECTION ( 'NONE',  ( 1.875377445444817940E-15, -1.000000000000000000, 0.000000000000000000 ) ) ;
#895 = DIRECTION ( 'NONE',  ( -1.000000000000000000, 0.000000000000000000, 0.000000000000000000 ) ) ;
#896 = ORIENTED_EDGE ( 'NONE', *, *, #2431, .T. ) ;
#897 = CYLINDRICAL_SURFACE ( 'NONE', #1642, 3.250000000000007994 ) ;
#898 = DIRECTION ( 'NONE',  ( 0.000000000000000000, 1.000000000000000000, 0.000000000000000000 ) ) ;
#899 = DIRECTION ( 'NONE',  ( 0.9999999999999853451, 1.714279135311966159E-07, 0.000000000000000000 ) ) ;
#900 = CARTESIAN_POINT ( 'NONE',  ( 21.75463970902030653, 29.91810760435984662, 8.500000000000000000 ) ) ;
#901 = AXIS2_PLACEMENT_3D ( 'NONE', #1415, #792, #1092 ) ;
#902 = VERTEX_POINT ( 'NONE', #2530 ) ;
#903 = EDGE_CURVE ( 'NONE', #4420, #4309, #3912, .T. ) ;
#904 = EDGE_CURVE ( 'NONE', #1467, #1552, #3496, .T. ) ;
#905 = VECTOR ( 'NONE', #1433, 1000.000000000000000 ) ;
#906 = CARTESIAN_POINT ( 'NONE',  ( 13.56122676773205882, 13.44605680722920482, 0.000000000000000000 ) ) ;
#907 = ORIENTED_EDGE ( 'NONE', *, *, #2020, .F. ) ;
#908 = DIRECTION ( 'NONE',  ( 0.8944271909999149672, -0.4472135954999596485, 0.000000000000000000 ) ) ;
#909 = CIRCLE ( 'NONE', #2027, 1.249999252925071414 ) ;
#910 = EDGE_CURVE ( 'NONE', #4085, #1636, #86, .T. ) ;
#911 = ORIENTED_EDGE ( 'NONE', *, *, #3700, .T. ) ;
#912 = AXIS2_PLACEMENT_3D ( 'NONE', #906, #4075, #3031 ) ;
#913 = ORIENTED_EDGE ( 'NONE', *, *, #2835, .T. ) ;
#914 = CARTESIAN_POINT ( 'NONE',  ( 21.63965196924047518, 25.41748134988078078, 9.886278348156485762 ) ) ;
#915 = DIRECTION ( 'NONE',  ( 0.000000000000000000, 1.000000000000000000, 0.000000000000000000 ) ) ;
#916 = ORIENTED_EDGE ( 'NONE', *, *, #2659, .T. ) ;
#917 = AXIS2_PLACEMENT_3D ( 'NONE', #1765, #344, #3612 ) ;
#918 = VECTOR ( 'NONE', #529, 1000.000000000000000 ) ;
#919 = FACE_OUTER_BOUND ( 'NONE', #141, .T. ) ;
#920 = LINE ( 'NONE', #2588, #2258 ) ;
#921 = AXIS2_PLACEMENT_3D ( 'NONE', #2136, #1109, #3535 ) ;
#922 = LINE ( 'NONE', #1570, #3328 ) ;
#923 = AXIS2_PLACEMENT_3D ( 'NONE', #3300, #130, #2271 ) ;
#924 = APPROVAL_PERSON_ORGANIZATION ( #290, #3041, #4529 ) ;
#925 = TOROIDAL_SURFACE ( 'NONE', #2339, 0.5000000000000018874, 1.500000000000000000 ) ;
#926 = CARTESIAN_POINT ( 'NONE',  ( 21.56878636478185030, 25.61948551232610427, 8.500000000000000000 ) ) ;
#927 = DIRECTION ( 'NONE',  ( -1.000000000000000000, 0.000000000000000000, 0.000000000000000000 ) ) ;
#928 = LINE ( 'NONE', #331, #1519 ) ;
#929 = ORIENTED_EDGE ( 'NONE', *, *, #1987, .F. ) ;
#930 = CARTESIAN_POINT ( 'NONE',  ( 52.63965196923807355, 22.37074213718251059, 7.478679656440325729 ) ) ;
#931 = ORIENTED_EDGE ( 'NONE', *, *, #3307, .T. ) ;
#932 = LINE ( 'NONE', #1003, #2697 ) ;
#933 = ADVANCED_FACE ( 'NONE', ( #367, #325, #2507 ), #1486, .F. ) ;
#934 = VERTEX_POINT ( 'NONE', #2900 ) ;
#935 = VERTEX_POINT ( 'NONE', #2120 ) ;
#936 = CARTESIAN_POINT ( 'NONE',  ( 40.70250654885187913, -5.408530486941808491, 8.500000000000000000 ) ) ;
#937 = DIRECTION ( 'NONE',  ( 1.000000000000000000, -1.232238213397273989E-14, 0.000000000000000000 ) ) ;
#938 = EDGE_CURVE ( 'NONE', #4474, #1607, #343, .T. ) ;
#939 = EDGE_CURVE ( 'NONE', #797, #1909, #4310, .T. ) ;
#940 = ORIENTED_EDGE ( 'NONE', *, *, #513, .F. ) ;
#941 = PLANE ( 'NONE',  #386 ) ;
#942 = DIRECTION ( 'NONE',  ( -1.000000000000000000, 0.000000000000000000, 0.000000000000000000 ) ) ;
#943 = DIRECTION ( 'NONE',  ( -1.000000000000000000, 0.000000000000000000, 0.000000000000000000 ) ) ;
#944 = CARTESIAN_POINT ( 'NONE',  ( 49.88965271631336407, 22.37074213718249993, 7.478679656440329282 ) ) ;
#945 = LINE ( 'NONE', #1031, #3350 ) ;
#946 = ORIENTED_EDGE ( 'NONE', *, *, #117, .T. ) ;
#947 = CARTESIAN_POINT ( 'NONE',  ( 42.02464326467586631, 29.91810760435984662, 8.500000000000000000 ) ) ;
#948 = CALENDAR_DATE ( 2026, 19, 8 ) ;
#949 = EDGE_LOOP ( 'NONE', ( #270, #2398, #2295, #4229, #2951 ) ) ;
#950 = LINE ( 'NONE', #4401, #1132 ) ;
#951 = VERTEX_POINT ( 'NONE', #4558 ) ;
#952 = LINE ( 'NONE', #2373, #3950 ) ;
#953 = EDGE_CURVE ( 'NONE', #2356, #4396, #4517, .T. ) ;
#954 = EDGE_LOOP ( 'NONE', ( #677, #1152, #4507 ) ) ;
#955 = EDGE_LOOP ( 'NONE', ( #3018, #3194, #1447, #888 ) ) ;
#956 = DIRECTION ( 'NONE',  ( 1.000000000000000000, 0.000000000000000000, 0.000000000000000000 ) ) ;
#957 = CARTESIAN_POINT ( 'NONE',  ( 30.63965226057670321, -0.3792562613337845945, 0.000000000000000000 ) ) ;
#958 = ORIENTED_EDGE ( 'NONE', *, *, #4416, .T. ) ;
#959 = EDGE_CURVE ( 'NONE', #1838, #2792, #1043, .T. ) ;
#960 = ADVANCED_FACE ( 'NONE', ( #3518 ), #1764, .F. ) ;
#961 = LINE ( 'NONE', #3067, #2905 ) ;
#962 = DIRECTION ( 'NONE',  ( -0.000000000000000000, 1.000000000000000000, -0.000000000000000000 ) ) ;
#963 = DIRECTION ( 'NONE',  ( 1.000000000000000000, -4.340627981564397219E-15, 0.000000000000000000 ) ) ;
#964 = ORIENTED_EDGE ( 'NONE', *, *, #1981, .F. ) ;
#965 = DIRECTION ( 'NONE',  ( 1.000000000000000000, 0.000000000000000000, 0.000000000000000000 ) ) ;
#966 = AXIS2_PLACEMENT_3D ( 'NONE', #2730, #4543, #641 ) ;
#967 = DIRECTION ( 'NONE',  ( -0.3310877130289301418, 0.9435999821329336124, 0.000000000000000000 ) ) ;
#968 = ORIENTED_EDGE ( 'NONE', *, *, #2581, .F. ) ;
#969 = ORIENTED_EDGE ( 'NONE', *, *, #4550, .F. ) ;
#970 = AXIS2_PLACEMENT_3D ( 'NONE', #234, #956, #1331 ) ;
#971 = CARTESIAN_POINT ( 'NONE',  ( 51.13965032567458735, 1.559134612361408934, 0.000000000000000000 ) ) ;
#972 = ORIENTED_EDGE ( 'NONE', *, *, #675, .T. ) ;
#973 = VECTOR ( 'NONE', #2650, 1000.000000000000000 ) ;
#974 = CARTESIAN_POINT ( 'NONE',  ( 67.63964148684804911, -12.12925626134114765, 6.000000000000000000 ) ) ;
#975 = VECTOR ( 'NONE', #1030, 1000.000000000000000 ) ;
#976 = ORIENTED_EDGE ( 'NONE', *, *, #3222, .F. ) ;
#977 = ORIENTED_EDGE ( 'NONE', *, *, #3162, .F. ) ;
#978 = FACE_OUTER_BOUND ( 'NONE', #3396, .T. ) ;
#979 = CARTESIAN_POINT ( 'NONE',  ( 42.21093809183552992, -3.179256261333784472, 8.500000000000000000 ) ) ;
#980 = AXIS2_PLACEMENT_3D ( 'NONE', #3482, #220, #2015 ) ;
#981 = ORIENTED_EDGE ( 'NONE', *, *, #2574, .F. ) ;
#982 = EDGE_CURVE ( 'NONE', #2419, #2959, #4335, .T. ) ;
#983 = CIRCLE ( 'NONE', #1576, 1.499999999999999778 ) ;
#984 = LINE ( 'NONE', #2405, #4382 ) ;
#985 = CARTESIAN_POINT ( 'NONE',  ( 0.000000000000000000, 37.87074373865891630, 0.000000000000000000 ) ) ;
#986 = CARTESIAN_POINT ( 'NONE',  ( 51.13965196923808776, 22.37074213718249993, 10.00000000000000000 ) ) ;
#987 = CIRCLE ( 'NONE', #2326, 0.04999977587747533869 ) ;
#988 = CIRCLE ( 'NONE', #3346, 1.500000000000001332 ) ;
#989 = EDGE_CURVE ( 'NONE', #2045, #2072, #2231, .T. ) ;
#990 = EDGE_CURVE ( 'NONE', #3733, #260, #2160, .T. ) ;
#991 = DIRECTION ( 'NONE',  ( -0.6672259460937061126, 0.2341143670503030572, -0.7071067811865437980 ) ) ;
#992 = VECTOR ( 'NONE', #1186, 1000.000000000000000 ) ;
#993 = VECTOR ( 'NONE', #2592, 1000.000000000000000 ) ;
#994 = DIRECTION ( 'NONE',  ( -6.249004188959886297E-18, -1.000000000000000000, 0.000000000000000000 ) ) ;
#995 = ORIENTED_EDGE ( 'NONE', *, *, #2746, .F. ) ;
#996 = PERSON_AND_ORGANIZATION_ROLE ( 'creator' ) ;
#997 = EDGE_CURVE ( 'NONE', #4337, #1693, #1910, .T. ) ;
#998 = EDGE_LOOP ( 'NONE', ( #41, #3302, #3173, #3380 ) ) ;
#999 = AXIS2_PLACEMENT_3D ( 'NONE', #882, #1975, #1924 ) ;
#1000 = CIRCLE ( 'NONE', #1067, 1.499999999999999556 ) ;
#1001 = DIRECTION ( 'NONE',  ( -1.000000000000000000, 0.000000000000000000, 0.000000000000000000 ) ) ;
#1002 = VERTEX_POINT ( 'NONE', #3633 ) ;
#1003 = CARTESIAN_POINT ( 'NONE',  ( 14.43063497486373237, -3.179256261333784472, 8.500000000000000000 ) ) ;
#1004 = EDGE_LOOP ( 'NONE', ( #3373, #4147 ) ) ;
#1005 = EDGE_LOOP ( 'NONE', ( #4036, #540, #4132, #1703, #3778, #645, #4007, #1885, #1932, #1839, #1130, #2085, #2207, #1281, #2667, #1032, #865, #2731, #3636, #2213, #3289, #3588, #2807, #3745, #3592, #3684, #3614, #683, #2558, #2534 ) ) ;
#1006 = PLANE ( 'NONE',  #750 ) ;
#1007 = DIRECTION ( 'NONE',  ( 0.000000000000000000, -1.000000000000000000, 0.000000000000000000 ) ) ;
#1008 = ORIENTED_EDGE ( 'NONE', *, *, #1558, .F. ) ;
#1009 = DIRECTION ( 'NONE',  ( 0.000000000000000000, 0.000000000000000000, -1.000000000000000000 ) ) ;
#1010 = CARTESIAN_POINT ( 'NONE',  ( 21.85619284240430815, 37.87074373865891630, -13.16256173829075315 ) ) ;
#1011 = ORIENTED_EDGE ( 'NONE', *, *, #304, .F. ) ;
#1012 = DIRECTION ( 'NONE',  ( 0.000000000000000000, 0.000000000000000000, 1.000000000000000000 ) ) ;
#1013 = ADVANCED_FACE ( 'NONE', ( #2599 ), #2966, .T. ) ;
#1014 = DIRECTION ( 'NONE',  ( 1.000000000000000000, -6.746193835927598242E-16, -0.000000000000000000 ) ) ;
#1015 = VERTEX_POINT ( 'NONE', #1515 ) ;
#1016 = VERTEX_POINT ( 'NONE', #4008 ) ;
#1017 = EDGE_CURVE ( 'NONE', #2337, #1002, #1582, .T. ) ;
#1018 = DIRECTION ( 'NONE',  ( -1.000000000000000000, 0.000000000000000000, 0.000000000000000000 ) ) ;
#1019 = EDGE_CURVE ( 'NONE', #2067, #4474, #678, .T. ) ;
#1020 = VERTEX_POINT ( 'NONE', #3985 ) ;
#1021 = CARTESIAN_POINT ( 'NONE',  ( 0.000000000000000000, -4.779256261333798328, 10.00000000000000000 ) ) ;
#1022 = ORIENTED_EDGE ( 'NONE', *, *, #54, .T. ) ;
#1023 = ORIENTED_EDGE ( 'NONE', *, *, #3003, .F. ) ;
#1024 = CARTESIAN_POINT ( 'NONE',  ( 21.63965196924101875, 23.62074139010719875, 7.000000000000000888 ) ) ;
#1025 = DIRECTION ( 'NONE',  ( -0.000000000000000000, -0.000000000000000000, -1.000000000000000000 ) ) ;
#1026 = ORIENTED_EDGE ( 'NONE', *, *, #3845, .F. ) ;
#1027 = LINE ( 'NONE', #3068, #1734 ) ;
#1028 = CARTESIAN_POINT ( 'NONE',  ( 29.68964734479039436, -3.179256261333785361, 8.500000000000000000 ) ) ;
#1029 = DIRECTION ( 'NONE',  ( 0.000000000000000000, 0.000000000000000000, -1.000000000000000000 ) ) ;
#1030 = DIRECTION ( 'NONE',  ( -1.000000000000000000, -0.000000000000000000, -0.000000000000000000 ) ) ;
#1031 = CARTESIAN_POINT ( 'NONE',  ( 61.13964148684803490, -12.12925626134114765, 6.000000000000000000 ) ) ;
#1032 = ORIENTED_EDGE ( 'NONE', *, *, #360, .T. ) ;
#1033 = ORIENTED_EDGE ( 'NONE', *, *, #1157, .T. ) ;
#1034 = EDGE_CURVE ( 'NONE', #3278, #2833, #2578, .T. ) ;
#1035 = DIRECTION ( 'NONE',  ( 0.000000000000000000, 0.000000000000000000, 1.000000000000000000 ) ) ;
#1036 = ORIENTED_EDGE ( 'NONE', *, *, #4076, .F. ) ;
#1037 = CARTESIAN_POINT ( 'NONE',  ( 21.63965196924052847, 4.058251523038922936E-14, 10.00000000000000000 ) ) ;
#1038 = ADVANCED_FACE ( 'NONE', ( #2628 ), #813, .F. ) ;
#1039 = EDGE_CURVE ( 'NONE', #1673, #1552, #4037, .T. ) ;
#1040 = AXIS2_PLACEMENT_3D ( 'NONE', #1605, #1934, #3686 ) ;
#1041 = EDGE_LOOP ( 'NONE', ( #2025, #464, #3404, #1312, #3128, #1766 ) ) ;
#1042 = ORIENTED_EDGE ( 'NONE', *, *, #2497, .F. ) ;
#1043 = LINE ( 'NONE', #2460, #3258 ) ;
#1044 = DIRECTION ( 'NONE',  ( 1.000000000000000000, 0.000000000000000000, -0.000000000000000000 ) ) ;
#1045 = ORIENTED_EDGE ( 'NONE', *, *, #1473, .T. ) ;
#1046 = AXIS2_PLACEMENT_3D ( 'NONE', #1759, #3211, #3555 ) ;
#1047 = EDGE_CURVE ( 'NONE', #1284, #613, #1865, .T. ) ;
#1048 = VECTOR ( 'NONE', #154, 1000.000000000000000 ) ;
#1049 = DIRECTION ( 'NONE',  ( -1.000000000000000000, 0.000000000000000000, 0.000000000000000000 ) ) ;
#1050 = CARTESIAN_POINT ( 'NONE',  ( 67.63964148684810596, 32.87074373865885235, 6.000000000000000000 ) ) ;
#1051 = DIRECTION ( 'NONE',  ( 0.3310877130289296422, 0.9435999821329338344, -0.000000000000000000 ) ) ;
#1052 = ORIENTED_EDGE ( 'NONE', *, *, #2550, .F. ) ;
#1053 = AXIS2_PLACEMENT_3D ( 'NONE', #3040, #639, #3536 ) ;
#1054 = CARTESIAN_POINT ( 'NONE',  ( 49.88965271631337828, 23.62074139010720586, 10.00000000000000000 ) ) ;
#1055 = DIRECTION ( 'NONE',  ( 1.000000000000000000, 0.000000000000000000, 0.000000000000000000 ) ) ;
#1056 = AXIS2_PLACEMENT_3D ( 'NONE', #223, #1302, #1769 ) ;
#1057 = CARTESIAN_POINT ( 'NONE',  ( 49.88965271631337828, 24.06008121832737601, 8.539339828220144923 ) ) ;
#1058 = VECTOR ( 'NONE', #2394, 1000.000000000000000 ) ;
#1059 = VERTEX_POINT ( 'NONE', #1888 ) ;
#1060 = VECTOR ( 'NONE', #326, 1000.000000000000000 ) ;
#1061 = AXIS2_PLACEMENT_3D ( 'NONE', #2684, #4399, #879 ) ;
#1062 = CARTESIAN_POINT ( 'NONE',  ( 49.23965032567458877, 22.62074139010718454, 7.000000000000000000 ) ) ;
#1063 = PLANE ( 'NONE',  #243 ) ;
#1064 = CC_DESIGN_DATE_AND_TIME_ASSIGNMENT ( #3422, #2757, ( #3019 ) ) ;
#1065 = TOROIDAL_SURFACE ( 'NONE', #694, 0.5000000000000028866, 1.500000000000000000 ) ;
#1066 = FACE_OUTER_BOUND ( 'NONE', #2902, .T. ) ;
#1067 = AXIS2_PLACEMENT_3D ( 'NONE', #2131, #3527, #1426 ) ;
#1068 = VECTOR ( 'NONE', #1240, 1000.000000000000000 ) ;
#1069 = DIRECTION ( 'NONE',  ( 0.000000000000000000, -0.000000000000000000, -1.000000000000000000 ) ) ;
#1070 = EDGE_LOOP ( 'NONE', ( #1165, #2429, #940, #2111 ) ) ;
#1071 = EDGE_CURVE ( 'NONE', #1693, #3495, #466, .T. ) ;
#1072 = ORIENTED_EDGE ( 'NONE', *, *, #2740, .T. ) ;
#1073 = CARTESIAN_POINT ( 'NONE',  ( 43.13965196923869172, -3.179256261333784472, 8.500000000000000000 ) ) ;
#1074 = CARTESIAN_POINT ( 'NONE',  ( 49.23965032567458877, 22.62074139010718454, 7.000000000000000000 ) ) ;
#1075 = ORIENTED_EDGE ( 'NONE', *, *, #2363, .T. ) ;
#1076 = EDGE_CURVE ( 'NONE', #1091, #222, #1538, .T. ) ;
#1077 = CARTESIAN_POINT ( 'NONE',  ( 21.56878636478185030, 25.61948551232610427, 8.539339828220141371 ) ) ;
#1078 = EDGE_CURVE ( 'NONE', #1845, #371, #2300, .T. ) ;
#1079 = DIRECTION ( 'NONE',  ( -1.000000000000000000, 0.000000000000000000, 0.000000000000000000 ) ) ;
#1080 = LINE ( 'NONE', #820, #4234 ) ;
#1081 = VERTEX_POINT ( 'NONE', #3604 ) ;
#1082 = CARTESIAN_POINT ( 'NONE',  ( 51.88964148684807753, 23.62074139010719875, 7.000000000000001776 ) ) ;
#1083 = CARTESIAN_POINT ( 'NONE',  ( 42.49537602730250541, -10.87925391278937681, 8.353985100478244163 ) ) ;
#1084 = CARTESIAN_POINT ( 'NONE',  ( 15.25825943485261860, -3.293068491328230429, 8.513342901387828121 ) ) ;
#1085 = ORIENTED_EDGE ( 'NONE', *, *, #3279, .T. ) ;
#1086 = CARTESIAN_POINT ( 'NONE',  ( 21.63965196924048229, 23.62074139010718454, 7.000000000000000000 ) ) ;
#1087 = CARTESIAN_POINT ( 'NONE',  ( 49.69517519175999354, 0.8331418690884933032, 0.000000000000000000 ) ) ;
#1088 = DIRECTION ( 'NONE',  ( 0.000000000000000000, 1.000000000000000000, -0.000000000000000000 ) ) ;
#1089 = CARTESIAN_POINT ( 'NONE',  ( 4.935864054447603215E-07, -2.879264985237945051, 10.00000000000000000 ) ) ;
#1090 = ORIENTED_EDGE ( 'NONE', *, *, #513, .T. ) ;
#1091 = VERTEX_POINT ( 'NONE', #806 ) ;
#1092 = DIRECTION ( 'NONE',  ( 0.000000000000000000, 0.000000000000000000, -1.000000000000000000 ) ) ;
#1093 = CARTESIAN_POINT ( 'NONE',  ( 40.73829835757784679, 26.13745679719711745, 8.539339828220143147 ) ) ;
#1094 = ORIENTED_EDGE ( 'NONE', *, *, #2637, .T. ) ;
#1095 = ADVANCED_FACE ( 'NONE', ( #2182 ), #4570, .F. ) ;
#1096 = ORIENTED_EDGE ( 'NONE', *, *, #735, .F. ) ;
#1097 = CARTESIAN_POINT ( 'NONE',  ( 49.23965032567458877, 22.62074139010718454, 0.000000000000000000 ) ) ;
#1098 = CARTESIAN_POINT ( 'NONE',  ( 48.24696216030569218, 0.8331418690884933032, 7.000000000000000000 ) ) ;
#1099 = DIRECTION ( 'NONE',  ( -0.000000000000000000, -0.000000000000000000, 1.000000000000000000 ) ) ;
#1100 = VERTEX_POINT ( 'NONE', #3958 ) ;
#1101 = EDGE_CURVE ( 'NONE', #1707, #4255, #2134, .T. ) ;
#1102 = EDGE_CURVE ( 'NONE', #1552, #3368, #3930, .T. ) ;
#1103 = CARTESIAN_POINT ( 'NONE',  ( 66.88964148684802069, -17.12925626134109081, -0.000000000000000000 ) ) ;
#1104 = PLANE ( 'NONE',  #1513 ) ;
#1105 = FACE_OUTER_BOUND ( 'NONE', #3516, .T. ) ;
#1106 = EDGE_LOOP ( 'NONE', ( #2762, #2828, #3788, #485 ) ) ;
#1107 = CARTESIAN_POINT ( 'NONE',  ( 51.13965032567460156, 0.1704718338856545945, 1.593940713982425539 ) ) ;
#1108 = CARTESIAN_POINT ( 'NONE',  ( 66.88964148684802069, 33.87074373865890919, 0.000000000000000000 ) ) ;
#1109 = DIRECTION ( 'NONE',  ( -6.249004188959886297E-18, -1.000000000000000000, 0.000000000000000000 ) ) ;
#1110 = DIRECTION ( 'NONE',  ( 0.000000000000000000, 0.000000000000000000, -1.000000000000000000 ) ) ;
#1111 = ORIENTED_EDGE ( 'NONE', *, *, #3645, .F. ) ;
#1112 = ORIENTED_EDGE ( 'NONE', *, *, #1363, .F. ) ;
#1113 = AXIS2_PLACEMENT_3D ( 'NONE', #3998, #2132, #3528 ) ;
#1114 = DIRECTION ( 'NONE',  ( -0.000000000000000000, -0.000000000000000000, 1.000000000000000000 ) ) ;
#1115 = CYLINDRICAL_SURFACE ( 'NONE', #4314, 3.250000000000002665 ) ;
#1116 = EDGE_LOOP ( 'NONE', ( #4148, #628, #1276, #4516, #1524, #476, #3074, #1118, #836, #3608, #1269, #217, #2370, #2898, #465, #1770 ) ) ;
#1117 = AXIS2_PLACEMENT_3D ( 'NONE', #1492, #778, #1843 ) ;
#1118 = ORIENTED_EDGE ( 'NONE', *, *, #2269, .F. ) ;
#1119 = DIRECTION ( 'NONE',  ( 1.000000000000000000, 0.000000000000000000, 0.000000000000000000 ) ) ;
#1120 = DIRECTION ( 'NONE',  ( -1.000000000000000000, 0.000000000000000000, 0.000000000000000000 ) ) ;
#1121 = DIRECTION ( 'NONE',  ( 0.8944271909999149672, -0.4472135954999596485, 0.000000000000000000 ) ) ;
#1122 = ADVANCED_FACE ( 'NONE', ( #356 ), #3185, .T. ) ;
#1123 = VECTOR ( 'NONE', #3195, 1000.000000000000000 ) ;
#1124 = EDGE_LOOP ( 'NONE', ( #2636, #3984, #2478, #2228 ) ) ;
#1125 = AXIS2_PLACEMENT_3D ( 'NONE', #2571, #4256, #2501 ) ;
#1126 = PLANE ( 'NONE',  #3430 ) ;
#1127 = CARTESIAN_POINT ( 'NONE',  ( -0.6103585131519567719, -12.12925626134106416, 6.000000000000000000 ) ) ;
#1128 = ADVANCED_FACE ( 'NONE', ( #759, #1456, #3583, #2821, #88, #785 ), #434, .T. ) ;
#1129 = AXIS2_PLACEMENT_3D ( 'NONE', #2255, #2161, #1182 ) ;
#1130 = ORIENTED_EDGE ( 'NONE', *, *, #3994, .T. ) ;
#1131 = DIRECTION ( 'NONE',  ( 0.000000000000000000, 0.000000000000000000, -1.000000000000000000 ) ) ;
#1132 = VECTOR ( 'NONE', #2691, 1000.000000000000227 ) ;
#1133 = DIRECTION ( 'NONE',  ( -4.625929269271486900E-15, 0.000000000000000000, -1.000000000000000000 ) ) ;
#1134 = ADVANCED_FACE ( 'NONE', ( #2203 ), #1479, .T. ) ;
#1135 = EDGE_CURVE ( 'NONE', #1838, #1495, #2851, .T. ) ;
#1136 = CARTESIAN_POINT ( 'NONE',  ( 49.88965271631335696, -1.879256261333790645, 0.000000000000000000 ) ) ;
#1137 = VECTOR ( 'NONE', #2422, 1000.000000000000114 ) ;
#1138 = VECTOR ( 'NONE', #967, 1000.000000000000227 ) ;
#1139 = CARTESIAN_POINT ( 'NONE',  ( 14.43061728057667992, 23.62074373866633437, 10.00000000000000000 ) ) ;
#1140 = VECTOR ( 'NONE', #4471, 1000.000000000000000 ) ;
#1141 = EDGE_LOOP ( 'NONE', ( #3217, #4470, #1406, #2528 ) ) ;
#1142 = AXIS2_PLACEMENT_3D ( 'NONE', #3826, #3847, #4542 ) ;
#1143 = ORIENTED_EDGE ( 'NONE', *, *, #2801, .T. ) ;
#1144 = CARTESIAN_POINT ( 'NONE',  ( 21.63965196924048229, 23.62074139010718454, 7.000000000000000000 ) ) ;
#1145 = CARTESIAN_POINT ( 'NONE',  ( 49.23965032567460298, 0.8331418690884933032, 0.000000000000000000 ) ) ;
#1146 = ORIENTED_EDGE ( 'NONE', *, *, #4473, .T. ) ;
#1147 = VECTOR ( 'NONE', #2368, 1000.000000000000114 ) ;
#1148 = ORIENTED_EDGE ( 'NONE', *, *, #2293, .F. ) ;
#1149 = CARTESIAN_POINT ( 'NONE',  ( 23.04142527498887816, 26.13620091941602652, 8.539339828220141371 ) ) ;
#1150 = DIRECTION ( 'NONE',  ( -5.664403729850249372E-16, 1.000000000000000000, -0.000000000000000000 ) ) ;
#1151 = FACE_OUTER_BOUND ( 'NONE', #2557, .T. ) ;
#1152 = ORIENTED_EDGE ( 'NONE', *, *, #4351, .T. ) ;
#1153 = CYLINDRICAL_SURFACE ( 'NONE', #310, 1.625000000000001332 ) ;
#1154 = LINE ( 'NONE', #3954, #2548 ) ;
#1155 = DIRECTION ( 'NONE',  ( -1.000000000000000000, 0.000000000000000000, -0.000000000000000000 ) ) ;
#1156 = ORIENTED_EDGE ( 'NONE', *, *, #116, .F. ) ;
#1157 = EDGE_CURVE ( 'NONE', #2198, #4424, #607, .T. ) ;
#1158 = DIRECTION ( 'NONE',  ( -0.000000000000000000, -0.000000000000000000, 1.000000000000000000 ) ) ;
#1159 = LINE ( 'NONE', #2572, #4093 ) ;
#1160 = CARTESIAN_POINT ( 'NONE',  ( 42.21093726778487110, 25.12074139010719520, 7.478679656440327506 ) ) ;
#1161 = EDGE_CURVE ( 'NONE', #1552, #2742, #3254, .T. ) ;
#1162 = EDGE_CURVE ( 'NONE', #4491, #2308, #3906, .T. ) ;
#1163 = CARTESIAN_POINT ( 'NONE',  ( 49.23965032567458877, 22.62074139010718454, 7.000000000000000000 ) ) ;
#1164 = ORIENTED_EDGE ( 'NONE', *, *, #626, .F. ) ;
#1165 = ORIENTED_EDGE ( 'NONE', *, *, #3214, .T. ) ;
#1166 = DIRECTION ( 'NONE',  ( 0.000000000000000000, 0.000000000000000000, -1.000000000000000000 ) ) ;
#1167 = DIRECTION ( 'NONE',  ( -0.000000000000000000, -0.000000000000000000, 1.000000000000000000 ) ) ;
#1168 = VERTEX_POINT ( 'NONE', #411 ) ;
#1169 = ORIENTED_EDGE ( 'NONE', *, *, #133, .T. ) ;
#1170 = DIRECTION ( 'NONE',  ( 0.000000000000000000, 0.000000000000000000, -1.000000000000000000 ) ) ;
#1171 = LINE ( 'NONE', #2335, #1198 ) ;
#1172 = CARTESIAN_POINT ( 'NONE',  ( 64.38964148684804911, -12.12925626134114765, 6.000000000000000000 ) ) ;
#1173 = MANIFOLD_SOLID_BREP ( 'Cortar-Extruir11', #3547 ) ;
#1174 = VERTEX_POINT ( 'NONE', #1827 ) ;
#1175 = DIRECTION ( 'NONE',  ( 0.000000000000000000, 0.000000000000000000, 1.000000000000000000 ) ) ;
#1176 = DIRECTION ( 'NONE',  ( 0.000000000000000000, 0.000000000000000000, 1.000000000000000000 ) ) ;
#1177 = FACE_OUTER_BOUND ( 'NONE', #3894, .T. ) ;
#1178 = ORIENTED_EDGE ( 'NONE', *, *, #4183, .F. ) ;
#1179 =( BOUNDED_CURVE ( )  B_SPLINE_CURVE ( 3, ( #3200, #3243, #4289, #74 ),
 .UNSPECIFIED., .F., .T. ) 
 B_SPLINE_CURVE_WITH_KNOTS ( ( 4, 4 ),
 ( 5.279488854065832903, 5.441809706298338156 ),
 .UNSPECIFIED. ) 
 CURVE ( )  GEOMETRIC_REPRESENTATION_ITEM ( )  RATIONAL_B_SPLINE_CURVE ( ( 1.000000000000000000, 0.9978055333897071222, 0.9978055333897071222, 1.000000000000000000 ) ) 
 REPRESENTATION_ITEM ( '' )  );
#1180 = DIRECTION ( 'NONE',  ( 1.000000000000000000, 0.000000000000000000, 0.000000000000000000 ) ) ;
#1181 = CARTESIAN_POINT ( 'NONE',  ( 49.23965032567459588, 22.37074213718249993, 0.000000000000000000 ) ) ;
#1182 = DIRECTION ( 'NONE',  ( -1.000000000000000000, 0.000000000000000000, 0.000000000000000000 ) ) ;
#1183 = EDGE_LOOP ( 'NONE', ( #794, #3007 ) ) ;
#1184 = VERTEX_POINT ( 'NONE', #4230 ) ;
#1185 = DIRECTION ( 'NONE',  ( 0.000000000000000000, 1.000000000000000000, -0.000000000000000000 ) ) ;
#1186 = DIRECTION ( 'NONE',  ( 0.000000000000000000, 0.000000000000000000, -1.000000000000000000 ) ) ;
#1187 = EDGE_CURVE ( 'NONE', #2308, #2337, #2919, .T. ) ;
#1188 = EDGE_CURVE ( 'NONE', #4062, #715, #4304, .T. ) ;
#1189 = CONICAL_SURFACE ( 'NONE', #966, 0.09999999999998204769, 0.7853981633974435050 ) ;
#1190 = ORIENTED_EDGE ( 'NONE', *, *, #4134, .F. ) ;
#1191 = CARTESIAN_POINT ( 'NONE',  ( 21.56878636478185030, 25.61948551232610427, 7.478679656440326617 ) ) ;
#1192 = DIRECTION ( 'NONE',  ( -0.000000000000000000, -0.000000000000000000, 1.000000000000000000 ) ) ;
#1193 = CARTESIAN_POINT ( 'NONE',  ( 17.37607637877632882, -17.12925626134109081, 10.00000000000000000 ) ) ;
#1194 = EDGE_CURVE ( 'NONE', #1909, #53, #3977, .T. ) ;
#1195 = EDGE_CURVE ( 'NONE', #2597, #774, #12, .T. ) ;
#1196 = ORIENTED_EDGE ( 'NONE', *, *, #699, .F. ) ;
#1197 = CARTESIAN_POINT ( 'NONE',  ( 12.63965226057670677, -1.983764904190267631, 7.000000000000000000 ) ) ;
#1198 = VECTOR ( 'NONE', #1563, 1000.000000000000000 ) ;
#1199 = FACE_OUTER_BOUND ( 'NONE', #4512, .T. ) ;
#1200 = DIRECTION ( 'NONE',  ( -1.000000000000000000, 0.000000000000000000, 0.000000000000000000 ) ) ;
#1201 = PERSON ( 'UNSPECIFIED', 'UNSPECIFIED', 'UNSPECIFIED', ('UNSPECIFIED'), ('UNSPECIFIED'), ('UNSPECIFIED') ) ;
#1202 = ORIENTED_EDGE ( 'NONE', *, *, #2803, .F. ) ;
#1203 = AXIS2_PLACEMENT_3D ( 'NONE', #2549, #1504, #385 ) ;
#1204 = LINE ( 'NONE', #860, #2827 ) ;
#1205 = DIRECTION ( 'NONE',  ( -0.000000000000000000, 0.000000000000000000, 1.000000000000000000 ) ) ;
#1206 = AXIS2_PLACEMENT_3D ( 'NONE', #3786, #1012, #2709 ) ;
#1207 = CARTESIAN_POINT ( 'NONE',  ( 48.37548872293180580, 12.46774955728973922, 0.000000000000000000 ) ) ;
#1208 = AXIS2_PLACEMENT_3D ( 'NONE', #4063, #802, #2587 ) ;
#1209 = PRODUCT_RELATED_PRODUCT_CATEGORY ( 'detail', '', ( #716 ) ) ;
#1210 = LINE ( 'NONE', #4034, #3124 ) ;
#1211 = VERTEX_POINT ( 'NONE', #717 ) ;
#1212 = ORIENTED_EDGE ( 'NONE', *, *, #2922, .T. ) ;
#1213 = CARTESIAN_POINT ( 'NONE',  ( -0.6103585131519497775, -12.12925626134106416, 6.000000000000000000 ) ) ;
#1214 = CIRCLE ( 'NONE', #4236, 1.800000000000002931 ) ;
#1215 = DIRECTION ( 'NONE',  ( 0.000000000000000000, -0.000000000000000000, 1.000000000000000000 ) ) ;
#1216 = CIRCLE ( 'NONE', #17, 1.499999999999999556 ) ;
#1217 = AXIS2_PLACEMENT_3D ( 'NONE', #1889, #2261, #1911 ) ;
#1218 = VECTOR ( 'NONE', #3351, 1000.000000000000114 ) ;
#1219 = EDGE_CURVE ( 'NONE', #2423, #3754, #3532, .T. ) ;
#1220 = ORIENTED_EDGE ( 'NONE', *, *, #1664, .F. ) ;
#1221 = LINE ( 'NONE', #1893, #2850 ) ;
#1222 = CARTESIAN_POINT ( 'NONE',  ( 21.66270488007392458, -4.912365032636673234, 10.00000000000000000 ) ) ;
#1223 = CARTESIAN_POINT ( 'NONE',  ( 23.07721790776549398, 26.14875973793413522, 8.500000000000000000 ) ) ;
#1224 = VERTEX_POINT ( 'NONE', #4051 ) ;
#1225 = AXIS2_PLACEMENT_3D ( 'NONE', #2817, #755, #1055 ) ;
#1226 = ADVANCED_FACE ( 'NONE', ( #114 ), #505, .F. ) ;
#1227 = ADVANCED_FACE ( 'NONE', ( #1922 ), #2941, .T. ) ;
#1228 = LINE ( 'NONE', #823, #462 ) ;
#1229 = VECTOR ( 'NONE', #3896, 1000.000000000000000 ) ;
#1230 = CARTESIAN_POINT ( 'NONE',  ( 20.73275649977073698, 32.71590692879109241, 8.539339828220146700 ) ) ;
#1231 = PLANE ( 'NONE',  #1705 ) ;
#1232 = ORIENTED_EDGE ( 'NONE', *, *, #2976, .T. ) ;
#1233 = CARTESIAN_POINT ( 'NONE',  ( 49.23965032567458877, 22.62074139010718454, 7.000000000000000000 ) ) ;
#1234 = DIRECTION ( 'NONE',  ( 0.000000000000000000, 0.000000000000000000, -1.000000000000000000 ) ) ;
#1235 = FACE_OUTER_BOUND ( 'NONE', #3472, .T. ) ;
#1236 = VERTEX_POINT ( 'NONE', #2249 ) ;
#1237 = CARTESIAN_POINT ( 'NONE',  ( 48.24696216030569218, 5.668502244280197111, 0.000000000000000000 ) ) ;
#1238 = LINE ( 'NONE', #143, #252 ) ;
#1239 = EDGE_LOOP ( 'NONE', ( #2083, #342 ) ) ;
#1240 = DIRECTION ( 'NONE',  ( 0.9999999999999853451, 1.714279131736711558E-07, 0.000000000000000000 ) ) ;
#1241 = CARTESIAN_POINT ( 'NONE',  ( -3.050686369510396504E-06, 17.79573501475584862, 7.000000000000000000 ) ) ;
#1242 = LINE ( 'NONE', #3367, #174 ) ;
#1243 = ORIENTED_EDGE ( 'NONE', *, *, #1473, .F. ) ;
#1244 = ADVANCED_FACE ( 'NONE', ( #3694 ), #3635, .T. ) ;
#1245 = CARTESIAN_POINT ( 'NONE',  ( 49.23965032567458877, 22.62074139010718454, 5.000000000000000000 ) ) ;
#1246 = LINE ( 'NONE', #150, #3579 ) ;
#1247 = CARTESIAN_POINT ( 'NONE',  ( 49.13965027424811893, 17.84574321454329393, 10.00000000000000000 ) ) ;
#1248 = EDGE_CURVE ( 'NONE', #581, #553, #3485, .T. ) ;
#1249 = EDGE_LOOP ( 'NONE', ( #1995, #106, #2360, #1599 ) ) ;
#1250 = EDGE_CURVE ( 'NONE', #3729, #2971, #303, .T. ) ;
#1251 = DIRECTION ( 'NONE',  ( 0.9435999821329336124, 0.3310877130289305859, 0.000000000000000000 ) ) ;
#1252 = LINE ( 'NONE', #2961, #3205 ) ;
#1253 = ORIENTED_EDGE ( 'NONE', *, *, #3360, .F. ) ;
#1254 = FACE_OUTER_BOUND ( 'NONE', #3147, .T. ) ;
#1255 = ORIENTED_EDGE ( 'NONE', *, *, #2977, .T. ) ;
#1256 = EDGE_CURVE ( 'NONE', #1184, #3170, #158, .T. ) ;
#1257 = CARTESIAN_POINT ( 'NONE',  ( 23.12900505364046921, -4.879256261333784650, 8.539339828220146700 ) ) ;
#1258 = ORIENTED_EDGE ( 'NONE', *, *, #1697, .F. ) ;
#1259 = DIRECTION ( 'NONE',  ( -1.000000000000000000, 0.000000000000000000, 0.000000000000000000 ) ) ;
#1260 = ORIENTED_EDGE ( 'NONE', *, *, #1034, .F. ) ;
#1261 = DIRECTION ( 'NONE',  ( 1.000000000000000000, 0.000000000000000000, 0.000000000000000000 ) ) ;
#1262 = CARTESIAN_POINT ( 'NONE',  ( 21.63965196924048229, 25.29235207263817387, 9.765669570629786023 ) ) ;
#1263 = FACE_OUTER_BOUND ( 'NONE', #1264, .T. ) ;
#1264 = EDGE_LOOP ( 'NONE', ( #1835, #4497, #4011, #1896 ) ) ;
#1265 = DIRECTION ( 'NONE',  ( 0.000000000000000000, 0.000000000000000000, -1.000000000000000000 ) ) ;
#1266 = LINE ( 'NONE', #1546, #2698 ) ;
#1267 = DIRECTION ( 'NONE',  ( -4.352598021917241359E-15, 1.000000000000000000, 0.000000000000000000 ) ) ;
#1268 = VECTOR ( 'NONE', #783, 1000.000000000000000 ) ;
#1269 = ORIENTED_EDGE ( 'NONE', *, *, #1671, .F. ) ;
#1270 = AXIS2_PLACEMENT_3D ( 'NONE', #3268, #2216, #1120 ) ;
#1271 = DIRECTION ( 'NONE',  ( 0.000000000000000000, -1.000000000000000000, 0.000000000000000000 ) ) ;
#1272 = EDGE_CURVE ( 'NONE', #1174, #1586, #4001, .T. ) ;
#1273 = CARTESIAN_POINT ( 'NONE',  ( 29.68964734479039436, -3.484083463375951872, 8.500000000000000000 ) ) ;
#1274 = CARTESIAN_POINT ( 'NONE',  ( 47.03964868210912442, -2.879256921328932517, 10.00000000000000000 ) ) ;
#1275 = VECTOR ( 'NONE', #418, 1000.000000000000000 ) ;
#1276 = ORIENTED_EDGE ( 'NONE', *, *, #3419, .T. ) ;
#1277 = VECTOR ( 'NONE', #3374, 1000.000000000000000 ) ;
#1278 = EDGE_CURVE ( 'NONE', #1100, #2189, #3323, .T. ) ;
#1279 = DIRECTION ( 'NONE',  ( 0.3310877130289302528, 0.9435999821329336124, 2.775557561562891967E-17 ) ) ;
#1280 = EDGE_CURVE ( 'NONE', #1620, #2112, #3559, .T. ) ;
#1281 = ORIENTED_EDGE ( 'NONE', *, *, #506, .T. ) ;
#1282 = FACE_OUTER_BOUND ( 'NONE', #2625, .T. ) ;
#1283 = VECTOR ( 'NONE', #3178, 1000.000000000000000 ) ;
#1284 = VERTEX_POINT ( 'NONE', #183 ) ;
#1285 = AXIS2_PLACEMENT_3D ( 'NONE', #3835, #1689, #1001 ) ;
#1286 = ORIENTED_EDGE ( 'NONE', *, *, #904, .T. ) ;
#1287 = DIRECTION ( 'NONE',  ( 0.000000000000000000, 0.000000000000000000, -1.000000000000000000 ) ) ;
#1288 = DIRECTION ( 'NONE',  ( -5.664403729850249372E-16, 1.000000000000000000, 0.000000000000000000 ) ) ;
#1289 = VERTEX_POINT ( 'NONE', #1597 ) ;
#1290 = CIRCLE ( 'NONE', #470, 3.250000000000002665 ) ;
#1291 = AXIS2_PLACEMENT_3D ( 'NONE', #2016, #643, #2063 ) ;
#1292 = CARTESIAN_POINT ( 'NONE',  ( 35.07958759053650510, -3.179256261333784472, 1.593940713982425539 ) ) ;
#1293 = CARTESIAN_POINT ( 'NONE',  ( 17.37607637877630395, 37.87074373865891630, 10.00000000000000000 ) ) ;
#1294 = VECTOR ( 'NONE', #1761, 1000.000000000000000 ) ;
#1295 = DIRECTION ( 'NONE',  ( 0.000000000000000000, 0.000000000000000000, 1.000000000000000000 ) ) ;
#1296 = VECTOR ( 'NONE', #454, 1000.000000000000000 ) ;
#1297 =( GEOMETRIC_REPRESENTATION_CONTEXT ( 3 ) GLOBAL_UNCERTAINTY_ASSIGNED_CONTEXT ( ( #2071 ) ) GLOBAL_UNIT_ASSIGNED_CONTEXT ( ( #1906, #4330, #489 ) ) REPRESENTATION_CONTEXT ( 'NONE', 'WORKASPACE' ) );
#1298 = VECTOR ( 'NONE', #599, 1000.000000000000000 ) ;
#1299 = DIRECTION ( 'NONE',  ( 0.000000000000000000, 0.000000000000000000, -1.000000000000000000 ) ) ;
#1300 = CARTESIAN_POINT ( 'NONE',  ( 27.30269115283761749, 9.579891632569703219, 10.00000000000000000 ) ) ;
#1301 = VERTEX_POINT ( 'NONE', #1233 ) ;
#1302 = DIRECTION ( 'NONE',  ( 0.000000000000000000, 0.000000000000000000, 1.000000000000000000 ) ) ;
#1303 = CALENDAR_DATE ( 2026, 19, 8 ) ;
#1304 = ORIENTED_EDGE ( 'NONE', *, *, #1987, .T. ) ;
#1305 = ADVANCED_FACE ( 'NONE', ( #3008 ), #2316, .F. ) ;
#1306 = LINE ( 'NONE', #4054, #1429 ) ;
#1307 = ORIENTED_EDGE ( 'NONE', *, *, #2690, .T. ) ;
#1308 = DIRECTION ( 'NONE',  ( 0.000000000000000000, 0.000000000000000000, -1.000000000000000000 ) ) ;
#1309 = EDGE_CURVE ( 'NONE', #2098, #1848, #1550, .T. ) ;
#1310 = ADVANCED_FACE ( 'NONE', ( #1875 ), #897, .F. ) ;
#1311 = ORIENTED_EDGE ( 'NONE', *, *, #1724, .F. ) ;
#1312 = ORIENTED_EDGE ( 'NONE', *, *, #1553, .T. ) ;
#1313 = DIRECTION ( 'NONE',  ( -0.3310877130289293646, 0.9435999821329339454, -4.738173134917637118E-17 ) ) ;
#1314 = FACE_OUTER_BOUND ( 'NONE', #3851, .T. ) ;
#1315 = ORIENTED_EDGE ( 'NONE', *, *, #2077, .T. ) ;
#1316 = LINE ( 'NONE', #2728, #1424 ) ;
#1317 = CARTESIAN_POINT ( 'NONE',  ( 24.93965226057671103, -2.379256261333784650, 0.000000000000000000 ) ) ;
#1318 = DIRECTION ( 'NONE',  ( 1.000000000000000000, -6.249004188959885527E-18, -0.000000000000000000 ) ) ;
#1319 = DIRECTION ( 'NONE',  ( 1.000000000000000000, -6.249004188959886297E-18, 0.000000000000000000 ) ) ;
#1320 = ORIENTED_EDGE ( 'NONE', *, *, #2976, .F. ) ;
#1321 = DATE_AND_TIME ( #1303, #3504 ) ;
#1322 = ORIENTED_EDGE ( 'NONE', *, *, #2463, .F. ) ;
#1323 = LINE ( 'NONE', #4303, #1877 ) ;
#1324 = ORIENTED_EDGE ( 'NONE', *, *, #3333, .T. ) ;
#1325 = EDGE_CURVE ( 'NONE', #3802, #1343, #556, .T. ) ;
#1326 = CARTESIAN_POINT ( 'NONE',  ( 51.13965032567460156, 0.1704718338856545945, 10.00000000000000000 ) ) ;
#1327 = ORIENTED_EDGE ( 'NONE', *, *, #1630, .T. ) ;
#1328 = ADVANCED_FACE ( 'NONE', ( #487 ), #4029, .F. ) ;
#1329 = ORIENTED_EDGE ( 'NONE', *, *, #880, .T. ) ;
#1330 = EDGE_CURVE ( 'NONE', #821, #4453, #1204, .T. ) ;
#1331 = DIRECTION ( 'NONE',  ( 0.000000000000000000, 0.000000000000000000, -1.000000000000000000 ) ) ;
#1332 = CARTESIAN_POINT ( 'NONE',  ( 51.13965196923841461, 7.405624116590557020E-13, 10.00000000000000000 ) ) ;
#1333 = ORIENTED_EDGE ( 'NONE', *, *, #2269, .T. ) ;
#1334 = CARTESIAN_POINT ( 'NONE',  ( 49.88965107274953681, -1.629257179833860647, 7.000000000000000000 ) ) ;
#1335 = ADVANCED_FACE ( 'NONE', ( #2387 ), #2365, .F. ) ;
#1336 = DIRECTION ( 'NONE',  ( 0.000000000000000000, 0.000000000000000000, -1.000000000000000000 ) ) ;
#1337 = ADVANCED_FACE ( 'NONE', ( #1732 ), #2610, .T. ) ;
#1338 = FACE_OUTER_BOUND ( 'NONE', #2105, .T. ) ;
#1339 = CARTESIAN_POINT ( 'NONE',  ( 24.38964148684808464, -2.879256261333784650, 8.099999999999967670 ) ) ;
#1340 = AXIS2_PLACEMENT_3D ( 'NONE', #3372, #4413, #1200 ) ;
#1341 = CARTESIAN_POINT ( 'NONE',  ( 45.77983477060559636, 37.87074373865891630, 9.411786357714873930 ) ) ;
#1342 = EDGE_LOOP ( 'NONE', ( #301, #578, #2881, #3325 ) ) ;
#1343 = VERTEX_POINT ( 'NONE', #4116 ) ;
#1344 = CARTESIAN_POINT ( 'NONE',  ( 17.73963427495159095, 21.77074209509556013, 7.000000000000000000 ) ) ;
#1345 = ORIENTED_EDGE ( 'NONE', *, *, #1039, .T. ) ;
#1346 = AXIS2_PLACEMENT_3D ( 'NONE', #3965, #3219, #2878 ) ;
#1347 = FACE_OUTER_BOUND ( 'NONE', #3082, .T. ) ;
#1348 = AXIS2_PLACEMENT_3D ( 'NONE', #3026, #4370, #878 ) ;
#1349 = ORIENTED_EDGE ( 'NONE', *, *, #566, .T. ) ;
#1350 = VERTEX_POINT ( 'NONE', #4203 ) ;
#1351 = DIRECTION ( 'NONE',  ( 0.000000000000000000, 0.000000000000000000, -1.000000000000000000 ) ) ;
#1352 = LINE ( 'NONE', #3824, #1729 ) ;
#1353 = AXIS2_PLACEMENT_3D ( 'NONE', #4411, #3020, #3714 ) ;
#1354 = ORIENTED_EDGE ( 'NONE', *, *, #4159, .F. ) ;
#1355 = EDGE_CURVE ( 'NONE', #495, #4261, #2778, .T. ) ;
#1356 = AXIS2_PLACEMENT_3D ( 'NONE', #1806, #4279, #2204 ) ;
#1357 = CARTESIAN_POINT ( 'NONE',  ( 19.68964312209603662, 21.77074209509556013, 10.00000000000000000 ) ) ;
#1358 = CARTESIAN_POINT ( 'NONE',  ( 14.43063497486373237, -3.179256261333784472, 7.000000000000000000 ) ) ;
#1359 = FACE_OUTER_BOUND ( 'NONE', #1603, .T. ) ;
#1360 = AXIS2_PLACEMENT_3D ( 'NONE', #979, #1719, #2401 ) ;
#1361 = AXIS2_PLACEMENT_3D ( 'NONE', #2733, #269, #3116 ) ;
#1362 = ADVANCED_FACE ( 'NONE', ( #3810 ), #1704, .F. ) ;
#1363 = EDGE_CURVE ( 'NONE', #1644, #4337, #1993, .T. ) ;
#1364 = DIRECTION ( 'NONE',  ( -0.000000000000000000, -0.000000000000000000, 1.000000000000000000 ) ) ;
#1365 = VECTOR ( 'NONE', #2396, 1000.000000000000000 ) ;
#1366 = VECTOR ( 'NONE', #2362, 1000.000000000000000 ) ;
#1367 = FACE_OUTER_BOUND ( 'NONE', #561, .T. ) ;
#1368 = ORIENTED_EDGE ( 'NONE', *, *, #669, .F. ) ;
#1369 = EDGE_LOOP ( 'NONE', ( #2273, #2964, #2576, #2449 ) ) ;
#1370 = LOCAL_TIME ( 10, 10, 26.00000000000000000, #1668 ) ;
#1371 = AXIS2_PLACEMENT_3D ( 'NONE', #2838, #2195, #3225 ) ;
#1372 = DIRECTION ( 'NONE',  ( 4.352598021917241359E-15, -1.000000000000000000, 0.000000000000000000 ) ) ;
#1373 = EDGE_LOOP ( 'NONE', ( #2546, #2402, #2948, #1829 ) ) ;
#1374 = DIRECTION ( 'NONE',  ( -1.000000000000000000, -0.000000000000000000, -0.000000000000000000 ) ) ;
#1375 = ORIENTED_EDGE ( 'NONE', *, *, #2747, .T. ) ;
#1376 = VERTEX_POINT ( 'NONE', #3070 ) ;
#1377 = CARTESIAN_POINT ( 'NONE',  ( 40.80504146004748378, -2.382624691790389271, 7.478679656440334611 ) ) ;
#1378 = CARTESIAN_POINT ( 'NONE',  ( 14.43063497486373237, -2.879256261333784650, 10.00000000000000000 ) ) ;
#1379 = ORIENTED_EDGE ( 'NONE', *, *, #763, .T. ) ;
#1380 = DIRECTION ( 'NONE',  ( -1.000000000000000000, 0.000000000000000000, 0.000000000000000000 ) ) ;
#1381 = PLANE ( 'NONE',  #2526 ) ;
#1382 = DIRECTION ( 'NONE',  ( -1.000000000000000000, 0.000000000000000000, -0.000000000000000000 ) ) ;
#1383 = VERTEX_POINT ( 'NONE', #311 ) ;
#1384 = CARTESIAN_POINT ( 'NONE',  ( 20.73275649977073698, 32.71590692879109241, 8.539339828220146700 ) ) ;
#1385 = CARTESIAN_POINT ( 'NONE',  ( 29.68964734479039436, -3.484083463375951872, 1.591397869695244216 ) ) ;
#1386 = ORIENTED_EDGE ( 'NONE', *, *, #3162, .T. ) ;
#1387 = EDGE_CURVE ( 'NONE', #2189, #3353, #2023, .T. ) ;
#1388 = EDGE_CURVE ( 'NONE', #3182, #780, #612, .T. ) ;
#1389 = ORIENTED_EDGE ( 'NONE', *, *, #1532, .T. ) ;
#1390 = LINE ( 'NONE', #4572, #688 ) ;
#1391 = ORIENTED_EDGE ( 'NONE', *, *, #4188, .T. ) ;
#1392 = EDGE_CURVE ( 'NONE', #3932, #402, #3785, .T. ) ;
#1393 = CARTESIAN_POINT ( 'NONE',  ( 49.23965032567460298, 22.37074213718249993, 0.000000000000000000 ) ) ;
#1394 = VERTEX_POINT ( 'NONE', #3142 ) ;
#1395 = VERTEX_POINT ( 'NONE', #596 ) ;
#1396 = CARTESIAN_POINT ( 'NONE',  ( -0.6103585131518942664, 32.87074373865893051, 0.000000000000000000 ) ) ;
#1397 = LINE ( 'NONE', #3152, #1137 ) ;
#1398 = VERTEX_POINT ( 'NONE', #621 ) ;
#1399 = DIRECTION ( 'NONE',  ( 1.000000000000000000, 0.000000000000000000, -0.000000000000000000 ) ) ;
#1400 = DIRECTION ( 'NONE',  ( -0.6672259460937000064, 0.2341143670503002261, -0.7071067811865505703 ) ) ;
#1401 = DIRECTION ( 'NONE',  ( -0.4633093305918511429, -0.8737704395039783689, 0.1478840195408389624 ) ) ;
#1402 = ORIENTED_EDGE ( 'NONE', *, *, #1194, .F. ) ;
#1403 = CARTESIAN_POINT ( 'NONE',  ( 51.13965032567460156, 0.1704718338856545945, 7.000000000000000000 ) ) ;
#1404 = CARTESIAN_POINT ( 'NONE',  ( 49.23965032567459588, 6.451105763866647358, 0.000000000000000000 ) ) ;
#1405 = ORIENTED_EDGE ( 'NONE', *, *, #4524, .F. ) ;
#1406 = ORIENTED_EDGE ( 'NONE', *, *, #1195, .F. ) ;
#1407 = DIRECTION ( 'NONE',  ( 0.000000000000000000, 0.000000000000000000, 1.000000000000000000 ) ) ;
#1408 = CARTESIAN_POINT ( 'NONE',  ( 47.03964868210912442, -2.879256921328932073, 7.000000000000000000 ) ) ;
#1409 = PLANE ( 'NONE',  #1511 ) ;
#1410 = EDGE_CURVE ( 'NONE', #2189, #3963, #2393, .T. ) ;
#1411 = EDGE_CURVE ( 'NONE', #1413, #1284, #3743, .T. ) ;
#1412 = CONICAL_SURFACE ( 'NONE', #1270, 0.09999999999998551714, 0.7853981633974430610 ) ;
#1413 = VERTEX_POINT ( 'NONE', #4525 ) ;
#1414 = VERTEX_POINT ( 'NONE', #2754 ) ;
#1415 = CARTESIAN_POINT ( 'NONE',  ( 43.13965196923869172, -4.379256261333784650, 7.478679656440327506 ) ) ;
#1416 = CARTESIAN_POINT ( 'NONE',  ( 24.93965226057671103, -2.379256261333784650, 0.000000000000000000 ) ) ;
#1417 = ORIENTED_EDGE ( 'NONE', *, *, #2682, .F. ) ;
#1418 = AXIS2_PLACEMENT_3D ( 'NONE', #42, #3165, #1407 ) ;
#1419 = AXIS2_PLACEMENT_3D ( 'NONE', #2410, #1364, #4482 ) ;
#1420 = DIRECTION ( 'NONE',  ( -0.000000000000000000, -0.000000000000000000, 1.000000000000000000 ) ) ;
#1421 = DIRECTION ( 'NONE',  ( -0.000000000000000000, -0.000000000000000000, 1.000000000000000000 ) ) ;
#1422 = FACE_OUTER_BOUND ( 'NONE', #2489, .T. ) ;
#1423 = ORIENTED_EDGE ( 'NONE', *, *, #3615, .T. ) ;
#1424 = VECTOR ( 'NONE', #2381, 1000.000000000000000 ) ;
#1425 = DIRECTION ( 'NONE',  ( 0.000000000000000000, -1.000000000000000000, 0.000000000000000000 ) ) ;
#1426 = DIRECTION ( 'NONE',  ( 0.000000000000000000, 0.000000000000000000, 1.000000000000000000 ) ) ;
#1427 = AXIS2_PLACEMENT_3D ( 'NONE', #1493, #2513, #3918 ) ;
#1428 = LINE ( 'NONE', #2870, #1268 ) ;
#1429 = VECTOR ( 'NONE', #562, 1000.000000000000000 ) ;
#1430 = EDGE_LOOP ( 'NONE', ( #1324, #729, #383, #1464 ) ) ;
#1431 = CIRCLE ( 'NONE', #917, 4.000000000000005329 ) ;
#1432 = CIRCLE ( 'NONE', #2622, 3.449917204722718012 ) ;
#1433 = DIRECTION ( 'NONE',  ( -1.000000000000000000, -1.999678678259835681E-16, 0.000000000000000000 ) ) ;
#1434 = DIRECTION ( 'NONE',  ( 1.000000000000000000, 0.000000000000000000, 0.000000000000000000 ) ) ;
#1435 = VECTOR ( 'NONE', #3799, 1000.000000000000000 ) ;
#1436 = FACE_OUTER_BOUND ( 'NONE', #4217, .T. ) ;
#1437 = EDGE_CURVE ( 'NONE', #951, #2045, #3829, .T. ) ;
#1438 = AXIS2_PLACEMENT_3D ( 'NONE', #2444, #3723, #3156 ) ;
#1439 = LINE ( 'NONE', #3607, #684 ) ;
#1440 = ORIENTED_EDGE ( 'NONE', *, *, #1988, .F. ) ;
#1441 = ORIENTED_EDGE ( 'NONE', *, *, #618, .T. ) ;
#1442 = FACE_OUTER_BOUND ( 'NONE', #3831, .T. ) ;
#1443 = PLANE ( 'NONE',  #768 ) ;
#1444 = ADVANCED_FACE ( 'NONE', ( #1684 ), #3091, .F. ) ;
#1445 = EDGE_CURVE ( 'NONE', #4445, #1736, #3463, .T. ) ;
#1446 = ORIENTED_EDGE ( 'NONE', *, *, #2022, .T. ) ;
#1447 = ORIENTED_EDGE ( 'NONE', *, *, #506, .F. ) ;
#1448 = CARTESIAN_POINT ( 'NONE',  ( 40.65027709600504835, 25.62074139010719520, 8.539339828220143147 ) ) ;
#1449 = FACE_OUTER_BOUND ( 'NONE', #144, .T. ) ;
#1450 = CYLINDRICAL_SURFACE ( 'NONE', #555, 3.250000000000002665 ) ;
#1451 = ORIENTED_EDGE ( 'NONE', *, *, #349, .T. ) ;
#1452 = DIRECTION ( 'NONE',  ( 1.000000000000000000, 0.000000000000000000, 0.000000000000000000 ) ) ;
#1453 = CARTESIAN_POINT ( 'NONE',  ( 13.56122676773205882, 15.87339205749152882, 0.000000000000000000 ) ) ;
#1454 = DIRECTION ( 'NONE',  ( 0.000000000000000000, 0.000000000000000000, -1.000000000000000000 ) ) ;
#1455 = ORIENTED_EDGE ( 'NONE', *, *, #3248, .T. ) ;
#1456 = FACE_OUTER_BOUND ( 'NONE', #2003, .T. ) ;
#1457 = CARTESIAN_POINT ( 'NONE',  ( 42.21093726778487110, 25.62074139010719520, 8.539339828220143147 ) ) ;
#1458 = CARTESIAN_POINT ( 'NONE',  ( 12.33964078082063587, 5.376919480069707546, 1.591397869695244216 ) ) ;
#1459 = CARTESIAN_POINT ( 'NONE',  ( 14.53965206352063255, -1.879256261333784428, 5.000000000000000000 ) ) ;
#1460 = VERTEX_POINT ( 'NONE', #1384 ) ;
#1461 = ORIENTED_EDGE ( 'NONE', *, *, #4233, .T. ) ;
#1462 = DIRECTION ( 'NONE',  ( -1.000000000000000000, 0.000000000000000000, 0.000000000000000000 ) ) ;
#1463 = DIRECTION ( 'NONE',  ( 1.000000000000000000, -0.000000000000000000, 0.000000000000000000 ) ) ;
#1464 = ORIENTED_EDGE ( 'NONE', *, *, #788, .T. ) ;
#1465 = EDGE_CURVE ( 'NONE', #2965, #797, #661, .T. ) ;
#1466 = ADVANCED_FACE ( 'NONE', ( #576 ), #1634, .F. ) ;
#1467 = VERTEX_POINT ( 'NONE', #3526 ) ;
#1468 = FACE_BOUND ( 'NONE', #152, .T. ) ;
#1469 = CARTESIAN_POINT ( 'NONE',  ( 35.07958759053650510, -3.179256261333784472, 8.500000000000000000 ) ) ;
#1470 = LINE ( 'NONE', #4270, #2176 ) ;
#1471 = EDGE_LOOP ( 'NONE', ( #2665, #2351, #499, #424, #3408, #4377, #4006, #4551, #3237, #433, #2577, #2800, #3979, #1790, #3828, #1255, #2955, #350, #805, #931, #3707, #438, #3458, #1554, #4363, #883, #1023, #1992, #1072, #3061 ) ) ;
#1472 = ADVANCED_FACE ( 'NONE', ( #1823 ), #4226, .T. ) ;
#1473 = EDGE_CURVE ( 'NONE', #1707, #4334, #3922, .T. ) ;
#1474 = DIRECTION ( 'NONE',  ( 1.000000000000000000, 0.000000000000000000, 0.000000000000000000 ) ) ;
#1475 = CARTESIAN_POINT ( 'NONE',  ( 43.13965196923869172, -3.179256261333784472, 7.000000000000000000 ) ) ;
#1476 = CARTESIAN_POINT ( 'NONE',  ( 22.06878636478185030, 25.61948551232610427, 7.478679656440326617 ) ) ;
#1477 = ADVANCED_BREP_SHAPE_REPRESENTATION ( 'Felko Bastidor2', ( #1173, #4031 ), #1297 ) ;
#1478 = VERTEX_POINT ( 'NONE', #1497 ) ;
#1479 = CYLINDRICAL_SURFACE ( 'NONE', #2608, 1.949998356435209246 ) ;
#1480 = DIRECTION ( 'NONE',  ( 1.000000000000000000, -4.625929269271481378E-15, -4.625929269271542120E-15 ) ) ;
#1481 = DIRECTION ( 'NONE',  ( -1.875377445444817940E-15, 1.000000000000000000, 0.000000000000000000 ) ) ;
#1482 = DIRECTION ( 'NONE',  ( -1.000000000000000000, -0.000000000000000000, -0.000000000000000000 ) ) ;
#1483 = ORIENTED_EDGE ( 'NONE', *, *, #1102, .F. ) ;
#1484 = ORIENTED_EDGE ( 'NONE', *, *, #2296, .T. ) ;
#1485 = VECTOR ( 'NONE', #1774, 999.9999999999998863 ) ;
#1486 = PLANE ( 'NONE',  #1568 ) ;
#1487 = CARTESIAN_POINT ( 'NONE',  ( 70.88964148684802069, -13.12925626134109436, 10.00000000000000000 ) ) ;
#1488 = ORIENTED_EDGE ( 'NONE', *, *, #1388, .T. ) ;
#1489 = AXIS2_PLACEMENT_3D ( 'NONE', #2564, #2493, #3597 ) ;
#1490 = ORIENTED_EDGE ( 'NONE', *, *, #3140, .F. ) ;
#1491 = CARTESIAN_POINT ( 'NONE',  ( 47.03964868210911021, 1.865158296181077939E-13, 10.00000000000000000 ) ) ;
#1492 = CARTESIAN_POINT ( 'NONE',  ( 52.63965196923841461, 7.622841789123170581E-13, 7.478679656440332835 ) ) ;
#1493 = CARTESIAN_POINT ( 'NONE',  ( 66.88964148684802069, -13.12925626134109436, 10.00000000000000000 ) ) ;
#1494 = AXIS2_PLACEMENT_3D ( 'NONE', #440, #1556, #3262 ) ;
#1495 = VERTEX_POINT ( 'NONE', #1103 ) ;
#1496 = EDGE_CURVE ( 'NONE', #371, #1376, #679, .T. ) ;
#1497 = CARTESIAN_POINT ( 'NONE',  ( 23.61677660504441079, -1.879256261333784428, 7.000000000000000000 ) ) ;
#1498 = CARTESIAN_POINT ( 'NONE',  ( 21.56878636478185030, 25.61948551232610427, 10.00000000000000000 ) ) ;
#1499 = DIRECTION ( 'NONE',  ( 0.8944271909999158554, 0.4472135954999579277, 0.000000000000000000 ) ) ;
#1500 = VECTOR ( 'NONE', #3343, 1000.000000000000000 ) ;
#1501 = EDGE_CURVE ( 'NONE', #1289, #4491, #2130, .T. ) ;
#1502 = VERTEX_POINT ( 'NONE', #2446 ) ;
#1503 = EDGE_CURVE ( 'NONE', #1350, #1607, #752, .T. ) ;
#1504 = DIRECTION ( 'NONE',  ( 0.000000000000000000, 0.000000000000000000, 1.000000000000000000 ) ) ;
#1505 = VECTOR ( 'NONE', #3449, 1000.000000000000000 ) ;
#1506 = CARTESIAN_POINT ( 'NONE',  ( 35.00844587832606436, 23.62074139010719165, 7.000000000000000000 ) ) ;
#1507 = DIRECTION ( 'NONE',  ( 0.000000000000000000, 0.000000000000000000, -1.000000000000000000 ) ) ;
#1508 = CIRCLE ( 'NONE', #765, 1.249999252924724580 ) ;
#1509 = VECTOR ( 'NONE', #288, 1000.000000000000000 ) ;
#1510 = CARTESIAN_POINT ( 'NONE',  ( 49.23965032567458877, 22.62074139010718454, 7.000000000000000000 ) ) ;
#1511 = AXIS2_PLACEMENT_3D ( 'NONE', #2117, #2824, #2482 ) ;
#1512 = ORIENTED_EDGE ( 'NONE', *, *, #1926, .F. ) ;
#1513 = AXIS2_PLACEMENT_3D ( 'NONE', #1610, #1918, #894 ) ;
#1514 = ORIENTED_EDGE ( 'NONE', *, *, #840, .T. ) ;
#1515 = CARTESIAN_POINT ( 'NONE',  ( -2.235358513151894488, 32.87074373865893051, 6.000000000000000000 ) ) ;
#1516 = DIRECTION ( 'NONE',  ( -0.000000000000000000, 0.000000000000000000, 1.000000000000000000 ) ) ;
#1517 = ORIENTED_EDGE ( 'NONE', *, *, #568, .T. ) ;
#1518 = LOCAL_TIME ( 10, 10, 26.00000000000000000, #2084 ) ;
#1519 = VECTOR ( 'NONE', #2126, 1000.000000000000000 ) ;
#1520 = ORIENTED_EDGE ( 'NONE', *, *, #2605, .T. ) ;
#1521 = CARTESIAN_POINT ( 'NONE',  ( 29.68964734479039436, -15.38299162719533619, 8.500000000000000000 ) ) ;
#1522 = DIRECTION ( 'NONE',  ( 0.6672259460936993403, -0.2341143670503004759, -0.7071067811865511255 ) ) ;
#1523 = DIRECTION ( 'NONE',  ( 0.000000000000000000, 0.000000000000000000, 1.000000000000000000 ) ) ;
#1524 = ORIENTED_EDGE ( 'NONE', *, *, #3677, .T. ) ;
#1525 = DIRECTION ( 'NONE',  ( 0.000000000000000000, 0.000000000000000000, 1.000000000000000000 ) ) ;
#1526 = ADVANCED_FACE ( 'NONE', ( #2199 ), #1771, .T. ) ;
#1527 = DIRECTION ( 'NONE',  ( -1.000000000000000000, 0.000000000000000000, 0.000000000000000000 ) ) ;
#1528 = FACE_OUTER_BOUND ( 'NONE', #120, .T. ) ;
#1529 = ORIENTED_EDGE ( 'NONE', *, *, #2274, .F. ) ;
#1530 = ADVANCED_FACE ( 'NONE', ( #3853 ), #335, .F. ) ;
#1531 = LINE ( 'NONE', #1181, #2843 ) ;
#1532 = EDGE_CURVE ( 'NONE', #4420, #593, #2868, .T. ) ;
#1533 = CARTESIAN_POINT ( 'NONE',  ( 21.28390581964390549, 31.62074373866633792, 8.353985497967505225 ) ) ;
#1534 = CARTESIAN_POINT ( 'NONE',  ( 46.40320659491987243, 37.87074373865891630, 10.00000000000000000 ) ) ;
#1535 = EDGE_CURVE ( 'NONE', #1949, #2223, #731, .T. ) ;
#1536 = ORIENTED_EDGE ( 'NONE', *, *, #3075, .T. ) ;
#1537 = ORIENTED_EDGE ( 'NONE', *, *, #618, .F. ) ;
#1538 = LINE ( 'NONE', #2949, #2970 ) ;
#1539 = CARTESIAN_POINT ( 'NONE',  ( 51.13965196923808776, 22.37074213718249993, 7.000000000000000000 ) ) ;
#1540 = ORIENTED_EDGE ( 'NONE', *, *, #2363, .F. ) ;
#1541 = DIRECTION ( 'NONE',  ( -1.000000000000000000, 0.000000000000000000, 0.000000000000000000 ) ) ;
#1542 = DIRECTION ( 'NONE',  ( 0.000000000000000000, 0.000000000000000000, 1.000000000000000000 ) ) ;
#1543 = DIRECTION ( 'NONE',  ( 0.000000000000000000, 0.000000000000000000, 1.000000000000000000 ) ) ;
#1544 = EDGE_LOOP ( 'NONE', ( #1708, #3383, #801, #3341 ) ) ;
#1545 = DIRECTION ( 'NONE',  ( 0.3310877130289293646, -0.9435999821329339454, 4.738173134917637118E-17 ) ) ;
#1546 = CARTESIAN_POINT ( 'NONE',  ( 14.43063497486373237, -3.179256261333784472, 8.500000000000000000 ) ) ;
#1547 = CARTESIAN_POINT ( 'NONE',  ( 21.63965196924075229, 23.62074139010719875, 8.500000000000000000 ) ) ;
#1548 = ORIENTED_EDGE ( 'NONE', *, *, #3934, .F. ) ;
#1549 = CC_DESIGN_DATE_AND_TIME_ASSIGNMENT ( #664, #224, ( #2262 ) ) ;
#1550 = LINE ( 'NONE', #2661, #1572 ) ;
#1551 = CARTESIAN_POINT ( 'NONE',  ( 14.53965206352063255, -1.879256261333784428, 5.000000000000000000 ) ) ;
#1552 = VERTEX_POINT ( 'NONE', #7 ) ;
#1553 = EDGE_CURVE ( 'NONE', #1414, #1059, #753, .T. ) ;
#1554 = ORIENTED_EDGE ( 'NONE', *, *, #4106, .T. ) ;
#1555 = VERTEX_POINT ( 'NONE', #712 ) ;
#1556 = DIRECTION ( 'NONE',  ( -1.000000000000000000, 0.000000000000000000, 0.000000000000000000 ) ) ;
#1557 = LINE ( 'NONE', #1583, #4245 ) ;
#1558 = EDGE_CURVE ( 'NONE', #2285, #2965, #430, .T. ) ;
#1559 = EDGE_CURVE ( 'NONE', #3476, #4123, #407, .T. ) ;
#1560 = CIRCLE ( 'NONE', #2230, 1.500000000000000444 ) ;
#1561 = ORIENTED_EDGE ( 'NONE', *, *, #1162, .F. ) ;
#1562 = DIRECTION ( 'NONE',  ( -0.000000000000000000, -0.000000000000000000, 1.000000000000000000 ) ) ;
#1563 = DIRECTION ( 'NONE',  ( 0.000000000000000000, 0.000000000000000000, -1.000000000000000000 ) ) ;
#1564 = CARTESIAN_POINT ( 'NONE',  ( 21.55790147027107295, -9.737324107477691726, 8.500000000000000000 ) ) ;
#1565 = ORIENTED_EDGE ( 'NONE', *, *, #2077, .F. ) ;
#1566 = AXIS2_PLACEMENT_3D ( 'NONE', #636, #2055, #3129 ) ;
#1567 = CARTESIAN_POINT ( 'NONE',  ( 42.21093726778487110, 25.62074139010719520, 7.478679656440327506 ) ) ;
#1568 = AXIS2_PLACEMENT_3D ( 'NONE', #3239, #3590, #70 ) ;
#1569 = CYLINDRICAL_SURFACE ( 'NONE', #775, 1.625000000000000222 ) ;
#1570 = CARTESIAN_POINT ( 'NONE',  ( 51.43965032567459872, 5.570747475363331702, 1.591397869695244216 ) ) ;
#1571 = ORIENTED_EDGE ( 'NONE', *, *, #2682, .T. ) ;
#1572 = VECTOR ( 'NONE', #4067, 1000.000000000000000 ) ;
#1573 = DIRECTION ( 'NONE',  ( -1.000000000000000000, -0.000000000000000000, -0.000000000000000000 ) ) ;
#1574 = DIRECTION ( 'NONE',  ( 1.000000000000000000, 4.352598021917241359E-15, 0.000000000000000000 ) ) ;
#1575 = ORIENTED_EDGE ( 'NONE', *, *, #730, .T. ) ;
#1576 = AXIS2_PLACEMENT_3D ( 'NONE', #4307, #4331, #1852 ) ;
#1577 = CARTESIAN_POINT ( 'NONE',  ( -3.110358513151917137, -17.12925626134109081, 0.000000000000000000 ) ) ;
#1578 = VECTOR ( 'NONE', #109, 1000.000000000000000 ) ;
#1579 = CYLINDRICAL_SURFACE ( 'NONE', #3272, 0.04999977587751697206 ) ;
#1580 = ORIENTED_EDGE ( 'NONE', *, *, #3414, .F. ) ;
#1581 = ADVANCED_FACE ( 'NONE', ( #4295 ), #2541, .F. ) ;
#1582 = LINE ( 'NONE', #4378, #3114 ) ;
#1583 = CARTESIAN_POINT ( 'NONE',  ( 17.73963427495159095, 21.77074209509556013, 7.000000000000000000 ) ) ;
#1584 = VECTOR ( 'NONE', #1167, 1000.000000000000000 ) ;
#1585 = VECTOR ( 'NONE', #4371, 1000.000000000000000 ) ;
#1586 = VERTEX_POINT ( 'NONE', #3510 ) ;
#1587 = ADVANCED_FACE ( 'NONE', ( #81 ), #538, .T. ) ;
#1588 = DIRECTION ( 'NONE',  ( -0.000000000000000000, -0.000000000000000000, 1.000000000000000000 ) ) ;
#1589 = DIRECTION ( 'NONE',  ( 1.448117816884087885E-14, -1.000000000000000000, 0.000000000000000000 ) ) ;
#1590 = LINE ( 'NONE', #2307, #2106 ) ;
#1591 = ORIENTED_EDGE ( 'NONE', *, *, #501, .F. ) ;
#1592 = APPROVAL_PERSON_ORGANIZATION ( #4462, #44, #250 ) ;
#1593 = CIRCLE ( 'NONE', #3500, 3.250000000000007994 ) ;
#1594 = CARTESIAN_POINT ( 'NONE',  ( 42.08466942447971348, -9.233126860551621462, 8.539339828220148476 ) ) ;
#1595 = DIRECTION ( 'NONE',  ( -0.000000000000000000, -0.000000000000000000, 1.000000000000000000 ) ) ;
#1596 = EDGE_LOOP ( 'NONE', ( #747, #3771, #2441, #77, #3122 ) ) ;
#1597 = CARTESIAN_POINT ( 'NONE',  ( 49.88965271631337828, 23.62074139010718454, 8.500000000000000000 ) ) ;
#1598 = CARTESIAN_POINT ( 'NONE',  ( -0.6103585131519497775, -12.12925626134106416, 10.00000000000000000 ) ) ;
#1599 = ORIENTED_EDGE ( 'NONE', *, *, #28, .F. ) ;
#1600 = DIRECTION ( 'NONE',  ( 0.000000000000000000, 0.000000000000000000, -1.000000000000000000 ) ) ;
#1601 = ORIENTED_EDGE ( 'NONE', *, *, #2048, .F. ) ;
#1602 = CARTESIAN_POINT ( 'NONE',  ( 21.63965196924048229, 24.06043508405748810, 8.539339828220141371 ) ) ;
#1603 = EDGE_LOOP ( 'NONE', ( #4118, #309, #2939, #3498 ) ) ;
#1604 = PLANE ( 'NONE',  #3138 ) ;
#1605 = CARTESIAN_POINT ( 'NONE',  ( 70.88964148684802069, 0.000000000000000000, 10.00000000000000000 ) ) ;
#1606 = CARTESIAN_POINT ( 'NONE',  ( 0.000000000000000000, 0.000000000000000000, 7.000000000000000000 ) ) ;
#1607 = VERTEX_POINT ( 'NONE', #685 ) ;
#1608 = EDGE_CURVE ( 'NONE', #3751, #1903, #1873, .T. ) ;
#1609 = CARTESIAN_POINT ( 'NONE',  ( 21.63965196924048229, 24.06043508405748810, 8.539339828220141371 ) ) ;
#1610 = CARTESIAN_POINT ( 'NONE',  ( 21.63965196924052847, 4.058251523038922936E-14, 10.00000000000000000 ) ) ;
#1611 = CARTESIAN_POINT ( 'NONE',  ( 12.63964750896299627, 0.5362090841003128716, 1.593940713982425539 ) ) ;
#1612 = ORIENTED_EDGE ( 'NONE', *, *, #4044, .T. ) ;
#1613 = EDGE_CURVE ( 'NONE', #4433, #2818, #614, .T. ) ;
#1614 = ADVANCED_FACE ( 'NONE', ( #4391 ), #2169, .T. ) ;
#1615 = CARTESIAN_POINT ( 'NONE',  ( 42.21093809183552992, -3.318596089553957018, 8.539339828220143147 ) ) ;
#1616 = LINE ( 'NONE', #3324, #691 ) ;
#1617 = CARTESIAN_POINT ( 'NONE',  ( 66.01464148684810596, 32.87074373865885235, 0.000000000000000000 ) ) ;
#1618 = ORIENTED_EDGE ( 'NONE', *, *, #2997, .T. ) ;
#1619 = CARTESIAN_POINT ( 'NONE',  ( 42.36994886297421914, -10.30730427602475885, 8.452810441127518004 ) ) ;
#1620 = VERTEX_POINT ( 'NONE', #2980 ) ;
#1621 = LINE ( 'NONE', #1979, #2038 ) ;
#1622 = ORIENTED_EDGE ( 'NONE', *, *, #2048, .T. ) ;
#1623 = ORIENTED_EDGE ( 'NONE', *, *, #4573, .F. ) ;
#1624 = LINE ( 'NONE', #610, #4225 ) ;
#1625 = LINE ( 'NONE', #4387, #2765 ) ;
#1626 = ORIENTED_EDGE ( 'NONE', *, *, #3957, .T. ) ;
#1627 = CARTESIAN_POINT ( 'NONE',  ( 62.76464148684809885, 32.87074373865885235, 6.000000000000000000 ) ) ;
#1628 = CARTESIAN_POINT ( 'NONE',  ( 42.21093726778487110, 25.62074139010719520, 10.00000000000000000 ) ) ;
#1629 = CARTESIAN_POINT ( 'NONE',  ( 64.38964148684804911, -12.12925626134114765, 10.00000000000000000 ) ) ;
#1630 = EDGE_CURVE ( 'NONE', #4409, #1224, #4045, .T. ) ;
#1631 = CIRCLE ( 'NONE', #4509, 1.560660171779824967 ) ;
#1632 = ORIENTED_EDGE ( 'NONE', *, *, #4329, .T. ) ;
#1633 = VECTOR ( 'NONE', #3338, 1000.000000000000000 ) ;
#1634 = PLANE ( 'NONE',  #1943 ) ;
#1635 = LINE ( 'NONE', #3045, #918 ) ;
#1636 = VERTEX_POINT ( 'NONE', #852 ) ;
#1637 = EDGE_CURVE ( 'NONE', #4066, #3223, #3047, .T. ) ;
#1638 = CARTESIAN_POINT ( 'NONE',  ( 66.88964148684802069, -13.12925626134109436, 0.000000000000000000 ) ) ;
#1639 = ADVANCED_FACE ( 'NONE', ( #2310 ), #1917, .F. ) ;
#1640 = VECTOR ( 'NONE', #64, 1000.000000000000000 ) ;
#1641 = ORIENTED_EDGE ( 'NONE', *, *, #4183, .T. ) ;
#1642 = AXIS2_PLACEMENT_3D ( 'NONE', #2275, #3719, #1180 ) ;
#1643 = CYLINDRICAL_SURFACE ( 'NONE', #2323, 1.500000000000000222 ) ;
#1644 = VERTEX_POINT ( 'NONE', #2936 ) ;
#1645 = CARTESIAN_POINT ( 'NONE',  ( 12.38964750896299627, 0.5362090841003129826, 8.000000000000000000 ) ) ;
#1646 = AXIS2_PLACEMENT_3D ( 'NONE', #3259, #2504, #2946 ) ;
#1647 = VECTOR ( 'NONE', #1051, 1000.000000000000114 ) ;
#1648 = VERTEX_POINT ( 'NONE', #176 ) ;
#1649 = VECTOR ( 'NONE', #3288, 1000.000000000000000 ) ;
#1650 = ORIENTED_EDGE ( 'NONE', *, *, #676, .F. ) ;
#1651 = DIRECTION ( 'NONE',  ( -1.000000000000000000, -0.000000000000000000, -0.000000000000000000 ) ) ;
#1652 = CARTESIAN_POINT ( 'NONE',  ( 17.73963427495159095, 0.000000000000000000, 10.00000000000000000 ) ) ;
#1653 = VERTEX_POINT ( 'NONE', #452 ) ;
#1654 = CIRCLE ( 'NONE', #1953, 1.249999252925071414 ) ;
#1655 = AXIS2_PLACEMENT_3D ( 'NONE', #4094, #184, #927 ) ;
#1656 = DIRECTION ( 'NONE',  ( 1.885580459284672472E-06, -0.9999999999982223109, 0.000000000000000000 ) ) ;
#1657 = CARTESIAN_POINT ( 'NONE',  ( 12.63965226057670677, -1.983764904190267631, 10.00000000000000000 ) ) ;
#1658 = AXIS2_PLACEMENT_3D ( 'NONE', #3696, #1507, #4032 ) ;
#1659 = CARTESIAN_POINT ( 'NONE',  ( 42.11657726957159298, 25.65385016141008379, 10.00000000000000000 ) ) ;
#1660 = ORIENTED_EDGE ( 'NONE', *, *, #1501, .T. ) ;
#1661 = B_SPLINE_CURVE_WITH_KNOTS ( 'NONE', 3,
 ( #3639, #2283, #4082, #3000, #4407, #4060, #1262, #2672, #914, #2584, #3735, #569 ),
 .UNSPECIFIED., .F., .F.,
 ( 4, 2, 2, 2, 2, 4 ),
 ( 0.0006215699786045147902, 0.001664511592993093893, 0.002185982400187379705, 0.002446717803784524779, 0.002577085505583093412, 0.002707453207381662046 ),
 .UNSPECIFIED. ) ;
#1662 = LOCAL_TIME ( 10, 10, 26.00000000000000000, #2713 ) ;
#1663 = CIRCLE ( 'NONE', #242, 1.624999999999999778 ) ;
#1664 = EDGE_CURVE ( 'NONE', #725, #3920, #1946, .T. ) ;
#1665 = CARTESIAN_POINT ( 'NONE',  ( 64.38964148684810596, 32.87074373865885235, 10.00000000000000000 ) ) ;
#1666 = LINE ( 'NONE', #2428, #3800 ) ;
#1667 = CARTESIAN_POINT ( 'NONE',  ( 49.88965271631336407, 22.37074213718249993, 7.000000000000000000 ) ) ;
#1668 = COORDINATED_UNIVERSAL_TIME_OFFSET ( 3, 0, .BEHIND. ) ;
#1669 = VERTEX_POINT ( 'NONE', #3996 ) ;
#1670 = EDGE_CURVE ( 'NONE', #3423, #934, #2286, .T. ) ;
#1671 = EDGE_CURVE ( 'NONE', #780, #364, #1228, .T. ) ;
#1672 = DIRECTION ( 'NONE',  ( -1.000000000000000000, 0.000000000000000000, 0.000000000000000000 ) ) ;
#1673 = VERTEX_POINT ( 'NONE', #2956 ) ;
#1674 = CARTESIAN_POINT ( 'NONE',  ( -0.6103585131518942664, 32.87074373865893051, 10.00000000000000000 ) ) ;
#1675 = EDGE_CURVE ( 'NONE', #2971, #1211, #3197, .T. ) ;
#1676 = EDGE_CURVE ( 'NONE', #2034, #4569, #1968, .T. ) ;
#1677 = VERTEX_POINT ( 'NONE', #1197 ) ;
#1678 = FACE_OUTER_BOUND ( 'NONE', #608, .T. ) ;
#1679 = DIRECTION ( 'NONE',  ( 0.000000000000000000, -0.000000000000000000, -1.000000000000000000 ) ) ;
#1680 = ORIENTED_EDGE ( 'NONE', *, *, #3075, .F. ) ;
#1681 = DIRECTION ( 'NONE',  ( 0.000000000000000000, -0.000000000000000000, -1.000000000000000000 ) ) ;
#1682 = CARTESIAN_POINT ( 'NONE',  ( 49.88965271631336407, 22.37074213718249993, 10.00000000000000000 ) ) ;
#1683 = CARTESIAN_POINT ( 'NONE',  ( 15.36122676773205953, 13.44605680722919594, 0.000000000000000000 ) ) ;
#1684 = FACE_OUTER_BOUND ( 'NONE', #3899, .T. ) ;
#1685 = DIRECTION ( 'NONE',  ( 0.000000000000000000, 0.000000000000000000, 1.000000000000000000 ) ) ;
#1686 = VERTEX_POINT ( 'NONE', #548 ) ;
#1687 = PERSON_AND_ORGANIZATION_ROLE ( 'creator' ) ;
#1688 = ORIENTED_EDGE ( 'NONE', *, *, #3838, .F. ) ;
#1689 = DIRECTION ( 'NONE',  ( -0.000000000000000000, 0.000000000000000000, -1.000000000000000000 ) ) ;
#1690 = ORIENTED_EDGE ( 'NONE', *, *, #328, .F. ) ;
#1691 = CARTESIAN_POINT ( 'NONE',  ( 12.63964750896299627, 5.376919480069707546, 10.00000000000000000 ) ) ;
#1692 = EDGE_CURVE ( 'NONE', #1653, #532, #873, .T. ) ;
#1693 = VERTEX_POINT ( 'NONE', #3689 ) ;
#1694 = ORIENTED_EDGE ( 'NONE', *, *, #1437, .T. ) ;
#1695 = FACE_OUTER_BOUND ( 'NONE', #1596, .T. ) ;
#1696 = LINE ( 'NONE', #1652, #21 ) ;
#1697 = EDGE_CURVE ( 'NONE', #1211, #4206, #3163, .T. ) ;
#1698 = ADVANCED_FACE ( 'NONE', ( #3369 ), #1153, .F. ) ;
#1699 = ORIENTED_EDGE ( 'NONE', *, *, #2298, .F. ) ;
#1700 = PLANE ( 'NONE',  #238 ) ;
#1701 = CARTESIAN_POINT ( 'NONE',  ( 49.18965005869695517, 17.79574344723723556, 10.00000000000000000 ) ) ;
#1702 = FACE_OUTER_BOUND ( 'NONE', #1373, .T. ) ;
#1703 = ORIENTED_EDGE ( 'NONE', *, *, #3927, .T. ) ;
#1704 = CYLINDRICAL_SURFACE ( 'NONE', #2979, 1.625000000000001332 ) ;
#1705 = AXIS2_PLACEMENT_3D ( 'NONE', #1919, #3321, #1267 ) ;
#1706 = CARTESIAN_POINT ( 'NONE',  ( 51.13965032567460156, -1.629257179835735148, 10.00000000000000000 ) ) ;
#1707 = VERTEX_POINT ( 'NONE', #1870 ) ;
#1708 = ORIENTED_EDGE ( 'NONE', *, *, #2357, .F. ) ;
#1709 = VECTOR ( 'NONE', #4340, 1000.000000000000000 ) ;
#1710 = CARTESIAN_POINT ( 'NONE',  ( 21.56834488186064291, -4.879256261333784650, 8.500000000000000000 ) ) ;
#1711 = ORIENTED_EDGE ( 'NONE', *, *, #2409, .F. ) ;
#1712 = VECTOR ( 'NONE', #1745, 1000.000000000000000 ) ;
#1713 = CARTESIAN_POINT ( 'NONE',  ( 1.734424490439251398, 3.468848980878486365, 8.500000000000000000 ) ) ;
#1714 = VECTOR ( 'NONE', #1573, 1000.000000000000000 ) ;
#1715 = EDGE_CURVE ( 'NONE', #3754, #3232, #3120, .T. ) ;
#1716 = ORIENTED_EDGE ( 'NONE', *, *, #3191, .F. ) ;
#1717 = ORIENTED_EDGE ( 'NONE', *, *, #1532, .F. ) ;
#1718 = CARTESIAN_POINT ( 'NONE',  ( 12.33964078082063587, 5.376919480069707546, 1.591397869695244216 ) ) ;
#1719 = DIRECTION ( 'NONE',  ( -0.000000000000000000, 0.000000000000000000, 1.000000000000000000 ) ) ;
#1720 = AXIS2_PLACEMENT_3D ( 'NONE', #2244, #3298, #893 ) ;
#1721 = ORIENTED_EDGE ( 'NONE', *, *, #2801, .F. ) ;
#1722 = VECTOR ( 'NONE', #2761, 1000.000000000000000 ) ;
#1723 = EDGE_CURVE ( 'NONE', #553, #3495, #1316, .T. ) ;
#1724 = EDGE_CURVE ( 'NONE', #4186, #4288, #92, .T. ) ;
#1725 = DIRECTION ( 'NONE',  ( 1.000000000000000000, 0.000000000000000000, 0.000000000000000000 ) ) ;
#1726 = DIRECTION ( 'NONE',  ( 1.000000000000000000, 0.000000000000000000, 0.000000000000000000 ) ) ;
#1727 = CARTESIAN_POINT ( 'NONE',  ( 23.04098379206767078, -5.395971668423702461, 8.539339828220144923 ) ) ;
#1728 = ORIENTED_EDGE ( 'NONE', *, *, #1280, .T. ) ;
#1729 = VECTOR ( 'NONE', #3064, 1000.000000000000000 ) ;
#1730 = CIRCLE ( 'NONE', #2328, 0.09999999999998898659 ) ;
#1731 = ADVANCED_FACE ( 'NONE', ( #4112 ), #2058, .F. ) ;
#1732 = FACE_OUTER_BOUND ( 'NONE', #3486, .T. ) ;
#1733 = VECTOR ( 'NONE', #3240, 1000.000000000000000 ) ;
#1734 = VECTOR ( 'NONE', #1009, 1000.000000000000000 ) ;
#1735 = CARTESIAN_POINT ( 'NONE',  ( 49.23965032567460298, -1.879256261333784650, 5.000000000000000000 ) ) ;
#1736 = VERTEX_POINT ( 'NONE', #3459 ) ;
#1737 = VERTEX_POINT ( 'NONE', #3740 ) ;
#1738 = APPROVAL_PERSON_ORGANIZATION ( #3118, #1830, #4096 ) ;
#1739 = CONICAL_SURFACE ( 'NONE', #3050, 3.149999252924723159, 0.7853981633974428389 ) ;
#1740 = PLANE ( 'NONE',  #1285 ) ;
#1741 = ORIENTED_EDGE ( 'NONE', *, *, #4524, .T. ) ;
#1742 = CARTESIAN_POINT ( 'NONE',  ( 12.38964750896299805, 0.5363248582526961572, 7.000000000000000000 ) ) ;
#1743 = ORIENTED_EDGE ( 'NONE', *, *, #1076, .T. ) ;
#1744 = ORIENTED_EDGE ( 'NONE', *, *, #1248, .F. ) ;
#1745 = DIRECTION ( 'NONE',  ( 1.875377445444817940E-15, -1.000000000000000000, 0.000000000000000000 ) ) ;
#1746 = DIRECTION ( 'NONE',  ( 0.000000000000000000, 0.000000000000000000, -1.000000000000000000 ) ) ;
#1747 = VERTEX_POINT ( 'NONE', #1627 ) ;
#1748 = PLANE ( 'NONE',  #321 ) ;
#1749 = DIRECTION ( 'NONE',  ( 0.000000000000000000, 0.000000000000000000, -1.000000000000000000 ) ) ;
#1750 = DIRECTION ( 'NONE',  ( -0.000000000000000000, 0.000000000000000000, 1.000000000000000000 ) ) ;
#1751 = ORIENTED_EDGE ( 'NONE', *, *, #647, .F. ) ;
#1752 = ADVANCED_FACE ( 'NONE', ( #265 ), #2773, .F. ) ;
#1753 = CARTESIAN_POINT ( 'NONE',  ( 29.68964283472129395, 23.62074139010719165, 7.000000000000000000 ) ) ;
#1754 = CARTESIAN_POINT ( 'NONE',  ( 21.63965196924052847, 4.058251523038922936E-14, 7.000000000000000000 ) ) ;
#1755 = VERTEX_POINT ( 'NONE', #4154 ) ;
#1756 = ADVANCED_FACE ( 'NONE', ( #283 ), #941, .F. ) ;
#1757 = ORIENTED_EDGE ( 'NONE', *, *, #997, .F. ) ;
#1758 = ADVANCED_FACE ( 'NONE', ( #919 ), #1700, .F. ) ;
#1759 = CARTESIAN_POINT ( 'NONE',  ( 24.93965226057670748, -0.3792562613337858712, 0.000000000000000000 ) ) ;
#1760 = CARTESIAN_POINT ( 'NONE',  ( 14.43061728057667992, 23.62074373866633437, 7.000000000000000000 ) ) ;
#1761 = DIRECTION ( 'NONE',  ( 1.000000000000000000, -0.000000000000000000, 0.000000000000000000 ) ) ;
#1762 = ORIENTED_EDGE ( 'NONE', *, *, #3502, .T. ) ;
#1763 = ORIENTED_EDGE ( 'NONE', *, *, #2322, .F. ) ;
#1764 = PLANE ( 'NONE',  #2677 ) ;
#1765 = CARTESIAN_POINT ( 'NONE',  ( -3.110358513151920690, 33.87074373865890919, 10.00000000000000000 ) ) ;
#1766 = ORIENTED_EDGE ( 'NONE', *, *, #627, .F. ) ;
#1767 = CARTESIAN_POINT ( 'NONE',  ( 40.61234592190569259, -4.879256261333784650, 8.500000000000000000 ) ) ;
#1768 = DIRECTION ( 'NONE',  ( 0.000000000000000000, -0.000000000000000000, 1.000000000000000000 ) ) ;
#1769 = DIRECTION ( 'NONE',  ( 1.000000000000000000, 0.000000000000000000, 0.000000000000000000 ) ) ;
#1770 = ORIENTED_EDGE ( 'NONE', *, *, #4566, .F. ) ;
#1771 = PLANE ( 'NONE',  #534 ) ;
#1772 = ADVANCED_FACE ( 'NONE', ( #2008 ), #3410, .F. ) ;
#1773 = DIRECTION ( 'NONE',  ( -0.000000000000000000, -0.000000000000000000, 1.000000000000000000 ) ) ;
#1774 = DIRECTION ( 'NONE',  ( 0.000000000000000000, 0.7071067811865439090, -0.7071067811865512365 ) ) ;
#1775 = ORIENTED_EDGE ( 'NONE', *, *, #1723, .T. ) ;
#1776 = CARTESIAN_POINT ( 'NONE',  ( 49.88965271631336407, 22.37074213718249993, 0.000000000000000000 ) ) ;
#1777 = EDGE_CURVE ( 'NONE', #491, #1648, #961, .T. ) ;
#1778 = CARTESIAN_POINT ( 'NONE',  ( 51.88964148684807753, -2.879253912789377257, 7.000000000000001776 ) ) ;
#1779 = ADVANCED_FACE ( 'NONE', ( #3889 ), #615, .F. ) ;
#1780 = CARTESIAN_POINT ( 'NONE',  ( 14.53961556962680390, 17.47493975866938598, 0.000000000000000000 ) ) ;
#1781 = CIRCLE ( 'NONE', #1860, 4.000000000000003553 ) ;
#1782 = CIRCLE ( 'NONE', #4296, 4.000000000000003553 ) ;
#1783 = CARTESIAN_POINT ( 'NONE',  ( 66.88964148684802069, -17.12925626134109081, 10.00000000000000000 ) ) ;
#1784 = ORIENTED_EDGE ( 'NONE', *, *, #2234, .F. ) ;
#1785 = ORIENTED_EDGE ( 'NONE', *, *, #172, .F. ) ;
#1786 = DIRECTION ( 'NONE',  ( 0.3310877130289302528, 0.9435999821329336124, 0.000000000000000000 ) ) ;
#1787 = FACE_OUTER_BOUND ( 'NONE', #264, .T. ) ;
#1788 = EDGE_LOOP ( 'NONE', ( #2458, #2632 ) ) ;
#1789 = VECTOR ( 'NONE', #2872, 1000.000000000000000 ) ;
#1790 = ORIENTED_EDGE ( 'NONE', *, *, #247, .F. ) ;
#1791 = VECTOR ( 'NONE', #2732, 1000.000000000000000 ) ;
#1792 = DIRECTION ( 'NONE',  ( 0.000000000000000000, 0.000000000000000000, 1.000000000000000000 ) ) ;
#1793 = DIRECTION ( 'NONE',  ( 1.000000000000000000, 0.000000000000000000, 0.000000000000000000 ) ) ;
#1794 = LINE ( 'NONE', #4249, #2554 ) ;
#1795 = ORIENTED_EDGE ( 'NONE', *, *, #1981, .T. ) ;
#1796 = CIRCLE ( 'NONE', #1129, 1.799999999999999600 ) ;
#1797 = DIRECTION ( 'NONE',  ( 0.000000000000000000, 0.000000000000000000, -1.000000000000000000 ) ) ;
#1798 = FACE_OUTER_BOUND ( 'NONE', #2122, .T. ) ;
#1799 = TOROIDAL_SURFACE ( 'NONE', #3428, 0.4999999999999990563, 1.500000000000000000 ) ;
#1800 = DIRECTION ( 'NONE',  ( 0.000000000000000000, 0.000000000000000000, 1.000000000000000000 ) ) ;
#1801 = VERTEX_POINT ( 'NONE', #4498 ) ;
#1802 = EDGE_CURVE ( 'NONE', #2788, #774, #909, .T. ) ;
#1803 = AXIS2_PLACEMENT_3D ( 'NONE', #4009, #3381, #1215 ) ;
#1804 = VECTOR ( 'NONE', #2044, 1000.000000000000000 ) ;
#1805 = CARTESIAN_POINT ( 'NONE',  ( 47.03964868210912442, -1.129254617768227220, 7.000000000000000000 ) ) ;
#1806 = CARTESIAN_POINT ( 'NONE',  ( 51.13965032567459446, 2.225903408490706349E-13, 10.00000000000000000 ) ) ;
#1807 = DIRECTION ( 'NONE',  ( -0.000000000000000000, -0.000000000000000000, 1.000000000000000000 ) ) ;
#1808 = CIRCLE ( 'NONE', #4397, 3.250000000000007550 ) ;
#1809 = EDGE_CURVE ( 'NONE', #3423, #1686, #2706, .T. ) ;
#1810 = EDGE_CURVE ( 'NONE', #4405, #4066, #13, .T. ) ;
#1811 = CARTESIAN_POINT ( 'NONE',  ( 0.000000000000000000, -4.379256261333784650, 7.478679656440327506 ) ) ;
#1812 = ORIENTED_EDGE ( 'NONE', *, *, #1834, .F. ) ;
#1813 = EDGE_LOOP ( 'NONE', ( #3766, #1488, #3100, #1512 ) ) ;
#1814 = DIRECTION ( 'NONE',  ( -0.8944271909999149672, 0.4472135954999596485, 0.000000000000000000 ) ) ;
#1815 = FACE_OUTER_BOUND ( 'NONE', #1249, .T. ) ;
#1816 = ORIENTED_EDGE ( 'NONE', *, *, #189, .F. ) ;
#1817 = EDGE_CURVE ( 'NONE', #593, #4433, #984, .T. ) ;
#1818 = VERTEX_POINT ( 'NONE', #4519 ) ;
#1819 = CARTESIAN_POINT ( 'NONE',  ( 51.13965032567460156, 1.559134612361427585, 7.000000000000000000 ) ) ;
#1820 = LINE ( 'NONE', #2512, #153 ) ;
#1821 = DIRECTION ( 'NONE',  ( -0.4472135954999597041, -0.8944271909999150783, 0.000000000000000000 ) ) ;
#1822 = ORIENTED_EDGE ( 'NONE', *, *, #646, .F. ) ;
#1823 = FACE_OUTER_BOUND ( 'NONE', #3613, .T. ) ;
#1824 = CARTESIAN_POINT ( 'NONE',  ( 21.55790010562188641, 30.47881547404562497, 8.500000000000000000 ) ) ;
#1825 = CARTESIAN_POINT ( 'NONE',  ( 21.56834488186064291, -4.879256261333784650, 8.539339828220146700 ) ) ;
#1826 = ORIENTED_EDGE ( 'NONE', *, *, #3052, .T. ) ;
#1827 = CARTESIAN_POINT ( 'NONE',  ( 12.38964750896299627, 0.5363248582526964903, 10.00000000000000000 ) ) ;
#1828 = DIRECTION ( 'NONE',  ( 1.000000000000000000, 0.000000000000000000, 0.000000000000000000 ) ) ;
#1829 = ORIENTED_EDGE ( 'NONE', *, *, #117, .F. ) ;
#1830 = APPROVAL ( #4504, 'UNSPECIFIED' ) ;
#1831 = DIRECTION ( 'NONE',  ( -1.000000000000000000, 0.000000000000000000, 0.000000000000000000 ) ) ;
#1832 = CARTESIAN_POINT ( 'NONE',  ( 49.18965005869695517, 17.79574344723723200, 7.000000000000000000 ) ) ;
#1833 = ORIENTED_EDGE ( 'NONE', *, *, #1867, .F. ) ;
#1834 = EDGE_CURVE ( 'NONE', #1236, #4445, #3567, .T. ) ;
#1835 = ORIENTED_EDGE ( 'NONE', *, *, #1809, .T. ) ;
#1836 = PLANE ( 'NONE',  #4152 ) ;
#1837 = CARTESIAN_POINT ( 'NONE',  ( 35.00844587832606436, 23.62074139010719165, 1.593940713982425539 ) ) ;
#1838 = VERTEX_POINT ( 'NONE', #1783 ) ;
#1839 = ORIENTED_EDGE ( 'NONE', *, *, #1047, .T. ) ;
#1840 = EDGE_CURVE ( 'NONE', #1184, #1818, #572, .T. ) ;
#1841 = CARTESIAN_POINT ( 'NONE',  ( 15.23345063500404706, -3.280664091403945104, 8.500000000000000000 ) ) ;
#1842 = EDGE_CURVE ( 'NONE', #1644, #180, #2760, .T. ) ;
#1843 = DIRECTION ( 'NONE',  ( -1.000000000000000000, -1.448117816884087569E-14, 0.000000000000000000 ) ) ;
#1844 = DIRECTION ( 'NONE',  ( 0.000000000000000000, 0.000000000000000000, 1.000000000000000000 ) ) ;
#1845 = VERTEX_POINT ( 'NONE', #1534 ) ;
#1846 = DIRECTION ( 'NONE',  ( -1.000000000000000000, 0.000000000000000000, 0.000000000000000000 ) ) ;
#1847 = CARTESIAN_POINT ( 'NONE',  ( 21.56834488186064291, -4.779256261333796552, 10.00000000000000000 ) ) ;
#1848 = VERTEX_POINT ( 'NONE', #809 ) ;
#1849 = DIRECTION ( 'NONE',  ( -1.000000000000000000, -0.000000000000000000, -0.000000000000000000 ) ) ;
#1850 = LINE ( 'NONE', #2942, #2772 ) ;
#1851 = CARTESIAN_POINT ( 'NONE',  ( 19.68964312209603662, 21.77074209509556013, 10.00000000000000000 ) ) ;
#1852 = DIRECTION ( 'NONE',  ( -0.9435999821329339454, 0.3310877130289295311, 0.000000000000000000 ) ) ;
#1853 = EDGE_LOOP ( 'NONE', ( #3660, #3658, #365, #232 ) ) ;
#1854 = ORIENTED_EDGE ( 'NONE', *, *, #2720, .T. ) ;
#1855 = CIRCLE ( 'NONE', #1340, 0.09999999999998898659 ) ;
#1856 = CARTESIAN_POINT ( 'NONE',  ( 51.43965032567459872, 5.570747475363331702, 1.591397869695244216 ) ) ;
#1857 = CARTESIAN_POINT ( 'NONE',  ( 49.88965271631336407, 0.5362090841003128716, 7.000000000000000000 ) ) ;
#1858 = ORIENTED_EDGE ( 'NONE', *, *, #2272, .T. ) ;
#1859 = EDGE_CURVE ( 'NONE', #324, #2876, #1796, .T. ) ;
#1860 = AXIS2_PLACEMENT_3D ( 'NONE', #3618, #3947, #1079 ) ;
#1861 = ORIENTED_EDGE ( 'NONE', *, *, #2519, .F. ) ;
#1862 = CARTESIAN_POINT ( 'NONE',  ( 49.18964976726820026, 19.49574344723725261, 7.000000000000000000 ) ) ;
#1863 = DIRECTION ( 'NONE',  ( -0.000000000000000000, -0.000000000000000000, 1.000000000000000000 ) ) ;
#1864 = FACE_OUTER_BOUND ( 'NONE', #4205, .T. ) ;
#1865 = CIRCLE ( 'NONE', #3411, 0.09999999999998204769 ) ;
#1866 = ORIENTED_EDGE ( 'NONE', *, *, #3759, .F. ) ;
#1867 = EDGE_CURVE ( 'NONE', #102, #1737, #3236, .T. ) ;
#1868 = ADVANCED_FACE ( 'NONE', ( #2555 ), #3937, .F. ) ;
#1869 = VECTOR ( 'NONE', #1158, 1000.000000000000000 ) ;
#1870 = CARTESIAN_POINT ( 'NONE',  ( 51.13965032567460156, 0.1704718338856545945, 7.000000000000000000 ) ) ;
#1871 = CARTESIAN_POINT ( 'NONE',  ( 49.88965271631338538, 24.02214922017736498, 8.500000000000000000 ) ) ;
#1872 = DIRECTION ( 'NONE',  ( -0.000000000000000000, -0.000000000000000000, 1.000000000000000000 ) ) ;
#1873 = CIRCLE ( 'NONE', #1208, 2.000000000000001776 ) ;
#1874 = VERTEX_POINT ( 'NONE', #739 ) ;
#1875 = FACE_OUTER_BOUND ( 'NONE', #1942, .T. ) ;
#1876 = VECTOR ( 'NONE', #4339, 1000.000000000000114 ) ;
#1877 = VECTOR ( 'NONE', #3533, 1000.000000000000000 ) ;
#1878 = PLANE ( 'NONE',  #623 ) ;
#1879 = ORIENTED_EDGE ( 'NONE', *, *, #3818, .T. ) ;
#1880 = CARTESIAN_POINT ( 'NONE',  ( 42.68241305828919252, 32.01059503282186824, 8.419967103428593447 ) ) ;
#1881 = AXIS2_PLACEMENT_3D ( 'NONE', #1332, #300, #3105 ) ;
#1882 = AXIS2_PLACEMENT_3D ( 'NONE', #1778, #3186, #14 ) ;
#1883 = LINE ( 'NONE', #1163, #167 ) ;
#1884 = VECTOR ( 'NONE', #2895, 1000.000000000000000 ) ;
#1885 = ORIENTED_EDGE ( 'NONE', *, *, #3529, .T. ) ;
#1886 = AXIS2_PLACEMENT_3D ( 'NONE', #3110, #4521, #3389 ) ;
#1887 = VERTEX_POINT ( 'NONE', #2897 ) ;
#1888 = CARTESIAN_POINT ( 'NONE',  ( 49.23965032567458877, 19.49574345152300126, 7.000000000000000000 ) ) ;
#1889 = CARTESIAN_POINT ( 'NONE',  ( 39.38964148684808464, -2.879256261333784650, 8.099999999999967670 ) ) ;
#1890 = CC_DESIGN_APPROVAL ( #3041, ( #2262 ) ) ;
#1891 = VECTOR ( 'NONE', #3991, 1000.000000000000000 ) ;
#1892 = ORIENTED_EDGE ( 'NONE', *, *, #3593, .F. ) ;
#1893 = CARTESIAN_POINT ( 'NONE',  ( 70.88964148684802069, 33.87074373865890919, 10.00000000000000000 ) ) ;
#1894 = CARTESIAN_POINT ( 'NONE',  ( 12.63963427495158598, 13.06886319043267264, 10.00000000000000000 ) ) ;
#1895 = LINE ( 'NONE', #58, #4389 ) ;
#1896 = ORIENTED_EDGE ( 'NONE', *, *, #1670, .F. ) ;
#1897 = FACE_OUTER_BOUND ( 'NONE', #771, .T. ) ;
#1898 = LINE ( 'NONE', #3649, #822 ) ;
#1899 = EDGE_CURVE ( 'NONE', #4545, #233, #1439, .T. ) ;
#1900 = ORIENTED_EDGE ( 'NONE', *, *, #982, .T. ) ;
#1901 = CARTESIAN_POINT ( 'NONE',  ( 49.88965271631336407, 22.37074213718249993, 10.00000000000000000 ) ) ;
#1902 = CARTESIAN_POINT ( 'NONE',  ( 53.03965196923809344, 22.37074213718252835, 10.00000000000000000 ) ) ;
#1903 = VERTEX_POINT ( 'NONE', #119 ) ;
#1904 = ADVANCED_FACE ( 'NONE', ( #3659 ), #2227, .T. ) ;
#1905 = ADVANCED_FACE ( 'NONE', ( #3216 ), #46, .F. ) ;
#1906 =( LENGTH_UNIT ( ) NAMED_UNIT ( * ) SI_UNIT ( .MILLI., .METRE. ) );
#1907 = DIRECTION ( 'NONE',  ( 0.000000000000000000, 1.000000000000000000, 0.000000000000000000 ) ) ;
#1908 = EDGE_LOOP ( 'NONE', ( #327, #1286, #700, #2721, #291, #751 ) ) ;
#1909 = VERTEX_POINT ( 'NONE', #4282 ) ;
#1910 = LINE ( 'NONE', #837, #973 ) ;
#1911 = DIRECTION ( 'NONE',  ( -0.3310877130289294201, 0.9435999821329339454, 0.000000000000000000 ) ) ;
#1912 = VERTEX_POINT ( 'NONE', #393 ) ;
#1913 = CYLINDRICAL_SURFACE ( 'NONE', #110, 3.250000000000007994 ) ;
#1914 = CARTESIAN_POINT ( 'NONE',  ( 12.63963405267827511, 7.672624109789229152, 7.000000000000000000 ) ) ;
#1915 = LINE ( 'NONE', #4447, #4167 ) ;
#1916 = ORIENTED_EDGE ( 'NONE', *, *, #851, .F. ) ;
#1917 = PLANE ( 'NONE',  #4449 ) ;
#1918 = DIRECTION ( 'NONE',  ( -1.000000000000000000, -1.875377445444817940E-15, 0.000000000000000000 ) ) ;
#1919 = CARTESIAN_POINT ( 'NONE',  ( 51.13965032567459446, 2.225903408490706349E-13, 10.00000000000000000 ) ) ;
#1920 = ORIENTED_EDGE ( 'NONE', *, *, #3419, .F. ) ;
#1921 = EDGE_CURVE ( 'NONE', #710, #1848, #983, .T. ) ;
#1922 = FACE_OUTER_BOUND ( 'NONE', #49, .T. ) ;
#1923 = CYLINDRICAL_SURFACE ( 'NONE', #4458, 1.624999999999999778 ) ;
#1924 = DIRECTION ( 'NONE',  ( 1.000000000000000000, 0.000000000000000000, 0.000000000000000000 ) ) ;
#1925 = EDGE_CURVE ( 'NONE', #233, #4169, #437, .T. ) ;
#1926 = EDGE_CURVE ( 'NONE', #3963, #1653, #3342, .T. ) ;
#1927 = LINE ( 'NONE', #3308, #620 ) ;
#1928 = ORIENTED_EDGE ( 'NONE', *, *, #4573, .T. ) ;
#1929 = CARTESIAN_POINT ( 'NONE',  ( 42.21093809183552992, -4.879256261333784650, 10.00000000000000000 ) ) ;
#1930 = PLANE ( 'NONE',  #1217 ) ;
#1931 = VECTOR ( 'NONE', #875, 1000.000000000000000 ) ;
#1932 = ORIENTED_EDGE ( 'NONE', *, *, #1411, .T. ) ;
#1933 = CARTESIAN_POINT ( 'NONE',  ( 67.63964148684804911, -12.12925626134114765, 6.000000000000000000 ) ) ;
#1934 = DIRECTION ( 'NONE',  ( -1.000000000000000000, 0.000000000000000000, 0.000000000000000000 ) ) ;
#1935 = CARTESIAN_POINT ( 'NONE',  ( 21.75464134025601126, -9.176615478020329064, 8.500000000000000000 ) ) ;
#1936 = ORIENTED_EDGE ( 'NONE', *, *, #3447, .F. ) ;
#1937 = VECTOR ( 'NONE', #75, 1000.000000000000000 ) ;
#1938 = CARTESIAN_POINT ( 'NONE',  ( 21.63965196924048229, 24.04752978724181744, 8.526447842577642433 ) ) ;
#1939 = VECTOR ( 'NONE', #2260, 1000.000000000000000 ) ;
#1940 = CARTESIAN_POINT ( 'NONE',  ( 51.13965032567458735, 1.559134612361408934, 0.000000000000000000 ) ) ;
#1941 = CARTESIAN_POINT ( 'NONE',  ( 51.13965032567460156, 0.1704718338856545945, 7.000000000000000000 ) ) ;
#1942 = EDGE_LOOP ( 'NONE', ( #2143, #2899, #3489, #1451 ) ) ;
#1943 = AXIS2_PLACEMENT_3D ( 'NONE', #3044, #4456, #60 ) ;
#1944 = CARTESIAN_POINT ( 'NONE',  ( 42.21093809183552992, -4.879256261333784650, 7.478679656440325729 ) ) ;
#1945 = LINE ( 'NONE', #135, #1218 ) ;
#1946 = CIRCLE ( 'NONE', #1353, 3.250000000000002665 ) ;
#1947 = CARTESIAN_POINT ( 'NONE',  ( 12.63964750896299627, 0.5362090841003128716, 7.000000000000000000 ) ) ;
#1948 = CC_DESIGN_PERSON_AND_ORGANIZATION_ASSIGNMENT ( #2735, #4120, ( #716 ) ) ;
#1949 = VERTEX_POINT ( 'NONE', #1139 ) ;
#1950 = AXIS2_PLACEMENT_3D ( 'NONE', #463, #3192, #2594 ) ;
#1951 = DIRECTION ( 'NONE',  ( 1.000000000000000000, 0.000000000000000000, 0.000000000000000000 ) ) ;
#1952 = ORIENTED_EDGE ( 'NONE', *, *, #1330, .T. ) ;
#1953 = AXIS2_PLACEMENT_3D ( 'NONE', #2791, #2461, #3457 ) ;
#1954 = DIRECTION ( 'NONE',  ( -0.4633093305918510874, 0.8737704395039783689, -0.1478840195408389624 ) ) ;
#1955 = VECTOR ( 'NONE', #577, 1000.000000000000000 ) ;
#1956 = EDGE_CURVE ( 'NONE', #293, #2485, #2764, .T. ) ;
#1957 = VECTOR ( 'NONE', #1807, 1000.000000000000000 ) ;
#1958 = CIRCLE ( 'NONE', #3281, 1.949998356435209246 ) ;
#1959 = VERTEX_POINT ( 'NONE', #1832 ) ;
#1960 = CARTESIAN_POINT ( 'NONE',  ( -0.6103585131519012608, 32.87074373865893051, 6.000000000000000000 ) ) ;
#1961 = LINE ( 'NONE', #1241, #1633 ) ;
#1962 = PLANE ( 'NONE',  #2986 ) ;
#1963 = EDGE_CURVE ( 'NONE', #4107, #132, #2188, .T. ) ;
#1964 = EDGE_CURVE ( 'NONE', #2742, #722, #3587, .T. ) ;
#1965 = EDGE_LOOP ( 'NONE', ( #604, #2590, #2529, #429, #3252, #3530, #1423, #4072, #2420, #1090, #913, #1711, #3260, #689, #4237, #634, #128, #847, #1618, #337, #3881, #3238 ) ) ;
#1966 = AXIS2_PLACEMENT_3D ( 'NONE', #1207, #2924, #3627 ) ;
#1967 = VECTOR ( 'NONE', #447, 1000.000000000000000 ) ;
#1968 = LINE ( 'NONE', #3621, #2535 ) ;
#1969 = CARTESIAN_POINT ( 'NONE',  ( 31.96252791610899990, -1.879256261333784428, 0.000000000000000000 ) ) ;
#1970 = CARTESIAN_POINT ( 'NONE',  ( 14.53960586680380018, 22.62074139010717744, 0.000000000000000000 ) ) ;
#1971 = ORIENTED_EDGE ( 'NONE', *, *, #997, .T. ) ;
#1972 = DIRECTION ( 'NONE',  ( 0.000000000000000000, 0.000000000000000000, 1.000000000000000000 ) ) ;
#1973 = DIRECTION ( 'NONE',  ( -1.885580459284672472E-06, 0.9999999999982223109, 0.000000000000000000 ) ) ;
#1974 = DIRECTION ( 'NONE',  ( 1.714279131736711293E-07, -0.9999999999999853451, 0.000000000000000000 ) ) ;
#1975 = DIRECTION ( 'NONE',  ( -0.000000000000000000, -0.000000000000000000, 1.000000000000000000 ) ) ;
#1976 = ORIENTED_EDGE ( 'NONE', *, *, #3868, .T. ) ;
#1977 = DIRECTION ( 'NONE',  ( -0.9435999821329336124, 0.3310877130289305859, 0.000000000000000000 ) ) ;
#1978 = EDGE_LOOP ( 'NONE', ( #4271, #3144, #4151, #2595 ) ) ;
#1979 = CARTESIAN_POINT ( 'NONE',  ( 12.33964078082063587, 0.5364406324050797759, 1.591397869695244216 ) ) ;
#1980 =( BOUNDED_CURVE ( )  B_SPLINE_CURVE ( 3, ( #9, #2848, #1084, #2499 ),
 .UNSPECIFIED., .F., .T. ) 
 B_SPLINE_CURVE_WITH_KNOTS ( ( 4, 4 ),
 ( 2.356194490192348390, 2.392628838805428426 ),
 .UNSPECIFIED. ) 
 CURVE ( )  GEOMETRIC_REPRESENTATION_ITEM ( )  RATIONAL_B_SPLINE_CURVE ( ( 1.000000000000000000, 0.9998893812460242225, 0.9998893812460242225, 1.000000000000000000 ) ) 
 REPRESENTATION_ITEM ( '' )  );
#1981 = EDGE_CURVE ( 'NONE', #1059, #1301, #1883, .T. ) ;
#1982 = ORIENTED_EDGE ( 'NONE', *, *, #953, .F. ) ;
#1983 = ORIENTED_EDGE ( 'NONE', *, *, #3079, .T. ) ;
#1984 = DIRECTION ( 'NONE',  ( 0.000000000000000000, 1.000000000000000000, 0.000000000000000000 ) ) ;
#1985 = CARTESIAN_POINT ( 'NONE',  ( -3.110358513151917137, -13.12925626134109436, 10.00000000000000000 ) ) ;
#1986 = ORIENTED_EDGE ( 'NONE', *, *, #2581, .T. ) ;
#1987 = EDGE_CURVE ( 'NONE', #4409, #3802, #4005, .T. ) ;
#1988 = EDGE_CURVE ( 'NONE', #2226, #3465, #20, .T. ) ;
#1989 = DIRECTION ( 'NONE',  ( 1.000000000000000000, 0.000000000000000000, 0.000000000000000000 ) ) ;
#1990 = DIRECTION ( 'NONE',  ( 0.000000000000000000, 0.000000000000000000, -1.000000000000000000 ) ) ;
#1991 = CARTESIAN_POINT ( 'NONE',  ( 24.93965226057670748, -0.3792562613337858712, 0.000000000000000000 ) ) ;
#1992 = ORIENTED_EDGE ( 'NONE', *, *, #1437, .F. ) ;
#1993 = LINE ( 'NONE', #4161, #90 ) ;
#1994 = PLANE ( 'NONE',  #2472 ) ;
#1995 = ORIENTED_EDGE ( 'NONE', *, *, #1280, .F. ) ;
#1996 = CARTESIAN_POINT ( 'NONE',  ( 21.69461354921643448, 29.97461433786944696, 8.539339828220146700 ) ) ;
#1997 = DATE_AND_TIME ( #4189, #1518 ) ;
#1998 = ORIENTED_EDGE ( 'NONE', *, *, #761, .F. ) ;
#1999 = PLANE ( 'NONE',  #912 ) ;
#2000 = ORIENTED_EDGE ( 'NONE', *, *, #651, .T. ) ;
#2001 = CARTESIAN_POINT ( 'NONE',  ( 0.000000000000000000, -3.280664091403945104, 8.500000000000000000 ) ) ;
#2002 = ORIENTED_EDGE ( 'NONE', *, *, #1802, .F. ) ;
#2003 = EDGE_LOOP ( 'NONE', ( #1405, #2118, #1763, #968, #3967, #3964, #4035, #3589 ) ) ;
#2004 = DIRECTION ( 'NONE',  ( -0.000000000000000000, 0.000000000000000000, 1.000000000000000000 ) ) ;
#2005 = DIRECTION ( 'NONE',  ( 1.000000000000000000, -0.000000000000000000, -0.000000000000000000 ) ) ;
#2006 = ORIENTED_EDGE ( 'NONE', *, *, #1676, .T. ) ;
#2007 = ADVANCED_FACE ( 'NONE', ( #1235 ), #1643, .T. ) ;
#2008 = FACE_OUTER_BOUND ( 'NONE', #3620, .T. ) ;
#2009 = CARTESIAN_POINT ( 'NONE',  ( 43.13962034962097647, -9.176615478020329064, 8.500000000000000000 ) ) ;
#2010 = DIRECTION ( 'NONE',  ( -1.000000000000000000, 0.000000000000000000, 0.000000000000000000 ) ) ;
#2011 = VECTOR ( 'NONE', #1318, 1000.000000000000000 ) ;
#2012 = ORIENTED_EDGE ( 'NONE', *, *, #4212, .F. ) ;
#2013 = ADVANCED_FACE ( 'NONE', ( #3329 ), #1579, .T. ) ;
#2014 = AXIS2_PLACEMENT_3D ( 'NONE', #3366, #146, #870 ) ;
#2015 = DIRECTION ( 'NONE',  ( 1.000000000000000000, 0.000000000000000000, 0.000000000000000000 ) ) ;
#2016 = CARTESIAN_POINT ( 'NONE',  ( 0.000000000000000000, 0.000000000000000000, 7.000000000000000000 ) ) ;
#2017 = ORIENTED_EDGE ( 'NONE', *, *, #328, .T. ) ;
#2018 = CARTESIAN_POINT ( 'NONE',  ( 35.07958759053650510, -3.179256261333784472, 1.593940713982425539 ) ) ;
#2019 = AXIS2_PLACEMENT_3D ( 'NONE', #1776, #736, #2224 ) ;
#2020 = EDGE_CURVE ( 'NONE', #2485, #3462, #1306, .T. ) ;
#2021 = VERTEX_POINT ( 'NONE', #205 ) ;
#2022 = EDGE_CURVE ( 'NONE', #3353, #3182, #541, .T. ) ;
#2023 = CIRCLE ( 'NONE', #3856, 1.499999999999999556 ) ;
#2024 = DIRECTION ( 'NONE',  ( 0.000000000000000000, 0.000000000000000000, 1.000000000000000000 ) ) ;
#2025 = ORIENTED_EDGE ( 'NONE', *, *, #3791, .T. ) ;
#2026 = DIRECTION ( 'NONE',  ( 1.448117816884087885E-14, -1.000000000000000000, -0.000000000000000000 ) ) ;
#2027 = AXIS2_PLACEMENT_3D ( 'NONE', #1334, #4479, #4450 ) ;
#2028 = AXIS2_PLACEMENT_3D ( 'NONE', #871, #4042, #1288 ) ;
#2029 = ORIENTED_EDGE ( 'NONE', *, *, #4273, .F. ) ;
#2030 = AXIS2_PLACEMENT_3D ( 'NONE', #4101, #3701, #1951 ) ;
#2031 = ORIENTED_EDGE ( 'NONE', *, *, #3653, .F. ) ;
#2032 = FACE_OUTER_BOUND ( 'NONE', #3905, .T. ) ;
#2033 = DIRECTION ( 'NONE',  ( -1.000000000000000000, 0.000000000000000000, 0.000000000000000000 ) ) ;
#2034 = VERTEX_POINT ( 'NONE', #535 ) ;
#2035 = AXIS2_PLACEMENT_3D ( 'NONE', #1172, #2585, #35 ) ;
#2036 = DIRECTION ( 'NONE',  ( -0.000000000000000000, -0.000000000000000000, 1.000000000000000000 ) ) ;
#2037 = DIRECTION ( 'NONE',  ( -0.000000000000000000, -0.000000000000000000, -1.000000000000000000 ) ) ;
#2038 = VECTOR ( 'NONE', #3292, 1000.000000000000000 ) ;
#2039 = CARTESIAN_POINT ( 'NONE',  ( -0.6103585131519012608, 32.87074373865893051, 10.00000000000000000 ) ) ;
#2040 = VECTOR ( 'NONE', #3916, 1000.000000000000000 ) ;
#2041 = VECTOR ( 'NONE', #4461, 1000.000000000000114 ) ;
#2042 = CARTESIAN_POINT ( 'NONE',  ( 0.000000000000000000, -4.779256261333798328, 10.00000000000000000 ) ) ;
#2043 = EDGE_CURVE ( 'NONE', #364, #2833, #2343, .T. ) ;
#2044 = DIRECTION ( 'NONE',  ( -1.875377445444817940E-15, 1.000000000000000000, 0.000000000000000000 ) ) ;
#2045 = VERTEX_POINT ( 'NONE', #2648 ) ;
#2046 = SECURITY_CLASSIFICATION_LEVEL ( 'unclassified' ) ;
#2047 = ORIENTED_EDGE ( 'NONE', *, *, #1558, .T. ) ;
#2048 = EDGE_CURVE ( 'NONE', #3164, #3729, #760, .T. ) ;
#2049 = DIRECTION ( 'NONE',  ( 0.000000000000000000, 0.000000000000000000, 1.000000000000000000 ) ) ;
#2050 = EDGE_CURVE ( 'NONE', #4121, #4169, #863, .T. ) ;
#2051 = ORIENTED_EDGE ( 'NONE', *, *, #938, .F. ) ;
#2052 = CARTESIAN_POINT ( 'NONE',  ( 66.01464148684810596, 32.87074373865885235, 6.000000000000000000 ) ) ;
#2053 = ORIENTED_EDGE ( 'NONE', *, *, #3299, .T. ) ;
#2054 = ORIENTED_EDGE ( 'NONE', *, *, #3363, .T. ) ;
#2055 = DIRECTION ( 'NONE',  ( -0.000000000000000000, -0.7071067811865512365, -0.7071067811865439090 ) ) ;
#2056 = CARTESIAN_POINT ( 'NONE',  ( 0.000000000000000000, 0.000000000000000000, 7.000000000000000000 ) ) ;
#2057 = ORIENTED_EDGE ( 'NONE', *, *, #4100, .T. ) ;
#2058 = PLANE ( 'NONE',  #3561 ) ;
#2059 = DIRECTION ( 'NONE',  ( -0.000000000000000000, -0.000000000000000000, -1.000000000000000000 ) ) ;
#2060 = CARTESIAN_POINT ( 'NONE',  ( 64.38964148684810596, 32.87074373865885235, 0.000000000000000000 ) ) ;
#2061 = ORIENTED_EDGE ( 'NONE', *, *, #80, .F. ) ;
#2062 = DIRECTION ( 'NONE',  ( 0.000000000000000000, 0.000000000000000000, -1.000000000000000000 ) ) ;
#2063 = DIRECTION ( 'NONE',  ( 1.000000000000000000, 0.000000000000000000, -0.000000000000000000 ) ) ;
#2064 = ORIENTED_EDGE ( 'NONE', *, *, #1330, .F. ) ;
#2065 = EDGE_LOOP ( 'NONE', ( #3314, #1561, #2602, #4175 ) ) ;
#2066 = CARTESIAN_POINT ( 'NONE',  ( 50.37548872293180580, 8.254775557466640379, 0.000000000000000000 ) ) ;
#2067 = VERTEX_POINT ( 'NONE', #3680 ) ;
#2068 = FACE_OUTER_BOUND ( 'NONE', #567, .T. ) ;
#2069 = ADVANCED_FACE ( 'NONE', ( #3728 ), #4390, .T. ) ;
#2070 = ADVANCED_FACE ( 'NONE', ( #2297 ), #1999, .F. ) ;
#2071 = UNCERTAINTY_MEASURE_WITH_UNIT (LENGTH_MEASURE( 1.000000000000000082E-05 ), #1906, 'distance_accuracy_value', 'NONE');
#2072 = VERTEX_POINT ( 'NONE', #884 ) ;
#2073 = EDGE_LOOP ( 'NONE', ( #558, #4388 ) ) ;
#2074 = DIRECTION ( 'NONE',  ( -1.000000000000000000, 0.000000000000000000, 0.000000000000000000 ) ) ;
#2075 = FACE_OUTER_BOUND ( 'NONE', #665, .T. ) ;
#2076 = ORIENTED_EDGE ( 'NONE', *, *, #1034, .T. ) ;
#2077 = EDGE_CURVE ( 'NONE', #3910, #2904, #1210, .T. ) ;
#2078 = PLANE ( 'NONE',  #3060 ) ;
#2079 = LINE ( 'NONE', #2407, #3179 ) ;
#2080 = DIRECTION ( 'NONE',  ( 0.000000000000000000, 0.000000000000000000, 1.000000000000000000 ) ) ;
#2081 = AXIS2_PLACEMENT_3D ( 'NONE', #4366, #1595, #1726 ) ;
#2082 = CARTESIAN_POINT ( 'NONE',  ( 42.21093726778487110, 23.62074139010718454, 8.500000000000000000 ) ) ;
#2083 = ORIENTED_EDGE ( 'NONE', *, *, #79, .T. ) ;
#2084 = COORDINATED_UNIVERSAL_TIME_OFFSET ( 3, 0, .BEHIND. ) ;
#2085 = ORIENTED_EDGE ( 'NONE', *, *, #2385, .T. ) ;
#2086 = VECTOR ( 'NONE', #4114, 1000.000000000000000 ) ;
#2087 = CYLINDRICAL_SURFACE ( 'NONE', #2251, 10.00000000000000000 ) ;
#2088 = ORIENTED_EDGE ( 'NONE', *, *, #1963, .F. ) ;
#2089 = VECTOR ( 'NONE', #3892, 1000.000000000000000 ) ;
#2090 = CARTESIAN_POINT ( 'NONE',  ( 13.56122676773205882, 13.44605680722920482, 0.000000000000000000 ) ) ;
#2091 = VECTOR ( 'NONE', #2062, 1000.000000000000000 ) ;
#2092 = ORIENTED_EDGE ( 'NONE', *, *, #354, .F. ) ;
#2093 = EDGE_CURVE ( 'NONE', #260, #3733, #4235, .T. ) ;
#2094 = EDGE_LOOP ( 'NONE', ( #173, #3209, #1641, #448 ) ) ;
#2095 = LINE ( 'NONE', #210, #4004 ) ;
#2096 = LINE ( 'NONE', #3497, #1060 ) ;
#2097 = AXIS2_PLACEMENT_3D ( 'NONE', #1357, #363, #2137 ) ;
#2098 = VERTEX_POINT ( 'NONE', #2623 ) ;
#2099 = AXIS2_PLACEMENT_3D ( 'NONE', #1710, #2024, #2432 ) ;
#2100 = EDGE_CURVE ( 'NONE', #2223, #2993, #950, .T. ) ;
#2101 = DIRECTION ( 'NONE',  ( -1.000000000000000000, 0.000000000000000000, 0.000000000000000000 ) ) ;
#2102 = EDGE_CURVE ( 'NONE', #3465, #3368, #3356, .T. ) ;
#2103 = DIRECTION ( 'NONE',  ( 0.000000000000000000, 0.000000000000000000, -1.000000000000000000 ) ) ;
#2104 = LINE ( 'NONE', #1727, #1647 ) ;
#2105 = EDGE_LOOP ( 'NONE', ( #976, #701, #4283, #1327 ) ) ;
#2106 = VECTOR ( 'NONE', #2005, 1000.000000000000000 ) ;
#2107 = CIRCLE ( 'NONE', #23, 1.560660171779828298 ) ;
#2108 = DIRECTION ( 'NONE',  ( 0.000000000000000000, 0.000000000000000000, -1.000000000000000000 ) ) ;
#2109 = AXIS2_PLACEMENT_3D ( 'NONE', #4046, #3370, #2612 ) ;
#2110 = CARTESIAN_POINT ( 'NONE',  ( 30.63965226057668900, -2.379256261333785538, 0.000000000000000000 ) ) ;
#2111 = ORIENTED_EDGE ( 'NONE', *, *, #730, .F. ) ;
#2112 = VERTEX_POINT ( 'NONE', #1257 ) ;
#2113 = VECTOR ( 'NONE', #3010, 1000.000000000000000 ) ;
#2114 = VECTOR ( 'NONE', #542, 1000.000000000000000 ) ;
#2115 = CARTESIAN_POINT ( 'NONE',  ( 12.33964078082063587, 5.376919480069707546, 10.00000000000000000 ) ) ;
#2116 = ORIENTED_EDGE ( 'NONE', *, *, #735, .T. ) ;
#2117 = CARTESIAN_POINT ( 'NONE',  ( -1.839161041635925685E-14, 23.62074139010716678, 10.00000000000000000 ) ) ;
#2118 = ORIENTED_EDGE ( 'NONE', *, *, #3025, .T. ) ;
#2119 = ORIENTED_EDGE ( 'NONE', *, *, #213, .F. ) ;
#2120 = CARTESIAN_POINT ( 'NONE',  ( 49.23965032567459588, 5.668502244280195335, 7.000000000000000000 ) ) ;
#2121 = DIRECTION ( 'NONE',  ( -1.000000000000000000, 0.000000000000000000, 0.000000000000000000 ) ) ;
#2122 = EDGE_LOOP ( 'NONE', ( #4299, #565, #4448, #2219, #3813, #1858 ) ) ;
#2123 = EDGE_CURVE ( 'NONE', #571, #857, #512, .T. ) ;
#2124 = FACE_OUTER_BOUND ( 'NONE', #2299, .T. ) ;
#2125 = CARTESIAN_POINT ( 'NONE',  ( 24.01087306556586043, 23.48784253820173262, 8.500000000000000000 ) ) ;
#2126 = DIRECTION ( 'NONE',  ( -1.000000000000000000, -0.000000000000000000, -0.000000000000000000 ) ) ;
#2127 = VERTEX_POINT ( 'NONE', #4439 ) ;
#2128 = EDGE_CURVE ( 'NONE', #3712, #4433, #988, .T. ) ;
#2129 = EDGE_CURVE ( 'NONE', #3775, #2034, #1927, .T. ) ;
#2130 = LINE ( 'NONE', #1054, #4520 ) ;
#2131 = CARTESIAN_POINT ( 'NONE',  ( 21.56834488186064291, -4.379256261333786426, 7.478679656440331058 ) ) ;
#2132 = DIRECTION ( 'NONE',  ( -7.786212173705108455E-16, 1.000000000000000000, 0.000000000000000000 ) ) ;
#2133 = EDGE_LOOP ( 'NONE', ( #1260, #3688, #3624, #4080, #1461, #3564 ) ) ;
#2134 = LINE ( 'NONE', #1107, #457 ) ;
#2135 = PLANE ( 'NONE',  #1882 ) ;
#2136 = CARTESIAN_POINT ( 'NONE',  ( 49.23965032567460298, -1.879256261333784650, 5.000000000000000000 ) ) ;
#2137 = DIRECTION ( 'NONE',  ( -1.000000000000000000, 0.000000000000000000, 0.000000000000000000 ) ) ;
#2138 = ORIENTED_EDGE ( 'NONE', *, *, #652, .F. ) ;
#2139 = EDGE_LOOP ( 'NONE', ( #3391, #4214, #3914, #1441 ) ) ;
#2140 = DIRECTION ( 'NONE',  ( 0.9435999821329343895, -0.3310877130289285319, 0.000000000000000000 ) ) ;
#2141 = CARTESIAN_POINT ( 'NONE',  ( 64.38964148684804911, -12.12925626134114765, 0.000000000000000000 ) ) ;
#2142 = ORIENTED_EDGE ( 'NONE', *, *, #1102, .T. ) ;
#2143 = ORIENTED_EDGE ( 'NONE', *, *, #4259, .F. ) ;
#2144 = CARTESIAN_POINT ( 'NONE',  ( 49.23965032567460298, -1.879256261333784650, 7.000000000000000000 ) ) ;
#2145 = CYLINDRICAL_SURFACE ( 'NONE', #1489, 0.04999977587748227759 ) ;
#2146 = CARTESIAN_POINT ( 'NONE',  ( 35.07958759053650510, -3.179256261333784472, 7.000000000000000000 ) ) ;
#2147 = ADVANCED_FACE ( 'NONE', ( #2737 ), #1740, .F. ) ;
#2148 = ORIENTED_EDGE ( 'NONE', *, *, #3677, .F. ) ;
#2149 = DIRECTION ( 'NONE',  ( -1.000000000000000000, 0.000000000000000000, 0.000000000000000000 ) ) ;
#2150 = CARTESIAN_POINT ( 'NONE',  ( 46.40320659491984401, -17.12925626134109081, 10.00000000000000000 ) ) ;
#2151 = DIRECTION ( 'NONE',  ( 0.000000000000000000, 0.000000000000000000, -1.000000000000000000 ) ) ;
#2152 = EDGE_CURVE ( 'NONE', #1211, #274, #666, .T. ) ;
#2153 = ORIENTED_EDGE ( 'NONE', *, *, #2689, .F. ) ;
#2154 = DIRECTION ( 'NONE',  ( 0.000000000000000000, 0.000000000000000000, -1.000000000000000000 ) ) ;
#2155 = CARTESIAN_POINT ( 'NONE',  ( 35.00844587832606436, 23.62074139010719165, 7.000000000000000000 ) ) ;
#2156 = EDGE_CURVE ( 'NONE', #1747, #4342, #3717, .T. ) ;
#2157 = ADVANCED_FACE ( 'NONE', ( #4143 ), #2087, .T. ) ;
#2158 = CARTESIAN_POINT ( 'NONE',  ( 12.38964750896299627, 0.5363248582526964903, 10.00000000000000000 ) ) ;
#2159 = VECTOR ( 'NONE', #1287, 1000.000000000000000 ) ;
#2160 = CIRCLE ( 'NONE', #2311, 3.250000000000007550 ) ;
#2161 = DIRECTION ( 'NONE',  ( 0.000000000000000000, 0.000000000000000000, 1.000000000000000000 ) ) ;
#2162 = ORIENTED_EDGE ( 'NONE', *, *, #3877, .F. ) ;
#2163 = ORIENTED_EDGE ( 'NONE', *, *, #1411, .F. ) ;
#2164 = CARTESIAN_POINT ( 'NONE',  ( 24.93965226057670748, -0.3792562613337858712, 7.000000000000000000 ) ) ;
#2165 = LINE ( 'NONE', #1416, #1584 ) ;
#2166 = ORIENTED_EDGE ( 'NONE', *, *, #2689, .T. ) ;
#2167 = VECTOR ( 'NONE', #1452, 1000.000000000000000 ) ;
#2168 = VERTEX_POINT ( 'NONE', #4168 ) ;
#2169 = TOROIDAL_SURFACE ( 'NONE', #3266, 0.5000000000000038858, 1.500000000000000000 ) ;
#2170 = CARTESIAN_POINT ( 'NONE',  ( 51.88964148684807753, 37.87074373865884525, 9.411786357714863271 ) ) ;
#2171 = PLANE ( 'NONE',  #4373 ) ;
#2172 = CARTESIAN_POINT ( 'NONE',  ( 64.38964148684810596, 32.87074373865885235, 6.000000000000000000 ) ) ;
#2173 = ORIENTED_EDGE ( 'NONE', *, *, #876, .T. ) ;
#2174 = VECTOR ( 'NONE', #737, 1000.000000000000114 ) ;
#2175 = FACE_OUTER_BOUND ( 'NONE', #2756, .T. ) ;
#2176 = VECTOR ( 'NONE', #1121, 1000.000000000000114 ) ;
#2177 = CARTESIAN_POINT ( 'NONE',  ( 21.15722352154465113, 29.91810760435984662, 8.500000000000000000 ) ) ;
#2178 = AXIS2_PLACEMENT_3D ( 'NONE', #255, #292, #3859 ) ;
#2179 = ORIENTED_EDGE ( 'NONE', *, *, #2886, .F. ) ;
#2180 = VECTOR ( 'NONE', #1014, 1000.000000000000000 ) ;
#2181 = EDGE_CURVE ( 'NONE', #2959, #3232, #3488, .T. ) ;
#2182 = FACE_OUTER_BOUND ( 'NONE', #3755, .T. ) ;
#2183 = CARTESIAN_POINT ( 'NONE',  ( 26.51982431356238834, 19.49573956099638750, -16.51982765567604972 ) ) ;
#2184 = CC_DESIGN_SECURITY_CLASSIFICATION ( #2262, ( #630 ) ) ;
#2185 = CARTESIAN_POINT ( 'NONE',  ( 10.48973191822889106, 10.37074373866630950, 7.000000000000000000 ) ) ;
#2186 = CIRCLE ( 'NONE', #182, 1.800000000000002931 ) ;
#2187 = EDGE_CURVE ( 'NONE', #1168, #22, #4231, .T. ) ;
#2188 = LINE ( 'NONE', #2527, #1649 ) ;
#2189 = VERTEX_POINT ( 'NONE', #3467 ) ;
#2190 = ORIENTED_EDGE ( 'NONE', *, *, #1162, .T. ) ;
#2191 = DIRECTION ( 'NONE',  ( -0.3310877130289284764, -0.9435999821329342785, 8.651395146216972968E-16 ) ) ;
#2192 = DIRECTION ( 'NONE',  ( 0.000000000000000000, 0.000000000000000000, 1.000000000000000000 ) ) ;
#2193 = EDGE_LOOP ( 'NONE', ( #1952, #2257, #1861, #3139 ) ) ;
#2194 = ORIENTED_EDGE ( 'NONE', *, *, #3109, .T. ) ;
#2195 = DIRECTION ( 'NONE',  ( 0.000000000000000000, 0.000000000000000000, -1.000000000000000000 ) ) ;
#2196 = CARTESIAN_POINT ( 'NONE',  ( 49.23965032567458877, 22.62074139010718454, 7.000000000000000000 ) ) ;
#2197 = DIRECTION ( 'NONE',  ( 0.000000000000000000, 0.000000000000000000, 1.000000000000000000 ) ) ;
#2198 = VERTEX_POINT ( 'NONE', #3796 ) ;
#2199 = FACE_OUTER_BOUND ( 'NONE', #2715, .T. ) ;
#2200 = CARTESIAN_POINT ( 'NONE',  ( 29.68964734479039436, -3.179256261333785361, 7.000000000000000000 ) ) ;
#2201 = DIRECTION ( 'NONE',  ( 1.000000000000000000, 0.000000000000000000, 0.000000000000000000 ) ) ;
#2202 = ORIENTED_EDGE ( 'NONE', *, *, #1325, .T. ) ;
#2203 = FACE_OUTER_BOUND ( 'NONE', #2333, .T. ) ;
#2204 = DIRECTION ( 'NONE',  ( -4.352598021917241359E-15, 1.000000000000000000, 0.000000000000000000 ) ) ;
#2205 = PLANE ( 'NONE',  #921 ) ;
#2206 = DIRECTION ( 'NONE',  ( -1.000000000000000000, 0.000000000000000000, 0.000000000000000000 ) ) ;
#2207 = ORIENTED_EDGE ( 'NONE', *, *, #959, .F. ) ;
#2208 = ORIENTED_EDGE ( 'NONE', *, *, #1926, .T. ) ;
#2209 = DIRECTION ( 'NONE',  ( 1.000000000000000000, 0.000000000000000000, 0.000000000000000000 ) ) ;
#2210 = CARTESIAN_POINT ( 'NONE',  ( -3.110358513151920690, 37.87074373865891630, 10.00000000000000000 ) ) ;
#2211 = ADVANCED_FACE ( 'NONE', ( #4506, #3514, #3166 ), #1063, .F. ) ;
#2212 = EDGE_CURVE ( 'NONE', #4337, #4169, #3146, .T. ) ;
#2213 = ORIENTED_EDGE ( 'NONE', *, *, #3134, .T. ) ;
#2214 = ORIENTED_EDGE ( 'NONE', *, *, #533, .F. ) ;
#2215 = LINE ( 'NONE', #1862, #1068 ) ;
#2216 = DIRECTION ( 'NONE',  ( 0.000000000000000000, 0.000000000000000000, -1.000000000000000000 ) ) ;
#2217 = LINE ( 'NONE', #3598, #3953 ) ;
#2218 = EDGE_CURVE ( 'NONE', #1620, #4575, #98, .T. ) ;
#2219 = ORIENTED_EDGE ( 'NONE', *, *, #4518, .F. ) ;
#2220 = DIRECTION ( 'NONE',  ( -1.000000000000000000, 0.000000000000000000, 0.000000000000000000 ) ) ;
#2221 = CARTESIAN_POINT ( 'NONE',  ( 43.13965196923869172, 0.000000000000000000, 7.000000000000000000 ) ) ;
#2222 = LINE ( 'NONE', #3623, #3253 ) ;
#2223 = VERTEX_POINT ( 'NONE', #1760 ) ;
#2224 = DIRECTION ( 'NONE',  ( -1.000000000000000000, 0.000000000000000000, 0.000000000000000000 ) ) ;
#2225 = FACE_OUTER_BOUND ( 'NONE', #4239, .T. ) ;
#2226 = VERTEX_POINT ( 'NONE', #4553 ) ;
#2227 = CYLINDRICAL_SURFACE ( 'NONE', #2983, 1.499999999999999556 ) ;
#2228 = ORIENTED_EDGE ( 'NONE', *, *, #2490, .T. ) ;
#2229 = EDGE_LOOP ( 'NONE', ( #1650, #2321, #166, #2841 ) ) ;
#2230 = AXIS2_PLACEMENT_3D ( 'NONE', #1476, #112, #1454 ) ;
#2231 = LINE ( 'NONE', #2928, #1939 ) ;
#2232 = DIRECTION ( 'NONE',  ( 0.4633093305918520310, 0.8737704395039780358, 0.1478840195408388791 ) ) ;
#2233 = AXIS2_PLACEMENT_3D ( 'NONE', #2060, #1749, #2010 ) ;
#2234 = EDGE_CURVE ( 'NONE', #951, #410, #4532, .T. ) ;
#2235 = ORIENTED_EDGE ( 'NONE', *, *, #2291, .T. ) ;
#2236 = LINE ( 'NONE', #473, #2630 ) ;
#2237 = CARTESIAN_POINT ( 'NONE',  ( 48.37548872293180580, 8.254775557466635050, 7.000000000000000000 ) ) ;
#2238 = DIRECTION ( 'NONE',  ( 0.000000000000000000, 0.000000000000000000, 1.000000000000000000 ) ) ;
#2239 = VECTOR ( 'NONE', #2743, 1000.000000000000000 ) ;
#2240 = ORIENTED_EDGE ( 'NONE', *, *, #1278, .T. ) ;
#2241 = AXIS2_PLACEMENT_3D ( 'NONE', #2645, #3348, #201 ) ;
#2242 = EDGE_CURVE ( 'NONE', #53, #1648, #3096, .T. ) ;
#2243 = ADVANCED_FACE ( 'NONE', ( #2416 ), #603, .F. ) ;
#2244 = CARTESIAN_POINT ( 'NONE',  ( 41.71093726778486399, 25.62074139010719520, 7.478679656440327506 ) ) ;
#2245 = DIRECTION ( 'NONE',  ( 0.000000000000000000, 0.000000000000000000, -1.000000000000000000 ) ) ;
#2246 = DIRECTION ( 'NONE',  ( 0.000000000000000000, 1.000000000000000000, 0.000000000000000000 ) ) ;
#2247 = AXIS2_PLACEMENT_3D ( 'NONE', #1459, #67, #4260 ) ;
#2248 = EDGE_LOOP ( 'NONE', ( #3575, #2539, #4530, #1721 ) ) ;
#2249 = CARTESIAN_POINT ( 'NONE',  ( 21.63965196924048584, 21.77074209509556013, 10.00000000000000000 ) ) ;
#2250 = AXIS2_PLACEMENT_3D ( 'NONE', #3948, #2238, #3619 ) ;
#2251 = AXIS2_PLACEMENT_3D ( 'NONE', #318, #1672, #1035 ) ;
#2252 = DIRECTION ( 'NONE',  ( 1.000000000000000000, 0.000000000000000000, -0.000000000000000000 ) ) ;
#2253 = VECTOR ( 'NONE', #1099, 1000.000000000000000 ) ;
#2254 = VECTOR ( 'NONE', #3071, 1000.000000000000000 ) ;
#2255 = CARTESIAN_POINT ( 'NONE',  ( 15.36122676773205953, 15.87339205749153948, 7.000000000000000000 ) ) ;
#2256 = VECTOR ( 'NONE', #537, 1000.000000000000000 ) ;
#2257 = ORIENTED_EDGE ( 'NONE', *, *, #11, .T. ) ;
#2258 = VECTOR ( 'NONE', #3741, 1000.000000000000000 ) ;
#2259 = ORIENTED_EDGE ( 'NONE', *, *, #989, .F. ) ;
#2260 = DIRECTION ( 'NONE',  ( 0.000000000000000000, 0.000000000000000000, 1.000000000000000000 ) ) ;
#2261 = DIRECTION ( 'NONE',  ( 0.6672259460937057796, 0.2341143670503027241, -0.7071067811865443531 ) ) ;
#2262 = SECURITY_CLASSIFICATION ( '', '', #2046 ) ;
#2263 = AXIS2_PLACEMENT_3D ( 'NONE', #2469, #1974, #899 ) ;
#2264 = ORIENTED_EDGE ( 'NONE', *, *, #4105, .F. ) ;
#2265 = DIRECTION ( 'NONE',  ( 0.000000000000000000, 0.000000000000000000, -1.000000000000000000 ) ) ;
#2266 = CARTESIAN_POINT ( 'NONE',  ( 50.37548872293180580, 12.46774955728972500, 7.000000000000000000 ) ) ;
#2267 = DIRECTION ( 'NONE',  ( -1.000000000000000000, 0.000000000000000000, 0.000000000000000000 ) ) ;
#2268 = ORIENTED_EDGE ( 'NONE', *, *, #3593, .T. ) ;
#2269 = EDGE_CURVE ( 'NONE', #1848, #1620, #4090, .T. ) ;
#2270 = DIRECTION ( 'NONE',  ( -5.664403729850249372E-16, 1.000000000000000000, 0.000000000000000000 ) ) ;
#2271 = DIRECTION ( 'NONE',  ( 0.000000000000000000, 0.000000000000000000, 1.000000000000000000 ) ) ;
#2272 = EDGE_CURVE ( 'NONE', #3149, #1301, #1390, .T. ) ;
#2273 = ORIENTED_EDGE ( 'NONE', *, *, #4376, .T. ) ;
#2274 = EDGE_CURVE ( 'NONE', #3368, #2788, #2452, .T. ) ;
#2275 = CARTESIAN_POINT ( 'NONE',  ( -0.6103585131519012608, 32.87074373865893051, 6.000000000000000000 ) ) ;
#2276 = CARTESIAN_POINT ( 'NONE',  ( 51.13965032567458735, -1.629257179835735814, 7.000000000000000000 ) ) ;
#2277 = DIRECTION ( 'NONE',  ( -0.3310877130289305859, 0.9435999821329336124, -1.730279029243400707E-15 ) ) ;
#2278 = VERTEX_POINT ( 'NONE', #3426 ) ;
#2279 = DIRECTION ( 'NONE',  ( 0.000000000000000000, -0.000000000000000000, 1.000000000000000000 ) ) ;
#2280 = DIRECTION ( 'NONE',  ( 0.000000000000000000, 0.000000000000000000, 1.000000000000000000 ) ) ;
#2281 = EDGE_LOOP ( 'NONE', ( #423, #2240, #3293, #2163 ) ) ;
#2282 = LINE ( 'NONE', #191, #3507 ) ;
#2283 = CARTESIAN_POINT ( 'NONE',  ( 21.63965196924047873, 24.30638580357290124, 8.785036861774980110 ) ) ;
#2284 = CARTESIAN_POINT ( 'NONE',  ( 49.88965271631336407, 22.37074213718249993, 8.539339828220143147 ) ) ;
#2285 = VERTEX_POINT ( 'NONE', #3076 ) ;
#2286 = LINE ( 'NONE', #197, #1578 ) ;
#2287 = DIRECTION ( 'NONE',  ( 0.000000000000000000, 0.000000000000000000, -1.000000000000000000 ) ) ;
#2288 = CARTESIAN_POINT ( 'NONE',  ( 49.23965032567459588, 14.27141935088972780, 0.000000000000000000 ) ) ;
#2289 = ORIENTED_EDGE ( 'NONE', *, *, #3961, .T. ) ;
#2290 = DIRECTION ( 'NONE',  ( 0.3310877130289301973, -0.9435999821329338344, 0.000000000000000000 ) ) ;
#2291 = EDGE_CURVE ( 'NONE', #2741, #864, #1323, .T. ) ;
#2292 = LINE ( 'NONE', #1551, #993 ) ;
#2293 = EDGE_CURVE ( 'NONE', #521, #4085, #3212, .T. ) ;
#2294 = LINE ( 'NONE', #118, #554 ) ;
#2295 = ORIENTED_EDGE ( 'NONE', *, *, #1309, .T. ) ;
#2296 = EDGE_CURVE ( 'NONE', #3177, #2818, #1216, .T. ) ;
#2297 = FACE_OUTER_BOUND ( 'NONE', #644, .T. ) ;
#2298 = EDGE_CURVE ( 'NONE', #3223, #4453, #2987, .T. ) ;
#2299 = EDGE_LOOP ( 'NONE', ( #4058, #1483, #2609, #3284, #1916 ) ) ;
#2300 = LINE ( 'NONE', #3611, #2454 ) ;
#2301 = LINE ( 'NONE', #4057, #477 ) ;
#2302 =( BOUNDED_CURVE ( )  B_SPLINE_CURVE ( 3, ( #4372, #1880, #530, #560 ),
 .UNSPECIFIED., .F., .T. ) 
 B_SPLINE_CURVE_WITH_KNOTS ( ( 4, 4 ),
 ( 5.279489180376948809, 5.441809706298339933 ),
 .UNSPECIFIED. ) 
 CURVE ( )  GEOMETRIC_REPRESENTATION_ITEM ( )  RATIONAL_B_SPLINE_CURVE ( ( 1.000000000000000000, 0.9978055422078596637, 0.9978055422078596637, 1.000000000000000000 ) ) 
 REPRESENTATION_ITEM ( '' )  );
#2303 = VECTOR ( 'NONE', #1400, 1000.000000000000114 ) ;
#2304 = ORIENTED_EDGE ( 'NONE', *, *, #699, .T. ) ;
#2305 = CARTESIAN_POINT ( 'NONE',  ( 42.21093809183552992, -3.280664091403945104, 8.500000000000000000 ) ) ;
#2306 = LINE ( 'NONE', #3709, #3039 ) ;
#2307 = CARTESIAN_POINT ( 'NONE',  ( 49.88965271631336407, 0.5364406324050787767, 7.000000000000000000 ) ) ;
#2308 = VERTEX_POINT ( 'NONE', #1506 ) ;
#2309 = AXIS2_PLACEMENT_3D ( 'NONE', #2237, #1542, #2953 ) ;
#2310 = FACE_OUTER_BOUND ( 'NONE', #492, .T. ) ;
#2311 = AXIS2_PLACEMENT_3D ( 'NONE', #3312, #142, #4403 ) ;
#2312 = DIRECTION ( 'NONE',  ( 1.448117816884087885E-14, -1.000000000000000000, -0.000000000000000000 ) ) ;
#2313 = LINE ( 'NONE', #4431, #742 ) ;
#2314 = ORIENTED_EDGE ( 'NONE', *, *, #1613, .T. ) ;
#2315 = AXIS2_PLACEMENT_3D ( 'NONE', #1339, #991, #642 ) ;
#2316 = CYLINDRICAL_SURFACE ( 'NONE', #3933, 2.000000000000001776 ) ;
#2317 = DIRECTION ( 'NONE',  ( -4.352598021917241359E-15, 1.000000000000000000, 0.000000000000000000 ) ) ;
#2318 = AXIS2_PLACEMENT_3D ( 'NONE', #4364, #3669, #3319 ) ;
#2319 = LINE ( 'NONE', #709, #3287 ) ;
#2320 = DIRECTION ( 'NONE',  ( 1.000000000000000000, 0.000000000000000000, 0.000000000000000000 ) ) ;
#2321 = ORIENTED_EDGE ( 'NONE', *, *, #272, .F. ) ;
#2322 = EDGE_CURVE ( 'NONE', #2745, #2849, #3795, .T. ) ;
#2323 = AXIS2_PLACEMENT_3D ( 'NONE', #2717, #1279, #1977 ) ;
#2324 = CARTESIAN_POINT ( 'NONE',  ( 22.04058635584831549, 25.78502936884056851, 7.478679656440325729 ) ) ;
#2325 = ORIENTED_EDGE ( 'NONE', *, *, #2637, .F. ) ;
#2326 = AXIS2_PLACEMENT_3D ( 'NONE', #2635, #3017, #2654 ) ;
#2327 = LINE ( 'NONE', #3634, #2256 ) ;
#2328 = AXIS2_PLACEMENT_3D ( 'NONE', #1498, #1773, #2542 ) ;
#2329 = EDGE_CURVE ( 'NONE', #1015, #2356, #3959, .T. ) ;
#2330 = EDGE_CURVE ( 'NONE', #1383, #2655, #387, .T. ) ;
#2331 = CONICAL_SURFACE ( 'NONE', #2403, 0.09999999999998898659, 0.7853981633974426169 ) ;
#2332 = VECTOR ( 'NONE', #3762, 1000.000000000000000 ) ;
#2333 = EDGE_LOOP ( 'NONE', ( #442, #1565, #3956, #2692 ) ) ;
#2334 = ORIENTED_EDGE ( 'NONE', *, *, #3327, .T. ) ;
#2335 = CARTESIAN_POINT ( 'NONE',  ( 12.63963405267827333, 7.672624109789229152, 10.00000000000000000 ) ) ;
#2336 = DIRECTION ( 'NONE',  ( 1.000000000000000000, 0.000000000000000000, -0.000000000000000000 ) ) ;
#2337 = VERTEX_POINT ( 'NONE', #358 ) ;
#2338 = ORGANIZATION ( 'UNSPECIFIED', 'UNSPECIFIED', '' ) ;
#2339 = AXIS2_PLACEMENT_3D ( 'NONE', #1191, #3015, #1261 ) ;
#2340 = CARTESIAN_POINT ( 'NONE',  ( 29.68964734479039436, -3.484083463375951872, 1.591397869695244216 ) ) ;
#2341 = CARTESIAN_POINT ( 'NONE',  ( 23.16737853471168762, 25.61948551232610427, 8.500000000000000000 ) ) ;
#2342 = DIRECTION ( 'NONE',  ( 0.000000000000000000, -1.000000000000000000, 0.000000000000000000 ) ) ;
#2343 = B_SPLINE_CURVE_WITH_KNOTS ( 'NONE', 3,
 ( #2371, #4122, #1619, #159 ),
 .UNSPECIFIED., .F., .F.,
 ( 4, 4 ),
 ( 1.734723475976807094E-18, 0.001772537407221664186 ),
 .UNSPECIFIED. ) ;
#2344 = DIRECTION ( 'NONE',  ( 1.000000000000000000, 1.085156995391101671E-14, 0.000000000000000000 ) ) ;
#2345 = LINE ( 'NONE', #3675, #3944 ) ;
#2346 = VERTEX_POINT ( 'NONE', #435 ) ;
#2347 = CYLINDRICAL_SURFACE ( 'NONE', #632, 1.499999999999999556 ) ;
#2348 = APPROVAL_STATUS ( 'not_yet_approved' ) ;
#2349 = ORIENTED_EDGE ( 'NONE', *, *, #189, .T. ) ;
#2350 = DIRECTION ( 'NONE',  ( -1.000000000000000000, 0.000000000000000000, 0.000000000000000000 ) ) ;
#2351 = ORIENTED_EDGE ( 'NONE', *, *, #2291, .F. ) ;
#2352 = ADVANCED_FACE ( 'NONE', ( #2225 ), #786, .F. ) ;
#2353 = DIRECTION ( 'NONE',  ( 0.8944271909999149672, -0.4472135954999596485, 0.000000000000000000 ) ) ;
#2354 = ORIENTED_EDGE ( 'NONE', *, *, #763, .F. ) ;
#2355 = EDGE_CURVE ( 'NONE', #2072, #69, #1850, .T. ) ;
#2356 = VERTEX_POINT ( 'NONE', #2524 ) ;
#2357 = EDGE_CURVE ( 'NONE', #4342, #1747, #3494, .T. ) ;
#2358 = PLANE ( 'NONE',  #970 ) ;
#2359 = DIRECTION ( 'NONE',  ( 1.000000000000000000, 0.000000000000000000, 0.000000000000000000 ) ) ;
#2360 = ORIENTED_EDGE ( 'NONE', *, *, #2834, .F. ) ;
#2361 = DIRECTION ( 'NONE',  ( -0.000000000000000000, 0.000000000000000000, -1.000000000000000000 ) ) ;
#2362 = DIRECTION ( 'NONE',  ( 1.000000000000000000, 0.000000000000000000, 0.000000000000000000 ) ) ;
#2363 = EDGE_CURVE ( 'NONE', #1020, #3193, #807, .T. ) ;
#2364 = PLANE ( 'NONE',  #4146 ) ;
#2365 = CYLINDRICAL_SURFACE ( 'NONE', #1419, 1.800000000000002931 ) ;
#2366 = LINE ( 'NONE', #2110, #547 ) ;
#2367 = ORIENTED_EDGE ( 'NONE', *, *, #2436, .T. ) ;
#2368 = DIRECTION ( 'NONE',  ( 1.885580459680950907E-06, -0.9999999999982223109, -0.000000000000000000 ) ) ;
#2369 = PERSON_AND_ORGANIZATION ( #1201, #2338 ) ;
#2370 = ORIENTED_EDGE ( 'NONE', *, *, #2022, .F. ) ;
#2371 = CARTESIAN_POINT ( 'NONE',  ( 42.02464163344015446, -9.176615478020330841, 8.500000000000000000 ) ) ;
#2372 = ORIENTED_EDGE ( 'NONE', *, *, #164, .F. ) ;
#2373 = CARTESIAN_POINT ( 'NONE',  ( 51.13965196923813039, 19.49574378152206222, 8.500000000000000000 ) ) ;
#2374 = ORIENTED_EDGE ( 'NONE', *, *, #4272, .T. ) ;
#2375 = ORIENTED_EDGE ( 'NONE', *, *, #2234, .T. ) ;
#2376 = CYLINDRICAL_SURFACE ( 'NONE', #4079, 1.499999999999999778 ) ;
#2377 = CARTESIAN_POINT ( 'NONE',  ( 49.23965032567459588, 5.668502244280195335, 0.000000000000000000 ) ) ;
#2378 = ORIENTED_EDGE ( 'NONE', *, *, #2491, .F. ) ;
#2379 = ADVANCED_FACE ( 'NONE', ( #3255 ), #1878, .F. ) ;
#2380 = AXIS2_PLACEMENT_3D ( 'NONE', #1991, #1295, #551 ) ;
#2381 = DIRECTION ( 'NONE',  ( -5.664403729850249372E-16, 1.000000000000000000, -0.000000000000000000 ) ) ;
#2382 = FACE_OUTER_BOUND ( 'NONE', #3840, .T. ) ;
#2383 = LINE ( 'NONE', #3441, #2086 ) ;
#2384 = ADVANCED_FACE ( 'NONE', ( #3234 ), #89, .F. ) ;
#2385 = EDGE_CURVE ( 'NONE', #2021, #2792, #1159, .T. ) ;
#2386 = CIRCLE ( 'NONE', #901, 1.499999999999999556 ) ;
#2387 = FACE_OUTER_BOUND ( 'NONE', #2860, .T. ) ;
#2388 = DIRECTION ( 'NONE',  ( 1.000000000000000000, 0.000000000000000000, 0.000000000000000000 ) ) ;
#2389 = ORIENTED_EDGE ( 'NONE', *, *, #2050, .F. ) ;
#2390 = SHAPE_DEFINITION_REPRESENTATION ( #4224, #1477 ) ;
#2391 = CIRCLE ( 'NONE', #302, 1.625000000000001332 ) ;
#2392 = ORIENTED_EDGE ( 'NONE', *, *, #1071, .F. ) ;
#2393 = CIRCLE ( 'NONE', #980, 1.560660171779831851 ) ;
#2394 = DIRECTION ( 'NONE',  ( 1.875377445444817940E-15, -1.000000000000000000, 0.000000000000000000 ) ) ;
#2395 = ORIENTED_EDGE ( 'NONE', *, *, #80, .T. ) ;
#2396 = DIRECTION ( 'NONE',  ( -1.000000000000000000, 0.000000000000000000, 0.000000000000000000 ) ) ;
#2397 = AXIS2_PLACEMENT_3D ( 'NONE', #1606, #2974, #2336 ) ;
#2398 = ORIENTED_EDGE ( 'NONE', *, *, #3834, .T. ) ;
#2399 = ORIENTED_EDGE ( 'NONE', *, *, #959, .T. ) ;
#2400 = DIRECTION ( 'NONE',  ( 0.000000000000000000, 0.000000000000000000, 1.000000000000000000 ) ) ;
#2401 = DIRECTION ( 'NONE',  ( 1.000000000000000000, 0.000000000000000000, 0.000000000000000000 ) ) ;
#2402 = ORIENTED_EDGE ( 'NONE', *, *, #2100, .F. ) ;
#2403 = AXIS2_PLACEMENT_3D ( 'NONE', #3752, #1308, #3772 ) ;
#2404 = AXIS2_PLACEMENT_3D ( 'NONE', #2779, #3416, #4483 ) ;
#2405 = CARTESIAN_POINT ( 'NONE',  ( 51.54105979930857018, 7.463752699646694845E-13, 8.500000000000000000 ) ) ;
#2406 = LINE ( 'NONE', #985, #1366 ) ;
#2407 = CARTESIAN_POINT ( 'NONE',  ( 39.76840990813030885, 23.48784253820173618, 8.500000000000000000 ) ) ;
#2408 = VECTOR ( 'NONE', #1420, 1000.000000000000000 ) ;
#2409 = EDGE_CURVE ( 'NONE', #293, #3945, #1531, .T. ) ;
#2410 = CARTESIAN_POINT ( 'NONE',  ( 49.69517519176000064, 2.633141869088493348, 0.000000000000000000 ) ) ;
#2411 = CARTESIAN_POINT ( 'NONE',  ( 12.63963405267827333, 7.672624109789229152, 10.00000000000000000 ) ) ;
#2412 = ORIENTED_EDGE ( 'NONE', *, *, #2550, .T. ) ;
#2413 = ADVANCED_FACE ( 'NONE', ( #718 ), #2135, .F. ) ;
#2414 = PERSON_AND_ORGANIZATION ( #1201, #2338 ) ;
#2415 = VERTEX_POINT ( 'NONE', #2852 ) ;
#2416 = FACE_OUTER_BOUND ( 'NONE', #369, .T. ) ;
#2417 = ORIENTED_EDGE ( 'NONE', *, *, #19, .F. ) ;
#2418 = LINE ( 'NONE', #1713, #3576 ) ;
#2419 = VERTEX_POINT ( 'NONE', #4257 ) ;
#2420 = ORIENTED_EDGE ( 'NONE', *, *, #982, .F. ) ;
#2421 = LINE ( 'NONE', #4130, #295 ) ;
#2422 = DIRECTION ( 'NONE',  ( -0.8164965809277232589, 0.4082482904638635723, -0.4082482904638679577 ) ) ;
#2423 = VERTEX_POINT ( 'NONE', #1087 ) ;
#2424 = CARTESIAN_POINT ( 'NONE',  ( 70.88964148684802069, -13.12925626134109436, 10.00000000000000000 ) ) ;
#2425 = DIRECTION ( 'NONE',  ( 0.000000000000000000, 0.000000000000000000, 1.000000000000000000 ) ) ;
#2426 = ORIENTED_EDGE ( 'NONE', *, *, #1777, .F. ) ;
#2427 = CARTESIAN_POINT ( 'NONE',  ( -0.6103585131519012608, 32.87074373865893051, 10.00000000000000000 ) ) ;
#2428 = CARTESIAN_POINT ( 'NONE',  ( 2.639641486848050889, -12.12925626134106416, 6.000000000000000000 ) ) ;
#2429 = ORIENTED_EDGE ( 'NONE', *, *, #574, .F. ) ;
#2430 = ORIENTED_EDGE ( 'NONE', *, *, #4490, .F. ) ;
#2431 = EDGE_CURVE ( 'NONE', #2308, #2660, #3907, .T. ) ;
#2432 = DIRECTION ( 'NONE',  ( -1.000000000000000000, 0.000000000000000000, 0.000000000000000000 ) ) ;
#2433 = VERTEX_POINT ( 'NONE', #1273 ) ;
#2434 = FACE_OUTER_BOUND ( 'NONE', #2453, .T. ) ;
#2435 = ADVANCED_FACE ( 'NONE', ( #3009 ), #1923, .F. ) ;
#2436 = EDGE_CURVE ( 'NONE', #4576, #1586, #1616, .T. ) ;
#2437 = ORIENTED_EDGE ( 'NONE', *, *, #1017, .T. ) ;
#2438 = EDGE_LOOP ( 'NONE', ( #2372, #1751, #3915, #3126 ) ) ;
#2439 = DIRECTION ( 'NONE',  ( -1.000000000000000000, 0.000000000000000000, -0.000000000000000000 ) ) ;
#2440 = CARTESIAN_POINT ( 'NONE',  ( -3.860358513151909143, 32.87074373865893051, 10.00000000000000000 ) ) ;
#2441 = ORIENTED_EDGE ( 'NONE', *, *, #218, .F. ) ;
#2442 = LINE ( 'NONE', #3478, #4174 ) ;
#2443 = LINE ( 'NONE', #3413, #3257 ) ;
#2444 = CARTESIAN_POINT ( 'NONE',  ( 49.88965271631336407, 22.37074213718249993, 8.500000000000000000 ) ) ;
#2445 = EDGE_LOOP ( 'NONE', ( #3401, #417, #2962, #3454, #1744, #2214, #1196, #63, #4137, #4486, #2855, #395, #4199, #745, #3989, #2142, #672, #625, #4108, #1045, #1379 ) ) ;
#2446 = CARTESIAN_POINT ( 'NONE',  ( 67.63964148684810596, 32.87074373865885235, 6.000000000000000000 ) ) ;
#2447 = VECTOR ( 'NONE', #3742, 1000.000000000000000 ) ;
#2448 = DIRECTION ( 'NONE',  ( -0.000000000000000000, -0.000000000000000000, 1.000000000000000000 ) ) ;
#2449 = ORIENTED_EDGE ( 'NONE', *, *, #4106, .F. ) ;
#2450 = EDGE_LOOP ( 'NONE', ( #1446, #916, #4277, #3055 ) ) ;
#2451 = CIRCLE ( 'NONE', #3550, 1.800000000000002931 ) ;
#2452 = LINE ( 'NONE', #1408, #3425 ) ;
#2453 = EDGE_LOOP ( 'NONE', ( #2759, #3014, #4333, #1042 ) ) ;
#2454 = VECTOR ( 'NONE', #4326, 1000.000000000000114 ) ;
#2455 = CARTESIAN_POINT ( 'NONE',  ( -7.110358513151920690, -13.12925626134109436, 10.00000000000000000 ) ) ;
#2456 = EDGE_CURVE ( 'NONE', #1376, #3223, #4418, .T. ) ;
#2457 = VECTOR ( 'NONE', #3886, 1000.000000000000000 ) ;
#2458 = ORIENTED_EDGE ( 'NONE', *, *, #2156, .T. ) ;
#2459 = ORIENTED_EDGE ( 'NONE', *, *, #353, .T. ) ;
#2460 = CARTESIAN_POINT ( 'NONE',  ( 0.000000000000000000, -17.12925626134109081, 10.00000000000000000 ) ) ;
#2461 = DIRECTION ( 'NONE',  ( 0.000000000000000000, 0.000000000000000000, -1.000000000000000000 ) ) ;
#2462 = AXIS2_PLACEMENT_3D ( 'NONE', #3807, #2361, #3781 ) ;
#2463 = EDGE_CURVE ( 'NONE', #4309, #4190, #1252, .T. ) ;
#2464 = ADVANCED_FACE ( 'NONE', ( #830 ), #1994, .F. ) ;
#2465 = ORIENTED_EDGE ( 'NONE', *, *, #2638, .T. ) ;
#2466 = VECTOR ( 'NONE', #1907, 1000.000000000000000 ) ;
#2467 = DIRECTION ( 'NONE',  ( 1.714279192694598836E-07, -0.9999999999999853451, 0.000000000000000000 ) ) ;
#2468 = LINE ( 'NONE', #3917, #229 ) ;
#2469 = CARTESIAN_POINT ( 'NONE',  ( 52.63965196923813039, 19.49574403866393624, 7.478679656440332835 ) ) ;
#2470 = EDGE_LOOP ( 'NONE', ( #359, #4284, #4402, #3203 ) ) ;
#2471 = CIRCLE ( 'NONE', #3056, 1.560660171779824967 ) ;
#2472 = AXIS2_PLACEMENT_3D ( 'NONE', #155, #1574, #2317 ) ;
#2473 = CARTESIAN_POINT ( 'NONE',  ( 15.36122676773205953, 13.44605680722919594, 0.000000000000000000 ) ) ;
#2474 = AXIS2_PLACEMENT_3D ( 'NONE', #510, #3679, #3326 ) ;
#2475 = AXIS2_PLACEMENT_3D ( 'NONE', #1628, #4499, #3042 ) ;
#2476 = CARTESIAN_POINT ( 'NONE',  ( 21.75463970902030653, 29.91810760435984662, 8.500000000000000000 ) ) ;
#2477 = DIRECTION ( 'NONE',  ( 1.000000000000000000, 7.786212173705108455E-16, 2.253710432434334825E-32 ) ) ;
#2478 = ORIENTED_EDGE ( 'NONE', *, *, #304, .T. ) ;
#2479 = VECTOR ( 'NONE', #4013, 1000.000000000000000 ) ;
#2480 = CARTESIAN_POINT ( 'NONE',  ( 51.13965032567460156, -1.629257179835735148, 10.00000000000000000 ) ) ;
#2481 = CARTESIAN_POINT ( 'NONE',  ( 29.68964734479039436, -3.179256261333785361, 1.593940713982425539 ) ) ;
#2482 = DIRECTION ( 'NONE',  ( -1.000000000000000000, -7.786212173705108455E-16, 0.000000000000000000 ) ) ;
#2483 = ADVANCED_FACE ( 'NONE', ( #4435 ), #2988, .F. ) ;
#2484 = DIRECTION ( 'NONE',  ( -0.9999999999982223109, -1.885580459284672472E-06, 0.000000000000000000 ) ) ;
#2485 = VERTEX_POINT ( 'NONE', #557 ) ;
#2486 = ORIENTED_EDGE ( 'NONE', *, *, #1810, .F. ) ;
#2487 = CARTESIAN_POINT ( 'NONE',  ( 35.07958759053650510, -3.179256261333784472, 7.000000000000000000 ) ) ;
#2488 = DIRECTION ( 'NONE',  ( -0.000000000000000000, -1.000000000000000000, -0.000000000000000000 ) ) ;
#2489 = EDGE_LOOP ( 'NONE', ( #3484, #4537 ) ) ;
#2490 = EDGE_CURVE ( 'NONE', #4085, #3223, #3058, .T. ) ;
#2491 = EDGE_CURVE ( 'NONE', #3062, #1586, #2345, .T. ) ;
#2492 = CARTESIAN_POINT ( 'NONE',  ( 42.11093809183554981, -4.879256261333784650, 10.00000000000000000 ) ) ;
#2493 = DIRECTION ( 'NONE',  ( 0.000000000000000000, 0.000000000000000000, -1.000000000000000000 ) ) ;
#2494 = CARTESIAN_POINT ( 'NONE',  ( 21.56878636478185030, 25.61948551232610427, 7.478679656440326617 ) ) ;
#2495 = ORIENTED_EDGE ( 'NONE', *, *, #4571, .T. ) ;
#2496 = ADVANCED_FACE ( 'NONE', ( #2619 ), #4030, .T. ) ;
#2497 = EDGE_CURVE ( 'NONE', #1555, #4262, #3695, .T. ) ;
#2498 = DIRECTION ( 'NONE',  ( -1.000000000000000000, -0.000000000000000000, -0.000000000000000000 ) ) ;
#2499 = CARTESIAN_POINT ( 'NONE',  ( 15.23345063500404706, -3.280664091403945104, 8.500000000000000000 ) ) ;
#2500 = ORIENTED_EDGE ( 'NONE', *, *, #2456, .T. ) ;
#2501 = DIRECTION ( 'NONE',  ( 1.000000000000000000, 0.000000000000000000, 0.000000000000000000 ) ) ;
#2502 = CARTESIAN_POINT ( 'NONE',  ( 14.53965206352063255, -1.879256261333784428, 7.000000000000000000 ) ) ;
#2503 = PLANE ( 'NONE',  #3132 ) ;
#2504 = DIRECTION ( 'NONE',  ( 0.000000000000000000, 0.000000000000000000, -1.000000000000000000 ) ) ;
#2505 = VERTEX_POINT ( 'NONE', #3375 ) ;
#2506 = ORIENTED_EDGE ( 'NONE', *, *, #276, .F. ) ;
#2507 = FACE_OUTER_BOUND ( 'NONE', #1005, .T. ) ;
#2508 = DIRECTION ( 'NONE',  ( -1.000000000000000000, 0.000000000000000000, 0.000000000000000000 ) ) ;
#2509 = ORIENTED_EDGE ( 'NONE', *, *, #4472, .T. ) ;
#2510 = ORIENTED_EDGE ( 'NONE', *, *, #2820, .F. ) ;
#2511 = CARTESIAN_POINT ( 'NONE',  ( 4.935864054447603215E-07, -2.879264985237945051, 10.00000000000000000 ) ) ;
#2512 = CARTESIAN_POINT ( 'NONE',  ( 66.01464148684804911, -12.12925626134114765, 10.00000000000000000 ) ) ;
#2513 = DIRECTION ( 'NONE',  ( 0.000000000000000000, 0.000000000000000000, -1.000000000000000000 ) ) ;
#2514 = ORIENTED_EDGE ( 'NONE', *, *, #422, .T. ) ;
#2515 = ADVANCED_FACE ( 'NONE', ( #507 ), #3650, .T. ) ;
#2516 = DIRECTION ( 'NONE',  ( -0.000000000000000000, -0.000000000000000000, 1.000000000000000000 ) ) ;
#2517 = DIRECTION ( 'NONE',  ( -1.999678678259835681E-16, 1.000000000000000000, 0.000000000000000000 ) ) ;
#2518 = DIRECTION ( 'NONE',  ( 1.885580459680951119E-06, -0.9999999999982223109, 0.000000000000000000 ) ) ;
#2519 = EDGE_CURVE ( 'NONE', #3541, #3177, #3744, .T. ) ;
#2520 = ORIENTED_EDGE ( 'NONE', *, *, #195, .F. ) ;
#2521 = EDGE_CURVE ( 'NONE', #2278, #2655, #2292, .T. ) ;
#2522 = CIRCLE ( 'NONE', #525, 3.250000000000002665 ) ;
#2523 = DIRECTION ( 'NONE',  ( -1.000000000000000000, 0.000000000000000000, 0.000000000000000000 ) ) ;
#2524 = CARTESIAN_POINT ( 'NONE',  ( -2.235358513151894488, 32.87074373865893051, 0.000000000000000000 ) ) ;
#2525 = FACE_OUTER_BOUND ( 'NONE', #2065, .T. ) ;
#2526 = AXIS2_PLACEMENT_3D ( 'NONE', #3763, #2794, #2751 ) ;
#2527 = CARTESIAN_POINT ( 'NONE',  ( -3.110358513151920690, 37.87074373865891630, 10.00000000000000000 ) ) ;
#2528 = ORIENTED_EDGE ( 'NONE', *, *, #2784, .F. ) ;
#2529 = ORIENTED_EDGE ( 'NONE', *, *, #3845, .T. ) ;
#2530 = CARTESIAN_POINT ( 'NONE',  ( -3.860358513151964210, -12.12925626134106416, 6.000000000000000000 ) ) ;
#2531 = DIRECTION ( 'NONE',  ( 1.000000000000000000, 0.000000000000000000, 0.000000000000000000 ) ) ;
#2532 = ORIENTED_EDGE ( 'NONE', *, *, #1101, .T. ) ;
#2533 = AXIS2_PLACEMENT_3D ( 'NONE', #944, #287, #244 ) ;
#2534 = ORIENTED_EDGE ( 'NONE', *, *, #1925, .F. ) ;
#2535 = VECTOR ( 'NONE', #2639, 1000.000000000000000 ) ;
#2536 = DIRECTION ( 'NONE',  ( -1.000000000000000000, -3.965077011492361418E-15, 0.000000000000000000 ) ) ;
#2537 = LINE ( 'NONE', #2125, #3850 ) ;
#2538 = CARTESIAN_POINT ( 'NONE',  ( 12.63963427495158598, 0.000000000000000000, 10.00000000000000000 ) ) ;
#2539 = ORIENTED_EDGE ( 'NONE', *, *, #4490, .T. ) ;
#2540 = VECTOR ( 'NONE', #3909, 1000.000000000000000 ) ;
#2541 = PLANE ( 'NONE',  #3713 ) ;
#2542 = DIRECTION ( 'NONE',  ( -1.000000000000000000, -3.469446951953995998E-14, 0.000000000000000000 ) ) ;
#2543 = CIRCLE ( 'NONE', #2693, 4.000000000000000000 ) ;
#2544 = DIRECTION ( 'NONE',  ( 1.000000000000000000, 0.000000000000000000, 0.000000000000000000 ) ) ;
#2545 = VECTOR ( 'NONE', #686, 1000.000000000000000 ) ;
#2546 = ORIENTED_EDGE ( 'NONE', *, *, #2664, .T. ) ;
#2547 = AXIS2_PLACEMENT_3D ( 'NONE', #2185, #2874, #1831 ) ;
#2548 = VECTOR ( 'NONE', #782, 1000.000000000000000 ) ;
#2549 = CARTESIAN_POINT ( 'NONE',  ( -0.6103585131519012608, 32.87074373865893051, 6.000000000000000000 ) ) ;
#2550 = EDGE_CURVE ( 'NONE', #902, #260, #1635, .T. ) ;
#2551 = DIRECTION ( 'NONE',  ( 1.000000000000000000, 0.000000000000000000, 0.000000000000000000 ) ) ;
#2552 = EDGE_CURVE ( 'NONE', #774, #1707, #4459, .T. ) ;
#2553 = CARTESIAN_POINT ( 'NONE',  ( 49.88965271631337828, 23.62074139010718454, 7.000000000000000000 ) ) ;
#2554 = VECTOR ( 'NONE', #4291, 1000.000000000000000 ) ;
#2555 = FACE_OUTER_BOUND ( 'NONE', #2094, .T. ) ;
#2556 = EDGE_CURVE ( 'NONE', #3265, #3712, #488, .T. ) ;
#2557 = EDGE_LOOP ( 'NONE', ( #2029, #3891, #237, #4359, #4492, #1976, #4196, #2148 ) ) ;
#2558 = ORIENTED_EDGE ( 'NONE', *, *, #2212, .T. ) ;
#2559 = DIRECTION ( 'NONE',  ( 0.000000000000000000, 0.000000000000000000, -1.000000000000000000 ) ) ;
#2560 = CARTESIAN_POINT ( 'NONE',  ( 29.68964283472129395, 23.92074139010719236, 7.000000000000000000 ) ) ;
#2561 = EDGE_LOOP ( 'NONE', ( #1169, #969, #3336, #3866 ) ) ;
#2562 = EDGE_LOOP ( 'NONE', ( #2989, #2076, #3493, #1490 ) ) ;
#2563 = DIRECTION ( 'NONE',  ( 0.000000000000000000, 0.000000000000000000, -1.000000000000000000 ) ) ;
#2564 = CARTESIAN_POINT ( 'NONE',  ( 49.18965005012559999, 17.84574322311471306, 10.00000000000000000 ) ) ;
#2565 = LINE ( 'NONE', #2146, #3492 ) ;
#2566 = EDGE_LOOP ( 'NONE', ( #1190, #2700 ) ) ;
#2567 = CARTESIAN_POINT ( 'NONE',  ( 64.38964148684810596, 32.87074373865885235, 10.00000000000000000 ) ) ;
#2568 = DIRECTION ( 'NONE',  ( -1.000000000000000000, -1.999678678259835681E-16, 0.000000000000000000 ) ) ;
#2569 = DIRECTION ( 'NONE',  ( 0.000000000000000000, 0.000000000000000000, -1.000000000000000000 ) ) ;
#2570 = ORIENTED_EDGE ( 'NONE', *, *, #4376, .F. ) ;
#2571 = CARTESIAN_POINT ( 'NONE',  ( 64.38964148684804911, -12.12925626134114765, 10.00000000000000000 ) ) ;
#2572 = CARTESIAN_POINT ( 'NONE',  ( 35.96510443655537159, 12.61933489001294362, 10.00000000000000000 ) ) ;
#2573 = DIRECTION ( 'NONE',  ( 0.000000000000000000, 0.000000000000000000, 1.000000000000000000 ) ) ;
#2574 = EDGE_CURVE ( 'NONE', #1016, #1818, #1945, .T. ) ;
#2575 = DIRECTION ( 'NONE',  ( 0.000000000000000000, 0.000000000000000000, -1.000000000000000000 ) ) ;
#2576 = ORIENTED_EDGE ( 'NONE', *, *, #2436, .F. ) ;
#2577 = ORIENTED_EDGE ( 'NONE', *, *, #3987, .F. ) ;
#2578 = LINE ( 'NONE', #96, #375 ) ;
#2579 = DIRECTION ( 'NONE',  ( -5.664403729850249372E-16, 1.000000000000000000, -0.000000000000000000 ) ) ;
#2580 = ORIENTED_EDGE ( 'NONE', *, *, #1810, .T. ) ;
#2581 = EDGE_CURVE ( 'NONE', #2168, #2745, #662, .T. ) ;
#2582 = ORIENTED_EDGE ( 'NONE', *, *, #219, .F. ) ;
#2583 = FACE_OUTER_BOUND ( 'NONE', #3517, .T. ) ;
#2584 = CARTESIAN_POINT ( 'NONE',  ( 21.63965196924047518, 25.48131374765967649, 9.945201100221884971 ) ) ;
#2585 = DIRECTION ( 'NONE',  ( -0.000000000000000000, -0.000000000000000000, -1.000000000000000000 ) ) ;
#2586 = ORIENTED_EDGE ( 'NONE', *, *, #3839, .F. ) ;
#2587 = DIRECTION ( 'NONE',  ( 1.000000000000000000, 0.000000000000000000, 0.000000000000000000 ) ) ;
#2588 = CARTESIAN_POINT ( 'NONE',  ( 49.88965271631336407, 23.92074139010719236, 8.500000000000000000 ) ) ;
#2589 = PLANE ( 'NONE',  #1113 ) ;
#2590 = ORIENTED_EDGE ( 'NONE', *, *, #195, .T. ) ;
#2591 = CARTESIAN_POINT ( 'NONE',  ( -7.110358513151920690, 33.87074373865890919, 10.00000000000000000 ) ) ;
#2592 = DIRECTION ( 'NONE',  ( -0.000000000000000000, -0.000000000000000000, 1.000000000000000000 ) ) ;
#2593 = CARTESIAN_POINT ( 'NONE',  ( -3.110358513151920690, 33.87074373865890919, 0.000000000000000000 ) ) ;
#2594 = DIRECTION ( 'NONE',  ( 1.000000000000000000, 0.000000000000000000, 0.000000000000000000 ) ) ;
#2595 = ORIENTED_EDGE ( 'NONE', *, *, #511, .F. ) ;
#2596 = ADVANCED_FACE ( 'NONE', ( #1367 ), #4204, .F. ) ;
#2597 = VERTEX_POINT ( 'NONE', #1706 ) ;
#2598 = AXIS2_PLACEMENT_3D ( 'NONE', #1667, #4140, #4324 ) ;
#2599 = FACE_OUTER_BOUND ( 'NONE', #2562, .T. ) ;
#2600 = CARTESIAN_POINT ( 'NONE',  ( 49.88965107274953681, -1.629257179833860647, 10.00000000000000000 ) ) ;
#2601 = CIRCLE ( 'NONE', #3480, 1.799999999999999600 ) ;
#2602 = ORIENTED_EDGE ( 'NONE', *, *, #1501, .F. ) ;
#2603 = EDGE_CURVE ( 'NONE', #1653, #2021, #4185, .T. ) ;
#2604 = CARTESIAN_POINT ( 'NONE',  ( 49.23965032567459588, 5.668502244280197111, 0.000000000000000000 ) ) ;
#2605 = EDGE_CURVE ( 'NONE', #274, #261, #4502, .T. ) ;
#2606 = CARTESIAN_POINT ( 'NONE',  ( 43.13965196923869172, -3.280664091403945104, 8.500000000000000000 ) ) ;
#2607 = FACE_OUTER_BOUND ( 'NONE', #3797, .T. ) ;
#2608 = AXIS2_PLACEMENT_3D ( 'NONE', #4302, #1131, #2523 ) ;
#2609 = ORIENTED_EDGE ( 'NONE', *, *, #1039, .F. ) ;
#2610 = TOROIDAL_SURFACE ( 'NONE', #2533, 2.749999252924710369, 1.500000000000000000 ) ;
#2611 = CARTESIAN_POINT ( 'NONE',  ( -7.110358513151920690, -13.12925626134109436, 10.00000000000000000 ) ) ;
#2612 = DIRECTION ( 'NONE',  ( -1.000000000000000000, 0.000000000000000000, 0.000000000000000000 ) ) ;
#2613 = FACE_OUTER_BOUND ( 'NONE', #1141, .T. ) ;
#2614 = VECTOR ( 'NONE', #789, 1000.000000000000000 ) ;
#2615 = ORIENTED_EDGE ( 'NONE', *, *, #3190, .F. ) ;
#2616 = DIRECTION ( 'NONE',  ( 1.000000000000000000, 0.000000000000000000, 0.000000000000000000 ) ) ;
#2617 = TOROIDAL_SURFACE ( 'NONE', #389, 0.5000000000000018874, 1.500000000000000000 ) ;
#2618 = AXIS2_PLACEMENT_3D ( 'NONE', #1457, #2873, #2551 ) ;
#2619 = FACE_OUTER_BOUND ( 'NONE', #206, .T. ) ;
#2620 = CARTESIAN_POINT ( 'NONE',  ( 14.53960586680380018, 22.62074139010717744, 5.000000000000000000 ) ) ;
#2621 = AXIS2_PLACEMENT_3D ( 'NONE', #1674, #3078, #668 ) ;
#2622 = AXIS2_PLACEMENT_3D ( 'NONE', #4227, #803, #1846 ) ;
#2623 = CARTESIAN_POINT ( 'NONE',  ( 21.75464134025601126, -9.176615478020329064, 8.500000000000000000 ) ) ;
#2624 = AXIS2_PLACEMENT_3D ( 'NONE', #2141, #2859, #3220 ) ;
#2625 = EDGE_LOOP ( 'NONE', ( #635, #2500, #140, #2064 ) ) ;
#2626 = AXIS2_PLACEMENT_3D ( 'NONE', #4156, #2059, #1725 ) ;
#2627 = EDGE_LOOP ( 'NONE', ( #1920, #3520, #2649, #2375 ) ) ;
#2628 = FACE_OUTER_BOUND ( 'NONE', #1430, .T. ) ;
#2629 = CARTESIAN_POINT ( 'NONE',  ( 42.21093809183552992, -4.879256261333784650, 7.478679656440325729 ) ) ;
#2630 = VECTOR ( 'NONE', #3969, 1000.000000000000000 ) ;
#2631 = EDGE_CURVE ( 'NONE', #1887, #3733, #1666, .T. ) ;
#2632 = ORIENTED_EDGE ( 'NONE', *, *, #2357, .T. ) ;
#2633 = LINE ( 'NONE', #4059, #258 ) ;
#2634 = CARTESIAN_POINT ( 'NONE',  ( 49.69517519175998643, 5.668502244280198887, 0.000000000000000000 ) ) ;
#2635 = CARTESIAN_POINT ( 'NONE',  ( 49.18965005012559999, 17.84574322311471306, 7.000000000000000000 ) ) ;
#2636 = ORIENTED_EDGE ( 'NONE', *, *, #2456, .F. ) ;
#2637 = EDGE_CURVE ( 'NONE', #94, #1736, #3577, .T. ) ;
#2638 = EDGE_CURVE ( 'NONE', #4186, #715, #945, .T. ) ;
#2639 = DIRECTION ( 'NONE',  ( 0.000000000000000000, 0.000000000000000000, -1.000000000000000000 ) ) ;
#2640 = DIRECTION ( 'NONE',  ( -1.000000000000000000, 0.000000000000000000, 0.000000000000000000 ) ) ;
#2641 = DIRECTION ( 'NONE',  ( 1.000000000000000000, 0.000000000000000000, 0.000000000000000000 ) ) ;
#2642 = VERTEX_POINT ( 'NONE', #2411 ) ;
#2643 = ADVANCED_FACE ( 'NONE', ( #3787 ), #2755, .F. ) ;
#2644 = EDGE_CURVE ( 'NONE', #2789, #2433, #3143, .T. ) ;
#2645 = CARTESIAN_POINT ( 'NONE',  ( 49.18964977584082021, 19.44574367135973603, 10.00000000000000000 ) ) ;
#2646 = DIRECTION ( 'NONE',  ( -0.000000000000000000, -0.000000000000000000, 1.000000000000000000 ) ) ;
#2647 = MECHANICAL_CONTEXT ( 'NONE', #419, 'mechanical' ) ;
#2648 = CARTESIAN_POINT ( 'NONE',  ( 14.43063497486373237, -3.179256261333784472, 7.000000000000000000 ) ) ;
#2649 = ORIENTED_EDGE ( 'NONE', *, *, #2740, .F. ) ;
#2650 = DIRECTION ( 'NONE',  ( 0.000000000000000000, 0.000000000000000000, -1.000000000000000000 ) ) ;
#2651 = DIRECTION ( 'NONE',  ( 0.000000000000000000, 0.000000000000000000, -1.000000000000000000 ) ) ;
#2652 = ORIENTED_EDGE ( 'NONE', *, *, #2690, .F. ) ;
#2653 = LINE ( 'NONE', #2634, #824 ) ;
#2654 = DIRECTION ( 'NONE',  ( -1.000000000000000000, 0.000000000000000000, 0.000000000000000000 ) ) ;
#2655 = VERTEX_POINT ( 'NONE', #248 ) ;
#2656 = CARTESIAN_POINT ( 'NONE',  ( 21.64227511926934255, 24.02236587113916499, 8.499998916436091179 ) ) ;
#2657 = FACE_OUTER_BOUND ( 'NONE', #2438, .T. ) ;
#2658 = LINE ( 'NONE', #1941, #78 ) ;
#2659 = EDGE_CURVE ( 'NONE', #3182, #3963, #2915, .T. ) ;
#2660 = VERTEX_POINT ( 'NONE', #4548 ) ;
#2661 = CARTESIAN_POINT ( 'NONE',  ( 24.01087306556586398, -2.746355060883950649, 8.500000000000000000 ) ) ;
#2662 = DIRECTION ( 'NONE',  ( 0.000000000000000000, 1.000000000000000000, 0.000000000000000000 ) ) ;
#2663 = FACE_OUTER_BOUND ( 'NONE', #1106, .T. ) ;
#2664 = EDGE_CURVE ( 'NONE', #3032, #2993, #3854, .T. ) ;
#2665 = ORIENTED_EDGE ( 'NONE', *, *, #3699, .T. ) ;
#2666 = CARTESIAN_POINT ( 'NONE',  ( 43.13965196923869172, -4.779256261333798328, 8.500000000000000000 ) ) ;
#2667 = ORIENTED_EDGE ( 'NONE', *, *, #219, .T. ) ;
#2668 = CARTESIAN_POINT ( 'NONE',  ( 49.23965032567460298, 0.8331418690884946354, 0.000000000000000000 ) ) ;
#2669 = VECTOR ( 'NONE', #2477, 1000.000000000000000 ) ;
#2670 = ORIENTED_EDGE ( 'NONE', *, *, #3491, .F. ) ;
#2671 = ORIENTED_EDGE ( 'NONE', *, *, #859, .T. ) ;
#2672 = CARTESIAN_POINT ( 'NONE',  ( 21.63965196924047163, 25.38610356791024358, 9.856230191448988265 ) ) ;
#2673 = CARTESIAN_POINT ( 'NONE',  ( 53.03965196923842740, 7.680766501798536015E-13, 10.00000000000000000 ) ) ;
#2674 = ORIENTED_EDGE ( 'NONE', *, *, #3103, .F. ) ;
#2675 = AXIS2_PLACEMENT_3D ( 'NONE', #4157, #4136, #963 ) ;
#2676 = DIRECTION ( 'NONE',  ( 1.000000000000000000, 0.000000000000000000, 0.000000000000000000 ) ) ;
#2677 = AXIS2_PLACEMENT_3D ( 'NONE', #1856, #161, #1166 ) ;
#2678 = DIRECTION ( 'NONE',  ( 1.000000000000000000, 0.000000000000000000, 0.000000000000000000 ) ) ;
#2679 = PLANE ( 'NONE',  #449 ) ;
#2680 = VERTEX_POINT ( 'NONE', #4139 ) ;
#2681 = AXIS2_PLACEMENT_3D ( 'NONE', #3578, #351, #4565 ) ;
#2682 = EDGE_CURVE ( 'NONE', #1395, #3751, #2366, .T. ) ;
#2683 = DIRECTION ( 'NONE',  ( -0.000000000000000000, -0.000000000000000000, 1.000000000000000000 ) ) ;
#2684 = CARTESIAN_POINT ( 'NONE',  ( 42.21093726778487110, 25.62074139010719520, 8.539339828220143147 ) ) ;
#2685 = VECTOR ( 'NONE', #2036, 1000.000000000000000 ) ;
#2686 = FACE_OUTER_BOUND ( 'NONE', #2627, .T. ) ;
#2687 = ORIENTED_EDGE ( 'NONE', *, *, #2102, .F. ) ;
#2688 = VECTOR ( 'NONE', #2925, 1000.000000000000000 ) ;
#2689 = EDGE_CURVE ( 'NONE', #94, #1909, #624, .T. ) ;
#2690 = EDGE_CURVE ( 'NONE', #4488, #3090, #3159, .T. ) ;
#2691 = DIRECTION ( 'NONE',  ( -0.8944271909999158554, -0.4472135954999579277, 0.000000000000000000 ) ) ;
#2692 = ORIENTED_EDGE ( 'NONE', *, *, #4193, .T. ) ;
#2693 = AXIS2_PLACEMENT_3D ( 'NONE', #1985, #3667, #544 ) ;
#2694 = FACE_OUTER_BOUND ( 'NONE', #355, .T. ) ;
#2695 = AXIS2_PLACEMENT_3D ( 'NONE', #3207, #3924, #2912 ) ;
#2696 = EDGE_CURVE ( 'NONE', #741, #3164, #2107, .T. ) ;
#2697 = VECTOR ( 'NONE', #275, 1000.000000000000000 ) ;
#2698 = VECTOR ( 'NONE', #2678, 1000.000000000000000 ) ;
#2699 = ORIENTED_EDGE ( 'NONE', *, *, #568, .F. ) ;
#2700 = ORIENTED_EDGE ( 'NONE', *, *, #4050, .F. ) ;
#2701 = DIRECTION ( 'NONE',  ( -1.885580459284672472E-06, 0.9999999999982223109, 0.000000000000000000 ) ) ;
#2702 = CARTESIAN_POINT ( 'NONE',  ( 8.184237772491776752, -17.12925626134109081, 18.67341874465900631 ) ) ;
#2703 = ORIENTED_EDGE ( 'NONE', *, *, #4048, .F. ) ;
#2704 = CIRCLE ( 'NONE', #3357, 4.000000000000005329 ) ;
#2705 = AXIS2_PLACEMENT_3D ( 'NONE', #3397, #1382, #1750 ) ;
#2706 = LINE ( 'NONE', #4429, #2685 ) ;
#2707 = DIRECTION ( 'NONE',  ( -1.000000000000000000, -7.786212173705108455E-16, 4.930380657631323784E-32 ) ) ;
#2708 = CARTESIAN_POINT ( 'NONE',  ( -3.860358513151964210, -12.12925626134106416, 10.00000000000000000 ) ) ;
#2709 = DIRECTION ( 'NONE',  ( -1.000000000000000000, 0.000000000000000000, 0.000000000000000000 ) ) ;
#2710 = CARTESIAN_POINT ( 'NONE',  ( 12.63963427495158598, 22.72525223585379095, 10.00000000000000000 ) ) ;
#2711 = ORIENTED_EDGE ( 'NONE', *, *, #1925, .T. ) ;
#2712 = CARTESIAN_POINT ( 'NONE',  ( 42.49537715405227090, 31.62074373866633792, 8.353985497967505225 ) ) ;
#2713 = COORDINATED_UNIVERSAL_TIME_OFFSET ( 3, 0, .BEHIND. ) ;
#2714 = CC_DESIGN_PERSON_AND_ORGANIZATION_ASSIGNMENT ( #3768, #4141, ( #630 ) ) ;
#2715 = EDGE_LOOP ( 'NONE', ( #721, #4055, #2495, #609, #1386, #2116 ) ) ;
#2716 = B_SPLINE_CURVE_WITH_KNOTS ( 'NONE', 3,
 ( #2476, #1824, #3883, #713 ),
 .UNSPECIFIED., .F., .F.,
 ( 4, 4 ),
 ( 0.000000000000000000, 0.001772535030756058503 ),
 .UNSPECIFIED. ) ;
#2717 = CARTESIAN_POINT ( 'NONE',  ( 40.80504146004748378, 23.12411216910817302, 7.478679656440323953 ) ) ;
#2718 = ORIENTED_EDGE ( 'NONE', *, *, #1675, .F. ) ;
#2719 = LINE ( 'NONE', #1393, #1435 ) ;
#2720 = EDGE_CURVE ( 'NONE', #3358, #1502, #4172, .T. ) ;
#2721 = ORIENTED_EDGE ( 'NONE', *, *, #876, .F. ) ;
#2722 = VERTEX_POINT ( 'NONE', #1341 ) ;
#2723 = DIRECTION ( 'NONE',  ( -1.000000000000000000, 0.000000000000000000, 0.000000000000000000 ) ) ;
#2724 = CYLINDRICAL_SURFACE ( 'NONE', #245, 1.500000000000001332 ) ;
#2725 = ADVANCED_FACE ( 'NONE', ( #597 ), #4162, .F. ) ;
#2726 = ADVANCED_FACE ( 'NONE', ( #3464, #3903 ), #1126, .T. ) ;
#2727 = ORIENTED_EDGE ( 'NONE', *, *, #903, .F. ) ;
#2728 = CARTESIAN_POINT ( 'NONE',  ( 49.23965032567458877, 22.62074139010718454, 7.000000000000000000 ) ) ;
#2729 = DIRECTION ( 'NONE',  ( 0.000000000000000000, -0.000000000000000000, 1.000000000000000000 ) ) ;
#2730 = CARTESIAN_POINT ( 'NONE',  ( 42.21093809183552992, -4.879256261333784650, 10.00000000000000000 ) ) ;
#2731 = ORIENTED_EDGE ( 'NONE', *, *, #1078, .T. ) ;
#2732 = DIRECTION ( 'NONE',  ( 0.000000000000000000, -1.000000000000000000, 0.000000000000000000 ) ) ;
#2733 = CARTESIAN_POINT ( 'NONE',  ( 41.71093809183552992, -4.879256261333784650, 7.478679656440325729 ) ) ;
#2734 = EDGE_LOOP ( 'NONE', ( #187, #4166 ) ) ;
#2735 = PERSON_AND_ORGANIZATION ( #1201, #2338 ) ;
#2736 = ORIENTED_EDGE ( 'NONE', *, *, #903, .T. ) ;
#2737 = FACE_OUTER_BOUND ( 'NONE', #1471, .T. ) ;
#2738 = ORIENTED_EDGE ( 'NONE', *, *, #4020, .T. ) ;
#2739 = CARTESIAN_POINT ( 'NONE',  ( 51.13965032567458735, 17.79574378152178582, 10.00000000000000000 ) ) ;
#2740 = EDGE_CURVE ( 'NONE', #951, #2789, #61, .T. ) ;
#2741 = VERTEX_POINT ( 'NONE', #1475 ) ;
#2742 = VERTEX_POINT ( 'NONE', #3180 ) ;
#2743 = DIRECTION ( 'NONE',  ( 0.000000000000000000, 1.000000000000000000, 0.000000000000000000 ) ) ;
#2744 = CARTESIAN_POINT ( 'NONE',  ( 21.56834488186064291, -4.879256261333784650, 8.539339828220146700 ) ) ;
#2745 = VERTEX_POINT ( 'NONE', #352 ) ;
#2746 = EDGE_CURVE ( 'NONE', #4179, #2642, #1432, .T. ) ;
#2747 = EDGE_CURVE ( 'NONE', #3119, #4488, #1730, .T. ) ;
#2748 = DIRECTION ( 'NONE',  ( 1.000000000000000000, 0.000000000000000000, 0.000000000000000000 ) ) ;
#2749 =( BOUNDED_CURVE ( )  B_SPLINE_CURVE ( 3, ( #1230, #4022, #523, #4365 ),
 .UNSPECIFIED., .F., .F. ) 
 B_SPLINE_CURVE_WITH_KNOTS ( ( 4, 4 ),
 ( 3.982968254471040748, 4.145288780392437644 ),
 .UNSPECIFIED. ) 
 CURVE ( )  GEOMETRIC_REPRESENTATION_ITEM ( )  RATIONAL_B_SPLINE_CURVE ( ( 1.000000000000000000, 0.9978055422078595527, 0.9978055422078595527, 1.000000000000000000 ) ) 
 REPRESENTATION_ITEM ( '' )  );
#2750 = CARTESIAN_POINT ( 'NONE',  ( 12.33964078082063587, 0.5364406324050792207, 7.000000000000000000 ) ) ;
#2751 = DIRECTION ( 'NONE',  ( -0.8944271909999158554, -0.4472135954999579277, 0.000000000000000000 ) ) ;
#2752 = VECTOR ( 'NONE', #1522, 999.9999999999998863 ) ;
#2753 = VECTOR ( 'NONE', #2701, 1000.000000000000000 ) ;
#2754 = CARTESIAN_POINT ( 'NONE',  ( 49.18964976726820026, 19.49574344723725616, 7.000000000000000000 ) ) ;
#2755 = PLANE ( 'NONE',  #396 ) ;
#2756 = EDGE_LOOP ( 'NONE', ( #1111, #10, #4460, #972, #4338, #1826, #2166, #4128 ) ) ;
#2757 = DATE_TIME_ROLE ( 'creation_date' ) ;
#2758 = AXIS2_PLACEMENT_3D ( 'NONE', #2815, #3229, #2911 ) ;
#2759 = ORIENTED_EDGE ( 'NONE', *, *, #116, .T. ) ;
#2760 = CIRCLE ( 'NONE', #3789, 0.04999977587748227759 ) ;
#2761 = DIRECTION ( 'NONE',  ( 0.000000000000000000, 1.000000000000000000, 0.000000000000000000 ) ) ;
#2762 = ORIENTED_EDGE ( 'NONE', *, *, #881, .F. ) ;
#2763 = CARTESIAN_POINT ( 'NONE',  ( 35.07958759053650510, -3.484083463375951872, 8.500000000000000000 ) ) ;
#2764 = CIRCLE ( 'NONE', #314, 2.000000000000001776 ) ;
#2765 = VECTOR ( 'NONE', #3037, 1000.000000000000000 ) ;
#2766 = ORIENTED_EDGE ( 'NONE', *, *, #910, .F. ) ;
#2767 = ORIENTED_EDGE ( 'NONE', *, *, #1465, .F. ) ;
#2768 = CARTESIAN_POINT ( 'NONE',  ( 29.68964283472129395, 22.37074213718249993, 8.500000000000000000 ) ) ;
#2769 = FACE_OUTER_BOUND ( 'NONE', #954, .T. ) ;
#2770 = ORIENTED_EDGE ( 'NONE', *, *, #4358, .F. ) ;
#2771 = VECTOR ( 'NONE', #3566, 1000.000000000000000 ) ;
#2772 = VECTOR ( 'NONE', #1434, 1000.000000000000000 ) ;
#2773 = PLANE ( 'NONE',  #2462 ) ;
#2774 = CARTESIAN_POINT ( 'NONE',  ( 12.63963427495158598, 22.72525223585379095, 10.00000000000000000 ) ) ;
#2775 = LINE ( 'NONE', #4201, #2011 ) ;
#2776 = VECTOR ( 'NONE', #3460, 1000.000000000000000 ) ;
#2777 = EDGE_CURVE ( 'NONE', #1653, #780, #101, .T. ) ;
#2778 = LINE ( 'NONE', #4184, #1791 ) ;
#2779 = CARTESIAN_POINT ( 'NONE',  ( -0.6103585131519497775, -12.12925626134106416, 10.00000000000000000 ) ) ;
#2780 = ORIENTED_EDGE ( 'NONE', *, *, #3987, .T. ) ;
#2781 = COORDINATED_UNIVERSAL_TIME_OFFSET ( 3, 0, .BEHIND. ) ;
#2782 = ADVANCED_FACE ( 'NONE', ( #1798 ), #3601, .F. ) ;
#2783 = ORIENTED_EDGE ( 'NONE', *, *, #1195, .T. ) ;
#2784 = EDGE_CURVE ( 'NONE', #4255, #2597, #408, .T. ) ;
#2785 = CARTESIAN_POINT ( 'NONE',  ( 51.13965032567459446, 2.225903408490706349E-13, 10.00000000000000000 ) ) ;
#2786 = VERTEX_POINT ( 'NONE', #83 ) ;
#2787 = LINE ( 'NONE', #2090, #3204 ) ;
#2788 = VERTEX_POINT ( 'NONE', #4323 ) ;
#2789 = VERTEX_POINT ( 'NONE', #8 ) ;
#2790 = DIRECTION ( 'NONE',  ( 0.000000000000000000, -1.000000000000000000, 0.000000000000000000 ) ) ;
#2791 = CARTESIAN_POINT ( 'NONE',  ( 49.88965107274953681, -1.629257179833860647, 10.00000000000000000 ) ) ;
#2792 = VERTEX_POINT ( 'NONE', #2150 ) ;
#2793 = DIRECTION ( 'NONE',  ( 0.000000000000000000, 0.000000000000000000, -1.000000000000000000 ) ) ;
#2794 = DIRECTION ( 'NONE',  ( -0.4472135954999579832, 0.8944271909999159664, 0.000000000000000000 ) ) ;
#2795 = CARTESIAN_POINT ( 'NONE',  ( 50.37548872293180580, 12.46774955728972500, 0.000000000000000000 ) ) ;
#2796 = CARTESIAN_POINT ( 'NONE',  ( 21.63965196924048229, 23.62074139010718454, 7.000000000000000000 ) ) ;
#2797 = EDGE_CURVE ( 'NONE', #3170, #1414, #1154, .T. ) ;
#2798 = DIRECTION ( 'NONE',  ( -0.000000000000000000, -0.000000000000000000, -1.000000000000000000 ) ) ;
#2799 = VERTEX_POINT ( 'NONE', #3580 ) ;
#2800 = ORIENTED_EDGE ( 'NONE', *, *, #1859, .F. ) ;
#2801 = EDGE_CURVE ( 'NONE', #3035, #2876, #3622, .T. ) ;
#2802 = CARTESIAN_POINT ( 'NONE',  ( 21.56834488186064291, -4.879256261333784650, 8.500000000000000000 ) ) ;
#2803 = EDGE_CURVE ( 'NONE', #2904, #1467, #39, .T. ) ;
#2804 = ORIENTED_EDGE ( 'NONE', *, *, #2945, .T. ) ;
#2805 = DIRECTION ( 'NONE',  ( -0.000000000000000000, -0.7071067811865439090, 0.7071067811865512365 ) ) ;
#2806 = ORIENTED_EDGE ( 'NONE', *, *, #1355, .F. ) ;
#2807 = ORIENTED_EDGE ( 'NONE', *, *, #594, .T. ) ;
#2808 = DIRECTION ( 'NONE',  ( 0.000000000000000000, 0.000000000000000000, -1.000000000000000000 ) ) ;
#2809 = PLANE ( 'NONE',  #1360 ) ;
#2810 = ORIENTED_EDGE ( 'NONE', *, *, #1553, .F. ) ;
#2811 = DIRECTION ( 'NONE',  ( 1.000000000000000000, 0.000000000000000000, 0.000000000000000000 ) ) ;
#2812 = DIRECTION ( 'NONE',  ( 0.000000000000000000, 0.000000000000000000, -1.000000000000000000 ) ) ;
#2813 = DIRECTION ( 'NONE',  ( 8.310727351651628351E-16, -1.000000000000000000, 0.000000000000000000 ) ) ;
#2814 = VERTEX_POINT ( 'NONE', #3551 ) ;
#2815 = CARTESIAN_POINT ( 'NONE',  ( 42.21093726778487110, 25.62074139010719520, 10.00000000000000000 ) ) ;
#2816 = VECTOR ( 'NONE', #40, 1000.000000000000000 ) ;
#2817 = CARTESIAN_POINT ( 'NONE',  ( -0.6103585131518942664, 32.87074373865893051, 6.000000000000000000 ) ) ;
#2818 = VERTEX_POINT ( 'NONE', #1871 ) ;
#2819 = ORIENTED_EDGE ( 'NONE', *, *, #2296, .F. ) ;
#2820 = EDGE_CURVE ( 'NONE', #293, #1801, #2889, .T. ) ;
#2821 = FACE_BOUND ( 'NONE', #4513, .T. ) ;
#2822 = DIRECTION ( 'NONE',  ( 0.9999999999999853451, 1.714279113566933955E-07, 0.000000000000000000 ) ) ;
#2823 = AXIS2_PLACEMENT_3D ( 'NONE', #1396, #2808, #4215 ) ;
#2824 = DIRECTION ( 'NONE',  ( -7.786212173705108455E-16, 1.000000000000000000, 0.000000000000000000 ) ) ;
#2825 = EDGE_CURVE ( 'NONE', #2680, #1015, #3206, .T. ) ;
#2826 = EDGE_CURVE ( 'NONE', #4578, #4560, #2716, .T. ) ;
#2827 = VECTOR ( 'NONE', #3674, 1000.000000000000000 ) ;
#2828 = ORIENTED_EDGE ( 'NONE', *, *, #3453, .T. ) ;
#2829 = ORIENTED_EDGE ( 'NONE', *, *, #2272, .F. ) ;
#2830 = CARTESIAN_POINT ( 'NONE',  ( 1.734424490439251398, 3.468848980878486365, 10.00000000000000000 ) ) ;
#2831 = CARTESIAN_POINT ( 'NONE',  ( 51.13965032567460156, 5.570747475363331702, 7.000000000000000000 ) ) ;
#2832 = VECTOR ( 'NONE', #2844, 1000.000000000000000 ) ;
#2833 = VERTEX_POINT ( 'NONE', #1083 ) ;
#2834 = EDGE_CURVE ( 'NONE', #102, #4575, #1000, .T. ) ;
#2835 = EDGE_CURVE ( 'NONE', #2127, #3945, #4297, .T. ) ;
#2836 = VECTOR ( 'NONE', #2934, 1000.000000000000000 ) ;
#2837 = AXIS2_PLACEMENT_3D ( 'NONE', #2802, #2049, #1018 ) ;
#2838 = CARTESIAN_POINT ( 'NONE',  ( -3.110358513151917137, -13.12925626134109436, 0.000000000000000000 ) ) ;
#2839 = DIRECTION ( 'NONE',  ( 0.000000000000000000, 0.000000000000000000, -1.000000000000000000 ) ) ;
#2840 = PLANE ( 'NONE',  #2250 ) ;
#2841 = ORIENTED_EDGE ( 'NONE', *, *, #2862, .F. ) ;
#2842 = AXIS2_PLACEMENT_3D ( 'NONE', #3640, #1821, #3898 ) ;
#2843 = VECTOR ( 'NONE', #3887, 1000.000000000000000 ) ;
#2844 = DIRECTION ( 'NONE',  ( 0.9999999999999853451, 1.714279131736711558E-07, 0.000000000000000000 ) ) ;
#2845 = CONICAL_SURFACE ( 'NONE', #2991, 0.09999999999998204769, 0.7853981633974432830 ) ;
#2846 = CIRCLE ( 'NONE', #3951, 1.799999999999999600 ) ;
#2847 = CARTESIAN_POINT ( 'NONE',  ( 48.24696216030569218, 5.668502244280197111, 0.000000000000000000 ) ) ;
#2848 = CARTESIAN_POINT ( 'NONE',  ( 15.28355023125567769, -3.305713889529760863, 8.526457628195947436 ) ) ;
#2849 = VERTEX_POINT ( 'NONE', #4275 ) ;
#2850 = VECTOR ( 'NONE', #2952, 1000.000000000000000 ) ;
#2851 = LINE ( 'NONE', #3625, #6 ) ;
#2852 = CARTESIAN_POINT ( 'NONE',  ( 14.43063497486373237, -2.879256261333784650, 7.000000000000000000 ) ) ;
#2853 = DIRECTION ( 'NONE',  ( 0.000000000000000000, 0.000000000000000000, 1.000000000000000000 ) ) ;
#2854 = DIRECTION ( 'NONE',  ( -0.000000000000000000, 1.000000000000000000, -0.000000000000000000 ) ) ;
#2855 = ORIENTED_EDGE ( 'NONE', *, *, #172, .T. ) ;
#2856 = ADVANCED_FACE ( 'NONE', ( #2175 ), #1104, .F. ) ;
#2857 = ORIENTED_EDGE ( 'NONE', *, *, #3693, .F. ) ;
#2858 = DIRECTION ( 'NONE',  ( 0.6672259460937052244, -0.2341143670503031959, -0.7071067811865445751 ) ) ;
#2859 = DIRECTION ( 'NONE',  ( 0.000000000000000000, 0.000000000000000000, -1.000000000000000000 ) ) ;
#2860 = EDGE_LOOP ( 'NONE', ( #2031, #4244, #4533, #3999 ) ) ;
#2861 = ORIENTED_EDGE ( 'NONE', *, *, #3365, .T. ) ;
#2862 = EDGE_CURVE ( 'NONE', #4261, #2433, #1246, .T. ) ;
#2863 = FACE_OUTER_BOUND ( 'NONE', #1239, .T. ) ;
#2864 = EDGE_CURVE ( 'NONE', #3712, #3193, #825, .T. ) ;
#2865 = LINE ( 'NONE', #3244, #4441 ) ;
#2866 = CARTESIAN_POINT ( 'NONE',  ( 49.23965032567460298, -1.879256261333784650, 0.000000000000000000 ) ) ;
#2867 = ORIENTED_EDGE ( 'NONE', *, *, #3023, .T. ) ;
#2868 = LINE ( 'NONE', #3952, #3711 ) ;
#2869 = DIRECTION ( 'NONE',  ( -0.000000000000000000, -0.000000000000000000, 1.000000000000000000 ) ) ;
#2870 = CARTESIAN_POINT ( 'NONE',  ( 20.82275261511966846, -7.306228987757536153, 10.00000000000000000 ) ) ;
#2871 = EDGE_LOOP ( 'NONE', ( #3117, #3437, #2711, #2389 ) ) ;
#2872 = DIRECTION ( 'NONE',  ( 1.000000000000000000, -6.249004188959885527E-18, -0.000000000000000000 ) ) ;
#2873 = DIRECTION ( 'NONE',  ( 0.000000000000000000, 0.000000000000000000, 1.000000000000000000 ) ) ;
#2874 = DIRECTION ( 'NONE',  ( -0.000000000000000000, -0.000000000000000000, -1.000000000000000000 ) ) ;
#2875 = CARTESIAN_POINT ( 'NONE',  ( 49.18965005012559999, 17.84574322311471306, 10.00000000000000000 ) ) ;
#2876 = VERTEX_POINT ( 'NONE', #3344 ) ;
#2877 = ORIENTED_EDGE ( 'NONE', *, *, #2129, .T. ) ;
#2878 = DIRECTION ( 'NONE',  ( -1.000000000000000000, 0.000000000000000000, 0.000000000000000000 ) ) ;
#2879 = CARTESIAN_POINT ( 'NONE',  ( 51.88964148684807753, 31.62074373866633792, 8.353985497967503449 ) ) ;
#2880 = ORIENTED_EDGE ( 'NONE', *, *, #3934, .T. ) ;
#2881 = ORIENTED_EDGE ( 'NONE', *, *, #1256, .T. ) ;
#2882 = DIRECTION ( 'NONE',  ( 1.000000000000000000, -6.249004188959885527E-18, -0.000000000000000000 ) ) ;
#2883 = CYLINDRICAL_SURFACE ( 'NONE', #1117, 1.500000000000001332 ) ;
#2884 = FACE_OUTER_BOUND ( 'NONE', #955, .T. ) ;
#2885 = ORIENTED_EDGE ( 'NONE', *, *, #164, .T. ) ;
#2886 = EDGE_CURVE ( 'NONE', #1460, #4560, #2749, .T. ) ;
#2887 = EDGE_CURVE ( 'NONE', #4396, #2356, #3655, .T. ) ;
#2888 = CARTESIAN_POINT ( 'NONE',  ( 49.18964976726820026, 19.49574344723725261, 7.000000000000000000 ) ) ;
#2889 = LINE ( 'NONE', #1404, #31 ) ;
#2890 = LINE ( 'NONE', #3955, #2816 ) ;
#2891 = EDGE_LOOP ( 'NONE', ( #3513, #4144, #2304, #1866 ) ) ;
#2892 = ADVANCED_FACE ( 'NONE', ( #1897 ), #3690, .T. ) ;
#2893 = CARTESIAN_POINT ( 'NONE',  ( 49.23965032567460298, -1.879256261333784650, 7.000000000000000000 ) ) ;
#2894 = CARTESIAN_POINT ( 'NONE',  ( 49.88965271631338538, 25.12074139010720586, 7.478679656440331058 ) ) ;
#2895 = DIRECTION ( 'NONE',  ( -0.000000000000000000, -0.000000000000000000, 1.000000000000000000 ) ) ;
#2896 = CIRCLE ( 'NONE', #1346, 1.799999999999999600 ) ;
#2897 = CARTESIAN_POINT ( 'NONE',  ( 2.639641486848050889, -12.12925626134106416, 6.000000000000000000 ) ) ;
#2898 = ORIENTED_EDGE ( 'NONE', *, *, #3453, .F. ) ;
#2899 = ORIENTED_EDGE ( 'NONE', *, *, #2922, .F. ) ;
#2900 = CARTESIAN_POINT ( 'NONE',  ( 12.33964078082063587, 5.376919480069707546, 7.000000000000000000 ) ) ;
#2901 = LINE ( 'NONE', #2560, #4393 ) ;
#2902 = EDGE_LOOP ( 'NONE', ( #2325, #3290, #3382, #3928 ) ) ;
#2903 = VECTOR ( 'NONE', #268, 1000.000000000000000 ) ;
#2904 = VERTEX_POINT ( 'NONE', #482 ) ;
#2905 = VECTOR ( 'NONE', #3087, 1000.000000000000000 ) ;
#2906 = LINE ( 'NONE', #4317, #4103 ) ;
#2907 = CARTESIAN_POINT ( 'NONE',  ( 49.23965032567459588, 14.27141935088972780, 7.000000000000000000 ) ) ;
#2908 = FACE_OUTER_BOUND ( 'NONE', #194, .T. ) ;
#2909 = ORIENTED_EDGE ( 'NONE', *, *, #1250, .T. ) ;
#2910 = VECTOR ( 'NONE', #4421, 1000.000000000000000 ) ;
#2911 = DIRECTION ( 'NONE',  ( -1.000000000000000000, 0.000000000000000000, 0.000000000000000000 ) ) ;
#2912 = DIRECTION ( 'NONE',  ( 0.9435999821329339454, 0.3310877130289295311, 0.000000000000000000 ) ) ;
#2913 = VECTOR ( 'NONE', #281, 1000.000000000000000 ) ;
#2914 = CARTESIAN_POINT ( 'NONE',  ( -3.110358513151920690, 37.87074373865891630, 0.000000000000000000 ) ) ;
#2915 = CIRCLE ( 'NONE', #1361, 1.500000000000001332 ) ;
#2916 = ORIENTED_EDGE ( 'NONE', *, *, #1445, .F. ) ;
#2917 = VECTOR ( 'NONE', #2805, 999.9999999999998863 ) ;
#2918 = VECTOR ( 'NONE', #2312, 1000.000000000000000 ) ;
#2919 = LINE ( 'NONE', #4278, #1869 ) ;
#2920 = DIRECTION ( 'NONE',  ( 1.000000000000000000, 0.000000000000000000, 0.000000000000000000 ) ) ;
#2921 = ADVANCED_FACE ( 'NONE', ( #2657 ), #1569, .F. ) ;
#2922 = EDGE_CURVE ( 'NONE', #4424, #2198, #1593, .T. ) ;
#2923 = AXIS2_PLACEMENT_3D ( 'NONE', #1160, #2320, #3352 ) ;
#2924 = DIRECTION ( 'NONE',  ( 0.000000000000000000, 0.000000000000000000, 1.000000000000000000 ) ) ;
#2925 = DIRECTION ( 'NONE',  ( -5.664403729850249372E-16, 1.000000000000000000, -0.000000000000000000 ) ) ;
#2926 = ORIENTED_EDGE ( 'NONE', *, *, #3760, .F. ) ;
#2927 = EDGE_LOOP ( 'NONE', ( #3664, #3739, #3718, #1833 ) ) ;
#2928 = CARTESIAN_POINT ( 'NONE',  ( 14.43063497486373237, -3.179256261333784472, 7.000000000000000000 ) ) ;
#2929 = CARTESIAN_POINT ( 'NONE',  ( 13.56122676773205882, 13.44605680722920482, 7.000000000000000000 ) ) ;
#2930 = ORIENTED_EDGE ( 'NONE', *, *, #1187, .T. ) ;
#2931 = EDGE_LOOP ( 'NONE', ( #1717, #2736, #1580, #2810, #4081, #2998, #1075, #72 ) ) ;
#2932 = DIRECTION ( 'NONE',  ( 0.000000000000000000, 1.000000000000000000, 0.000000000000000000 ) ) ;
#2933 = CARTESIAN_POINT ( 'NONE',  ( 35.07958759053650510, -3.484083463375951872, 1.591397869695244216 ) ) ;
#2934 = DIRECTION ( 'NONE',  ( 0.000000000000000000, 1.000000000000000000, 0.000000000000000000 ) ) ;
#2935 = ORIENTED_EDGE ( 'NONE', *, *, #1503, .T. ) ;
#2936 = CARTESIAN_POINT ( 'NONE',  ( 49.18965005869695517, 17.79574344723723556, 10.00000000000000000 ) ) ;
#2937 = CARTESIAN_POINT ( 'NONE',  ( 12.63963427495158598, 22.72525223585379095, 7.000000000000000000 ) ) ;
#2938 = CARTESIAN_POINT ( 'NONE',  ( -6.562174039351199362, 13.12434807870239872, 10.00000000000000000 ) ) ;
#2939 = ORIENTED_EDGE ( 'NONE', *, *, #3387, .F. ) ;
#2940 = EDGE_CURVE ( 'NONE', #934, #3106, #3273, .T. ) ;
#2941 = CYLINDRICAL_SURFACE ( 'NONE', #236, 1.500000000000000222 ) ;
#2942 = CARTESIAN_POINT ( 'NONE',  ( 14.43063497486373237, -3.179256261333784472, 8.500000000000000000 ) ) ;
#2943 = LINE ( 'NONE', #4400, #181 ) ;
#2944 = ADVANCED_FACE ( 'NONE', ( #1199 ), #502, .F. ) ;
#2945 = EDGE_CURVE ( 'NONE', #1903, #4077, #3715, .T. ) ;
#2946 = DIRECTION ( 'NONE',  ( -1.000000000000000000, 0.000000000000000000, 0.000000000000000000 ) ) ;
#2947 = ORIENTED_EDGE ( 'NONE', *, *, #2864, .F. ) ;
#2948 = ORIENTED_EDGE ( 'NONE', *, *, #1535, .F. ) ;
#2949 = CARTESIAN_POINT ( 'NONE',  ( 14.53960633832318550, 22.37067548182580623, 0.000000000000000000 ) ) ;
#2950 = CARTESIAN_POINT ( 'NONE',  ( 64.38964148684804911, -12.12925626134114765, 0.000000000000000000 ) ) ;
#2951 = ORIENTED_EDGE ( 'NONE', *, *, #3509, .F. ) ;
#2952 = DIRECTION ( 'NONE',  ( 0.000000000000000000, 0.000000000000000000, -1.000000000000000000 ) ) ;
#2953 = DIRECTION ( 'NONE',  ( 1.000000000000000000, 0.000000000000000000, 0.000000000000000000 ) ) ;
#2954 = CARTESIAN_POINT ( 'NONE',  ( 21.40933411072195725, -10.30730427602475707, 8.452810441127519780 ) ) ;
#2955 = ORIENTED_EDGE ( 'NONE', *, *, #2100, .T. ) ;
#2956 = CARTESIAN_POINT ( 'NONE',  ( 47.03964868210911732, -1.129254617768226998, 7.000000000000000000 ) ) ;
#2957 = DIRECTION ( 'NONE',  ( 0.000000000000000000, -1.000000000000000000, 0.000000000000000000 ) ) ;
#2958 = CARTESIAN_POINT ( 'NONE',  ( 43.04652647392541809, -11.97441945147328823, 8.539339828220148476 ) ) ;
#2959 = VERTEX_POINT ( 'NONE', #1940 ) ;
#2960 = DIRECTION ( 'NONE',  ( -1.000000000000000000, 0.000000000000000000, 0.000000000000000000 ) ) ;
#2961 = CARTESIAN_POINT ( 'NONE',  ( 51.13965196923813039, 19.49574378152206222, 7.000000000000000000 ) ) ;
#2962 = ORIENTED_EDGE ( 'NONE', *, *, #1071, .T. ) ;
#2963 = CARTESIAN_POINT ( 'NONE',  ( 21.56834488186064291, -4.879256261333784650, 7.478679656440331058 ) ) ;
#2964 = ORIENTED_EDGE ( 'NONE', *, *, #1272, .T. ) ;
#2965 = VERTEX_POINT ( 'NONE', #198 ) ;
#2966 = CYLINDRICAL_SURFACE ( 'NONE', #1494, 10.00000000000000000 ) ;
#2967 = DIRECTION ( 'NONE',  ( -1.000000000000000000, 0.000000000000000000, 0.000000000000000000 ) ) ;
#2968 = ADVANCED_FACE ( 'NONE', ( #3021 ), #3670, .T. ) ;
#2969 = EDGE_CURVE ( 'NONE', #69, #410, #1266, .T. ) ;
#2970 = VECTOR ( 'NONE', #493, 1000.000000000000000 ) ;
#2971 = VERTEX_POINT ( 'NONE', #2341 ) ;
#2972 = FACE_OUTER_BOUND ( 'NONE', #225, .T. ) ;
#2973 = CARTESIAN_POINT ( 'NONE',  ( -0.6103585131519567719, -12.12925626134106416, 6.000000000000000000 ) ) ;
#2974 = DIRECTION ( 'NONE',  ( 0.000000000000000000, 0.000000000000000000, 1.000000000000000000 ) ) ;
#2975 = VECTOR ( 'NONE', #3415, 1000.000000000000000 ) ;
#2976 = EDGE_CURVE ( 'NONE', #1002, #1669, #920, .T. ) ;
#2977 = EDGE_CURVE ( 'NONE', #1648, #2223, #111, .T. ) ;
#2978 = ORIENTED_EDGE ( 'NONE', *, *, #3652, .T. ) ;
#2979 = AXIS2_PLACEMENT_3D ( 'NONE', #1665, #1299, #4138 ) ;
#2980 = CARTESIAN_POINT ( 'NONE',  ( 23.16693705179048735, -4.879256261333784650, 8.500000000000000000 ) ) ;
#2981 = DIRECTION ( 'NONE',  ( 0.000000000000000000, 0.000000000000000000, 1.000000000000000000 ) ) ;
#2982 = CARTESIAN_POINT ( 'NONE',  ( 70.88964148684802069, 0.000000000000000000, 10.00000000000000000 ) ) ;
#2983 = AXIS2_PLACEMENT_3D ( 'NONE', #1811, #766, #2575 ) ;
#2984 = ORIENTED_EDGE ( 'NONE', *, *, #904, .F. ) ;
#2985 = DIRECTION ( 'NONE',  ( 0.000000000000000000, 0.000000000000000000, -1.000000000000000000 ) ) ;
#2986 = AXIS2_PLACEMENT_3D ( 'NONE', #2673, #3710, #4362 ) ;
#2987 = CIRCLE ( 'NONE', #2618, 1.560660171779831851 ) ;
#2988 = CYLINDRICAL_SURFACE ( 'NONE', #471, 3.250000000000002665 ) ;
#2989 = ORIENTED_EDGE ( 'NONE', *, *, #3834, .F. ) ;
#2990 = CARTESIAN_POINT ( 'NONE',  ( 21.56834488186064291, -3.280664091403945104, 8.500000000000000000 ) ) ;
#2991 = AXIS2_PLACEMENT_3D ( 'NONE', #516, #887, #123 ) ;
#2992 = DIRECTION ( 'NONE',  ( 0.000000000000000000, 0.000000000000000000, -1.000000000000000000 ) ) ;
#2993 = VERTEX_POINT ( 'NONE', #2937 ) ;
#2994 = AXIS2_PLACEMENT_3D ( 'NONE', #1682, #1336, #942 ) ;
#2995 = DIRECTION ( 'NONE',  ( -1.000000000000000000, 0.000000000000000000, 0.000000000000000000 ) ) ;
#2996 = DIRECTION ( 'NONE',  ( -1.714279626496206024E-07, 0.9999999999999853451, 0.000000000000000000 ) ) ;
#2997 = EDGE_CURVE ( 'NONE', #1091, #3035, #2846, .T. ) ;
#2998 = ORIENTED_EDGE ( 'NONE', *, *, #3779, .F. ) ;
#2999 = LINE ( 'NONE', #3294, #1891 ) ;
#3000 = CARTESIAN_POINT ( 'NONE',  ( 21.63965196924047873, 24.92176765880411438, 9.398772533980057631 ) ) ;
#3001 = CARTESIAN_POINT ( 'NONE',  ( 12.63964750896299627, 5.376919480069707546, 1.593940713982425539 ) ) ;
#3002 = EDGE_LOOP ( 'NONE', ( #2804, #2162, #1571, #3833 ) ) ;
#3003 = EDGE_CURVE ( 'NONE', #2045, #2415, #659, .T. ) ;
#3004 = DIRECTION ( 'NONE',  ( 1.000000000000000000, 0.000000000000000000, 0.000000000000000000 ) ) ;
#3005 = DIRECTION ( 'NONE',  ( -1.000000000000000000, 0.000000000000000000, 0.000000000000000000 ) ) ;
#3006 = DIRECTION ( 'NONE',  ( -0.000000000000000000, -0.000000000000000000, 1.000000000000000000 ) ) ;
#3007 = ORIENTED_EDGE ( 'NONE', *, *, #767, .F. ) ;
#3008 = FACE_OUTER_BOUND ( 'NONE', #3002, .T. ) ;
#3009 = FACE_OUTER_BOUND ( 'NONE', #2470, .T. ) ;
#3010 = DIRECTION ( 'NONE',  ( -0.000000000000000000, -0.000000000000000000, 1.000000000000000000 ) ) ;
#3011 = ORIENTED_EDGE ( 'NONE', *, *, #353, .F. ) ;
#3012 = DIRECTION ( 'NONE',  ( -0.000000000000000000, -0.000000000000000000, 1.000000000000000000 ) ) ;
#3013 = ORIENTED_EDGE ( 'NONE', *, *, #4068, .F. ) ;
#3014 = ORIENTED_EDGE ( 'NONE', *, *, #1867, .T. ) ;
#3015 = DIRECTION ( 'NONE',  ( 0.000000000000000000, 0.000000000000000000, 1.000000000000000000 ) ) ;
#3016 = DIRECTION ( 'NONE',  ( 0.000000000000000000, 0.000000000000000000, -1.000000000000000000 ) ) ;
#3017 = DIRECTION ( 'NONE',  ( -0.000000000000000000, -0.000000000000000000, -1.000000000000000000 ) ) ;
#3018 = ORIENTED_EDGE ( 'NONE', *, *, #3501, .T. ) ;
#3019 = PRODUCT_DEFINITION ( 'UNKNOWN', '', #630, #3215 ) ;
#3020 = DIRECTION ( 'NONE',  ( 0.000000000000000000, 0.000000000000000000, 1.000000000000000000 ) ) ;
#3021 = FACE_OUTER_BOUND ( 'NONE', #667, .T. ) ;
#3022 = DIRECTION ( 'NONE',  ( 1.000000000000000000, -8.673617379884028570E-16, 0.000000000000000000 ) ) ;
#3023 = EDGE_CURVE ( 'NONE', #4474, #2067, #3727, .T. ) ;
#3024 = ORIENTED_EDGE ( 'NONE', *, *, #1963, .T. ) ;
#3025 = EDGE_CURVE ( 'NONE', #132, #2849, #2406, .T. ) ;
#3026 = CARTESIAN_POINT ( 'NONE',  ( 64.38964148684810596, 32.87074373865885235, 6.000000000000000000 ) ) ;
#3027 = DIRECTION ( 'NONE',  ( 1.000000000000000000, 0.000000000000000000, 0.000000000000000000 ) ) ;
#3028 = DIRECTION ( 'NONE',  ( -0.000000000000000000, -0.000000000000000000, 1.000000000000000000 ) ) ;
#3029 = ORIENTED_EDGE ( 'NONE', *, *, #4233, .F. ) ;
#3030 = ADVANCED_FACE ( 'NONE', ( #2382 ), #591, .F. ) ;
#3031 = DIRECTION ( 'NONE',  ( 0.000000000000000000, 0.000000000000000000, 1.000000000000000000 ) ) ;
#3032 = VERTEX_POINT ( 'NONE', #2774 ) ;
#3033 = CARTESIAN_POINT ( 'NONE',  ( 0.000000000000000000, 37.87074373865891630, 10.00000000000000000 ) ) ;
#3034 = ORIENTED_EDGE ( 'NONE', *, *, #939, .T. ) ;
#3035 = VERTEX_POINT ( 'NONE', #305 ) ;
#3036 = LINE ( 'NONE', #280, #2159 ) ;
#3037 = DIRECTION ( 'NONE',  ( -1.000000000000000000, -2.510145258646146107E-17, 0.000000000000000000 ) ) ;
#3038 = EDGE_LOOP ( 'NONE', ( #1232, #3725, #3822, #257 ) ) ;
#3039 = VECTOR ( 'NONE', #1589, 1000.000000000000000 ) ;
#3040 = CARTESIAN_POINT ( 'NONE',  ( -3.342113169366827909E-06, 19.49573501475767401, 10.00000000000000000 ) ) ;
#3041 = APPROVAL ( #600, 'UNSPECIFIED' ) ;
#3042 = DIRECTION ( 'NONE',  ( -1.000000000000000000, 0.000000000000000000, 0.000000000000000000 ) ) ;
#3043 = DIRECTION ( 'NONE',  ( -5.664403729850249372E-16, 1.000000000000000000, 0.000000000000000000 ) ) ;
#3044 = CARTESIAN_POINT ( 'NONE',  ( -3.050686369510396504E-06, 17.79573501475584862, 10.00000000000000000 ) ) ;
#3045 = CARTESIAN_POINT ( 'NONE',  ( -3.860358513151964210, -12.12925626134106416, 6.000000000000000000 ) ) ;
#3046 = ORIENTED_EDGE ( 'NONE', *, *, #3549, .T. ) ;
#3047 = CIRCLE ( 'NONE', #1720, 1.500000000000001332 ) ;
#3048 = DIRECTION ( 'NONE',  ( -0.000000000000000000, -0.000000000000000000, 1.000000000000000000 ) ) ;
#3049 = ORIENTED_EDGE ( 'NONE', *, *, #1017, .F. ) ;
#3050 = AXIS2_PLACEMENT_3D ( 'NONE', #4070, #3028, #3993 ) ;
#3051 = VECTOR ( 'NONE', #3012, 1000.000000000000000 ) ;
#3052 = EDGE_CURVE ( 'NONE', #1236, #94, #1027, .T. ) ;
#3053 = DIRECTION ( 'NONE',  ( 1.000000000000000000, 6.938893903907222067E-15, 0.000000000000000000 ) ) ;
#3054 = EDGE_CURVE ( 'NONE', #2904, #1673, #1958, .T. ) ;
#3055 = ORIENTED_EDGE ( 'NONE', *, *, #1387, .T. ) ;
#3056 = AXIS2_PLACEMENT_3D ( 'NONE', #2744, #3805, #4559 ) ;
#3057 = CARTESIAN_POINT ( 'NONE',  ( 12.38964750896299627, 0.5362090841003129826, 9.000000000000001776 ) ) ;
#3058 = CIRCLE ( 'NONE', #1061, 1.560660171779831851 ) ;
#3059 = AXIS2_PLACEMENT_3D ( 'NONE', #1851, #4281, #3888 ) ;
#3060 = AXIS2_PLACEMENT_3D ( 'NONE', #1317, #4480, #4135 ) ;
#3061 = ORIENTED_EDGE ( 'NONE', *, *, #272, .T. ) ;
#3062 = VERTEX_POINT ( 'NONE', #1657 ) ;
#3063 = CARTESIAN_POINT ( 'NONE',  ( -3.110358513151920690, 33.87074373865890919, 10.00000000000000000 ) ) ;
#3064 = DIRECTION ( 'NONE',  ( 1.000000000000000000, -7.608436298143923353E-17, 0.000000000000000000 ) ) ;
#3065 = ORIENTED_EDGE ( 'NONE', *, *, #2826, .T. ) ;
#3066 = VECTOR ( 'NONE', #518, 1000.000000000000000 ) ;
#3067 = CARTESIAN_POINT ( 'NONE',  ( 17.73963427495159095, 23.62074373866633437, 10.00000000000000000 ) ) ;
#3068 = CARTESIAN_POINT ( 'NONE',  ( 21.63965196924048584, 21.77074209509556013, 10.00000000000000000 ) ) ;
#3069 = CARTESIAN_POINT ( 'NONE',  ( 29.68964283472129395, 23.62074139010719165, 1.593940713982425539 ) ) ;
#3070 = CARTESIAN_POINT ( 'NONE',  ( 42.11093726778489099, 25.62074139010719520, 10.00000000000000000 ) ) ;
#3071 = DIRECTION ( 'NONE',  ( -0.000000000000000000, -0.000000000000000000, 1.000000000000000000 ) ) ;
#3072 = ORIENTED_EDGE ( 'NONE', *, *, #1535, .T. ) ;
#3073 = DATE_AND_TIME ( #948, #853 ) ;
#3074 = ORIENTED_EDGE ( 'NONE', *, *, #2218, .F. ) ;
#3075 = EDGE_CURVE ( 'NONE', #857, #2741, #3808, .T. ) ;
#3076 = CARTESIAN_POINT ( 'NONE',  ( 29.68964283472129395, 23.92074139010719236, 7.000000000000000000 ) ) ;
#3077 = VERTEX_POINT ( 'NONE', #266 ) ;
#3078 = DIRECTION ( 'NONE',  ( 0.000000000000000000, 0.000000000000000000, -1.000000000000000000 ) ) ;
#3079 = EDGE_CURVE ( 'NONE', #4097, #2168, #616, .T. ) ;
#3080 = EDGE_CURVE ( 'NONE', #3541, #3265, #3874, .T. ) ;
#3081 = B_SPLINE_CURVE_WITH_KNOTS ( 'NONE', 3,
 ( #520, #2954, #1564, #1935 ),
 .UNSPECIFIED., .F., .F.,
 ( 4, 4 ),
 ( 0.000000000000000000, 0.001772537407221663102 ),
 .UNSPECIFIED. ) ;
#3082 = EDGE_LOOP ( 'NONE', ( #4209, #2885, #4325, #209 ) ) ;
#3083 = ORIENTED_EDGE ( 'NONE', *, *, #3103, .T. ) ;
#3084 = LINE ( 'NONE', #4493, #2239 ) ;
#3085 = LINE ( 'NONE', #1378, #3125 ) ;
#3086 = ORIENTED_EDGE ( 'NONE', *, *, #306, .F. ) ;
#3087 = DIRECTION ( 'NONE',  ( 0.000000000000000000, 0.000000000000000000, -1.000000000000000000 ) ) ;
#3088 = CARTESIAN_POINT ( 'NONE',  ( 43.13965196923869172, -3.179256261333784472, 8.500000000000000000 ) ) ;
#3089 = CARTESIAN_POINT ( 'NONE',  ( 49.23965032567459588, 6.451105763866649134, 0.000000000000000000 ) ) ;
#3090 = VERTEX_POINT ( 'NONE', #1293 ) ;
#3091 = PLANE ( 'NONE',  #2315 ) ;
#3092 = DIRECTION ( 'NONE',  ( 1.000000000000000000, 0.000000000000000000, 0.000000000000000000 ) ) ;
#3093 = ORIENTED_EDGE ( 'NONE', *, *, #3994, .F. ) ;
#3094 = CALENDAR_DATE ( 2026, 19, 8 ) ;
#3095 = ORIENTED_EDGE ( 'NONE', *, *, #3529, .F. ) ;
#3096 = LINE ( 'NONE', #1344, #1722 ) ;
#3097 = ORIENTED_EDGE ( 'NONE', *, *, #2940, .F. ) ;
#3098 = EDGE_CURVE ( 'NONE', #4478, #3077, #552, .T. ) ;
#3099 = CARTESIAN_POINT ( 'NONE',  ( 51.43965032567459872, 0.1704718338856545945, 7.000000000000000000 ) ) ;
#3100 = ORIENTED_EDGE ( 'NONE', *, *, #2777, .F. ) ;
#3101 = ADVANCED_FACE ( 'NONE', ( #284 ), #2078, .F. ) ;
#3102 = EDGE_LOOP ( 'NONE', ( #2783, #2002, #2012, #4016 ) ) ;
#3103 = EDGE_CURVE ( 'NONE', #2818, #4405, #2442, .T. ) ;
#3104 = CARTESIAN_POINT ( 'NONE',  ( 48.24696216030569218, 5.668502244280197111, 7.000000000000000000 ) ) ;
#3105 = DIRECTION ( 'NONE',  ( -1.448117816884087885E-14, 1.000000000000000000, 0.000000000000000000 ) ) ;
#3106 = VERTEX_POINT ( 'NONE', #2750 ) ;
#3107 = VECTOR ( 'NONE', #1499, 1000.000000000000000 ) ;
#3108 = CARTESIAN_POINT ( 'NONE',  ( 42.21093726778487110, 25.62074139010719520, 8.500000000000000000 ) ) ;
#3109 = EDGE_CURVE ( 'NONE', #1644, #1959, #3782, .T. ) ;
#3110 = CARTESIAN_POINT ( 'NONE',  ( 48.37548872293180580, 8.254775557466635050, 0.000000000000000000 ) ) ;
#3111 = ADVANCED_FACE ( 'NONE', ( #3135 ), #4200, .F. ) ;
#3112 = CARTESIAN_POINT ( 'NONE',  ( 14.53961556962680390, 17.47493975866938598, 7.000000000000000000 ) ) ;
#3113 = VECTOR ( 'NONE', #3316, 1000.000000000000114 ) ;
#3114 = VECTOR ( 'NONE', #1185, 1000.000000000000000 ) ;
#3115 = CARTESIAN_POINT ( 'NONE',  ( 42.21093809183552992, -4.379256261333784650, 7.478679656440327506 ) ) ;
#3116 = DIRECTION ( 'NONE',  ( -1.000000000000000000, 0.000000000000000000, 0.000000000000000000 ) ) ;
#3117 = ORIENTED_EDGE ( 'NONE', *, *, #4322, .F. ) ;
#3118 = PERSON_AND_ORGANIZATION ( #1201, #2338 ) ;
#3119 = VERTEX_POINT ( 'NONE', #215 ) ;
#3120 = CIRCLE ( 'NONE', #165, 1.800000000000002931 ) ;
#3121 = DIRECTION ( 'NONE',  ( 0.000000000000000000, 0.000000000000000000, -1.000000000000000000 ) ) ;
#3122 = ORIENTED_EDGE ( 'NONE', *, *, #2777, .T. ) ;
#3123 = CYLINDRICAL_SURFACE ( 'NONE', #2621, 1.625000000000000222 ) ;
#3124 = VECTOR ( 'NONE', #2992, 1000.000000000000000 ) ;
#3125 = VECTOR ( 'NONE', #1746, 1000.000000000000000 ) ;
#3126 = ORIENTED_EDGE ( 'NONE', *, *, #953, .T. ) ;
#3127 = VECTOR ( 'NONE', #2662, 1000.000000000000000 ) ;
#3128 = ORIENTED_EDGE ( 'NONE', *, *, #4020, .F. ) ;
#3129 = DIRECTION ( 'NONE',  ( -1.000000000000000000, 0.000000000000000000, 0.000000000000000000 ) ) ;
#3130 = CARTESIAN_POINT ( 'NONE',  ( 49.18964977584082021, 19.44574367135973603, 7.000000000000000000 ) ) ;
#3131 = ORIENTED_EDGE ( 'NONE', *, *, #2050, .T. ) ;
#3132 = AXIS2_PLACEMENT_3D ( 'NONE', #4210, #340, #2853 ) ;
#3133 = VECTOR ( 'NONE', #3250, 1000.000000000000000 ) ;
#3134 = EDGE_CURVE ( 'NONE', #1376, #821, #4465, .T. ) ;
#3135 = FACE_OUTER_BOUND ( 'NONE', #2891, .T. ) ;
#3136 = CARTESIAN_POINT ( 'NONE',  ( 42.02464163344015446, -9.176615478020330841, 8.500000000000000000 ) ) ;
#3137 = LINE ( 'NONE', #4221, #1298 ) ;
#3138 = AXIS2_PLACEMENT_3D ( 'NONE', #145, #3685, #3267 ) ;
#3139 = ORIENTED_EDGE ( 'NONE', *, *, #361, .F. ) ;
#3140 = EDGE_CURVE ( 'NONE', #2098, #364, #4451, .T. ) ;
#3141 = ADVANCED_FACE ( 'NONE', ( #3412 ), #240, .F. ) ;
#3142 = CARTESIAN_POINT ( 'NONE',  ( 42.02464326467586631, 29.91810760435984662, 8.500000000000000000 ) ) ;
#3143 = LINE ( 'NONE', #1385, #2254 ) ;
#3144 = ORIENTED_EDGE ( 'NONE', *, *, #2521, .F. ) ;
#3145 = ORIENTED_EDGE ( 'NONE', *, *, #2497, .T. ) ;
#3146 = LINE ( 'NONE', #2785, #469 ) ;
#3147 = EDGE_LOOP ( 'NONE', ( #1052, #1716, #4142, #791 ) ) ;
#3148 = DIRECTION ( 'NONE',  ( -0.000000000000000000, -0.7071067811865512365, -0.7071067811865439090 ) ) ;
#3149 = VERTEX_POINT ( 'NONE', #1097 ) ;
#3150 = ORIENTED_EDGE ( 'NONE', *, *, #1392, .T. ) ;
#3151 = CARTESIAN_POINT ( 'NONE',  ( 49.23965032567460298, -1.879256261333784650, 7.000000000000000000 ) ) ;
#3152 = CARTESIAN_POINT ( 'NONE',  ( 4.483792904510066180, 2.094164773843071981, 3.126578964823055973 ) ) ;
#3153 = ORIENTED_EDGE ( 'NONE', *, *, #3531, .F. ) ;
#3154 = PLANE ( 'NONE',  #3359 ) ;
#3155 = LINE ( 'NONE', #986, #366 ) ;
#3156 = DIRECTION ( 'NONE',  ( 1.000000000000000000, 0.000000000000000000, 0.000000000000000000 ) ) ;
#3157 = EDGE_LOOP ( 'NONE', ( #4115, #4505 ) ) ;
#3158 = DIRECTION ( 'NONE',  ( 0.000000000000000000, 0.000000000000000000, 1.000000000000000000 ) ) ;
#3159 = LINE ( 'NONE', #1300, #1138 ) ;
#3160 = ORIENTED_EDGE ( 'NONE', *, *, #4127, .T. ) ;
#3161 = EDGE_CURVE ( 'NONE', #2655, #1478, #3572, .T. ) ;
#3162 = EDGE_CURVE ( 'NONE', #2722, #815, #3543, .T. ) ;
#3163 = B_SPLINE_CURVE_WITH_KNOTS ( 'NONE', 3,
 ( #2656, #522, #1938, #1609 ),
 .UNSPECIFIED., .F., .F.,
 ( 4, 4 ),
 ( 0.001117341756626993908, 0.001171289429381054854 ),
 .UNSPECIFIED. ) ;
#3164 = VERTEX_POINT ( 'NONE', #1149 ) ;
#3165 = DIRECTION ( 'NONE',  ( -1.000000000000000000, 0.000000000000000000, 0.000000000000000000 ) ) ;
#3166 = FACE_OUTER_BOUND ( 'NONE', #332, .T. ) ;
#3167 = ADVANCED_FACE ( 'NONE', ( #2124 ), #1748, .F. ) ;
#3168 = LINE ( 'NONE', #1780, #1884 ) ;
#3169 = ORIENTED_EDGE ( 'NONE', *, *, #1157, .F. ) ;
#3170 = VERTEX_POINT ( 'NONE', #3503 ) ;
#3171 = LINE ( 'NONE', #4577, #1123 ) ;
#3172 = CARTESIAN_POINT ( 'NONE',  ( 0.000000000000000000, 23.62074373866633437, 10.00000000000000000 ) ) ;
#3173 = ORIENTED_EDGE ( 'NONE', *, *, #3309, .T. ) ;
#3174 = LINE ( 'NONE', #2492, #1229 ) ;
#3175 = DIRECTION ( 'NONE',  ( 0.000000000000000000, 0.000000000000000000, -1.000000000000000000 ) ) ;
#3176 = LINE ( 'NONE', #2018, #3730 ) ;
#3177 = VERTEX_POINT ( 'NONE', #346 ) ;
#3178 = DIRECTION ( 'NONE',  ( 0.000000000000000000, 0.000000000000000000, -1.000000000000000000 ) ) ;
#3179 = VECTOR ( 'NONE', #3461, 1000.000000000000227 ) ;
#3180 = CARTESIAN_POINT ( 'NONE',  ( 49.23965032567460298, -1.879256261333784650, 7.000000000000000000 ) ) ;
#3181 = LINE ( 'NONE', #3904, #2447 ) ;
#3182 = VERTEX_POINT ( 'NONE', #1767 ) ;
#3183 = VECTOR ( 'NONE', #4041, 1000.000000000000000 ) ;
#3184 = EDGE_CURVE ( 'NONE', #3278, #439, #1179, .T. ) ;
#3185 = PLANE ( 'NONE',  #1418 ) ;
#3186 = DIRECTION ( 'NONE',  ( 0.000000000000000000, -0.1668749516774090391, -0.9859780679622962563 ) ) ;
#3187 = AXIS2_PLACEMENT_3D ( 'NONE', #1237, #886, #2279 ) ;
#3188 = CARTESIAN_POINT ( 'NONE',  ( 23.61677660504441079, -1.879256261333784428, 0.000000000000000000 ) ) ;
#3189 = AXIS2_PLACEMENT_3D ( 'NONE', #4398, #1972, #4091 ) ;
#3190 = EDGE_CURVE ( 'NONE', #2660, #1002, #1, .T. ) ;
#3191 = EDGE_CURVE ( 'NONE', #1887, #902, #1808, .T. ) ;
#3192 = DIRECTION ( 'NONE',  ( 0.000000000000000000, 0.000000000000000000, 1.000000000000000000 ) ) ;
#3193 = VERTEX_POINT ( 'NONE', #33 ) ;
#3194 = ORIENTED_EDGE ( 'NONE', *, *, #3079, .F. ) ;
#3195 = DIRECTION ( 'NONE',  ( -0.000000000000000000, -0.000000000000000000, 1.000000000000000000 ) ) ;
#3196 = LINE ( 'NONE', #2929, #3648 ) ;
#3197 = CIRCLE ( 'NONE', #2318, 1.598592169929840434 ) ;
#3198 = EDGE_LOOP ( 'NONE', ( #1164, #85, #1304, #2202 ) ) ;
#3199 = ORIENTED_EDGE ( 'NONE', *, *, #4351, .F. ) ;
#3200 = CARTESIAN_POINT ( 'NONE',  ( 21.28390694639366387, -10.87925391278937681, 8.353985100478244163 ) ) ;
#3201 = CARTESIAN_POINT ( 'NONE',  ( 62.76464148684809885, 32.87074373865885235, 0.000000000000000000 ) ) ;
#3202 = LINE ( 'NONE', #3269, #1967 ) ;
#3203 = ORIENTED_EDGE ( 'NONE', *, *, #3299, .F. ) ;
#3204 = VECTOR ( 'NONE', #3490, 1000.000000000000000 ) ;
#3205 = VECTOR ( 'NONE', #898, 1000.000000000000000 ) ;
#3206 = CIRCLE ( 'NONE', #1225, 1.625000000000000222 ) ;
#3207 = CARTESIAN_POINT ( 'NONE',  ( 41.73913810076906117, -5.044800117848248888, 7.478679656440325729 ) ) ;
#3208 = CARTESIAN_POINT ( 'NONE',  ( 64.38964148684804911, -12.12925626134114765, 6.000000000000000000 ) ) ;
#3209 = ORIENTED_EDGE ( 'NONE', *, *, #3652, .F. ) ;
#3210 = AXIS2_PLACEMENT_3D ( 'NONE', #1638, #3048, #3 ) ;
#3211 = DIRECTION ( 'NONE',  ( -0.000000000000000000, -0.000000000000000000, 1.000000000000000000 ) ) ;
#3212 = LINE ( 'NONE', #43, #4018 ) ;
#3213 = CARTESIAN_POINT ( 'NONE',  ( 66.01464148684804911, -12.12925626134114765, 6.000000000000000000 ) ) ;
#3214 = EDGE_CURVE ( 'NONE', #4316, #1755, #2186, .T. ) ;
#3215 = DESIGN_CONTEXT ( 'detailed design', #658, 'design' ) ;
#3216 = FACE_OUTER_BOUND ( 'NONE', #1978, .T. ) ;
#3217 = ORIENTED_EDGE ( 'NONE', *, *, #1101, .F. ) ;
#3218 = ORIENTED_EDGE ( 'NONE', *, *, #2152, .T. ) ;
#3219 = DIRECTION ( 'NONE',  ( 0.000000000000000000, 0.000000000000000000, 1.000000000000000000 ) ) ;
#3220 = DIRECTION ( 'NONE',  ( -1.000000000000000000, 0.000000000000000000, 0.000000000000000000 ) ) ;
#3221 = ADVANCED_FACE ( 'NONE', ( #680 ), #3154, .F. ) ;
#3222 = EDGE_CURVE ( 'NONE', #4569, #1224, #770, .T. ) ;
#3223 = VERTEX_POINT ( 'NONE', #1448 ) ;
#3224 = ORIENTED_EDGE ( 'NONE', *, *, #2123, .F. ) ;
#3225 = DIRECTION ( 'NONE',  ( -1.000000000000000000, 0.000000000000000000, 0.000000000000000000 ) ) ;
#3226 = FACE_OUTER_BOUND ( 'NONE', #2139, .T. ) ;
#3227 = DIRECTION ( 'NONE',  ( 1.000000000000000000, 0.000000000000000000, 0.000000000000000000 ) ) ;
#3228 = ORIENTED_EDGE ( 'NONE', *, *, #196, .F. ) ;
#3229 = DIRECTION ( 'NONE',  ( -0.000000000000000000, -0.000000000000000000, 1.000000000000000000 ) ) ;
#3230 = CARTESIAN_POINT ( 'NONE',  ( -0.6103585131519012608, 32.87074373865893051, 6.000000000000000000 ) ) ;
#3231 = CARTESIAN_POINT ( 'NONE',  ( 12.63963427495158598, 13.06886319043267264, 7.000000000000000000 ) ) ;
#3232 = VERTEX_POINT ( 'NONE', #1819 ) ;
#3233 = DIRECTION ( 'NONE',  ( -0.000000000000000000, -0.000000000000000000, 1.000000000000000000 ) ) ;
#3234 = FACE_OUTER_BOUND ( 'NONE', #1070, .T. ) ;
#3235 = DIRECTION ( 'NONE',  ( -0.000000000000000000, -0.000000000000000000, 1.000000000000000000 ) ) ;
#3236 = LINE ( 'NONE', #3562, #3487 ) ;
#3237 = ORIENTED_EDGE ( 'NONE', *, *, #2330, .F. ) ;
#3238 = ORIENTED_EDGE ( 'NONE', *, *, #818, .F. ) ;
#3239 = CARTESIAN_POINT ( 'NONE',  ( 0.000000000000000000, 0.000000000000000000, 10.00000000000000000 ) ) ;
#3240 = DIRECTION ( 'NONE',  ( 1.000000000000000000, 0.000000000000000000, 0.000000000000000000 ) ) ;
#3241 = ORIENTED_EDGE ( 'NONE', *, *, #306, .T. ) ;
#3242 = ORIENTED_EDGE ( 'NONE', *, *, #3307, .F. ) ;
#3243 = CARTESIAN_POINT ( 'NONE',  ( 21.09687065607705847, -11.26910608379321843, 8.419966854344281160 ) ) ;
#3244 = CARTESIAN_POINT ( 'NONE',  ( 14.53962618626709435, 11.84450365964513097, 0.000000000000000000 ) ) ;
#3245 = LINE ( 'NONE', #2538, #2836 ) ;
#3246 = ORIENTED_EDGE ( 'NONE', *, *, #4044, .F. ) ;
#3247 = ADVANCED_FACE ( 'NONE', ( #2863, #1468 ), #777, .T. ) ;
#3248 = EDGE_CURVE ( 'NONE', #4206, #741, #698, .T. ) ;
#3249 = DIRECTION ( 'NONE',  ( 0.3310877130289300863, -0.9435999821329336124, 0.000000000000000000 ) ) ;
#3250 = DIRECTION ( 'NONE',  ( 4.352598021917241359E-15, -1.000000000000000000, 0.000000000000000000 ) ) ;
#3251 = LINE ( 'NONE', #804, #670 ) ;
#3252 = ORIENTED_EDGE ( 'NONE', *, *, #3784, .F. ) ;
#3253 = VECTOR ( 'NONE', #4345, 1000.000000000000000 ) ;
#3254 = LINE ( 'NONE', #2893, #1789 ) ;
#3255 = FACE_OUTER_BOUND ( 'NONE', #3774, .T. ) ;
#3256 = LINE ( 'NONE', #15, #2917 ) ;
#3257 = VECTOR ( 'NONE', #660, 1000.000000000000000 ) ;
#3258 = VECTOR ( 'NONE', #3870, 1000.000000000000000 ) ;
#3259 = CARTESIAN_POINT ( 'NONE',  ( 64.38964148684804911, -12.12925626134114765, 10.00000000000000000 ) ) ;
#3260 = ORIENTED_EDGE ( 'NONE', *, *, #1956, .T. ) ;
#3261 = ORIENTED_EDGE ( 'NONE', *, *, #3327, .F. ) ;
#3262 = DIRECTION ( 'NONE',  ( 0.000000000000000000, 0.000000000000000000, 1.000000000000000000 ) ) ;
#3263 = ORIENTED_EDGE ( 'NONE', *, *, #3442, .T. ) ;
#3264 = AXIS2_PLACEMENT_3D ( 'NONE', #926, #134, #2344 ) ;
#3265 = VERTEX_POINT ( 'NONE', #4268 ) ;
#3266 = AXIS2_PLACEMENT_3D ( 'NONE', #1567, #1525, #3004 ) ;
#3267 = DIRECTION ( 'NONE',  ( 1.885580459284672472E-06, -0.9999999999982223109, 0.000000000000000000 ) ) ;
#3268 = CARTESIAN_POINT ( 'NONE',  ( 21.56834488186064291, -4.879256261333784650, 10.00000000000000178 ) ) ;
#3269 = CARTESIAN_POINT ( 'NONE',  ( 51.13965032567460156, 0.1704718338856545945, 10.00000000000000000 ) ) ;
#3270 = VERTEX_POINT ( 'NONE', #1841 ) ;
#3271 = EDGE_CURVE ( 'NONE', #3090, #815, #2906, .T. ) ;
#3272 = AXIS2_PLACEMENT_3D ( 'NONE', #3379, #1600, #2350 ) ;
#3273 = LINE ( 'NONE', #855, #401 ) ;
#3274 = CIRCLE ( 'NONE', #619, 2.000000000000001776 ) ;
#3275 = CARTESIAN_POINT ( 'NONE',  ( 21.63965196924048584, 21.77074209509556013, 7.000000000000000000 ) ) ;
#3276 = AXIS2_PLACEMENT_3D ( 'NONE', #4567, #2517, #2568 ) ;
#3277 = EDGE_CURVE ( 'NONE', #1607, #1350, #1663, .T. ) ;
#3278 = VERTEX_POINT ( 'NONE', #707 ) ;
#3279 = EDGE_CURVE ( 'NONE', #613, #3963, #3174, .T. ) ;
#3280 = VECTOR ( 'NONE', #3862, 1000.000000000000000 ) ;
#3281 = AXIS2_PLACEMENT_3D ( 'NONE', #4113, #2037, #1380 ) ;
#3282 = DIRECTION ( 'NONE',  ( 0.000000000000000000, 0.000000000000000000, 1.000000000000000000 ) ) ;
#3283 = DIRECTION ( 'NONE',  ( -0.000000000000000000, -0.000000000000000000, 1.000000000000000000 ) ) ;
#3284 = ORIENTED_EDGE ( 'NONE', *, *, #4193, .F. ) ;
#3285 = CIRCLE ( 'NONE', #2923, 1.499999999999999556 ) ;
#3286 = CARTESIAN_POINT ( 'NONE',  ( 62.76464148684804201, -12.12925626134114765, 0.000000000000000000 ) ) ;
#3287 = VECTOR ( 'NONE', #1401, 1000.000000000000000 ) ;
#3288 = DIRECTION ( 'NONE',  ( 0.000000000000000000, 0.000000000000000000, -1.000000000000000000 ) ) ;
#3289 = ORIENTED_EDGE ( 'NONE', *, *, #361, .T. ) ;
#3290 = ORIENTED_EDGE ( 'NONE', *, *, #3052, .F. ) ;
#3291 = CARTESIAN_POINT ( 'NONE',  ( 51.13965032567458735, 17.79574378152178582, 7.000000000000000000 ) ) ;
#3292 = DIRECTION ( 'NONE',  ( -0.000000000000000000, -0.000000000000000000, 1.000000000000000000 ) ) ;
#3293 = ORIENTED_EDGE ( 'NONE', *, *, #3387, .T. ) ;
#3294 = CARTESIAN_POINT ( 'NONE',  ( 51.43965032567459872, 0.1704718338856545945, 1.591397869695244216 ) ) ;
#3295 = LINE ( 'NONE', #3384, #3183 ) ;
#3296 = DIRECTION ( 'NONE',  ( 0.000000000000000000, 1.000000000000000000, 0.000000000000000000 ) ) ;
#3297 = ORIENTED_EDGE ( 'NONE', *, *, #3793, .F. ) ;
#3298 = DIRECTION ( 'NONE',  ( 1.224646799147353207E-16, 1.000000000000000000, -0.000000000000000000 ) ) ;
#3299 = EDGE_CURVE ( 'NONE', #2067, #1350, #2633, .T. ) ;
#3300 = CARTESIAN_POINT ( 'NONE',  ( 12.63963427495158598, 0.000000000000000000, 10.00000000000000000 ) ) ;
#3301 = CARTESIAN_POINT ( 'NONE',  ( 51.43965032567459872, 5.570747475363331702, 10.00000000000000000 ) ) ;
#3302 = ORIENTED_EDGE ( 'NONE', *, *, #79, .F. ) ;
#3303 = DIRECTION ( 'NONE',  ( 0.000000000000000000, 0.000000000000000000, -1.000000000000000000 ) ) ;
#3304 = ADVANCED_FACE ( 'NONE', ( #3708 ), #925, .T. ) ;
#3305 = DIRECTION ( 'NONE',  ( -0.7071067811865450192, -1.032955564923521647E-14, -0.7071067811865501263 ) ) ;
#3306 = ADVANCED_FACE ( 'NONE', ( #2583 ), #1913, .F. ) ;
#3307 = EDGE_CURVE ( 'NONE', #2505, #3423, #3616, .T. ) ;
#3308 = CARTESIAN_POINT ( 'NONE',  ( 0.000000000000000000, -17.12925626134109081, 10.00000000000000000 ) ) ;
#3309 = EDGE_CURVE ( 'NONE', #4288, #4062, #3638, .T. ) ;
#3310 = ORIENTED_EDGE ( 'NONE', *, *, #2129, .F. ) ;
#3311 = ORIENTED_EDGE ( 'NONE', *, *, #3525, .T. ) ;
#3312 = CARTESIAN_POINT ( 'NONE',  ( -0.6103585131519567719, -12.12925626134106416, 10.00000000000000000 ) ) ;
#3313 = DIRECTION ( 'NONE',  ( 0.000000000000000000, 1.000000000000000000, 0.000000000000000000 ) ) ;
#3314 = ORIENTED_EDGE ( 'NONE', *, *, #1187, .F. ) ;
#3315 = DIRECTION ( 'NONE',  ( 0.000000000000000000, -0.7071067811865442421, 0.7071067811865507924 ) ) ;
#3316 = DIRECTION ( 'NONE',  ( 1.885580459284672260E-06, -0.9999999999982223109, 0.000000000000000000 ) ) ;
#3317 = DIRECTION ( 'NONE',  ( -0.7273196761250159126, -0.000000000000000000, 0.6862988333965036603 ) ) ;
#3318 = ORIENTED_EDGE ( 'NONE', *, *, #3371, .T. ) ;
#3319 = DIRECTION ( 'NONE',  ( 1.000000000000000000, 0.000000000000000000, 0.000000000000000000 ) ) ;
#3320 = DIRECTION ( 'NONE',  ( 0.000000000000000000, 1.000000000000000000, -0.000000000000000000 ) ) ;
#3321 = DIRECTION ( 'NONE',  ( 1.000000000000000000, 4.352598021917241359E-15, 0.000000000000000000 ) ) ;
#3322 = EDGE_LOOP ( 'NONE', ( #3692, #504, #2861, #4126 ) ) ;
#3323 = LINE ( 'NONE', #1615, #1714 ) ;
#3324 = CARTESIAN_POINT ( 'NONE',  ( 12.63964750896299627, 0.5362090841003128716, 10.00000000000000000 ) ) ;
#3325 = ORIENTED_EDGE ( 'NONE', *, *, #2797, .T. ) ;
#3326 = DIRECTION ( 'NONE',  ( -1.000000000000000000, 0.000000000000000000, 0.000000000000000000 ) ) ;
#3327 = EDGE_CURVE ( 'NONE', #4334, #4545, #2999, .T. ) ;
#3328 = VECTOR ( 'NONE', #3006, 1000.000000000000000 ) ;
#3329 = FACE_OUTER_BOUND ( 'NONE', #1342, .T. ) ;
#3330 = EDGE_LOOP ( 'NONE', ( #3093, #1085, #2208, #4192 ) ) ;
#3331 = DIRECTION ( 'NONE',  ( -0.000000000000000000, -0.000000000000000000, 1.000000000000000000 ) ) ;
#3332 = CARTESIAN_POINT ( 'NONE',  ( 49.13965333350607523, 8.423910656271708312E-06, 10.00000000000000000 ) ) ;
#3333 = EDGE_CURVE ( 'NONE', #935, #3945, #869, .T. ) ;
#3334 = ADVANCED_FACE ( 'NONE', ( #4425 ), #4040, .T. ) ;
#3335 = VECTOR ( 'NONE', #772, 1000.000000000000000 ) ;
#3336 = ORIENTED_EDGE ( 'NONE', *, *, #137, .T. ) ;
#3337 = CARTESIAN_POINT ( 'NONE',  ( 13.56122676773205882, 13.44605680722920482, 0.000000000000000000 ) ) ;
#3338 = DIRECTION ( 'NONE',  ( 0.9999999999999853451, 1.714279498419585500E-07, -0.000000000000000000 ) ) ;
#3339 = CARTESIAN_POINT ( 'NONE',  ( 30.63965226057668900, -2.379256261333785538, 7.000000000000000000 ) ) ;
#3340 = AXIS2_PLACEMENT_3D ( 'NONE', #781, #2108, #3882 ) ;
#3341 = ORIENTED_EDGE ( 'NONE', *, *, #3365, .F. ) ;
#3342 = CIRCLE ( 'NONE', #1950, 1.560660171779831851 ) ;
#3343 = DIRECTION ( 'NONE',  ( 0.000000000000000000, 0.000000000000000000, -1.000000000000000000 ) ) ;
#3344 = CARTESIAN_POINT ( 'NONE',  ( 13.56122676773205882, 15.87339205749152882, 7.000000000000000000 ) ) ;
#3345 = DIRECTION ( 'NONE',  ( 1.000000000000000000, 0.000000000000000000, 0.000000000000000000 ) ) ;
#3346 = AXIS2_PLACEMENT_3D ( 'NONE', #930, #227, #3053 ) ;
#3347 = EDGE_LOOP ( 'NONE', ( #47, #1529, #2687, #1440 ) ) ;
#3348 = DIRECTION ( 'NONE',  ( 0.000000000000000000, 0.000000000000000000, -1.000000000000000000 ) ) ;
#3349 = AXIS2_PLACEMENT_3D ( 'NONE', #3001, #915, #211 ) ;
#3350 = VECTOR ( 'NONE', #2448, 1000.000000000000000 ) ;
#3351 = DIRECTION ( 'NONE',  ( -1.714279626496205759E-07, 0.9999999999999853451, 0.000000000000000000 ) ) ;
#3352 = DIRECTION ( 'NONE',  ( 0.000000000000000000, 0.000000000000000000, -1.000000000000000000 ) ) ;
#3353 = VERTEX_POINT ( 'NONE', #2305 ) ;
#3354 = AXIS2_PLACEMENT_3D ( 'NONE', #2950, #838, #2967 ) ;
#3355 = VECTOR ( 'NONE', #3974, 1000.000000000000000 ) ;
#3356 = LINE ( 'NONE', #186, #2910 ) ;
#3357 = AXIS2_PLACEMENT_3D ( 'NONE', #2593, #832, #4419 ) ;
#3358 = VERTEX_POINT ( 'NONE', #817 ) ;
#3359 = AXIS2_PLACEMENT_3D ( 'NONE', #2511, #2467, #3946 ) ;
#3360 = EDGE_CURVE ( 'NONE', #1301, #1909, #2236, .T. ) ;
#3361 = LINE ( 'NONE', #3033, #1140 ) ;
#3362 = ORIENTED_EDGE ( 'NONE', *, *, #1637, .F. ) ;
#3363 = EDGE_CURVE ( 'NONE', #3405, #2745, #1221, .T. ) ;
#3364 = DIRECTION ( 'NONE',  ( 1.000000000000000000, 0.000000000000000000, 0.000000000000000000 ) ) ;
#3365 = EDGE_CURVE ( 'NONE', #1747, #545, #4360, .T. ) ;
#3366 = CARTESIAN_POINT ( 'NONE',  ( -0.6103585131518942664, 32.87074373865893051, 6.000000000000000000 ) ) ;
#3367 = CARTESIAN_POINT ( 'NONE',  ( 50.37548872293180580, 8.254775557466640379, 0.000000000000000000 ) ) ;
#3368 = VERTEX_POINT ( 'NONE', #4384 ) ;
#3369 = FACE_OUTER_BOUND ( 'NONE', #3322, .T. ) ;
#3370 = DIRECTION ( 'NONE',  ( 0.000000000000000000, 0.000000000000000000, -1.000000000000000000 ) ) ;
#3371 = EDGE_CURVE ( 'NONE', #2285, #1669, #889, .T. ) ;
#3372 = CARTESIAN_POINT ( 'NONE',  ( 21.56834488186064291, -4.879256261333784650, 10.00000000000000000 ) ) ;
#3373 = ORIENTED_EDGE ( 'NONE', *, *, #647, .T. ) ;
#3374 = DIRECTION ( 'NONE',  ( -0.000000000000000000, -0.000000000000000000, 1.000000000000000000 ) ) ;
#3375 = CARTESIAN_POINT ( 'NONE',  ( 12.63963405267827511, 7.672624109789229152, 7.000000000000000000 ) ) ;
#3376 = CARTESIAN_POINT ( 'NONE',  ( 14.53965206352063255, -1.879256261333784428, 7.000000000000000000 ) ) ;
#3377 = CYLINDRICAL_SURFACE ( 'NONE', #999, 3.250000000000007550 ) ;
#3378 = ORIENTED_EDGE ( 'NONE', *, *, #4327, .F. ) ;
#3379 = CARTESIAN_POINT ( 'NONE',  ( 49.18964977584082021, 19.44574367135973603, 10.00000000000000000 ) ) ;
#3380 = ORIENTED_EDGE ( 'NONE', *, *, #1188, .T. ) ;
#3381 = DIRECTION ( 'NONE',  ( -0.000000000000000000, 1.000000000000000000, 0.000000000000000000 ) ) ;
#3382 = ORIENTED_EDGE ( 'NONE', *, *, #1834, .T. ) ;
#3383 = ORIENTED_EDGE ( 'NONE', *, *, #479, .T. ) ;
#3384 = CARTESIAN_POINT ( 'NONE',  ( 49.13965027424811893, 17.84574321454329393, 10.00000000000000000 ) ) ;
#3385 = CARTESIAN_POINT ( 'NONE',  ( 49.69517519175999354, 0.8331418690884933032, 7.000000000000000000 ) ) ;
#3386 = ORIENTED_EDGE ( 'NONE', *, *, #1135, .F. ) ;
#3387 = EDGE_CURVE ( 'NONE', #2189, #1284, #2282, .T. ) ;
#3388 = CARTESIAN_POINT ( 'NONE',  ( 49.13964999996330363, 19.44574366278837729, 10.00000000000000000 ) ) ;
#3389 = DIRECTION ( 'NONE',  ( 1.000000000000000000, 0.000000000000000000, 0.000000000000000000 ) ) ;
#3390 = DIRECTION ( 'NONE',  ( -8.673617379884028570E-16, -1.000000000000000000, 0.000000000000000000 ) ) ;
#3391 = ORIENTED_EDGE ( 'NONE', *, *, #3791, .F. ) ;
#3392 = ADVANCED_FACE ( 'NONE', ( #2972 ), #1604, .F. ) ;
#3393 = EDGE_CURVE ( 'NONE', #2337, #1289, #798, .T. ) ;
#3394 = DIRECTION ( 'NONE',  ( 0.9999999999999853451, 1.714279498419585500E-07, 0.000000000000000000 ) ) ;
#3395 = CARTESIAN_POINT ( 'NONE',  ( 49.88965271631339959, 25.52074139010721510, 10.00000000000000000 ) ) ;
#3396 = EDGE_LOOP ( 'NONE', ( #99, #653, #4111, #3097 ) ) ;
#3397 = CARTESIAN_POINT ( 'NONE',  ( 29.68964734479039436, -3.179256261333785361, 1.593940713982425539 ) ) ;
#3398 = PERSON_AND_ORGANIZATION_ROLE ( 'classification_officer' ) ;
#3399 = VERTEX_POINT ( 'NONE', #3337 ) ;
#3400 = DIRECTION ( 'NONE',  ( 1.000000000000000000, 0.000000000000000000, 0.000000000000000000 ) ) ;
#3401 = ORIENTED_EDGE ( 'NONE', *, *, #4322, .T. ) ;
#3402 = PLANE ( 'NONE',  #622 ) ;
#3403 = VECTOR ( 'NONE', #1155, 1000.000000000000000 ) ;
#3404 = ORIENTED_EDGE ( 'NONE', *, *, #3875, .T. ) ;
#3405 = VERTEX_POINT ( 'NONE', #168 ) ;
#3406 = CYLINDRICAL_SURFACE ( 'NONE', #3929, 4.000000000000005329 ) ;
#3407 = FACE_OUTER_BOUND ( 'NONE', #949, .T. ) ;
#3408 = ORIENTED_EDGE ( 'NONE', *, *, #1608, .F. ) ;
#3409 = CIRCLE ( 'NONE', #2675, 1.598592169929843987 ) ;
#3410 = PLANE ( 'NONE',  #4012 ) ;
#3411 = AXIS2_PLACEMENT_3D ( 'NONE', #1929, #3331, #2995 ) ;
#3412 = FACE_OUTER_BOUND ( 'NONE', #2561, .T. ) ;
#3413 = CARTESIAN_POINT ( 'NONE',  ( -1.987099072936323280E-14, 25.52074139010717602, 10.00000000000000000 ) ) ;
#3414 = EDGE_CURVE ( 'NONE', #1059, #4309, #2215, .T. ) ;
#3415 = DIRECTION ( 'NONE',  ( -1.000000000000000000, 0.000000000000000000, 0.000000000000000000 ) ) ;
#3416 = DIRECTION ( 'NONE',  ( 0.000000000000000000, 0.000000000000000000, -1.000000000000000000 ) ) ;
#3417 = FACE_OUTER_BOUND ( 'NONE', #4484, .T. ) ;
#3418 = VECTOR ( 'NONE', #149, 1000.000000000000114 ) ;
#3419 = EDGE_CURVE ( 'NONE', #2433, #410, #103, .T. ) ;
#3420 = LINE ( 'NONE', #4544, #3438 ) ;
#3421 = EDGE_CURVE ( 'NONE', #439, #4123, #2319, .T. ) ;
#3422 = DATE_AND_TIME ( #3094, #1662 ) ;
#3423 = VERTEX_POINT ( 'NONE', #4095 ) ;
#3424 = CIRCLE ( 'NONE', #4017, 3.250000000000002665 ) ;
#3425 = VECTOR ( 'NONE', #2822, 1000.000000000000000 ) ;
#3426 = CARTESIAN_POINT ( 'NONE',  ( 14.53965206352063255, -1.879256261333784428, 0.000000000000000000 ) ) ;
#3427 = ORIENTED_EDGE ( 'NONE', *, *, #1019, .T. ) ;
#3428 = AXIS2_PLACEMENT_3D ( 'NONE', #773, #2192, #441 ) ;
#3429 = LINE ( 'NONE', #3469, #3431 ) ;
#3430 = AXIS2_PLACEMENT_3D ( 'NONE', #3230, #4253, #380 ) ;
#3431 = VECTOR ( 'NONE', #259, 1000.000000000000000 ) ;
#3432 = VECTOR ( 'NONE', #1990, 1000.000000000000000 ) ;
#3433 = ORIENTED_EDGE ( 'NONE', *, *, #1817, .F. ) ;
#3434 = VERTEX_POINT ( 'NONE', #1617 ) ;
#3435 = CARTESIAN_POINT ( 'NONE',  ( 64.38964148684810596, 32.87074373865885235, 0.000000000000000000 ) ) ;
#3436 = DIRECTION ( 'NONE',  ( 0.000000000000000000, 0.000000000000000000, 1.000000000000000000 ) ) ;
#3437 = ORIENTED_EDGE ( 'NONE', *, *, #196, .T. ) ;
#3438 = VECTOR ( 'NONE', #682, 1000.000000000000000 ) ;
#3439 = DIRECTION ( 'NONE',  ( -0.000000000000000000, -0.000000000000000000, -1.000000000000000000 ) ) ;
#3440 = CARTESIAN_POINT ( 'NONE',  ( 48.37548872293180580, 12.46774955728973922, 0.000000000000000000 ) ) ;
#3441 = CARTESIAN_POINT ( 'NONE',  ( 12.63965226057670677, -1.983764904190267631, 10.00000000000000000 ) ) ;
#3442 = EDGE_CURVE ( 'NONE', #1289, #649, #4033, .T. ) ;
#3443 = CARTESIAN_POINT ( 'NONE',  ( 43.13965196923869172, -3.179256261333784472, 7.000000000000000000 ) ) ;
#3444 = CARTESIAN_POINT ( 'NONE',  ( 19.68964312209603662, 21.77074209509556013, 7.000000000000000000 ) ) ;
#3445 = EDGE_LOOP ( 'NONE', ( #3890, #977, #3241, #872, #2880, #3668, #2088, #3995 ) ) ;
#3446 = ORIENTED_EDGE ( 'NONE', *, *, #1503, .F. ) ;
#3447 = EDGE_CURVE ( 'NONE', #864, #495, #3176, .T. ) ;
#3448 = ADVANCED_FACE ( 'NONE', ( #2663 ), #2347, .T. ) ;
#3449 = DIRECTION ( 'NONE',  ( -0.000000000000000000, -0.000000000000000000, 1.000000000000000000 ) ) ;
#3450 = ORIENTED_EDGE ( 'NONE', *, *, #3271, .F. ) ;
#3451 = PLANE ( 'NONE',  #3798 ) ;
#3452 = EDGE_CURVE ( 'NONE', #3164, #1460, #559, .T. ) ;
#3453 = EDGE_CURVE ( 'NONE', #571, #3353, #928, .T. ) ;
#3454 = ORIENTED_EDGE ( 'NONE', *, *, #1723, .F. ) ;
#3455 = ORIENTED_EDGE ( 'NONE', *, *, #533, .T. ) ;
#3456 = CARTESIAN_POINT ( 'NONE',  ( 61.13964148684803490, -12.12925626134114765, 10.00000000000000000 ) ) ;
#3457 = DIRECTION ( 'NONE',  ( -1.000000000000000000, 0.000000000000000000, 0.000000000000000000 ) ) ;
#3458 = ORIENTED_EDGE ( 'NONE', *, *, #3838, .T. ) ;
#3459 = CARTESIAN_POINT ( 'NONE',  ( 17.73963427495159095, 21.77074209509556013, 7.000000000000000000 ) ) ;
#3460 = DIRECTION ( 'NONE',  ( 0.000000000000000000, 0.000000000000000000, -1.000000000000000000 ) ) ;
#3461 = DIRECTION ( 'NONE',  ( 0.3310877130289301973, 0.9435999821329336124, 2.775557561562891967E-17 ) ) ;
#3462 = VERTEX_POINT ( 'NONE', #2795 ) ;
#3463 = LINE ( 'NONE', #4547, #2091 ) ;
#3464 = FACE_OUTER_BOUND ( 'NONE', #190, .T. ) ;
#3465 = VERTEX_POINT ( 'NONE', #1274 ) ;
#3466 = ORIENTED_EDGE ( 'NONE', *, *, #880, .F. ) ;
#3467 = CARTESIAN_POINT ( 'NONE',  ( 42.21093809183552992, -3.318596089553955686, 8.539339828220141371 ) ) ;
#3468 = EDGE_LOOP ( 'NONE', ( #1982, #3673 ) ) ;
#3469 = CARTESIAN_POINT ( 'NONE',  ( -3.860358513151909143, 32.87074373865893051, 6.000000000000000000 ) ) ;
#3470 = EDGE_CURVE ( 'NONE', #3193, #593, #4250, .T. ) ;
#3471 = EDGE_LOOP ( 'NONE', ( #3433, #877, #2947, #251 ) ) ;
#3472 = EDGE_LOOP ( 'NONE', ( #4368, #1762, #3508, #2766, #1148 ) ) ;
#3473 = CARTESIAN_POINT ( 'NONE',  ( 23.12944653656168015, 25.61948551232610427, 8.539339828220141371 ) ) ;
#3474 = DIRECTION ( 'NONE',  ( 0.000000000000000000, -1.000000000000000000, 0.000000000000000000 ) ) ;
#3475 = ADVANCED_FACE ( 'NONE', ( #2686 ), #3746, .F. ) ;
#3476 = VERTEX_POINT ( 'NONE', #3523 ) ;
#3477 = AXIS2_PLACEMENT_3D ( 'NONE', #3925, #62, #2518 ) ;
#3478 = CARTESIAN_POINT ( 'NONE',  ( -1.870415506967054004E-14, 24.02214922017732235, 8.500000000000000000 ) ) ;
#3479 = DIRECTION ( 'NONE',  ( 1.000000000000000000, 0.000000000000000000, 0.000000000000000000 ) ) ;
#3480 = AXIS2_PLACEMENT_3D ( 'NONE', #1683, #4500, #3827 ) ;
#3481 = VECTOR ( 'NONE', #2790, 1000.000000000000000 ) ;
#3482 = CARTESIAN_POINT ( 'NONE',  ( 42.21093809183552992, -4.879256261333784650, 8.539339828220141371 ) ) ;
#3483 = DIRECTION ( 'NONE',  ( -0.000000000000000000, -0.000000000000000000, 1.000000000000000000 ) ) ;
#3484 = ORIENTED_EDGE ( 'NONE', *, *, #3191, .T. ) ;
#3485 = CIRCLE ( 'NONE', #3189, 2.000000000000001776 ) ;
#3486 = EDGE_LOOP ( 'NONE', ( #95, #3857, #3297, #1484 ) ) ;
#3487 = VECTOR ( 'NONE', #1482, 1000.000000000000000 ) ;
#3488 = LINE ( 'NONE', #971, #3643 ) ;
#3489 = ORIENTED_EDGE ( 'NONE', *, *, #3531, .T. ) ;
#3490 = DIRECTION ( 'NONE',  ( -0.000000000000000000, -1.000000000000000000, -0.000000000000000000 ) ) ;
#3491 = EDGE_CURVE ( 'NONE', #1502, #3358, #854, .T. ) ;
#3492 = VECTOR ( 'NONE', #3971, 1000.000000000000000 ) ;
#3493 = ORIENTED_EDGE ( 'NONE', *, *, #2043, .F. ) ;
#3494 = CIRCLE ( 'NONE', #3867, 1.625000000000001332 ) ;
#3495 = VERTEX_POINT ( 'NONE', #3849 ) ;
#3496 = LINE ( 'NONE', #3151, #2089 ) ;
#3497 = CARTESIAN_POINT ( 'NONE',  ( 24.93965226057671103, -2.379256261333784650, 7.000000000000000000 ) ) ;
#3498 = ORIENTED_EDGE ( 'NONE', *, *, #1410, .T. ) ;
#3499 = VECTOR ( 'NONE', #633, 1000.000000000000000 ) ;
#3500 = AXIS2_PLACEMENT_3D ( 'NONE', #4088, #4064, #4412 ) ;
#3501 = EDGE_CURVE ( 'NONE', #1495, #2168, #36, .T. ) ;
#3502 = EDGE_CURVE ( 'NONE', #1398, #1394, #3747, .T. ) ;
#3503 = CARTESIAN_POINT ( 'NONE',  ( 49.18964976726820026, 19.49574344723725616, 10.00000000000000000 ) ) ;
#3504 = LOCAL_TIME ( 10, 10, 26.00000000000000000, #580 ) ;
#3505 = CARTESIAN_POINT ( 'NONE',  ( 51.38965032567400470, 5.570747475363331702, 1.593940713982425539 ) ) ;
#3506 = CARTESIAN_POINT ( 'NONE',  ( 49.88965271631339959, 25.52074139010721510, 10.00000000000000000 ) ) ;
#3507 = VECTOR ( 'NONE', #3315, 1000.000000000000114 ) ;
#3508 = ORIENTED_EDGE ( 'NONE', *, *, #333, .F. ) ;
#3509 = EDGE_CURVE ( 'NONE', #439, #710, #2104, .T. ) ;
#3510 = CARTESIAN_POINT ( 'NONE',  ( 12.63964750896299627, 0.5362090841003128716, 10.00000000000000000 ) ) ;
#3511 = DIRECTION ( 'NONE',  ( -0.000000000000000000, -0.000000000000000000, 1.000000000000000000 ) ) ;
#3512 = ORIENTED_EDGE ( 'NONE', *, *, #4437, .T. ) ;
#3513 = ORIENTED_EDGE ( 'NONE', *, *, #1956, .F. ) ;
#3514 = FACE_BOUND ( 'NONE', #2734, .T. ) ;
#3515 = CARTESIAN_POINT ( 'NONE',  ( 1.014641486848049778, -12.12925626134106416, 6.000000000000000000 ) ) ;
#3516 = EDGE_LOOP ( 'NONE', ( #2430, #1743, #289, #3311 ) ) ;
#3517 = EDGE_LOOP ( 'NONE', ( #3169, #4287, #3150, #3153 ) ) ;
#3518 = FACE_OUTER_BOUND ( 'NONE', #338, .T. ) ;
#3519 = DIRECTION ( 'NONE',  ( 0.000000000000000000, 0.000000000000000000, -1.000000000000000000 ) ) ;
#3520 = ORIENTED_EDGE ( 'NONE', *, *, #2644, .F. ) ;
#3521 = CARTESIAN_POINT ( 'NONE',  ( -0.6103585131519567719, -12.12925626134106416, 6.000000000000000000 ) ) ;
#3522 = CARTESIAN_POINT ( 'NONE',  ( 50.37548872293180580, 8.254775557466640379, 7.000000000000000000 ) ) ;
#3523 = CARTESIAN_POINT ( 'NONE',  ( 45.77983477060556794, -17.12925626134109081, 9.411786357714873930 ) ) ;
#3524 = VERTEX_POINT ( 'NONE', #4436 ) ;
#3525 = EDGE_CURVE ( 'NONE', #4428, #324, #348, .T. ) ;
#3526 = CARTESIAN_POINT ( 'NONE',  ( 43.13965196923869172, -1.879256261333784650, 7.000000000000000000 ) ) ;
#3527 = DIRECTION ( 'NONE',  ( -1.000000000000000000, 0.000000000000000000, 0.000000000000000000 ) ) ;
#3528 = DIRECTION ( 'NONE',  ( -1.000000000000000000, -7.786212173705108455E-16, 0.000000000000000000 ) ) ;
#3529 = EDGE_CURVE ( 'NONE', #3910, #1413, #3137, .T. ) ;
#3530 = ORIENTED_EDGE ( 'NONE', *, *, #4272, .F. ) ;
#3531 = EDGE_CURVE ( 'NONE', #4424, #402, #3420, .T. ) ;
#3532 = LINE ( 'NONE', #4417, #1277 ) ;
#3533 = DIRECTION ( 'NONE',  ( -1.000000000000000000, 0.000000000000000000, 0.000000000000000000 ) ) ;
#3534 =( BOUNDED_CURVE ( )  B_SPLINE_CURVE ( 3, ( #2958, #4024, #483, #524 ),
 .UNSPECIFIED., .F., .T. ) 
 B_SPLINE_CURVE_WITH_KNOTS ( ( 4, 4 ),
 ( 3.982968254471039415, 4.145289106703547333 ),
 .UNSPECIFIED. ) 
 CURVE ( )  GEOMETRIC_REPRESENTATION_ITEM ( )  RATIONAL_B_SPLINE_CURVE ( ( 1.000000000000000000, 0.9978055333897071222, 0.9978055333897071222, 1.000000000000000000 ) ) 
 REPRESENTATION_ITEM ( '' )  );
#3535 = DIRECTION ( 'NONE',  ( 1.000000000000000000, -6.249004188959886297E-18, 0.000000000000000000 ) ) ;
#3536 = DIRECTION ( 'NONE',  ( 0.9999999999999853451, 1.714279131736711293E-07, 0.000000000000000000 ) ) ;
#3537 = ORIENTED_EDGE ( 'NONE', *, *, #501, .T. ) ;
#3538 = ORIENTED_EDGE ( 'NONE', *, *, #2322, .T. ) ;
#3539 = CARTESIAN_POINT ( 'NONE',  ( 39.38964148684808464, 23.62074373865156929, 8.099999999999967670 ) ) ;
#3540 = LINE ( 'NONE', #2879, #1733 ) ;
#3541 = VERTEX_POINT ( 'NONE', #3506 ) ;
#3542 = ORIENTED_EDGE ( 'NONE', *, *, #3098, .F. ) ;
#3543 = LINE ( 'NONE', #2170, #2040 ) ;
#3544 = LINE ( 'NONE', #1098, #453 ) ;
#3545 = LINE ( 'NONE', #374, #2253 ) ;
#3546 = EDGE_LOOP ( 'NONE', ( #2727, #124, #2017, #1322 ) ) ;
#3547 = CLOSED_SHELL ( 'NONE', ( #1614, #3304, #4187, #2515, #3644, #3988, #56, #3306, #4293, #2435, #171, #1362, #2069, #1244, #933, #2211, #4467, #2352, #254, #4495, #3392, #1752, #3678, #2379, #1779, #2856, #1526, #2413, #1227, #2007, #3448, #4124, #754, #3935, #4019, #1904, #2147, #18, #4496, #1698, #1868, #2596, #2921, #138, #1128, #1305, #3101, #1095, #2384, #1335, #1038, #1731, #3141, #2243, #3111, #1530, #2070, #277, #4432, #706, #3030, #391, #2944, #3334, #1772, #1134, #3167, #3221, #4153, #1466, #450, #4207, #2013, #3900, #1328, #2464, #796, #1122, #384, #1472, #3594, #595, #2892, #484, #2726, #1310, #3586, #4546, #3247, #2483, #4010, #1226, #4466, #2643, #1639, #256, #3732, #1905, #48, #3926, #3706, #2725, #2782, #4160, #334, #711, #1444, #486, #4243, #1581, #4266, #850, #29, #4357, #3556, #3737, #3672, #1587, #3981, #1337, #508, #2496, #1013, #2157, #3919, #4410, #2968, #705, #4074, #3816, #226, #3895, #414, #3475, #1758, #4129, #1756, #451, #811, #960 ) ) ;
#3548 = CARTESIAN_POINT ( 'NONE',  ( 24.38964148684808109, 23.62074373865156574, 8.099999999999967670 ) ) ;
#3549 = EDGE_CURVE ( 'NONE', #3149, #185, #203, .T. ) ;
#3550 = AXIS2_PLACEMENT_3D ( 'NONE', #799, #727, #708 ) ;
#3551 = CARTESIAN_POINT ( 'NONE',  ( 24.93965226057671103, -2.379256261333784650, 7.000000000000000000 ) ) ;
#3552 = DIRECTION ( 'NONE',  ( -1.000000000000000000, 0.000000000000000000, 0.000000000000000000 ) ) ;
#3553 = EDGE_LOOP ( 'NONE', ( #4475, #2092, #911, #2671 ) ) ;
#3554 = VECTOR ( 'NONE', #515, 1000.000000000000000 ) ;
#3555 = DIRECTION ( 'NONE',  ( 1.000000000000000000, 0.000000000000000000, 0.000000000000000000 ) ) ;
#3556 = ADVANCED_FACE ( 'NONE', ( #3879 ), #1739, .F. ) ;
#3557 = DIRECTION ( 'NONE',  ( -0.3310877130289303083, -0.9435999821329336124, -2.656504963745432860E-17 ) ) ;
#3558 = EDGE_CURVE ( 'NONE', #1184, #180, #1080, .T. ) ;
#3559 = CIRCLE ( 'NONE', #382, 1.499999999999999556 ) ;
#3560 = LINE ( 'NONE', #1136, #3280 ) ;
#3561 = AXIS2_PLACEMENT_3D ( 'NONE', #590, #3761, #1069 ) ;
#3562 = CARTESIAN_POINT ( 'NONE',  ( 14.43063497486373237, -3.318596089553957018, 8.539339828220143147 ) ) ;
#3563 = VERTEX_POINT ( 'NONE', #2866 ) ;
#3564 = ORIENTED_EDGE ( 'NONE', *, *, #218, .T. ) ;
#3565 = DIRECTION ( 'NONE',  ( 0.000000000000000000, 0.000000000000000000, 1.000000000000000000 ) ) ;
#3566 = DIRECTION ( 'NONE',  ( 1.000000000000000000, -0.000000000000000000, -0.000000000000000000 ) ) ;
#3567 = CIRCLE ( 'NONE', #2097, 1.950008847144447888 ) ;
#3568 = EDGE_LOOP ( 'NONE', ( #835, #958, #3836, #3651 ) ) ;
#3569 = CIRCLE ( 'NONE', #100, 0.04999977587751697206 ) ;
#3570 = AXIS2_PLACEMENT_3D ( 'NONE', #1108, #762, #3626 ) ;
#3571 = ORIENTED_EDGE ( 'NONE', *, *, #1817, .T. ) ;
#3572 = LINE ( 'NONE', #2144, #4028 ) ;
#3573 = FACE_OUTER_BOUND ( 'NONE', #3471, .T. ) ;
#3574 = DIRECTION ( 'NONE',  ( 1.000000000000000000, 0.000000000000000000, 0.000000000000000000 ) ) ;
#3575 = ORIENTED_EDGE ( 'NONE', *, *, #2997, .F. ) ;
#3576 = VECTOR ( 'NONE', #2353, 1000.000000000000114 ) ;
#3577 = CIRCLE ( 'NONE', #175, 1.950008847144447888 ) ;
#3578 = CARTESIAN_POINT ( 'NONE',  ( 0.000000000000000000, -17.12925626134109081, 10.00000000000000000 ) ) ;
#3579 = VECTOR ( 'NONE', #2640, 1000.000000000000000 ) ;
#3580 = CARTESIAN_POINT ( 'NONE',  ( 12.38964750896299805, 0.5363248582526961572, 7.000000000000000000 ) ) ;
#3581 = PLANE ( 'NONE',  #3477 ) ;
#3582 = ORIENTED_EDGE ( 'NONE', *, *, #3759, .T. ) ;
#3583 = FACE_BOUND ( 'NONE', #3468, .T. ) ;
#3584 = DIRECTION ( 'NONE',  ( -0.7071067811865384689, -1.212178398897617548E-07, -0.7071067811865462405 ) ) ;
#3585 = CYLINDRICAL_SURFACE ( 'NONE', #3059, 1.950008847144447888 ) ;
#3586 = ADVANCED_FACE ( 'NONE', ( #1422, #749 ), #2840, .T. ) ;
#3587 = LINE ( 'NONE', #1510, #2688 ) ;
#3588 = ORIENTED_EDGE ( 'NONE', *, *, #3080, .T. ) ;
#3589 = ORIENTED_EDGE ( 'NONE', *, *, #626, .T. ) ;
#3590 = DIRECTION ( 'NONE',  ( 0.000000000000000000, 0.000000000000000000, -1.000000000000000000 ) ) ;
#3591 = CARTESIAN_POINT ( 'NONE',  ( 64.38964148684810596, 32.87074373865885235, 6.000000000000000000 ) ) ;
#3592 = ORIENTED_EDGE ( 'NONE', *, *, #1256, .F. ) ;
#3593 = EDGE_CURVE ( 'NONE', #4179, #3032, #3245, .T. ) ;
#3594 = ADVANCED_FACE ( 'NONE', ( #2884 ), #475, .T. ) ;
#3595 = ORIENTED_EDGE ( 'NONE', *, *, #4105, .T. ) ;
#3596 = CARTESIAN_POINT ( 'NONE',  ( 49.69517519176000064, 3.868502244280196845, 7.000000000000000000 ) ) ;
#3597 = DIRECTION ( 'NONE',  ( -1.000000000000000000, 0.000000000000000000, 0.000000000000000000 ) ) ;
#3598 = CARTESIAN_POINT ( 'NONE',  ( 48.24696216030569218, 0.8331418690884933032, 0.000000000000000000 ) ) ;
#3599 = ORIENTED_EDGE ( 'NONE', *, *, #2355, .T. ) ;
#3600 = CARTESIAN_POINT ( 'NONE',  ( 51.88964148684807753, -17.12925626134102686, 9.411786357714863271 ) ) ;
#3601 = PLANE ( 'NONE',  #3276 ) ;
#3602 = CARTESIAN_POINT ( 'NONE',  ( 21.56834488186064291, -3.318596089553958794, 8.539339828220146700 ) ) ;
#3603 = ORIENTED_EDGE ( 'NONE', *, *, #1078, .F. ) ;
#3604 = CARTESIAN_POINT ( 'NONE',  ( 66.01464148684804911, -12.12925626134114765, 0.000000000000000000 ) ) ;
#3605 = CARTESIAN_POINT ( 'NONE',  ( 64.38964148684810596, 32.87074373865885235, 6.000000000000000000 ) ) ;
#3606 = FACE_OUTER_BOUND ( 'NONE', #2445, .T. ) ;
#3607 = CARTESIAN_POINT ( 'NONE',  ( 51.43965032567459872, 5.570747475363331702, 10.00000000000000000 ) ) ;
#3608 = ORIENTED_EDGE ( 'NONE', *, *, #3140, .T. ) ;
#3609 = EDGE_CURVE ( 'NONE', #715, #4062, #3424, .T. ) ;
#3610 = ORIENTED_EDGE ( 'NONE', *, *, #816, .F. ) ;
#3611 = CARTESIAN_POINT ( 'NONE',  ( 29.48516589883738703, -10.34567224520081119, 10.00000000000000000 ) ) ;
#3612 = DIRECTION ( 'NONE',  ( -1.000000000000000000, 0.000000000000000000, 0.000000000000000000 ) ) ;
#3613 = EDGE_LOOP ( 'NONE', ( #2349, #4319, #3769, #2877, #2006, #4053, #3386, #2399 ) ) ;
#3614 = ORIENTED_EDGE ( 'NONE', *, *, #1842, .F. ) ;
#3615 = EDGE_CURVE ( 'NONE', #4163, #2423, #2217, .T. ) ;
#3616 = LINE ( 'NONE', #496, #1876 ) ;
#3617 = EDGE_CURVE ( 'NONE', #4255, #4545, #3202, .T. ) ;
#3618 = CARTESIAN_POINT ( 'NONE',  ( 66.88964148684802069, -13.12925626134109436, 10.00000000000000000 ) ) ;
#3619 = DIRECTION ( 'NONE',  ( 1.000000000000000000, 0.000000000000000000, -0.000000000000000000 ) ) ;
#3620 = EDGE_LOOP ( 'NONE', ( #286, #583, #3242, #2138 ) ) ;
#3621 = CARTESIAN_POINT ( 'NONE',  ( -3.110358513151917137, -17.12925626134109081, 10.00000000000000000 ) ) ;
#3622 = LINE ( 'NONE', #1453, #3355 ) ;
#3623 = CARTESIAN_POINT ( 'NONE',  ( 50.37548872293180580, 12.46774955728972500, 0.000000000000000000 ) ) ;
#3624 = ORIENTED_EDGE ( 'NONE', *, *, #3421, .T. ) ;
#3625 = CARTESIAN_POINT ( 'NONE',  ( 66.88964148684802069, -17.12925626134109081, 10.00000000000000000 ) ) ;
#3626 = DIRECTION ( 'NONE',  ( -1.000000000000000000, 0.000000000000000000, 0.000000000000000000 ) ) ;
#3627 = DIRECTION ( 'NONE',  ( -1.000000000000000000, 0.000000000000000000, 0.000000000000000000 ) ) ;
#3628 = VECTOR ( 'NONE', #1984, 1000.000000000000000 ) ;
#3629 = VECTOR ( 'NONE', #2559, 1000.000000000000000 ) ;
#3630 = CARTESIAN_POINT ( 'NONE',  ( 48.37548872293180580, 8.254775557466635050, 0.000000000000000000 ) ) ;
#3631 = ORIENTED_EDGE ( 'NONE', *, *, #3645, .T. ) ;
#3632 = ORIENTED_EDGE ( 'NONE', *, *, #3738, .T. ) ;
#3633 = CARTESIAN_POINT ( 'NONE',  ( 35.00844587832606436, 23.92074139010719236, 8.500000000000000000 ) ) ;
#3634 = CARTESIAN_POINT ( 'NONE',  ( 62.76464148684804201, -12.12925626134114765, 10.00000000000000000 ) ) ;
#3635 = TOROIDAL_SURFACE ( 'NONE', #831, 0.5000000000000028866, 1.500000000000000000 ) ;
#3636 = ORIENTED_EDGE ( 'NONE', *, *, #1496, .T. ) ;
#3637 = AXIS2_PLACEMENT_3D ( 'NONE', #3108, #3439, #2748 ) ;
#3638 = LINE ( 'NONE', #1933, #3642 ) ;
#3639 = CARTESIAN_POINT ( 'NONE',  ( 21.63965196924048229, 24.06043508405748810, 8.539339828220141371 ) ) ;
#3640 = CARTESIAN_POINT ( 'NONE',  ( 1.734424490439251398, 3.468848980878486365, 10.00000000000000000 ) ) ;
#3641 = ORIENTED_EDGE ( 'NONE', *, *, #1250, .F. ) ;
#3642 = VECTOR ( 'NONE', #1562, 1000.000000000000000 ) ;
#3643 = VECTOR ( 'NONE', #4191, 1000.000000000000000 ) ;
#3644 = ADVANCED_FACE ( 'NONE', ( #2908 ), #1450, .F. ) ;
#3645 = EDGE_CURVE ( 'NONE', #274, #797, #1794, .T. ) ;
#3646 = DIRECTION ( 'NONE',  ( 1.000000000000000000, 0.000000000000000000, 0.000000000000000000 ) ) ;
#3647 = CARTESIAN_POINT ( 'NONE',  ( 66.88964148684802069, 33.87074373865890919, 10.00000000000000000 ) ) ;
#3648 = VECTOR ( 'NONE', #2488, 1000.000000000000000 ) ;
#3649 = CARTESIAN_POINT ( 'NONE',  ( 29.68964734479039436, -3.484083463375951872, 7.000000000000000000 ) ) ;
#3650 = CONICAL_SURFACE ( 'NONE', #1655, 0.09999999999998204769, 0.7853981633974435050 ) ;
#3651 = ORIENTED_EDGE ( 'NONE', *, *, #3161, .T. ) ;
#3652 = EDGE_CURVE ( 'NONE', #3077, #4478, #4321, .T. ) ;
#3653 = EDGE_CURVE ( 'NONE', #2423, #2959, #1214, .T. ) ;
#3654 = CIRCLE ( 'NONE', #1658, 1.949998356435209246 ) ;
#3655 = CIRCLE ( 'NONE', #2109, 1.625000000000000222 ) ;
#3656 = DIRECTION ( 'NONE',  ( 0.000000000000000000, 0.000000000000000000, -1.000000000000000000 ) ) ;
#3657 = CARTESIAN_POINT ( 'NONE',  ( 0.000000000000000000, -4.779256261333798328, 10.00000000000000000 ) ) ;
#3658 = ORIENTED_EDGE ( 'NONE', *, *, #651, .F. ) ;
#3659 = FACE_OUTER_BOUND ( 'NONE', #2927, .T. ) ;
#3660 = ORIENTED_EDGE ( 'NONE', *, *, #4385, .F. ) ;
#3661 = ORIENTED_EDGE ( 'NONE', *, *, #3793, .T. ) ;
#3662 = DIRECTION ( 'NONE',  ( -0.9999999999999853451, -1.714279480627552829E-07, 0.000000000000000000 ) ) ;
#3663 = LINE ( 'NONE', #4442, #992 ) ;
#3664 = ORIENTED_EDGE ( 'NONE', *, *, #2834, .T. ) ;
#3665 = CARTESIAN_POINT ( 'NONE',  ( 29.68964283472129395, 23.92074139010719236, 1.591397869695244216 ) ) ;
#3666 = CARTESIAN_POINT ( 'NONE',  ( 51.54105979930827885, 19.49574385033457347, 8.499999999999978684 ) ) ;
#3667 = DIRECTION ( 'NONE',  ( 0.000000000000000000, 0.000000000000000000, -1.000000000000000000 ) ) ;
#3668 = ORIENTED_EDGE ( 'NONE', *, *, #3025, .F. ) ;
#3669 = DIRECTION ( 'NONE',  ( -0.000000000000000000, -0.000000000000000000, -1.000000000000000000 ) ) ;
#3670 = PLANE ( 'NONE',  #4099 ) ;
#3671 = CARTESIAN_POINT ( 'NONE',  ( 0.000000000000000000, 37.87074373865891630, 10.00000000000000000 ) ) ;
#3672 = ADVANCED_FACE ( 'NONE', ( #1864 ), #2617, .T. ) ;
#3673 = ORIENTED_EDGE ( 'NONE', *, *, #2887, .F. ) ;
#3674 = DIRECTION ( 'NONE',  ( 0.000000000000000000, -0.7071067811865440200, -0.7071067811865511255 ) ) ;
#3675 = CARTESIAN_POINT ( 'NONE',  ( 12.63964851998342809, 2.383307426154955016E-05, 10.00000000000000000 ) ) ;
#3676 = ORIENTED_EDGE ( 'NONE', *, *, #594, .F. ) ;
#3677 = EDGE_CURVE ( 'NONE', #69, #3270, #1470, .T. ) ;
#3678 = ADVANCED_FACE ( 'NONE', ( #1151 ), #405, .F. ) ;
#3679 = DIRECTION ( 'NONE',  ( -0.000000000000000000, 0.000000000000000000, -1.000000000000000000 ) ) ;
#3680 = CARTESIAN_POINT ( 'NONE',  ( -2.235358513151949555, -12.12925626134106416, 6.000000000000000000 ) ) ;
#3681 = ORIENTED_EDGE ( 'NONE', *, *, #4472, .F. ) ;
#3682 = CARTESIAN_POINT ( 'NONE',  ( 47.03964868210912442, -1.129254617768227220, 7.000000000000000000 ) ) ;
#3683 = CARTESIAN_POINT ( 'NONE',  ( 51.13965032567460156, 5.570747475363331702, 10.00000000000000000 ) ) ;
#3684 = ORIENTED_EDGE ( 'NONE', *, *, #3558, .T. ) ;
#3685 = DIRECTION ( 'NONE',  ( -0.9999999999982223109, -1.885580459284672472E-06, 0.000000000000000000 ) ) ;
#3686 = DIRECTION ( 'NONE',  ( 0.000000000000000000, 0.000000000000000000, 1.000000000000000000 ) ) ;
#3687 = DIRECTION ( 'NONE',  ( 0.000000000000000000, 0.000000000000000000, -1.000000000000000000 ) ) ;
#3688 = ORIENTED_EDGE ( 'NONE', *, *, #3184, .T. ) ;
#3689 = CARTESIAN_POINT ( 'NONE',  ( 51.13965032567458735, 17.79574378152178582, 7.000000000000000000 ) ) ;
#3690 = CYLINDRICAL_SURFACE ( 'NONE', #3801, 4.000000000000003553 ) ;
#3691 = LINE ( 'NONE', #3671, #4294 ) ;
#3692 = ORIENTED_EDGE ( 'NONE', *, *, #479, .F. ) ;
#3693 = EDGE_CURVE ( 'NONE', #4121, #1693, #1895, .T. ) ;
#3694 = FACE_OUTER_BOUND ( 'NONE', #2450, .T. ) ;
#3695 = LINE ( 'NONE', #3657, #1585 ) ;
#3696 = CARTESIAN_POINT ( 'NONE',  ( 45.08965032567390097, -1.129254617768227220, 10.00000000000000000 ) ) ;
#3697 = EDGE_LOOP ( 'NONE', ( #776, #4176, #693, #341 ) ) ;
#3698 = AXIS2_PLACEMENT_3D ( 'NONE', #1611, #3390, #3022 ) ;
#3699 = EDGE_CURVE ( 'NONE', #3524, #864, #2565, .T. ) ;
#3700 = EDGE_CURVE ( 'NONE', #3399, #4292, #3545, .T. ) ;
#3701 = DIRECTION ( 'NONE',  ( 0.000000000000000000, 0.000000000000000000, 1.000000000000000000 ) ) ;
#3702 = ORIENTED_EDGE ( 'NONE', *, *, #2864, .T. ) ;
#3703 = CIRCLE ( 'NONE', #3780, 3.250000000000007550 ) ;
#3704 = CARTESIAN_POINT ( 'NONE',  ( 41.15732112577725843, -8.411504400192171715, 7.936323091507111016 ) ) ;
#3705 = AXIS2_PLACEMENT_3D ( 'NONE', #723, #2191, #2140 ) ;
#3706 = ADVANCED_FACE ( 'NONE', ( #4015 ), #4110, .F. ) ;
#3707 = ORIENTED_EDGE ( 'NONE', *, *, #1670, .T. ) ;
#3708 = FACE_OUTER_BOUND ( 'NONE', #3819, .T. ) ;
#3709 = CARTESIAN_POINT ( 'NONE',  ( 53.03965196923842740, 7.680766501798536015E-13, 10.00000000000000000 ) ) ;
#3710 = DIRECTION ( 'NONE',  ( 0.7071067811865514585, 1.023973928275803319E-14, -0.7071067811865436870 ) ) ;
#3711 = VECTOR ( 'NONE', #4252, 1000.000000000000000 ) ;
#3712 = VERTEX_POINT ( 'NONE', #127 ) ;
#3713 = AXIS2_PLACEMENT_3D ( 'NONE', #3548, #379, #3249 ) ;
#3714 = DIRECTION ( 'NONE',  ( 1.000000000000000000, 0.000000000000000000, 0.000000000000000000 ) ) ;
#3715 = LINE ( 'NONE', #1969, #108 ) ;
#3716 = FACE_OUTER_BOUND ( 'NONE', #1369, .T. ) ;
#3717 = CIRCLE ( 'NONE', #2178, 1.625000000000001332 ) ;
#3718 = ORIENTED_EDGE ( 'NONE', *, *, #163, .F. ) ;
#3719 = DIRECTION ( 'NONE',  ( -0.000000000000000000, -0.000000000000000000, 1.000000000000000000 ) ) ;
#3720 = CIRCLE ( 'NONE', #3794, 0.09999999999998204769 ) ;
#3721 = VECTOR ( 'NONE', #732, 1000.000000000000000 ) ;
#3722 = CARTESIAN_POINT ( 'NONE',  ( 64.38964148684804911, -12.12925626134114765, 6.000000000000000000 ) ) ;
#3723 = DIRECTION ( 'NONE',  ( -0.000000000000000000, -0.000000000000000000, -1.000000000000000000 ) ) ;
#3724 = CARTESIAN_POINT ( 'NONE',  ( 0.000000000000000000, 0.000000000000000000, 0.000000000000000000 ) ) ;
#3725 = ORIENTED_EDGE ( 'NONE', *, *, #3371, .F. ) ;
#3726 = VECTOR ( 'NONE', #3235, 1000.000000000000000 ) ;
#3727 = CIRCLE ( 'NONE', #1142, 1.624999999999999778 ) ;
#3728 = FACE_OUTER_BOUND ( 'NONE', #204, .T. ) ;
#3729 = VERTEX_POINT ( 'NONE', #1223 ) ;
#3730 = VECTOR ( 'NONE', #4202, 1000.000000000000000 ) ;
#3731 = LINE ( 'NONE', #3704, #107 ) ;
#3732 = ADVANCED_FACE ( 'NONE', ( #2607 ), #3736, .F. ) ;
#3733 = VERTEX_POINT ( 'NONE', #570 ) ;
#3734 = ORIENTED_EDGE ( 'NONE', *, *, #1964, .T. ) ;
#3735 = CARTESIAN_POINT ( 'NONE',  ( 21.63965196924047163, 25.51314688166938183, 9.974753002507508626 ) ) ;
#3736 = PLANE ( 'NONE',  #2028 ) ;
#3737 = ADVANCED_FACE ( 'NONE', ( #891 ), #1962, .F. ) ;
#3738 = EDGE_CURVE ( 'NONE', #4190, #4491, #1508, .T. ) ;
#3739 = ORIENTED_EDGE ( 'NONE', *, *, #4300, .T. ) ;
#3740 = CARTESIAN_POINT ( 'NONE',  ( 15.30931463130407622, -3.318596089553958794, 8.539339828220144923 ) ) ;
#3741 = DIRECTION ( 'NONE',  ( -1.000000000000000000, -0.000000000000000000, 0.000000000000000000 ) ) ;
#3742 = DIRECTION ( 'NONE',  ( 0.000000000000000000, 0.000000000000000000, -1.000000000000000000 ) ) ;
#3743 = LINE ( 'NONE', #2042, #2975 ) ;
#3744 = LINE ( 'NONE', #3395, #4531 ) ;
#3745 = ORIENTED_EDGE ( 'NONE', *, *, #3779, .T. ) ;
#3746 = PLANE ( 'NONE',  #2705 ) ;
#3747 = B_SPLINE_CURVE_WITH_KNOTS ( 'NONE', 3,
 ( #2712, #4119, #3767, #947 ),
 .UNSPECIFIED., .F., .F.,
 ( 4, 4 ),
 ( 0.000000000000000000, 0.001772535030756059371 ),
 .UNSPECIFIED. ) ;
#3748 = CALENDAR_DATE ( 2026, 19, 8 ) ;
#3749 = ORIENTED_EDGE ( 'NONE', *, *, #2696, .F. ) ;
#3750 = CARTESIAN_POINT ( 'NONE',  ( 42.21093809183552992, -4.879256261333784650, 8.500000000000000000 ) ) ;
#3751 = VERTEX_POINT ( 'NONE', #3339 ) ;
#3752 = CARTESIAN_POINT ( 'NONE',  ( 21.56878636478185030, 25.61948551232610427, 10.00000000000000000 ) ) ;
#3753 = EDGE_CURVE ( 'NONE', #2034, #4409, #2543, .T. ) ;
#3754 = VERTEX_POINT ( 'NONE', #3385 ) ;
#3755 = EDGE_LOOP ( 'NONE', ( #2520, #585, #1514, #3013 ) ) ;
#3756 = CARTESIAN_POINT ( 'NONE',  ( 49.23965032567460298, 0.8331418690884946354, 7.000000000000000000 ) ) ;
#3757 = DIRECTION ( 'NONE',  ( -0.6672259460936985631, -0.2341143670503006702, 0.7071067811865517916 ) ) ;
#3758 = ORIENTED_EDGE ( 'NONE', *, *, #2212, .F. ) ;
#3759 = EDGE_CURVE ( 'NONE', #2485, #1912, #1242, .T. ) ;
#3760 = EDGE_CURVE ( 'NONE', #4123, #3775, #170, .T. ) ;
#3761 = DIRECTION ( 'NONE',  ( 0.000000000000000000, -1.000000000000000000, 0.000000000000000000 ) ) ;
#3762 = DIRECTION ( 'NONE',  ( 1.000000000000000000, -0.000000000000000000, -0.000000000000000000 ) ) ;
#3763 = CARTESIAN_POINT ( 'NONE',  ( -6.562174039351199362, 13.12434807870239872, 10.00000000000000000 ) ) ;
#3764 = DIRECTION ( 'NONE',  ( 0.000000000000000000, 0.000000000000000000, 1.000000000000000000 ) ) ;
#3765 = DIRECTION ( 'NONE',  ( 0.000000000000000000, 0.000000000000000000, 1.000000000000000000 ) ) ;
#3766 = ORIENTED_EDGE ( 'NONE', *, *, #2659, .F. ) ;
#3767 = CARTESIAN_POINT ( 'NONE',  ( 42.22138286807427932, 30.47881547404562497, 8.500000000000000000 ) ) ;
#3768 = PERSON_AND_ORGANIZATION ( #1201, #2338 ) ;
#3769 = ORIENTED_EDGE ( 'NONE', *, *, #3760, .T. ) ;
#3770 = DIRECTION ( 'NONE',  ( 0.000000000000000000, 0.000000000000000000, 1.000000000000000000 ) ) ;
#3771 = ORIENTED_EDGE ( 'NONE', *, *, #2043, .T. ) ;
#3772 = DIRECTION ( 'NONE',  ( -1.000000000000000000, 0.000000000000000000, 0.000000000000000000 ) ) ;
#3773 = CIRCLE ( 'NONE', #370, 3.250000000000007994 ) ;
#3774 = EDGE_LOOP ( 'NONE', ( #3610, #1680, #3224, #3885, #3512, #3095, #1315, #400 ) ) ;
#3775 = VERTEX_POINT ( 'NONE', #1193 ) ;
#3776 = LINE ( 'NONE', #2768, #3481 ) ;
#3777 = DIRECTION ( 'NONE',  ( 0.9435999821329339454, -0.3310877130289298087, 0.000000000000000000 ) ) ;
#3778 = ORIENTED_EDGE ( 'NONE', *, *, #1988, .T. ) ;
#3779 = EDGE_CURVE ( 'NONE', #1020, #3170, #588, .T. ) ;
#3780 = AXIS2_PLACEMENT_3D ( 'NONE', #2973, #4426, #4386 ) ;
#3781 = DIRECTION ( 'NONE',  ( -1.000000000000000000, 0.000000000000000000, 0.000000000000000000 ) ) ;
#3782 = LINE ( 'NONE', #1701, #3432 ) ;
#3783 = CARTESIAN_POINT ( 'NONE',  ( 66.88964148684802069, 33.87074373865890919, 10.00000000000000000 ) ) ;
#3784 = EDGE_CURVE ( 'NONE', #3563, #4077, #1625, .T. ) ;
#3785 = CIRCLE ( 'NONE', #4380, 3.250000000000007994 ) ;
#3786 = CARTESIAN_POINT ( 'NONE',  ( 42.21093809183552992, -4.879256261333784650, 8.500000000000000000 ) ) ;
#3787 = FACE_OUTER_BOUND ( 'NONE', #3568, .T. ) ;
#3788 = ORIENTED_EDGE ( 'NONE', *, *, #1387, .F. ) ;
#3789 = AXIS2_PLACEMENT_3D ( 'NONE', #2875, #1110, #2206 ) ;
#3790 = APPROVAL_DATE_TIME ( #3073, #44 ) ;
#3791 = EDGE_CURVE ( 'NONE', #1959, #1016, #987, .T. ) ;
#3792 = ORIENTED_EDGE ( 'NONE', *, *, #2556, .F. ) ;
#3793 = EDGE_CURVE ( 'NONE', #3177, #3712, #4457, .T. ) ;
#3794 = AXIS2_PLACEMENT_3D ( 'NONE', #724, #97, #2508 ) ;
#3795 = CIRCLE ( 'NONE', #3570, 4.000000000000003553 ) ;
#3796 = CARTESIAN_POINT ( 'NONE',  ( -3.860358513151909143, 32.87074373865893051, 6.000000000000000000 ) ) ;
#3797 = EDGE_LOOP ( 'NONE', ( #1775, #2738, #1795, #2829, #3046, #3860 ) ) ;
#3798 = AXIS2_PLACEMENT_3D ( 'NONE', #1021, #3148, #3820 ) ;
#3799 = DIRECTION ( 'NONE',  ( 0.000000000000000000, -1.000000000000000000, 0.000000000000000000 ) ) ;
#3800 = VECTOR ( 'NONE', #3483, 1000.000000000000000 ) ;
#3801 = AXIS2_PLACEMENT_3D ( 'NONE', #3647, #549, #573 ) ;
#3802 = VERTEX_POINT ( 'NONE', #147 ) ;
#3803 = ORIENTED_EDGE ( 'NONE', *, *, #2631, .F. ) ;
#3804 = FACE_OUTER_BOUND ( 'NONE', #2281, .T. ) ;
#3805 = DIRECTION ( 'NONE',  ( 0.000000000000000000, 0.000000000000000000, 1.000000000000000000 ) ) ;
#3806 = EDGE_LOOP ( 'NONE', ( #1690, #456, #1660, #601 ) ) ;
#3807 = CARTESIAN_POINT ( 'NONE',  ( 43.13962034962097647, -15.38299162719533619, 8.500000000000000000 ) ) ;
#3808 = LINE ( 'NONE', #3088, #4536 ) ;
#3809 = DIRECTION ( 'NONE',  ( 0.000000000000000000, 0.000000000000000000, -1.000000000000000000 ) ) ;
#3810 = FACE_OUTER_BOUND ( 'NONE', #1544, .T. ) ;
#3811 = EDGE_CURVE ( 'NONE', #3920, #725, #1290, .T. ) ;
#3812 = CARTESIAN_POINT ( 'NONE',  ( 64.38964148684810596, 32.87074373865885235, 6.000000000000000000 ) ) ;
#3813 = ORIENTED_EDGE ( 'NONE', *, *, #87, .T. ) ;
#3814 = APPROVAL_DATE_TIME ( #1997, #3041 ) ;
#3815 = ORIENTED_EDGE ( 'NONE', *, *, #2385, .F. ) ;
#3816 = ADVANCED_FACE ( 'NONE', ( #1263 ), #4061, .F. ) ;
#3817 = DIRECTION ( 'NONE',  ( 1.000000000000000000, -0.000000000000000000, 0.000000000000000000 ) ) ;
#3818 = EDGE_CURVE ( 'NONE', #3164, #4488, #1915, .T. ) ;
#3819 = EDGE_LOOP ( 'NONE', ( #2718, #2395, #4213, #1258 ) ) ;
#3820 = DIRECTION ( 'NONE',  ( -1.000000000000000000, 0.000000000000000000, 0.000000000000000000 ) ) ;
#3821 = ORIENTED_EDGE ( 'NONE', *, *, #3699, .F. ) ;
#3822 = ORIENTED_EDGE ( 'NONE', *, *, #4100, .F. ) ;
#3823 = CARTESIAN_POINT ( 'NONE',  ( 51.13965032567458735, -1.629257179835735814, 7.000000000000000000 ) ) ;
#3824 = CARTESIAN_POINT ( 'NONE',  ( 24.93965226057671103, -2.379256261333784650, 0.000000000000000000 ) ) ;
#3825 = ORIENTED_EDGE ( 'NONE', *, *, #3277, .F. ) ;
#3826 = CARTESIAN_POINT ( 'NONE',  ( -0.6103585131519497775, -12.12925626134106416, 6.000000000000000000 ) ) ;
#3827 = DIRECTION ( 'NONE',  ( -1.000000000000000000, 0.000000000000000000, 0.000000000000000000 ) ) ;
#3828 = ORIENTED_EDGE ( 'NONE', *, *, #2242, .T. ) ;
#3829 = LINE ( 'NONE', #3443, #2903 ) ;
#3830 = DIRECTION ( 'NONE',  ( -1.000000000000000000, 0.000000000000000000, 0.000000000000000000 ) ) ;
#3831 = EDGE_LOOP ( 'NONE', ( #1354, #812, #1011, #3603, #3086 ) ) ;
#3832 = PERSON_AND_ORGANIZATION ( #1201, #2338 ) ;
#3833 = ORIENTED_EDGE ( 'NONE', *, *, #1608, .T. ) ;
#3834 = EDGE_CURVE ( 'NONE', #3278, #2098, #3081, .T. ) ;
#3835 = CARTESIAN_POINT ( 'NONE',  ( 49.88965271631336407, 22.37074213718249993, 7.000000000000000000 ) ) ;
#3836 = ORIENTED_EDGE ( 'NONE', *, *, #2521, .T. ) ;
#3837 = CARTESIAN_POINT ( 'NONE',  ( 51.13965032567460156, 4.942509501007262607, 7.000000000000000000 ) ) ;
#3838 = EDGE_CURVE ( 'NONE', #3106, #2799, #1590, .T. ) ;
#3839 = EDGE_CURVE ( 'NONE', #536, #2415, #3085, .T. ) ;
#3840 = EDGE_LOOP ( 'NONE', ( #3072, #892, #2426, #2264 ) ) ;
#3841 = ORIENTED_EDGE ( 'NONE', *, *, #1664, .T. ) ;
#3842 = CARTESIAN_POINT ( 'NONE',  ( 17.99944820309057292, 37.87074373865891630, 9.411786357714873930 ) ) ;
#3843 = FACE_OUTER_BOUND ( 'NONE', #3546, .T. ) ;
#3844 = ORIENTED_EDGE ( 'NONE', *, *, #428, .T. ) ;
#3845 = EDGE_CURVE ( 'NONE', #563, #1395, #1352, .T. ) ;
#3846 = CONICAL_SURFACE ( 'NONE', #4367, 0.09999999999998204769, 0.7853981633974432830 ) ;
#3847 = DIRECTION ( 'NONE',  ( -0.000000000000000000, -0.000000000000000000, -1.000000000000000000 ) ) ;
#3848 = DIRECTION ( 'NONE',  ( 0.7273196761250169118, -0.000000000000000000, 0.6862988333965027721 ) ) ;
#3849 = CARTESIAN_POINT ( 'NONE',  ( 49.23965032567458877, 17.79574345152295578, 7.000000000000000000 ) ) ;
#3850 = VECTOR ( 'NONE', #426, 1000.000000000000227 ) ;
#3851 = EDGE_LOOP ( 'NONE', ( #2674, #2819, #3938, #1928 ) ) ;
#3852 = AXIS2_PLACEMENT_3D ( 'NONE', #1213, #866, #2209 ) ;
#3853 = FACE_OUTER_BOUND ( 'NONE', #3553, .T. ) ;
#3854 = LINE ( 'NONE', #2710, #2545 ) ;
#3855 = ORIENTED_EDGE ( 'NONE', *, *, #1692, .T. ) ;
#3856 = AXIS2_PLACEMENT_3D ( 'NONE', #3115, #4501, #2080 ) ;
#3857 = ORIENTED_EDGE ( 'NONE', *, *, #2128, .F. ) ;
#3858 = AXIS2_PLACEMENT_3D ( 'NONE', #38, #3158, #3646 ) ;
#3859 = DIRECTION ( 'NONE',  ( 1.000000000000000000, 0.000000000000000000, 0.000000000000000000 ) ) ;
#3860 = ORIENTED_EDGE ( 'NONE', *, *, #133, .F. ) ;
#3861 = CC_DESIGN_PERSON_AND_ORGANIZATION_ASSIGNMENT ( #2414, #3398, ( #2262 ) ) ;
#3862 = DIRECTION ( 'NONE',  ( -1.000000000000000000, 1.672206913693947955E-16, 0.000000000000000000 ) ) ;
#3863 = AXIS2_PLACEMENT_3D ( 'NONE', #4406, #125, #1541 ) ;
#3864 = AXIS2_PLACEMENT_3D ( 'NONE', #2324, #2277, #582 ) ;
#3865 = AXIS2_PLACEMENT_3D ( 'NONE', #4515, #3474, #1679 ) ;
#3866 = ORIENTED_EDGE ( 'NONE', *, *, #1248, .T. ) ;
#3867 = AXIS2_PLACEMENT_3D ( 'NONE', #3605, #3931, #2920 ) ;
#3868 = EDGE_CURVE ( 'NONE', #4262, #1737, #1397, .T. ) ;
#3869 = ORIENTED_EDGE ( 'NONE', *, *, #2826, .F. ) ;
#3870 = DIRECTION ( 'NONE',  ( -1.000000000000000000, 0.000000000000000000, 0.000000000000000000 ) ) ;
#3871 = LINE ( 'NONE', #4540, #2913 ) ;
#3872 = ORIENTED_EDGE ( 'NONE', *, *, #3333, .F. ) ;
#3873 = VECTOR ( 'NONE', #1481, 1000.000000000000000 ) ;
#3874 = CIRCLE ( 'NONE', #2994, 3.149999252924730264 ) ;
#3875 = EDGE_CURVE ( 'NONE', #1818, #1414, #3569, .T. ) ;
#3876 = CARTESIAN_POINT ( 'NONE',  ( -0.6103585131519497775, -12.12925626134106416, 0.000000000000000000 ) ) ;
#3877 = EDGE_CURVE ( 'NONE', #1395, #4077, #3274, .T. ) ;
#3878 = FACE_OUTER_BOUND ( 'NONE', #3445, .T. ) ;
#3879 = FACE_OUTER_BOUND ( 'NONE', #885, .T. ) ;
#3880 = VECTOR ( 'NONE', #2932, 1000.000000000000000 ) ;
#3881 = ORIENTED_EDGE ( 'NONE', *, *, #354, .T. ) ;
#3882 = DIRECTION ( 'NONE',  ( -1.000000000000000000, 0.000000000000000000, 0.000000000000000000 ) ) ;
#3883 = CARTESIAN_POINT ( 'NONE',  ( 21.40933286982670225, 31.04879486361023311, 8.452810569492861248 ) ) ;
#3884 = ORIENTED_EDGE ( 'NONE', *, *, #2242, .F. ) ;
#3885 = ORIENTED_EDGE ( 'NONE', *, *, #881, .T. ) ;
#3886 = DIRECTION ( 'NONE',  ( 0.000000000000000000, 0.000000000000000000, -1.000000000000000000 ) ) ;
#3887 = DIRECTION ( 'NONE',  ( 0.000000000000000000, -1.000000000000000000, 0.000000000000000000 ) ) ;
#3888 = DIRECTION ( 'NONE',  ( -1.000000000000000000, 0.000000000000000000, 0.000000000000000000 ) ) ;
#3889 = FACE_OUTER_BOUND ( 'NONE', #2931, .T. ) ;
#3890 = ORIENTED_EDGE ( 'NONE', *, *, #3271, .T. ) ;
#3891 = ORIENTED_EDGE ( 'NONE', *, *, #3839, .T. ) ;
#3892 = DIRECTION ( 'NONE',  ( 1.000000000000000000, -6.249004188959885527E-18, -0.000000000000000000 ) ) ;
#3893 = FACE_OUTER_BOUND ( 'NONE', #4438, .T. ) ;
#3894 = EDGE_LOOP ( 'NONE', ( #2767, #2514, #68, #3631 ) ) ;
#3895 = ADVANCED_FACE ( 'NONE', ( #2075 ), #656, .F. ) ;
#3896 = DIRECTION ( 'NONE',  ( -0.7071067811865441310, 0.000000000000000000, -0.7071067811865507924 ) ) ;
#3897 = FACE_OUTER_BOUND ( 'NONE', #4346, .T. ) ;
#3898 = DIRECTION ( 'NONE',  ( 0.8944271909999149672, -0.4472135954999596485, 0.000000000000000000 ) ) ;
#3899 = EDGE_LOOP ( 'NONE', ( #212, #3972, #2699, #2417, #2926 ) ) ;
#3900 = ADVANCED_FACE ( 'NONE', ( #3843 ), #4494, .F. ) ;
#3901 = EDGE_CURVE ( 'NONE', #710, #2112, #2471, .T. ) ;
#3902 = CARTESIAN_POINT ( 'NONE',  ( 14.43061728057667992, 23.62074373866633437, 10.00000000000000000 ) ) ;
#3903 = FACE_BOUND ( 'NONE', #1004, .T. ) ;
#3904 = CARTESIAN_POINT ( 'NONE',  ( 1.014641486848105734, 32.87074373865893051, 10.00000000000000000 ) ) ;
#3905 = EDGE_LOOP ( 'NONE', ( #4422, #3884, #406, #2916, #4440 ) ) ;
#3906 = LINE ( 'NONE', #1086, #460 ) ;
#3907 = LINE ( 'NONE', #2155, #3127 ) ;
#3908 = FACE_OUTER_BOUND ( 'NONE', #1908, .T. ) ;
#3909 = DIRECTION ( 'NONE',  ( -0.9999999999999853451, -1.714279192694599101E-07, 0.000000000000000000 ) ) ;
#3910 = VERTEX_POINT ( 'NONE', #4150 ) ;
#3911 = ORIENTED_EDGE ( 'NONE', *, *, #3811, .F. ) ;
#3912 = LINE ( 'NONE', #3940, #3335 ) ;
#3913 = LINE ( 'NONE', #3172, #4098 ) ;
#3914 = ORIENTED_EDGE ( 'NONE', *, *, #1842, .T. ) ;
#3915 = ORIENTED_EDGE ( 'NONE', *, *, #2329, .T. ) ;
#3916 = DIRECTION ( 'NONE',  ( -1.000000000000000000, 0.000000000000000000, 0.000000000000000000 ) ) ;
#3917 = CARTESIAN_POINT ( 'NONE',  ( 66.01464148684810596, 32.87074373865885235, 10.00000000000000000 ) ) ;
#3918 = DIRECTION ( 'NONE',  ( -1.000000000000000000, 0.000000000000000000, 0.000000000000000000 ) ) ;
#3919 = ADVANCED_FACE ( 'NONE', ( #2769 ), #2809, .F. ) ;
#3920 = VERTEX_POINT ( 'NONE', #4178 ) ;
#3921 = AXIS2_PLACEMENT_3D ( 'NONE', #1629, #199, #895 ) ;
#3922 = LINE ( 'NONE', #1403, #2167 ) ;
#3923 = CIRCLE ( 'NONE', #2309, 2.000000000000001776 ) ;
#3924 = DIRECTION ( 'NONE',  ( 0.3310877130289295311, -0.9435999821329340564, 9.982379014865770278E-16 ) ) ;
#3925 = CARTESIAN_POINT ( 'NONE',  ( 14.53965206352063255, -1.879256261333784428, 5.000000000000000000 ) ) ;
#3926 = ADVANCED_FACE ( 'NONE', ( #4216 ), #637, .F. ) ;
#3927 = EDGE_CURVE ( 'NONE', #2597, #2226, #1654, .T. ) ;
#3928 = ORIENTED_EDGE ( 'NONE', *, *, #1445, .T. ) ;
#3929 = AXIS2_PLACEMENT_3D ( 'NONE', #3063, #1351, #2074 ) ;
#3930 = LINE ( 'NONE', #1805, #1640 ) ;
#3931 = DIRECTION ( 'NONE',  ( -0.000000000000000000, -0.000000000000000000, -1.000000000000000000 ) ) ;
#3932 = VERTEX_POINT ( 'NONE', #2440 ) ;
#3933 = AXIS2_PLACEMENT_3D ( 'NONE', #458, #2683, #2616 ) ;
#3934 = EDGE_CURVE ( 'NONE', #1874, #2849, #3871, .T. ) ;
#3935 = ADVANCED_FACE ( 'NONE', ( #3407 ), #4198, .T. ) ;
#3936 = LINE ( 'NONE', #719, #1294 ) ;
#3937 = CYLINDRICAL_SURFACE ( 'NONE', #1646, 1.625000000000001332 ) ;
#3938 = ORIENTED_EDGE ( 'NONE', *, *, #11, .F. ) ;
#3939 = ORIENTED_EDGE ( 'NONE', *, *, #2431, .F. ) ;
#3940 = CARTESIAN_POINT ( 'NONE',  ( 51.13965196923813039, 19.49574378152206222, 10.00000000000000000 ) ) ;
#3941 = DIRECTION ( 'NONE',  ( -0.000000000000000000, -0.000000000000000000, 1.000000000000000000 ) ) ;
#3942 = EDGE_LOOP ( 'NONE', ( #315, #598, #1096, #3450, #2652 ) ) ;
#3943 = AXIS2_PLACEMENT_3D ( 'NONE', #2056, #703, #1044 ) ;
#3944 = VECTOR ( 'NONE', #1973, 1000.000000000000000 ) ;
#3945 = VERTEX_POINT ( 'NONE', #2377 ) ;
#3946 = DIRECTION ( 'NONE',  ( 0.9999999999999853451, 1.714279192694598836E-07, 0.000000000000000000 ) ) ;
#3947 = DIRECTION ( 'NONE',  ( -0.000000000000000000, -0.000000000000000000, 1.000000000000000000 ) ) ;
#3948 = CARTESIAN_POINT ( 'NONE',  ( -0.6103585131519567719, -12.12925626134106416, 6.000000000000000000 ) ) ;
#3949 = ORIENTED_EDGE ( 'NONE', *, *, #1272, .F. ) ;
#3950 = VECTOR ( 'NONE', #2026, 1000.000000000000000 ) ;
#3951 = AXIS2_PLACEMENT_3D ( 'NONE', #4344, #1176, #3997 ) ;
#3952 = CARTESIAN_POINT ( 'NONE',  ( 59.13965196923813039, 19.49574378152206222, 8.500000000000000000 ) ) ;
#3953 = VECTOR ( 'NONE', #4341, 1000.000000000000000 ) ;
#3954 = CARTESIAN_POINT ( 'NONE',  ( 49.18964976726820026, 19.49574344723725616, 10.00000000000000000 ) ) ;
#3955 = CARTESIAN_POINT ( 'NONE',  ( 49.88965271631336407, 22.62074139010718454, 0.000000000000000000 ) ) ;
#3956 = ORIENTED_EDGE ( 'NONE', *, *, #4510, .T. ) ;
#3957 = EDGE_CURVE ( 'NONE', #2814, #3751, #2096, .T. ) ;
#3958 = CARTESIAN_POINT ( 'NONE',  ( 43.13965196923869172, -3.318596089553956574, 8.539339828220143147 ) ) ;
#3959 = LINE ( 'NONE', #3978, #4164 ) ;
#3960 = PLANE ( 'NONE',  #4464 ) ;
#3961 = EDGE_CURVE ( 'NONE', #491, #4445, #1696, .T. ) ;
#3962 = DIRECTION ( 'NONE',  ( 1.000000000000000000, 0.000000000000000000, 0.000000000000000000 ) ) ;
#3963 = VERTEX_POINT ( 'NONE', #4477 ) ;
#3964 = ORIENTED_EDGE ( 'NONE', *, *, #4552, .T. ) ;
#3965 = CARTESIAN_POINT ( 'NONE',  ( 15.36122676773205953, 13.44605680722919594, 7.000000000000000000 ) ) ;
#3966 = DIRECTION ( 'NONE',  ( 1.000000000000000000, 0.000000000000000000, 0.000000000000000000 ) ) ;
#3967 = ORIENTED_EDGE ( 'NONE', *, *, #3501, .F. ) ;
#3968 = ORIENTED_EDGE ( 'NONE', *, *, #3414, .T. ) ;
#3969 = DIRECTION ( 'NONE',  ( -1.000000000000000000, -1.999678678259835681E-16, 0.000000000000000000 ) ) ;
#3970 = CARTESIAN_POINT ( 'NONE',  ( 17.73963427495159095, 23.62074373866633437, 10.00000000000000000 ) ) ;
#3971 = DIRECTION ( 'NONE',  ( 0.000000000000000000, 1.000000000000000000, 0.000000000000000000 ) ) ;
#3972 = ORIENTED_EDGE ( 'NONE', *, *, #3509, .T. ) ;
#3973 = DIRECTION ( 'NONE',  ( 0.000000000000000000, 0.000000000000000000, -1.000000000000000000 ) ) ;
#3974 = DIRECTION ( 'NONE',  ( -0.000000000000000000, -0.000000000000000000, 1.000000000000000000 ) ) ;
#3975 = DIRECTION ( 'NONE',  ( 1.000000000000000000, 0.000000000000000000, 0.000000000000000000 ) ) ;
#3976 = ORIENTED_EDGE ( 'NONE', *, *, #3901, .F. ) ;
#3977 = LINE ( 'NONE', #1062, #905 ) ;
#3978 = CARTESIAN_POINT ( 'NONE',  ( -2.235358513151894488, 32.87074373865893051, 10.00000000000000000 ) ) ;
#3979 = ORIENTED_EDGE ( 'NONE', *, *, #3525, .F. ) ;
#3980 = DIRECTION ( 'NONE',  ( 1.000000000000000000, 0.000000000000000000, 0.000000000000000000 ) ) ;
#3981 = ADVANCED_FACE ( 'NONE', ( #1314 ), #2724, .T. ) ;
#3982 = DIRECTION ( 'NONE',  ( -5.664403729850249372E-16, 1.000000000000000000, -0.000000000000000000 ) ) ;
#3983 = ORIENTED_EDGE ( 'NONE', *, *, #2696, .T. ) ;
#3984 = ORIENTED_EDGE ( 'NONE', *, *, #1496, .F. ) ;
#3985 = CARTESIAN_POINT ( 'NONE',  ( 53.03965196923814318, 19.49574410723509743, 10.00000000000000000 ) ) ;
#3986 = LINE ( 'NONE', #1074, #316 ) ;
#3987 = EDGE_CURVE ( 'NONE', #2876, #4292, #3196, .T. ) ;
#3988 = ADVANCED_FACE ( 'NONE', ( #3893 ), #1115, .F. ) ;
#3989 = ORIENTED_EDGE ( 'NONE', *, *, #1161, .F. ) ;
#3990 = EDGE_LOOP ( 'NONE', ( #1220, #3911 ) ) ;
#3991 = DIRECTION ( 'NONE',  ( -0.000000000000000000, -0.000000000000000000, 1.000000000000000000 ) ) ;
#3992 = CARTESIAN_POINT ( 'NONE',  ( 21.66270488007392458, -4.912365032636673234, 10.00000000000000000 ) ) ;
#3993 = DIRECTION ( 'NONE',  ( 1.000000000000000000, 0.000000000000000000, 0.000000000000000000 ) ) ;
#3994 = EDGE_CURVE ( 'NONE', #613, #2021, #3720, .T. ) ;
#3995 = ORIENTED_EDGE ( 'NONE', *, *, #276, .T. ) ;
#3996 = CARTESIAN_POINT ( 'NONE',  ( 29.68964283472129395, 23.92074139010719236, 8.500000000000000000 ) ) ;
#3997 = DIRECTION ( 'NONE',  ( -1.000000000000000000, 0.000000000000000000, 0.000000000000000000 ) ) ;
#3998 = CARTESIAN_POINT ( 'NONE',  ( -1.839161041635925685E-14, 23.62074139010716678, 10.00000000000000000 ) ) ;
#3999 = ORIENTED_EDGE ( 'NONE', *, *, #2181, .F. ) ;
#4000 = VECTOR ( 'NONE', #2246, 1000.000000000000000 ) ;
#4001 = LINE ( 'NONE', #4348, #1048 ) ;
#4002 = DIRECTION ( 'NONE',  ( 0.000000000000000000, 1.000000000000000000, 0.000000000000000000 ) ) ;
#4003 = CIRCLE ( 'NONE', #2014, 1.625000000000000222 ) ;
#4004 = VECTOR ( 'NONE', #4240, 1000.000000000000000 ) ;
#4005 = LINE ( 'NONE', #4352, #4312 ) ;
#4006 = ORIENTED_EDGE ( 'NONE', *, *, #840, .F. ) ;
#4007 = ORIENTED_EDGE ( 'NONE', *, *, #4510, .F. ) ;
#4008 = CARTESIAN_POINT ( 'NONE',  ( 49.13965027424811893, 17.84574321454329393, 7.000000000000000000 ) ) ;
#4009 = CARTESIAN_POINT ( 'NONE',  ( 29.68964283472129395, 23.92074139010719236, 1.591397869695244216 ) ) ;
#4010 = ADVANCED_FACE ( 'NONE', ( #1787, #4311 ), #26, .T. ) ;
#4011 = ORIENTED_EDGE ( 'NONE', *, *, #4383, .F. ) ;
#4012 = AXIS2_PLACEMENT_3D ( 'NONE', #239, #2484, #1656 ) ;
#4013 = DIRECTION ( 'NONE',  ( 0.000000000000000000, 0.000000000000000000, -1.000000000000000000 ) ) ;
#4014 = FACE_OUTER_BOUND ( 'NONE', #313, .T. ) ;
#4015 = FACE_OUTER_BOUND ( 'NONE', #1041, .T. ) ;
#4016 = ORIENTED_EDGE ( 'NONE', *, *, #3927, .F. ) ;
#4017 = AXIS2_PLACEMENT_3D ( 'NONE', #800, #1523, #427 ) ;
#4018 = VECTOR ( 'NONE', #3557, 1000.000000000000114 ) ;
#4019 = ADVANCED_FACE ( 'NONE', ( #1815 ), #1799, .T. ) ;
#4020 = EDGE_CURVE ( 'NONE', #3495, #1059, #3986, .T. ) ;
#4021 = DIRECTION ( 'NONE',  ( 0.000000000000000000, 0.000000000000000000, 1.000000000000000000 ) ) ;
#4022 = CARTESIAN_POINT ( 'NONE',  ( 20.91274943081715421, 32.37645228783419782, 8.481887762452167578 ) ) ;
#4023 = VECTOR ( 'NONE', #1516, 1000.000000000000000 ) ;
#4024 = CARTESIAN_POINT ( 'NONE',  ( 42.86653318024539061, -11.63496412661363344, 8.481887646702901407 ) ) ;
#4025 = VECTOR ( 'NONE', #3305, 1000.000000000000114 ) ;
#4026 = ORIENTED_EDGE ( 'NONE', *, *, #1637, .T. ) ;
#4027 = AXIS2_PLACEMENT_3D ( 'NONE', #2600, #494, #1259 ) ;
#4028 = VECTOR ( 'NONE', #2882, 1000.000000000000000 ) ;
#4029 = CYLINDRICAL_SURFACE ( 'NONE', #4155, 1.249999252924710591 ) ;
#4030 = PLANE ( 'NONE',  #317 ) ;
#4031 = AXIS2_PLACEMENT_3D ( 'NONE', #3724, #2573, #3980 ) ;
#4032 = DIRECTION ( 'NONE',  ( -1.000000000000000000, 0.000000000000000000, 0.000000000000000000 ) ) ;
#4033 = CIRCLE ( 'NONE', #1438, 1.249999252924703708 ) ;
#4034 = CARTESIAN_POINT ( 'NONE',  ( 43.13965196923869172, -1.129254617768218116, 10.00000000000000000 ) ) ;
#4035 = ORIENTED_EDGE ( 'NONE', *, *, #3222, .T. ) ;
#4036 = ORIENTED_EDGE ( 'NONE', *, *, #1899, .F. ) ;
#4037 = LINE ( 'NONE', #3682, #3554 ) ;
#4038 = FACE_OUTER_BOUND ( 'NONE', #1813, .T. ) ;
#4039 = EDGE_LOOP ( 'NONE', ( #345, #1345, #2984, #1202 ) ) ;
#4040 = CYLINDRICAL_SURFACE ( 'NONE', #3863, 3.449917204722718012 ) ;
#4041 = DIRECTION ( 'NONE',  ( 0.000000000000000000, 0.000000000000000000, -1.000000000000000000 ) ) ;
#4042 = DIRECTION ( 'NONE',  ( 1.000000000000000000, 5.664403729850249372E-16, 0.000000000000000000 ) ) ;
#4043 = ORIENTED_EDGE ( 'NONE', *, *, #795, .T. ) ;
#4044 = EDGE_CURVE ( 'NONE', #4107, #3802, #1431, .T. ) ;
#4045 = LINE ( 'NONE', #2611, #1500 ) ;
#4046 = CARTESIAN_POINT ( 'NONE',  ( -0.6103585131518942664, 32.87074373865893051, 0.000000000000000000 ) ) ;
#4047 = CYLINDRICAL_SURFACE ( 'NONE', #2081, 1.800000000000001155 ) ;
#4048 = EDGE_CURVE ( 'NONE', #4163, #722, #368, .T. ) ;
#4049 = ORIENTED_EDGE ( 'NONE', *, *, #1840, .T. ) ;
#4050 = EDGE_CURVE ( 'NONE', #1081, #4557, #394, .T. ) ;
#4051 = CARTESIAN_POINT ( 'NONE',  ( -7.110358513151920690, -13.12925626134109436, 0.000000000000000000 ) ) ;
#4052 = DIRECTION ( 'NONE',  ( 0.000000000000000000, 0.000000000000000000, 1.000000000000000000 ) ) ;
#4053 = ORIENTED_EDGE ( 'NONE', *, *, #4552, .F. ) ;
#4054 = CARTESIAN_POINT ( 'NONE',  ( 50.37548872293180580, 8.254775557466640379, 0.000000000000000000 ) ) ;
#4055 = ORIENTED_EDGE ( 'NONE', *, *, #4076, .T. ) ;
#4056 = DIRECTION ( 'NONE',  ( 4.352598021917241359E-15, -1.000000000000000000, 0.000000000000000000 ) ) ;
#4057 = CARTESIAN_POINT ( 'NONE',  ( 12.63965226057670677, -1.983764904190267631, 7.000000000000000000 ) ) ;
#4058 = ORIENTED_EDGE ( 'NONE', *, *, #2102, .T. ) ;
#4059 = CARTESIAN_POINT ( 'NONE',  ( -2.235358513151949555, -12.12925626134106416, 10.00000000000000000 ) ) ;
#4060 = CARTESIAN_POINT ( 'NONE',  ( 21.63965196924048229, 25.23043286900214355, 9.704662508638026708 ) ) ;
#4061 = PLANE ( 'NONE',  #3349 ) ;
#4062 = VERTEX_POINT ( 'NONE', #420 ) ;
#4063 = CARTESIAN_POINT ( 'NONE',  ( 30.63965226057670321, -0.3792562613337845945, 7.000000000000000000 ) ) ;
#4064 = DIRECTION ( 'NONE',  ( 0.000000000000000000, 0.000000000000000000, 1.000000000000000000 ) ) ;
#4065 = LINE ( 'NONE', #2982, #4000 ) ;
#4066 = VERTEX_POINT ( 'NONE', #4336 ) ;
#4067 = DIRECTION ( 'NONE',  ( 0.3310877130289296977, 0.9435999821329338344, -0.000000000000000000 ) ) ;
#4068 = EDGE_CURVE ( 'NONE', #563, #2814, #2165, .T. ) ;
#4069 = CARTESIAN_POINT ( 'NONE',  ( 42.11093726778489099, 25.62074139010719520, 10.00000000000000178 ) ) ;
#4070 = CARTESIAN_POINT ( 'NONE',  ( 49.88965271631336407, 22.37074213718249993, 10.00000000000000000 ) ) ;
#4071 = CARTESIAN_POINT ( 'NONE',  ( 14.53962618626709258, 11.84450365964513097, 0.000000000000000000 ) ) ;
#4072 = ORIENTED_EDGE ( 'NONE', *, *, #3653, .T. ) ;
#4073 = CIRCLE ( 'NONE', #2380, 2.000000000000001776 ) ;
#4074 = ADVANCED_FACE ( 'NONE', ( #51 ), #1443, .F. ) ;
#4075 = DIRECTION ( 'NONE',  ( -1.000000000000000000, 0.000000000000000000, 0.000000000000000000 ) ) ;
#4076 = EDGE_CURVE ( 'NONE', #4560, #1398, #3540, .T. ) ;
#4077 = VERTEX_POINT ( 'NONE', #4264 ) ;
#4078 = PLANE ( 'NONE',  #4170 ) ;
#4079 = AXIS2_PLACEMENT_3D ( 'NONE', #1377, #1313, #4177 ) ;
#4080 = ORIENTED_EDGE ( 'NONE', *, *, #1559, .F. ) ;
#4081 = ORIENTED_EDGE ( 'NONE', *, *, #2797, .F. ) ;
#4082 = CARTESIAN_POINT ( 'NONE',  ( 21.63965196924048229, 24.55234824664400151, 9.030722128709639307 ) ) ;
#4083 = DIRECTION ( 'NONE',  ( -0.000000000000000000, -0.000000000000000000, 1.000000000000000000 ) ) ;
#4084 = VECTOR ( 'NONE', #3656, 1000.000000000000000 ) ;
#4085 = VERTEX_POINT ( 'NONE', #1093 ) ;
#4086 = AXIS2_PLACEMENT_3D ( 'NONE', #4180, #4087, #2676 ) ;
#4087 = DIRECTION ( 'NONE',  ( 0.000000000000000000, 0.000000000000000000, 1.000000000000000000 ) ) ;
#4088 = CARTESIAN_POINT ( 'NONE',  ( -0.6103585131519012608, 32.87074373865893051, 6.000000000000000000 ) ) ;
#4089 = DIRECTION ( 'NONE',  ( 1.000000000000000000, 5.664403729850249372E-16, 0.000000000000000000 ) ) ;
#4090 = CIRCLE ( 'NONE', #2099, 1.598592169929840434 ) ;
#4091 = DIRECTION ( 'NONE',  ( -1.000000000000000000, 0.000000000000000000, 0.000000000000000000 ) ) ;
#4092 = VECTOR ( 'NONE', #498, 1000.000000000000000 ) ;
#4093 = VECTOR ( 'NONE', #115, 1000.000000000000114 ) ;
#4094 = CARTESIAN_POINT ( 'NONE',  ( 42.21093809183552992, -4.879256261333784650, 10.00000000000000000 ) ) ;
#4095 = CARTESIAN_POINT ( 'NONE',  ( 12.63964078082063658, 5.376919480069707546, 7.000000000000000000 ) ) ;
#4096 = APPROVAL_ROLE ( '' ) ;
#4097 = VERTEX_POINT ( 'NONE', #1487 ) ;
#4098 = VECTOR ( 'NONE', #3966, 1000.000000000000000 ) ;
#4099 = AXIS2_PLACEMENT_3D ( 'NONE', #4430, #3320, #2981 ) ;
#4100 = EDGE_CURVE ( 'NONE', #2660, #2285, #2901, .T. ) ;
#4101 = CARTESIAN_POINT ( 'NONE',  ( -0.6103585131519567719, -12.12925626134106416, 10.00000000000000000 ) ) ;
#4102 = ORIENTED_EDGE ( 'NONE', *, *, #676, .T. ) ;
#4103 = VECTOR ( 'NONE', #4219, 1000.000000000000000 ) ;
#4104 = LINE ( 'NONE', #4171, #3499 ) ;
#4105 = EDGE_CURVE ( 'NONE', #1949, #491, #3913, .T. ) ;
#4106 = EDGE_CURVE ( 'NONE', #2799, #4576, #793, .T. ) ;
#4107 = VERTEX_POINT ( 'NONE', #2210 ) ;
#4108 = ORIENTED_EDGE ( 'NONE', *, *, #2552, .T. ) ;
#4109 = PLANE ( 'NONE',  #1566 ) ;
#4110 = PLANE ( 'NONE',  #2397 ) ;
#4111 = ORIENTED_EDGE ( 'NONE', *, *, #4188, .F. ) ;
#4112 = FACE_OUTER_BOUND ( 'NONE', #3697, .T. ) ;
#4113 = CARTESIAN_POINT ( 'NONE',  ( 45.08965032567390097, -1.129254617768218116, 7.000000000000000000 ) ) ;
#4114 = DIRECTION ( 'NONE',  ( 0.000000000000000000, 0.000000000000000000, -1.000000000000000000 ) ) ;
#4115 = ORIENTED_EDGE ( 'NONE', *, *, #1188, .F. ) ;
#4116 = CARTESIAN_POINT ( 'NONE',  ( -7.110358513151920690, 33.87074373865890919, 0.000000000000000000 ) ) ;
#4117 = CARTESIAN_POINT ( 'NONE',  ( 21.56878636478185030, 25.61948551232610427, 8.539339828220141371 ) ) ;
#4118 = ORIENTED_EDGE ( 'NONE', *, *, #3279, .F. ) ;
#4119 = CARTESIAN_POINT ( 'NONE',  ( 42.36995010386947058, 31.04879486361023311, 8.452810569492863024 ) ) ;
#4120 = PERSON_AND_ORGANIZATION_ROLE ( 'design_owner' ) ;
#4121 = VERTEX_POINT ( 'NONE', #2831 ) ;
#4122 = CARTESIAN_POINT ( 'NONE',  ( 42.22138150342509277, -9.737324107477689950, 8.500000000000000000 ) ) ;
#4123 = VERTEX_POINT ( 'NONE', #399 ) ;
#4124 = ADVANCED_FACE ( 'NONE', ( #4038 ), #1065, .T. ) ;
#4125 = CARTESIAN_POINT ( 'NONE',  ( 51.38965032567400470, 5.570747475363331702, 7.000000000000000000 ) ) ;
#4126 = ORIENTED_EDGE ( 'NONE', *, *, #421, .T. ) ;
#4127 = EDGE_CURVE ( 'NONE', #1736, #53, #1557, .T. ) ;
#4128 = ORIENTED_EDGE ( 'NONE', *, *, #939, .F. ) ;
#4129 = ADVANCED_FACE ( 'NONE', ( #4423 ), #867, .F. ) ;
#4130 = CARTESIAN_POINT ( 'NONE',  ( 25.22978744412687746, 24.23480705606997887, 7.103929470303608440 ) ) ;
#4131 = CARTESIAN_POINT ( 'NONE',  ( -1.955954224241502302E-14, 25.12074139010716678, 7.478679656440331058 ) ) ;
#4132 = ORIENTED_EDGE ( 'NONE', *, *, #2784, .T. ) ;
#4133 = DIRECTION ( 'NONE',  ( 1.000000000000000000, 0.000000000000000000, 0.000000000000000000 ) ) ;
#4134 = EDGE_CURVE ( 'NONE', #4557, #1081, #550, .T. ) ;
#4135 = DIRECTION ( 'NONE',  ( 1.000000000000000000, -7.608436298143924586E-17, 0.000000000000000000 ) ) ;
#4136 = DIRECTION ( 'NONE',  ( -0.000000000000000000, -0.000000000000000000, -1.000000000000000000 ) ) ;
#4137 = ORIENTED_EDGE ( 'NONE', *, *, #788, .F. ) ;
#4138 = DIRECTION ( 'NONE',  ( -1.000000000000000000, 0.000000000000000000, 0.000000000000000000 ) ) ;
#4139 = CARTESIAN_POINT ( 'NONE',  ( 1.014641486848105734, 32.87074373865893051, 6.000000000000000000 ) ) ;
#4140 = DIRECTION ( 'NONE',  ( -0.000000000000000000, 0.000000000000000000, -1.000000000000000000 ) ) ;
#4141 = PERSON_AND_ORGANIZATION_ROLE ( 'design_supplier' ) ;
#4142 = ORIENTED_EDGE ( 'NONE', *, *, #2631, .T. ) ;
#4143 = FACE_OUTER_BOUND ( 'NONE', #282, .T. ) ;
#4144 = ORIENTED_EDGE ( 'NONE', *, *, #2820, .T. ) ;
#4145 = LINE ( 'NONE', #4125, #1365 ) ;
#4146 = AXIS2_PLACEMENT_3D ( 'NONE', #3505, #592, #330 ) ;
#4147 = ORIENTED_EDGE ( 'NONE', *, *, #2825, .T. ) ;
#4148 = ORIENTED_EDGE ( 'NONE', *, *, #1355, .T. ) ;
#4149 = DIRECTION ( 'NONE',  ( -1.000000000000000000, 0.000000000000000000, 0.000000000000000000 ) ) ;
#4150 = CARTESIAN_POINT ( 'NONE',  ( 43.13965196923869172, -1.129254617768218116, 10.00000000000000000 ) ) ;
#4151 = ORIENTED_EDGE ( 'NONE', *, *, #818, .T. ) ;
#4152 = AXIS2_PLACEMENT_3D ( 'NONE', #3539, #2858, #1786 ) ;
#4153 = ADVANCED_FACE ( 'NONE', ( #188 ), #468, .F. ) ;
#4154 = CARTESIAN_POINT ( 'NONE',  ( 49.69517519175998643, 5.668502244280198887, 7.000000000000000000 ) ) ;
#4155 = AXIS2_PLACEMENT_3D ( 'NONE', #1901, #3303, #2960 ) ;
#4156 = CARTESIAN_POINT ( 'NONE',  ( 64.38964148684804911, -12.12925626134114765, 6.000000000000000000 ) ) ;
#4157 = CARTESIAN_POINT ( 'NONE',  ( 42.21093726778487110, 25.62074139010719520, 8.500000000000000000 ) ) ;
#4158 = VECTOR ( 'NONE', #93, 1000.000000000000000 ) ;
#4159 = EDGE_CURVE ( 'NONE', #521, #2722, #1238, .T. ) ;
#4160 = ADVANCED_FACE ( 'NONE', ( #4356 ), #1930, .F. ) ;
#4161 = CARTESIAN_POINT ( 'NONE',  ( -3.050686369510396504E-06, 17.79573501475584862, 10.00000000000000000 ) ) ;
#4162 = PLANE ( 'NONE',  #1291 ) ;
#4163 = VERTEX_POINT ( 'NONE', #2668 ) ;
#4164 = VECTOR ( 'NONE', #459, 1000.000000000000000 ) ;
#4165 = APPROVAL_DATE_TIME ( #1321, #1830 ) ;
#4166 = ORIENTED_EDGE ( 'NONE', *, *, #1392, .F. ) ;
#4167 = VECTOR ( 'NONE', #3757, 1000.000000000000000 ) ;
#4168 = CARTESIAN_POINT ( 'NONE',  ( 70.88964148684802069, -13.12925626134109436, -0.000000000000000000 ) ) ;
#4169 = VERTEX_POINT ( 'NONE', #3683 ) ;
#4170 = AXIS2_PLACEMENT_3D ( 'NONE', #3332, #162, #2996 ) ;
#4171 = CARTESIAN_POINT ( 'NONE',  ( 12.63963427495158598, 22.72525223585379095, 7.000000000000000000 ) ) ;
#4172 = CIRCLE ( 'NONE', #842, 3.250000000000002665 ) ;
#4173 = CC_DESIGN_APPROVAL ( #44, ( #3019 ) ) ;
#4174 = VECTOR ( 'NONE', #2707, 1000.000000000000000 ) ;
#4175 = ORIENTED_EDGE ( 'NONE', *, *, #3393, .F. ) ;
#4176 = ORIENTED_EDGE ( 'NONE', *, *, #4048, .T. ) ;
#4177 = DIRECTION ( 'NONE',  ( -0.9435999821329339454, -0.3310877130289295311, 0.000000000000000000 ) ) ;
#4178 = CARTESIAN_POINT ( 'NONE',  ( 61.13964148684809174, 32.87074373865885235, 10.00000000000000000 ) ) ;
#4179 = VERTEX_POINT ( 'NONE', #207 ) ;
#4180 = CARTESIAN_POINT ( 'NONE',  ( 64.38964148684804911, -12.12925626134114765, 6.000000000000000000 ) ) ;
#4181 = DIRECTION ( 'NONE',  ( -0.000000000000000000, 1.000000000000000000, 0.000000000000000000 ) ) ;
#4182 = LINE ( 'NONE', #1010, #602 ) ;
#4183 = EDGE_CURVE ( 'NONE', #3077, #4557, #2327, .T. ) ;
#4184 = CARTESIAN_POINT ( 'NONE',  ( 35.07958759053650510, -15.38299162719533619, 8.500000000000000000 ) ) ;
#4185 = LINE ( 'NONE', #312, #4315 ) ;
#4186 = VERTEX_POINT ( 'NONE', #4379 ) ;
#4187 = ADVANCED_FACE ( 'NONE', ( #1282 ), #2845, .T. ) ;
#4188 = EDGE_CURVE ( 'NONE', #3106, #22, #1621, .T. ) ;
#4189 = CALENDAR_DATE ( 2026, 19, 8 ) ;
#4190 = VERTEX_POINT ( 'NONE', #1539 ) ;
#4191 = DIRECTION ( 'NONE',  ( -0.000000000000000000, -0.000000000000000000, 1.000000000000000000 ) ) ;
#4192 = ORIENTED_EDGE ( 'NONE', *, *, #2603, .T. ) ;
#4193 = EDGE_CURVE ( 'NONE', #2346, #1673, #3663, .T. ) ;
#4194 = LINE ( 'NONE', #1691, #30 ) ;
#4195 = EDGE_LOOP ( 'NONE', ( #3011, #4026, #278, #271 ) ) ;
#4196 = ORIENTED_EDGE ( 'NONE', *, *, #163, .T. ) ;
#4197 = LINE ( 'NONE', #3104, #157 ) ;
#4198 = CYLINDRICAL_SURFACE ( 'NONE', #546, 1.499999999999999778 ) ;
#4199 = ORIENTED_EDGE ( 'NONE', *, *, #539, .F. ) ;
#4200 = CYLINDRICAL_SURFACE ( 'NONE', #1886, 2.000000000000001776 ) ;
#4201 = CARTESIAN_POINT ( 'NONE',  ( 49.23965032567460298, -1.879256261333784650, 7.000000000000000000 ) ) ;
#4202 = DIRECTION ( 'NONE',  ( -0.000000000000000000, -0.000000000000000000, 1.000000000000000000 ) ) ;
#4203 = CARTESIAN_POINT ( 'NONE',  ( -2.235358513151949555, -12.12925626134106416, 0.000000000000000000 ) ) ;
#4204 = CYLINDRICAL_SURFACE ( 'NONE', #2404, 1.624999999999999778 ) ;
#4205 = EDGE_LOOP ( 'NONE', ( #2061, #3641, #1601, #3749 ) ) ;
#4206 = VERTEX_POINT ( 'NONE', #1602 ) ;
#4207 = ADVANCED_FACE ( 'NONE', ( #2694 ), #4078, .F. ) ;
#4208 = DIRECTION ( 'NONE',  ( -0.000000000000000000, -0.000000000000000000, 1.000000000000000000 ) ) ;
#4209 = ORIENTED_EDGE ( 'NONE', *, *, #2825, .F. ) ;
#4210 = CARTESIAN_POINT ( 'NONE',  ( 14.43063497486373237, -3.179256261333784472, 7.000000000000000000 ) ) ;
#4211 = EDGE_CURVE ( 'NONE', #1677, #2415, #2301, .T. ) ;
#4212 = EDGE_CURVE ( 'NONE', #2226, #2788, #4404, .T. ) ;
#4213 = ORIENTED_EDGE ( 'NONE', *, *, #3248, .F. ) ;
#4214 = ORIENTED_EDGE ( 'NONE', *, *, #3109, .F. ) ;
#4215 = DIRECTION ( 'NONE',  ( -1.000000000000000000, 0.000000000000000000, 0.000000000000000000 ) ) ;
#4216 = FACE_OUTER_BOUND ( 'NONE', #4039, .T. ) ;
#4217 = EDGE_LOOP ( 'NONE', ( #2235, #24, #657, #1536 ) ) ;
#4218 = AXIS2_PLACEMENT_3D ( 'NONE', #1127, #1872, #2201 ) ;
#4219 = DIRECTION ( 'NONE',  ( 0.7273196761250155795, -0.000000000000000000, -0.6862988333965041043 ) ) ;
#4220 = DIRECTION ( 'NONE',  ( -0.000000000000000000, 1.000000000000000000, 0.000000000000000000 ) ) ;
#4221 = CARTESIAN_POINT ( 'NONE',  ( 43.13965196923869172, 0.000000000000000000, 10.00000000000000000 ) ) ;
#4222 = CIRCLE ( 'NONE', #2233, 1.625000000000001332 ) ;
#4223 = ORIENTED_EDGE ( 'NONE', *, *, #1675, .T. ) ;
#4224 = PRODUCT_DEFINITION_SHAPE ( 'NONE', 'NONE',  #3019 ) ;
#4225 = VECTOR ( 'NONE', #262, 1000.000000000000000 ) ;
#4226 = PLANE ( 'NONE',  #2681 ) ;
#4227 = CARTESIAN_POINT ( 'NONE',  ( 10.48973191822889106, 10.37074373866630950, 10.00000000000000000 ) ) ;
#4228 = LINE ( 'NONE', #1057, #2669 ) ;
#4229 = ORIENTED_EDGE ( 'NONE', *, *, #1921, .F. ) ;
#4230 = CARTESIAN_POINT ( 'NONE',  ( 49.13964999996330363, 19.44574366278837729, 10.00000000000000000 ) ) ;
#4231 = LINE ( 'NONE', #2115, #390 ) ;
#4232 = CARTESIAN_POINT ( 'NONE',  ( 1.014641486848105734, 32.87074373865893051, 0.000000000000000000 ) ) ;
#4233 = EDGE_CURVE ( 'NONE', #3476, #532, #3731, .T. ) ;
#4234 = VECTOR ( 'NONE', #105, 1000.000000000000114 ) ;
#4235 = CIRCLE ( 'NONE', #2030, 3.250000000000007550 ) ;
#4236 = AXIS2_PLACEMENT_3D ( 'NONE', #728, #1844, #76 ) ;
#4237 = ORIENTED_EDGE ( 'NONE', *, *, #4550, .T. ) ;
#4238 = VECTOR ( 'NONE', #4002, 1000.000000000000000 ) ;
#4239 = EDGE_LOOP ( 'NONE', ( #1785, #1575, #1900, #397 ) ) ;
#4240 = DIRECTION ( 'NONE',  ( -1.885580459624909090E-06, 0.9999999999982223109, 0.000000000000000000 ) ) ;
#4241 = DIRECTION ( 'NONE',  ( 7.786212173705091691E-16, -1.000000000000000000, 0.000000000000000000 ) ) ;
#4242 = EDGE_CURVE ( 'NONE', #1845, #1874, #3361, .T. ) ;
#4243 = ADVANCED_FACE ( 'NONE', ( #2434 ), #3451, .F. ) ;
#4244 = ORIENTED_EDGE ( 'NONE', *, *, #1219, .T. ) ;
#4245 = VECTOR ( 'NONE', #3313, 1000.000000000000000 ) ;
#4246 = VECTOR ( 'NONE', #2498, 1000.000000000000000 ) ;
#4247 = CARTESIAN_POINT ( 'NONE',  ( 64.38964148684804911, -12.12925626134114765, 6.000000000000000000 ) ) ;
#4248 = CARTESIAN_POINT ( 'NONE',  ( 43.04652647392542519, 32.71590692879108531, 8.539339828220146700 ) ) ;
#4249 = CARTESIAN_POINT ( 'NONE',  ( 21.63965196924048229, 23.62074139010718454, 10.00000000000000000 ) ) ;
#4250 = CIRCLE ( 'NONE', #2263, 1.500000000000002442 ) ;
#4251 = ORIENTED_EDGE ( 'NONE', *, *, #4068, .T. ) ;
#4252 = DIRECTION ( 'NONE',  ( 1.000000000000000000, -0.000000000000000000, -0.000000000000000000 ) ) ;
#4253 = DIRECTION ( 'NONE',  ( 0.000000000000000000, 0.000000000000000000, 1.000000000000000000 ) ) ;
#4254 = CARTESIAN_POINT ( 'NONE',  ( 42.21093726778487110, 25.62074139010719520, 10.00000000000000178 ) ) ;
#4255 = VERTEX_POINT ( 'NONE', #1326 ) ;
#4256 = DIRECTION ( 'NONE',  ( 0.000000000000000000, 0.000000000000000000, 1.000000000000000000 ) ) ;
#4257 = CARTESIAN_POINT ( 'NONE',  ( 51.13965032567458735, 4.942509501007282147, 0.000000000000000000 ) ) ;
#4258 = CARTESIAN_POINT ( 'NONE',  ( 0.000000000000000000, -3.179256261333784472, 0.000000000000000000 ) ) ;
#4259 = EDGE_CURVE ( 'NONE', #2198, #3932, #3429, .T. ) ;
#4260 = DIRECTION ( 'NONE',  ( 1.885580459680951119E-06, -0.9999999999982223109, 0.000000000000000000 ) ) ;
#4261 = VERTEX_POINT ( 'NONE', #2763 ) ;
#4262 = VERTEX_POINT ( 'NONE', #294 ) ;
#4263 = LINE ( 'NONE', #2830, #531 ) ;
#4264 = CARTESIAN_POINT ( 'NONE',  ( 31.96252791610899990, -1.879256261333785094, 0.000000000000000000 ) ) ;
#4265 = ORIENTED_EDGE ( 'NONE', *, *, #2187, .F. ) ;
#4266 = ADVANCED_FACE ( 'NONE', ( #2068 ), #2331, .T. ) ;
#4267 = ORIENTED_EDGE ( 'NONE', *, *, #28, .T. ) ;
#4268 = CARTESIAN_POINT ( 'NONE',  ( 53.03965196923809344, 22.37074213718252835, 10.00000000000000000 ) ) ;
#4269 = CARTESIAN_POINT ( 'NONE',  ( 14.43063497486373237, -2.879256261333784650, 8.500000000000000000 ) ) ;
#4270 = CARTESIAN_POINT ( 'NONE',  ( 1.734424490439251398, 3.468848980878486365, 8.500000000000000000 ) ) ;
#4271 = ORIENTED_EDGE ( 'NONE', *, *, #2330, .T. ) ;
#4272 = EDGE_CURVE ( 'NONE', #4163, #3563, #2719, .T. ) ;
#4273 = EDGE_CURVE ( 'NONE', #536, #69, #2418, .T. ) ;
#4274 = DIRECTION ( 'NONE',  ( 0.000000000000000000, -0.9859780679622962563, -0.1668749516774090391 ) ) ;
#4275 = CARTESIAN_POINT ( 'NONE',  ( 66.88964148684802069, 37.87074373865891630, 0.000000000000000000 ) ) ;
#4276 = FACE_OUTER_BOUND ( 'NONE', #1124, .T. ) ;
#4277 = ORIENTED_EDGE ( 'NONE', *, *, #1410, .F. ) ;
#4278 = CARTESIAN_POINT ( 'NONE',  ( 35.00844587832606436, 23.62074139010719165, 1.593940713982425539 ) ) ;
#4279 = DIRECTION ( 'NONE',  ( 1.000000000000000000, 4.352598021917241359E-15, 0.000000000000000000 ) ) ;
#4280 = ORIENTED_EDGE ( 'NONE', *, *, #675, .F. ) ;
#4281 = DIRECTION ( 'NONE',  ( 0.000000000000000000, 0.000000000000000000, -1.000000000000000000 ) ) ;
#4282 = CARTESIAN_POINT ( 'NONE',  ( 21.63965196924048584, 22.62074139010718454, 7.000000000000000000 ) ) ;
#4283 = ORIENTED_EDGE ( 'NONE', *, *, #3753, .T. ) ;
#4284 = ORIENTED_EDGE ( 'NONE', *, *, #938, .T. ) ;
#4285 = CARTESIAN_POINT ( 'NONE',  ( 49.23965032567460298, -1.879256261333784650, 5.000000000000000000 ) ) ;
#4286 = CARTESIAN_POINT ( 'NONE',  ( 64.38964148684804911, -12.12925626134114765, 6.000000000000000000 ) ) ;
#4287 = ORIENTED_EDGE ( 'NONE', *, *, #4259, .T. ) ;
#4288 = VERTEX_POINT ( 'NONE', #974 ) ;
#4289 = CARTESIAN_POINT ( 'NONE',  ( 20.91274979345079998, -11.63496412661359614, 8.481887646702897854 ) ) ;
#4290 = CARTESIAN_POINT ( 'NONE',  ( 20.73275649977075830, -11.97441945147327580, 8.539339828220146700 ) ) ;
#4291 = DIRECTION ( 'NONE',  ( 0.000000000000000000, 0.000000000000000000, -1.000000000000000000 ) ) ;
#4292 = VERTEX_POINT ( 'NONE', #4555 ) ;
#4293 = ADVANCED_FACE ( 'NONE', ( #1347 ), #3123, .F. ) ;
#4294 = VECTOR ( 'NONE', #3345, 1000.000000000000000 ) ;
#4295 = FACE_OUTER_BOUND ( 'NONE', #3942, .T. ) ;
#4296 = AXIS2_PLACEMENT_3D ( 'NONE', #3783, #4562, #285 ) ;
#4297 = LINE ( 'NONE', #2847, #4246 ) ;
#4298 = CYLINDRICAL_SURFACE ( 'NONE', #4218, 3.250000000000007550 ) ;
#4299 = ORIENTED_EDGE ( 'NONE', *, *, #3360, .T. ) ;
#4300 = EDGE_CURVE ( 'NONE', #4575, #3270, #584, .T. ) ;
#4301 = CIRCLE ( 'NONE', #378, 2.000000000000001776 ) ;
#4302 = CARTESIAN_POINT ( 'NONE',  ( 45.08965032567390097, -1.129254617768227220, 10.00000000000000000 ) ) ;
#4303 = CARTESIAN_POINT ( 'NONE',  ( 43.13965196923869172, -3.179256261333784472, 7.000000000000000000 ) ) ;
#4304 = CIRCLE ( 'NONE', #1125, 3.250000000000002665 ) ;
#4305 = CARTESIAN_POINT ( 'NONE',  ( 42.21093726778487110, 24.06008121832736890, 8.539339828220143147 ) ) ;
#4306 = AXIS2_PLACEMENT_3D ( 'NONE', #480, #4021, #500 ) ;
#4307 = CARTESIAN_POINT ( 'NONE',  ( 22.04014487292711166, -5.044800117848248888, 7.478679656440329282 ) ) ;
#4308 = ORIENTED_EDGE ( 'NONE', *, *, #3393, .T. ) ;
#4309 = VERTEX_POINT ( 'NONE', #606 ) ;
#4310 = LINE ( 'NONE', #1144, #1712 ) ;
#4311 = FACE_BOUND ( 'NONE', #1788, .T. ) ;
#4312 = VECTOR ( 'NONE', #834, 1000.000000000000000 ) ;
#4313 = ORIENTED_EDGE ( 'NONE', *, *, #3811, .T. ) ;
#4314 = AXIS2_PLACEMENT_3D ( 'NONE', #4286, #3941, #2531 ) ;
#4315 = VECTOR ( 'NONE', #336, 1000.000000000000114 ) ;
#4316 = VERTEX_POINT ( 'NONE', #3837 ) ;
#4317 = CARTESIAN_POINT ( 'NONE',  ( 8.184237772491776752, 37.87074373865891630, 18.67341874465899210 ) ) ;
#4318 = CARTESIAN_POINT ( 'NONE',  ( 24.93965226057671103, -2.379256261333784650, 0.000000000000000000 ) ) ;
#4319 = ORIENTED_EDGE ( 'NONE', *, *, #1559, .T. ) ;
#4320 = DIRECTION ( 'NONE',  ( 0.000000000000000000, -0.1668749516774090391, 0.9859780679622962563 ) ) ;
#4321 = CIRCLE ( 'NONE', #2035, 1.625000000000001332 ) ;
#4322 = EDGE_CURVE ( 'NONE', #2786, #4121, #4145, .T. ) ;
#4323 = CARTESIAN_POINT ( 'NONE',  ( 49.88965128703429741, -2.879256432758915629, 7.000000000000000000 ) ) ;
#4324 = DIRECTION ( 'NONE',  ( -1.000000000000000000, 0.000000000000000000, 0.000000000000000000 ) ) ;
#4325 = ORIENTED_EDGE ( 'NONE', *, *, #2887, .T. ) ;
#4326 = DIRECTION ( 'NONE',  ( -0.3310877130289302528, -0.9435999821329336124, 0.000000000000000000 ) ) ;
#4327 = EDGE_CURVE ( 'NONE', #2993, #59, #4104, .T. ) ;
#4328 = CARTESIAN_POINT ( 'NONE',  ( 49.69517519176000064, 3.868502244280196845, 0.000000000000000000 ) ) ;
#4329 = EDGE_CURVE ( 'NONE', #649, #4420, #952, .T. ) ;
#4330 =( NAMED_UNIT ( * ) PLANE_ANGLE_UNIT ( ) SI_UNIT ( $, .RADIAN. ) );
#4331 = DIRECTION ( 'NONE',  ( 0.3310877130289294756, 0.9435999821329340564, 5.323935474595083727E-16 ) ) ;
#4332 = EDGE_CURVE ( 'NONE', #1686, #1168, #4194, .T. ) ;
#4333 = ORIENTED_EDGE ( 'NONE', *, *, #3868, .F. ) ;
#4334 = VERTEX_POINT ( 'NONE', #3099 ) ;
#4335 = LINE ( 'NONE', #4355, #828 ) ;
#4336 = CARTESIAN_POINT ( 'NONE',  ( 40.61234509785503377, 25.62074139010719520, 8.500000000000000000 ) ) ;
#4337 = VERTEX_POINT ( 'NONE', #2739 ) ;
#4338 = ORIENTED_EDGE ( 'NONE', *, *, #4473, .F. ) ;
#4339 = DIRECTION ( 'NONE',  ( 1.885580459284672260E-06, -0.9999999999982223109, 0.000000000000000000 ) ) ;
#4340 = DIRECTION ( 'NONE',  ( -0.000000000000000000, -0.000000000000000000, 1.000000000000000000 ) ) ;
#4341 = DIRECTION ( 'NONE',  ( 1.000000000000000000, 0.000000000000000000, 0.000000000000000000 ) ) ;
#4342 = VERTEX_POINT ( 'NONE', #2052 ) ;
#4343 = CARTESIAN_POINT ( 'NONE',  ( 49.69517519176000064, 2.633141869088493348, 7.000000000000000000 ) ) ;
#4344 = CARTESIAN_POINT ( 'NONE',  ( 15.36122676773205953, 15.87339205749153948, 0.000000000000000000 ) ) ;
#4345 = DIRECTION ( 'NONE',  ( -0.000000000000000000, -0.000000000000000000, 1.000000000000000000 ) ) ;
#4346 = EDGE_LOOP ( 'NONE', ( #1688, #1391, #2509, #2570 ) ) ;
#4347 = CC_DESIGN_PERSON_AND_ORGANIZATION_ASSIGNMENT ( #2369, #996, ( #630 ) ) ;
#4348 = CARTESIAN_POINT ( 'NONE',  ( 12.63964750896299627, 0.5362090841003128716, 10.00000000000000000 ) ) ;
#4349 = DIRECTION ( 'NONE',  ( 0.000000000000000000, 0.000000000000000000, -1.000000000000000000 ) ) ;
#4350 = DIRECTION ( 'NONE',  ( 1.000000000000000000, 0.000000000000000000, 0.000000000000000000 ) ) ;
#4351 = EDGE_CURVE ( 'NONE', #2072, #536, #932, .T. ) ;
#4352 = CARTESIAN_POINT ( 'NONE',  ( -7.110358513151920690, 0.000000000000000000, 10.00000000000000000 ) ) ;
#4353 = ORIENTED_EDGE ( 'NONE', *, *, #3558, .F. ) ;
#4354 = ORIENTED_EDGE ( 'NONE', *, *, #137, .F. ) ;
#4355 = CARTESIAN_POINT ( 'NONE',  ( 51.13965032567459446, 2.225903408490706349E-13, 0.000000000000000000 ) ) ;
#4356 = FACE_OUTER_BOUND ( 'NONE', #4568, .T. ) ;
#4357 = ADVANCED_FACE ( 'NONE', ( #4508 ), #3402, .F. ) ;
#4358 = EDGE_CURVE ( 'NONE', #3035, #3399, #2787, .T. ) ;
#4359 = ORIENTED_EDGE ( 'NONE', *, *, #392, .F. ) ;
#4360 = LINE ( 'NONE', #844, #481 ) ;
#4361 = FACE_OUTER_BOUND ( 'NONE', #4538, .T. ) ;
#4362 = DIRECTION ( 'NONE',  ( 1.448117816884087885E-14, -1.000000000000000000, 0.000000000000000000 ) ) ;
#4363 = ORIENTED_EDGE ( 'NONE', *, *, #646, .T. ) ;
#4364 = CARTESIAN_POINT ( 'NONE',  ( 21.56878636478185030, 25.61948551232610427, 8.500000000000000000 ) ) ;
#4365 = CARTESIAN_POINT ( 'NONE',  ( 21.28390581964390549, 31.62074373866633792, 8.353985497967505225 ) ) ;
#4366 = CARTESIAN_POINT ( 'NONE',  ( 15.36122676773205953, 15.87339205749153948, 0.000000000000000000 ) ) ;
#4367 = AXIS2_PLACEMENT_3D ( 'NONE', #4254, #2151, #3552 ) ;
#4368 = ORIENTED_EDGE ( 'NONE', *, *, #4571, .F. ) ;
#4369 = AXIS2_PLACEMENT_3D ( 'NONE', #4476, #2723, #2400 ) ;
#4370 = DIRECTION ( 'NONE',  ( -0.000000000000000000, -0.000000000000000000, 1.000000000000000000 ) ) ;
#4371 = DIRECTION ( 'NONE',  ( -1.000000000000000000, 0.000000000000000000, 0.000000000000000000 ) ) ;
#4372 = CARTESIAN_POINT ( 'NONE',  ( 42.49537715405227090, 31.62074373866633792, 8.353985497967505225 ) ) ;
#4373 = AXIS2_PLACEMENT_3D ( 'NONE', #34, #347, #2839 ) ;
#4374 = DIRECTION ( 'NONE',  ( 0.000000000000000000, 0.000000000000000000, 1.000000000000000000 ) ) ;
#4375 = ORIENTED_EDGE ( 'NONE', *, *, #360, .F. ) ;
#4376 = EDGE_CURVE ( 'NONE', #2799, #1174, #357, .T. ) ;
#4377 = ORIENTED_EDGE ( 'NONE', *, *, #3957, .F. ) ;
#4378 = CARTESIAN_POINT ( 'NONE',  ( 35.00844587832606436, 22.37074213718249993, 8.500000000000000000 ) ) ;
#4379 = CARTESIAN_POINT ( 'NONE',  ( 61.13964148684803490, -12.12925626134114765, 6.000000000000000000 ) ) ;
#4380 = AXIS2_PLACEMENT_3D ( 'NONE', #2427, #3764, #965 ) ;
#4381 = ORIENTED_EDGE ( 'NONE', *, *, #3003, .T. ) ;
#4382 = VECTOR ( 'NONE', #720, 1000.000000000000000 ) ;
#4383 = EDGE_CURVE ( 'NONE', #934, #1168, #320, .T. ) ;
#4384 = CARTESIAN_POINT ( 'NONE',  ( 47.03964868210912442, -2.879256921328932073, 7.000000000000000000 ) ) ;
#4385 = EDGE_CURVE ( 'NONE', #59, #2505, #4534, .T. ) ;
#4386 = DIRECTION ( 'NONE',  ( 1.000000000000000000, 0.000000000000000000, 0.000000000000000000 ) ) ;
#4387 = CARTESIAN_POINT ( 'NONE',  ( 49.88965271631336407, -1.879256261333783762, 0.000000000000000000 ) ) ;
#4388 = ORIENTED_EDGE ( 'NONE', *, *, #2093, .F. ) ;
#4389 = VECTOR ( 'NONE', #3296, 1000.000000000000000 ) ;
#4390 = TOROIDAL_SURFACE ( 'NONE', #4455, 0.4999999999999990563, 1.500000000000000000 ) ;
#4391 = FACE_OUTER_BOUND ( 'NONE', #4195, .T. ) ;
#4392 = CARTESIAN_POINT ( 'NONE',  ( 17.73963427495159095, 23.62074373866633437, 7.000000000000000000 ) ) ;
#4393 = VECTOR ( 'NONE', #2121, 1000.000000000000000 ) ;
#4394 = PLANE ( 'NONE',  #3698 ) ;
#4395 = VECTOR ( 'NONE', #3584, 1000.000000000000000 ) ;
#4396 = VERTEX_POINT ( 'NONE', #4232 ) ;
#4397 = AXIS2_PLACEMENT_3D ( 'NONE', #3521, #1792, #1119 ) ;
#4398 = CARTESIAN_POINT ( 'NONE',  ( 48.37548872293180580, 12.46774955728973922, 7.000000000000000000 ) ) ;
#4399 = DIRECTION ( 'NONE',  ( 0.000000000000000000, 0.000000000000000000, 1.000000000000000000 ) ) ;
#4400 = CARTESIAN_POINT ( 'NONE',  ( 14.43063497486373237, -3.179256261333784472, 8.500000000000000000 ) ) ;
#4401 = CARTESIAN_POINT ( 'NONE',  ( 14.43061728057667992, 23.62074373866633437, 7.000000000000000000 ) ) ;
#4402 = ORIENTED_EDGE ( 'NONE', *, *, #3277, .T. ) ;
#4403 = DIRECTION ( 'NONE',  ( 1.000000000000000000, 0.000000000000000000, 0.000000000000000000 ) ) ;
#4404 = LINE ( 'NONE', #814, #848 ) ;
#4405 = VERTEX_POINT ( 'NONE', #45 ) ;
#4406 = CARTESIAN_POINT ( 'NONE',  ( 10.48973191822889106, 10.37074373866630950, 10.00000000000000000 ) ) ;
#4407 = CARTESIAN_POINT ( 'NONE',  ( 21.63965196924047518, 25.04494211659890013, 9.521421221367459609 ) ) ;
#4408 = CARTESIAN_POINT ( 'NONE',  ( 49.88965271631336407, 22.37074213718249993, 7.000000000000000000 ) ) ;
#4409 = VERTEX_POINT ( 'NONE', #2455 ) ;
#4410 = ADVANCED_FACE ( 'NONE', ( #4574 ), #2503, .F. ) ;
#4411 = CARTESIAN_POINT ( 'NONE',  ( 64.38964148684810596, 32.87074373865885235, 10.00000000000000000 ) ) ;
#4412 = DIRECTION ( 'NONE',  ( 1.000000000000000000, 0.000000000000000000, 0.000000000000000000 ) ) ;
#4413 = DIRECTION ( 'NONE',  ( -0.000000000000000000, -0.000000000000000000, 1.000000000000000000 ) ) ;
#4414 = ORIENTED_EDGE ( 'NONE', *, *, #858, .T. ) ;
#4415 = EDGE_CURVE ( 'NONE', #638, #1478, #764, .T. ) ;
#4416 = EDGE_CURVE ( 'NONE', #638, #2278, #3560, .T. ) ;
#4417 = CARTESIAN_POINT ( 'NONE',  ( 49.69517519175999354, 0.8331418690884933032, 0.000000000000000000 ) ) ;
#4418 = LINE ( 'NONE', #4069, #1955 ) ;
#4419 = DIRECTION ( 'NONE',  ( -1.000000000000000000, 0.000000000000000000, 0.000000000000000000 ) ) ;
#4420 = VERTEX_POINT ( 'NONE', #91 ) ;
#4421 = DIRECTION ( 'NONE',  ( 0.000000000000000000, 0.000000000000000000, -1.000000000000000000 ) ) ;
#4422 = ORIENTED_EDGE ( 'NONE', *, *, #1777, .T. ) ;
#4423 = FACE_OUTER_BOUND ( 'NONE', #3038, .T. ) ;
#4424 = VERTEX_POINT ( 'NONE', #695 ) ;
#4425 = FACE_OUTER_BOUND ( 'NONE', #1853, .T. ) ;
#4426 = DIRECTION ( 'NONE',  ( 0.000000000000000000, 0.000000000000000000, 1.000000000000000000 ) ) ;
#4427 = CARTESIAN_POINT ( 'NONE',  ( 64.38964148684810596, 32.87074373865885235, 10.00000000000000000 ) ) ;
#4428 = VERTEX_POINT ( 'NONE', #66 ) ;
#4429 = CARTESIAN_POINT ( 'NONE',  ( 12.63964750896299627, 5.376919480069707546, 1.593940713982425539 ) ) ;
#4430 = CARTESIAN_POINT ( 'NONE',  ( 0.000000000000000000, -3.179256261333784472, 0.000000000000000000 ) ) ;
#4431 = CARTESIAN_POINT ( 'NONE',  ( 21.85619284240432236, -17.12925626134109081, -13.16256173829073894 ) ) ;
#4432 = ADVANCED_FACE ( 'NONE', ( #1066 ), #3585, .T. ) ;
#4433 = VERTEX_POINT ( 'NONE', #388 ) ;
#4434 = CARTESIAN_POINT ( 'NONE',  ( 22.06834488186064291, -4.879256261333784650, 7.478679656440331058 ) ) ;
#4435 = FACE_OUTER_BOUND ( 'NONE', #998, .T. ) ;
#4436 = CARTESIAN_POINT ( 'NONE',  ( 35.07958759053650510, -3.484083463375951872, 7.000000000000000000 ) ) ;
#4437 = EDGE_CURVE ( 'NONE', #1100, #1413, #3256, .T. ) ;
#4438 = EDGE_LOOP ( 'NONE', ( #1311, #2465, #376, #52 ) ) ;
#4439 = CARTESIAN_POINT ( 'NONE',  ( 49.69517519175998643, 5.668502244280198887, 0.000000000000000000 ) ) ;
#4440 = ORIENTED_EDGE ( 'NONE', *, *, #3961, .F. ) ;
#4441 = VECTOR ( 'NONE', #2, 1000.000000000000000 ) ;
#4442 = CARTESIAN_POINT ( 'NONE',  ( 47.03964868210911732, -1.129254617768226998, 10.00000000000000000 ) ) ;
#4443 = VECTOR ( 'NONE', #3662, 1000.000000000000114 ) ;
#4444 = ORIENTED_EDGE ( 'NONE', *, *, #627, .T. ) ;
#4445 = VERTEX_POINT ( 'NONE', #738 ) ;
#4446 = PLANE ( 'NONE',  #4369 ) ;
#4447 = CARTESIAN_POINT ( 'NONE',  ( 23.45598632904771819, 26.28166093838396478, 8.099999999999967670 ) ) ;
#4448 = ORIENTED_EDGE ( 'NONE', *, *, #247, .T. ) ;
#4449 = AXIS2_PLACEMENT_3D ( 'NONE', #1245, #129, #2270 ) ;
#4450 = DIRECTION ( 'NONE',  ( -1.000000000000000000, 0.000000000000000000, 0.000000000000000000 ) ) ;
#4451 = LINE ( 'NONE', #2009, #2332 ) ;
#4452 = DIRECTION ( 'NONE',  ( -0.7273196761250163567, -0.000000000000000000, -0.6862988333965032162 ) ) ;
#4453 = VERTEX_POINT ( 'NONE', #4305 ) ;
#4454 = VECTOR ( 'NONE', #2813, 1000.000000000000000 ) ;
#4455 = AXIS2_PLACEMENT_3D ( 'NONE', #2963, #4374, #3400 ) ;
#4456 = DIRECTION ( 'NONE',  ( -1.714279498419585500E-07, 0.9999999999999853451, 0.000000000000000000 ) ) ;
#4457 = CIRCLE ( 'NONE', #16, 1.689339081144887400 ) ;
#4458 = AXIS2_PLACEMENT_3D ( 'NONE', #1598, #1234, #202 ) ;
#4459 = LINE ( 'NONE', #2276, #4238 ) ;
#4460 = ORIENTED_EDGE ( 'NONE', *, *, #1697, .T. ) ;
#4461 = DIRECTION ( 'NONE',  ( -0.3310877130289300863, 0.9435999821329336124, 9.813077866773295888E-18 ) ) ;
#4462 = PERSON_AND_ORGANIZATION ( #1201, #2338 ) ;
#4463 = ORIENTED_EDGE ( 'NONE', *, *, #1325, .F. ) ;
#4464 = AXIS2_PLACEMENT_3D ( 'NONE', #4258, #1088, #787 ) ;
#4465 = CIRCLE ( 'NONE', #2475, 0.09999999999998204769 ) ;
#4466 = ADVANCED_FACE ( 'NONE', ( #3908 ), #2205, .F. ) ;
#4467 = ADVANCED_FACE ( 'NONE', ( #2525 ), #1409, .F. ) ;
#4468 = DIRECTION ( 'NONE',  ( -1.000000000000000000, 0.000000000000000000, 0.000000000000000000 ) ) ;
#4469 = CC_DESIGN_APPROVAL ( #1830, ( #630 ) ) ;
#4470 = ORIENTED_EDGE ( 'NONE', *, *, #2552, .F. ) ;
#4471 = DIRECTION ( 'NONE',  ( 1.000000000000000000, 0.000000000000000000, 0.000000000000000000 ) ) ;
#4472 = EDGE_CURVE ( 'NONE', #22, #1174, #3936, .T. ) ;
#4473 = EDGE_CURVE ( 'NONE', #1236, #3119, #413, .T. ) ;
#4474 = VERTEX_POINT ( 'NONE', #3515 ) ;
#4475 = ORIENTED_EDGE ( 'NONE', *, *, #511, .T. ) ;
#4476 = CARTESIAN_POINT ( 'NONE',  ( 29.68964283472129395, 23.62074139010719165, 1.593940713982425539 ) ) ;
#4477 = CARTESIAN_POINT ( 'NONE',  ( 40.65027792005570006, -4.879256261333784650, 8.539339828220141371 ) ) ;
#4478 = VERTEX_POINT ( 'NONE', #3213 ) ;
#4479 = DIRECTION ( 'NONE',  ( 0.000000000000000000, 0.000000000000000000, 1.000000000000000000 ) ) ;
#4480 = DIRECTION ( 'NONE',  ( -7.608436298143924586E-17, -1.000000000000000000, 0.000000000000000000 ) ) ;
#4481 = LINE ( 'NONE', #1659, #2303 ) ;
#4482 = DIRECTION ( 'NONE',  ( 1.000000000000000000, 0.000000000000000000, 0.000000000000000000 ) ) ;
#4483 = DIRECTION ( 'NONE',  ( -1.000000000000000000, 0.000000000000000000, 0.000000000000000000 ) ) ;
#4484 = EDGE_LOOP ( 'NONE', ( #2047, #121, #3034, #1253, #964, #3968, #136, #3632, #2190, #896, #2057 ) ) ;
#4485 = APPLICATION_PROTOCOL_DEFINITION ( 'international standard', 'config_control_design', 1994, #658 ) ;
#4486 = ORIENTED_EDGE ( 'NONE', *, *, #3214, .F. ) ;
#4487 = DIRECTION ( 'NONE',  ( 0.000000000000000000, -1.000000000000000000, 0.000000000000000000 ) ) ;
#4488 = VERTEX_POINT ( 'NONE', #362 ) ;
#4489 = DIRECTION ( 'NONE',  ( -1.000000000000000000, 0.000000000000000000, 0.000000000000000000 ) ) ;
#4490 = EDGE_CURVE ( 'NONE', #1091, #324, #3168, .T. ) ;
#4491 = VERTEX_POINT ( 'NONE', #2553 ) ;
#4492 = ORIENTED_EDGE ( 'NONE', *, *, #858, .F. ) ;
#4493 = CARTESIAN_POINT ( 'NONE',  ( 43.13965196923869172, -2.879256261333784650, 7.000000000000000000 ) ) ;
#4494 = PLANE ( 'NONE',  #1881 ) ;
#4495 = ADVANCED_FACE ( 'NONE', ( #1436 ), #3960, .T. ) ;
#4496 = ADVANCED_FACE ( 'NONE', ( #3606 ), #436, .F. ) ;
#4497 = ORIENTED_EDGE ( 'NONE', *, *, #4332, .T. ) ;
#4498 = CARTESIAN_POINT ( 'NONE',  ( 49.23965032567459588, 6.451105763866648246, 7.000000000000000000 ) ) ;
#4499 = DIRECTION ( 'NONE',  ( -0.000000000000000000, -0.000000000000000000, 1.000000000000000000 ) ) ;
#4500 = DIRECTION ( 'NONE',  ( 0.000000000000000000, 0.000000000000000000, 1.000000000000000000 ) ) ;
#4501 = DIRECTION ( 'NONE',  ( -1.000000000000000000, 0.000000000000000000, 0.000000000000000000 ) ) ;
#4502 = LINE ( 'NONE', #2082, #2180 ) ;
#4503 = ORIENTED_EDGE ( 'NONE', *, *, #3452, .F. ) ;
#4504 = APPROVAL_STATUS ( 'not_yet_approved' ) ;
#4505 = ORIENTED_EDGE ( 'NONE', *, *, #3609, .F. ) ;
#4506 = FACE_BOUND ( 'NONE', #2073, .T. ) ;
#4507 = ORIENTED_EDGE ( 'NONE', *, *, #4273, .T. ) ;
#4508 = FACE_OUTER_BOUND ( 'NONE', #2193, .T. ) ;
#4509 = AXIS2_PLACEMENT_3D ( 'NONE', #1825, #733, #3975 ) ;
#4510 = EDGE_CURVE ( 'NONE', #3910, #2346, #3654, .T. ) ;
#4511 = AXIS2_PLACEMENT_3D ( 'NONE', #4522, #3809, #943 ) ;
#4512 = EDGE_LOOP ( 'NONE', ( #2000, #3378, #416, #1892 ) ) ;
#4513 = EDGE_LOOP ( 'NONE', ( #3446, #3825 ) ) ;
#4514 = LINE ( 'NONE', #655, #2753 ) ;
#4515 = CARTESIAN_POINT ( 'NONE',  ( 51.13965032567460156, 0.1704718338856545945, 1.593940713982425539 ) ) ;
#4516 = ORIENTED_EDGE ( 'NONE', *, *, #2969, .F. ) ;
#4517 = CIRCLE ( 'NONE', #2823, 1.625000000000000222 ) ;
#4518 = EDGE_CURVE ( 'NONE', #222, #4428, #156, .T. ) ;
#4519 = CARTESIAN_POINT ( 'NONE',  ( 49.13964999996330363, 19.44574366278837729, 7.000000000000000000 ) ) ;
#4520 = VECTOR ( 'NONE', #1797, 1000.000000000000000 ) ;
#4521 = DIRECTION ( 'NONE',  ( -0.000000000000000000, -0.000000000000000000, 1.000000000000000000 ) ) ;
#4522 = CARTESIAN_POINT ( 'NONE',  ( -3.110358513151917137, -13.12925626134109436, 10.00000000000000000 ) ) ;
#4523 = VECTOR ( 'NONE', #2149, 1000.000000000000000 ) ;
#4524 = EDGE_CURVE ( 'NONE', #132, #1343, #2704, .T. ) ;
#4525 = CARTESIAN_POINT ( 'NONE',  ( 43.13965196923869172, -4.779256261333798328, 10.00000000000000000 ) ) ;
#4526 = CARTESIAN_POINT ( 'NONE',  ( 70.88964148684802069, 0.000000000000000000, -0.000000000000000000 ) ) ;
#4527 = EDGE_LOOP ( 'NONE', ( #1402, #2153, #1094, #3160 ) ) ;
#4528 = AXIS2_PLACEMENT_3D ( 'NONE', #3750, #3770, #4468 ) ;
#4529 = APPROVAL_ROLE ( '' ) ;
#4530 = ORIENTED_EDGE ( 'NONE', *, *, #1859, .T. ) ;
#4531 = VECTOR ( 'NONE', #221, 1000.000000000000000 ) ;
#4532 = LINE ( 'NONE', #2481, #1505 ) ;
#4533 = ORIENTED_EDGE ( 'NONE', *, *, #1715, .T. ) ;
#4534 = CIRCLE ( 'NONE', #2547, 3.449917204722718012 ) ;
#4535 = DIRECTION ( 'NONE',  ( 1.000000000000000000, 7.786212173705108455E-16, 0.000000000000000000 ) ) ;
#4536 = VECTOR ( 'NONE', #2793, 1000.000000000000000 ) ;
#4537 = ORIENTED_EDGE ( 'NONE', *, *, #669, .T. ) ;
#4538 = EDGE_LOOP ( 'NONE', ( #758, #663, #1008, #3318 ) ) ;
#4539 = DIRECTION ( 'NONE',  ( 0.4633093305918514204, -0.8737704395039783689, -0.1478840195408389069 ) ) ;
#4540 = CARTESIAN_POINT ( 'NONE',  ( 66.88964148684802069, 37.87074373865891630, 10.00000000000000000 ) ) ;
#4541 = ORIENTED_EDGE ( 'NONE', *, *, #213, .T. ) ;
#4542 = DIRECTION ( 'NONE',  ( 1.000000000000000000, 0.000000000000000000, 0.000000000000000000 ) ) ;
#4543 = DIRECTION ( 'NONE',  ( 0.000000000000000000, 0.000000000000000000, -1.000000000000000000 ) ) ;
#4544 = CARTESIAN_POINT ( 'NONE',  ( 2.639641486848106844, 32.87074373865893051, 6.000000000000000000 ) ) ;
#4545 = VERTEX_POINT ( 'NONE', #808 ) ;
#4546 = ADVANCED_FACE ( 'NONE', ( #1254 ), #3377, .F. ) ;
#4547 = CARTESIAN_POINT ( 'NONE',  ( 17.73963427495159095, 21.77074209509556013, 10.00000000000000000 ) ) ;
#4548 = CARTESIAN_POINT ( 'NONE',  ( 35.00844587832606436, 23.92074139010719236, 7.000000000000000000 ) ) ;
#4549 = VERTEX_POINT ( 'NONE', #4071 ) ;
#4550 = EDGE_CURVE ( 'NONE', #3462, #185, #697, .T. ) ;
#4551 = ORIENTED_EDGE ( 'NONE', *, *, #3161, .F. ) ;
#4552 = EDGE_CURVE ( 'NONE', #1495, #4569, #2294, .T. ) ;
#4553 = CARTESIAN_POINT ( 'NONE',  ( 49.88965128703429741, -2.879256432758916073, 10.00000000000000000 ) ) ;
#4554 = EDGE_LOOP ( 'NONE', ( #3362, #2486, #1623, #1699 ) ) ;
#4555 = CARTESIAN_POINT ( 'NONE',  ( 13.56122676773205882, 13.44605680722920482, 7.000000000000000000 ) ) ;
#4556 = ORIENTED_EDGE ( 'NONE', *, *, #1899, .T. ) ;
#4557 = VERTEX_POINT ( 'NONE', #3286 ) ;
#4558 = CARTESIAN_POINT ( 'NONE',  ( 29.68964734479039436, -3.179256261333785361, 7.000000000000000000 ) ) ;
#4559 = DIRECTION ( 'NONE',  ( 1.000000000000000000, 0.000000000000000000, 0.000000000000000000 ) ) ;
#4560 = VERTEX_POINT ( 'NONE', #1533 ) ;
#4561 = DIRECTION ( 'NONE',  ( 0.000000000000000000, 0.000000000000000000, 1.000000000000000000 ) ) ;
#4562 = DIRECTION ( 'NONE',  ( -0.000000000000000000, -0.000000000000000000, 1.000000000000000000 ) ) ;
#4563 = CARTESIAN_POINT ( 'NONE',  ( 49.23965032567458877, 22.37074213718249993, 0.000000000000000000 ) ) ;
#4564 = EDGE_LOOP ( 'NONE', ( #3427, #2867 ) ) ;
#4565 = DIRECTION ( 'NONE',  ( 0.000000000000000000, 0.000000000000000000, -1.000000000000000000 ) ) ;
#4566 = EDGE_CURVE ( 'NONE', #495, #857, #2943, .T. ) ;
#4567 = CARTESIAN_POINT ( 'NONE',  ( 49.23965032567458877, 22.62074139010718454, 5.000000000000000000 ) ) ;
#4568 = EDGE_LOOP ( 'NONE', ( #586, #3855, #3029, #1816, #3815 ) ) ;
#4569 = VERTEX_POINT ( 'NONE', #1577 ) ;
#4570 = CYLINDRICAL_SURFACE ( 'NONE', #1046, 2.000000000000001776 ) ;
#4571 = EDGE_CURVE ( 'NONE', #1398, #521, #2302, .T. ) ;
#4572 = CARTESIAN_POINT ( 'NONE',  ( 49.23965032567458877, 22.62074139010718454, 5.000000000000000000 ) ) ;
#4573 = EDGE_CURVE ( 'NONE', #4453, #4405, #3285, .T. ) ;
#4574 = FACE_OUTER_BOUND ( 'NONE', #228, .T. ) ;
#4575 = VERTEX_POINT ( 'NONE', #2990 ) ;
#4576 = VERTEX_POINT ( 'NONE', #1947 ) ;
#4577 = CARTESIAN_POINT ( 'NONE',  ( 61.13964148684809174, 32.87074373865885235, 6.000000000000000000 ) ) ;
#4578 = VERTEX_POINT ( 'NONE', #900 ) ;
ENDSEC;
END-ISO-10303-21;
