ISO-10303-21;
HEADER;
FILE_DESCRIPTION (( 'STEP AP203' ),
    '1' );
FILE_NAME ('felko pines.STEP',
    '2026-08-19T13:10:51',
    ( '' ),
    ( '' ),
    'SwSTEP 2.0',
    'SolidWorks 2026',
    '' );
FILE_SCHEMA (( 'CONFIG_CONTROL_DESIGN' ));
ENDSEC;

DATA;
#1 = AXIS2_PLACEMENT_3D ( 'NONE', #1510, #672, #2266 ) ;
#2 = CARTESIAN_POINT ( 'NONE',  ( 49.30476400857100572, 63.53786520321301623, 15.00000000000000000 ) ) ;
#3 = ORIENTED_EDGE ( 'NONE', *, *, #3343, .F. ) ;
#4 = AXIS2_PLACEMENT_3D ( 'NONE', #3200, #2359, #3453 ) ;
#5 = LINE ( 'NONE', #1093, #2179 ) ;
#6 = VECTOR ( 'NONE', #939, 1000.000000000000000 ) ;
#7 = FACE_OUTER_BOUND ( 'NONE', #89, .T. ) ;
#8 = ORIENTED_EDGE ( 'NONE', *, *, #3079, .T. ) ;
#9 = AXIS2_PLACEMENT_3D ( 'NONE', #3055, #1959, #3072 ) ;
#10 = VECTOR ( 'NONE', #3502, 1000.000000000000000 ) ;
#11 = ORIENTED_EDGE ( 'NONE', *, *, #1934, .T. ) ;
#12 = CYLINDRICAL_SURFACE ( 'NONE', #1660, 2.750000000000002665 ) ;
#13 = LINE ( 'NONE', #2760, #642 ) ;
#14 = CIRCLE ( 'NONE', #3102, 0.6499999999999978018 ) ;
#15 = VECTOR ( 'NONE', #3323, 1000.000000000000000 ) ;
#16 = DIRECTION ( 'NONE',  ( -1.000000000000000000, 0.000000000000000000, 0.000000000000000000 ) ) ;
#17 = EDGE_CURVE ( 'NONE', #72, #3023, #3423, .T. ) ;
#18 = ORIENTED_EDGE ( 'NONE', *, *, #3534, .T. ) ;
#19 = CIRCLE ( 'NONE', #2196, 6.000000000000005329 ) ;
#20 = EDGE_CURVE ( 'NONE', #225, #715, #3206, .T. ) ;
#21 = DIRECTION ( 'NONE',  ( -1.000000000000000000, 0.000000000000000000, 0.000000000000000000 ) ) ;
#22 = DIRECTION ( 'NONE',  ( -1.000000000000000000, 0.000000000000000000, 0.000000000000000000 ) ) ;
#23 = ORIENTED_EDGE ( 'NONE', *, *, #2745, .T. ) ;
#24 = EDGE_CURVE ( 'NONE', #1265, #3214, #574, .T. ) ;
#25 = ORIENTED_EDGE ( 'NONE', *, *, #657, .F. ) ;
#26 = DIRECTION ( 'NONE',  ( -1.000000000000000000, 0.000000000000000000, 0.000000000000000000 ) ) ;
#27 = CARTESIAN_POINT ( 'NONE',  ( 100.8547656438164637, 69.88786520321384899, 0.000000000000000000 ) ) ;
#28 = ORIENTED_EDGE ( 'NONE', *, *, #1521, .F. ) ;
#29 = EDGE_LOOP ( 'NONE', ( #3014, #2906, #2219, #264 ) ) ;
#30 = CYLINDRICAL_SURFACE ( 'NONE', #1313, 6.000000000000005329 ) ;
#31 = FACE_OUTER_BOUND ( 'NONE', #311, .T. ) ;
#32 = DIRECTION ( 'NONE',  ( 1.000000000000000000, 0.000000000000000000, 0.000000000000000000 ) ) ;
#33 = EDGE_CURVE ( 'NONE', #268, #3466, #3458, .T. ) ;
#34 = FACE_BOUND ( 'NONE', #774, .T. ) ;
#35 = CARTESIAN_POINT ( 'NONE',  ( 117.0547640085710128, 63.53786520321301623, 0.000000000000000000 ) ) ;
#36 = ADVANCED_FACE ( 'NONE', ( #646 ), #3140, .F. ) ;
#37 = ORIENTED_EDGE ( 'NONE', *, *, #33, .T. ) ;
#38 = FACE_OUTER_BOUND ( 'NONE', #432, .T. ) ;
#39 = DIRECTION ( 'NONE',  ( 1.000000000000000000, 0.000000000000000000, 0.000000000000000000 ) ) ;
#40 = ORIENTED_EDGE ( 'NONE', *, *, #2832, .F. ) ;
#41 = EDGE_CURVE ( 'NONE', #2385, #3235, #1775, .T. ) ;
#42 = ORIENTED_EDGE ( 'NONE', *, *, #2072, .T. ) ;
#43 = DIRECTION ( 'NONE',  ( -0.000000000000000000, -1.000000000000000000, -0.000000000000000000 ) ) ;
#44 = CARTESIAN_POINT ( 'NONE',  ( 139.5547640085710270, 13.53786520321305709, 0.000000000000000000 ) ) ;
#45 = DIRECTION ( 'NONE',  ( -1.000000000000000000, 0.000000000000000000, 0.000000000000000000 ) ) ;
#46 = CARTESIAN_POINT ( 'NONE',  ( 84.55476400857101282, 16.03786520321925835, 20.00000000000000000 ) ) ;
#47 = COORDINATED_UNIVERSAL_TIME_OFFSET ( 3, 0, .BEHIND. ) ;
#48 = EDGE_LOOP ( 'NONE', ( #175, #1774, #2069, #2590 ) ) ;
#49 = ORIENTED_EDGE ( 'NONE', *, *, #2958, .F. ) ;
#50 = CARTESIAN_POINT ( 'NONE',  ( 139.5547640085710270, 13.53786520321302156, 24.00000000000000000 ) ) ;
#51 = LINE ( 'NONE', #931, #307 ) ;
#52 = AXIS2_PLACEMENT_3D ( 'NONE', #3048, #2468, #2999 ) ;
#53 = ORIENTED_EDGE ( 'NONE', *, *, #1285, .F. ) ;
#54 = CIRCLE ( 'NONE', #854, 10.00000000000000178 ) ;
#55 = ORIENTED_EDGE ( 'NONE', *, *, #2606, .T. ) ;
#56 = FACE_OUTER_BOUND ( 'NONE', #1443, .T. ) ;
#57 = DIRECTION ( 'NONE',  ( -1.000000000000000000, 0.000000000000000000, 0.000000000000000000 ) ) ;
#58 = CIRCLE ( 'NONE', #1426, 1.999999999999994893 ) ;
#59 = VECTOR ( 'NONE', #1268, 1000.000000000000000 ) ;
#60 = DIRECTION ( 'NONE',  ( -1.000000000000000000, 0.000000000000000000, 0.000000000000000000 ) ) ;
#61 = EDGE_CURVE ( 'NONE', #3525, #1118, #1135, .T. ) ;
#62 = CARTESIAN_POINT ( 'NONE',  ( 117.0547640085710128, 41.03786520321301623, 15.00000000000000000 ) ) ;
#63 = CIRCLE ( 'NONE', #2246, 0.6499999999999978018 ) ;
#64 = CARTESIAN_POINT ( 'NONE',  ( 123.0547640085710128, 86.03786520321301623, 15.00000000000000000 ) ) ;
#65 = APPROVAL_DATE_TIME ( #1186, #3381 ) ;
#66 = VERTEX_POINT ( 'NONE', #3157 ) ;
#67 = CIRCLE ( 'NONE', #2075, 6.000000000000005329 ) ;
#68 = ORIENTED_EDGE ( 'NONE', *, *, #2611, .F. ) ;
#69 = FACE_OUTER_BOUND ( 'NONE', #485, .T. ) ;
#70 = CYLINDRICAL_SURFACE ( 'NONE', #1100, 2.500000000000002220 ) ;
#71 = AXIS2_PLACEMENT_3D ( 'NONE', #1682, #2739, #39 ) ;
#72 = VERTEX_POINT ( 'NONE', #1476 ) ;
#73 = ADVANCED_FACE ( 'NONE', ( #2892, #2565, #2293, #1214, #3389, #929, #2315, #2607, #141, #1230 ), #1796, .T. ) ;
#74 = AXIS2_PLACEMENT_3D ( 'NONE', #3405, #2289, #1473 ) ;
#75 = VERTEX_POINT ( 'NONE', #1339 ) ;
#76 = PLANE ( 'NONE',  #113 ) ;
#77 = CYLINDRICAL_SURFACE ( 'NONE', #3333, 2.000000000000001776 ) ;
#78 = EDGE_CURVE ( 'NONE', #3058, #193, #1586, .T. ) ;
#79 = DIRECTION ( 'NONE',  ( -1.000000000000000000, 0.000000000000000000, 0.000000000000000000 ) ) ;
#80 = DIRECTION ( 'NONE',  ( 0.000000000000000000, 0.000000000000000000, -1.000000000000000000 ) ) ;
#81 = EDGE_CURVE ( 'NONE', #2240, #2854, #1403, .T. ) ;
#82 = CYLINDRICAL_SURFACE ( 'NONE', #2181, 4.500000000001266542 ) ;
#83 = DIRECTION ( 'NONE',  ( 0.000000000000000000, 0.000000000000000000, -1.000000000000000000 ) ) ;
#84 = PERSON_AND_ORGANIZATION ( #1971, #873 ) ;
#85 = ORIENTED_EDGE ( 'NONE', *, *, #2162, .T. ) ;
#86 = ORIENTED_EDGE ( 'NONE', *, *, #1352, .T. ) ;
#87 = CARTESIAN_POINT ( 'NONE',  ( 125.5582085043825913, 92.03786520321298781, 15.00000000000000000 ) ) ;
#88 = LINE ( 'NONE', #2877, #479 ) ;
#89 = EDGE_LOOP ( 'NONE', ( #1693, #1522 ) ) ;
#90 = ORIENTED_EDGE ( 'NONE', *, *, #1636, .T. ) ;
#91 = CARTESIAN_POINT ( 'NONE',  ( 82.05476400856565533, 111.0378652032192264, 15.00000000000000000 ) ) ;
#92 = LINE ( 'NONE', #1179, #477 ) ;
#93 = PRODUCT_RELATED_PRODUCT_CATEGORY ( 'detail', '', ( #3202 ) ) ;
#94 = CYLINDRICAL_SURFACE ( 'NONE', #573, 4.500000000001266542 ) ;
#95 = DIRECTION ( 'NONE',  ( 0.000000000000000000, 0.000000000000000000, 1.000000000000000000 ) ) ;
#96 = ADVANCED_FACE ( 'NONE', ( #1569 ), #1283, .F. ) ;
#97 = ORIENTED_EDGE ( 'NONE', *, *, #1148, .F. ) ;
#98 = CARTESIAN_POINT ( 'NONE',  ( 52.05476400857100572, 63.53786520321301623, 15.00000000000000000 ) ) ;
#99 = DIRECTION ( 'NONE',  ( -0.000000000000000000, -0.000000000000000000, -1.000000000000000000 ) ) ;
#100 = EDGE_CURVE ( 'NONE', #3291, #502, #1257, .T. ) ;
#101 = CARTESIAN_POINT ( 'NONE',  ( 132.5547640085710270, 94.03786520321300202, 0.000000000000000000 ) ) ;
#102 = VERTEX_POINT ( 'NONE', #2661 ) ;
#103 = CARTESIAN_POINT ( 'NONE',  ( 49.30476400857100572, 63.53786520321301623, 15.00000000000000000 ) ) ;
#104 = EDGE_CURVE ( 'NONE', #102, #1332, #2522, .T. ) ;
#105 = CYLINDRICAL_SURFACE ( 'NONE', #591, 2.750000000000002665 ) ;
#106 = ORIENTED_EDGE ( 'NONE', *, *, #1429, .F. ) ;
#107 = ORIENTED_EDGE ( 'NONE', *, *, #1924, .F. ) ;
#108 = AXIS2_PLACEMENT_3D ( 'NONE', #2054, #2835, #2560 ) ;
#109 = LINE ( 'NONE', #2914, #116 ) ;
#110 = FACE_OUTER_BOUND ( 'NONE', #2626, .T. ) ;
#111 = DIRECTION ( 'NONE',  ( 1.000000000000000000, 0.000000000000000000, 0.000000000000000000 ) ) ;
#112 = FACE_BOUND ( 'NONE', #3317, .T. ) ;
#113 = AXIS2_PLACEMENT_3D ( 'NONE', #1221, #1981, #879 ) ;
#114 = AXIS2_PLACEMENT_3D ( 'NONE', #3170, #497, #207 ) ;
#115 = EDGE_LOOP ( 'NONE', ( #985, #1029, #1823, #996 ) ) ;
#116 = VECTOR ( 'NONE', #1236, 1000.000000000000000 ) ;
#117 = FACE_OUTER_BOUND ( 'NONE', #2349, .T. ) ;
#118 = DIRECTION ( 'NONE',  ( -0.000000000000000000, -0.000000000000000000, -1.000000000000000000 ) ) ;
#119 = APPLICATION_PROTOCOL_DEFINITION ( 'international standard', 'config_control_design', 1994, #2672 ) ;
#120 = AXIS2_PLACEMENT_3D ( 'NONE', #308, #254, #542 ) ;
#121 = ORIENTED_EDGE ( 'NONE', *, *, #2272, .F. ) ;
#122 = EDGE_CURVE ( 'NONE', #3167, #2106, #767, .T. ) ;
#123 = CIRCLE ( 'NONE', #2016, 0.6499999999999978018 ) ;
#124 = CARTESIAN_POINT ( 'NONE',  ( 58.05476400857101282, 41.03786520321301623, 15.00000000000000000 ) ) ;
#125 = CARTESIAN_POINT ( 'NONE',  ( 47.55820850438259129, 92.03786520321301623, 15.00000000000000000 ) ) ;
#126 = ORIENTED_EDGE ( 'NONE', *, *, #1817, .T. ) ;
#127 = ADVANCED_FACE ( 'NONE', ( #2502 ), #3230, .F. ) ;
#128 = ORIENTED_EDGE ( 'NONE', *, *, #371, .T. ) ;
#129 = AXIS2_PLACEMENT_3D ( 'NONE', #2823, #2044, #1754 ) ;
#130 = FACE_OUTER_BOUND ( 'NONE', #284, .T. ) ;
#131 = CARTESIAN_POINT ( 'NONE',  ( 139.5547640085710270, 26.03786520321302334, 0.000000000000000000 ) ) ;
#132 = LOCAL_TIME ( 10, 10, 51.00000000000000000, #3174 ) ;
#133 = VERTEX_POINT ( 'NONE', #3472 ) ;
#134 = FACE_OUTER_BOUND ( 'NONE', #843, .T. ) ;
#135 = DIRECTION ( 'NONE',  ( 0.000000000000000000, -0.000000000000000000, -1.000000000000000000 ) ) ;
#136 = ORIENTED_EDGE ( 'NONE', *, *, #1934, .F. ) ;
#137 = CARTESIAN_POINT ( 'NONE',  ( 84.55476400856565533, 111.0378652032192264, 15.00000000000000000 ) ) ;
#138 = DIRECTION ( 'NONE',  ( -0.000000000000000000, -0.000000000000000000, -1.000000000000000000 ) ) ;
#139 = ORIENTED_EDGE ( 'NONE', *, *, #1826, .F. ) ;
#140 = CC_DESIGN_DATE_AND_TIME_ASSIGNMENT ( #2947, #210, ( #650 ) ) ;
#141 = FACE_BOUND ( 'NONE', #2772, .T. ) ;
#142 = CARTESIAN_POINT ( 'NONE',  ( 84.55476400856565533, 111.0378652032192264, 20.00000000000000000 ) ) ;
#143 = CYLINDRICAL_SURFACE ( 'NONE', #2133, 4.500000000001266542 ) ;
#144 = ORIENTED_EDGE ( 'NONE', *, *, #2473, .F. ) ;
#145 = EDGE_CURVE ( 'NONE', #3199, #3123, #1083, .T. ) ;
#146 = ORIENTED_EDGE ( 'NONE', *, *, #1859, .F. ) ;
#147 = DIRECTION ( 'NONE',  ( -1.000000000000000000, 0.000000000000000000, 0.000000000000000000 ) ) ;
#148 = CARTESIAN_POINT ( 'NONE',  ( 130.5547640085710270, 33.03786520321305886, 12.00000000000000000 ) ) ;
#149 = EDGE_LOOP ( 'NONE', ( #86, #3438 ) ) ;
#150 = DIRECTION ( 'NONE',  ( -1.000000000000000000, 0.000000000000000000, 0.000000000000000000 ) ) ;
#151 = FACE_OUTER_BOUND ( 'NONE', #2380, .T. ) ;
#152 = FACE_OUTER_BOUND ( 'NONE', #1680, .T. ) ;
#153 = DIRECTION ( 'NONE',  ( -1.000000000000000000, 0.000000000000000000, 0.000000000000000000 ) ) ;
#154 = ORIENTED_EDGE ( 'NONE', *, *, #1879, .T. ) ;
#155 = DIRECTION ( 'NONE',  ( 0.000000000000000000, 0.000000000000000000, -1.000000000000000000 ) ) ;
#156 = CARTESIAN_POINT ( 'NONE',  ( 34.65059727002839196, 64.01056688839513242, 24.00000000000000000 ) ) ;
#157 = DIRECTION ( 'NONE',  ( 0.000000000000000000, 0.000000000000000000, -1.000000000000000000 ) ) ;
#158 = EDGE_LOOP ( 'NONE', ( #2625, #1398 ) ) ;
#159 = ORIENTED_EDGE ( 'NONE', *, *, #2933, .F. ) ;
#160 = CARTESIAN_POINT ( 'NONE',  ( 42.05476400856561270, 111.0378652032192264, 20.00000000000000000 ) ) ;
#161 = CARTESIAN_POINT ( 'NONE',  ( 67.35476564381640685, 60.38786520321409768, 15.00000000000000000 ) ) ;
#162 = VECTOR ( 'NONE', #2919, 1000.000000000000000 ) ;
#163 = ADVANCED_FACE ( 'NONE', ( #253, #2691 ), #2965, .T. ) ;
#164 = EDGE_LOOP ( 'NONE', ( #1875, #1634, #2245, #507 ) ) ;
#165 = DIRECTION ( 'NONE',  ( 0.000000000000000000, 0.000000000000000000, -1.000000000000000000 ) ) ;
#166 = DIRECTION ( 'NONE',  ( 0.000000000000000000, -0.000000000000000000, 1.000000000000000000 ) ) ;
#167 = CIRCLE ( 'NONE', #224, 2.500000000000002220 ) ;
#168 = EDGE_CURVE ( 'NONE', #3228, #2429, #2235, .T. ) ;
#169 = AXIS2_PLACEMENT_3D ( 'NONE', #2263, #349, #2301 ) ;
#170 = DIRECTION ( 'NONE',  ( 0.000000000000000000, 0.000000000000000000, -1.000000000000000000 ) ) ;
#171 = VECTOR ( 'NONE', #1704, 1000.000000000000000 ) ;
#172 = VERTEX_POINT ( 'NONE', #1067 ) ;
#173 = CIRCLE ( 'NONE', #693, 0.6499999999999978018 ) ;
#174 = AXIS2_PLACEMENT_3D ( 'NONE', #793, #170, #1581 ) ;
#175 = ORIENTED_EDGE ( 'NONE', *, *, #2366, .F. ) ;
#176 = VECTOR ( 'NONE', #2080, 1000.000000000000000 ) ;
#177 = CARTESIAN_POINT ( 'NONE',  ( 111.0547640085709986, 41.03786520321301623, 15.00000000000000000 ) ) ;
#178 = DIRECTION ( 'NONE',  ( -0.000000000000000000, -0.000000000000000000, -1.000000000000000000 ) ) ;
#179 = ORIENTED_EDGE ( 'NONE', *, *, #2107, .T. ) ;
#180 = CIRCLE ( 'NONE', #2186, 4.000000000000003553 ) ;
#181 = ORIENTED_EDGE ( 'NONE', *, *, #3259, .F. ) ;
#182 = CARTESIAN_POINT ( 'NONE',  ( 84.55476400857101282, 16.03786520321925835, 24.00000000000000000 ) ) ;
#183 = DIRECTION ( 'NONE',  ( -0.000000000000000000, -0.000000000000000000, -1.000000000000000000 ) ) ;
#184 = CIRCLE ( 'NONE', #2190, 2.500000000000002220 ) ;
#185 = ADVANCED_FACE ( 'NONE', ( #2108 ), #212, .F. ) ;
#186 = CIRCLE ( 'NONE', #362, 3.000000000000002665 ) ;
#187 = ORIENTED_EDGE ( 'NONE', *, *, #3292, .T. ) ;
#188 = FACE_OUTER_BOUND ( 'NONE', #325, .T. ) ;
#189 = CARTESIAN_POINT ( 'NONE',  ( 117.0547640085710128, 41.03786520321301623, 15.00000000000000000 ) ) ;
#190 = VECTOR ( 'NONE', #2895, 1000.000000000000000 ) ;
#191 = EDGE_CURVE ( 'NONE', #2146, #786, #3487, .T. ) ;
#192 = CARTESIAN_POINT ( 'NONE',  ( 36.55476400857104835, 94.03786520321300202, 0.000000000000000000 ) ) ;
#193 = VERTEX_POINT ( 'NONE', #503 ) ;
#194 = ORIENTED_EDGE ( 'NONE', *, *, #716, .T. ) ;
#195 = EDGE_CURVE ( 'NONE', #1484, #1357, #589, .T. ) ;
#196 = CARTESIAN_POINT ( 'NONE',  ( 84.55476400857101282, 41.03786520321301623, 0.000000000000000000 ) ) ;
#197 = DIRECTION ( 'NONE',  ( 0.000000000000000000, 0.000000000000000000, -1.000000000000000000 ) ) ;
#198 = DIRECTION ( 'NONE',  ( 0.000000000000000000, 0.000000000000000000, 1.000000000000000000 ) ) ;
#199 = ORIENTED_EDGE ( 'NONE', *, *, #1809, .F. ) ;
#200 = ORIENTED_EDGE ( 'NONE', *, *, #1943, .T. ) ;
#201 = CARTESIAN_POINT ( 'NONE',  ( 129.5138863796576629, 111.0611826816691945, 20.00000000000000000 ) ) ;
#202 = LINE ( 'NONE', #2629, #306 ) ;
#203 = EDGE_LOOP ( 'NONE', ( #2469, #1901, #3300, #3205 ) ) ;
#204 = ORIENTED_EDGE ( 'NONE', *, *, #2335, .F. ) ;
#205 = CARTESIAN_POINT ( 'NONE',  ( 127.0138863796576629, 111.0611826816691945, 24.00000000000000000 ) ) ;
#206 = APPROVAL ( #1988, 'UNSPECIFIED' ) ;
#207 = DIRECTION ( 'NONE',  ( 1.000000000000000000, 0.000000000000000000, 0.000000000000000000 ) ) ;
#208 = CARTESIAN_POINT ( 'NONE',  ( 129.5138863796576629, 111.0611826816691945, 20.00000000000000000 ) ) ;
#209 = EDGE_CURVE ( 'NONE', #1357, #1076, #3096, .T. ) ;
#210 = DATE_TIME_ROLE ( 'classification_date' ) ;
#211 = VERTEX_POINT ( 'NONE', #3506 ) ;
#212 = CYLINDRICAL_SURFACE ( 'NONE', #2178, 1.997516106995063323 ) ;
#213 = FACE_BOUND ( 'NONE', #3371, .T. ) ;
#214 = DIRECTION ( 'NONE',  ( -1.000000000000000000, 0.000000000000000000, 0.000000000000000000 ) ) ;
#215 = ORIENTED_EDGE ( 'NONE', *, *, #1768, .T. ) ;
#216 = EDGE_CURVE ( 'NONE', #172, #665, #1051, .T. ) ;
#217 = ORIENTED_EDGE ( 'NONE', *, *, #2787, .T. ) ;
#218 = LINE ( 'NONE', #3236, #1137 ) ;
#219 = FACE_OUTER_BOUND ( 'NONE', #3477, .T. ) ;
#220 = ORIENTED_EDGE ( 'NONE', *, *, #2299, .F. ) ;
#221 = ORIENTED_EDGE ( 'NONE', *, *, #3362, .T. ) ;
#222 = CYLINDRICAL_SURFACE ( 'NONE', #1951, 2.500000000000002220 ) ;
#223 = DIRECTION ( 'NONE',  ( -1.000000000000000000, 0.000000000000000000, 0.000000000000000000 ) ) ;
#224 = AXIS2_PLACEMENT_3D ( 'NONE', #372, #1453, #150 ) ;
#225 = VERTEX_POINT ( 'NONE', #3207 ) ;
#226 = EDGE_CURVE ( 'NONE', #1096, #172, #2064, .T. ) ;
#227 = AXIS2_PLACEMENT_3D ( 'NONE', #3517, #3060, #1098 ) ;
#228 = CARTESIAN_POINT ( 'NONE',  ( 34.55724790157598392, 94.03786520321300202, 12.00000000000000000 ) ) ;
#229 = CARTESIAN_POINT ( 'NONE',  ( 131.6505972700283564, 64.01056688839513242, 35.31370849898474518 ) ) ;
#230 = DIRECTION ( 'NONE',  ( -0.000000000000000000, -0.000000000000000000, -1.000000000000000000 ) ) ;
#231 = AXIS2_PLACEMENT_3D ( 'NONE', #971, #513, #1007 ) ;
#232 = ORIENTED_EDGE ( 'NONE', *, *, #2606, .F. ) ;
#233 = AXIS2_PLACEMENT_3D ( 'NONE', #2618, #1242, #2071 ) ;
#234 = EDGE_CURVE ( 'NONE', #1917, #601, #691, .T. ) ;
#235 = AXIS2_PLACEMENT_3D ( 'NONE', #182, #988, #2116 ) ;
#236 = DIRECTION ( 'NONE',  ( 0.000000000000000000, 0.000000000000000000, -1.000000000000000000 ) ) ;
#237 = ORIENTED_EDGE ( 'NONE', *, *, #2409, .F. ) ;
#238 = DIRECTION ( 'NONE',  ( 0.000000000000000000, -0.000000000000000000, -1.000000000000000000 ) ) ;
#239 = FACE_OUTER_BOUND ( 'NONE', #164, .T. ) ;
#240 = ORIENTED_EDGE ( 'NONE', *, *, #3286, .T. ) ;
#241 = AXIS2_PLACEMENT_3D ( 'NONE', #960, #1849, #2951 ) ;
#242 = EDGE_CURVE ( 'NONE', #211, #490, #1428, .T. ) ;
#243 = VERTEX_POINT ( 'NONE', #1985 ) ;
#244 = CIRCLE ( 'NONE', #1549, 2.500000000000002220 ) ;
#245 = DIRECTION ( 'NONE',  ( -0.000000000000000000, -0.000000000000000000, -1.000000000000000000 ) ) ;
#246 = LINE ( 'NONE', #2326, #3278 ) ;
#247 = CIRCLE ( 'NONE', #3393, 5.000000000000004441 ) ;
#248 = DIRECTION ( 'NONE',  ( -1.000000000000000000, 0.000000000000000000, 0.000000000000000000 ) ) ;
#249 = AXIS2_PLACEMENT_3D ( 'NONE', #3315, #3013, #2480 ) ;
#250 = EDGE_LOOP ( 'NONE', ( #3406, #2725 ) ) ;
#251 = EDGE_LOOP ( 'NONE', ( #1540, #3269 ) ) ;
#252 = APPROVAL_PERSON_ORGANIZATION ( #3122, #206, #1442 ) ;
#253 = FACE_OUTER_BOUND ( 'NONE', #1638, .T. ) ;
#254 = DIRECTION ( 'NONE',  ( 0.000000000000000000, 0.000000000000000000, 1.000000000000000000 ) ) ;
#255 = EDGE_CURVE ( 'NONE', #575, #1072, #1900, .T. ) ;
#256 = CARTESIAN_POINT ( 'NONE',  ( 134.5547640085710270, 94.03786520321300202, 0.000000000000000000 ) ) ;
#257 = EDGE_LOOP ( 'NONE', ( #2424, #987, #1282, #1259 ) ) ;
#258 = DIRECTION ( 'NONE',  ( 1.000000000000000000, -0.000000000000000000, -0.000000000000000000 ) ) ;
#259 = EDGE_LOOP ( 'NONE', ( #1070, #3033, #1741, #2527 ) ) ;
#260 = CARTESIAN_POINT ( 'NONE',  ( 38.55476400857104835, 33.03786520321305886, 12.00000000000000000 ) ) ;
#261 = EDGE_CURVE ( 'NONE', #802, #1118, #920, .T. ) ;
#262 = CARTESIAN_POINT ( 'NONE',  ( 43.55820850438259129, 35.03786520321304465, 15.00000000000000000 ) ) ;
#263 = ORIENTED_EDGE ( 'NONE', *, *, #1111, .F. ) ;
#264 = ORIENTED_EDGE ( 'NONE', *, *, #1984, .F. ) ;
#265 = LINE ( 'NONE', #1350, #3378 ) ;
#266 = LINE ( 'NONE', #1078, #1790 ) ;
#267 = CYLINDRICAL_SURFACE ( 'NONE', #2286, 0.6499999999999978018 ) ;
#268 = VERTEX_POINT ( 'NONE', #373 ) ;
#269 = ORIENTED_EDGE ( 'NONE', *, *, #2843, .F. ) ;
#270 = DIRECTION ( 'NONE',  ( 0.000000000000000000, 0.000000000000000000, -1.000000000000000000 ) ) ;
#271 = DIRECTION ( 'NONE',  ( 0.000000000000000000, 0.000000000000000000, -1.000000000000000000 ) ) ;
#272 = EDGE_LOOP ( 'NONE', ( #829, #3338, #1449, #1158 ) ) ;
#273 = CARTESIAN_POINT ( 'NONE',  ( 84.55476400857101282, 41.03786520321301623, 15.00000000000000000 ) ) ;
#274 = ORIENTED_EDGE ( 'NONE', *, *, #2094, .F. ) ;
#275 = CYLINDRICAL_SURFACE ( 'NONE', #2587, 4.500000000001266542 ) ;
#276 = DIRECTION ( 'NONE',  ( -0.000000000000000000, -0.000000000000000000, -1.000000000000000000 ) ) ;
#277 = ORIENTED_EDGE ( 'NONE', *, *, #840, .F. ) ;
#278 = ADVANCED_FACE ( 'NONE', ( #3134 ), #2284, .F. ) ;
#279 = ORIENTED_EDGE ( 'NONE', *, *, #764, .T. ) ;
#280 = DIRECTION ( 'NONE',  ( 0.000000000000000000, 0.000000000000000000, 1.000000000000000000 ) ) ;
#281 = CARTESIAN_POINT ( 'NONE',  ( 87.30476400857101282, 86.03786520321301623, 15.00000000000000000 ) ) ;
#282 = EDGE_CURVE ( 'NONE', #3175, #757, #2849, .T. ) ;
#283 = CARTESIAN_POINT ( 'NONE',  ( 52.05476400857100572, 86.03786520321301623, 15.00000000000000000 ) ) ;
#284 = EDGE_LOOP ( 'NONE', ( #2455, #2441 ) ) ;
#285 = AXIS2_PLACEMENT_3D ( 'NONE', #137, #2577, #1749 ) ;
#286 = DIRECTION ( 'NONE',  ( -0.000000000000000000, -0.000000000000000000, -1.000000000000000000 ) ) ;
#287 = DIRECTION ( 'NONE',  ( -1.000000000000000000, 0.000000000000000000, 0.000000000000000000 ) ) ;
#288 = ORIENTED_EDGE ( 'NONE', *, *, #2448, .T. ) ;
#289 = AXIS2_PLACEMENT_3D ( 'NONE', #1687, #2501, #16 ) ;
#290 = VERTEX_POINT ( 'NONE', #3078 ) ;
#291 = CIRCLE ( 'NONE', #2177, 6.000000000000005329 ) ;
#292 = DIRECTION ( 'NONE',  ( -1.000000000000000000, 0.000000000000000000, 0.000000000000000000 ) ) ;
#293 = AXIS2_PLACEMENT_3D ( 'NONE', #487, #2382, #1884 ) ;
#294 = CARTESIAN_POINT ( 'NONE',  ( 69.45476564381645801, 64.88786520321407636, 15.00000000000000000 ) ) ;
#295 = ORIENTED_EDGE ( 'NONE', *, *, #2559, .F. ) ;
#296 = CIRCLE ( 'NONE', #2294, 4.500000000001253220 ) ;
#297 = ORIENTED_EDGE ( 'NONE', *, *, #61, .F. ) ;
#298 = CARTESIAN_POINT ( 'NONE',  ( 84.55476400857101282, 86.03786520321301623, 15.00000000000000000 ) ) ;
#299 = DIRECTION ( 'NONE',  ( 1.000000000000000000, 0.000000000000000000, 0.000000000000000000 ) ) ;
#300 = AXIS2_PLACEMENT_3D ( 'NONE', #3351, #2821, #364 ) ;
#301 = APPROVAL ( #1822, 'UNSPECIFIED' ) ;
#302 = AXIS2_PLACEMENT_3D ( 'NONE', #1765, #2869, #1496 ) ;
#303 = CYLINDRICAL_SURFACE ( 'NONE', #2517, 2.750000000000002665 ) ;
#304 = ADVANCED_FACE ( 'NONE', ( #1454 ), #2306, .F. ) ;
#305 = MANIFOLD_SOLID_BREP ( 'Cortar-Extruir14', #2925 ) ;
#306 = VECTOR ( 'NONE', #1275, 1000.000000000000000 ) ;
#307 = VECTOR ( 'NONE', #1140, 1000.000000000000000 ) ;
#308 = CARTESIAN_POINT ( 'NONE',  ( 70.10476564381646369, 64.88786520321407636, 0.000000000000000000 ) ) ;
#309 = EDGE_CURVE ( 'NONE', #3083, #2917, #2814, .T. ) ;
#310 = DIRECTION ( 'NONE',  ( 0.000000000000000000, -0.000000000000000000, 1.000000000000000000 ) ) ;
#311 = EDGE_LOOP ( 'NONE', ( #1801, #2510, #3531, #944 ) ) ;
#312 = ORIENTED_EDGE ( 'NONE', *, *, #1499, .T. ) ;
#313 = LINE ( 'NONE', #1616, #1956 ) ;
#314 = EDGE_CURVE ( 'NONE', #467, #3235, #2574, .T. ) ;
#315 = CARTESIAN_POINT ( 'NONE',  ( 44.05476400856687746, 16.03786520321925835, 20.00000000000000000 ) ) ;
#316 = ORIENTED_EDGE ( 'NONE', *, *, #460, .F. ) ;
#317 = ORIENTED_EDGE ( 'NONE', *, *, #551, .F. ) ;
#318 = DIRECTION ( 'NONE',  ( 0.000000000000000000, 0.000000000000000000, 1.000000000000000000 ) ) ;
#319 = CARTESIAN_POINT ( 'NONE',  ( 84.55476400856565533, 111.0378652032192264, 20.00000000000000000 ) ) ;
#320 = DIRECTION ( 'NONE',  ( -0.000000000000000000, -0.000000000000000000, -1.000000000000000000 ) ) ;
#321 = DIRECTION ( 'NONE',  ( -0.000000000000000000, -0.000000000000000000, -1.000000000000000000 ) ) ;
#322 = EDGE_CURVE ( 'NONE', #2911, #1793, #1490, .T. ) ;
#323 = DIRECTION ( 'NONE',  ( -1.000000000000000000, 0.000000000000000000, 0.000000000000000000 ) ) ;
#324 = DIRECTION ( 'NONE',  ( 1.000000000000000000, 0.000000000000000000, 0.000000000000000000 ) ) ;
#325 = EDGE_LOOP ( 'NONE', ( #2934, #200, #2979, #1938 ) ) ;
#326 = EDGE_CURVE ( 'NONE', #2150, #2751, #3402, .T. ) ;
#327 = ORIENTED_EDGE ( 'NONE', *, *, #20, .F. ) ;
#328 = DIRECTION ( 'NONE',  ( 0.000000000000000000, 0.000000000000000000, 1.000000000000000000 ) ) ;
#329 = CARTESIAN_POINT ( 'NONE',  ( 37.65059727002839907, 64.01056688839513242, 0.000000000000000000 ) ) ;
#330 = ORIENTED_EDGE ( 'NONE', *, *, #899, .T. ) ;
#331 = ADVANCED_FACE ( 'NONE', ( #405, #897, #1997, #3094, #2519, #112, #3328, #866, #2251, #1970, #2833, #3064, #3345, #1728, #883, #605, #2267, #2812, #355, #1438, #2543 ), #1167, .F. ) ;
#332 = EDGE_LOOP ( 'NONE', ( #2084, #3162, #2887, #1567, #2898, #2719, #3332, #1330 ) ) ;
#333 = DIRECTION ( 'NONE',  ( 0.000000000000000000, -0.000000000000000000, -1.000000000000000000 ) ) ;
#334 = DIRECTION ( 'NONE',  ( 0.000000000000000000, 0.000000000000000000, -1.000000000000000000 ) ) ;
#335 = DIRECTION ( 'NONE',  ( -0.000000000000000000, -0.000000000000000000, -1.000000000000000000 ) ) ;
#336 = CARTESIAN_POINT ( 'NONE',  ( 117.0547640085710128, 86.03786520321301623, 15.00000000000000000 ) ) ;
#337 = CARTESIAN_POINT ( 'NONE',  ( 37.05476400856561270, 16.03786520321925835, 20.00000000000000000 ) ) ;
#338 = CARTESIAN_POINT ( 'NONE',  ( 125.0138863796564124, 111.0611826816691945, 14.00000000000000000 ) ) ;
#339 = ORIENTED_EDGE ( 'NONE', *, *, #2191, .T. ) ;
#340 = AXIS2_PLACEMENT_3D ( 'NONE', #357, #1207, #713 ) ;
#341 = VERTEX_POINT ( 'NONE', #3223 ) ;
#342 = CARTESIAN_POINT ( 'NONE',  ( 52.05476400857100572, 63.53786520321301623, 15.00000000000000000 ) ) ;
#343 = CARTESIAN_POINT ( 'NONE',  ( 139.5547640085710270, 26.03786520321302334, 14.00000000000000000 ) ) ;
#344 = ORIENTED_EDGE ( 'NONE', *, *, #3427, .F. ) ;
#345 = ADVANCED_FACE ( 'NONE', ( #1511, #1278, #3454, #3201 ), #762, .T. ) ;
#346 = AXIS2_PLACEMENT_3D ( 'NONE', #1945, #1654, #566 ) ;
#347 = AXIS2_PLACEMENT_3D ( 'NONE', #3262, #1031, #798 ) ;
#348 = ORIENTED_EDGE ( 'NONE', *, *, #868, .F. ) ;
#349 = DIRECTION ( 'NONE',  ( -0.000000000000000000, -0.000000000000000000, -1.000000000000000000 ) ) ;
#350 = DIRECTION ( 'NONE',  ( -0.000000000000000000, -0.000000000000000000, -1.000000000000000000 ) ) ;
#351 = EDGE_CURVE ( 'NONE', #1990, #2791, #3379, .T. ) ;
#352 = AXIS2_PLACEMENT_3D ( 'NONE', #1746, #3377, #2020 ) ;
#353 = VECTOR ( 'NONE', #1174, 1000.000000000000000 ) ;
#354 = DIRECTION ( 'NONE',  ( -1.000000000000000000, 0.000000000000000000, 0.000000000000000000 ) ) ;
#355 = FACE_BOUND ( 'NONE', #2637, .T. ) ;
#356 = CIRCLE ( 'NONE', #1436, 2.500000000000002220 ) ;
#357 = CARTESIAN_POINT ( 'NONE',  ( 102.3547656438165347, 71.38786520321384899, 15.00000000000000000 ) ) ;
#358 = CIRCLE ( 'NONE', #533, 2.000000000000001776 ) ;
#359 = FACE_OUTER_BOUND ( 'NONE', #3161, .T. ) ;
#360 = DIRECTION ( 'NONE',  ( 0.000000000000000000, 0.000000000000000000, 1.000000000000000000 ) ) ;
#361 = EDGE_LOOP ( 'NONE', ( #217, #2319, #2220, #910 ) ) ;
#362 = AXIS2_PLACEMENT_3D ( 'NONE', #329, #2154, #3253 ) ;
#363 = ORIENTED_EDGE ( 'NONE', *, *, #2487, .T. ) ;
#364 = DIRECTION ( 'NONE',  ( 1.000000000000000000, 0.000000000000000000, 0.000000000000000000 ) ) ;
#365 = DIRECTION ( 'NONE',  ( -0.000000000000000000, -0.000000000000000000, -1.000000000000000000 ) ) ;
#366 = ORIENTED_EDGE ( 'NONE', *, *, #2847, .F. ) ;
#367 = ADVANCED_FACE ( 'NONE', ( #1022 ), #3186, .T. ) ;
#368 = EDGE_LOOP ( 'NONE', ( #889, #2041 ) ) ;
#369 = LINE ( 'NONE', #1434, #2929 ) ;
#370 = LINE ( 'NONE', #1164, #2073 ) ;
#371 = EDGE_CURVE ( 'NONE', #3146, #2475, #2704, .T. ) ;
#372 = CARTESIAN_POINT ( 'NONE',  ( 39.55476400856561270, 16.03786520321925835, 20.00000000000000000 ) ) ;
#373 = CARTESIAN_POINT ( 'NONE',  ( 29.55476400857101638, 13.53786520321305709, 24.00000000000000000 ) ) ;
#374 = ORIENTED_EDGE ( 'NONE', *, *, #955, .T. ) ;
#375 = ADVANCED_FACE ( 'NONE', ( #482 ), #954, .T. ) ;
#376 = CARTESIAN_POINT ( 'NONE',  ( 121.5582085043825629, 96.03786520321301623, 24.00000000000000000 ) ) ;
#377 = DIRECTION ( 'NONE',  ( 0.000000000000000000, 0.000000000000000000, -1.000000000000000000 ) ) ;
#378 =( NAMED_UNIT ( * ) PLANE_ANGLE_UNIT ( ) SI_UNIT ( $, .RADIAN. ) );
#379 = EDGE_LOOP ( 'NONE', ( #3452, #2193, #458, #1980 ) ) ;
#380 = DIRECTION ( 'NONE',  ( -1.000000000000000000, 0.000000000000000000, 0.000000000000000000 ) ) ;
#381 = CARTESIAN_POINT ( 'NONE',  ( 81.80476400857101282, 86.03786520321301623, 0.000000000000000000 ) ) ;
#382 = ORIENTED_EDGE ( 'NONE', *, *, #3417, .T. ) ;
#383 = ORIENTED_EDGE ( 'NONE', *, *, #24, .F. ) ;
#384 = CARTESIAN_POINT ( 'NONE',  ( 117.0547640085710128, 63.53786520321301623, 15.00000000000000000 ) ) ;
#385 = DIRECTION ( 'NONE',  ( 0.000000000000000000, 0.000000000000000000, -1.000000000000000000 ) ) ;
#386 = EDGE_CURVE ( 'NONE', #614, #243, #2123, .T. ) ;
#387 = FACE_OUTER_BOUND ( 'NONE', #2459, .T. ) ;
#388 = DIRECTION ( 'NONE',  ( -1.000000000000000000, 0.000000000000000000, 0.000000000000000000 ) ) ;
#389 = EDGE_CURVE ( 'NONE', #2930, #1276, #2761, .T. ) ;
#390 = DIRECTION ( 'NONE',  ( -0.000000000000000000, -0.000000000000000000, -1.000000000000000000 ) ) ;
#391 = CARTESIAN_POINT ( 'NONE',  ( 139.5547640085710270, 113.5378652032130162, 24.00000000000000000 ) ) ;
#392 = ORIENTED_EDGE ( 'NONE', *, *, #1128, .T. ) ;
#393 = EDGE_CURVE ( 'NONE', #623, #3070, #3418, .T. ) ;
#394 = DIRECTION ( 'NONE',  ( -1.000000000000000000, 0.000000000000000000, 0.000000000000000000 ) ) ;
#395 = FACE_BOUND ( 'NONE', #517, .T. ) ;
#396 = DIRECTION ( 'NONE',  ( -1.000000000000000000, 0.000000000000000000, 0.000000000000000000 ) ) ;
#397 = ORIENTED_EDGE ( 'NONE', *, *, #1636, .F. ) ;
#398 = ORIENTED_EDGE ( 'NONE', *, *, #2268, .F. ) ;
#399 = CARTESIAN_POINT ( 'NONE',  ( 132.0138863796576629, 16.01454772475684152, 20.00000000000000000 ) ) ;
#400 = CARTESIAN_POINT ( 'NONE',  ( 132.5547640085710270, 94.03786520321300202, 0.000000000000000000 ) ) ;
#401 = AXIS2_PLACEMENT_3D ( 'NONE', #1102, #1673, #1656 ) ;
#402 = ORIENTED_EDGE ( 'NONE', *, *, #1953, .F. ) ;
#403 = DIRECTION ( 'NONE',  ( -1.000000000000000000, 0.000000000000000000, 0.000000000000000000 ) ) ;
#404 = EDGE_CURVE ( 'NONE', #3353, #1302, #428, .T. ) ;
#405 = FACE_BOUND ( 'NONE', #706, .T. ) ;
#406 = VECTOR ( 'NONE', #2670, 1000.000000000000000 ) ;
#407 = CIRCLE ( 'NONE', #2872, 4.500000000001253220 ) ;
#408 = EDGE_LOOP ( 'NONE', ( #2477, #851 ) ) ;
#409 = CIRCLE ( 'NONE', #2063, 2.750000000000002665 ) ;
#410 = CARTESIAN_POINT ( 'NONE',  ( 43.55820850438259129, 92.03786520321298781, 24.00000000000000000 ) ) ;
#411 = DIRECTION ( 'NONE',  ( -0.000000000000000000, -0.000000000000000000, 1.000000000000000000 ) ) ;
#412 = PERSON_AND_ORGANIZATION ( #1971, #873 ) ;
#413 = ORIENTED_EDGE ( 'NONE', *, *, #1241, .F. ) ;
#414 = VECTOR ( 'NONE', #1791, 1000.000000000000000 ) ;
#415 = CARTESIAN_POINT ( 'NONE',  ( 84.55476400856565533, 111.0378652032192264, 15.00000000000000000 ) ) ;
#416 = CARTESIAN_POINT ( 'NONE',  ( 29.55476400857101638, 101.0378652032130162, 14.00000000000000000 ) ) ;
#417 = DIRECTION ( 'NONE',  ( -0.000000000000000000, -0.000000000000000000, 1.000000000000000000 ) ) ;
#418 = VERTEX_POINT ( 'NONE', #1565 ) ;
#419 = CIRCLE ( 'NONE', #3501, 2.500000000000002220 ) ;
#420 = EDGE_CURVE ( 'NONE', #1961, #2751, #1026, .T. ) ;
#421 = EDGE_LOOP ( 'NONE', ( #1888, #2484, #1211, #933 ) ) ;
#422 = CIRCLE ( 'NONE', #129, 2.500000000000002220 ) ;
#423 = CARTESIAN_POINT ( 'NONE',  ( 34.55476400857101282, 13.53786520321302156, 14.00000000000000000 ) ) ;
#424 = CARTESIAN_POINT ( 'NONE',  ( 134.5547640085709986, 8.537865203213021559, 15.00000000000000000 ) ) ;
#425 = AXIS2_PLACEMENT_3D ( 'NONE', #2562, #1973, #1422 ) ;
#426 = EDGE_LOOP ( 'NONE', ( #1679, #641, #23, #3065 ) ) ;
#427 = DIRECTION ( 'NONE',  ( -0.000000000000000000, -0.000000000000000000, -1.000000000000000000 ) ) ;
#428 = LINE ( 'NONE', #1261, #2584 ) ;
#429 = EDGE_LOOP ( 'NONE', ( #2863, #2621, #2734, #2850 ) ) ;
#430 = CYLINDRICAL_SURFACE ( 'NONE', #340, 0.6499999999999978018 ) ;
#431 = DIRECTION ( 'NONE',  ( -1.000000000000000000, 0.000000000000000000, 0.000000000000000000 ) ) ;
#432 = EDGE_LOOP ( 'NONE', ( #1075, #1529, #2430, #1458 ) ) ;
#433 = EDGE_CURVE ( 'NONE', #601, #1917, #1483, .T. ) ;
#434 = DIRECTION ( 'NONE',  ( -0.000000000000000000, 0.000000000000000000, 1.000000000000000000 ) ) ;
#435 = LINE ( 'NONE', #945, #176 ) ;
#436 = DIRECTION ( 'NONE',  ( -1.000000000000000000, 0.000000000000000000, 0.000000000000000000 ) ) ;
#437 = ORIENTED_EDGE ( 'NONE', *, *, #2822, .T. ) ;
#438 = EDGE_CURVE ( 'NONE', #3261, #947, #407, .T. ) ;
#439 = VERTEX_POINT ( 'NONE', #1786 ) ;
#440 = CARTESIAN_POINT ( 'NONE',  ( 38.55228011556611278, 94.03786520321300202, 12.00000000000000000 ) ) ;
#441 = CARTESIAN_POINT ( 'NONE',  ( 127.0547640085710128, 41.03786520321301623, 0.000000000000000000 ) ) ;
#442 = ADVANCED_FACE ( 'NONE', ( #151 ), #2655, .F. ) ;
#443 = ORIENTED_EDGE ( 'NONE', *, *, #1119, .T. ) ;
#444 = CARTESIAN_POINT ( 'NONE',  ( 87.05476400857101282, 16.03786520321925835, 15.00000000000000000 ) ) ;
#445 = CARTESIAN_POINT ( 'NONE',  ( 111.0547640085709986, 86.03786520321301623, 4.000000000000000000 ) ) ;
#446 = CYLINDRICAL_SURFACE ( 'NONE', #742, 4.500000000001253220 ) ;
#447 = EDGE_LOOP ( 'NONE', ( #1491, #495, #1375, #2374 ) ) ;
#448 = CARTESIAN_POINT ( 'NONE',  ( 39.55476400856561270, 16.03786520321925835, 14.00000000000000000 ) ) ;
#449 = CARTESIAN_POINT ( 'NONE',  ( 127.0138863796576629, 111.0611826816691945, 15.00000000000000000 ) ) ;
#450 = EDGE_CURVE ( 'NONE', #3419, #3276, #1777, .T. ) ;
#451 = CYLINDRICAL_SURFACE ( 'NONE', #1799, 5.000000000000000888 ) ;
#452 = VERTEX_POINT ( 'NONE', #445 ) ;
#453 = ORIENTED_EDGE ( 'NONE', *, *, #61, .T. ) ;
#454 = LINE ( 'NONE', #440, #2415 ) ;
#455 = EDGE_CURVE ( 'NONE', #2800, #66, #1527, .T. ) ;
#456 = DIRECTION ( 'NONE',  ( -0.000000000000000000, -0.000000000000000000, -1.000000000000000000 ) ) ;
#457 = VECTOR ( 'NONE', #515, 1000.000000000000000 ) ;
#458 = ORIENTED_EDGE ( 'NONE', *, *, #2659, .F. ) ;
#459 = CARTESIAN_POINT ( 'NONE',  ( 127.6505972700283706, 64.01056688839513242, 35.31370849898474518 ) ) ;
#460 = EDGE_CURVE ( 'NONE', #2327, #1894, #726, .T. ) ;
#461 = DIRECTION ( 'NONE',  ( -1.000000000000000000, 0.000000000000000000, 0.000000000000000000 ) ) ;
#462 = CIRCLE ( 'NONE', #2460, 2.750000000000002665 ) ;
#463 = CIRCLE ( 'NONE', #2348, 10.00000000000000178 ) ;
#464 = CARTESIAN_POINT ( 'NONE',  ( 39.55476400856561270, 16.03786520321925835, 24.00000000000000000 ) ) ;
#465 = VECTOR ( 'NONE', #619, 1000.000000000000000 ) ;
#466 = APPROVAL_ROLE ( '' ) ;
#467 = VERTEX_POINT ( 'NONE', #3287 ) ;
#468 = AXIS2_PLACEMENT_3D ( 'NONE', #2405, #2899, #1802 ) ;
#469 = DIRECTION ( 'NONE',  ( 1.000000000000000000, 0.000000000000000000, 0.000000000000000000 ) ) ;
#470 = AXIS2_PLACEMENT_3D ( 'NONE', #627, #2259, #2566 ) ;
#471 = DIRECTION ( 'NONE',  ( 0.000000000000000000, 0.000000000000000000, -1.000000000000000000 ) ) ;
#472 = CARTESIAN_POINT ( 'NONE',  ( 52.05476400857100572, 41.03786520321301623, 4.000000000000000000 ) ) ;
#473 = ORIENTED_EDGE ( 'NONE', *, *, #1943, .F. ) ;
#474 = VERTEX_POINT ( 'NONE', #2 ) ;
#475 = CARTESIAN_POINT ( 'NONE',  ( 84.55476400857101282, 16.03786520321925835, 14.00000000000000000 ) ) ;
#476 = CARTESIAN_POINT ( 'NONE',  ( 129.5138863796576629, 111.0611826816691945, 14.00000000000000000 ) ) ;
#477 = VECTOR ( 'NONE', #1451, 1000.000000000000000 ) ;
#478 = ADVANCED_FACE ( 'NONE', ( #2192 ), #3066, .F. ) ;
#479 = VECTOR ( 'NONE', #3369, 1000.000000000000000 ) ;
#480 = VERTEX_POINT ( 'NONE', #1091 ) ;
#481 = CARTESIAN_POINT ( 'NONE',  ( 129.5138863796576629, 111.0611826816691945, 15.00000000000000000 ) ) ;
#482 = FACE_OUTER_BOUND ( 'NONE', #1123, .T. ) ;
#483 = VECTOR ( 'NONE', #2474, 1000.000000000000000 ) ;
#484 = CARTESIAN_POINT ( 'NONE',  ( 52.05476400857100572, 41.03786520321301623, 0.000000000000000000 ) ) ;
#485 = EDGE_LOOP ( 'NONE', ( #1134, #144, #2630, #3313, #858, #37, #2390, #1846 ) ) ;
#486 = EDGE_CURVE ( 'NONE', #2786, #3321, #848, .T. ) ;
#487 = CARTESIAN_POINT ( 'NONE',  ( 84.55476400856565533, 111.0378652032192264, 14.00000000000000000 ) ) ;
#488 = FACE_BOUND ( 'NONE', #1763, .T. ) ;
#489 = DIRECTION ( 'NONE',  ( 0.000000000000000000, 0.000000000000000000, -1.000000000000000000 ) ) ;
#490 = VERTEX_POINT ( 'NONE', #1359 ) ;
#491 = EDGE_LOOP ( 'NONE', ( #3503, #3251, #3097, #42 ) ) ;
#492 = CARTESIAN_POINT ( 'NONE',  ( 68.00476564381644096, 58.23786520321409910, 15.00000000000000000 ) ) ;
#493 = DIRECTION ( 'NONE',  ( -0.000000000000000000, -0.000000000000000000, -1.000000000000000000 ) ) ;
#494 = ORIENTED_EDGE ( 'NONE', *, *, #2381, .T. ) ;
#495 = ORIENTED_EDGE ( 'NONE', *, *, #560, .F. ) ;
#496 = CARTESIAN_POINT ( 'NONE',  ( 134.5547640085709986, 118.5378652032130162, 24.00000000000000000 ) ) ;
#497 = DIRECTION ( 'NONE',  ( 0.000000000000000000, 0.000000000000000000, 1.000000000000000000 ) ) ;
#498 = CARTESIAN_POINT ( 'NONE',  ( 67.35476564381640685, 60.38786520321409768, 0.000000000000000000 ) ) ;
#499 = EDGE_CURVE ( 'NONE', #1054, #1220, #2440, .T. ) ;
#500 = CARTESIAN_POINT ( 'NONE',  ( 37.05476400856561270, 16.03786520321925835, 15.00000000000000000 ) ) ;
#501 = EDGE_CURVE ( 'NONE', #2702, #2954, #2425, .T. ) ;
#502 = VERTEX_POINT ( 'NONE', #2817 ) ;
#503 = CARTESIAN_POINT ( 'NONE',  ( 107.0547640085709986, 41.03786520321301623, 0.000000000000000000 ) ) ;
#504 = CYLINDRICAL_SURFACE ( 'NONE', #585, 2.500000000000002220 ) ;
#505 = EDGE_CURVE ( 'NONE', #1639, #2030, #1705, .T. ) ;
#506 = CARTESIAN_POINT ( 'NONE',  ( 134.5547640085710270, 13.53786520321302156, 15.00000000000000000 ) ) ;
#507 = ORIENTED_EDGE ( 'NONE', *, *, #389, .F. ) ;
#508 = CARTESIAN_POINT ( 'NONE',  ( 84.55476400857101282, 16.03786520321925835, 14.00000000000000000 ) ) ;
#509 = VERTEX_POINT ( 'NONE', #2454 ) ;
#510 = LINE ( 'NONE', #789, #1663 ) ;
#511 = DIRECTION ( 'NONE',  ( -1.000000000000000000, 0.000000000000000000, 0.000000000000000000 ) ) ;
#512 = EDGE_LOOP ( 'NONE', ( #2426, #3274, #3422, #1683 ) ) ;
#513 = DIRECTION ( 'NONE',  ( -1.000000000000000000, 0.000000000000000000, 0.000000000000000000 ) ) ;
#514 = CARTESIAN_POINT ( 'NONE',  ( 36.55476400857104835, 33.03786520321305886, 0.000000000000000000 ) ) ;
#515 = DIRECTION ( 'NONE',  ( -0.000000000000000000, -0.000000000000000000, -1.000000000000000000 ) ) ;
#516 = AXIS2_PLACEMENT_3D ( 'NONE', #2488, #1626, #32 ) ;
#517 = EDGE_LOOP ( 'NONE', ( #2675, #1015 ) ) ;
#518 = CIRCLE ( 'NONE', #2520, 4.000000000000003553 ) ;
#519 = VECTOR ( 'NONE', #959, 1000.000000000000000 ) ;
#520 = DIRECTION ( 'NONE',  ( 1.000000000000000000, 0.000000000000000000, 0.000000000000000000 ) ) ;
#521 = DIRECTION ( 'NONE',  ( 0.000000000000000000, 0.000000000000000000, -1.000000000000000000 ) ) ;
#522 = CARTESIAN_POINT ( 'NONE',  ( 68.00476564381644096, 58.23786520321409910, 15.00000000000000000 ) ) ;
#523 = VECTOR ( 'NONE', #26, 1000.000000000000000 ) ;
#524 = ORIENTED_EDGE ( 'NONE', *, *, #326, .T. ) ;
#525 = VECTOR ( 'NONE', #321, 1000.000000000000000 ) ;
#526 = CIRCLE ( 'NONE', #2651, 4.500000000001253220 ) ;
#527 = CYLINDRICAL_SURFACE ( 'NONE', #1998, 4.500000000001253220 ) ;
#528 = EDGE_LOOP ( 'NONE', ( #3010, #220 ) ) ;
#529 = CARTESIAN_POINT ( 'NONE',  ( 29.55476400857101638, 13.53786520321305709, 14.00000000000000000 ) ) ;
#530 = CARTESIAN_POINT ( 'NONE',  ( 139.5547640085710270, 101.0378652032130162, 14.00000000000000000 ) ) ;
#531 = EDGE_LOOP ( 'NONE', ( #1197, #3149 ) ) ;
#532 = AXIS2_PLACEMENT_3D ( 'NONE', #2524, #83, #886 ) ;
#533 = AXIS2_PLACEMENT_3D ( 'NONE', #400, #385, #1508 ) ;
#534 = CYLINDRICAL_SURFACE ( 'NONE', #2410, 2.500000000000002220 ) ;
#535 = CARTESIAN_POINT ( 'NONE',  ( 68.00476564381639832, 60.38786520321409768, 0.000000000000000000 ) ) ;
#536 = VECTOR ( 'NONE', #2790, 1000.000000000000000 ) ;
#537 = CARTESIAN_POINT ( 'NONE',  ( 52.05476400857100572, 63.53786520321301623, 15.00000000000000000 ) ) ;
#538 = VECTOR ( 'NONE', #365, 1000.000000000000000 ) ;
#539 = ORIENTED_EDGE ( 'NONE', *, *, #433, .T. ) ;
#540 = ORIENTED_EDGE ( 'NONE', *, *, #3198, .T. ) ;
#541 = APPLICATION_CONTEXT ( 'configuration controlled 3d designs of mechanical parts and assemblies' ) ;
#542 = DIRECTION ( 'NONE',  ( 1.000000000000000000, 0.000000000000000000, 0.000000000000000000 ) ) ;
#543 = CARTESIAN_POINT ( 'NONE',  ( 132.5547640085710270, 33.03786520321305886, 12.00000000000000000 ) ) ;
#544 = EDGE_LOOP ( 'NONE', ( #1338, #1615 ) ) ;
#545 = EDGE_CURVE ( 'NONE', #1596, #898, #1717, .T. ) ;
#546 = FACE_OUTER_BOUND ( 'NONE', #2021, .T. ) ;
#547 = ORIENTED_EDGE ( 'NONE', *, *, #242, .F. ) ;
#548 = DIRECTION ( 'NONE',  ( 0.000000000000000000, 0.000000000000000000, -1.000000000000000000 ) ) ;
#549 = CARTESIAN_POINT ( 'NONE',  ( 68.00476564381644096, 58.23786520321409910, 15.00000000000000000 ) ) ;
#550 = ORIENTED_EDGE ( 'NONE', *, *, #1694, .F. ) ;
#551 = EDGE_CURVE ( 'NONE', #1917, #760, #1325, .T. ) ;
#552 = VERTEX_POINT ( 'NONE', #1614 ) ;
#553 = DIRECTION ( 'NONE',  ( -0.000000000000000000, -0.000000000000000000, -1.000000000000000000 ) ) ;
#554 = DIRECTION ( 'NONE',  ( -0.000000000000000000, -0.000000000000000000, -1.000000000000000000 ) ) ;
#555 = EDGE_CURVE ( 'NONE', #3462, #2150, #2171, .T. ) ;
#556 = CARTESIAN_POINT ( 'NONE',  ( 82.05476400856565533, 111.0378652032192264, 20.00000000000000000 ) ) ;
#557 = DIRECTION ( 'NONE',  ( -0.000000000000000000, -0.000000000000000000, -1.000000000000000000 ) ) ;
#558 = CARTESIAN_POINT ( 'NONE',  ( 68.00476564381644096, 58.23786520321409910, 15.00000000000000000 ) ) ;
#559 = ORIENTED_EDGE ( 'NONE', *, *, #1612, .F. ) ;
#560 = EDGE_CURVE ( 'NONE', #3466, #1176, #1304, .T. ) ;
#561 = ORIENTED_EDGE ( 'NONE', *, *, #1367, .F. ) ;
#562 = DIRECTION ( 'NONE',  ( -1.000000000000000000, 0.000000000000000000, 0.000000000000000000 ) ) ;
#563 = CARTESIAN_POINT ( 'NONE',  ( 81.80476400857101282, 86.03786520321301623, 15.00000000000000000 ) ) ;
#564 = ORIENTED_EDGE ( 'NONE', *, *, #191, .T. ) ;
#565 = ADVANCED_FACE ( 'NONE', ( #787 ), #527, .F. ) ;
#566 = DIRECTION ( 'NONE',  ( -1.000000000000000000, 0.000000000000000000, 0.000000000000000000 ) ) ;
#567 = EDGE_CURVE ( 'NONE', #878, #3276, #3250, .T. ) ;
#568 = LINE ( 'NONE', #3019, #1370 ) ;
#569 = AXIS2_PLACEMENT_3D ( 'NONE', #1691, #2167, #2797 ) ;
#570 = CARTESIAN_POINT ( 'NONE',  ( 129.5138863796576629, 111.0611826816691945, 15.00000000000000000 ) ) ;
#571 = CARTESIAN_POINT ( 'NONE',  ( 70.10476564381646369, 64.88786520321407636, 15.00000000000000000 ) ) ;
#572 = VERTEX_POINT ( 'NONE', #337 ) ;
#573 = AXIS2_PLACEMENT_3D ( 'NONE', #882, #1166, #354 ) ;
#574 = CIRCLE ( 'NONE', #2578, 2.500000000000002220 ) ;
#575 = VERTEX_POINT ( 'NONE', #3080 ) ;
#576 = DIRECTION ( 'NONE',  ( -0.000000000000000000, -0.000000000000000000, -1.000000000000000000 ) ) ;
#577 = VECTOR ( 'NONE', #2600, 1000.000000000000000 ) ;
#578 = DIRECTION ( 'NONE',  ( -1.000000000000000000, 0.000000000000000000, 0.000000000000000000 ) ) ;
#579 = ORIENTED_EDGE ( 'NONE', *, *, #1676, .F. ) ;
#580 = EDGE_CURVE ( 'NONE', #733, #2860, #2981, .T. ) ;
#581 = CIRCLE ( 'NONE', #2234, 4.500000000001266542 ) ;
#582 = ORIENTED_EDGE ( 'NONE', *, *, #580, .T. ) ;
#583 = DIRECTION ( 'NONE',  ( 1.000000000000000000, 0.000000000000000000, 0.000000000000000000 ) ) ;
#584 = DIRECTION ( 'NONE',  ( -0.000000000000000000, 0.000000000000000000, 1.000000000000000000 ) ) ;
#585 = AXIS2_PLACEMENT_3D ( 'NONE', #3004, #3537, #1661 ) ;
#586 = EDGE_CURVE ( 'NONE', #3291, #1644, #620, .T. ) ;
#587 = VECTOR ( 'NONE', #1946, 1000.000000000000000 ) ;
#588 = FACE_OUTER_BOUND ( 'NONE', #1344, .T. ) ;
#589 = LINE ( 'NONE', #228, #2994 ) ;
#590 = VERTEX_POINT ( 'NONE', #2135 ) ;
#591 = AXIS2_PLACEMENT_3D ( 'NONE', #1192, #2967, #1233 ) ;
#592 = CARTESIAN_POINT ( 'NONE',  ( 87.05476400857101282, 16.03786520321925835, 20.00000000000000000 ) ) ;
#593 = DIRECTION ( 'NONE',  ( -1.000000000000000000, 0.000000000000000000, 0.000000000000000000 ) ) ;
#594 = ORIENTED_EDGE ( 'NONE', *, *, #2159, .F. ) ;
#595 = EDGE_CURVE ( 'NONE', #614, #2842, #3234, .T. ) ;
#596 =( GEOMETRIC_REPRESENTATION_CONTEXT ( 3 ) GLOBAL_UNCERTAINTY_ASSIGNED_CONTEXT ( ( #1711 ) ) GLOBAL_UNIT_ASSIGNED_CONTEXT ( ( #943, #378, #2504 ) ) REPRESENTATION_CONTEXT ( 'NONE', 'WORKASPACE' ) );
#597 = ORIENTED_EDGE ( 'NONE', *, *, #835, .T. ) ;
#598 = DIRECTION ( 'NONE',  ( 0.000000000000000000, 0.000000000000000000, -1.000000000000000000 ) ) ;
#599 = DIRECTION ( 'NONE',  ( 1.000000000000000000, 0.000000000000000000, 0.000000000000000000 ) ) ;
#600 = EDGE_LOOP ( 'NONE', ( #2261, #597 ) ) ;
#601 = VERTEX_POINT ( 'NONE', #1591 ) ;
#602 = DIRECTION ( 'NONE',  ( -1.000000000000000000, 0.000000000000000000, 0.000000000000000000 ) ) ;
#603 = CARTESIAN_POINT ( 'NONE',  ( 117.0547640085710128, 86.03786520321301623, 4.000000000000000000 ) ) ;
#604 = FACE_OUTER_BOUND ( 'NONE', #949, .T. ) ;
#605 = FACE_BOUND ( 'NONE', #652, .T. ) ;
#606 = DIRECTION ( 'NONE',  ( 1.000000000000000000, -0.000000000000000000, -0.000000000000000000 ) ) ;
#607 = ADVANCED_FACE ( 'NONE', ( #546 ), #1633, .F. ) ;
#608 = CARTESIAN_POINT ( 'NONE',  ( 139.5547640085710270, 101.0378652032130162, 14.00000000000000000 ) ) ;
#609 = EDGE_LOOP ( 'NONE', ( #2445, #383, #2408, #753 ) ) ;
#610 = ADVANCED_FACE ( 'NONE', ( #117 ), #1470, .F. ) ;
#611 = EDGE_LOOP ( 'NONE', ( #1767, #1515 ) ) ;
#612 = CARTESIAN_POINT ( 'NONE',  ( 44.55476400856561980, 111.0378652032192264, 15.00000000000000000 ) ) ;
#613 = CARTESIAN_POINT ( 'NONE',  ( 82.05476400857101282, 16.03786520321925835, 24.00000000000000000 ) ) ;
#614 = VERTEX_POINT ( 'NONE', #410 ) ;
#615 = ORIENTED_EDGE ( 'NONE', *, *, #1472, .T. ) ;
#616 = FACE_OUTER_BOUND ( 'NONE', #3037, .T. ) ;
#617 = CARTESIAN_POINT ( 'NONE',  ( 39.55476400856561270, 16.03786520321925835, 20.00000000000000000 ) ) ;
#618 = CARTESIAN_POINT ( 'NONE',  ( 135.6505972700283849, 64.01056688839513242, 0.000000000000000000 ) ) ;
#619 = DIRECTION ( 'NONE',  ( -0.000000000000000000, -0.000000000000000000, -1.000000000000000000 ) ) ;
#620 = LINE ( 'NONE', #806, #1019 ) ;
#621 = LINE ( 'NONE', #2490, #1613 ) ;
#622 = LINE ( 'NONE', #2799, #3007 ) ;
#623 = VERTEX_POINT ( 'NONE', #376 ) ;
#624 = ADVANCED_FACE ( 'NONE', ( #152 ), #3120, .F. ) ;
#625 = VECTOR ( 'NONE', #2254, 1000.000000000000000 ) ;
#626 = VERTEX_POINT ( 'NONE', #1243 ) ;
#627 = CARTESIAN_POINT ( 'NONE',  ( 29.55476400857101638, 13.53786520321305709, 15.00000000000000000 ) ) ;
#628 = DIRECTION ( 'NONE',  ( -1.000000000000000000, 0.000000000000000000, 0.000000000000000000 ) ) ;
#629 = AXIS2_PLACEMENT_3D ( 'NONE', #1642, #2746, #1416 ) ;
#630 = ORIENTED_EDGE ( 'NONE', *, *, #759, .T. ) ;
#631 = ADVANCED_FACE ( 'NONE', ( #3172 ), #2000, .T. ) ;
#632 = CIRCLE ( 'NONE', #2291, 1.997516106995063323 ) ;
#633 = ORIENTED_EDGE ( 'NONE', *, *, #1367, .T. ) ;
#634 = PLANE ( 'NONE',  #2119 ) ;
#635 = CARTESIAN_POINT ( 'NONE',  ( 70.10476564381649212, 67.03786520321406783, 15.00000000000000000 ) ) ;
#636 = AXIS2_PLACEMENT_3D ( 'NONE', #808, #2442, #3271 ) ;
#637 = VECTOR ( 'NONE', #2697, 1000.000000000000000 ) ;
#638 = AXIS2_PLACEMENT_3D ( 'NONE', #570, #1068, #1355 ) ;
#639 = DIRECTION ( 'NONE',  ( -0.000000000000000000, -0.000000000000000000, -1.000000000000000000 ) ) ;
#640 = DIRECTION ( 'NONE',  ( -1.000000000000000000, 0.000000000000000000, 0.000000000000000000 ) ) ;
#641 = ORIENTED_EDGE ( 'NONE', *, *, #3460, .F. ) ;
#642 = VECTOR ( 'NONE', #554, 1000.000000000000000 ) ;
#643 = CARTESIAN_POINT ( 'NONE',  ( 84.55476400857101282, 86.03786520321301623, 15.00000000000000000 ) ) ;
#644 = CIRCLE ( 'NONE', #1266, 4.500000000001253220 ) ;
#645 = ORIENTED_EDGE ( 'NONE', *, *, #2615, .T. ) ;
#646 = FACE_OUTER_BOUND ( 'NONE', #2172, .T. ) ;
#647 = FACE_OUTER_BOUND ( 'NONE', #1584, .T. ) ;
#648 = ADVANCED_FACE ( 'NONE', ( #2340 ), #430, .F. ) ;
#649 = CARTESIAN_POINT ( 'NONE',  ( 134.5547640085710270, 113.5378652032130162, 15.00000000000000000 ) ) ;
#650 = SECURITY_CLASSIFICATION ( '', '', #1514 ) ;
#651 = ORIENTED_EDGE ( 'NONE', *, *, #81, .T. ) ;
#652 = EDGE_LOOP ( 'NONE', ( #1360, #1431 ) ) ;
#653 = DIRECTION ( 'NONE',  ( 0.000000000000000000, 0.000000000000000000, -1.000000000000000000 ) ) ;
#654 = ADVANCED_FACE ( 'NONE', ( #1512 ), #82, .F. ) ;
#655 = CARTESIAN_POINT ( 'NONE',  ( 39.55476400856561270, 16.03786520321925835, 20.00000000000000000 ) ) ;
#656 = CARTESIAN_POINT ( 'NONE',  ( 125.0547640085643337, 16.03786520321703790, 20.00000000000000000 ) ) ;
#657 = EDGE_CURVE ( 'NONE', #1409, #2901, #803, .T. ) ;
#658 = DIRECTION ( 'NONE',  ( -1.000000000000000000, 0.000000000000000000, 0.000000000000000000 ) ) ;
#659 = ORIENTED_EDGE ( 'NONE', *, *, #586, .F. ) ;
#660 = DIRECTION ( 'NONE',  ( 0.000000000000000000, -0.000000000000000000, -1.000000000000000000 ) ) ;
#661 = ORIENTED_EDGE ( 'NONE', *, *, #1590, .F. ) ;
#662 = CARTESIAN_POINT ( 'NONE',  ( 114.3047640085710128, 63.53786520321301623, 15.00000000000000000 ) ) ;
#663 = FACE_BOUND ( 'NONE', #408, .T. ) ;
#664 = CARTESIAN_POINT ( 'NONE',  ( 62.05476400857101282, 41.03786520321301623, 0.000000000000000000 ) ) ;
#665 = VERTEX_POINT ( 'NONE', #3420 ) ;
#666 = ADVANCED_FACE ( 'NONE', ( #3137 ), #3383, .F. ) ;
#667 = ORIENTED_EDGE ( 'NONE', *, *, #3476, .F. ) ;
#668 = PLANE ( 'NONE',  #2699 ) ;
#669 = DIRECTION ( 'NONE',  ( 0.000000000000000000, 0.000000000000000000, -1.000000000000000000 ) ) ;
#670 = EDGE_CURVE ( 'NONE', #1059, #735, #1893, .T. ) ;
#671 = ORIENTED_EDGE ( 'NONE', *, *, #775, .F. ) ;
#672 = DIRECTION ( 'NONE',  ( -0.000000000000000000, -0.000000000000000000, -1.000000000000000000 ) ) ;
#673 = DIRECTION ( 'NONE',  ( -0.000000000000000000, -0.000000000000000000, -1.000000000000000000 ) ) ;
#674 = ORIENTED_EDGE ( 'NONE', *, *, #692, .T. ) ;
#675 = CARTESIAN_POINT ( 'NONE',  ( 39.55476400856561270, 16.03786520321925835, 20.00000000000000000 ) ) ;
#676 = DIRECTION ( 'NONE',  ( 1.000000000000000000, 0.000000000000000000, 0.000000000000000000 ) ) ;
#677 = APPROVAL_DATE_TIME ( #1028, #301 ) ;
#678 = ORIENTED_EDGE ( 'NONE', *, *, #752, .F. ) ;
#679 = FACE_OUTER_BOUND ( 'NONE', #1787, .T. ) ;
#680 = DIRECTION ( 'NONE',  ( -1.000000000000000000, 0.000000000000000000, 0.000000000000000000 ) ) ;
#681 = ORIENTED_EDGE ( 'NONE', *, *, #764, .F. ) ;
#682 = ORIENTED_EDGE ( 'NONE', *, *, #3025, .F. ) ;
#683 = AXIS2_PLACEMENT_3D ( 'NONE', #1703, #2811, #1745 ) ;
#684 = DIRECTION ( 'NONE',  ( 0.000000000000000000, 0.000000000000000000, -1.000000000000000000 ) ) ;
#685 = DIRECTION ( 'NONE',  ( -1.000000000000000000, 0.000000000000000000, 0.000000000000000000 ) ) ;
#686 = AXIS2_PLACEMENT_3D ( 'NONE', #2047, #1485, #1414 ) ;
#687 = ORIENTED_EDGE ( 'NONE', *, *, #2870, .T. ) ;
#688 = CYLINDRICAL_SURFACE ( 'NONE', #2757, 6.000000000000005329 ) ;
#689 = DIRECTION ( 'NONE',  ( 0.000000000000000000, 0.000000000000000000, -1.000000000000000000 ) ) ;
#690 = AXIS2_PLACEMENT_3D ( 'NONE', #1121, #2738, #3528 ) ;
#691 = CIRCLE ( 'NONE', #2411, 6.000000000000005329 ) ;
#692 = EDGE_CURVE ( 'NONE', #1276, #2385, #956, .T. ) ;
#693 = AXIS2_PLACEMENT_3D ( 'NONE', #492, #3464, #3182 ) ;
#694 = CARTESIAN_POINT ( 'NONE',  ( 47.55820850438262681, 96.03786520321301623, 64.00000000000000000 ) ) ;
#695 = CARTESIAN_POINT ( 'NONE',  ( 101.7047656438165291, 71.38786520321384899, 15.00000000000000000 ) ) ;
#696 = EDGE_CURVE ( 'NONE', #934, #3447, #1947, .T. ) ;
#697 = CIRCLE ( 'NONE', #2708, 1.999999999999994893 ) ;
#698 = ORIENTED_EDGE ( 'NONE', *, *, #3303, .F. ) ;
#699 = CIRCLE ( 'NONE', #864, 10.00000000000000888 ) ;
#700 = CARTESIAN_POINT ( 'NONE',  ( 0.000000000000000000, 0.000000000000000000, 24.00000000000000000 ) ) ;
#701 = CARTESIAN_POINT ( 'NONE',  ( 117.0547640085710128, 63.53786520321301623, 15.00000000000000000 ) ) ;
#702 = EDGE_CURVE ( 'NONE', #474, #439, #3089, .T. ) ;
#703 = DIRECTION ( 'NONE',  ( -0.000000000000000000, -0.000000000000000000, -1.000000000000000000 ) ) ;
#704 = ORIENTED_EDGE ( 'NONE', *, *, #2489, .F. ) ;
#705 = CIRCLE ( 'NONE', #3224, 10.00000000000000888 ) ;
#706 = EDGE_LOOP ( 'NONE', ( #682, #3445 ) ) ;
#707 = CARTESIAN_POINT ( 'NONE',  ( 40.65059727002839907, 64.01056688839513242, 0.000000000000000000 ) ) ;
#708 = DIRECTION ( 'NONE',  ( -0.000000000000000000, -0.000000000000000000, -1.000000000000000000 ) ) ;
#709 = EDGE_LOOP ( 'NONE', ( #1305, #2100 ) ) ;
#710 = DIRECTION ( 'NONE',  ( 0.000000000000000000, -1.000000000000000000, 0.000000000000000000 ) ) ;
#711 = CARTESIAN_POINT ( 'NONE',  ( 52.05476400857100572, 86.03786520321301623, 4.000000000000000000 ) ) ;
#712 = ADVANCED_FACE ( 'NONE', ( #923 ), #2023, .F. ) ;
#713 = DIRECTION ( 'NONE',  ( -1.000000000000000000, 0.000000000000000000, 0.000000000000000000 ) ) ;
#714 = CARTESIAN_POINT ( 'NONE',  ( 80.05476400856439056, 111.0378652032192264, 20.00000000000000000 ) ) ;
#715 = VERTEX_POINT ( 'NONE', #2417 ) ;
#716 = EDGE_CURVE ( 'NONE', #2669, #3175, #1829, .T. ) ;
#717 = ORIENTED_EDGE ( 'NONE', *, *, #1085, .T. ) ;
#718 = DIRECTION ( 'NONE',  ( -1.000000000000000000, 0.000000000000000000, -0.000000000000000000 ) ) ;
#719 = DIRECTION ( 'NONE',  ( -1.000000000000000000, 0.000000000000000000, 0.000000000000000000 ) ) ;
#720 = ORIENTED_EDGE ( 'NONE', *, *, #1699, .T. ) ;
#721 = EDGE_CURVE ( 'NONE', #3175, #2669, #3275, .T. ) ;
#722 = ORIENTED_EDGE ( 'NONE', *, *, #3222, .T. ) ;
#723 = FACE_OUTER_BOUND ( 'NONE', #379, .T. ) ;
#724 = DIRECTION ( 'NONE',  ( 0.000000000000000000, 0.000000000000000000, 1.000000000000000000 ) ) ;
#725 = ORIENTED_EDGE ( 'NONE', *, *, #2072, .F. ) ;
#726 = LINE ( 'NONE', #1820, #162 ) ;
#727 = DIRECTION ( 'NONE',  ( -0.000000000000000000, -0.000000000000000000, -1.000000000000000000 ) ) ;
#728 = COORDINATED_UNIVERSAL_TIME_OFFSET ( 3, 0, .BEHIND. ) ;
#729 = EDGE_LOOP ( 'NONE', ( #1382, #3233, #1088, #181 ) ) ;
#730 = DIRECTION ( 'NONE',  ( -0.000000000000000000, -0.000000000000000000, -1.000000000000000000 ) ) ;
#731 = CARTESIAN_POINT ( 'NONE',  ( 102.3547656438165347, 71.38786520321384899, 0.000000000000000000 ) ) ;
#732 = CARTESIAN_POINT ( 'NONE',  ( 52.05476400857100572, 86.03786520321301623, 15.00000000000000000 ) ) ;
#733 = VERTEX_POINT ( 'NONE', #2363 ) ;
#734 = EDGE_CURVE ( 'NONE', #1076, #1357, #1089, .T. ) ;
#735 = VERTEX_POINT ( 'NONE', #994 ) ;
#736 = DIRECTION ( 'NONE',  ( -0.000000000000000000, -0.000000000000000000, -1.000000000000000000 ) ) ;
#737 = DIRECTION ( 'NONE',  ( -0.000000000000000000, -0.000000000000000000, -1.000000000000000000 ) ) ;
#738 = EDGE_LOOP ( 'NONE', ( #2705, #1684, #2396, #2027 ) ) ;
#739 = DIRECTION ( 'NONE',  ( 0.000000000000000000, 0.000000000000000000, -1.000000000000000000 ) ) ;
#740 = DIRECTION ( 'NONE',  ( -0.000000000000000000, 0.000000000000000000, -1.000000000000000000 ) ) ;
#741 = EDGE_CURVE ( 'NONE', #575, #1929, #1337, .T. ) ;
#742 = AXIS2_PLACEMENT_3D ( 'NONE', #1880, #320, #60 ) ;
#743 = CIRCLE ( 'NONE', #1538, 0.6499999999999978018 ) ;
#744 = VERTEX_POINT ( 'NONE', #2945 ) ;
#745 = AXIS2_PLACEMENT_3D ( 'NONE', #3012, #548, #825 ) ;
#746 = CARTESIAN_POINT ( 'NONE',  ( 34.55476400857104835, 8.537865203213021559, 15.00000000000000000 ) ) ;
#747 = AXIS2_PLACEMENT_3D ( 'NONE', #2640, #471, #1811 ) ;
#748 = FACE_BOUND ( 'NONE', #1354, .T. ) ;
#749 = CARTESIAN_POINT ( 'NONE',  ( 42.05476400856561270, 111.0378652032192264, 24.00000000000000000 ) ) ;
#750 = ORIENTED_EDGE ( 'NONE', *, *, #1612, .T. ) ;
#751 = VECTOR ( 'NONE', #978, 1000.000000000000000 ) ;
#752 = EDGE_CURVE ( 'NONE', #2911, #72, #1534, .T. ) ;
#753 = ORIENTED_EDGE ( 'NONE', *, *, #1659, .F. ) ;
#754 = DIRECTION ( 'NONE',  ( 0.000000000000000000, 0.000000000000000000, -1.000000000000000000 ) ) ;
#755 = FACE_BOUND ( 'NONE', #709, .T. ) ;
#756 = AXIS2_PLACEMENT_3D ( 'NONE', #1857, #493, #2900 ) ;
#757 = VERTEX_POINT ( 'NONE', #3225 ) ;
#758 = CIRCLE ( 'NONE', #249, 2.500000000000002220 ) ;
#759 = EDGE_CURVE ( 'NONE', #1118, #3525, #2458, .T. ) ;
#760 = VERTEX_POINT ( 'NONE', #3470 ) ;
#761 = LINE ( 'NONE', #459, #1776 ) ;
#762 = PLANE ( 'NONE',  #1371 ) ;
#763 = AXIS2_PLACEMENT_3D ( 'NONE', #925, #360, #324 ) ;
#764 = EDGE_CURVE ( 'NONE', #1110, #947, #2977, .T. ) ;
#765 = LINE ( 'NONE', #1601, #10 ) ;
#766 = ORIENTED_EDGE ( 'NONE', *, *, #1063, .F. ) ;
#767 = LINE ( 'NONE', #1848, #2466 ) ;
#768 = FACE_OUTER_BOUND ( 'NONE', #1668, .T. ) ;
#769 = DIRECTION ( 'NONE',  ( -1.000000000000000000, 0.000000000000000000, 0.000000000000000000 ) ) ;
#770 = EDGE_LOOP ( 'NONE', ( #564, #667, #159, #3135 ) ) ;
#771 = ORIENTED_EDGE ( 'NONE', *, *, #2674, .F. ) ;
#772 = DIRECTION ( 'NONE',  ( 0.000000000000000000, 0.000000000000000000, -1.000000000000000000 ) ) ;
#773 = CYLINDRICAL_SURFACE ( 'NONE', #982, 10.00000000000000888 ) ;
#774 = EDGE_LOOP ( 'NONE', ( #2805, #2740 ) ) ;
#775 = EDGE_CURVE ( 'NONE', #2152, #3082, #3098, .T. ) ;
#776 = ORIENTED_EDGE ( 'NONE', *, *, #1063, .T. ) ;
#777 = PLANE ( 'NONE',  #1195 ) ;
#778 = CARTESIAN_POINT ( 'NONE',  ( 44.55476400856561980, 111.0378652032192264, 20.00000000000000000 ) ) ;
#779 = EDGE_CURVE ( 'NONE', #2035, #2702, #765, .T. ) ;
#780 = CARTESIAN_POINT ( 'NONE',  ( 125.0138863796564124, 111.0611826816691945, 20.00000000000000000 ) ) ;
#781 = EDGE_LOOP ( 'NONE', ( #2664, #2210, #2819, #2582 ) ) ;
#782 = EDGE_CURVE ( 'NONE', #3447, #934, #3318, .T. ) ;
#783 = CARTESIAN_POINT ( 'NONE',  ( 44.55476400856561980, 111.0378652032192264, 24.00000000000000000 ) ) ;
#784 = FACE_OUTER_BOUND ( 'NONE', #1530, .T. ) ;
#785 = DIRECTION ( 'NONE',  ( -1.000000000000000000, 0.000000000000000000, 0.000000000000000000 ) ) ;
#786 = VERTEX_POINT ( 'NONE', #1821 ) ;
#787 = FACE_OUTER_BOUND ( 'NONE', #2328, .T. ) ;
#788 = ORIENTED_EDGE ( 'NONE', *, *, #2735, .F. ) ;
#789 = CARTESIAN_POINT ( 'NONE',  ( 81.80476400857101282, 41.03786520321301623, 15.00000000000000000 ) ) ;
#790 = CARTESIAN_POINT ( 'NONE',  ( 29.55476400857101638, 101.0378652032130162, 0.000000000000000000 ) ) ;
#791 = VERTEX_POINT ( 'NONE', #2920 ) ;
#792 = DIRECTION ( 'NONE',  ( 0.000000000000000000, 0.000000000000000000, -1.000000000000000000 ) ) ;
#793 = CARTESIAN_POINT ( 'NONE',  ( 132.5547640085710270, 94.03786520321300202, 12.00000000000000000 ) ) ;
#794 = EDGE_CURVE ( 'NONE', #2620, #3180, #1081, .T. ) ;
#795 = AXIS2_PLACEMENT_3D ( 'NONE', #283, #1969, #1149 ) ;
#796 = ORIENTED_EDGE ( 'NONE', *, *, #1516, .T. ) ;
#797 = VECTOR ( 'NONE', #1417, 1000.000000000000000 ) ;
#798 = DIRECTION ( 'NONE',  ( -1.000000000000000000, 0.000000000000000000, 0.000000000000000000 ) ) ;
#799 = CARTESIAN_POINT ( 'NONE',  ( 82.05476400857101282, 16.03786520321925835, 20.00000000000000000 ) ) ;
#800 = CARTESIAN_POINT ( 'NONE',  ( 40.05476400856434793, 111.0378652032192264, 20.00000000000000000 ) ) ;
#801 = AXIS2_PLACEMENT_3D ( 'NONE', #475, #772, #147 ) ;
#802 = VERTEX_POINT ( 'NONE', #3483 ) ;
#803 = CIRCLE ( 'NONE', #3432, 2.750000000000002665 ) ;
#804 = AXIS2_PLACEMENT_3D ( 'NONE', #1372, #834, #1645 ) ;
#805 = ADVANCED_FACE ( 'NONE', ( #2709 ), #1025, .F. ) ;
#806 = CARTESIAN_POINT ( 'NONE',  ( 42.05476400856561270, 111.0378652032192264, 15.00000000000000000 ) ) ;
#807 = EDGE_LOOP ( 'NONE', ( #240, #3340, #2343, #374, #330, #2065 ) ) ;
#808 = CARTESIAN_POINT ( 'NONE',  ( 117.0547640085710128, 41.03786520321301623, 4.000000000000000000 ) ) ;
#809 = CARTESIAN_POINT ( 'NONE',  ( 103.0047656438165262, 71.38786520321384899, 15.00000000000000000 ) ) ;
#810 = AXIS2_PLACEMENT_3D ( 'NONE', #514, #2604, #3500 ) ;
#811 = ORIENTED_EDGE ( 'NONE', *, *, #995, .T. ) ;
#812 = AXIS2_PLACEMENT_3D ( 'NONE', #3217, #724, #3164 ) ;
#813 = CARTESIAN_POINT ( 'NONE',  ( 127.0138863796576629, 16.01454772475684152, 24.00000000000000000 ) ) ;
#814 = DIRECTION ( 'NONE',  ( -0.000000000000000000, -1.000000000000000000, -0.000000000000000000 ) ) ;
#815 = AXIS2_PLACEMENT_3D ( 'NONE', #472, #2110, #2928 ) ;
#816 = DIRECTION ( 'NONE',  ( -0.000000000000000000, 0.000000000000000000, 1.000000000000000000 ) ) ;
#817 = PRODUCT_DEFINITION_FORMATION_WITH_SPECIFIED_SOURCE ( 'ANY', '', #3202, .NOT_KNOWN. ) ;
#818 = EDGE_CURVE ( 'NONE', #3180, #572, #3520, .T. ) ;
#819 = CARTESIAN_POINT ( 'NONE',  ( 117.0547640085710128, 41.03786520321301623, 4.000000000000000000 ) ) ;
#820 = FACE_OUTER_BOUND ( 'NONE', #203, .T. ) ;
#821 = ORIENTED_EDGE ( 'NONE', *, *, #2450, .T. ) ;
#822 = EDGE_CURVE ( 'NONE', #934, #2290, #1049, .T. ) ;
#823 = CARTESIAN_POINT ( 'NONE',  ( 84.55476400857101282, 41.03786520321301623, 15.00000000000000000 ) ) ;
#824 = ORIENTED_EDGE ( 'NONE', *, *, #393, .F. ) ;
#825 = DIRECTION ( 'NONE',  ( -1.000000000000000000, 0.000000000000000000, 0.000000000000000000 ) ) ;
#826 = LINE ( 'NONE', #1637, #2775 ) ;
#827 = ORIENTED_EDGE ( 'NONE', *, *, #3008, .F. ) ;
#828 = ADVANCED_FACE ( 'NONE', ( #2657 ), #446, .F. ) ;
#829 = ORIENTED_EDGE ( 'NONE', *, *, #835, .F. ) ;
#830 = FACE_OUTER_BOUND ( 'NONE', #2307, .T. ) ;
#831 = DIRECTION ( 'NONE',  ( -1.000000000000000000, 0.000000000000000000, 0.000000000000000000 ) ) ;
#832 = EDGE_CURVE ( 'NONE', #1177, #2954, #568, .T. ) ;
#833 = DIRECTION ( 'NONE',  ( 1.000000000000000000, 0.000000000000000000, 0.000000000000000000 ) ) ;
#834 = DIRECTION ( 'NONE',  ( 0.000000000000000000, -0.000000000000000000, -1.000000000000000000 ) ) ;
#835 = EDGE_CURVE ( 'NONE', #2791, #1990, #2115, .T. ) ;
#836 = LINE ( 'NONE', #2188, #3059 ) ;
#837 = ORIENTED_EDGE ( 'NONE', *, *, #1694, .T. ) ;
#838 = EDGE_LOOP ( 'NONE', ( #2568, #3054 ) ) ;
#839 = LINE ( 'NONE', #260, #1087 ) ;
#840 = EDGE_CURVE ( 'NONE', #878, #2536, #3375, .T. ) ;
#841 = PLANE ( 'NONE',  #3396 ) ;
#842 = ORIENTED_EDGE ( 'NONE', *, *, #2843, .T. ) ;
#843 = EDGE_LOOP ( 'NONE', ( #1557, #2802, #128, #2297 ) ) ;
#844 = DIRECTION ( 'NONE',  ( -1.000000000000000000, 0.000000000000000000, 0.000000000000000000 ) ) ;
#845 = LINE ( 'NONE', #281, #15 ) ;
#846 = LINE ( 'NONE', #3063, #1193 ) ;
#847 = EDGE_CURVE ( 'NONE', #75, #623, #1831, .T. ) ;
#848 = CIRCLE ( 'NONE', #2113, 0.6499999999999978018 ) ;
#849 = DIRECTION ( 'NONE',  ( 0.000000000000000000, 0.000000000000000000, -1.000000000000000000 ) ) ;
#850 = FACE_BOUND ( 'NONE', #3284, .T. ) ;
#851 = ORIENTED_EDGE ( 'NONE', *, *, #545, .F. ) ;
#852 = AXIS2_PLACEMENT_3D ( 'NONE', #1129, #816, #833 ) ;
#853 = ORIENTED_EDGE ( 'NONE', *, *, #393, .T. ) ;
#854 = AXIS2_PLACEMENT_3D ( 'NONE', #2122, #739, #1526 ) ;
#855 = LINE ( 'NONE', #3513, #3213 ) ;
#856 = AXIS2_PLACEMENT_3D ( 'NONE', #1579, #2886, #166 ) ;
#857 = FACE_OUTER_BOUND ( 'NONE', #3254, .T. ) ;
#858 = ORIENTED_EDGE ( 'NONE', *, *, #2541, .F. ) ;
#859 = AXIS2_PLACEMENT_3D ( 'NONE', #1873, #2333, #2666 ) ;
#860 = EDGE_CURVE ( 'NONE', #3083, #225, #846, .T. ) ;
#861 = ORIENTED_EDGE ( 'NONE', *, *, #2696, .T. ) ;
#862 = DIRECTION ( 'NONE',  ( 0.000000000000000000, 0.000000000000000000, -1.000000000000000000 ) ) ;
#863 = DIRECTION ( 'NONE',  ( 1.000000000000000000, 0.000000000000000000, 0.000000000000000000 ) ) ;
#864 = AXIS2_PLACEMENT_3D ( 'NONE', #1598, #2996, #153 ) ;
#865 = LINE ( 'NONE', #3296, #2058 ) ;
#866 = FACE_BOUND ( 'NONE', #3527, .T. ) ;
#867 = AXIS2_PLACEMENT_3D ( 'NONE', #1743, #895, #2862 ) ;
#868 = EDGE_CURVE ( 'NONE', #2620, #1003, #1920, .T. ) ;
#869 = CIRCLE ( 'NONE', #1439, 3.999999999999996447 ) ;
#870 = CYLINDRICAL_SURFACE ( 'NONE', #2940, 0.6499999999999978018 ) ;
#871 = CALENDAR_DATE ( 2026, 19, 8 ) ;
#872 = ORIENTED_EDGE ( 'NONE', *, *, #100, .F. ) ;
#873 = ORGANIZATION ( 'UNSPECIFIED', 'UNSPECIFIED', '' ) ;
#874 = VERTEX_POINT ( 'NONE', #556 ) ;
#875 = CARTESIAN_POINT ( 'NONE',  ( 139.5547640085710270, 101.0378652032130162, 14.00000000000000000 ) ) ;
#876 = DIRECTION ( 'NONE',  ( -1.000000000000000000, 0.000000000000000000, 0.000000000000000000 ) ) ;
#877 = ORIENTED_EDGE ( 'NONE', *, *, #3431, .F. ) ;
#878 = VERTEX_POINT ( 'NONE', #1402 ) ;
#879 = DIRECTION ( 'NONE',  ( -1.000000000000000000, 0.000000000000000000, -0.000000000000000000 ) ) ;
#880 = LINE ( 'NONE', #3018, #3105 ) ;
#881 = EDGE_CURVE ( 'NONE', #3088, #3028, #1310, .T. ) ;
#882 = CARTESIAN_POINT ( 'NONE',  ( 44.55476400856561980, 111.0378652032192264, 20.00000000000000000 ) ) ;
#883 = FACE_BOUND ( 'NONE', #3415, .T. ) ;
#884 = ORIENTED_EDGE ( 'NONE', *, *, #1989, .F. ) ;
#885 = DIRECTION ( 'NONE',  ( -1.000000000000000000, 0.000000000000000000, 0.000000000000000000 ) ) ;
#886 = DIRECTION ( 'NONE',  ( -1.000000000000000000, 0.000000000000000000, 0.000000000000000000 ) ) ;
#887 = DATE_TIME_ROLE ( 'creation_date' ) ;
#888 = ORIENTED_EDGE ( 'NONE', *, *, #2299, .T. ) ;
#889 = ORIENTED_EDGE ( 'NONE', *, *, #3534, .F. ) ;
#890 = DIRECTION ( 'NONE',  ( -1.000000000000000000, 0.000000000000000000, 0.000000000000000000 ) ) ;
#891 = CARTESIAN_POINT ( 'NONE',  ( 80.05476400856974806, 16.03786520321925835, 20.00000000000000000 ) ) ;
#892 = ORIENTED_EDGE ( 'NONE', *, *, #261, .F. ) ;
#893 = ORIENTED_EDGE ( 'NONE', *, *, #2944, .T. ) ;
#894 = DIRECTION ( 'NONE',  ( 1.000000000000000000, 0.000000000000000000, 0.000000000000000000 ) ) ;
#895 = DIRECTION ( 'NONE',  ( 0.000000000000000000, 0.000000000000000000, -1.000000000000000000 ) ) ;
#896 = CARTESIAN_POINT ( 'NONE',  ( 29.55476400857101638, 26.03786520321302334, 14.00000000000000000 ) ) ;
#897 = FACE_BOUND ( 'NONE', #1755, .T. ) ;
#898 = VERTEX_POINT ( 'NONE', #3032 ) ;
#899 = EDGE_CURVE ( 'NONE', #1176, #2702, #2867, .T. ) ;
#900 = DIRECTION ( 'NONE',  ( -0.000000000000000000, -0.000000000000000000, -1.000000000000000000 ) ) ;
#901 = PLANE ( 'NONE',  #1324 ) ;
#902 = CARTESIAN_POINT ( 'NONE',  ( 101.5047656438164552, 69.88786520321384899, 15.00000000000000000 ) ) ;
#903 = ORIENTED_EDGE ( 'NONE', *, *, #2529, .F. ) ;
#904 = AXIS2_PLACEMENT_3D ( 'NONE', #3187, #1064, #3203 ) ;
#905 = ADVANCED_FACE ( 'NONE', ( #588 ), #2780, .F. ) ;
#906 = ORIENTED_EDGE ( 'NONE', *, *, #499, .T. ) ;
#907 = DIRECTION ( 'NONE',  ( -1.000000000000000000, 0.000000000000000000, 0.000000000000000000 ) ) ;
#908 = FACE_OUTER_BOUND ( 'NONE', #512, .T. ) ;
#909 = CIRCLE ( 'NONE', #1023, 2.500000000000002220 ) ;
#910 = ORIENTED_EDGE ( 'NONE', *, *, #499, .F. ) ;
#911 = EDGE_CURVE ( 'NONE', #2357, #1484, #2810, .T. ) ;
#912 = AXIS2_PLACEMENT_3D ( 'NONE', #3322, #862, #1061 ) ;
#913 = AXIS2_PLACEMENT_3D ( 'NONE', #2557, #95, #2105 ) ;
#914 = EDGE_LOOP ( 'NONE', ( #2658, #3249 ) ) ;
#915 = DIRECTION ( 'NONE',  ( 0.000000000000000000, 0.000000000000000000, -1.000000000000000000 ) ) ;
#916 = LINE ( 'NONE', #148, #1964 ) ;
#917 = AXIS2_PLACEMENT_3D ( 'NONE', #3038, #2991, #292 ) ;
#918 = VECTOR ( 'NONE', #2909, 1000.000000000000000 ) ;
#919 = DIRECTION ( 'NONE',  ( -0.000000000000000000, -0.000000000000000000, 1.000000000000000000 ) ) ;
#920 = LINE ( 'NONE', #1130, #6 ) ;
#921 = ORIENTED_EDGE ( 'NONE', *, *, #670, .T. ) ;
#922 = AXIS2_PLACEMENT_3D ( 'NONE', #3121, #2271, #323 ) ;
#923 = FACE_OUTER_BOUND ( 'NONE', #29, .T. ) ;
#924 = DIRECTION ( 'NONE',  ( 0.000000000000000000, 0.000000000000000000, -1.000000000000000000 ) ) ;
#925 = CARTESIAN_POINT ( 'NONE',  ( 100.8547656438164637, 69.88786520321384899, 15.00000000000000000 ) ) ;
#926 = ORIENTED_EDGE ( 'NONE', *, *, #881, .T. ) ;
#927 = EDGE_CURVE ( 'NONE', #2854, #193, #2638, .T. ) ;
#928 = AXIS2_PLACEMENT_3D ( 'NONE', #506, #3425, #719 ) ;
#929 = FACE_BOUND ( 'NONE', #3312, .T. ) ;
#930 = FACE_BOUND ( 'NONE', #368, .T. ) ;
#931 = CARTESIAN_POINT ( 'NONE',  ( 58.05476400857101282, 86.03786520321301623, 15.00000000000000000 ) ) ;
#932 = AXIS2_PLACEMENT_3D ( 'NONE', #1341, #1937, #3035 ) ;
#933 = ORIENTED_EDGE ( 'NONE', *, *, #104, .T. ) ;
#934 = VERTEX_POINT ( 'NONE', #2518 ) ;
#935 = LINE ( 'NONE', #1995, #968 ) ;
#936 = CARTESIAN_POINT ( 'NONE',  ( 111.0547640085709986, 86.03786520321301623, 15.00000000000000000 ) ) ;
#937 = ADVANCED_FACE ( 'NONE', ( #2764 ), #303, .F. ) ;
#938 = CARTESIAN_POINT ( 'NONE',  ( 38.55228011556611278, 94.03786520321300202, 0.000000000000000000 ) ) ;
#939 = DIRECTION ( 'NONE',  ( -0.000000000000000000, -0.000000000000000000, -1.000000000000000000 ) ) ;
#940 = ORIENTED_EDGE ( 'NONE', *, *, #3030, .F. ) ;
#941 = DIRECTION ( 'NONE',  ( -1.000000000000000000, 0.000000000000000000, 0.000000000000000000 ) ) ;
#942 = DIRECTION ( 'NONE',  ( -1.000000000000000000, 0.000000000000000000, 0.000000000000000000 ) ) ;
#943 =( LENGTH_UNIT ( ) NAMED_UNIT ( * ) SI_UNIT ( .MILLI., .METRE. ) );
#944 = ORIENTED_EDGE ( 'NONE', *, *, #1124, .F. ) ;
#945 = CARTESIAN_POINT ( 'NONE',  ( 134.0138863796589135, 111.0611826816691945, 20.00000000000000000 ) ) ;
#946 = CARTESIAN_POINT ( 'NONE',  ( 121.5582085043825629, 96.03786520321301623, 15.00000000000000000 ) ) ;
#947 = VERTEX_POINT ( 'NONE', #2729 ) ;
#948 = EDGE_CURVE ( 'NONE', #3027, #2053, #2230, .T. ) ;
#949 = EDGE_LOOP ( 'NONE', ( #1700, #1577, #2011, #3515 ) ) ;
#950 = CYLINDRICAL_SURFACE ( 'NONE', #169, 4.500000000001253220 ) ;
#951 = CYLINDRICAL_SURFACE ( 'NONE', #2128, 0.6499999999999978018 ) ;
#952 = ORIENTED_EDGE ( 'NONE', *, *, #981, .T. ) ;
#953 = CARTESIAN_POINT ( 'NONE',  ( 34.55476400857105546, 33.03786520321305886, 0.000000000000000000 ) ) ;
#954 = PLANE ( 'NONE',  #856 ) ;
#955 = EDGE_CURVE ( 'NONE', #2053, #1176, #865, .T. ) ;
#956 = LINE ( 'NONE', #1456, #1262 ) ;
#957 = DIRECTION ( 'NONE',  ( 0.000000000000000000, 1.000000000000000000, 0.000000000000000000 ) ) ;
#958 = EDGE_LOOP ( 'NONE', ( #1923, #2331 ) ) ;
#959 = DIRECTION ( 'NONE',  ( 0.000000000000000000, 1.000000000000000000, 0.000000000000000000 ) ) ;
#960 = CARTESIAN_POINT ( 'NONE',  ( 0.000000000000000000, 0.000000000000000000, 15.00000000000000000 ) ) ;
#961 = CARTESIAN_POINT ( 'NONE',  ( 46.05476400857100572, 86.03786520321301623, 4.000000000000000000 ) ) ;
#962 = ORIENTED_EDGE ( 'NONE', *, *, #3292, .F. ) ;
#963 = EDGE_LOOP ( 'NONE', ( #402, #2859, #363, #1187 ) ) ;
#964 = VECTOR ( 'NONE', #2864, 1000.000000000000000 ) ;
#965 = CARTESIAN_POINT ( 'NONE',  ( 129.5547640085655701, 16.03786520321703790, 20.00000000000000000 ) ) ;
#966 = FACE_OUTER_BOUND ( 'NONE', #1860, .T. ) ;
#967 = EDGE_CURVE ( 'NONE', #418, #1267, #1419, .T. ) ;
#968 = VECTOR ( 'NONE', #3090, 1000.000000000000000 ) ;
#969 = AXIS2_PLACEMENT_3D ( 'NONE', #700, #434, #1517 ) ;
#970 = ORIENTED_EDGE ( 'NONE', *, *, #1493, .T. ) ;
#971 = CARTESIAN_POINT ( 'NONE',  ( 125.5582085043825913, 35.03786520321304465, 64.00000000000000000 ) ) ;
#972 = DIRECTION ( 'NONE',  ( -1.000000000000000000, 0.000000000000000000, 0.000000000000000000 ) ) ;
#973 = AXIS2_PLACEMENT_3D ( 'NONE', #3215, #2627, #2935 ) ;
#974 = VECTOR ( 'NONE', #2095, 1000.000000000000000 ) ;
#975 = ADVANCED_FACE ( 'NONE', ( #604 ), #267, .F. ) ;
#976 = AXIS2_PLACEMENT_3D ( 'NONE', #612, #1191, #907 ) ;
#977 = DIRECTION ( 'NONE',  ( -1.000000000000000000, 0.000000000000000000, 0.000000000000000000 ) ) ;
#978 = DIRECTION ( 'NONE',  ( -0.000000000000000000, -0.000000000000000000, -1.000000000000000000 ) ) ;
#979 = VECTOR ( 'NONE', #3061, 1000.000000000000000 ) ;
#980 = ORIENTED_EDGE ( 'NONE', *, *, #741, .T. ) ;
#981 = EDGE_CURVE ( 'NONE', #2751, #1961, #3486, .T. ) ;
#982 = AXIS2_PLACEMENT_3D ( 'NONE', #2087, #1874, #511 ) ;
#983 = DIRECTION ( 'NONE',  ( 0.000000000000000000, 0.000000000000000000, -1.000000000000000000 ) ) ;
#984 = DIRECTION ( 'NONE',  ( 1.000000000000000000, 0.000000000000000000, 0.000000000000000000 ) ) ;
#985 = ORIENTED_EDGE ( 'NONE', *, *, #2933, .T. ) ;
#986 = AXIS2_PLACEMENT_3D ( 'NONE', #2457, #1397, #1960 ) ;
#987 = ORIENTED_EDGE ( 'NONE', *, *, #1516, .F. ) ;
#988 = DIRECTION ( 'NONE',  ( 0.000000000000000000, -0.000000000000000000, -1.000000000000000000 ) ) ;
#989 = LINE ( 'NONE', #1575, #2018 ) ;
#990 = CC_DESIGN_SECURITY_CLASSIFICATION ( #650, ( #817 ) ) ;
#991 = ORIENTED_EDGE ( 'NONE', *, *, #1119, .F. ) ;
#992 = CARTESIAN_POINT ( 'NONE',  ( 70.10476564381649212, 67.03786520321406783, 0.000000000000000000 ) ) ;
#993 = DIRECTION ( 'NONE',  ( -1.000000000000000000, 0.000000000000000000, 0.000000000000000000 ) ) ;
#994 = CARTESIAN_POINT ( 'NONE',  ( 62.05476400857101282, 41.03786520321301623, 4.000000000000000000 ) ) ;
#995 = EDGE_CURVE ( 'NONE', #3028, #733, #1202, .T. ) ;
#996 = ORIENTED_EDGE ( 'NONE', *, *, #2801, .T. ) ;
#997 = ADVANCED_FACE ( 'NONE', ( #134 ), #3093, .F. ) ;
#998 = ORIENTED_EDGE ( 'NONE', *, *, #1817, .F. ) ;
#999 = LINE ( 'NONE', #1247, #2470 ) ;
#1000 = FACE_OUTER_BOUND ( 'NONE', #2412, .T. ) ;
#1001 = ORIENTED_EDGE ( 'NONE', *, *, #1390, .T. ) ;
#1002 = ADVANCED_FACE ( 'NONE', ( #387 ), #688, .F. ) ;
#1003 = VERTEX_POINT ( 'NONE', #1225 ) ;
#1004 = DIRECTION ( 'NONE',  ( -0.000000000000000000, -0.000000000000000000, -1.000000000000000000 ) ) ;
#1005 = CARTESIAN_POINT ( 'NONE',  ( 134.5547640085710270, 13.53786520321302156, 24.00000000000000000 ) ) ;
#1006 = EDGE_LOOP ( 'NONE', ( #1395, #2050, #788, #2681 ) ) ;
#1007 = DIRECTION ( 'NONE',  ( 0.000000000000000000, 0.000000000000000000, 1.000000000000000000 ) ) ;
#1008 = CARTESIAN_POINT ( 'NONE',  ( 121.5582085043825629, 96.03786520321301623, 64.00000000000000000 ) ) ;
#1009 = EDGE_LOOP ( 'NONE', ( #437, #645 ) ) ;
#1010 = DIRECTION ( 'NONE',  ( 0.000000000000000000, 0.000000000000000000, -1.000000000000000000 ) ) ;
#1011 = FACE_BOUND ( 'NONE', #1342, .T. ) ;
#1012 = CARTESIAN_POINT ( 'NONE',  ( 132.0138863796576629, 111.0611826816691945, 24.00000000000000000 ) ) ;
#1013 = VERTEX_POINT ( 'NONE', #3376 ) ;
#1014 = EDGE_CURVE ( 'NONE', #3539, #2121, #3147, .T. ) ;
#1015 = ORIENTED_EDGE ( 'NONE', *, *, #657, .T. ) ;
#1016 = CARTESIAN_POINT ( 'NONE',  ( 103.0047656438165262, 71.38786520321384899, 15.00000000000000000 ) ) ;
#1017 = CARTESIAN_POINT ( 'NONE',  ( 132.5547640085710270, 94.03786520321300202, 12.00000000000000000 ) ) ;
#1018 = EDGE_CURVE ( 'NONE', #1156, #452, #3267, .T. ) ;
#1019 = VECTOR ( 'NONE', #2403, 1000.000000000000000 ) ;
#1020 = ORIENTED_EDGE ( 'NONE', *, *, #455, .F. ) ;
#1021 = FACE_BOUND ( 'NONE', #3184, .T. ) ;
#1022 = FACE_OUTER_BOUND ( 'NONE', #2197, .T. ) ;
#1023 = AXIS2_PLACEMENT_3D ( 'NONE', #2283, #3117, #2019 ) ;
#1024 = CIRCLE ( 'NONE', #2813, 4.500000000001266542 ) ;
#1025 = CYLINDRICAL_SURFACE ( 'NONE', #2173, 2.750000000000002665 ) ;
#1026 = CIRCLE ( 'NONE', #3046, 4.500000000001266542 ) ;
#1027 = ORIENTED_EDGE ( 'NONE', *, *, #1258, .T. ) ;
#1028 = DATE_AND_TIME ( #1792, #2252 ) ;
#1029 = ORIENTED_EDGE ( 'NONE', *, *, #2215, .T. ) ;
#1030 = AXIS2_PLACEMENT_3D ( 'NONE', #1361, #3024, #2169 ) ;
#1031 = DIRECTION ( 'NONE',  ( 0.000000000000000000, 0.000000000000000000, -1.000000000000000000 ) ) ;
#1032 = AXIS2_PLACEMENT_3D ( 'NONE', #229, #2422, #3507 ) ;
#1033 = FACE_OUTER_BOUND ( 'NONE', #2948, .T. ) ;
#1034 = FACE_OUTER_BOUND ( 'NONE', #3193, .T. ) ;
#1035 = ORIENTED_EDGE ( 'NONE', *, *, #255, .T. ) ;
#1036 = AXIS2_PLACEMENT_3D ( 'NONE', #2976, #3518, #676 ) ;
#1037 = CARTESIAN_POINT ( 'NONE',  ( 68.00476564381639832, 60.38786520321409768, 15.00000000000000000 ) ) ;
#1038 = EDGE_LOOP ( 'NONE', ( #3112, #2530 ) ) ;
#1039 = DIRECTION ( 'NONE',  ( -0.000000000000000000, -0.000000000000000000, -1.000000000000000000 ) ) ;
#1040 = EDGE_CURVE ( 'NONE', #2923, #2225, #1480, .T. ) ;
#1041 = DIRECTION ( 'NONE',  ( 1.000000000000000000, 0.000000000000000000, 0.000000000000000000 ) ) ;
#1042 = AXIS2_PLACEMENT_3D ( 'NONE', #424, #2264, #3115 ) ;
#1043 = AXIS2_PLACEMENT_3D ( 'NONE', #549, #1411, #1379 ) ;
#1044 = ORIENTED_EDGE ( 'NONE', *, *, #779, .F. ) ;
#1045 = FACE_OUTER_BOUND ( 'NONE', #1814, .T. ) ;
#1046 = EDGE_CURVE ( 'NONE', #1883, #2257, #1467, .T. ) ;
#1047 = LINE ( 'NONE', #2905, #3446 ) ;
#1048 = CIRCLE ( 'NONE', #3171, 10.00000000000000888 ) ;
#1049 = LINE ( 'NONE', #780, #2924 ) ;
#1050 = ORIENTED_EDGE ( 'NONE', *, *, #847, .F. ) ;
#1051 = LINE ( 'NONE', #3246, #2644 ) ;
#1052 = LINE ( 'NONE', #3297, #2765 ) ;
#1053 = CYLINDRICAL_SURFACE ( 'NONE', #932, 4.000000000000003553 ) ;
#1054 = VERTEX_POINT ( 'NONE', #896 ) ;
#1055 = DIRECTION ( 'NONE',  ( -0.000000000000000000, -0.000000000000000000, -1.000000000000000000 ) ) ;
#1056 = ORIENTED_EDGE ( 'NONE', *, *, #2037, .F. ) ;
#1057 = DIRECTION ( 'NONE',  ( -0.000000000000000000, -0.000000000000000000, -1.000000000000000000 ) ) ;
#1058 = CARTESIAN_POINT ( 'NONE',  ( 114.3047640085710128, 63.53786520321301623, 0.000000000000000000 ) ) ;
#1059 = VERTEX_POINT ( 'NONE', #2337 ) ;
#1060 = ORIENTED_EDGE ( 'NONE', *, *, #1744, .F. ) ;
#1061 = DIRECTION ( 'NONE',  ( -1.000000000000000000, 0.000000000000000000, -0.000000000000000000 ) ) ;
#1062 = LINE ( 'NONE', #2432, #3165 ) ;
#1063 = EDGE_CURVE ( 'NONE', #1003, #572, #167, .T. ) ;
#1064 = DIRECTION ( 'NONE',  ( 0.000000000000000000, 0.000000000000000000, -1.000000000000000000 ) ) ;
#1065 = ORIENTED_EDGE ( 'NONE', *, *, #2801, .F. ) ;
#1066 = EDGE_CURVE ( 'NONE', #2901, #1409, #462, .T. ) ;
#1067 = CARTESIAN_POINT ( 'NONE',  ( 69.45476564381648643, 67.03786520321406783, 15.00000000000000000 ) ) ;
#1068 = DIRECTION ( 'NONE',  ( -0.000000000000000000, -0.000000000000000000, -1.000000000000000000 ) ) ;
#1069 = DIRECTION ( 'NONE',  ( -0.000000000000000000, -0.000000000000000000, -1.000000000000000000 ) ) ;
#1070 = ORIENTED_EDGE ( 'NONE', *, *, #326, .F. ) ;
#1071 = CARTESIAN_POINT ( 'NONE',  ( 139.5547640085710270, 118.5378652032130162, 14.00000000000000000 ) ) ;
#1072 = VERTEX_POINT ( 'NONE', #1761 ) ;
#1073 = CARTESIAN_POINT ( 'NONE',  ( 129.5138863796576629, 111.0611826816691945, 14.00000000000000000 ) ) ;
#1074 = LINE ( 'NONE', #2509, #1271 ) ;
#1075 = ORIENTED_EDGE ( 'NONE', *, *, #81, .F. ) ;
#1076 = VERTEX_POINT ( 'NONE', #938 ) ;
#1077 = DIRECTION ( 'NONE',  ( -0.000000000000000000, -0.000000000000000000, -1.000000000000000000 ) ) ;
#1078 = CARTESIAN_POINT ( 'NONE',  ( 80.05476400856974806, 16.03786520321925835, 20.00000000000000000 ) ) ;
#1079 = ADVANCED_FACE ( 'NONE', ( #2556 ), #94, .F. ) ;
#1080 = DIRECTION ( 'NONE',  ( -1.000000000000000000, 0.000000000000000000, 0.000000000000000000 ) ) ;
#1081 = CIRCLE ( 'NONE', #1312, 2.500000000000002220 ) ;
#1082 = AXIS2_PLACEMENT_3D ( 'NONE', #992, #3481, #2413 ) ;
#1083 = CIRCLE ( 'NONE', #1315, 2.750000000000002665 ) ;
#1084 = DIRECTION ( 'NONE',  ( -0.000000000000000000, -0.000000000000000000, -1.000000000000000000 ) ) ;
#1085 = EDGE_CURVE ( 'NONE', #760, #290, #2229, .T. ) ;
#1086 = FACE_OUTER_BOUND ( 'NONE', #729, .T. ) ;
#1087 = VECTOR ( 'NONE', #1345, 1000.000000000000000 ) ;
#1088 = ORIENTED_EDGE ( 'NONE', *, *, #1672, .F. ) ;
#1089 = CIRCLE ( 'NONE', #2807, 1.997516106995063323 ) ;
#1090 = CIRCLE ( 'NONE', #1147, 5.000000000000004441 ) ;
#1091 = CARTESIAN_POINT ( 'NONE',  ( 47.55820850438262681, 31.03786520321301268, 24.00000000000000000 ) ) ;
#1092 = VERTEX_POINT ( 'NONE', #953 ) ;
#1093 = CARTESIAN_POINT ( 'NONE',  ( 47.05476400856561980, 111.0378652032192264, 15.00000000000000000 ) ) ;
#1094 = LINE ( 'NONE', #809, #2537 ) ;
#1095 = CIRCLE ( 'NONE', #2596, 2.500000000000002220 ) ;
#1096 = VERTEX_POINT ( 'NONE', #1180 ) ;
#1097 = VECTOR ( 'NONE', #708, 1000.000000000000000 ) ;
#1098 = DIRECTION ( 'NONE',  ( -1.000000000000000000, 0.000000000000000000, 0.000000000000000000 ) ) ;
#1099 = CARTESIAN_POINT ( 'NONE',  ( 40.05476400856434793, 111.0378652032192264, 20.00000000000000000 ) ) ;
#1100 = AXIS2_PLACEMENT_3D ( 'NONE', #1978, #3073, #628 ) ;
#1101 = CC_DESIGN_PERSON_AND_ORGANIZATION_ASSIGNMENT ( #2837, #1296, ( #817 ) ) ;
#1102 = CARTESIAN_POINT ( 'NONE',  ( 34.55476400857101282, 113.5378652032130162, 14.00000000000000000 ) ) ;
#1103 = AXIS2_PLACEMENT_3D ( 'NONE', #522, #1373, #287 ) ;
#1104 = EDGE_CURVE ( 'NONE', #2106, #2318, #909, .T. ) ;
#1105 = CARTESIAN_POINT ( 'NONE',  ( 101.5047656438164552, 69.88786520321384899, 0.000000000000000000 ) ) ;
#1106 = CARTESIAN_POINT ( 'NONE',  ( 68.65476564381638980, 60.38786520321409768, 15.00000000000000000 ) ) ;
#1107 = ORIENTED_EDGE ( 'NONE', *, *, #1014, .T. ) ;
#1108 = ORIENTED_EDGE ( 'NONE', *, *, #2628, .T. ) ;
#1109 = CARTESIAN_POINT ( 'NONE',  ( 139.5547640085710270, 101.0378652032130162, 14.00000000000000000 ) ) ;
#1110 = VERTEX_POINT ( 'NONE', #656 ) ;
#1111 = EDGE_CURVE ( 'NONE', #1287, #2224, #2036, .T. ) ;
#1112 = ORIENTED_EDGE ( 'NONE', *, *, #2555, .T. ) ;
#1113 = CARTESIAN_POINT ( 'NONE',  ( 87.05476400857101282, 16.03786520321925835, 24.00000000000000000 ) ) ;
#1114 = DIRECTION ( 'NONE',  ( -0.000000000000000000, -0.000000000000000000, -1.000000000000000000 ) ) ;
#1115 = CARTESIAN_POINT ( 'NONE',  ( 44.55476400856561980, 111.0378652032192264, 14.00000000000000000 ) ) ;
#1116 = PLANE ( 'NONE',  #2998 ) ;
#1117 = DIRECTION ( 'NONE',  ( 1.000000000000000000, -0.000000000000000000, 0.000000000000000000 ) ) ;
#1118 = VERTEX_POINT ( 'NONE', #618 ) ;
#1119 = EDGE_CURVE ( 'NONE', #1302, #626, #1950, .T. ) ;
#1120 = ORIENTED_EDGE ( 'NONE', *, *, #78, .F. ) ;
#1121 = CARTESIAN_POINT ( 'NONE',  ( 68.00476564381639832, 60.38786520321409768, 15.00000000000000000 ) ) ;
#1122 = CARTESIAN_POINT ( 'NONE',  ( 134.5547640085709986, 118.5378652032130162, 14.00000000000000000 ) ) ;
#1123 = EDGE_LOOP ( 'NONE', ( #2824, #2569, #8, #1689 ) ) ;
#1124 = EDGE_CURVE ( 'NONE', #1729, #665, #2695, .T. ) ;
#1125 = ORIENTED_EDGE ( 'NONE', *, *, #3417, .F. ) ;
#1126 = FACE_OUTER_BOUND ( 'NONE', #1895, .T. ) ;
#1127 = DIRECTION ( 'NONE',  ( 0.000000000000000000, 0.000000000000000000, 1.000000000000000000 ) ) ;
#1128 = EDGE_CURVE ( 'NONE', #1316, #2318, #2143, .T. ) ;
#1129 = CARTESIAN_POINT ( 'NONE',  ( 121.5582085043825913, 92.03786520321301623, 24.00000000000000000 ) ) ;
#1130 = CARTESIAN_POINT ( 'NONE',  ( 135.6505972700283849, 64.01056688839513242, 35.31370849898474518 ) ) ;
#1131 = AXIS2_PLACEMENT_3D ( 'NONE', #3308, #1899, #1369 ) ;
#1132 = CYLINDRICAL_SURFACE ( 'NONE', #922, 2.000000000000001776 ) ;
#1133 = DIRECTION ( 'NONE',  ( -1.000000000000000000, 0.000000000000000000, -0.000000000000000000 ) ) ;
#1134 = ORIENTED_EDGE ( 'NONE', *, *, #948, .F. ) ;
#1135 = CIRCLE ( 'NONE', #2521, 4.000000000000003553 ) ;
#1136 = ORIENTED_EDGE ( 'NONE', *, *, #2728, .T. ) ;
#1137 = VECTOR ( 'NONE', #3429, 1000.000000000000000 ) ;
#1138 = DIRECTION ( 'NONE',  ( 1.000000000000000000, 0.000000000000000000, 0.000000000000000000 ) ) ;
#1139 = VECTOR ( 'NONE', #2324, 1000.000000000000000 ) ;
#1140 = DIRECTION ( 'NONE',  ( -0.000000000000000000, -0.000000000000000000, -1.000000000000000000 ) ) ;
#1141 = EDGE_LOOP ( 'NONE', ( #926, #1136 ) ) ;
#1142 = AXIS2_PLACEMENT_3D ( 'NONE', #2767, #286, #3263 ) ;
#1143 = EDGE_LOOP ( 'NONE', ( #2279, #720, #561, #2313 ) ) ;
#1144 = CYLINDRICAL_SURFACE ( 'NONE', #1256, 1.999999999999994893 ) ;
#1145 = CARTESIAN_POINT ( 'NONE',  ( 132.5547640085710270, 33.03786520321305886, 0.000000000000000000 ) ) ;
#1146 = AXIS2_PLACEMENT_3D ( 'NONE', #2662, #197, #1284 ) ;
#1147 = AXIS2_PLACEMENT_3D ( 'NONE', #3331, #3100, #1185 ) ;
#1148 = EDGE_CURVE ( 'NONE', #665, #1729, #1773, .T. ) ;
#1149 = DIRECTION ( 'NONE',  ( -1.000000000000000000, 0.000000000000000000, 0.000000000000000000 ) ) ;
#1150 = CARTESIAN_POINT ( 'NONE',  ( 129.5138863796576629, 16.01454772475684152, 15.00000000000000000 ) ) ;
#1151 = VERTEX_POINT ( 'NONE', #2089 ) ;
#1152 = CIRCLE ( 'NONE', #1386, 0.6499999999999978018 ) ;
#1153 = CARTESIAN_POINT ( 'NONE',  ( 129.5547640085655701, 16.03786520321703790, 20.00000000000000000 ) ) ;
#1154 = CARTESIAN_POINT ( 'NONE',  ( 117.0547640085710128, 86.03786520321301623, 0.000000000000000000 ) ) ;
#1155 = COORDINATED_UNIVERSAL_TIME_OFFSET ( 3, 0, .BEHIND. ) ;
#1156 = VERTEX_POINT ( 'NONE', #3241 ) ;
#1157 = CIRCLE ( 'NONE', #1217, 2.750000000000002665 ) ;
#1158 = ORIENTED_EDGE ( 'NONE', *, *, #2555, .F. ) ;
#1159 = DIRECTION ( 'NONE',  ( 0.000000000000000000, -1.000000000000000000, 0.000000000000000000 ) ) ;
#1160 = DIRECTION ( 'NONE',  ( 0.000000000000000000, 0.000000000000000000, 1.000000000000000000 ) ) ;
#1161 = ORIENTED_EDGE ( 'NONE', *, *, #17, .T. ) ;
#1162 = ORIENTED_EDGE ( 'NONE', *, *, #2448, .F. ) ;
#1163 = CARTESIAN_POINT ( 'NONE',  ( 36.55476400857104835, 33.03786520321305886, 12.00000000000000000 ) ) ;
#1164 = CARTESIAN_POINT ( 'NONE',  ( 47.55820850438262681, 96.03786520321301623, 15.00000000000000000 ) ) ;
#1165 = ADVANCED_FACE ( 'NONE', ( #2918, #2941 ), #777, .T. ) ;
#1166 = DIRECTION ( 'NONE',  ( -0.000000000000000000, -0.000000000000000000, -1.000000000000000000 ) ) ;
#1167 = PLANE ( 'NONE',  #913 ) ;
#1168 = CARTESIAN_POINT ( 'NONE',  ( 36.55476400857104835, 94.03786520321300202, 12.00000000000000000 ) ) ;
#1169 = CARTESIAN_POINT ( 'NONE',  ( 132.0138863796576629, 16.01454772475684152, 24.00000000000000000 ) ) ;
#1170 = COORDINATED_UNIVERSAL_TIME_OFFSET ( 3, 0, .BEHIND. ) ;
#1171 = ORIENTED_EDGE ( 'NONE', *, *, #3104, .F. ) ;
#1172 = ADVANCED_FACE ( 'NONE', ( #1292 ), #1597, .F. ) ;
#1173 = ORIENTED_EDGE ( 'NONE', *, *, #2770, .T. ) ;
#1174 = DIRECTION ( 'NONE',  ( -0.000000000000000000, -0.000000000000000000, -1.000000000000000000 ) ) ;
#1175 = FACE_OUTER_BOUND ( 'NONE', #1295, .T. ) ;
#1176 = VERTEX_POINT ( 'NONE', #2685 ) ;
#1177 = VERTEX_POINT ( 'NONE', #496 ) ;
#1178 = DIRECTION ( 'NONE',  ( -0.000000000000000000, -0.000000000000000000, -1.000000000000000000 ) ) ;
#1179 = CARTESIAN_POINT ( 'NONE',  ( 134.5547640085710270, 94.03786520321300202, 12.00000000000000000 ) ) ;
#1180 = CARTESIAN_POINT ( 'NONE',  ( 70.75476564381648359, 67.03786520321406783, 15.00000000000000000 ) ) ;
#1181 = EDGE_CURVE ( 'NONE', #1220, #2512, #1578, .T. ) ;
#1182 = DIRECTION ( 'NONE',  ( -1.000000000000000000, 0.000000000000000000, 0.000000000000000000 ) ) ;
#1183 = ORIENTED_EDGE ( 'NONE', *, *, #2978, .F. ) ;
#1184 = DIRECTION ( 'NONE',  ( -1.000000000000000000, 0.000000000000000000, 0.000000000000000000 ) ) ;
#1185 = DIRECTION ( 'NONE',  ( -1.000000000000000000, 0.000000000000000000, 0.000000000000000000 ) ) ;
#1186 = DATE_AND_TIME ( #871, #1336 ) ;
#1187 = ORIENTED_EDGE ( 'NONE', *, *, #2277, .T. ) ;
#1188 = AXIS2_PLACEMENT_3D ( 'NONE', #694, #2310, #2868 ) ;
#1189 = EDGE_CURVE ( 'NONE', #2318, #2106, #1482, .T. ) ;
#1190 = ORIENTED_EDGE ( 'NONE', *, *, #3025, .T. ) ;
#1191 = DIRECTION ( 'NONE',  ( -0.000000000000000000, -0.000000000000000000, -1.000000000000000000 ) ) ;
#1192 = CARTESIAN_POINT ( 'NONE',  ( 84.55476400857101282, 86.03786520321301623, 15.00000000000000000 ) ) ;
#1193 = VECTOR ( 'NONE', #2795, 1000.000000000000000 ) ;
#1194 = EDGE_LOOP ( 'NONE', ( #579, #3 ) ) ;
#1195 = AXIS2_PLACEMENT_3D ( 'NONE', #2631, #3467, #3168 ) ;
#1196 = AXIS2_PLACEMENT_3D ( 'NONE', #2713, #2676, #3522 ) ;
#1197 = ORIENTED_EDGE ( 'NONE', *, *, #840, .T. ) ;
#1198 = CARTESIAN_POINT ( 'NONE',  ( 134.5547640085709986, 118.5378652032130162, 15.00000000000000000 ) ) ;
#1199 = DIRECTION ( 'NONE',  ( -0.000000000000000000, -0.000000000000000000, -1.000000000000000000 ) ) ;
#1200 = AXIS2_PLACEMENT_3D ( 'NONE', #2372, #1004, #2101 ) ;
#1201 = CIRCLE ( 'NONE', #1545, 4.500000000001266542 ) ;
#1202 = LINE ( 'NONE', #2051, #964 ) ;
#1203 = CARTESIAN_POINT ( 'NONE',  ( 119.8047640085710128, 63.53786520321301623, 15.00000000000000000 ) ) ;
#1204 = ORIENTED_EDGE ( 'NONE', *, *, #545, .T. ) ;
#1205 = CIRCLE ( 'NONE', #2070, 2.500000000000002220 ) ;
#1206 = CC_DESIGN_PERSON_AND_ORGANIZATION_ASSIGNMENT ( #1528, #2922, ( #650 ) ) ;
#1207 = DIRECTION ( 'NONE',  ( -0.000000000000000000, -0.000000000000000000, -1.000000000000000000 ) ) ;
#1208 = AXIS2_PLACEMENT_3D ( 'NONE', #2683, #1307, #2407 ) ;
#1209 = CARTESIAN_POINT ( 'NONE',  ( 52.05476400857100572, 41.03786520321301623, 0.000000000000000000 ) ) ;
#1210 = APPROVAL_STATUS ( 'not_yet_approved' ) ;
#1211 = ORIENTED_EDGE ( 'NONE', *, *, #2497, .T. ) ;
#1212 = ADVANCED_FACE ( 'NONE', ( #188 ), #3185, .T. ) ;
#1213 = CIRCLE ( 'NONE', #2946, 0.6499999999999978018 ) ;
#1214 = FACE_OUTER_BOUND ( 'NONE', #1739, .T. ) ;
#1215 = FACE_OUTER_BOUND ( 'NONE', #1872, .T. ) ;
#1216 = CARTESIAN_POINT ( 'NONE',  ( 130.5547640085710270, 94.03786520321300202, 12.00000000000000000 ) ) ;
#1217 = AXIS2_PLACEMENT_3D ( 'NONE', #35, #271, #785 ) ;
#1218 = ORIENTED_EDGE ( 'NONE', *, *, #2094, .T. ) ;
#1219 = EDGE_CURVE ( 'NONE', #735, #1059, #54, .T. ) ;
#1220 = VERTEX_POINT ( 'NONE', #1333 ) ;
#1221 = CARTESIAN_POINT ( 'NONE',  ( 36.55476400857104835, 33.03786520321305886, 12.00000000000000000 ) ) ;
#1222 = DIRECTION ( 'NONE',  ( -0.000000000000000000, -0.000000000000000000, -1.000000000000000000 ) ) ;
#1223 = ADVANCED_FACE ( 'NONE', ( #1045 ), #222, .F. ) ;
#1224 = EDGE_LOOP ( 'NONE', ( #2737, #1695, #2891, #991 ) ) ;
#1225 = CARTESIAN_POINT ( 'NONE',  ( 42.05476400856561270, 16.03786520321925835, 20.00000000000000000 ) ) ;
#1226 = DIRECTION ( 'NONE',  ( 1.000000000000000000, 0.000000000000000000, 0.000000000000000000 ) ) ;
#1227 = ORIENTED_EDGE ( 'NONE', *, *, #2585, .F. ) ;
#1228 = DIRECTION ( 'NONE',  ( -1.000000000000000000, 0.000000000000000000, 0.000000000000000000 ) ) ;
#1229 = ORIENTED_EDGE ( 'NONE', *, *, #2464, .F. ) ;
#1230 = FACE_BOUND ( 'NONE', #2750, .T. ) ;
#1231 = DIRECTION ( 'NONE',  ( 0.000000000000000000, 0.000000000000000000, -1.000000000000000000 ) ) ;
#1232 = ADVANCED_FACE ( 'NONE', ( #3434, #1021 ), #1805, .T. ) ;
#1233 = DIRECTION ( 'NONE',  ( -1.000000000000000000, 0.000000000000000000, 0.000000000000000000 ) ) ;
#1234 = ORIENTED_EDGE ( 'NONE', *, *, #595, .F. ) ;
#1235 = ORIENTED_EDGE ( 'NONE', *, *, #2632, .F. ) ;
#1236 = DIRECTION ( 'NONE',  ( -0.000000000000000000, -0.000000000000000000, -1.000000000000000000 ) ) ;
#1237 = ADVANCED_FACE ( 'NONE', ( #2104, #1260 ), #2391, .T. ) ;
#1238 = DIRECTION ( 'NONE',  ( -1.000000000000000000, 0.000000000000000000, 0.000000000000000000 ) ) ;
#1239 = ORIENTED_EDGE ( 'NONE', *, *, #2916, .F. ) ;
#1240 = DIRECTION ( 'NONE',  ( 0.000000000000000000, 0.000000000000000000, -1.000000000000000000 ) ) ;
#1241 = EDGE_CURVE ( 'NONE', #2132, #3525, #761, .T. ) ;
#1242 = DIRECTION ( 'NONE',  ( -0.000000000000000000, -0.000000000000000000, -1.000000000000000000 ) ) ;
#1243 = CARTESIAN_POINT ( 'NONE',  ( 67.35476564381643527, 58.23786520321409910, 0.000000000000000000 ) ) ;
#1244 = DIRECTION ( 'NONE',  ( -0.000000000000000000, -0.000000000000000000, -1.000000000000000000 ) ) ;
#1245 = ORIENTED_EDGE ( 'NONE', *, *, #216, .F. ) ;
#1246 = DIRECTION ( 'NONE',  ( -1.000000000000000000, 0.000000000000000000, 0.000000000000000000 ) ) ;
#1247 = CARTESIAN_POINT ( 'NONE',  ( 127.0547640085710128, 86.03786520321301623, 4.000000000000000000 ) ) ;
#1248 = CYLINDRICAL_SURFACE ( 'NONE', #2601, 6.000000000000005329 ) ;
#1249 = ORIENTED_EDGE ( 'NONE', *, *, #3110, .F. ) ;
#1250 = AXIS2_PLACEMENT_3D ( 'NONE', #711, #1806, #2903 ) ;
#1251 = EDGE_LOOP ( 'NONE', ( #550, #524, #952, #1227 ) ) ;
#1252 = AXIS2_PLACEMENT_3D ( 'NONE', #1115, #2180, #3279 ) ;
#1253 = CARTESIAN_POINT ( 'NONE',  ( 52.05476400857100572, 86.03786520321301623, 15.00000000000000000 ) ) ;
#1254 = VECTOR ( 'NONE', #2345, 1000.000000000000000 ) ;
#1255 = DIRECTION ( 'NONE',  ( -1.000000000000000000, 0.000000000000000000, 0.000000000000000000 ) ) ;
#1256 = AXIS2_PLACEMENT_3D ( 'NONE', #1163, #3397, #3341 ) ;
#1257 = CIRCLE ( 'NONE', #1602, 2.500000000000002220 ) ;
#1258 = EDGE_CURVE ( 'NONE', #744, #2475, #1838, .T. ) ;
#1259 = ORIENTED_EDGE ( 'NONE', *, *, #209, .T. ) ;
#1260 = FACE_BOUND ( 'NONE', #3480, .T. ) ;
#1261 = CARTESIAN_POINT ( 'NONE',  ( 68.65476564381643243, 58.23786520321409910, 15.00000000000000000 ) ) ;
#1262 = VECTOR ( 'NONE', #1789, 1000.000000000000000 ) ;
#1263 = CARTESIAN_POINT ( 'NONE',  ( 125.0547640085643337, 16.03786520321703790, 20.00000000000000000 ) ) ;
#1264 = AXIS2_PLACEMENT_3D ( 'NONE', #2619, #2707, #1228 ) ;
#1265 = VERTEX_POINT ( 'NONE', #205 ) ;
#1266 = AXIS2_PLACEMENT_3D ( 'NONE', #476, #2972, #1255 ) ;
#1267 = VERTEX_POINT ( 'NONE', #2743 ) ;
#1268 = DIRECTION ( 'NONE',  ( -0.000000000000000000, -0.000000000000000000, -1.000000000000000000 ) ) ;
#1269 = DIRECTION ( 'NONE',  ( -1.000000000000000000, 0.000000000000000000, 0.000000000000000000 ) ) ;
#1270 = ORIENTED_EDGE ( 'NONE', *, *, #2081, .T. ) ;
#1271 = VECTOR ( 'NONE', #1941, 1000.000000000000000 ) ;
#1272 = EDGE_LOOP ( 'NONE', ( #3266, #3428 ) ) ;
#1273 = AXIS2_PLACEMENT_3D ( 'NONE', #2693, #230, #2715 ) ;
#1274 = CARTESIAN_POINT ( 'NONE',  ( 54.80476400857101282, 63.53786520321301623, 0.000000000000000000 ) ) ;
#1275 = DIRECTION ( 'NONE',  ( 0.000000000000000000, 0.000000000000000000, -1.000000000000000000 ) ) ;
#1276 = VERTEX_POINT ( 'NONE', #2485 ) ;
#1277 = DIRECTION ( 'NONE',  ( -0.000000000000000000, -0.000000000000000000, -1.000000000000000000 ) ) ;
#1278 = FACE_BOUND ( 'NONE', #1447, .T. ) ;
#1279 = ADVANCED_FACE ( 'NONE', ( #2200 ), #12, .F. ) ;
#1280 = DIRECTION ( 'NONE',  ( -1.000000000000000000, 0.000000000000000000, 0.000000000000000000 ) ) ;
#1281 = EDGE_CURVE ( 'NONE', #552, #1644, #3436, .T. ) ;
#1282 = ORIENTED_EDGE ( 'NONE', *, *, #195, .T. ) ;
#1283 = CYLINDRICAL_SURFACE ( 'NONE', #3440, 6.000000000000005329 ) ;
#1284 = DIRECTION ( 'NONE',  ( -1.000000000000000000, 0.000000000000000000, 0.000000000000000000 ) ) ;
#1285 = EDGE_CURVE ( 'NONE', #1912, #3070, #518, .T. ) ;
#1286 = DIRECTION ( 'NONE',  ( -1.000000000000000000, 0.000000000000000000, 0.000000000000000000 ) ) ;
#1287 = VERTEX_POINT ( 'NONE', #813 ) ;
#1288 = ORIENTED_EDGE ( 'NONE', *, *, #1562, .T. ) ;
#1289 = DIRECTION ( 'NONE',  ( -1.000000000000000000, 0.000000000000000000, 0.000000000000000000 ) ) ;
#1290 = DIRECTION ( 'NONE',  ( 0.000000000000000000, -0.000000000000000000, -1.000000000000000000 ) ) ;
#1291 = ORIENTED_EDGE ( 'NONE', *, *, #282, .F. ) ;
#1292 = FACE_OUTER_BOUND ( 'NONE', #738, .T. ) ;
#1293 = DIRECTION ( 'NONE',  ( -1.000000000000000000, 0.000000000000000000, -0.000000000000000000 ) ) ;
#1294 = DIRECTION ( 'NONE',  ( 0.000000000000000000, -0.000000000000000000, -1.000000000000000000 ) ) ;
#1295 = EDGE_LOOP ( 'NONE', ( #3188, #2365, #3365, #1399 ) ) ;
#1296 = PERSON_AND_ORGANIZATION_ROLE ( 'creator' ) ;
#1297 = VERTEX_POINT ( 'NONE', #2778 ) ;
#1298 = ADVANCED_FACE ( 'NONE', ( #1918 ), #534, .F. ) ;
#1299 = CARTESIAN_POINT ( 'NONE',  ( 107.0547640085709986, 41.03786520321301623, 4.000000000000000000 ) ) ;
#1300 = CARTESIAN_POINT ( 'NONE',  ( 38.55476400857104835, 33.03786520321305886, 0.000000000000000000 ) ) ;
#1301 = DIRECTION ( 'NONE',  ( -0.000000000000000000, 0.000000000000000000, -1.000000000000000000 ) ) ;
#1302 = VERTEX_POINT ( 'NONE', #1685 ) ;
#1303 = EDGE_CURVE ( 'NONE', #172, #1096, #743, .T. ) ;
#1304 = LINE ( 'NONE', #3511, #637 ) ;
#1305 = ORIENTED_EDGE ( 'NONE', *, *, #2847, .T. ) ;
#1306 = FACE_OUTER_BOUND ( 'NONE', #272, .T. ) ;
#1307 = DIRECTION ( 'NONE',  ( 0.000000000000000000, 0.000000000000000000, -1.000000000000000000 ) ) ;
#1308 = EDGE_LOOP ( 'NONE', ( #274, #2189 ) ) ;
#1309 = ADVANCED_FACE ( 'NONE', ( #830 ), #30, .F. ) ;
#1310 = CIRCLE ( 'NONE', #1131, 4.500000000001266542 ) ;
#1311 = DIRECTION ( 'NONE',  ( -0.000000000000000000, -0.000000000000000000, -1.000000000000000000 ) ) ;
#1312 = AXIS2_PLACEMENT_3D ( 'NONE', #464, #1294, #2393 ) ;
#1313 = AXIS2_PLACEMENT_3D ( 'NONE', #2793, #553, #844 ) ;
#1314 = CARTESIAN_POINT ( 'NONE',  ( 134.5547640085710270, 33.03786520321305886, 12.00000000000000000 ) ) ;
#1315 = AXIS2_PLACEMENT_3D ( 'NONE', #196, #1010, #1607 ) ;
#1316 = VERTEX_POINT ( 'NONE', #1113 ) ;
#1317 = CIRCLE ( 'NONE', #2237, 4.500000000001253220 ) ;
#1318 = CARTESIAN_POINT ( 'NONE',  ( 36.55476400857104835, 94.03786520321300202, 0.000000000000000000 ) ) ;
#1319 = AXIS2_PLACEMENT_3D ( 'NONE', #875, #1159, #2295 ) ;
#1320 = FACE_OUTER_BOUND ( 'NONE', #781, .T. ) ;
#1321 = LINE ( 'NONE', #1392, #483 ) ;
#1322 = VERTEX_POINT ( 'NONE', #3017 ) ;
#1323 = EDGE_CURVE ( 'NONE', #1287, #2258, #2990, .T. ) ;
#1324 = AXIS2_PLACEMENT_3D ( 'NONE', #1457, #2001, #2561 ) ;
#1325 = LINE ( 'NONE', #1343, #625 ) ;
#1326 = ORIENTED_EDGE ( 'NONE', *, *, #3460, .T. ) ;
#1327 = DIRECTION ( 'NONE',  ( 1.000000000000000000, 0.000000000000000000, 0.000000000000000000 ) ) ;
#1328 = DIRECTION ( 'NONE',  ( -1.000000000000000000, 0.000000000000000000, 0.000000000000000000 ) ) ;
#1329 = CIRCLE ( 'NONE', #812, 0.6499999999999978018 ) ;
#1330 = ORIENTED_EDGE ( 'NONE', *, *, #2535, .F. ) ;
#1331 = AXIS2_PLACEMENT_3D ( 'NONE', #649, #1738, #2841 ) ;
#1332 = VERTEX_POINT ( 'NONE', #1640 ) ;
#1333 = CARTESIAN_POINT ( 'NONE',  ( 139.5547640085710270, 26.03786520321302334, 14.00000000000000000 ) ) ;
#1334 = DIRECTION ( 'NONE',  ( -1.000000000000000000, 0.000000000000000000, -0.000000000000000000 ) ) ;
#1335 = ADVANCED_FACE ( 'NONE', ( #1623 ), #3029, .F. ) ;
#1336 = LOCAL_TIME ( 10, 10, 51.00000000000000000, #47 ) ;
#1337 = LINE ( 'NONE', #1314, #457 ) ;
#1338 = ORIENTED_EDGE ( 'NONE', *, *, #100, .T. ) ;
#1339 = CARTESIAN_POINT ( 'NONE',  ( 125.5582085043825913, 92.03786520321298781, 24.00000000000000000 ) ) ;
#1340 = PLANE ( 'NONE',  #2879 ) ;
#1341 = CARTESIAN_POINT ( 'NONE',  ( 121.5582085043825913, 35.03786520321300912, 64.00000000000000000 ) ) ;
#1342 = EDGE_LOOP ( 'NONE', ( #288, #3387 ) ) ;
#1343 = CARTESIAN_POINT ( 'NONE',  ( 123.0547640085710128, 41.03786520321301623, 15.00000000000000000 ) ) ;
#1344 = EDGE_LOOP ( 'NONE', ( #1561, #2959, #540, #1944 ) ) ;
#1345 = DIRECTION ( 'NONE',  ( -0.000000000000000000, -0.000000000000000000, -1.000000000000000000 ) ) ;
#1346 = DIRECTION ( 'NONE',  ( 0.000000000000000000, 0.000000000000000000, -1.000000000000000000 ) ) ;
#1347 = ORIENTED_EDGE ( 'NONE', *, *, #351, .F. ) ;
#1348 = EDGE_CURVE ( 'NONE', #1433, #744, #463, .T. ) ;
#1349 = ORIENTED_EDGE ( 'NONE', *, *, #1748, .T. ) ;
#1350 = CARTESIAN_POINT ( 'NONE',  ( 54.80476400857101282, 63.53786520321301623, 15.00000000000000000 ) ) ;
#1351 = DIRECTION ( 'NONE',  ( 0.000000000000000000, -0.000000000000000000, -1.000000000000000000 ) ) ;
#1352 = EDGE_CURVE ( 'NONE', #1389, #2121, #2233, .T. ) ;
#1353 = CARTESIAN_POINT ( 'NONE',  ( 100.8547656438164637, 69.88786520321384899, 15.00000000000000000 ) ) ;
#1354 = EDGE_LOOP ( 'NONE', ( #2371, #893 ) ) ;
#1355 = DIRECTION ( 'NONE',  ( -1.000000000000000000, 0.000000000000000000, 0.000000000000000000 ) ) ;
#1356 = CARTESIAN_POINT ( 'NONE',  ( 70.75476564381645517, 64.88786520321407636, 0.000000000000000000 ) ) ;
#1357 = VERTEX_POINT ( 'NONE', #3255 ) ;
#1358 = DESIGN_CONTEXT ( 'detailed design', #541, 'design' ) ;
#1359 = CARTESIAN_POINT ( 'NONE',  ( 123.0547640085710128, 86.03786520321301623, 15.00000000000000000 ) ) ;
#1360 = ORIENTED_EDGE ( 'NONE', *, *, #3362, .F. ) ;
#1361 = CARTESIAN_POINT ( 'NONE',  ( 132.5547640085710270, 33.03786520321305886, 0.000000000000000000 ) ) ;
#1362 = DIRECTION ( 'NONE',  ( 0.000000000000000000, 0.000000000000000000, -1.000000000000000000 ) ) ;
#1363 = ORIENTED_EDGE ( 'NONE', *, *, #2091, .T. ) ;
#1364 = VERTEX_POINT ( 'NONE', #2759 ) ;
#1365 = DIRECTION ( 'NONE',  ( -1.000000000000000000, 0.000000000000000000, 0.000000000000000000 ) ) ;
#1366 = CARTESIAN_POINT ( 'NONE',  ( 102.3547656438165347, 71.38786520321384899, 15.00000000000000000 ) ) ;
#1367 = EDGE_CURVE ( 'NONE', #243, #2930, #2499, .T. ) ;
#1368 = AXIS2_PLACEMENT_3D ( 'NONE', #2852, #390, #2687 ) ;
#1369 = DIRECTION ( 'NONE',  ( -1.000000000000000000, 0.000000000000000000, 0.000000000000000000 ) ) ;
#1370 = VECTOR ( 'NONE', #2216, 1000.000000000000000 ) ;
#1371 = AXIS2_PLACEMENT_3D ( 'NONE', #2377, #740, #3468 ) ;
#1372 = CARTESIAN_POINT ( 'NONE',  ( 84.55476400857101282, 16.03786520321925835, 24.00000000000000000 ) ) ;
#1373 = DIRECTION ( 'NONE',  ( -0.000000000000000000, -0.000000000000000000, -1.000000000000000000 ) ) ;
#1374 = AXIS2_PLACEMENT_3D ( 'NONE', #1427, #3126, #2789 ) ;
#1375 = ORIENTED_EDGE ( 'NONE', *, *, #2265, .T. ) ;
#1376 = ADVANCED_FACE ( 'NONE', ( #1126 ), #2226, .T. ) ;
#1377 = EDGE_LOOP ( 'NONE', ( #2788, #2769, #3370, #2880 ) ) ;
#1378 = CARTESIAN_POINT ( 'NONE',  ( 43.55820850438259129, 35.03786520321304465, 64.00000000000000000 ) ) ;
#1379 = DIRECTION ( 'NONE',  ( -1.000000000000000000, 0.000000000000000000, 0.000000000000000000 ) ) ;
#1380 = ORIENTED_EDGE ( 'NONE', *, *, #24, .T. ) ;
#1381 = CIRCLE ( 'NONE', #1962, 2.750000000000002665 ) ;
#1382 = ORIENTED_EDGE ( 'NONE', *, *, #1676, .T. ) ;
#1383 = CIRCLE ( 'NONE', #2420, 2.000000000000001776 ) ;
#1384 = CARTESIAN_POINT ( 'NONE',  ( 129.5138863796576629, 16.01454772475684152, 24.00000000000000000 ) ) ;
#1385 = DIRECTION ( 'NONE',  ( 1.000000000000000000, 0.000000000000000000, 0.000000000000000000 ) ) ;
#1386 = AXIS2_PLACEMENT_3D ( 'NONE', #2131, #198, #984 ) ;
#1387 = DIRECTION ( 'NONE',  ( 0.000000000000000000, 0.000000000000000000, -1.000000000000000000 ) ) ;
#1388 = CIRCLE ( 'NONE', #1855, 2.000000000000001776 ) ;
#1389 = VERTEX_POINT ( 'NONE', #2726 ) ;
#1390 = EDGE_CURVE ( 'NONE', #133, #1752, #1024, .T. ) ;
#1391 = CYLINDRICAL_SURFACE ( 'NONE', #1142, 10.00000000000000888 ) ;
#1392 = CARTESIAN_POINT ( 'NONE',  ( 44.05476400856687746, 16.03786520321925835, 20.00000000000000000 ) ) ;
#1393 = ORIENTED_EDGE ( 'NONE', *, *, #3476, .T. ) ;
#1394 = EDGE_CURVE ( 'NONE', #439, #1665, #265, .T. ) ;
#1395 = ORIENTED_EDGE ( 'NONE', *, *, #2944, .F. ) ;
#1396 = LINE ( 'NONE', #1378, #3382 ) ;
#1397 = DIRECTION ( 'NONE',  ( -0.000000000000000000, -0.000000000000000000, 1.000000000000000000 ) ) ;
#1398 = ORIENTED_EDGE ( 'NONE', *, *, #794, .T. ) ;
#1399 = ORIENTED_EDGE ( 'NONE', *, *, #2017, .T. ) ;
#1400 = DIRECTION ( 'NONE',  ( 1.000000000000000000, 0.000000000000000000, 0.000000000000000000 ) ) ;
#1401 = CARTESIAN_POINT ( 'NONE',  ( 70.10476564381649212, 67.03786520321406783, 15.00000000000000000 ) ) ;
#1402 = CARTESIAN_POINT ( 'NONE',  ( 46.05476400857100572, 86.03786520321301623, 15.00000000000000000 ) ) ;
#1403 = LINE ( 'NONE', #2950, #2931 ) ;
#1404 = ADVANCED_FACE ( 'NONE', ( #130 ), #76, .T. ) ;
#1405 = CARTESIAN_POINT ( 'NONE',  ( 127.0547640085710128, 86.03786520321301623, 4.000000000000000000 ) ) ;
#1406 = ORIENTED_EDGE ( 'NONE', *, *, #1478, .T. ) ;
#1407 = ADVANCED_BREP_SHAPE_REPRESENTATION ( 'felko pines', ( #305, #425 ), #596 ) ;
#1408 = ADVANCED_FACE ( 'NONE', ( #3355 ), #634, .T. ) ;
#1409 = VERTEX_POINT ( 'NONE', #2320 ) ;
#1410 = FACE_BOUND ( 'NONE', #2007, .T. ) ;
#1411 = DIRECTION ( 'NONE',  ( -0.000000000000000000, -0.000000000000000000, -1.000000000000000000 ) ) ;
#1412 = ORIENTED_EDGE ( 'NONE', *, *, #2379, .F. ) ;
#1413 = VERTEX_POINT ( 'NONE', #2247 ) ;
#1414 = DIRECTION ( 'NONE',  ( -1.000000000000000000, 0.000000000000000000, 0.000000000000000000 ) ) ;
#1415 = DIRECTION ( 'NONE',  ( 0.000000000000000000, 0.000000000000000000, 1.000000000000000000 ) ) ;
#1416 = DIRECTION ( 'NONE',  ( 1.000000000000000000, 0.000000000000000000, 0.000000000000000000 ) ) ;
#1417 = DIRECTION ( 'NONE',  ( -0.000000000000000000, -0.000000000000000000, -1.000000000000000000 ) ) ;
#1418 = AXIS2_PLACEMENT_3D ( 'NONE', #273, #3361, #977 ) ;
#1419 = CIRCLE ( 'NONE', #516, 2.500000000000002220 ) ;
#1420 = DIRECTION ( 'NONE',  ( 0.000000000000000000, 0.000000000000000000, -1.000000000000000000 ) ) ;
#1421 = FACE_OUTER_BOUND ( 'NONE', #3350, .T. ) ;
#1422 = DIRECTION ( 'NONE',  ( 1.000000000000000000, 0.000000000000000000, 0.000000000000000000 ) ) ;
#1423 = EDGE_LOOP ( 'NONE', ( #2610, #1162, #3119, #2127 ) ) ;
#1424 = VECTOR ( 'NONE', #2861, 1000.000000000000000 ) ;
#1425 = EDGE_LOOP ( 'NONE', ( #107, #1583, #630, #413 ) ) ;
#1426 = AXIS2_PLACEMENT_3D ( 'NONE', #1913, #3289, #562 ) ;
#1427 = CARTESIAN_POINT ( 'NONE',  ( 39.55476400856561270, 16.03786520321925835, 20.00000000000000000 ) ) ;
#1428 = CIRCLE ( 'NONE', #2350, 6.000000000000005329 ) ;
#1429 = EDGE_CURVE ( 'NONE', #418, #1810, #3075, .T. ) ;
#1430 = CARTESIAN_POINT ( 'NONE',  ( 62.05476400857101282, 86.03786520321301623, 0.000000000000000000 ) ) ;
#1431 = ORIENTED_EDGE ( 'NONE', *, *, #2182, .F. ) ;
#1432 = AXIS2_PLACEMENT_3D ( 'NONE', #2732, #557, #2714 ) ;
#1433 = VERTEX_POINT ( 'NONE', #3413 ) ;
#1434 = CARTESIAN_POINT ( 'NONE',  ( 62.05476400857101282, 86.03786520321301623, 4.000000000000000000 ) ) ;
#1435 = FACE_OUTER_BOUND ( 'NONE', #426, .T. ) ;
#1436 = AXIS2_PLACEMENT_3D ( 'NONE', #3067, #2836, #2546 ) ;
#1437 = ADVANCED_FACE ( 'NONE', ( #616 ), #1701, .F. ) ;
#1438 = FACE_BOUND ( 'NONE', #1926, .T. ) ;
#1439 = AXIS2_PLACEMENT_3D ( 'NONE', #125, #1160, #680 ) ;
#1440 = DIRECTION ( 'NONE',  ( 0.000000000000000000, 0.000000000000000000, -1.000000000000000000 ) ) ;
#1441 = FACE_OUTER_BOUND ( 'NONE', #2168, .T. ) ;
#1442 = APPROVAL_ROLE ( '' ) ;
#1443 = EDGE_LOOP ( 'NONE', ( #398, #3153, #821, #1782 ) ) ;
#1444 = VERTEX_POINT ( 'NONE', #399 ) ;
#1445 = LINE ( 'NONE', #2549, #353 ) ;
#1446 = CARTESIAN_POINT ( 'NONE',  ( 37.05476400856561270, 16.03786520321925835, 24.00000000000000000 ) ) ;
#1447 = EDGE_LOOP ( 'NONE', ( #397, #3309 ) ) ;
#1448 = ADVANCED_FACE ( 'NONE', ( #2808 ), #668, .T. ) ;
#1449 = ORIENTED_EDGE ( 'NONE', *, *, #505, .T. ) ;
#1450 = CARTESIAN_POINT ( 'NONE',  ( 34.55724790157598392, 94.03786520321300202, 12.00000000000000000 ) ) ;
#1451 = DIRECTION ( 'NONE',  ( -0.000000000000000000, -0.000000000000000000, -1.000000000000000000 ) ) ;
#1452 = ADVANCED_FACE ( 'NONE', ( #1779 ), #950, .F. ) ;
#1453 = DIRECTION ( 'NONE',  ( -0.000000000000000000, -0.000000000000000000, 1.000000000000000000 ) ) ;
#1454 = FACE_OUTER_BOUND ( 'NONE', #3457, .T. ) ;
#1455 = EDGE_CURVE ( 'NONE', #1433, #3146, #369, .T. ) ;
#1456 = CARTESIAN_POINT ( 'NONE',  ( 47.55820850438262681, 31.03786520321301268, 15.00000000000000000 ) ) ;
#1457 = CARTESIAN_POINT ( 'NONE',  ( 43.55820850438259129, 35.03786520321304465, 64.00000000000000000 ) ) ;
#1458 = ORIENTED_EDGE ( 'NONE', *, *, #2464, .T. ) ;
#1459 = ORIENTED_EDGE ( 'NONE', *, *, #309, .T. ) ;
#1460 = PLANE ( 'NONE',  #1319 ) ;
#1461 = CARTESIAN_POINT ( 'NONE',  ( 70.75476564381645517, 64.88786520321407636, 15.00000000000000000 ) ) ;
#1462 = ORIENTED_EDGE ( 'NONE', *, *, #2961, .F. ) ;
#1463 = ORIENTED_EDGE ( 'NONE', *, *, #1303, .F. ) ;
#1464 = DIRECTION ( 'NONE',  ( 0.000000000000000000, 0.000000000000000000, -1.000000000000000000 ) ) ;
#1465 = PLANE ( 'NONE',  #1042 ) ;
#1466 = ADVANCED_FACE ( 'NONE', ( #56 ), #1144, .F. ) ;
#1467 = LINE ( 'NONE', #2617, #1999 ) ;
#1468 = CARTESIAN_POINT ( 'NONE',  ( 132.5547640085710270, 33.03786520321305886, 12.00000000000000000 ) ) ;
#1469 = ORIENTED_EDGE ( 'NONE', *, *, #775, .T. ) ;
#1470 = CYLINDRICAL_SURFACE ( 'NONE', #2754, 6.000000000000005329 ) ;
#1471 = CARTESIAN_POINT ( 'NONE',  ( 38.55228011556611278, 94.03786520321300202, 12.00000000000000000 ) ) ;
#1472 = EDGE_CURVE ( 'NONE', #3139, #509, #2642, .T. ) ;
#1473 = DIRECTION ( 'NONE',  ( 1.000000000000000000, 0.000000000000000000, 0.000000000000000000 ) ) ;
#1474 = ORIENTED_EDGE ( 'NONE', *, *, #1181, .T. ) ;
#1475 = AXIS2_PLACEMENT_3D ( 'NONE', #1494, #2889, #2603 ) ;
#1476 = CARTESIAN_POINT ( 'NONE',  ( 114.3047640085710128, 63.53786520321301623, 15.00000000000000000 ) ) ;
#1477 = FACE_BOUND ( 'NONE', #531, .T. ) ;
#1478 = EDGE_CURVE ( 'NONE', #2901, #3103, #935, .T. ) ;
#1479 = CYLINDRICAL_SURFACE ( 'NONE', #3227, 2.000000000000001776 ) ;
#1480 = CIRCLE ( 'NONE', #1657, 10.00000000000000888 ) ;
#1481 = ORIENTED_EDGE ( 'NONE', *, *, #1643, .F. ) ;
#1482 = CIRCLE ( 'NONE', #3095, 2.500000000000002220 ) ;
#1483 = CIRCLE ( 'NONE', #1952, 6.000000000000005329 ) ;
#1484 = VERTEX_POINT ( 'NONE', #1450 ) ;
#1485 = DIRECTION ( 'NONE',  ( -0.000000000000000000, -0.000000000000000000, -1.000000000000000000 ) ) ;
#1486 = CARTESIAN_POINT ( 'NONE',  ( 70.10476564381646369, 64.88786520321407636, 15.00000000000000000 ) ) ;
#1487 = CIRCLE ( 'NONE', #801, 4.500000000001266542 ) ;
#1488 = ORIENTED_EDGE ( 'NONE', *, *, #967, .T. ) ;
#1489 = CIRCLE ( 'NONE', #747, 2.750000000000002665 ) ;
#1490 = LINE ( 'NONE', #1203, #171 ) ;
#1491 = ORIENTED_EDGE ( 'NONE', *, *, #899, .F. ) ;
#1492 = AXIS2_PLACEMENT_3D ( 'NONE', #2580, #118, #2311 ) ;
#1493 = EDGE_CURVE ( 'NONE', #1267, #874, #1742, .T. ) ;
#1494 = CARTESIAN_POINT ( 'NONE',  ( 52.05476400857100572, 41.03786520321301623, 4.000000000000000000 ) ) ;
#1495 = AXIS2_PLACEMENT_3D ( 'NONE', #2034, #669, #1238 ) ;
#1496 = DIRECTION ( 'NONE',  ( -1.000000000000000000, 0.000000000000000000, 0.000000000000000000 ) ) ;
#1497 = ORIENTED_EDGE ( 'NONE', *, *, #1930, .T. ) ;
#1498 = AXIS2_PLACEMENT_3D ( 'NONE', #2722, #1346, #3301 ) ;
#1499 = EDGE_CURVE ( 'NONE', #1096, #1729, #1757, .T. ) ;
#1500 = ORIENTED_EDGE ( 'NONE', *, *, #3239, .T. ) ;
#1501 = CARTESIAN_POINT ( 'NONE',  ( 36.55476400857104835, 33.03786520321305886, 0.000000000000000000 ) ) ;
#1502 = CARTESIAN_POINT ( 'NONE',  ( 101.7047656438165291, 71.38786520321384899, 0.000000000000000000 ) ) ;
#1503 = AXIS2_PLACEMENT_3D ( 'NONE', #732, #1827, #1286 ) ;
#1504 = ORIENTED_EDGE ( 'NONE', *, *, #1546, .T. ) ;
#1505 = EDGE_CURVE ( 'NONE', #1883, #2800, #291, .T. ) ;
#1506 = ORIENTED_EDGE ( 'NONE', *, *, #420, .F. ) ;
#1507 = CYLINDRICAL_SURFACE ( 'NONE', #859, 4.000000000000003553 ) ;
#1508 = DIRECTION ( 'NONE',  ( -1.000000000000000000, 0.000000000000000000, 0.000000000000000000 ) ) ;
#1509 = ORIENTED_EDGE ( 'NONE', *, *, #2659, .T. ) ;
#1510 = CARTESIAN_POINT ( 'NONE',  ( 52.05476400857100572, 86.03786520321301623, 4.000000000000000000 ) ) ;
#1511 = FACE_BOUND ( 'NONE', #3304, .T. ) ;
#1512 = FACE_OUTER_BOUND ( 'NONE', #429, .T. ) ;
#1513 = CARTESIAN_POINT ( 'NONE',  ( 107.0547640085709986, 86.03786520321301623, 4.000000000000000000 ) ) ;
#1514 = SECURITY_CLASSIFICATION_LEVEL ( 'unclassified' ) ;
#1515 = ORIENTED_EDGE ( 'NONE', *, *, #2191, .F. ) ;
#1516 = EDGE_CURVE ( 'NONE', #1484, #2357, #632, .T. ) ;
#1517 = DIRECTION ( 'NONE',  ( 1.000000000000000000, 0.000000000000000000, 0.000000000000000000 ) ) ;
#1518 = DIRECTION ( 'NONE',  ( -0.000000000000000000, 0.000000000000000000, 1.000000000000000000 ) ) ;
#1519 = CARTESIAN_POINT ( 'NONE',  ( 139.5547640085710270, 26.03786520321302334, 14.00000000000000000 ) ) ;
#1520 = EDGE_LOOP ( 'NONE', ( #136, #2616, #2336, #1171 ) ) ;
#1521 = EDGE_CURVE ( 'NONE', #72, #2911, #409, .T. ) ;
#1522 = ORIENTED_EDGE ( 'NONE', *, *, #3409, .T. ) ;
#1523 = FACE_OUTER_BOUND ( 'NONE', #1611, .T. ) ;
#1524 = DIRECTION ( 'NONE',  ( -1.000000000000000000, 0.000000000000000000, 0.000000000000000000 ) ) ;
#1525 = ORIENTED_EDGE ( 'NONE', *, *, #2855, .T. ) ;
#1526 = DIRECTION ( 'NONE',  ( -1.000000000000000000, 0.000000000000000000, 0.000000000000000000 ) ) ;
#1527 = LINE ( 'NONE', #1542, #2402 ) ;
#1528 = PERSON_AND_ORGANIZATION ( #1971, #873 ) ;
#1529 = ORIENTED_EDGE ( 'NONE', *, *, #2361, .F. ) ;
#1530 = EDGE_LOOP ( 'NONE', ( #2820, #837 ) ) ;
#1531 = PLANE ( 'NONE',  #1664 ) ;
#1532 = FACE_OUTER_BOUND ( 'NONE', #1006, .T. ) ;
#1533 = ORIENTED_EDGE ( 'NONE', *, *, #3257, .T. ) ;
#1534 = CIRCLE ( 'NONE', #3536, 2.750000000000002665 ) ;
#1535 = EDGE_LOOP ( 'NONE', ( #1800, #194 ) ) ;
#1536 = DIRECTION ( 'NONE',  ( -1.000000000000000000, 0.000000000000000000, 0.000000000000000000 ) ) ;
#1537 = CARTESIAN_POINT ( 'NONE',  ( 47.55820850438259129, 35.03786520321300912, 64.00000000000000000 ) ) ;
#1538 = AXIS2_PLACEMENT_3D ( 'NONE', #3294, #2462, #3044 ) ;
#1539 = AXIS2_PLACEMENT_3D ( 'NONE', #1468, #2038, #658 ) ;
#1540 = ORIENTED_EDGE ( 'NONE', *, *, #2506, .T. ) ;
#1541 = CARTESIAN_POINT ( 'NONE',  ( 129.5138863796576629, 16.01454772475684152, 15.00000000000000000 ) ) ;
#1542 = CARTESIAN_POINT ( 'NONE',  ( 46.05476400857100572, 41.03786520321301623, 15.00000000000000000 ) ) ;
#1543 = CIRCLE ( 'NONE', #2008, 2.750000000000002665 ) ;
#1544 = AXIS2_PLACEMENT_3D ( 'NONE', #484, #1566, #2673 ) ;
#1545 = AXIS2_PLACEMENT_3D ( 'NONE', #2803, #598, #2588 ) ;
#1546 = EDGE_CURVE ( 'NONE', #2258, #1444, #109, .T. ) ;
#1547 = DIRECTION ( 'NONE',  ( -0.000000000000000000, -0.000000000000000000, -1.000000000000000000 ) ) ;
#1548 = SHAPE_DEFINITION_REPRESENTATION ( #2893, #1407 ) ;
#1549 = AXIS2_PLACEMENT_3D ( 'NONE', #3342, #1351, #1385 ) ;
#1550 = EDGE_LOOP ( 'NONE', ( #1890, #1288, #3244, #2866 ) ) ;
#1551 = AXIS2_PLACEMENT_3D ( 'NONE', #3465, #1803, #3183 ) ;
#1552 = DIRECTION ( 'NONE',  ( -0.000000000000000000, -0.000000000000000000, -1.000000000000000000 ) ) ;
#1553 = CYLINDRICAL_SURFACE ( 'NONE', #3329, 2.750000000000002665 ) ;
#1554 = CARTESIAN_POINT ( 'NONE',  ( 134.0547640085668206, 16.03786520321703790, 14.00000000000000000 ) ) ;
#1555 = EDGE_LOOP ( 'NONE', ( #2404, #2834 ) ) ;
#1556 = AXIS2_PLACEMENT_3D ( 'NONE', #2369, #2609, #1269 ) ;
#1557 = ORIENTED_EDGE ( 'NONE', *, *, #1348, .F. ) ;
#1558 = VECTOR ( 'NONE', #3021, 1000.000000000000000 ) ;
#1559 = DIRECTION ( 'NONE',  ( 0.000000000000000000, 0.000000000000000000, -1.000000000000000000 ) ) ;
#1560 = DIRECTION ( 'NONE',  ( -0.000000000000000000, -0.000000000000000000, -1.000000000000000000 ) ) ;
#1561 = ORIENTED_EDGE ( 'NONE', *, *, #1863, .F. ) ;
#1562 = EDGE_CURVE ( 'NONE', #2357, #1076, #454, .T. ) ;
#1563 = ORIENTED_EDGE ( 'NONE', *, *, #2397, .F. ) ;
#1564 = CARTESIAN_POINT ( 'NONE',  ( 42.05476400857100572, 86.03786520321301623, 4.000000000000000000 ) ) ;
#1565 = CARTESIAN_POINT ( 'NONE',  ( 87.05476400856565533, 111.0378652032192264, 24.00000000000000000 ) ) ;
#1566 = DIRECTION ( 'NONE',  ( 0.000000000000000000, 0.000000000000000000, -1.000000000000000000 ) ) ;
#1567 = ORIENTED_EDGE ( 'NONE', *, *, #460, .T. ) ;
#1568 = ADVANCED_FACE ( 'NONE', ( #2388 ), #1832, .F. ) ;
#1569 = FACE_OUTER_BOUND ( 'NONE', #1423, .T. ) ;
#1570 = CARTESIAN_POINT ( 'NONE',  ( 47.55820850438259129, 35.03786520321300912, 24.00000000000000000 ) ) ;
#1571 = DIRECTION ( 'NONE',  ( 1.000000000000000000, 0.000000000000000000, 0.000000000000000000 ) ) ;
#1572 = ORIENTED_EDGE ( 'NONE', *, *, #433, .F. ) ;
#1573 = EDGE_LOOP ( 'NONE', ( #921, #2419 ) ) ;
#1574 = CYLINDRICAL_SURFACE ( 'NONE', #973, 0.6499999999999978018 ) ;
#1575 = CARTESIAN_POINT ( 'NONE',  ( 132.0138863796576629, 111.0611826816691945, 15.00000000000000000 ) ) ;
#1576 = ORIENTED_EDGE ( 'NONE', *, *, #2253, .F. ) ;
#1577 = ORIENTED_EDGE ( 'NONE', *, *, #3519, .T. ) ;
#1578 = LINE ( 'NONE', #1877, #1599 ) ;
#1579 = CARTESIAN_POINT ( 'NONE',  ( 47.55820850438262681, 31.03786520321301268, 64.00000000000000000 ) ) ;
#1580 = FACE_OUTER_BOUND ( 'NONE', #259, .T. ) ;
#1581 = DIRECTION ( 'NONE',  ( -1.000000000000000000, 0.000000000000000000, 0.000000000000000000 ) ) ;
#1582 = ADVANCED_FACE ( 'NONE', ( #1523 ), #1507, .F. ) ;
#1583 = ORIENTED_EDGE ( 'NONE', *, *, #261, .T. ) ;
#1584 = EDGE_LOOP ( 'NONE', ( #633, #2815, #674, #2207, #179, #2322, #2161, #2970 ) ) ;
#1585 = EDGE_CURVE ( 'NONE', #3139, #3334, #218, .T. ) ;
#1586 = LINE ( 'NONE', #1299, #525 ) ;
#1587 = FACE_OUTER_BOUND ( 'NONE', #1931, .T. ) ;
#1588 = FACE_OUTER_BOUND ( 'NONE', #1714, .T. ) ;
#1589 = ORIENTED_EDGE ( 'NONE', *, *, #2506, .F. ) ;
#1590 = EDGE_CURVE ( 'NONE', #3167, #1316, #1781, .T. ) ;
#1591 = CARTESIAN_POINT ( 'NONE',  ( 111.0547640085709986, 41.03786520321301623, 15.00000000000000000 ) ) ;
#1592 = ORIENTED_EDGE ( 'NONE', *, *, #1390, .F. ) ;
#1593 = DIRECTION ( 'NONE',  ( -1.000000000000000000, 0.000000000000000000, 0.000000000000000000 ) ) ;
#1594 = DIRECTION ( 'NONE',  ( 0.000000000000000000, -0.000000000000000000, -1.000000000000000000 ) ) ;
#1595 = ORIENTED_EDGE ( 'NONE', *, *, #1148, .T. ) ;
#1596 = VERTEX_POINT ( 'NONE', #1016 ) ;
#1597 = CYLINDRICAL_SURFACE ( 'NONE', #3210, 2.500000000000002220 ) ;
#1598 = CARTESIAN_POINT ( 'NONE',  ( 117.0547640085710128, 41.03786520321301623, 4.000000000000000000 ) ) ;
#1599 = VECTOR ( 'NONE', #710, 1000.000000000000000 ) ;
#1600 = CIRCLE ( 'NONE', #917, 2.750000000000002665 ) ;
#1601 = CARTESIAN_POINT ( 'NONE',  ( 34.55476400857104835, 118.5378652032130162, 15.00000000000000000 ) ) ;
#1602 = AXIS2_PLACEMENT_3D ( 'NONE', #783, #1867, #520 ) ;
#1603 = ORIENTED_EDGE ( 'NONE', *, *, #322, .T. ) ;
#1604 = ORIENTED_EDGE ( 'NONE', *, *, #1046, .T. ) ;
#1605 = AXIS2_PLACEMENT_3D ( 'NONE', #3034, #2164, #2966 ) ;
#1606 = EDGE_CURVE ( 'NONE', #1804, #786, #3155, .T. ) ;
#1607 = DIRECTION ( 'NONE',  ( -1.000000000000000000, 0.000000000000000000, 0.000000000000000000 ) ) ;
#1608 = AXIS2_PLACEMENT_3D ( 'NONE', #1154, #924, #2818 ) ;
#1609 = DIRECTION ( 'NONE',  ( -1.000000000000000000, 0.000000000000000000, -0.000000000000000000 ) ) ;
#1610 = LINE ( 'NONE', #2423, #2083 ) ;
#1611 = EDGE_LOOP ( 'NONE', ( #903, #2908, #853, #53 ) ) ;
#1612 = EDGE_CURVE ( 'NONE', #1110, #1413, #1317, .T. ) ;
#1613 = VECTOR ( 'NONE', #1708, 1000.000000000000000 ) ;
#1614 = CARTESIAN_POINT ( 'NONE',  ( 47.05476400856561980, 111.0378652032192264, 20.00000000000000000 ) ) ;
#1615 = ORIENTED_EDGE ( 'NONE', *, *, #3124, .T. ) ;
#1616 = CARTESIAN_POINT ( 'NONE',  ( 139.5547640085710270, 101.0378652032130162, 0.000000000000000000 ) ) ;
#1617 = CYLINDRICAL_SURFACE ( 'NONE', #1794, 3.000000000000002665 ) ;
#1618 = AXIS2_PLACEMENT_3D ( 'NONE', #2794, #3306, #1671 ) ;
#1619 = ORIENTED_EDGE ( 'NONE', *, *, #948, .T. ) ;
#1620 = ADVANCED_FACE ( 'NONE', ( #2613 ), #1574, .F. ) ;
#1621 = CIRCLE ( 'NONE', #71, 2.500000000000002220 ) ;
#1622 = ORIENTED_EDGE ( 'NONE', *, *, #1303, .T. ) ;
#1623 = FACE_OUTER_BOUND ( 'NONE', #3380, .T. ) ;
#1624 = DIRECTION ( 'NONE',  ( -1.000000000000000000, 0.000000000000000000, 0.000000000000000000 ) ) ;
#1625 = AXIS2_PLACEMENT_3D ( 'NONE', #2438, #310, #3524 ) ;
#1626 = DIRECTION ( 'NONE',  ( 0.000000000000000000, -0.000000000000000000, -1.000000000000000000 ) ) ;
#1627 = EDGE_LOOP ( 'NONE', ( #877, #2079 ) ) ;
#1628 = ORIENTED_EDGE ( 'NONE', *, *, #1768, .F. ) ;
#1629 = FACE_OUTER_BOUND ( 'NONE', #421, .T. ) ;
#1630 = CC_DESIGN_PERSON_AND_ORGANIZATION_ASSIGNMENT ( #2078, #2395, ( #817 ) ) ;
#1631 = FACE_OUTER_BOUND ( 'NONE', #1535, .T. ) ;
#1632 = ORIENTED_EDGE ( 'NONE', *, *, #2674, .T. ) ;
#1633 = CYLINDRICAL_SURFACE ( 'NONE', #1418, 2.750000000000002665 ) ;
#1634 = ORIENTED_EDGE ( 'NONE', *, *, #1989, .T. ) ;
#1635 = FACE_OUTER_BOUND ( 'NONE', #2552, .T. ) ;
#1636 = EDGE_CURVE ( 'NONE', #2860, #733, #1487, .T. ) ;
#1637 = CARTESIAN_POINT ( 'NONE',  ( 134.0547640085668206, 16.03786520321703790, 20.00000000000000000 ) ) ;
#1638 = EDGE_LOOP ( 'NONE', ( #2387, #2755 ) ) ;
#1639 = VERTEX_POINT ( 'NONE', #707 ) ;
#1640 = CARTESIAN_POINT ( 'NONE',  ( 89.05476400856692010, 111.0378652032192264, 14.00000000000000000 ) ) ;
#1641 = LINE ( 'NONE', #3533, #3330 ) ;
#1642 = CARTESIAN_POINT ( 'NONE',  ( 37.65059727002839907, 64.01056688839513242, 24.00000000000000000 ) ) ;
#1643 = EDGE_CURVE ( 'NONE', #2536, #878, #2124, .T. ) ;
#1644 = VERTEX_POINT ( 'NONE', #160 ) ;
#1645 = DIRECTION ( 'NONE',  ( 1.000000000000000000, 0.000000000000000000, 0.000000000000000000 ) ) ;
#1646 = LINE ( 'NONE', #1922, #1558 ) ;
#1647 = EDGE_LOOP ( 'NONE', ( #2777, #1060 ) ) ;
#1648 = ORIENTED_EDGE ( 'NONE', *, *, #1924, .T. ) ;
#1649 = FACE_OUTER_BOUND ( 'NONE', #1377, .T. ) ;
#1650 = CARTESIAN_POINT ( 'NONE',  ( 37.65059727002839907, 64.01056688839513242, 35.31370849898474518 ) ) ;
#1651 = ORIENTED_EDGE ( 'NONE', *, *, #782, .F. ) ;
#1652 = ADVANCED_FACE ( 'NONE', ( #1306 ), #2649, .F. ) ;
#1653 = ORIENTED_EDGE ( 'NONE', *, *, #1352, .F. ) ;
#1654 = DIRECTION ( 'NONE',  ( -0.000000000000000000, -0.000000000000000000, -1.000000000000000000 ) ) ;
#1655 = DIRECTION ( 'NONE',  ( -0.000000000000000000, -0.000000000000000000, 1.000000000000000000 ) ) ;
#1656 = DIRECTION ( 'NONE',  ( 1.000000000000000000, 0.000000000000000000, 0.000000000000000000 ) ) ;
#1657 = AXIS2_PLACEMENT_3D ( 'NONE', #3401, #2831, #79 ) ;
#1658 = EDGE_LOOP ( 'NONE', ( #3349, #2434, #1027, #154 ) ) ;
#1659 = EDGE_CURVE ( 'NONE', #2098, #3412, #3439, .T. ) ;
#1660 = AXIS2_PLACEMENT_3D ( 'NONE', #298, #2995, #602 ) ;
#1661 = DIRECTION ( 'NONE',  ( -1.000000000000000000, 0.000000000000000000, 0.000000000000000000 ) ) ;
#1662 = FACE_BOUND ( 'NONE', #1994, .T. ) ;
#1663 = VECTOR ( 'NONE', #1891, 1000.000000000000000 ) ;
#1664 = AXIS2_PLACEMENT_3D ( 'NONE', #142, #1231, #718 ) ;
#1665 = VERTEX_POINT ( 'NONE', #1274 ) ;
#1666 = CARTESIAN_POINT ( 'NONE',  ( 34.55476400857101282, 13.53786520321302156, 24.00000000000000000 ) ) ;
#1667 = DIRECTION ( 'NONE',  ( -1.000000000000000000, 0.000000000000000000, -0.000000000000000000 ) ) ;
#1668 = EDGE_LOOP ( 'NONE', ( #1710, #3299, #3240, #1173 ) ) ;
#1669 = ORIENTED_EDGE ( 'NONE', *, *, #1785, .F. ) ;
#1670 = DIRECTION ( 'NONE',  ( -1.000000000000000000, 0.000000000000000000, 0.000000000000000000 ) ) ;
#1671 = DIRECTION ( 'NONE',  ( 1.000000000000000000, 0.000000000000000000, 0.000000000000000000 ) ) ;
#1672 = EDGE_CURVE ( 'NONE', #626, #1302, #1715, .T. ) ;
#1673 = DIRECTION ( 'NONE',  ( -0.000000000000000000, 0.000000000000000000, -1.000000000000000000 ) ) ;
#1674 = DIRECTION ( 'NONE',  ( -0.000000000000000000, -0.000000000000000000, -1.000000000000000000 ) ) ;
#1675 = LOCAL_TIME ( 10, 10, 51.00000000000000000, #1170 ) ;
#1676 = EDGE_CURVE ( 'NONE', #1364, #3353, #173, .T. ) ;
#1677 = LINE ( 'NONE', #64, #2883 ) ;
#1678 = DIRECTION ( 'NONE',  ( 0.000000000000000000, 0.000000000000000000, -1.000000000000000000 ) ) ;
#1679 = ORIENTED_EDGE ( 'NONE', *, *, #741, .F. ) ;
#1680 = EDGE_LOOP ( 'NONE', ( #2046, #2212, #1589, #2711 ) ) ;
#1681 = FACE_BOUND ( 'NONE', #1627, .T. ) ;
#1682 = CARTESIAN_POINT ( 'NONE',  ( 129.5138863796576629, 111.0611826816691945, 24.00000000000000000 ) ) ;
#1683 = ORIENTED_EDGE ( 'NONE', *, *, #1809, .T. ) ;
#1684 = ORIENTED_EDGE ( 'NONE', *, *, #1323, .F. ) ;
#1685 = CARTESIAN_POINT ( 'NONE',  ( 68.65476564381643243, 58.23786520321409910, 0.000000000000000000 ) ) ;
#1686 = CARTESIAN_POINT ( 'NONE',  ( 139.5547640085710270, 101.0378652032130162, 0.000000000000000000 ) ) ;
#1687 = CARTESIAN_POINT ( 'NONE',  ( 36.55476400857104835, 94.03786520321300202, 12.00000000000000000 ) ) ;
#1688 = DIRECTION ( 'NONE',  ( 0.000000000000000000, 0.000000000000000000, -1.000000000000000000 ) ) ;
#1689 = ORIENTED_EDGE ( 'NONE', *, *, #692, .F. ) ;
#1690 = ADVANCED_FACE ( 'NONE', ( #723 ), #1815, .F. ) ;
#1691 = CARTESIAN_POINT ( 'NONE',  ( 102.3547656438165347, 71.38786520321384899, 15.00000000000000000 ) ) ;
#1692 = LINE ( 'NONE', #1954, #3498 ) ;
#1693 = ORIENTED_EDGE ( 'NONE', *, *, #2361, .T. ) ;
#1694 = EDGE_CURVE ( 'NONE', #2150, #3462, #581, .T. ) ;
#1695 = ORIENTED_EDGE ( 'NONE', *, *, #3343, .T. ) ;
#1696 = CARTESIAN_POINT ( 'NONE',  ( 70.10476564381646369, 64.88786520321407636, 0.000000000000000000 ) ) ;
#1697 = LINE ( 'NONE', #343, #538 ) ;
#1698 = EDGE_LOOP ( 'NONE', ( #687, #1648 ) ) ;
#1699 = EDGE_CURVE ( 'NONE', #2842, #2930, #1396, .T. ) ;
#1700 = ORIENTED_EDGE ( 'NONE', *, *, #1014, .F. ) ;
#1701 = CYLINDRICAL_SURFACE ( 'NONE', #686, 6.000000000000005329 ) ;
#1702 = DIRECTION ( 'NONE',  ( 0.000000000000000000, 0.000000000000000000, -1.000000000000000000 ) ) ;
#1703 = CARTESIAN_POINT ( 'NONE',  ( 68.00476564381644096, 58.23786520321409910, 0.000000000000000000 ) ) ;
#1704 = DIRECTION ( 'NONE',  ( -0.000000000000000000, -0.000000000000000000, -1.000000000000000000 ) ) ;
#1705 = CIRCLE ( 'NONE', #2636, 3.000000000000002665 ) ;
#1706 = AXIS2_PLACEMENT_3D ( 'NONE', #3535, #1387, #2202 ) ;
#1707 = DIRECTION ( 'NONE',  ( -1.000000000000000000, 0.000000000000000000, 0.000000000000000000 ) ) ;
#1708 = DIRECTION ( 'NONE',  ( 0.000000000000000000, -1.000000000000000000, 0.000000000000000000 ) ) ;
#1709 = CARTESIAN_POINT ( 'NONE',  ( 132.5547640085710270, 94.03786520321300202, 12.00000000000000000 ) ) ;
#1710 = ORIENTED_EDGE ( 'NONE', *, *, #1975, .F. ) ;
#1711 = UNCERTAINTY_MEASURE_WITH_UNIT (LENGTH_MEASURE( 1.000000000000000082E-05 ), #943, 'distance_accuracy_value', 'NONE');
#1712 = VECTOR ( 'NONE', #43, 1000.000000000000000 ) ;
#1713 = AXIS2_PLACEMENT_3D ( 'NONE', #2865, #3118, #388 ) ;
#1714 = EDGE_LOOP ( 'NONE', ( #3491, #842, #2716, #962 ) ) ;
#1715 = CIRCLE ( 'NONE', #2351, 0.6499999999999978018 ) ;
#1716 = CARTESIAN_POINT ( 'NONE',  ( 107.0547640085709986, 86.03786520321301623, 0.000000000000000000 ) ) ;
#1717 = CIRCLE ( 'NONE', #569, 0.6499999999999978018 ) ;
#1718 = DIRECTION ( 'NONE',  ( -0.000000000000000000, -0.000000000000000000, -1.000000000000000000 ) ) ;
#1719 = ORIENTED_EDGE ( 'NONE', *, *, #1930, .F. ) ;
#1720 = EDGE_CURVE ( 'NONE', #1916, #2290, #296, .T. ) ;
#1721 = AXIS2_PLACEMENT_3D ( 'NONE', #3084, #2531, #890 ) ;
#1722 = ORIENTED_EDGE ( 'NONE', *, *, #2728, .F. ) ;
#1723 = DIRECTION ( 'NONE',  ( 0.000000000000000000, 0.000000000000000000, 1.000000000000000000 ) ) ;
#1724 = CARTESIAN_POINT ( 'NONE',  ( 129.5138863796576629, 16.01454772475684152, 20.00000000000000000 ) ) ;
#1725 = CIRCLE ( 'NONE', #810, 1.999999999999994893 ) ;
#1726 = EDGE_CURVE ( 'NONE', #1297, #1389, #855, .T. ) ;
#1727 = DIRECTION ( 'NONE',  ( -0.000000000000000000, -0.000000000000000000, -1.000000000000000000 ) ) ;
#1728 = FACE_BOUND ( 'NONE', #1555, .T. ) ;
#1729 = VERTEX_POINT ( 'NONE', #2427 ) ;
#1730 = AXIS2_PLACEMENT_3D ( 'NONE', #3209, #157, #769 ) ;
#1731 = CC_DESIGN_APPROVAL ( #206, ( #817 ) ) ;
#1732 = DIRECTION ( 'NONE',  ( -1.000000000000000000, 0.000000000000000000, 0.000000000000000000 ) ) ;
#1733 = CARTESIAN_POINT ( 'NONE',  ( 127.0138863796576629, 16.01454772475684152, 20.00000000000000000 ) ) ;
#1734 = APPROVAL_DATE_TIME ( #3101, #206 ) ;
#1735 = ORIENTED_EDGE ( 'NONE', *, *, #3409, .F. ) ;
#1736 = DIRECTION ( 'NONE',  ( 1.000000000000000000, 0.000000000000000000, 0.000000000000000000 ) ) ;
#1737 = FACE_OUTER_BOUND ( 'NONE', #2688, .T. ) ;
#1738 = DIRECTION ( 'NONE',  ( -0.000000000000000000, -0.000000000000000000, -1.000000000000000000 ) ) ;
#1739 = EDGE_LOOP ( 'NONE', ( #3001, #1065, #316, #2461, #3403, #1870, #1837, #199 ) ) ;
#1740 = ADVANCED_FACE ( 'NONE', ( #1635 ), #2773, .F. ) ;
#1741 = ORIENTED_EDGE ( 'NONE', *, *, #2585, .T. ) ;
#1742 = LINE ( 'NONE', #91, #1835 ) ;
#1743 = CARTESIAN_POINT ( 'NONE',  ( 52.05476400857100572, 63.53786520321301623, 0.000000000000000000 ) ) ;
#1744 = EDGE_CURVE ( 'NONE', #2114, #1858, #3326, .T. ) ;
#1745 = DIRECTION ( 'NONE',  ( 1.000000000000000000, 0.000000000000000000, 0.000000000000000000 ) ) ;
#1746 = CARTESIAN_POINT ( 'NONE',  ( 131.6505972700283564, 64.01056688839513242, 35.31370849898474518 ) ) ;
#1747 = ORIENTED_EDGE ( 'NONE', *, *, #322, .F. ) ;
#1748 = EDGE_CURVE ( 'NONE', #2648, #2665, #2700, .T. ) ;
#1749 = DIRECTION ( 'NONE',  ( -1.000000000000000000, 0.000000000000000000, 0.000000000000000000 ) ) ;
#1750 = CYLINDRICAL_SURFACE ( 'NONE', #3220, 2.500000000000002220 ) ;
#1751 = ORIENTED_EDGE ( 'NONE', *, *, #3239, .F. ) ;
#1752 = VERTEX_POINT ( 'NONE', #2478 ) ;
#1753 = FACE_BOUND ( 'NONE', #1194, .T. ) ;
#1754 = DIRECTION ( 'NONE',  ( 1.000000000000000000, 0.000000000000000000, 0.000000000000000000 ) ) ;
#1755 = EDGE_LOOP ( 'NONE', ( #297, #2985 ) ) ;
#1756 = ORIENTED_EDGE ( 'NONE', *, *, #450, .T. ) ;
#1757 = LINE ( 'NONE', #2281, #1424 ) ;
#1758 = CARTESIAN_POINT ( 'NONE',  ( 117.0547640085710128, 86.03786520321301623, 4.000000000000000000 ) ) ;
#1759 = ADVANCED_FACE ( 'NONE', ( #2153 ), #275, .F. ) ;
#1760 = EDGE_LOOP ( 'NONE', ( #25, #3426, #1270, #2498 ) ) ;
#1761 = CARTESIAN_POINT ( 'NONE',  ( 130.5547640085710270, 33.03786520321305886, 12.00000000000000000 ) ) ;
#1762 = DIRECTION ( 'NONE',  ( -1.000000000000000000, 0.000000000000000000, 0.000000000000000000 ) ) ;
#1763 = EDGE_LOOP ( 'NONE', ( #2493, #2551 ) ) ;
#1764 = CARTESIAN_POINT ( 'NONE',  ( 117.0547640085710128, 86.03786520321301623, 15.00000000000000000 ) ) ;
#1765 = CARTESIAN_POINT ( 'NONE',  ( 52.05476400857100572, 41.03786520321301623, 15.00000000000000000 ) ) ;
#1766 = CALENDAR_DATE ( 2026, 19, 8 ) ;
#1767 = ORIENTED_EDGE ( 'NONE', *, *, #104, .F. ) ;
#1768 = EDGE_CURVE ( 'NONE', #1929, #791, #2703, .T. ) ;
#1769 = VECTOR ( 'NONE', #3327, 1000.000000000000000 ) ;
#1770 = DIRECTION ( 'NONE',  ( 0.000000000000000000, 0.000000000000000000, 1.000000000000000000 ) ) ;
#1771 = LINE ( 'NONE', #177, #918 ) ;
#1772 = DIRECTION ( 'NONE',  ( -1.000000000000000000, 0.000000000000000000, 0.000000000000000000 ) ) ;
#1773 = CIRCLE ( 'NONE', #1082, 0.6499999999999978018 ) ;
#1774 = ORIENTED_EDGE ( 'NONE', *, *, #1795, .F. ) ;
#1775 = CIRCLE ( 'NONE', #3043, 4.000000000000003553 ) ;
#1776 = VECTOR ( 'NONE', #1277, 1000.000000000000000 ) ;
#1777 = CIRCLE ( 'NONE', #1250, 6.000000000000005329 ) ;
#1778 = ORIENTED_EDGE ( 'NONE', *, *, #911, .T. ) ;
#1779 = FACE_OUTER_BOUND ( 'NONE', #2598, .T. ) ;
#1780 = DIRECTION ( 'NONE',  ( -1.000000000000000000, -0.000000000000000000, -0.000000000000000000 ) ) ;
#1781 = CIRCLE ( 'NONE', #235, 2.500000000000002220 ) ;
#1782 = ORIENTED_EDGE ( 'NONE', *, *, #3358, .F. ) ;
#1783 = CIRCLE ( 'NONE', #804, 2.500000000000002220 ) ;
#1784 = CARTESIAN_POINT ( 'NONE',  ( 101.5047656438164552, 69.88786520321384899, 15.00000000000000000 ) ) ;
#1785 = EDGE_CURVE ( 'NONE', #2429, #3199, #510, .T. ) ;
#1786 = CARTESIAN_POINT ( 'NONE',  ( 54.80476400857101282, 63.53786520321301623, 15.00000000000000000 ) ) ;
#1787 = EDGE_LOOP ( 'NONE', ( #1747, #28, #1161, #221 ) ) ;
#1788 = VECTOR ( 'NONE', #2727, 1000.000000000000000 ) ;
#1789 = DIRECTION ( 'NONE',  ( 1.000000000000000000, 0.000000000000000000, 0.000000000000000000 ) ) ;
#1790 = VECTOR ( 'NONE', #2176, 1000.000000000000000 ) ;
#1791 = DIRECTION ( 'NONE',  ( -0.000000000000000000, -0.000000000000000000, -1.000000000000000000 ) ) ;
#1792 = CALENDAR_DATE ( 2026, 19, 8 ) ;
#1793 = VERTEX_POINT ( 'NONE', #1940 ) ;
#1794 = AXIS2_PLACEMENT_3D ( 'NONE', #1650, #1914, #3026 ) ;
#1795 = EDGE_CURVE ( 'NONE', #2429, #3228, #1600, .T. ) ;
#1796 = PLANE ( 'NONE',  #969 ) ;
#1797 = CARTESIAN_POINT ( 'NONE',  ( 40.05476400856434793, 111.0378652032192264, 14.00000000000000000 ) ) ;
#1798 = LINE ( 'NONE', #2952, #190 ) ;
#1799 = AXIS2_PLACEMENT_3D ( 'NONE', #3461, #178, #214 ) ;
#1800 = ORIENTED_EDGE ( 'NONE', *, *, #721, .T. ) ;
#1801 = ORIENTED_EDGE ( 'NONE', *, *, #1499, .F. ) ;
#1802 = DIRECTION ( 'NONE',  ( -1.000000000000000000, 0.000000000000000000, 0.000000000000000000 ) ) ;
#1803 = DIRECTION ( 'NONE',  ( -0.000000000000000000, -0.000000000000000000, 1.000000000000000000 ) ) ;
#1804 = VERTEX_POINT ( 'NONE', #529 ) ;
#1805 = PLANE ( 'NONE',  #3490 ) ;
#1806 = DIRECTION ( 'NONE',  ( -0.000000000000000000, -0.000000000000000000, 1.000000000000000000 ) ) ;
#1807 = DIRECTION ( 'NONE',  ( 0.000000000000000000, 0.000000000000000000, -1.000000000000000000 ) ) ;
#1808 = ORIENTED_EDGE ( 'NONE', *, *, #1859, .T. ) ;
#1809 = EDGE_CURVE ( 'NONE', #2146, #268, #2646, .T. ) ;
#1810 = VERTEX_POINT ( 'NONE', #2456 ) ;
#1811 = DIRECTION ( 'NONE',  ( -1.000000000000000000, 0.000000000000000000, 0.000000000000000000 ) ) ;
#1812 = CARTESIAN_POINT ( 'NONE',  ( 52.05476400857100572, 63.53786520321301623, 0.000000000000000000 ) ) ;
#1813 = VERTEX_POINT ( 'NONE', #2208 ) ;
#1814 = EDGE_LOOP ( 'NONE', ( #1183, #1525, #40, #1056 ) ) ;
#1815 = CYLINDRICAL_SURFACE ( 'NONE', #1200, 2.500000000000002220 ) ;
#1816 = CYLINDRICAL_SURFACE ( 'NONE', #756, 1.999999999999994893 ) ;
#1817 = EDGE_CURVE ( 'NONE', #502, #552, #5, .T. ) ;
#1818 = ORIENTED_EDGE ( 'NONE', *, *, #209, .F. ) ;
#1819 = DIRECTION ( 'NONE',  ( -1.000000000000000000, 0.000000000000000000, 0.000000000000000000 ) ) ;
#1820 = CARTESIAN_POINT ( 'NONE',  ( 139.5547640085710270, 13.53786520321305709, 24.00000000000000000 ) ) ;
#1821 = CARTESIAN_POINT ( 'NONE',  ( 34.55476400857104835, 8.537865203213021559, 14.00000000000000000 ) ) ;
#1822 = APPROVAL_STATUS ( 'not_yet_approved' ) ;
#1823 = ORIENTED_EDGE ( 'NONE', *, *, #2444, .F. ) ;
#1824 = CARTESIAN_POINT ( 'NONE',  ( 70.10476564381649212, 67.03786520321406783, 15.00000000000000000 ) ) ;
#1825 = DIRECTION ( 'NONE',  ( -0.000000000000000000, -0.000000000000000000, -1.000000000000000000 ) ) ;
#1826 = EDGE_CURVE ( 'NONE', #2505, #3027, #313, .T. ) ;
#1827 = DIRECTION ( 'NONE',  ( -0.000000000000000000, -0.000000000000000000, -1.000000000000000000 ) ) ;
#1828 = ORIENTED_EDGE ( 'NONE', *, *, #995, .F. ) ;
#1829 = CIRCLE ( 'NONE', #2647, 2.000000000000001776 ) ;
#1830 = ORIENTED_EDGE ( 'NONE', *, *, #3198, .F. ) ;
#1831 = CIRCLE ( 'NONE', #852, 4.000000000000003553 ) ;
#1832 = CYLINDRICAL_SURFACE ( 'NONE', #2874, 10.00000000000000178 ) ;
#1833 = EDGE_CURVE ( 'NONE', #1979, #2045, #839, .T. ) ;
#1834 = CYLINDRICAL_SURFACE ( 'NONE', #2304, 3.999999999999996447 ) ;
#1835 = VECTOR ( 'NONE', #1178, 1000.000000000000000 ) ;
#1836 = AXIS2_PLACEMENT_3D ( 'NONE', #1840, #135, #1226 ) ;
#1837 = ORIENTED_EDGE ( 'NONE', *, *, #33, .F. ) ;
#1838 = LINE ( 'NONE', #1564, #406 ) ;
#1839 = ADVANCED_FACE ( 'NONE', ( #38 ), #2494, .F. ) ;
#1840 = CARTESIAN_POINT ( 'NONE',  ( 37.65059727002839907, 64.01056688839513242, 24.00000000000000000 ) ) ;
#1841 = AXIS2_PLACEMENT_3D ( 'NONE', #1253, #754, #3493 ) ;
#1842 = VECTOR ( 'NONE', #1977, 1000.000000000000000 ) ;
#1843 = CARTESIAN_POINT ( 'NONE',  ( 132.5547640085710270, 94.03786520321300202, 12.00000000000000000 ) ) ;
#1844 = EDGE_CURVE ( 'NONE', #1151, #1979, #58, .T. ) ;
#1845 = AXIS2_PLACEMENT_3D ( 'NONE', #1878, #1244, #942 ) ;
#1846 = ORIENTED_EDGE ( 'NONE', *, *, #955, .F. ) ;
#1847 = CIRCLE ( 'NONE', #2597, 3.999999999999996447 ) ;
#1848 = CARTESIAN_POINT ( 'NONE',  ( 82.05476400857101282, 16.03786520321925835, 15.00000000000000000 ) ) ;
#1849 = DIRECTION ( 'NONE',  ( 0.000000000000000000, 0.000000000000000000, 1.000000000000000000 ) ) ;
#1850 = CARTESIAN_POINT ( 'NONE',  ( 87.30476400857101282, 86.03786520321301623, 0.000000000000000000 ) ) ;
#1851 = ORIENTED_EDGE ( 'NONE', *, *, #2497, .F. ) ;
#1852 = AXIS2_PLACEMENT_3D ( 'NONE', #2550, #2317, #2589 ) ;
#1853 = ADVANCED_FACE ( 'NONE', ( #1649 ), #2752, .F. ) ;
#1854 = ORIENTED_EDGE ( 'NONE', *, *, #255, .F. ) ;
#1855 = AXIS2_PLACEMENT_3D ( 'NONE', #101, #1678, #593 ) ;
#1856 = DIRECTION ( 'NONE',  ( -0.000000000000000000, -0.000000000000000000, 1.000000000000000000 ) ) ;
#1857 = CARTESIAN_POINT ( 'NONE',  ( 36.55476400857104835, 33.03786520321305886, 12.00000000000000000 ) ) ;
#1858 = VERTEX_POINT ( 'NONE', #1716 ) ;
#1859 = EDGE_CURVE ( 'NONE', #439, #474, #1543, .T. ) ;
#1860 = EDGE_LOOP ( 'NONE', ( #2262, #2558, #2496, #827 ) ) ;
#1861 = DIRECTION ( 'NONE',  ( -0.000000000000000000, -0.000000000000000000, -1.000000000000000000 ) ) ;
#1862 = CARTESIAN_POINT ( 'NONE',  ( 52.05476400857100572, 86.03786520321301623, 0.000000000000000000 ) ) ;
#1863 = EDGE_CURVE ( 'NONE', #2917, #3083, #2932, .T. ) ;
#1864 = CARTESIAN_POINT ( 'NONE',  ( 52.05476400857100572, 63.53786520321301623, 15.00000000000000000 ) ) ;
#1865 = ORIENTED_EDGE ( 'NONE', *, *, #1863, .T. ) ;
#1866 = ADVANCED_FACE ( 'NONE', ( #1737 ), #3335, .F. ) ;
#1867 = DIRECTION ( 'NONE',  ( 0.000000000000000000, -0.000000000000000000, -1.000000000000000000 ) ) ;
#1868 = CYLINDRICAL_SURFACE ( 'NONE', #1432, 4.500000000001253220 ) ;
#1869 = CARTESIAN_POINT ( 'NONE',  ( 87.30476400857101282, 41.03786520321301623, 15.00000000000000000 ) ) ;
#1870 = ORIENTED_EDGE ( 'NONE', *, *, #2265, .F. ) ;
#1871 = DIRECTION ( 'NONE',  ( -1.000000000000000000, 0.000000000000000000, 0.000000000000000000 ) ) ;
#1872 = EDGE_LOOP ( 'NONE', ( #1619, #940, #2199, #3132 ) ) ;
#1873 = CARTESIAN_POINT ( 'NONE',  ( 121.5582085043825913, 92.03786520321301623, 64.00000000000000000 ) ) ;
#1874 = DIRECTION ( 'NONE',  ( -0.000000000000000000, -0.000000000000000000, -1.000000000000000000 ) ) ;
#1875 = ORIENTED_EDGE ( 'NONE', *, *, #1699, .F. ) ;
#1876 = EDGE_LOOP ( 'NONE', ( #3128, #661, #2300, #3036 ) ) ;
#1877 = CARTESIAN_POINT ( 'NONE',  ( 139.5547640085710270, 26.03786520321302334, 14.00000000000000000 ) ) ;
#1878 = CARTESIAN_POINT ( 'NONE',  ( 44.55476400856561980, 111.0378652032192264, 20.00000000000000000 ) ) ;
#1879 = EDGE_CURVE ( 'NONE', #2475, #3146, #2012, .T. ) ;
#1880 = CARTESIAN_POINT ( 'NONE',  ( 129.5547640085655701, 16.03786520321703790, 20.00000000000000000 ) ) ;
#1881 = EDGE_CURVE ( 'NONE', #2957, #3334, #14, .T. ) ;
#1882 = ORIENTED_EDGE ( 'NONE', *, *, #586, .T. ) ;
#1883 = VERTEX_POINT ( 'NONE', #124 ) ;
#1884 = DIRECTION ( 'NONE',  ( -1.000000000000000000, 0.000000000000000000, 0.000000000000000000 ) ) ;
#1885 = FACE_BOUND ( 'NONE', #1963, .T. ) ;
#1886 = EDGE_CURVE ( 'NONE', #1752, #133, #1201, .T. ) ;
#1887 = DIRECTION ( 'NONE',  ( 0.000000000000000000, 0.000000000000000000, 1.000000000000000000 ) ) ;
#1888 = ORIENTED_EDGE ( 'NONE', *, *, #3050, .F. ) ;
#1889 = CARTESIAN_POINT ( 'NONE',  ( 139.5547640085710270, 26.03786520321302334, 14.00000000000000000 ) ) ;
#1890 = ORIENTED_EDGE ( 'NONE', *, *, #911, .F. ) ;
#1891 = DIRECTION ( 'NONE',  ( -0.000000000000000000, -0.000000000000000000, -1.000000000000000000 ) ) ;
#1892 = CARTESIAN_POINT ( 'NONE',  ( 89.05476400857227759, 16.03786520321925835, 20.00000000000000000 ) ) ;
#1893 = CIRCLE ( 'NONE', #1475, 10.00000000000000178 ) ;
#1894 = VERTEX_POINT ( 'NONE', #50 ) ;
#1895 = EDGE_LOOP ( 'NONE', ( #1326, #1035 ) ) ;
#1896 = DIRECTION ( 'NONE',  ( -1.000000000000000000, 0.000000000000000000, 0.000000000000000000 ) ) ;
#1897 = DIRECTION ( 'NONE',  ( 1.000000000000000000, 0.000000000000000000, 0.000000000000000000 ) ) ;
#1898 = CC_DESIGN_PERSON_AND_ORGANIZATION_ASSIGNMENT ( #3385, #2525, ( #3169 ) ) ;
#1899 = DIRECTION ( 'NONE',  ( 0.000000000000000000, 0.000000000000000000, -1.000000000000000000 ) ) ;
#1900 = CIRCLE ( 'NONE', #1539, 2.000000000000001776 ) ;
#1901 = ORIENTED_EDGE ( 'NONE', *, *, #2511, .T. ) ;
#1902 = CIRCLE ( 'NONE', #1605, 4.500000000001266542 ) ;
#1903 = ADVANCED_FACE ( 'NONE', ( #69 ), #2840, .T. ) ;
#1904 = DIRECTION ( 'NONE',  ( -0.000000000000000000, -0.000000000000000000, -1.000000000000000000 ) ) ;
#1905 = AXIS2_PLACEMENT_3D ( 'NONE', #1209, #1807, #2040 ) ;
#1906 = CARTESIAN_POINT ( 'NONE',  ( 49.05476400856688457, 111.0378652032192264, 20.00000000000000000 ) ) ;
#1907 = DIRECTION ( 'NONE',  ( -1.000000000000000000, 0.000000000000000000, 0.000000000000000000 ) ) ;
#1908 = ORIENTED_EDGE ( 'NONE', *, *, #2535, .T. ) ;
#1909 = AXIS2_PLACEMENT_3D ( 'NONE', #1486, #2282, #2614 ) ;
#1910 = ADVANCED_FACE ( 'NONE', ( #1215 ), #1460, .F. ) ;
#1911 = CARTESIAN_POINT ( 'NONE',  ( 43.55820850438259129, 35.03786520321304465, 24.00000000000000000 ) ) ;
#1912 = VERTEX_POINT ( 'NONE', #87 ) ;
#1913 = CARTESIAN_POINT ( 'NONE',  ( 36.55476400857104835, 33.03786520321305886, 12.00000000000000000 ) ) ;
#1914 = DIRECTION ( 'NONE',  ( -0.000000000000000000, -0.000000000000000000, -1.000000000000000000 ) ) ;
#1915 = VECTOR ( 'NONE', #2209, 1000.000000000000000 ) ;
#1916 = VERTEX_POINT ( 'NONE', #2316 ) ;
#1917 = VERTEX_POINT ( 'NONE', #2508 ) ;
#1918 = FACE_OUTER_BOUND ( 'NONE', #1876, .T. ) ;
#1919 = DIRECTION ( 'NONE',  ( -0.000000000000000000, -0.000000000000000000, -1.000000000000000000 ) ) ;
#1920 = LINE ( 'NONE', #1935, #3092 ) ;
#1921 = CARTESIAN_POINT ( 'NONE',  ( 127.0547640085710128, 86.03786520321301623, 0.000000000000000000 ) ) ;
#1922 = CARTESIAN_POINT ( 'NONE',  ( 34.55476400857105546, 33.03786520321305886, 12.00000000000000000 ) ) ;
#1923 = ORIENTED_EDGE ( 'NONE', *, *, #1795, .T. ) ;
#1924 = EDGE_CURVE ( 'NONE', #802, #2132, #2526, .T. ) ;
#1925 = DIRECTION ( 'NONE',  ( 1.000000000000000000, 0.000000000000000000, 0.000000000000000000 ) ) ;
#1926 = EDGE_LOOP ( 'NONE', ( #671, #1412 ) ) ;
#1927 = CARTESIAN_POINT ( 'NONE',  ( 84.55476400856565533, 111.0378652032192264, 20.00000000000000000 ) ) ;
#1928 = FACE_OUTER_BOUND ( 'NONE', #1974, .T. ) ;
#1929 = VERTEX_POINT ( 'NONE', #3390 ) ;
#1930 = EDGE_CURVE ( 'NONE', #474, #1322, #1991, .T. ) ;
#1931 = EDGE_LOOP ( 'NONE', ( #892, #3521, #3495, #453 ) ) ;
#1932 = CARTESIAN_POINT ( 'NONE',  ( 84.55476400857101282, 16.03786520321925835, 15.00000000000000000 ) ) ;
#1933 = CYLINDRICAL_SURFACE ( 'NONE', #3053, 0.6499999999999978018 ) ;
#1934 = EDGE_CURVE ( 'NONE', #2653, #2453, #1445, .T. ) ;
#1935 = CARTESIAN_POINT ( 'NONE',  ( 42.05476400856561270, 16.03786520321925835, 15.00000000000000000 ) ) ;
#1936 = CARTESIAN_POINT ( 'NONE',  ( 42.05476400857100572, 41.03786520321301623, 0.000000000000000000 ) ) ;
#1937 = DIRECTION ( 'NONE',  ( -0.000000000000000000, -0.000000000000000000, -1.000000000000000000 ) ) ;
#1938 = ORIENTED_EDGE ( 'NONE', *, *, #2107, .F. ) ;
#1939 = ORIENTED_EDGE ( 'NONE', *, *, #234, .T. ) ;
#1940 = CARTESIAN_POINT ( 'NONE',  ( 119.8047640085710128, 63.53786520321301623, 0.000000000000000000 ) ) ;
#1941 = DIRECTION ( 'NONE',  ( -0.000000000000000000, -0.000000000000000000, -1.000000000000000000 ) ) ;
#1942 = ORIENTED_EDGE ( 'NONE', *, *, #1018, .F. ) ;
#1943 = EDGE_CURVE ( 'NONE', #467, #75, #2276, .T. ) ;
#1944 = ORIENTED_EDGE ( 'NONE', *, *, #860, .F. ) ;
#1945 = CARTESIAN_POINT ( 'NONE',  ( 117.0547640085710128, 63.53786520321301623, 15.00000000000000000 ) ) ;
#1946 = DIRECTION ( 'NONE',  ( -0.000000000000000000, -0.000000000000000000, -1.000000000000000000 ) ) ;
#1947 = CIRCLE ( 'NONE', #108, 4.500000000001253220 ) ;
#1948 = ADVANCED_FACE ( 'NONE', ( #647, #930, #1681, #2028, #663, #1753, #3408, #1477, #2857, #395, #1410, #748, #213, #1011, #488 ), #2109, .T. ) ;
#1949 = CARTESIAN_POINT ( 'NONE',  ( 29.55476400857101638, 101.0378652032130162, 15.00000000000000000 ) ) ;
#1950 = CIRCLE ( 'NONE', #683, 0.6499999999999978018 ) ;
#1951 = AXIS2_PLACEMENT_3D ( 'NONE', #481, #1311, #1819 ) ;
#1952 = AXIS2_PLACEMENT_3D ( 'NONE', #189, #2671, #461 ) ;
#1953 = EDGE_CURVE ( 'NONE', #2225, #2114, #999, .T. ) ;
#1954 = CARTESIAN_POINT ( 'NONE',  ( 47.55820850438262681, 96.03786520321301623, 24.00000000000000000 ) ) ;
#1955 = FACE_BOUND ( 'NONE', #611, .T. ) ;
#1956 = VECTOR ( 'NONE', #2721, 1000.000000000000000 ) ;
#1957 = AXIS2_PLACEMENT_3D ( 'NONE', #819, #3523, #2204 ) ;
#1958 = ORIENTED_EDGE ( 'NONE', *, *, #1085, .F. ) ;
#1959 = DIRECTION ( 'NONE',  ( -0.000000000000000000, -0.000000000000000000, -1.000000000000000000 ) ) ;
#1960 = DIRECTION ( 'NONE',  ( -1.000000000000000000, 0.000000000000000000, 0.000000000000000000 ) ) ;
#1961 = VERTEX_POINT ( 'NONE', #1797 ) ;
#1962 = AXIS2_PLACEMENT_3D ( 'NONE', #1987, #377, #2024 ) ;
#1963 = EDGE_LOOP ( 'NONE', ( #3354, #2136 ) ) ;
#1964 = VECTOR ( 'NONE', #350, 1000.000000000000000 ) ;
#1965 = DIRECTION ( 'NONE',  ( -1.000000000000000000, 0.000000000000000000, 0.000000000000000000 ) ) ;
#1966 = CARTESIAN_POINT ( 'NONE',  ( 42.05476400856561270, 16.03786520321925835, 24.00000000000000000 ) ) ;
#1967 = EDGE_CURVE ( 'NONE', #3109, #2085, #2239, .T. ) ;
#1968 = VECTOR ( 'NONE', #2804, 1000.000000000000000 ) ;
#1969 = DIRECTION ( 'NONE',  ( 0.000000000000000000, 0.000000000000000000, -1.000000000000000000 ) ) ;
#1970 = FACE_BOUND ( 'NONE', #2668, .T. ) ;
#1971 = PERSON ( 'UNSPECIFIED', 'UNSPECIFIED', 'UNSPECIFIED', ('UNSPECIFIED'), ('UNSPECIFIED'), ('UNSPECIFIED') ) ;
#1972 = DIRECTION ( 'NONE',  ( -0.000000000000000000, -0.000000000000000000, -1.000000000000000000 ) ) ;
#1973 = DIRECTION ( 'NONE',  ( 0.000000000000000000, 0.000000000000000000, 1.000000000000000000 ) ) ;
#1974 = EDGE_LOOP ( 'NONE', ( #704, #1347, #1112, #1190 ) ) ;
#1975 = EDGE_CURVE ( 'NONE', #3447, #1916, #435, .T. ) ;
#1976 = ORIENTED_EDGE ( 'NONE', *, *, #670, .F. ) ;
#1977 = DIRECTION ( 'NONE',  ( -0.000000000000000000, -0.000000000000000000, -1.000000000000000000 ) ) ;
#1978 = CARTESIAN_POINT ( 'NONE',  ( 44.55476400856561980, 111.0378652032192264, 15.00000000000000000 ) ) ;
#1979 = VERTEX_POINT ( 'NONE', #2399 ) ;
#1980 = ORIENTED_EDGE ( 'NONE', *, *, #818, .F. ) ;
#1981 = DIRECTION ( 'NONE',  ( 0.000000000000000000, 0.000000000000000000, -1.000000000000000000 ) ) ;
#1982 = DIRECTION ( 'NONE',  ( 0.000000000000000000, 0.000000000000000000, -1.000000000000000000 ) ) ;
#1983 = DIRECTION ( 'NONE',  ( -1.000000000000000000, 0.000000000000000000, 0.000000000000000000 ) ) ;
#1984 = EDGE_CURVE ( 'NONE', #601, #290, #1771, .T. ) ;
#1985 = CARTESIAN_POINT ( 'NONE',  ( 43.55820850438259129, 92.03786520321298781, 15.00000000000000000 ) ) ;
#1986 = DIRECTION ( 'NONE',  ( -0.000000000000000000, -0.000000000000000000, -1.000000000000000000 ) ) ;
#1987 = CARTESIAN_POINT ( 'NONE',  ( 84.55476400857101282, 41.03786520321301623, 0.000000000000000000 ) ) ;
#1988 = APPROVAL_STATUS ( 'not_yet_approved' ) ;
#1989 = EDGE_CURVE ( 'NONE', #2842, #480, #2356, .T. ) ;
#1990 = VERTEX_POINT ( 'NONE', #156 ) ;
#1991 = LINE ( 'NONE', #103, #1842 ) ;
#1992 = DIRECTION ( 'NONE',  ( -0.000000000000000000, -0.000000000000000000, -1.000000000000000000 ) ) ;
#1993 = EDGE_LOOP ( 'NONE', ( #998, #872, #1882, #2166 ) ) ;
#1994 = EDGE_LOOP ( 'NONE', ( #1506, #2993 ) ) ;
#1995 = CARTESIAN_POINT ( 'NONE',  ( 81.80476400857101282, 86.03786520321301623, 15.00000000000000000 ) ) ;
#1996 = CYLINDRICAL_SURFACE ( 'NONE', #3280, 10.00000000000000888 ) ;
#1997 = FACE_BOUND ( 'NONE', #838, .T. ) ;
#1998 = AXIS2_PLACEMENT_3D ( 'NONE', #1153, #1055, #3346 ) ;
#1999 = VECTOR ( 'NONE', #639, 1000.000000000000000 ) ;
#2000 = PLANE ( 'NONE',  #1188 ) ;
#2001 = DIRECTION ( 'NONE',  ( 1.000000000000000000, 0.000000000000000000, 0.000000000000000000 ) ) ;
#2002 = DIRECTION ( 'NONE',  ( 0.000000000000000000, 0.000000000000000000, -1.000000000000000000 ) ) ;
#2003 = EDGE_LOOP ( 'NONE', ( #1735, #651, #2730, #1120 ) ) ;
#2004 = VECTOR ( 'NONE', #245, 1000.000000000000000 ) ;
#2005 = AXIS2_PLACEMENT_3D ( 'NONE', #46, #2398, #2436 ) ;
#2006 = EDGE_CURVE ( 'NONE', #3103, #3211, #2298, .T. ) ;
#2007 = EDGE_LOOP ( 'NONE', ( #3074, #1808 ) ) ;
#2008 = AXIS2_PLACEMENT_3D ( 'NONE', #342, #3368, #380 ) ;
#2009 = CARTESIAN_POINT ( 'NONE',  ( 125.5582085043825913, 35.03786520321304465, 24.00000000000000000 ) ) ;
#2010 = CYLINDRICAL_SURFACE ( 'NONE', #1331, 5.000000000000004441 ) ;
#2011 = ORIENTED_EDGE ( 'NONE', *, *, #1726, .T. ) ;
#2012 = CIRCLE ( 'NONE', #1721, 10.00000000000000178 ) ;
#2013 = ORIENTED_EDGE ( 'NONE', *, *, #1394, .F. ) ;
#2014 = DIRECTION ( 'NONE',  ( -1.000000000000000000, 0.000000000000000000, 0.000000000000000000 ) ) ;
#2015 = DIRECTION ( 'NONE',  ( -1.000000000000000000, 0.000000000000000000, 0.000000000000000000 ) ) ;
#2016 = AXIS2_PLACEMENT_3D ( 'NONE', #1366, #1415, #863 ) ;
#2017 = EDGE_CURVE ( 'NONE', #2327, #1013, #3443, .T. ) ;
#2018 = VECTOR ( 'NONE', #737, 1000.000000000000000 ) ;
#2019 = DIRECTION ( 'NONE',  ( -1.000000000000000000, 0.000000000000000000, 0.000000000000000000 ) ) ;
#2020 = DIRECTION ( 'NONE',  ( -1.000000000000000000, 0.000000000000000000, 0.000000000000000000 ) ) ;
#2021 = EDGE_LOOP ( 'NONE', ( #2747, #2140, #888, #1669 ) ) ;
#2022 = CIRCLE ( 'NONE', #3057, 5.000000000000004441 ) ;
#2023 = CYLINDRICAL_SURFACE ( 'NONE', #1368, 6.000000000000005329 ) ;
#2024 = DIRECTION ( 'NONE',  ( -1.000000000000000000, 0.000000000000000000, 0.000000000000000000 ) ) ;
#2025 = DATE_AND_TIME ( #2256, #2830 ) ;
#2026 = EDGE_LOOP ( 'NONE', ( #2042, #2575, #1406, #2275 ) ) ;
#2027 = ORIENTED_EDGE ( 'NONE', *, *, #2741, .F. ) ;
#2028 = FACE_BOUND ( 'NONE', #1272, .T. ) ;
#2029 = LINE ( 'NONE', #3410, #2364 ) ;
#2030 = VERTEX_POINT ( 'NONE', #3459 ) ;
#2031 = ORIENTED_EDGE ( 'NONE', *, *, #818, .T. ) ;
#2032 = CARTESIAN_POINT ( 'NONE',  ( 87.05476400856565533, 111.0378652032192264, 15.00000000000000000 ) ) ;
#2033 = EDGE_CURVE ( 'NONE', #1013, #2269, #3191, .T. ) ;
#2034 = CARTESIAN_POINT ( 'NONE',  ( 84.55476400857101282, 16.03786520321925835, 20.00000000000000000 ) ) ;
#2035 = VERTEX_POINT ( 'NONE', #2677 ) ;
#2036 = LINE ( 'NONE', #3077, #3042 ) ;
#2037 = EDGE_CURVE ( 'NONE', #1265, #3412, #3178, .T. ) ;
#2038 = DIRECTION ( 'NONE',  ( 0.000000000000000000, 0.000000000000000000, -1.000000000000000000 ) ) ;
#2039 = ORIENTED_EDGE ( 'NONE', *, *, #1104, .T. ) ;
#2040 = DIRECTION ( 'NONE',  ( -1.000000000000000000, 0.000000000000000000, 0.000000000000000000 ) ) ;
#2041 = ORIENTED_EDGE ( 'NONE', *, *, #3519, .F. ) ;
#2042 = ORIENTED_EDGE ( 'NONE', *, *, #2564, .F. ) ;
#2043 = CARTESIAN_POINT ( 'NONE',  ( 84.55476400857101282, 86.03786520321301623, 0.000000000000000000 ) ) ;
#2044 = DIRECTION ( 'NONE',  ( 0.000000000000000000, -0.000000000000000000, -1.000000000000000000 ) ) ;
#2045 = VERTEX_POINT ( 'NONE', #1300 ) ;
#2046 = ORIENTED_EDGE ( 'NONE', *, *, #967, .F. ) ;
#2047 = CARTESIAN_POINT ( 'NONE',  ( 117.0547640085710128, 41.03786520321301623, 15.00000000000000000 ) ) ;
#2048 = DIRECTION ( 'NONE',  ( -1.000000000000000000, 0.000000000000000000, 0.000000000000000000 ) ) ;
#2049 = ADVANCED_FACE ( 'NONE', ( #679 ), #1553, .F. ) ;
#2050 = ORIENTED_EDGE ( 'NONE', *, *, #2222, .T. ) ;
#2051 = CARTESIAN_POINT ( 'NONE',  ( 89.05476400857227759, 16.03786520321925835, 20.00000000000000000 ) ) ;
#2052 = DIRECTION ( 'NONE',  ( -0.000000000000000000, -0.000000000000000000, -1.000000000000000000 ) ) ;
#2053 = VERTEX_POINT ( 'NONE', #416 ) ;
#2054 = CARTESIAN_POINT ( 'NONE',  ( 129.5138863796576629, 111.0611826816691945, 20.00000000000000000 ) ) ;
#2055 = VECTOR ( 'NONE', #258, 1000.000000000000000 ) ;
#2056 = CARTESIAN_POINT ( 'NONE',  ( 42.05476400857100572, 86.03786520321301623, 0.000000000000000000 ) ) ;
#2057 = EDGE_LOOP ( 'NONE', ( #2492, #2844 ) ) ;
#2058 = VECTOR ( 'NONE', #3344, 1000.000000000000000 ) ;
#2059 = CARTESIAN_POINT ( 'NONE',  ( 121.5582085043825913, 35.03786520321300912, 15.00000000000000000 ) ) ;
#2060 = DIRECTION ( 'NONE',  ( 1.000000000000000000, 0.000000000000000000, 0.000000000000000000 ) ) ;
#2061 = CARTESIAN_POINT ( 'NONE',  ( 67.35476564381643527, 58.23786520321409910, 15.00000000000000000 ) ) ;
#2062 = ORIENTED_EDGE ( 'NONE', *, *, #1505, .F. ) ;
#2063 = AXIS2_PLACEMENT_3D ( 'NONE', #384, #1464, #2570 ) ;
#2064 = CIRCLE ( 'NONE', #3212, 0.6499999999999978018 ) ;
#2065 = ORIENTED_EDGE ( 'NONE', *, *, #501, .T. ) ;
#2066 = DIRECTION ( 'NONE',  ( 0.000000000000000000, 0.000000000000000000, -1.000000000000000000 ) ) ;
#2067 = CARTESIAN_POINT ( 'NONE',  ( 46.05476400857100572, 41.03786520321301623, 15.00000000000000000 ) ) ;
#2068 = CIRCLE ( 'NONE', #120, 0.6499999999999978018 ) ;
#2069 = ORIENTED_EDGE ( 'NONE', *, *, #1785, .T. ) ;
#2070 = AXIS2_PLACEMENT_3D ( 'NONE', #778, #411, #431 ) ;
#2071 = DIRECTION ( 'NONE',  ( -1.000000000000000000, 0.000000000000000000, 0.000000000000000000 ) ) ;
#2072 = EDGE_CURVE ( 'NONE', #1092, #2045, #697, .T. ) ;
#2073 = VECTOR ( 'NONE', #1780, 1000.000000000000000 ) ;
#2074 = DIRECTION ( 'NONE',  ( -1.000000000000000000, 0.000000000000000000, 0.000000000000000000 ) ) ;
#2075 = AXIS2_PLACEMENT_3D ( 'NONE', #1758, #3374, #2048 ) ;
#2076 = LINE ( 'NONE', #714, #979 ) ;
#2077 = ADVANCED_FACE ( 'NONE', ( #2608, #2927 ), #1531, .T. ) ;
#2078 = PERSON_AND_ORGANIZATION ( #1971, #873 ) ;
#2079 = ORIENTED_EDGE ( 'NONE', *, *, #1472, .F. ) ;
#2080 = DIRECTION ( 'NONE',  ( -0.000000000000000000, -0.000000000000000000, -1.000000000000000000 ) ) ;
#2081 = EDGE_CURVE ( 'NONE', #3211, #3103, #1489, .T. ) ;
#2082 = CARTESIAN_POINT ( 'NONE',  ( 84.55476400857101282, 16.03786520321925835, 20.00000000000000000 ) ) ;
#2083 = VECTOR ( 'NONE', #1069, 1000.000000000000000 ) ;
#2084 = ORIENTED_EDGE ( 'NONE', *, *, #3015, .F. ) ;
#2085 = VERTEX_POINT ( 'NONE', #2368 ) ;
#2086 = DIRECTION ( 'NONE',  ( 1.000000000000000000, 0.000000000000000000, 0.000000000000000000 ) ) ;
#2087 = CARTESIAN_POINT ( 'NONE',  ( 117.0547640085710128, 86.03786520321301623, 4.000000000000000000 ) ) ;
#2088 = ORIENTED_EDGE ( 'NONE', *, *, #1124, .T. ) ;
#2089 = CARTESIAN_POINT ( 'NONE',  ( 34.55476400857105546, 33.03786520321305886, 12.00000000000000000 ) ) ;
#2090 = DIRECTION ( 'NONE',  ( -0.000000000000000000, -0.000000000000000000, -1.000000000000000000 ) ) ;
#2091 = EDGE_CURVE ( 'NONE', #744, #1433, #2184, .T. ) ;
#2092 = DIRECTION ( 'NONE',  ( 0.000000000000000000, 0.000000000000000000, -1.000000000000000000 ) ) ;
#2093 = ORIENTED_EDGE ( 'NONE', *, *, #1975, .T. ) ;
#2094 = EDGE_CURVE ( 'NONE', #947, #3261, #526, .T. ) ;
#2095 = DIRECTION ( 'NONE',  ( -0.000000000000000000, -0.000000000000000000, -1.000000000000000000 ) ) ;
#2096 = DIRECTION ( 'NONE',  ( -0.000000000000000000, -1.000000000000000000, -0.000000000000000000 ) ) ;
#2097 = PLANE ( 'NONE',  #3451 ) ;
#2098 = VERTEX_POINT ( 'NONE', #2148 ) ;
#2099 = ADVANCED_FACE ( 'NONE', ( #1033 ), #504, .F. ) ;
#2100 = ORIENTED_EDGE ( 'NONE', *, *, #2741, .T. ) ;
#2101 = DIRECTION ( 'NONE',  ( -1.000000000000000000, 0.000000000000000000, 0.000000000000000000 ) ) ;
#2102 = FACE_OUTER_BOUND ( 'NONE', #491, .T. ) ;
#2103 = EDGE_LOOP ( 'NONE', ( #348, #295, #2031, #766 ) ) ;
#2104 = FACE_OUTER_BOUND ( 'NONE', #1573, .T. ) ;
#2105 = DIRECTION ( 'NONE',  ( 1.000000000000000000, 0.000000000000000000, -0.000000000000000000 ) ) ;
#2106 = VERTEX_POINT ( 'NONE', #799 ) ;
#2107 = EDGE_CURVE ( 'NONE', #3235, #1912, #1052, .T. ) ;
#2108 = FACE_OUTER_BOUND ( 'NONE', #1550, .T. ) ;
#2109 = PLANE ( 'NONE',  #241 ) ;
#2110 = DIRECTION ( 'NONE',  ( -0.000000000000000000, -0.000000000000000000, 1.000000000000000000 ) ) ;
#2111 = ORIENTED_EDGE ( 'NONE', *, *, #716, .F. ) ;
#2112 = ADVANCED_FACE ( 'NONE', ( #3020 ), #2130, .F. ) ;
#2113 = AXIS2_PLACEMENT_3D ( 'NONE', #1037, #2151, #1925 ) ;
#2114 = VERTEX_POINT ( 'NONE', #1921 ) ;
#2115 = CIRCLE ( 'NONE', #629, 3.000000000000002665 ) ;
#2116 = DIRECTION ( 'NONE',  ( 1.000000000000000000, 0.000000000000000000, 0.000000000000000000 ) ) ;
#2117 = FACE_OUTER_BOUND ( 'NONE', #2980, .T. ) ;
#2118 = ORIENTED_EDGE ( 'NONE', *, *, #1104, .F. ) ;
#2119 = AXIS2_PLACEMENT_3D ( 'NONE', #1198, #2553, #1723 ) ;
#2120 = VECTOR ( 'NONE', #2052, 1000.000000000000000 ) ;
#2121 = VERTEX_POINT ( 'NONE', #1105 ) ;
#2122 = CARTESIAN_POINT ( 'NONE',  ( 52.05476400857100572, 41.03786520321301623, 4.000000000000000000 ) ) ;
#2123 = LINE ( 'NONE', #2960, #1139 ) ;
#2124 = CIRCLE ( 'NONE', #1841, 6.000000000000005329 ) ;
#2125 = AXIS2_PLACEMENT_3D ( 'NONE', #731, #2329, #2060 ) ;
#2126 = CIRCLE ( 'NONE', #1608, 10.00000000000000888 ) ;
#2127 = ORIENTED_EDGE ( 'NONE', *, *, #2938, .F. ) ;
#2128 = AXIS2_PLACEMENT_3D ( 'NONE', #635, #1199, #3131 ) ;
#2129 = CARTESIAN_POINT ( 'NONE',  ( 52.05476400857100572, 41.03786520321301623, 15.00000000000000000 ) ) ;
#2130 = CYLINDRICAL_SURFACE ( 'NONE', #638, 2.500000000000002220 ) ;
#2131 = CARTESIAN_POINT ( 'NONE',  ( 68.00476564381639832, 60.38786520321409768, 15.00000000000000000 ) ) ;
#2132 = VERTEX_POINT ( 'NONE', #3488 ) ;
#2133 = AXIS2_PLACEMENT_3D ( 'NONE', #2082, #3179, #2624 ) ;
#2134 = ADVANCED_FACE ( 'NONE', ( #1629 ), #3231, .F. ) ;
#2135 = CARTESIAN_POINT ( 'NONE',  ( 68.65476564381638980, 60.38786520321409768, 0.000000000000000000 ) ) ;
#2136 = ORIENTED_EDGE ( 'NONE', *, *, #1281, .T. ) ;
#2137 = CC_DESIGN_APPROVAL ( #3381, ( #3169 ) ) ;
#2138 = DIRECTION ( 'NONE',  ( -1.000000000000000000, 0.000000000000000000, 0.000000000000000000 ) ) ;
#2139 = CYLINDRICAL_SURFACE ( 'NONE', #1043, 0.6499999999999978018 ) ;
#2140 = ORIENTED_EDGE ( 'NONE', *, *, #2366, .T. ) ;
#2141 = ADVANCED_FACE ( 'NONE', ( #768 ), #1868, .F. ) ;
#2142 = ORIENTED_EDGE ( 'NONE', *, *, #2696, .F. ) ;
#2143 = LINE ( 'NONE', #444, #2004 ) ;
#2144 = FACE_OUTER_BOUND ( 'NONE', #1520, .T. ) ;
#2145 = ADVANCED_FACE ( 'NONE', ( #1320 ), #1391, .F. ) ;
#2146 = VERTEX_POINT ( 'NONE', #2437 ) ;
#2147 = DIRECTION ( 'NONE',  ( 0.000000000000000000, 0.000000000000000000, -1.000000000000000000 ) ) ;
#2148 = CARTESIAN_POINT ( 'NONE',  ( 132.0138863796576629, 111.0611826816691945, 20.00000000000000000 ) ) ;
#2149 = FACE_OUTER_BOUND ( 'NONE', #807, .T. ) ;
#2150 = VERTEX_POINT ( 'NONE', #1906 ) ;
#2151 = DIRECTION ( 'NONE',  ( 0.000000000000000000, 0.000000000000000000, 1.000000000000000000 ) ) ;
#2152 = VERTEX_POINT ( 'NONE', #1936 ) ;
#2153 = FACE_OUTER_BOUND ( 'NONE', #2206, .T. ) ;
#2154 = DIRECTION ( 'NONE',  ( 0.000000000000000000, 0.000000000000000000, -1.000000000000000000 ) ) ;
#2155 = ORIENTED_EDGE ( 'NONE', *, *, #1672, .T. ) ;
#2156 = ORIENTED_EDGE ( 'NONE', *, *, #2745, .F. ) ;
#2157 = CARTESIAN_POINT ( 'NONE',  ( 84.55476400856565533, 111.0378652032192264, 20.00000000000000000 ) ) ;
#2158 = LINE ( 'NONE', #3256, #2654 ) ;
#2159 = EDGE_CURVE ( 'NONE', #3334, #2957, #2068, .T. ) ;
#2160 = DIRECTION ( 'NONE',  ( -0.000000000000000000, -0.000000000000000000, -1.000000000000000000 ) ) ;
#2161 = ORIENTED_EDGE ( 'NONE', *, *, #2652, .T. ) ;
#2162 = EDGE_CURVE ( 'NONE', #1316, #3167, #1783, .T. ) ;
#2163 = CARTESIAN_POINT ( 'NONE',  ( 36.55476400857104835, 94.03786520321300202, 12.00000000000000000 ) ) ;
#2164 = DIRECTION ( 'NONE',  ( 0.000000000000000000, 0.000000000000000000, -1.000000000000000000 ) ) ;
#2165 = DIRECTION ( 'NONE',  ( 0.000000000000000000, 0.000000000000000000, -1.000000000000000000 ) ) ;
#2166 = ORIENTED_EDGE ( 'NONE', *, *, #1281, .F. ) ;
#2167 = DIRECTION ( 'NONE',  ( 0.000000000000000000, 0.000000000000000000, 1.000000000000000000 ) ) ;
#2168 = EDGE_LOOP ( 'NONE', ( #3509, #615, #3238, #594 ) ) ;
#2169 = DIRECTION ( 'NONE',  ( -1.000000000000000000, 0.000000000000000000, 0.000000000000000000 ) ) ;
#2170 = FACE_BOUND ( 'NONE', #3041, .T. ) ;
#2171 = CIRCLE ( 'NONE', #3040, 4.500000000001266542 ) ;
#2172 = EDGE_LOOP ( 'NONE', ( #106, #232, #970, #1576 ) ) ;
#2173 = AXIS2_PLACEMENT_3D ( 'NONE', #1864, #1547, #2962 ) ;
#2174 = ORIENTED_EDGE ( 'NONE', *, *, #501, .F. ) ;
#2175 = DIRECTION ( 'NONE',  ( -0.000000000000000000, -0.000000000000000000, -1.000000000000000000 ) ) ;
#2176 = DIRECTION ( 'NONE',  ( -0.000000000000000000, -0.000000000000000000, -1.000000000000000000 ) ) ;
#2177 = AXIS2_PLACEMENT_3D ( 'NONE', #3373, #915, #2014 ) ;
#2178 = AXIS2_PLACEMENT_3D ( 'NONE', #2163, #1904, #3003 ) ;
#2179 = VECTOR ( 'NONE', #2194, 1000.000000000000000 ) ;
#2180 = DIRECTION ( 'NONE',  ( 0.000000000000000000, 0.000000000000000000, -1.000000000000000000 ) ) ;
#2181 = AXIS2_PLACEMENT_3D ( 'NONE', #675, #3099, #941 ) ;
#2182 = EDGE_CURVE ( 'NONE', #1793, #3023, #3442, .T. ) ;
#2183 = ORIENTED_EDGE ( 'NONE', *, *, #438, .T. ) ;
#2184 = CIRCLE ( 'NONE', #1146, 10.00000000000000178 ) ;
#2185 = EDGE_CURVE ( 'NONE', #290, #760, #3496, .T. ) ;
#2186 = AXIS2_PLACEMENT_3D ( 'NONE', #3031, #584, #299 ) ;
#2187 = CARTESIAN_POINT ( 'NONE',  ( 117.0547640085710128, 63.53786520321301623, 0.000000000000000000 ) ) ;
#2188 = CARTESIAN_POINT ( 'NONE',  ( 47.55820850438262681, 31.03786520321301268, 24.00000000000000000 ) ) ;
#2189 = ORIENTED_EDGE ( 'NONE', *, *, #438, .F. ) ;
#2190 = AXIS2_PLACEMENT_3D ( 'NONE', #3514, #2355, #1524 ) ;
#2191 = EDGE_CURVE ( 'NONE', #1332, #102, #1902, .T. ) ;
#2192 = FACE_OUTER_BOUND ( 'NONE', #48, .T. ) ;
#2193 = ORIENTED_EDGE ( 'NONE', *, *, #868, .T. ) ;
#2194 = DIRECTION ( 'NONE',  ( -0.000000000000000000, -0.000000000000000000, -1.000000000000000000 ) ) ;
#2195 = CYLINDRICAL_SURFACE ( 'NONE', #2308, 10.00000000000000178 ) ;
#2196 = AXIS2_PLACEMENT_3D ( 'NONE', #3127, #417, #876 ) ;
#2197 = EDGE_LOOP ( 'NONE', ( #796, #1778 ) ) ;
#2198 = AXIS2_PLACEMENT_3D ( 'NONE', #543, #2165, #1907 ) ;
#2199 = ORIENTED_EDGE ( 'NONE', *, *, #3015, .T. ) ;
#2200 = FACE_OUTER_BOUND ( 'NONE', #2026, .T. ) ;
#2201 = CARTESIAN_POINT ( 'NONE',  ( 139.5547640085710270, 13.53786520321302156, 14.00000000000000000 ) ) ;
#2202 = DIRECTION ( 'NONE',  ( -1.000000000000000000, 0.000000000000000000, 0.000000000000000000 ) ) ;
#2203 = ADVANCED_FACE ( 'NONE', ( #1587 ), #2692, .F. ) ;
#2204 = DIRECTION ( 'NONE',  ( -1.000000000000000000, 0.000000000000000000, 0.000000000000000000 ) ) ;
#2205 = CYLINDRICAL_SURFACE ( 'NONE', #1273, 10.00000000000000178 ) ;
#2206 = EDGE_LOOP ( 'NONE', ( #1592, #3288, #339, #1851 ) ) ;
#2207 = ORIENTED_EDGE ( 'NONE', *, *, #41, .T. ) ;
#2208 = CARTESIAN_POINT ( 'NONE',  ( 121.5582085043825629, 31.03786520321300912, 24.00000000000000000 ) ) ;
#2209 = DIRECTION ( 'NONE',  ( -0.000000000000000000, -0.000000000000000000, -1.000000000000000000 ) ) ;
#2210 = ORIENTED_EDGE ( 'NONE', *, *, #1953, .T. ) ;
#2211 = ADVANCED_FACE ( 'NONE', ( #784, #1885 ), #1340, .T. ) ;
#2212 = ORIENTED_EDGE ( 'NONE', *, *, #1429, .T. ) ;
#2213 = DIRECTION ( 'NONE',  ( 0.000000000000000000, 0.000000000000000000, -1.000000000000000000 ) ) ;
#2214 = DIRECTION ( 'NONE',  ( -1.000000000000000000, 0.000000000000000000, 0.000000000000000000 ) ) ;
#2215 = EDGE_CURVE ( 'NONE', #341, #2512, #1090, .T. ) ;
#2216 = DIRECTION ( 'NONE',  ( -0.000000000000000000, -0.000000000000000000, -1.000000000000000000 ) ) ;
#2217 = CARTESIAN_POINT ( 'NONE',  ( 129.5138863796576629, 111.0611826816691945, 20.00000000000000000 ) ) ;
#2218 = DIRECTION ( 'NONE',  ( 1.000000000000000000, 0.000000000000000000, 0.000000000000000000 ) ) ;
#2219 = ORIENTED_EDGE ( 'NONE', *, *, #2185, .F. ) ;
#2220 = ORIENTED_EDGE ( 'NONE', *, *, #3176, .F. ) ;
#2221 = CARTESIAN_POINT ( 'NONE',  ( 0.000000000000000000, 26.03786520321302334, 0.000000000000000000 ) ) ;
#2222 = EDGE_CURVE ( 'NONE', #490, #1156, #1677, .T. ) ;
#2223 = CARTESIAN_POINT ( 'NONE',  ( 52.05476400857100572, 41.03786520321301623, 4.000000000000000000 ) ) ;
#2224 = VERTEX_POINT ( 'NONE', #1733 ) ;
#2225 = VERTEX_POINT ( 'NONE', #1405 ) ;
#2226 = PLANE ( 'NONE',  #912 ) ;
#2227 = ADVANCED_FACE ( 'NONE', ( #1421 ), #1132, .F. ) ;
#2228 = DIRECTION ( 'NONE',  ( 1.000000000000000000, 0.000000000000000000, 0.000000000000000000 ) ) ;
#2229 = CIRCLE ( 'NONE', #2576, 6.000000000000005329 ) ;
#2230 = LINE ( 'NONE', #1949, #1769 ) ;
#2231 = ADVANCED_FACE ( 'NONE', ( #1441 ), #870, .F. ) ;
#2232 = CARTESIAN_POINT ( 'NONE',  ( 130.5547640085710270, 94.03786520321300202, 12.00000000000000000 ) ) ;
#2233 = CIRCLE ( 'NONE', #2465, 0.6499999999999978018 ) ;
#2234 = AXIS2_PLACEMENT_3D ( 'NONE', #3196, #1559, #1289 ) ;
#2235 = CIRCLE ( 'NONE', #347, 2.750000000000002665 ) ;
#2236 = DIRECTION ( 'NONE',  ( -1.000000000000000000, 0.000000000000000000, 0.000000000000000000 ) ) ;
#2237 = AXIS2_PLACEMENT_3D ( 'NONE', #965, #2066, #2682 ) ;
#2238 = ORIENTED_EDGE ( 'NONE', *, *, #567, .T. ) ;
#2239 = CIRCLE ( 'NONE', #2125, 0.6499999999999978018 ) ;
#2240 = VERTEX_POINT ( 'NONE', #3310 ) ;
#2241 = DIRECTION ( 'NONE',  ( -1.000000000000000000, 0.000000000000000000, 0.000000000000000000 ) ) ;
#2242 = ORIENTED_EDGE ( 'NONE', *, *, #1394, .T. ) ;
#2243 = AXIS2_PLACEMENT_3D ( 'NONE', #2288, #660, #3347 ) ;
#2244 = ADVANCED_FACE ( 'NONE', ( #2503 ), #1750, .F. ) ;
#2245 = ORIENTED_EDGE ( 'NONE', *, *, #2516, .T. ) ;
#2246 = AXIS2_PLACEMENT_3D ( 'NONE', #535, #1127, #2228 ) ;
#2247 = CARTESIAN_POINT ( 'NONE',  ( 134.0547640085668206, 16.03786520321703790, 20.00000000000000000 ) ) ;
#2248 = CARTESIAN_POINT ( 'NONE',  ( 58.05476400857101282, 86.03786520321301623, 15.00000000000000000 ) ) ;
#2249 = CIRCLE ( 'NONE', #1852, 5.000000000000004441 ) ;
#2250 = DIRECTION ( 'NONE',  ( -0.000000000000000000, -0.000000000000000000, -1.000000000000000000 ) ) ;
#2251 = FACE_BOUND ( 'NONE', #3260, .T. ) ;
#2252 = LOCAL_TIME ( 10, 10, 51.00000000000000000, #728 ) ;
#2253 = EDGE_CURVE ( 'NONE', #1810, #874, #356, .T. ) ;
#2254 = DIRECTION ( 'NONE',  ( -0.000000000000000000, -0.000000000000000000, -1.000000000000000000 ) ) ;
#2255 = DIRECTION ( 'NONE',  ( -0.000000000000000000, -0.000000000000000000, -1.000000000000000000 ) ) ;
#2256 = CALENDAR_DATE ( 2026, 19, 8 ) ;
#2257 = VERTEX_POINT ( 'NONE', #3051 ) ;
#2258 = VERTEX_POINT ( 'NONE', #1169 ) ;
#2259 = DIRECTION ( 'NONE',  ( -1.000000000000000000, 0.000000000000000000, 0.000000000000000000 ) ) ;
#2260 = CARTESIAN_POINT ( 'NONE',  ( 34.55476400857101282, 13.53786520321302156, 15.00000000000000000 ) ) ;
#2261 = ORIENTED_EDGE ( 'NONE', *, *, #351, .T. ) ;
#2262 = ORIENTED_EDGE ( 'NONE', *, *, #3431, .T. ) ;
#2263 = CARTESIAN_POINT ( 'NONE',  ( 129.5138863796576629, 111.0611826816691945, 20.00000000000000000 ) ) ;
#2264 = DIRECTION ( 'NONE',  ( 0.000000000000000000, -1.000000000000000000, 0.000000000000000000 ) ) ;
#2265 = EDGE_CURVE ( 'NONE', #3466, #2035, #3388, .T. ) ;
#2266 = DIRECTION ( 'NONE',  ( -1.000000000000000000, 0.000000000000000000, 0.000000000000000000 ) ) ;
#2267 = FACE_BOUND ( 'NONE', #250, .T. ) ;
#2268 = EDGE_CURVE ( 'NONE', #1979, #1151, #2358, .T. ) ;
#2269 = VERTEX_POINT ( 'NONE', #608 ) ;
#2270 = DIRECTION ( 'NONE',  ( -0.000000000000000000, -0.000000000000000000, -1.000000000000000000 ) ) ;
#2271 = DIRECTION ( 'NONE',  ( -0.000000000000000000, -0.000000000000000000, -1.000000000000000000 ) ) ;
#2272 = EDGE_CURVE ( 'NONE', #623, #2653, #1692, .T. ) ;
#2273 = CALENDAR_DATE ( 2026, 19, 8 ) ;
#2274 = ORIENTED_EDGE ( 'NONE', *, *, #1726, .F. ) ;
#2275 = ORIENTED_EDGE ( 'NONE', *, *, #2006, .T. ) ;
#2276 = LINE ( 'NONE', #2009, #2937 ) ;
#2277 = EDGE_CURVE ( 'NONE', #1858, #2114, #2126, .T. ) ;
#2278 = FACE_OUTER_BOUND ( 'NONE', #3392, .T. ) ;
#2279 = ORIENTED_EDGE ( 'NONE', *, *, #595, .T. ) ;
#2280 = ORIENTED_EDGE ( 'NONE', *, *, #1348, .T. ) ;
#2281 = CARTESIAN_POINT ( 'NONE',  ( 70.75476564381648359, 67.03786520321406783, 15.00000000000000000 ) ) ;
#2282 = DIRECTION ( 'NONE',  ( -0.000000000000000000, -0.000000000000000000, -1.000000000000000000 ) ) ;
#2283 = CARTESIAN_POINT ( 'NONE',  ( 84.55476400857101282, 16.03786520321925835, 20.00000000000000000 ) ) ;
#2284 = CYLINDRICAL_SURFACE ( 'NONE', #352, 4.000000000000003553 ) ;
#2285 = AXIS2_PLACEMENT_3D ( 'NONE', #508, #1420, #3268 ) ;
#2286 = AXIS2_PLACEMENT_3D ( 'NONE', #1353, #2449, #1080 ) ;
#2287 = DIRECTION ( 'NONE',  ( 0.000000000000000000, 0.000000000000000000, -1.000000000000000000 ) ) ;
#2288 = CARTESIAN_POINT ( 'NONE',  ( 34.55476400857101282, 113.5378652032130162, 24.00000000000000000 ) ) ;
#2289 = DIRECTION ( 'NONE',  ( 0.000000000000000000, 0.000000000000000000, 1.000000000000000000 ) ) ;
#2290 = VERTEX_POINT ( 'NONE', #338 ) ;
#2291 = AXIS2_PLACEMENT_3D ( 'NONE', #3114, #653, #2845 ) ;
#2292 = AXIS2_PLACEMENT_3D ( 'NONE', #1862, #2942, #2360 ) ;
#2293 = FACE_BOUND ( 'NONE', #2758, .T. ) ;
#2294 = AXIS2_PLACEMENT_3D ( 'NONE', #1073, #3314, #1593 ) ;
#2295 = DIRECTION ( 'NONE',  ( 0.000000000000000000, -0.000000000000000000, -1.000000000000000000 ) ) ;
#2296 = CARTESIAN_POINT ( 'NONE',  ( 35.05476400856434793, 16.03786520321925835, 20.00000000000000000 ) ) ;
#2297 = ORIENTED_EDGE ( 'NONE', *, *, #1258, .F. ) ;
#2298 = CIRCLE ( 'NONE', #3277, 2.750000000000002665 ) ;
#2299 = EDGE_CURVE ( 'NONE', #3123, #3199, #1381, .T. ) ;
#2300 = ORIENTED_EDGE ( 'NONE', *, *, #122, .T. ) ;
#2301 = DIRECTION ( 'NONE',  ( -1.000000000000000000, 0.000000000000000000, 0.000000000000000000 ) ) ;
#2302 = CARTESIAN_POINT ( 'NONE',  ( 134.5547640085709986, 8.537865203213018006, 24.00000000000000000 ) ) ;
#2303 = CIRCLE ( 'NONE', #1264, 10.00000000000000888 ) ;
#2304 = AXIS2_PLACEMENT_3D ( 'NONE', #1537, #1560, #1328 ) ;
#2305 = CARTESIAN_POINT ( 'NONE',  ( 52.05476400857100572, 86.03786520321301623, 15.00000000000000000 ) ) ;
#2306 = CYLINDRICAL_SURFACE ( 'NONE', #2352, 2.500000000000002220 ) ;
#2307 = EDGE_LOOP ( 'NONE', ( #2062, #1604, #1751, #1020 ) ) ;
#2308 = AXIS2_PLACEMENT_3D ( 'NONE', #2223, #3529, #578 ) ;
#2309 = AXIS2_PLACEMENT_3D ( 'NONE', #1709, #2002, #1133 ) ;
#2310 = DIRECTION ( 'NONE',  ( 0.000000000000000000, -1.000000000000000000, 0.000000000000000000 ) ) ;
#2311 = DIRECTION ( 'NONE',  ( -1.000000000000000000, 0.000000000000000000, 0.000000000000000000 ) ) ;
#2312 = PERSON_AND_ORGANIZATION ( #1971, #873 ) ;
#2313 = ORIENTED_EDGE ( 'NONE', *, *, #386, .F. ) ;
#2314 = ADVANCED_FACE ( 'NONE', ( #3081 ), #901, .T. ) ;
#2315 = FACE_BOUND ( 'NONE', #1038, .T. ) ;
#2316 = CARTESIAN_POINT ( 'NONE',  ( 134.0138863796589135, 111.0611826816691945, 14.00000000000000000 ) ) ;
#2317 = DIRECTION ( 'NONE',  ( 0.000000000000000000, -0.000000000000000000, -1.000000000000000000 ) ) ;
#2318 = VERTEX_POINT ( 'NONE', #592 ) ;
#2319 = ORIENTED_EDGE ( 'NONE', *, *, #1748, .F. ) ;
#2320 = CARTESIAN_POINT ( 'NONE',  ( 87.30476400857101282, 86.03786520321301623, 15.00000000000000000 ) ) ;
#2321 = DIRECTION ( 'NONE',  ( -0.000000000000000000, -0.000000000000000000, -1.000000000000000000 ) ) ;
#2322 = ORIENTED_EDGE ( 'NONE', *, *, #1285, .T. ) ;
#2323 = DIRECTION ( 'NONE',  ( -1.000000000000000000, 0.000000000000000000, 0.000000000000000000 ) ) ;
#2324 = DIRECTION ( 'NONE',  ( -0.000000000000000000, -0.000000000000000000, -1.000000000000000000 ) ) ;
#2325 = ORIENTED_EDGE ( 'NONE', *, *, #1590, .T. ) ;
#2326 = CARTESIAN_POINT ( 'NONE',  ( 29.55476400857101638, 13.53786520321305709, 0.000000000000000000 ) ) ;
#2327 = VERTEX_POINT ( 'NONE', #391 ) ;
#2328 = EDGE_LOOP ( 'NONE', ( #1462, #559, #279, #1218 ) ) ;
#2329 = DIRECTION ( 'NONE',  ( 0.000000000000000000, 0.000000000000000000, 1.000000000000000000 ) ) ;
#2330 = LINE ( 'NONE', #2061, #2826 ) ;
#2331 = ORIENTED_EDGE ( 'NONE', *, *, #168, .T. ) ;
#2332 = ORIENTED_EDGE ( 'NONE', *, *, #2162, .F. ) ;
#2333 = DIRECTION ( 'NONE',  ( -0.000000000000000000, -0.000000000000000000, -1.000000000000000000 ) ) ;
#2334 = FACE_OUTER_BOUND ( 'NONE', #3022, .T. ) ;
#2335 = EDGE_CURVE ( 'NONE', #1054, #1804, #621, .T. ) ;
#2336 = ORIENTED_EDGE ( 'NONE', *, *, #386, .T. ) ;
#2337 = CARTESIAN_POINT ( 'NONE',  ( 42.05476400857100572, 41.03786520321301623, 4.000000000000000000 ) ) ;
#2338 = CARTESIAN_POINT ( 'NONE',  ( 36.55476400857104835, 94.03786520321300202, 12.00000000000000000 ) ) ;
#2339 = ADVANCED_FACE ( 'NONE', ( #359, #34 ), #1116, .T. ) ;
#2340 = FACE_OUTER_BOUND ( 'NONE', #3293, .T. ) ;
#2341 = AXIS2_PLACEMENT_3D ( 'NONE', #823, #3526, #1871 ) ;
#2342 = DIRECTION ( 'NONE',  ( -0.000000000000000000, -0.000000000000000000, -1.000000000000000000 ) ) ;
#2343 = ORIENTED_EDGE ( 'NONE', *, *, #3030, .T. ) ;
#2344 = VECTOR ( 'NONE', #427, 1000.000000000000000 ) ;
#2345 = DIRECTION ( 'NONE',  ( -0.000000000000000000, -0.000000000000000000, -1.000000000000000000 ) ) ;
#2346 = DIRECTION ( 'NONE',  ( -1.000000000000000000, 0.000000000000000000, 0.000000000000000000 ) ) ;
#2347 = CYLINDRICAL_SURFACE ( 'NONE', #928, 5.000000000000004441 ) ;
#2348 = AXIS2_PLACEMENT_3D ( 'NONE', #2446, #2213, #1670 ) ;
#2349 = EDGE_LOOP ( 'NONE', ( #2825, #547, #2533, #1942 ) ) ;
#2350 = AXIS2_PLACEMENT_3D ( 'NONE', #336, #1688, #640 ) ;
#2351 = AXIS2_PLACEMENT_3D ( 'NONE', #2955, #3448, #2086 ) ;
#2352 = AXIS2_PLACEMENT_3D ( 'NONE', #1150, #673, #1762 ) ;
#2353 = ORIENTED_EDGE ( 'NONE', *, *, #3222, .F. ) ;
#2354 = DIRECTION ( 'NONE',  ( -1.000000000000000000, 0.000000000000000000, 0.000000000000000000 ) ) ;
#2355 = DIRECTION ( 'NONE',  ( -0.000000000000000000, -0.000000000000000000, 1.000000000000000000 ) ) ;
#2356 = CIRCLE ( 'NONE', #3158, 3.999999999999996447 ) ;
#2357 = VERTEX_POINT ( 'NONE', #1471 ) ;
#2358 = CIRCLE ( 'NONE', #532, 1.999999999999994893 ) ;
#2359 = DIRECTION ( 'NONE',  ( 0.000000000000000000, 0.000000000000000000, -1.000000000000000000 ) ) ;
#2360 = DIRECTION ( 'NONE',  ( -1.000000000000000000, 0.000000000000000000, 0.000000000000000000 ) ) ;
#2361 = EDGE_CURVE ( 'NONE', #3058, #2240, #699, .T. ) ;
#2362 = CIRCLE ( 'NONE', #1495, 4.500000000001266542 ) ;
#2363 = CARTESIAN_POINT ( 'NONE',  ( 89.05476400857227759, 16.03786520321925835, 14.00000000000000000 ) ) ;
#2364 = VECTOR ( 'NONE', #3336, 1000.000000000000000 ) ;
#2365 = ORIENTED_EDGE ( 'NONE', *, *, #832, .F. ) ;
#2366 = EDGE_CURVE ( 'NONE', #3228, #3123, #1047, .T. ) ;
#2367 = DIRECTION ( 'NONE',  ( 0.000000000000000000, -0.000000000000000000, -1.000000000000000000 ) ) ;
#2368 = CARTESIAN_POINT ( 'NONE',  ( 103.0047656438165262, 71.38786520321384899, 0.000000000000000000 ) ) ;
#2369 = CARTESIAN_POINT ( 'NONE',  ( 129.5547640085655701, 16.03786520321703790, 20.00000000000000000 ) ) ;
#2370 = VERTEX_POINT ( 'NONE', #498 ) ;
#2371 = ORIENTED_EDGE ( 'NONE', *, *, #242, .T. ) ;
#2372 = CARTESIAN_POINT ( 'NONE',  ( 39.55476400856561270, 16.03786520321925835, 15.00000000000000000 ) ) ;
#2373 = LINE ( 'NONE', #2915, #1097 ) ;
#2374 = ORIENTED_EDGE ( 'NONE', *, *, #779, .T. ) ;
#2375 = CARTESIAN_POINT ( 'NONE',  ( 84.55476400857101282, 16.03786520321925835, 20.00000000000000000 ) ) ;
#2376 = ADVANCED_FACE ( 'NONE', ( #2144 ), #3138, .F. ) ;
#2377 = CARTESIAN_POINT ( 'NONE',  ( 0.000000000000000000, 0.000000000000000000, 14.00000000000000000 ) ) ;
#2378 = DIRECTION ( 'NONE',  ( -1.000000000000000000, 0.000000000000000000, 0.000000000000000000 ) ) ;
#2379 = EDGE_CURVE ( 'NONE', #3082, #2152, #2710, .T. ) ;
#2380 = EDGE_LOOP ( 'NONE', ( #18, #1107, #1653, #2274 ) ) ;
#2381 = EDGE_CURVE ( 'NONE', #2035, #1177, #1062, .T. ) ;
#2382 = DIRECTION ( 'NONE',  ( 0.000000000000000000, 0.000000000000000000, -1.000000000000000000 ) ) ;
#2383 = CARTESIAN_POINT ( 'NONE',  ( 129.5547640085655701, 16.03786520321703790, 14.00000000000000000 ) ) ;
#2384 = DIRECTION ( 'NONE',  ( -0.000000000000000000, -0.000000000000000000, -1.000000000000000000 ) ) ;
#2385 = VERTEX_POINT ( 'NONE', #3421 ) ;
#2386 = ADVANCED_FACE ( 'NONE', ( #1580 ), #3404, .F. ) ;
#2387 = ORIENTED_EDGE ( 'NONE', *, *, #1040, .T. ) ;
#2388 = FACE_OUTER_BOUND ( 'NONE', #1658, .T. ) ;
#2389 = DIRECTION ( 'NONE',  ( 1.000000000000000000, 0.000000000000000000, 0.000000000000000000 ) ) ;
#2390 = ORIENTED_EDGE ( 'NONE', *, *, #560, .T. ) ;
#2391 = PLANE ( 'NONE',  #4 ) ;
#2392 = DIRECTION ( 'NONE',  ( -0.000000000000000000, -0.000000000000000000, -1.000000000000000000 ) ) ;
#2393 = DIRECTION ( 'NONE',  ( 1.000000000000000000, 0.000000000000000000, 0.000000000000000000 ) ) ;
#2394 = ORIENTED_EDGE ( 'NONE', *, *, #832, .T. ) ;
#2395 = PERSON_AND_ORGANIZATION_ROLE ( 'design_supplier' ) ;
#2396 = ORIENTED_EDGE ( 'NONE', *, *, #1111, .T. ) ;
#2397 = EDGE_CURVE ( 'NONE', #1644, #552, #1205, .T. ) ;
#2398 = DIRECTION ( 'NONE',  ( -0.000000000000000000, -0.000000000000000000, -1.000000000000000000 ) ) ;
#2399 = CARTESIAN_POINT ( 'NONE',  ( 38.55476400857104835, 33.03786520321305886, 12.00000000000000000 ) ) ;
#2400 = CYLINDRICAL_SURFACE ( 'NONE', #1503, 6.000000000000005329 ) ;
#2401 = ORIENTED_EDGE ( 'NONE', *, *, #782, .T. ) ;
#2402 = VECTOR ( 'NONE', #2090, 1000.000000000000000 ) ;
#2403 = DIRECTION ( 'NONE',  ( -0.000000000000000000, -0.000000000000000000, -1.000000000000000000 ) ) ;
#2404 = ORIENTED_EDGE ( 'NONE', *, *, #2006, .F. ) ;
#2405 = CARTESIAN_POINT ( 'NONE',  ( 37.65059727002839907, 64.01056688839513242, 35.31370849898474518 ) ) ;
#2406 = AXIS2_PLACEMENT_3D ( 'NONE', #448, #155, #3125 ) ;
#2407 = DIRECTION ( 'NONE',  ( -1.000000000000000000, 0.000000000000000000, -0.000000000000000000 ) ) ;
#2408 = ORIENTED_EDGE ( 'NONE', *, *, #2037, .T. ) ;
#2409 = EDGE_CURVE ( 'NONE', #2085, #3109, #2528, .T. ) ;
#2410 = AXIS2_PLACEMENT_3D ( 'NONE', #1932, #1077, #1365 ) ;
#2411 = AXIS2_PLACEMENT_3D ( 'NONE', #62, #80, #1182 ) ;
#2412 = EDGE_LOOP ( 'NONE', ( #1481, #3302, #2968, #2878 ) ) ;
#2413 = DIRECTION ( 'NONE',  ( 1.000000000000000000, 0.000000000000000000, 0.000000000000000000 ) ) ;
#2414 = CARTESIAN_POINT ( 'NONE',  ( 47.55820850438262681, 96.03786520321301623, 15.00000000000000000 ) ) ;
#2415 = VECTOR ( 'NONE', #1039, 1000.000000000000000 ) ;
#2416 = VECTOR ( 'NONE', #3424, 1000.000000000000000 ) ;
#2417 = CARTESIAN_POINT ( 'NONE',  ( 44.05476400856687746, 16.03786520321925835, 14.00000000000000000 ) ) ;
#2418 = VECTOR ( 'NONE', #2342, 1000.000000000000000 ) ;
#2419 = ORIENTED_EDGE ( 'NONE', *, *, #1219, .T. ) ;
#2420 = AXIS2_PLACEMENT_3D ( 'NONE', #1145, #1982, #1624 ) ;
#2421 = DIRECTION ( 'NONE',  ( -1.000000000000000000, 0.000000000000000000, 0.000000000000000000 ) ) ;
#2422 = DIRECTION ( 'NONE',  ( -0.000000000000000000, -0.000000000000000000, -1.000000000000000000 ) ) ;
#2423 = CARTESIAN_POINT ( 'NONE',  ( 67.35476564381640685, 60.38786520321409768, 15.00000000000000000 ) ) ;
#2424 = ORIENTED_EDGE ( 'NONE', *, *, #1562, .F. ) ;
#2425 = LINE ( 'NONE', #1071, #2513 ) ;
#2426 = ORIENTED_EDGE ( 'NONE', *, *, #2541, .T. ) ;
#2427 = CARTESIAN_POINT ( 'NONE',  ( 70.75476564381648359, 67.03786520321406783, 0.000000000000000000 ) ) ;
#2428 = DIRECTION ( 'NONE',  ( -1.000000000000000000, 0.000000000000000000, 0.000000000000000000 ) ) ;
#2429 = VERTEX_POINT ( 'NONE', #2686 ) ;
#2430 = ORIENTED_EDGE ( 'NONE', *, *, #78, .T. ) ;
#2431 = CARTESIAN_POINT ( 'NONE',  ( 43.55820850438259129, 35.03786520321304465, 15.00000000000000000 ) ) ;
#2432 = CARTESIAN_POINT ( 'NONE',  ( 134.5547640085709986, 118.5378652032130162, 24.00000000000000000 ) ) ;
#2433 = DIRECTION ( 'NONE',  ( 0.000000000000000000, 0.000000000000000000, -1.000000000000000000 ) ) ;
#2434 = ORIENTED_EDGE ( 'NONE', *, *, #2091, .F. ) ;
#2435 = ORIENTED_EDGE ( 'NONE', *, *, #3510, .T. ) ;
#2436 = DIRECTION ( 'NONE',  ( -1.000000000000000000, 0.000000000000000000, 0.000000000000000000 ) ) ;
#2437 = CARTESIAN_POINT ( 'NONE',  ( 34.55476400857104835, 8.537865203213021559, 24.00000000000000000 ) ) ;
#2438 = CARTESIAN_POINT ( 'NONE',  ( 0.000000000000000000, 0.000000000000000000, 14.00000000000000000 ) ) ;
#2439 = ORIENTED_EDGE ( 'NONE', *, *, #2473, .T. ) ;
#2440 = LINE ( 'NONE', #1889, #2055 ) ;
#2441 = ORIENTED_EDGE ( 'NONE', *, *, #2268, .T. ) ;
#2442 = DIRECTION ( 'NONE',  ( -0.000000000000000000, -0.000000000000000000, -1.000000000000000000 ) ) ;
#2443 = DIRECTION ( 'NONE',  ( 0.000000000000000000, 0.000000000000000000, 1.000000000000000000 ) ) ;
#2444 = EDGE_CURVE ( 'NONE', #1894, #2512, #2158, .T. ) ;
#2445 = ORIENTED_EDGE ( 'NONE', *, *, #2855, .F. ) ;
#2446 = CARTESIAN_POINT ( 'NONE',  ( 52.05476400857100572, 86.03786520321301623, 4.000000000000000000 ) ) ;
#2447 = FACE_OUTER_BOUND ( 'NONE', #770, .T. ) ;
#2448 = EDGE_CURVE ( 'NONE', #2800, #1883, #2471, .T. ) ;
#2449 = DIRECTION ( 'NONE',  ( -0.000000000000000000, -0.000000000000000000, -1.000000000000000000 ) ) ;
#2450 = EDGE_CURVE ( 'NONE', #2045, #1092, #1725, .T. ) ;
#2451 = DIRECTION ( 'NONE',  ( -1.000000000000000000, 0.000000000000000000, 0.000000000000000000 ) ) ;
#2452 = CYLINDRICAL_SURFACE ( 'NONE', #1103, 0.6499999999999978018 ) ;
#2453 = VERTEX_POINT ( 'NONE', #2414 ) ;
#2454 = CARTESIAN_POINT ( 'NONE',  ( 69.45476564381645801, 64.88786520321407636, 15.00000000000000000 ) ) ;
#2455 = ORIENTED_EDGE ( 'NONE', *, *, #1844, .T. ) ;
#2456 = CARTESIAN_POINT ( 'NONE',  ( 87.05476400856565533, 111.0378652032192264, 20.00000000000000000 ) ) ;
#2457 = CARTESIAN_POINT ( 'NONE',  ( 52.05476400857100572, 41.03786520321301623, 4.000000000000000000 ) ) ;
#2458 = CIRCLE ( 'NONE', #904, 4.000000000000003553 ) ;
#2459 = EDGE_LOOP ( 'NONE', ( #1249, #277, #2238, #2612 ) ) ;
#2460 = AXIS2_PLACEMENT_3D ( 'NONE', #3416, #1240, #403 ) ;
#2461 = ORIENTED_EDGE ( 'NONE', *, *, #3068, .F. ) ;
#2462 = DIRECTION ( 'NONE',  ( 0.000000000000000000, 0.000000000000000000, 1.000000000000000000 ) ) ;
#2463 = CARTESIAN_POINT ( 'NONE',  ( 29.55476400857101638, 13.53786520321305709, 15.00000000000000000 ) ) ;
#2464 = EDGE_CURVE ( 'NONE', #193, #2854, #2303, .T. ) ;
#2465 = AXIS2_PLACEMENT_3D ( 'NONE', #3532, #318, #1400 ) ;
#2466 = VECTOR ( 'NONE', #2982, 1000.000000000000000 ) ;
#2467 = AXIS2_PLACEMENT_3D ( 'NONE', #201, #1856, #2354 ) ;
#2468 = DIRECTION ( 'NONE',  ( -0.000000000000000000, -0.000000000000000000, -1.000000000000000000 ) ) ;
#2469 = ORIENTED_EDGE ( 'NONE', *, *, #3079, .F. ) ;
#2470 = VECTOR ( 'NONE', #2894, 1000.000000000000000 ) ;
#2471 = CIRCLE ( 'NONE', #302, 6.000000000000005329 ) ;
#2472 = DIRECTION ( 'NONE',  ( 0.000000000000000000, 1.000000000000000000, 0.000000000000000000 ) ) ;
#2473 = EDGE_CURVE ( 'NONE', #2665, #3027, #246, .T. ) ;
#2474 = DIRECTION ( 'NONE',  ( -0.000000000000000000, -0.000000000000000000, -1.000000000000000000 ) ) ;
#2475 = VERTEX_POINT ( 'NONE', #2056 ) ;
#2476 = CIRCLE ( 'NONE', #2771, 4.000000000000003553 ) ;
#2477 = ORIENTED_EDGE ( 'NONE', *, *, #2579, .F. ) ;
#2478 = CARTESIAN_POINT ( 'NONE',  ( 80.05476400856439056, 111.0378652032192264, 20.00000000000000000 ) ) ;
#2479 = EDGE_CURVE ( 'NONE', #898, #3109, #3152, .T. ) ;
#2480 = DIRECTION ( 'NONE',  ( 1.000000000000000000, 0.000000000000000000, 0.000000000000000000 ) ) ;
#2481 = CIRCLE ( 'NONE', #1730, 4.500000000001266542 ) ;
#2482 = ORIENTED_EDGE ( 'NONE', *, *, #2159, .T. ) ;
#2483 = CIRCLE ( 'NONE', #3011, 0.6499999999999978018 ) ;
#2484 = ORIENTED_EDGE ( 'NONE', *, *, #1886, .F. ) ;
#2485 = CARTESIAN_POINT ( 'NONE',  ( 47.55820850438262681, 31.03786520321301268, 15.00000000000000000 ) ) ;
#2486 = LINE ( 'NONE', #1099, #587 ) ;
#2487 = EDGE_CURVE ( 'NONE', #2923, #1858, #2890, .T. ) ;
#2488 = CARTESIAN_POINT ( 'NONE',  ( 84.55476400856565533, 111.0378652032192264, 24.00000000000000000 ) ) ;
#2489 = EDGE_CURVE ( 'NONE', #2791, #1639, #3173, .T. ) ;
#2490 = CARTESIAN_POINT ( 'NONE',  ( 29.55476400857101638, 13.53786520321305709, 14.00000000000000000 ) ) ;
#2491 = DIRECTION ( 'NONE',  ( 1.000000000000000000, 0.000000000000000000, 0.000000000000000000 ) ) ;
#2492 = ORIENTED_EDGE ( 'NONE', *, *, #1967, .T. ) ;
#2493 = ORIENTED_EDGE ( 'NONE', *, *, #1521, .T. ) ;
#2494 = CYLINDRICAL_SURFACE ( 'NONE', #636, 10.00000000000000888 ) ;
#2495 = LINE ( 'NONE', #1109, #1915 ) ;
#2496 = ORIENTED_EDGE ( 'NONE', *, *, #1881, .F. ) ;
#2497 = EDGE_CURVE ( 'NONE', #1752, #102, #2076, .T. ) ;
#2498 = ORIENTED_EDGE ( 'NONE', *, *, #1478, .F. ) ;
#2499 = LINE ( 'NONE', #2431, #1712 ) ;
#2500 = DIRECTION ( 'NONE',  ( 1.000000000000000000, 0.000000000000000000, 0.000000000000000000 ) ) ;
#2501 = DIRECTION ( 'NONE',  ( 0.000000000000000000, 0.000000000000000000, -1.000000000000000000 ) ) ;
#2502 = FACE_OUTER_BOUND ( 'NONE', #3106, .T. ) ;
#2503 = FACE_OUTER_BOUND ( 'NONE', #2103, .T. ) ;
#2504 =( NAMED_UNIT ( * ) SI_UNIT ( $, .STERADIAN. ) SOLID_ANGLE_UNIT ( ) );
#2505 = VERTEX_POINT ( 'NONE', #1686 ) ;
#2506 = EDGE_CURVE ( 'NONE', #874, #1810, #1095, .T. ) ;
#2507 = ORIENTED_EDGE ( 'NONE', *, *, #3303, .T. ) ;
#2508 = CARTESIAN_POINT ( 'NONE',  ( 123.0547640085710128, 41.03786520321301623, 15.00000000000000000 ) ) ;
#2509 = CARTESIAN_POINT ( 'NONE',  ( 134.5547640085709986, 8.537865203213021559, 15.00000000000000000 ) ) ;
#2510 = ORIENTED_EDGE ( 'NONE', *, *, #226, .T. ) ;
#2511 = EDGE_CURVE ( 'NONE', #1813, #467, #180, .T. ) ;
#2512 = VERTEX_POINT ( 'NONE', #2201 ) ;
#2513 = VECTOR ( 'NONE', #606, 1000.000000000000000 ) ;
#2514 = DIRECTION ( 'NONE',  ( -0.000000000000000000, -0.000000000000000000, -1.000000000000000000 ) ) ;
#2515 = CARTESIAN_POINT ( 'NONE',  ( 47.55820850438259129, 92.03786520321301623, 24.00000000000000000 ) ) ;
#2516 = EDGE_CURVE ( 'NONE', #480, #1276, #1641, .T. ) ;
#2517 = AXIS2_PLACEMENT_3D ( 'NONE', #537, #2250, #45 ) ;
#2518 = CARTESIAN_POINT ( 'NONE',  ( 125.0138863796564124, 111.0611826816691945, 20.00000000000000000 ) ) ;
#2519 = FACE_BOUND ( 'NONE', #2913, .T. ) ;
#2520 = AXIS2_PLACEMENT_3D ( 'NONE', #3305, #280, #1965 ) ;
#2521 = AXIS2_PLACEMENT_3D ( 'NONE', #2873, #2839, #394 ) ;
#2522 = CIRCLE ( 'NONE', #293, 4.500000000001266542 ) ;
#2523 = CARTESIAN_POINT ( 'NONE',  ( 37.65059727002839907, 64.01056688839513242, 0.000000000000000000 ) ) ;
#2524 = CARTESIAN_POINT ( 'NONE',  ( 36.55476400857104835, 33.03786520321305886, 12.00000000000000000 ) ) ;
#2525 = PERSON_AND_ORGANIZATION_ROLE ( 'creator' ) ;
#2526 = CIRCLE ( 'NONE', #300, 4.000000000000003553 ) ;
#2527 = ORIENTED_EDGE ( 'NONE', *, *, #420, .T. ) ;
#2528 = CIRCLE ( 'NONE', #1036, 0.6499999999999978018 ) ;
#2529 = EDGE_CURVE ( 'NONE', #75, #1912, #13, .T. ) ;
#2530 = ORIENTED_EDGE ( 'NONE', *, *, #2958, .T. ) ;
#2531 = DIRECTION ( 'NONE',  ( 0.000000000000000000, 0.000000000000000000, -1.000000000000000000 ) ) ;
#2532 = CARTESIAN_POINT ( 'NONE',  ( 87.30476400857101282, 41.03786520321301623, 0.000000000000000000 ) ) ;
#2533 = ORIENTED_EDGE ( 'NONE', *, *, #2645, .T. ) ;
#2534 = AXIS2_PLACEMENT_3D ( 'NONE', #617, #1702, #2809 ) ;
#2535 = EDGE_CURVE ( 'NONE', #2505, #2648, #2744, .T. ) ;
#2536 = VERTEX_POINT ( 'NONE', #2248 ) ;
#2537 = VECTOR ( 'NONE', #276, 1000.000000000000000 ) ;
#2538 = DIRECTION ( 'NONE',  ( 1.000000000000000000, 0.000000000000000000, 0.000000000000000000 ) ) ;
#2539 = CARTESIAN_POINT ( 'NONE',  ( 117.0547640085710128, 41.03786520321301623, 4.000000000000000000 ) ) ;
#2540 = CIRCLE ( 'NONE', #986, 6.000000000000005329 ) ;
#2541 = EDGE_CURVE ( 'NONE', #268, #1804, #3295, .T. ) ;
#2542 = DIRECTION ( 'NONE',  ( -1.000000000000000000, 0.000000000000000000, 0.000000000000000000 ) ) ;
#2543 = FACE_OUTER_BOUND ( 'NONE', #2963, .T. ) ;
#2544 = CIRCLE ( 'NONE', #763, 0.6499999999999978018 ) ;
#2545 = DIRECTION ( 'NONE',  ( -1.000000000000000000, 0.000000000000000000, 0.000000000000000000 ) ) ;
#2546 = DIRECTION ( 'NONE',  ( -1.000000000000000000, 0.000000000000000000, 0.000000000000000000 ) ) ;
#2547 = EDGE_LOOP ( 'NONE', ( #2174, #1044, #494, #2394 ) ) ;
#2548 = ORIENTED_EDGE ( 'NONE', *, *, #721, .F. ) ;
#2549 = CARTESIAN_POINT ( 'NONE',  ( 47.55820850438262681, 96.03786520321301623, 64.00000000000000000 ) ) ;
#2550 = CARTESIAN_POINT ( 'NONE',  ( 134.5547640085710270, 113.5378652032130162, 24.00000000000000000 ) ) ;
#2551 = ORIENTED_EDGE ( 'NONE', *, *, #752, .T. ) ;
#2552 = EDGE_LOOP ( 'NONE', ( #2989, #1533, #382, #2689 ) ) ;
#2553 = DIRECTION ( 'NONE',  ( 0.000000000000000000, 1.000000000000000000, -0.000000000000000000 ) ) ;
#2554 = DIRECTION ( 'NONE',  ( -0.000000000000000000, -0.000000000000000000, 1.000000000000000000 ) ) ;
#2555 = EDGE_CURVE ( 'NONE', #1990, #2030, #880, .T. ) ;
#2556 = FACE_OUTER_BOUND ( 'NONE', #1251, .T. ) ;
#2557 = CARTESIAN_POINT ( 'NONE',  ( 0.000000000000000000, 0.000000000000000000, 0.000000000000000000 ) ) ;
#2558 = ORIENTED_EDGE ( 'NONE', *, *, #1585, .T. ) ;
#2559 = EDGE_CURVE ( 'NONE', #3180, #2620, #244, .T. ) ;
#2560 = DIRECTION ( 'NONE',  ( -1.000000000000000000, 0.000000000000000000, 0.000000000000000000 ) ) ;
#2561 = DIRECTION ( 'NONE',  ( 0.000000000000000000, 0.000000000000000000, -1.000000000000000000 ) ) ;
#2562 = CARTESIAN_POINT ( 'NONE',  ( 0.000000000000000000, 0.000000000000000000, 0.000000000000000000 ) ) ;
#2563 = EDGE_LOOP ( 'NONE', ( #3006, #2684, #3016, #1125 ) ) ;
#2564 = EDGE_CURVE ( 'NONE', #1409, #3211, #845, .T. ) ;
#2565 = FACE_BOUND ( 'NONE', #1698, .T. ) ;
#2566 = DIRECTION ( 'NONE',  ( 0.000000000000000000, 0.000000000000000000, 1.000000000000000000 ) ) ;
#2567 = FACE_OUTER_BOUND ( 'NONE', #1760, .T. ) ;
#2568 = ORIENTED_EDGE ( 'NONE', *, *, #2690, .F. ) ;
#2569 = ORIENTED_EDGE ( 'NONE', *, *, #3427, .T. ) ;
#2570 = DIRECTION ( 'NONE',  ( -1.000000000000000000, 0.000000000000000000, 0.000000000000000000 ) ) ;
#2571 = DIRECTION ( 'NONE',  ( -1.000000000000000000, 0.000000000000000000, 0.000000000000000000 ) ) ;
#2572 = DIRECTION ( 'NONE',  ( 0.000000000000000000, 0.000000000000000000, 1.000000000000000000 ) ) ;
#2573 = CC_DESIGN_PERSON_AND_ORGANIZATION_ASSIGNMENT ( #2312, #2853, ( #3202 ) ) ;
#2574 = LINE ( 'NONE', #3359, #465 ) ;
#2575 = ORIENTED_EDGE ( 'NONE', *, *, #1066, .F. ) ;
#2576 = AXIS2_PLACEMENT_3D ( 'NONE', #3357, #919, #1983 ) ;
#2577 = DIRECTION ( 'NONE',  ( -0.000000000000000000, -0.000000000000000000, -1.000000000000000000 ) ) ;
#2578 = AXIS2_PLACEMENT_3D ( 'NONE', #2586, #2367, #3177 ) ;
#2579 = EDGE_CURVE ( 'NONE', #898, #1596, #123, .T. ) ;
#2580 = CARTESIAN_POINT ( 'NONE',  ( 47.55820850438259129, 92.03786520321301623, 64.00000000000000000 ) ) ;
#2581 = MECHANICAL_CONTEXT ( 'NONE', #2672, 'mechanical' ) ;
#2582 = ORIENTED_EDGE ( 'NONE', *, *, #2487, .F. ) ;
#2583 = AXIS2_PLACEMENT_3D ( 'NONE', #1384, #333, #583 ) ;
#2584 = VECTOR ( 'NONE', #2392, 1000.000000000000000 ) ;
#2585 = EDGE_CURVE ( 'NONE', #3462, #1961, #2486, .T. ) ;
#2586 = CARTESIAN_POINT ( 'NONE',  ( 129.5138863796576629, 111.0611826816691945, 24.00000000000000000 ) ) ;
#2587 = AXIS2_PLACEMENT_3D ( 'NONE', #1927, #3252, #2971 ) ;
#2588 = DIRECTION ( 'NONE',  ( -1.000000000000000000, 0.000000000000000000, 0.000000000000000000 ) ) ;
#2589 = DIRECTION ( 'NONE',  ( 1.000000000000000000, 0.000000000000000000, 0.000000000000000000 ) ) ;
#2590 = ORIENTED_EDGE ( 'NONE', *, *, #145, .T. ) ;
#2591 = AXIS2_PLACEMENT_3D ( 'NONE', #2187, #3282, #2748 ) ;
#2592 = ADVANCED_FACE ( 'NONE', ( #31 ), #1933, .F. ) ;
#2593 = ORIENTED_EDGE ( 'NONE', *, *, #2450, .F. ) ;
#2594 = CARTESIAN_POINT ( 'NONE',  ( 139.5547640085710270, 13.53786520321305709, 15.00000000000000000 ) ) ;
#2595 = LINE ( 'NONE', #936, #3450 ) ;
#2596 = AXIS2_PLACEMENT_3D ( 'NONE', #319, #1655, #831 ) ;
#2597 = AXIS2_PLACEMENT_3D ( 'NONE', #2515, #2779, #2500 ) ;
#2598 = EDGE_LOOP ( 'NONE', ( #1651, #2093, #3086, #3471 ) ) ;
#2599 = CARTESIAN_POINT ( 'NONE',  ( 117.0547640085710128, 86.03786520321301623, 4.000000000000000000 ) ) ;
#2600 = DIRECTION ( 'NONE',  ( -0.000000000000000000, -0.000000000000000000, -1.000000000000000000 ) ) ;
#2601 = AXIS2_PLACEMENT_3D ( 'NONE', #3232, #2384, #436 ) ;
#2602 = AXIS2_PLACEMENT_3D ( 'NONE', #1812, #489, #2910 ) ;
#2603 = DIRECTION ( 'NONE',  ( -1.000000000000000000, 0.000000000000000000, 0.000000000000000000 ) ) ;
#2604 = DIRECTION ( 'NONE',  ( 0.000000000000000000, 0.000000000000000000, -1.000000000000000000 ) ) ;
#2605 = ORIENTED_EDGE ( 'NONE', *, *, #226, .F. ) ;
#2606 = EDGE_CURVE ( 'NONE', #1267, #418, #3166, .T. ) ;
#2607 = FACE_BOUND ( 'NONE', #158, .T. ) ;
#2608 = FACE_OUTER_BOUND ( 'NONE', #2698, .T. ) ;
#2609 = DIRECTION ( 'NONE',  ( 0.000000000000000000, 0.000000000000000000, -1.000000000000000000 ) ) ;
#2610 = ORIENTED_EDGE ( 'NONE', *, *, #1046, .F. ) ;
#2611 = EDGE_CURVE ( 'NONE', #2653, #614, #1847, .T. ) ;
#2612 = ORIENTED_EDGE ( 'NONE', *, *, #450, .F. ) ;
#2613 = FACE_OUTER_BOUND ( 'NONE', #2563, .T. ) ;
#2614 = DIRECTION ( 'NONE',  ( -1.000000000000000000, 0.000000000000000000, 0.000000000000000000 ) ) ;
#2615 = EDGE_CURVE ( 'NONE', #590, #2370, #63, .T. ) ;
#2616 = ORIENTED_EDGE ( 'NONE', *, *, #2611, .T. ) ;
#2617 = CARTESIAN_POINT ( 'NONE',  ( 58.05476400857101282, 41.03786520321301623, 15.00000000000000000 ) ) ;
#2618 = CARTESIAN_POINT ( 'NONE',  ( 100.8547656438164637, 69.88786520321384899, 15.00000000000000000 ) ) ;
#2619 = CARTESIAN_POINT ( 'NONE',  ( 117.0547640085710128, 41.03786520321301623, 0.000000000000000000 ) ) ;
#2620 = VERTEX_POINT ( 'NONE', #1966 ) ;
#2621 = ORIENTED_EDGE ( 'NONE', *, *, #309, .F. ) ;
#2622 = DIRECTION ( 'NONE',  ( 0.000000000000000000, 0.000000000000000000, -1.000000000000000000 ) ) ;
#2623 = EDGE_CURVE ( 'NONE', #2225, #2923, #705, .T. ) ;
#2624 = DIRECTION ( 'NONE',  ( -1.000000000000000000, 0.000000000000000000, 0.000000000000000000 ) ) ;
#2625 = ORIENTED_EDGE ( 'NONE', *, *, #2559, .T. ) ;
#2626 = EDGE_LOOP ( 'NONE', ( #1622, #312, #97, #1245 ) ) ;
#2627 = DIRECTION ( 'NONE',  ( -0.000000000000000000, -0.000000000000000000, -1.000000000000000000 ) ) ;
#2628 = EDGE_CURVE ( 'NONE', #3088, #2860, #266, .T. ) ;
#2629 = CARTESIAN_POINT ( 'NONE',  ( 29.55476400857101638, 26.03786520321302334, 15.00000000000000000 ) ) ;
#2630 = ORIENTED_EDGE ( 'NONE', *, *, #2787, .F. ) ;
#2631 = CARTESIAN_POINT ( 'NONE',  ( 52.05476400857100572, 86.03786520321301623, 4.000000000000000000 ) ) ;
#2632 = EDGE_CURVE ( 'NONE', #791, #1929, #1383, .T. ) ;
#2633 = DIRECTION ( 'NONE',  ( 0.000000000000000000, 0.000000000000000000, -1.000000000000000000 ) ) ;
#2634 = DIRECTION ( 'NONE',  ( 0.000000000000000000, 0.000000000000000000, -1.000000000000000000 ) ) ;
#2635 = ADVANCED_FACE ( 'NONE', ( #2447 ), #1465, .T. ) ;
#2636 = AXIS2_PLACEMENT_3D ( 'NONE', #2523, #236, #885 ) ;
#2637 = EDGE_LOOP ( 'NONE', ( #1229, #3395 ) ) ;
#2638 = CIRCLE ( 'NONE', #1706, 10.00000000000000888 ) ;
#2639 = ORIENTED_EDGE ( 'NONE', *, *, #2961, .T. ) ;
#2640 = CARTESIAN_POINT ( 'NONE',  ( 84.55476400857101282, 86.03786520321301623, 0.000000000000000000 ) ) ;
#2641 = CARTESIAN_POINT ( 'NONE',  ( 134.5547640085710270, 113.5378652032130162, 14.00000000000000000 ) ) ;
#2642 = CIRCLE ( 'NONE', #3151, 0.6499999999999978018 ) ;
#2643 = ORIENTED_EDGE ( 'NONE', *, *, #1720, .F. ) ;
#2644 = VECTOR ( 'NONE', #3190, 1000.000000000000000 ) ;
#2645 = EDGE_CURVE ( 'NONE', #211, #452, #2595, .T. ) ;
#2646 = CIRCLE ( 'NONE', #3047, 4.999999999999997335 ) ;
#2647 = AXIS2_PLACEMENT_3D ( 'NONE', #1843, #2433, #2378 ) ;
#2648 = VERTEX_POINT ( 'NONE', #131 ) ;
#2649 = CYLINDRICAL_SURFACE ( 'NONE', #468, 3.000000000000002665 ) ;
#2650 = CARTESIAN_POINT ( 'NONE',  ( 40.65059727002839907, 64.01056688839513242, 24.00000000000000000 ) ) ;
#2651 = AXIS2_PLACEMENT_3D ( 'NONE', #2383, #270, #2451 ) ;
#2652 = EDGE_CURVE ( 'NONE', #3070, #2453, #370, .T. ) ;
#2653 = VERTEX_POINT ( 'NONE', #3356 ) ;
#2654 = VECTOR ( 'NONE', #138, 1000.000000000000000 ) ;
#2655 = CYLINDRICAL_SURFACE ( 'NONE', #233, 0.6499999999999978018 ) ;
#2656 = AXIS2_PLACEMENT_3D ( 'NONE', #655, #2554, #2015 ) ;
#2657 = FACE_OUTER_BOUND ( 'NONE', #2694, .T. ) ;
#2658 = ORIENTED_EDGE ( 'NONE', *, *, #2735, .T. ) ;
#2659 = EDGE_CURVE ( 'NONE', #572, #1003, #2943, .T. ) ;
#2660 = VECTOR ( 'NONE', #3052, 1000.000000000000000 ) ;
#2661 = CARTESIAN_POINT ( 'NONE',  ( 80.05476400856439056, 111.0378652032192264, 14.00000000000000000 ) ) ;
#2662 = CARTESIAN_POINT ( 'NONE',  ( 52.05476400857100572, 86.03786520321301623, 4.000000000000000000 ) ) ;
#2663 = CARTESIAN_POINT ( 'NONE',  ( 81.80476400857101282, 41.03786520321301623, 0.000000000000000000 ) ) ;
#2664 = ORIENTED_EDGE ( 'NONE', *, *, #2623, .F. ) ;
#2665 = VERTEX_POINT ( 'NONE', #2846 ) ;
#2666 = DIRECTION ( 'NONE',  ( -1.000000000000000000, 0.000000000000000000, 0.000000000000000000 ) ) ;
#2667 = CARTESIAN_POINT ( 'NONE',  ( 131.6505972700283564, 64.01056688839513242, 24.00000000000000000 ) ) ;
#2668 = EDGE_LOOP ( 'NONE', ( #2155, #443 ) ) ;
#2669 = VERTEX_POINT ( 'NONE', #2882 ) ;
#2670 = DIRECTION ( 'NONE',  ( -0.000000000000000000, -0.000000000000000000, -1.000000000000000000 ) ) ;
#2671 = DIRECTION ( 'NONE',  ( 0.000000000000000000, 0.000000000000000000, -1.000000000000000000 ) ) ;
#2672 = APPLICATION_CONTEXT ( 'configuration controlled 3d designs of mechanical parts and assemblies' ) ;
#2673 = DIRECTION ( 'NONE',  ( -1.000000000000000000, 0.000000000000000000, 0.000000000000000000 ) ) ;
#2674 = EDGE_CURVE ( 'NONE', #1322, #1665, #2712, .T. ) ;
#2675 = ORIENTED_EDGE ( 'NONE', *, *, #1066, .T. ) ;
#2676 = DIRECTION ( 'NONE',  ( 0.000000000000000000, 0.000000000000000000, -1.000000000000000000 ) ) ;
#2677 = CARTESIAN_POINT ( 'NONE',  ( 34.55476400857104835, 118.5378652032130162, 24.00000000000000000 ) ) ;
#2678 = ADVANCED_FACE ( 'NONE', ( #3091 ), #1996, .F. ) ;
#2679 = FACE_OUTER_BOUND ( 'NONE', #447, .T. ) ;
#2680 = ORIENTED_EDGE ( 'NONE', *, *, #3087, .T. ) ;
#2681 = ORIENTED_EDGE ( 'NONE', *, *, #2645, .F. ) ;
#2682 = DIRECTION ( 'NONE',  ( -1.000000000000000000, 0.000000000000000000, 0.000000000000000000 ) ) ;
#2683 = CARTESIAN_POINT ( 'NONE',  ( 129.5547640085655701, 16.03786520321703790, 20.00000000000000000 ) ) ;
#2684 = ORIENTED_EDGE ( 'NONE', *, *, #3366, .T. ) ;
#2685 = CARTESIAN_POINT ( 'NONE',  ( 29.55476400857101638, 113.5378652032129878, 14.00000000000000000 ) ) ;
#2686 = CARTESIAN_POINT ( 'NONE',  ( 81.80476400857101282, 41.03786520321301623, 15.00000000000000000 ) ) ;
#2687 = DIRECTION ( 'NONE',  ( -1.000000000000000000, 0.000000000000000000, 0.000000000000000000 ) ) ;
#2688 = EDGE_LOOP ( 'NONE', ( #3071, #126, #1563, #659 ) ) ;
#2689 = ORIENTED_EDGE ( 'NONE', *, *, #2615, .F. ) ;
#2690 = EDGE_CURVE ( 'NONE', #757, #3360, #358, .T. ) ;
#2691 = FACE_BOUND ( 'NONE', #914, .T. ) ;
#2692 = CYLINDRICAL_SURFACE ( 'NONE', #1032, 4.000000000000003553 ) ;
#2693 = CARTESIAN_POINT ( 'NONE',  ( 52.05476400857100572, 41.03786520321301623, 4.000000000000000000 ) ) ;
#2694 = EDGE_LOOP ( 'NONE', ( #2353, #2639, #2183, #681 ) ) ;
#2695 = CIRCLE ( 'NONE', #3270, 0.6499999999999978018 ) ;
#2696 = EDGE_CURVE ( 'NONE', #2669, #3360, #92, .T. ) ;
#2697 = DIRECTION ( 'NONE',  ( -0.000000000000000000, -0.000000000000000000, -1.000000000000000000 ) ) ;
#2698 = EDGE_LOOP ( 'NONE', ( #3492, #1001 ) ) ;
#2699 = AXIS2_PLACEMENT_3D ( 'NONE', #2594, #2538, #684 ) ;
#2700 = LINE ( 'NONE', #2221, #523 ) ;
#2701 = FACE_OUTER_BOUND ( 'NONE', #963, .T. ) ;
#2702 = VERTEX_POINT ( 'NONE', #3414 ) ;
#2703 = CIRCLE ( 'NONE', #1030, 2.000000000000001776 ) ;
#2704 = CIRCLE ( 'NONE', #2292, 10.00000000000000178 ) ;
#2705 = ORIENTED_EDGE ( 'NONE', *, *, #1546, .F. ) ;
#2706 = DIRECTION ( 'NONE',  ( -1.000000000000000000, 0.000000000000000000, 0.000000000000000000 ) ) ;
#2707 = DIRECTION ( 'NONE',  ( 0.000000000000000000, 0.000000000000000000, -1.000000000000000000 ) ) ;
#2708 = AXIS2_PLACEMENT_3D ( 'NONE', #1501, #983, #3473 ) ;
#2709 = FACE_OUTER_BOUND ( 'NONE', #3504, .T. ) ;
#2710 = CIRCLE ( 'NONE', #1905, 10.00000000000000178 ) ;
#2711 = ORIENTED_EDGE ( 'NONE', *, *, #1493, .F. ) ;
#2712 = CIRCLE ( 'NONE', #867, 2.750000000000002665 ) ;
#2713 = CARTESIAN_POINT ( 'NONE',  ( 117.0547640085710128, 86.03786520321301623, 4.000000000000000000 ) ) ;
#2714 = DIRECTION ( 'NONE',  ( -1.000000000000000000, 0.000000000000000000, 0.000000000000000000 ) ) ;
#2715 = DIRECTION ( 'NONE',  ( -1.000000000000000000, 0.000000000000000000, 0.000000000000000000 ) ) ;
#2716 = ORIENTED_EDGE ( 'NONE', *, *, #2379, .T. ) ;
#2717 = ADVANCED_FACE ( 'NONE', ( #110 ), #951, .F. ) ;
#2718 = AXIS2_PLACEMENT_3D ( 'NONE', #2260, #1718, #396 ) ;
#2719 = ORIENTED_EDGE ( 'NONE', *, *, #1181, .F. ) ;
#2720 = CC_DESIGN_APPROVAL ( #301, ( #650 ) ) ;
#2721 = DIRECTION ( 'NONE',  ( -1.000000000000000000, 0.000000000000000000, 0.000000000000000000 ) ) ;
#2722 = CARTESIAN_POINT ( 'NONE',  ( 117.0547640085710128, 86.03786520321301623, 15.00000000000000000 ) ) ;
#2723 = VERTEX_POINT ( 'NONE', #2302 ) ;
#2724 = ADVANCED_FACE ( 'NONE', ( #966 ), #3398, .F. ) ;
#2725 = ORIENTED_EDGE ( 'NONE', *, *, #371, .F. ) ;
#2726 = CARTESIAN_POINT ( 'NONE',  ( 100.2047656438164580, 69.88786520321384899, 0.000000000000000000 ) ) ;
#2727 = DIRECTION ( 'NONE',  ( -0.000000000000000000, -0.000000000000000000, -1.000000000000000000 ) ) ;
#2728 = EDGE_CURVE ( 'NONE', #3028, #3088, #2362, .T. ) ;
#2729 = CARTESIAN_POINT ( 'NONE',  ( 125.0547640085643337, 16.03786520321703790, 14.00000000000000000 ) ) ;
#2730 = ORIENTED_EDGE ( 'NONE', *, *, #927, .T. ) ;
#2731 = EDGE_LOOP ( 'NONE', ( #1509, #776 ) ) ;
#2732 = CARTESIAN_POINT ( 'NONE',  ( 129.5138863796576629, 111.0611826816691945, 20.00000000000000000 ) ) ;
#2733 = PLANE ( 'NONE',  #2309 ) ;
#2734 = ORIENTED_EDGE ( 'NONE', *, *, #860, .T. ) ;
#2735 = EDGE_CURVE ( 'NONE', #452, #1156, #67, .T. ) ;
#2736 = CARTESIAN_POINT ( 'NONE',  ( 44.55476400856561980, 111.0378652032192264, 20.00000000000000000 ) ) ;
#2737 = ORIENTED_EDGE ( 'NONE', *, *, #404, .F. ) ;
#2738 = DIRECTION ( 'NONE',  ( -0.000000000000000000, -0.000000000000000000, -1.000000000000000000 ) ) ;
#2739 = DIRECTION ( 'NONE',  ( 0.000000000000000000, -0.000000000000000000, -1.000000000000000000 ) ) ;
#2740 = ORIENTED_EDGE ( 'NONE', *, *, #1659, .T. ) ;
#2741 = EDGE_CURVE ( 'NONE', #1444, #2224, #419, .T. ) ;
#2742 = ORIENTED_EDGE ( 'NONE', *, *, #1189, .T. ) ;
#2743 = CARTESIAN_POINT ( 'NONE',  ( 82.05476400856565533, 111.0378652032192264, 24.00000000000000000 ) ) ;
#2744 = LINE ( 'NONE', #44, #2766 ) ;
#2745 = EDGE_CURVE ( 'NONE', #1072, #791, #916, .T. ) ;
#2746 = DIRECTION ( 'NONE',  ( 0.000000000000000000, -0.000000000000000000, -1.000000000000000000 ) ) ;
#2747 = ORIENTED_EDGE ( 'NONE', *, *, #168, .F. ) ;
#2748 = DIRECTION ( 'NONE',  ( -1.000000000000000000, 0.000000000000000000, 0.000000000000000000 ) ) ;
#2749 = CARTESIAN_POINT ( 'NONE',  ( 68.65476564381638980, 60.38786520321409768, 15.00000000000000000 ) ) ;
#2750 = EDGE_LOOP ( 'NONE', ( #55, #1488 ) ) ;
#2751 = VERTEX_POINT ( 'NONE', #2829 ) ;
#2752 = CYLINDRICAL_SURFACE ( 'NONE', #9, 0.6499999999999978018 ) ;
#2753 = LINE ( 'NONE', #294, #536 ) ;
#2754 = AXIS2_PLACEMENT_3D ( 'NONE', #1764, #900, #2074 ) ;
#2755 = ORIENTED_EDGE ( 'NONE', *, *, #2623, .T. ) ;
#2756 = ADVANCED_FACE ( 'NONE', ( #2334, #3430 ), #3076, .T. ) ;
#2757 = AXIS2_PLACEMENT_3D ( 'NONE', #2305, #1727, #2542 ) ;
#2758 = EDGE_LOOP ( 'NONE', ( #884, #1234, #68, #121, #1050, #473, #3463, #344 ) ) ;
#2759 = CARTESIAN_POINT ( 'NONE',  ( 67.35476564381643527, 58.23786520321409910, 15.00000000000000000 ) ) ;
#2760 = CARTESIAN_POINT ( 'NONE',  ( 125.5582085043825913, 92.03786520321298781, 64.00000000000000000 ) ) ;
#2761 = CIRCLE ( 'NONE', #114, 3.999999999999996447 ) ;
#2762 = ADVANCED_FACE ( 'NONE', ( #1435 ), #77, .F. ) ;
#2763 = AXIS2_PLACEMENT_3D ( 'NONE', #423, #3163, #1536 ) ;
#2764 = FACE_OUTER_BOUND ( 'NONE', #3195, .T. ) ;
#2765 = VECTOR ( 'NONE', #2472, 1000.000000000000000 ) ;
#2766 = VECTOR ( 'NONE', #814, 1000.000000000000000 ) ;
#2767 = CARTESIAN_POINT ( 'NONE',  ( 117.0547640085710128, 86.03786520321301623, 4.000000000000000000 ) ) ;
#2768 = PLANE ( 'NONE',  #1625 ) ;
#2769 = ORIENTED_EDGE ( 'NONE', *, *, #2916, .T. ) ;
#2770 = EDGE_CURVE ( 'NONE', #2290, #1916, #644, .T. ) ;
#2771 = AXIS2_PLACEMENT_3D ( 'NONE', #2667, #1290, #2389 ) ;
#2772 = EDGE_LOOP ( 'NONE', ( #2325, #85 ) ) ;
#2773 = CYLINDRICAL_SURFACE ( 'NONE', #690, 0.6499999999999978018 ) ;
#2774 = CARTESIAN_POINT ( 'NONE',  ( 107.0547640085709986, 86.03786520321301623, 4.000000000000000000 ) ) ;
#2775 = VECTOR ( 'NONE', #3039, 1000.000000000000000 ) ;
#2776 = CIRCLE ( 'NONE', #3400, 0.6499999999999978018 ) ;
#2777 = ORIENTED_EDGE ( 'NONE', *, *, #2277, .F. ) ;
#2778 = CARTESIAN_POINT ( 'NONE',  ( 100.2047656438164580, 69.88786520321384899, 15.00000000000000000 ) ) ;
#2779 = DIRECTION ( 'NONE',  ( -0.000000000000000000, 0.000000000000000000, 1.000000000000000000 ) ) ;
#2780 = CYLINDRICAL_SURFACE ( 'NONE', #52, 4.500000000001266542 ) ;
#2781 = ADVANCED_FACE ( 'NONE', ( #2701 ), #773, .F. ) ;
#2782 = DIRECTION ( 'NONE',  ( -1.000000000000000000, 0.000000000000000000, 0.000000000000000000 ) ) ;
#2783 = ADVANCED_FACE ( 'NONE', ( #219 ), #3197, .F. ) ;
#2784 = DIRECTION ( 'NONE',  ( -1.000000000000000000, 0.000000000000000000, 0.000000000000000000 ) ) ;
#2785 = CARTESIAN_POINT ( 'NONE',  ( 127.6505972700283706, 64.01056688839513242, 0.000000000000000000 ) ) ;
#2786 = VERTEX_POINT ( 'NONE', #161 ) ;
#2787 = EDGE_CURVE ( 'NONE', #1054, #2665, #202, .T. ) ;
#2788 = ORIENTED_EDGE ( 'NONE', *, *, #2579, .T. ) ;
#2789 = DIRECTION ( 'NONE',  ( -1.000000000000000000, 0.000000000000000000, 0.000000000000000000 ) ) ;
#2790 = DIRECTION ( 'NONE',  ( -0.000000000000000000, -0.000000000000000000, -1.000000000000000000 ) ) ;
#2791 = VERTEX_POINT ( 'NONE', #2650 ) ;
#2792 = ORIENTED_EDGE ( 'NONE', *, *, #2938, .T. ) ;
#2793 = CARTESIAN_POINT ( 'NONE',  ( 52.05476400857100572, 41.03786520321301623, 15.00000000000000000 ) ) ;
#2794 = CARTESIAN_POINT ( 'NONE',  ( 84.55476400856565533, 111.0378652032192264, 24.00000000000000000 ) ) ;
#2795 = DIRECTION ( 'NONE',  ( -0.000000000000000000, -0.000000000000000000, -1.000000000000000000 ) ) ;
#2796 = CARTESIAN_POINT ( 'NONE',  ( 49.05476400856688457, 111.0378652032192264, 20.00000000000000000 ) ) ;
#2797 = DIRECTION ( 'NONE',  ( 1.000000000000000000, 0.000000000000000000, 0.000000000000000000 ) ) ;
#2798 = CARTESIAN_POINT ( 'NONE',  ( 39.55476400856561270, 16.03786520321925835, 15.00000000000000000 ) ) ;
#2799 = CARTESIAN_POINT ( 'NONE',  ( 139.5547640085710270, 8.537865203213021559, 14.00000000000000000 ) ) ;
#2800 = VERTEX_POINT ( 'NONE', #2067 ) ;
#2801 = EDGE_CURVE ( 'NONE', #1894, #2723, #247, .T. ) ;
#2802 = ORIENTED_EDGE ( 'NONE', *, *, #1455, .T. ) ;
#2803 = CARTESIAN_POINT ( 'NONE',  ( 84.55476400856565533, 111.0378652032192264, 20.00000000000000000 ) ) ;
#2804 = DIRECTION ( 'NONE',  ( -1.000000000000000000, 0.000000000000000000, 0.000000000000000000 ) ) ;
#2805 = ORIENTED_EDGE ( 'NONE', *, *, #2832, .T. ) ;
#2806 = ORIENTED_EDGE ( 'NONE', *, *, #2272, .T. ) ;
#2807 = AXIS2_PLACEMENT_3D ( 'NONE', #192, #2092, #223 ) ;
#2808 = FACE_OUTER_BOUND ( 'NONE', #332, .T. ) ;
#2809 = DIRECTION ( 'NONE',  ( -1.000000000000000000, 0.000000000000000000, -0.000000000000000000 ) ) ;
#2810 = CIRCLE ( 'NONE', #289, 1.997516106995063323 ) ;
#2811 = DIRECTION ( 'NONE',  ( 0.000000000000000000, 0.000000000000000000, 1.000000000000000000 ) ) ;
#2812 = FACE_BOUND ( 'NONE', #1647, .T. ) ;
#2813 = AXIS2_PLACEMENT_3D ( 'NONE', #2157, #792, #1896 ) ;
#2814 = CIRCLE ( 'NONE', #1713, 4.500000000001266542 ) ;
#2815 = ORIENTED_EDGE ( 'NONE', *, *, #389, .T. ) ;
#2816 = VECTOR ( 'NONE', #1986, 1000.000000000000000 ) ;
#2817 = CARTESIAN_POINT ( 'NONE',  ( 47.05476400856561980, 111.0378652032192264, 24.00000000000000000 ) ) ;
#2818 = DIRECTION ( 'NONE',  ( -1.000000000000000000, 0.000000000000000000, 0.000000000000000000 ) ) ;
#2819 = ORIENTED_EDGE ( 'NONE', *, *, #1744, .T. ) ;
#2820 = ORIENTED_EDGE ( 'NONE', *, *, #555, .T. ) ;
#2821 = DIRECTION ( 'NONE',  ( 0.000000000000000000, -0.000000000000000000, -1.000000000000000000 ) ) ;
#2822 = EDGE_CURVE ( 'NONE', #2370, #590, #1329, .T. ) ;
#2823 = CARTESIAN_POINT ( 'NONE',  ( 44.55476400856561980, 111.0378652032192264, 24.00000000000000000 ) ) ;
#2824 = ORIENTED_EDGE ( 'NONE', *, *, #2516, .F. ) ;
#2825 = ORIENTED_EDGE ( 'NONE', *, *, #2222, .F. ) ;
#2826 = VECTOR ( 'NONE', #703, 1000.000000000000000 ) ;
#2827 = CARTESIAN_POINT ( 'NONE',  ( 70.10476564381646369, 64.88786520321407636, 15.00000000000000000 ) ) ;
#2828 = ADVANCED_FACE ( 'NONE', ( #239 ), #1834, .F. ) ;
#2829 = CARTESIAN_POINT ( 'NONE',  ( 49.05476400856688457, 111.0378652032192264, 14.00000000000000000 ) ) ;
#2830 = LOCAL_TIME ( 10, 10, 51.00000000000000000, #1155 ) ;
#2831 = DIRECTION ( 'NONE',  ( 0.000000000000000000, 0.000000000000000000, -1.000000000000000000 ) ) ;
#2832 = EDGE_CURVE ( 'NONE', #3412, #2098, #184, .T. ) ;
#2833 = FACE_BOUND ( 'NONE', #1009, .T. ) ;
#2834 = ORIENTED_EDGE ( 'NONE', *, *, #2081, .F. ) ;
#2835 = DIRECTION ( 'NONE',  ( 0.000000000000000000, 0.000000000000000000, -1.000000000000000000 ) ) ;
#2836 = DIRECTION ( 'NONE',  ( -0.000000000000000000, -0.000000000000000000, 1.000000000000000000 ) ) ;
#2837 = PERSON_AND_ORGANIZATION ( #1971, #873 ) ;
#2838 = ORIENTED_EDGE ( 'NONE', *, *, #2978, .T. ) ;
#2839 = DIRECTION ( 'NONE',  ( 0.000000000000000000, 0.000000000000000000, -1.000000000000000000 ) ) ;
#2840 = PLANE ( 'NONE',  #470 ) ;
#2841 = DIRECTION ( 'NONE',  ( -1.000000000000000000, 0.000000000000000000, 0.000000000000000000 ) ) ;
#2842 = VERTEX_POINT ( 'NONE', #3449 ) ;
#2843 = EDGE_CURVE ( 'NONE', #735, #3082, #2373, .T. ) ;
#2844 = ORIENTED_EDGE ( 'NONE', *, *, #2409, .T. ) ;
#2845 = DIRECTION ( 'NONE',  ( -1.000000000000000000, 0.000000000000000000, 0.000000000000000000 ) ) ;
#2846 = CARTESIAN_POINT ( 'NONE',  ( 29.55476400857101638, 26.03786520321302334, 0.000000000000000000 ) ) ;
#2847 = EDGE_CURVE ( 'NONE', #2224, #1444, #3111, .T. ) ;
#2848 = CARTESIAN_POINT ( 'NONE',  ( 70.10476564381649212, 67.03786520321406783, 0.000000000000000000 ) ) ;
#2849 = LINE ( 'NONE', #2232, #797 ) ;
#2850 = ORIENTED_EDGE ( 'NONE', *, *, #20, .T. ) ;
#2851 = ADVANCED_FACE ( 'NONE', ( #2102 ), #1816, .F. ) ;
#2852 = CARTESIAN_POINT ( 'NONE',  ( 117.0547640085710128, 41.03786520321301623, 15.00000000000000000 ) ) ;
#2853 = PERSON_AND_ORGANIZATION_ROLE ( 'design_owner' ) ;
#2854 = VERTEX_POINT ( 'NONE', #441 ) ;
#2855 = EDGE_CURVE ( 'NONE', #3214, #2098, #989, .T. ) ;
#2856 = ORIENTED_EDGE ( 'NONE', *, *, #2628, .F. ) ;
#2857 = FACE_BOUND ( 'NONE', #958, .T. ) ;
#2858 = CYLINDRICAL_SURFACE ( 'NONE', #2718, 4.999999999999997335 ) ;
#2859 = ORIENTED_EDGE ( 'NONE', *, *, #1040, .F. ) ;
#2860 = VERTEX_POINT ( 'NONE', #2936 ) ;
#2861 = DIRECTION ( 'NONE',  ( -0.000000000000000000, -0.000000000000000000, -1.000000000000000000 ) ) ;
#2862 = DIRECTION ( 'NONE',  ( -1.000000000000000000, 0.000000000000000000, 0.000000000000000000 ) ) ;
#2863 = ORIENTED_EDGE ( 'NONE', *, *, #3399, .F. ) ;
#2864 = DIRECTION ( 'NONE',  ( -0.000000000000000000, -0.000000000000000000, -1.000000000000000000 ) ) ;
#2865 = CARTESIAN_POINT ( 'NONE',  ( 39.55476400856561270, 16.03786520321925835, 20.00000000000000000 ) ) ;
#2866 = ORIENTED_EDGE ( 'NONE', *, *, #195, .F. ) ;
#2867 = CIRCLE ( 'NONE', #401, 4.999999999999997335 ) ;
#2868 = DIRECTION ( 'NONE',  ( 0.000000000000000000, -0.000000000000000000, -1.000000000000000000 ) ) ;
#2869 = DIRECTION ( 'NONE',  ( 0.000000000000000000, 0.000000000000000000, -1.000000000000000000 ) ) ;
#2870 = EDGE_CURVE ( 'NONE', #2132, #802, #2476, .T. ) ;
#2871 = ORIENTED_EDGE ( 'NONE', *, *, #881, .F. ) ;
#2872 = AXIS2_PLACEMENT_3D ( 'NONE', #3482, #3435, #972 ) ;
#2873 = CARTESIAN_POINT ( 'NONE',  ( 131.6505972700283564, 64.01056688839513242, 0.000000000000000000 ) ) ;
#2874 = AXIS2_PLACEMENT_3D ( 'NONE', #3478, #736, #2138 ) ;
#2875 = DIRECTION ( 'NONE',  ( -1.000000000000000000, 0.000000000000000000, 0.000000000000000000 ) ) ;
#2876 = ADVANCED_FACE ( 'NONE', ( #2117, #755 ), #2956, .T. ) ;
#2877 = CARTESIAN_POINT ( 'NONE',  ( 121.5582085043825629, 31.03786520321301268, 64.00000000000000000 ) ) ;
#2878 = ORIENTED_EDGE ( 'NONE', *, *, #567, .F. ) ;
#2879 = AXIS2_PLACEMENT_3D ( 'NONE', #2983, #521, #1609 ) ;
#2880 = ORIENTED_EDGE ( 'NONE', *, *, #2479, .F. ) ;
#2881 = DIRECTION ( 'NONE',  ( -0.000000000000000000, -0.000000000000000000, -1.000000000000000000 ) ) ;
#2882 = CARTESIAN_POINT ( 'NONE',  ( 134.5547640085710270, 94.03786520321300202, 12.00000000000000000 ) ) ;
#2883 = VECTOR ( 'NONE', #99, 1000.000000000000000 ) ;
#2884 = ORIENTED_EDGE ( 'NONE', *, *, #282, .T. ) ;
#2885 = DIRECTION ( 'NONE',  ( -0.000000000000000000, -0.000000000000000000, 1.000000000000000000 ) ) ;
#2886 = DIRECTION ( 'NONE',  ( 0.000000000000000000, 1.000000000000000000, 0.000000000000000000 ) ) ;
#2887 = ORIENTED_EDGE ( 'NONE', *, *, #2017, .F. ) ;
#2888 = ADVANCED_FACE ( 'NONE', ( #3494 ), #2139, .F. ) ;
#2889 = DIRECTION ( 'NONE',  ( 0.000000000000000000, 0.000000000000000000, -1.000000000000000000 ) ) ;
#2890 = LINE ( 'NONE', #1513, #2418 ) ;
#2891 = ORIENTED_EDGE ( 'NONE', *, *, #3259, .T. ) ;
#2892 = FACE_BOUND ( 'NONE', #600, .T. ) ;
#2893 = PRODUCT_DEFINITION_SHAPE ( 'NONE', 'NONE',  #3169 ) ;
#2894 = DIRECTION ( 'NONE',  ( -0.000000000000000000, -0.000000000000000000, -1.000000000000000000 ) ) ;
#2895 = DIRECTION ( 'NONE',  ( -0.000000000000000000, -0.000000000000000000, -1.000000000000000000 ) ) ;
#2896 = EDGE_LOOP ( 'NONE', ( #2680, #1756 ) ) ;
#2897 = ADVANCED_FACE ( 'NONE', ( #857 ), #2195, .F. ) ;
#2898 = ORIENTED_EDGE ( 'NONE', *, *, #2444, .T. ) ;
#2899 = DIRECTION ( 'NONE',  ( -0.000000000000000000, -0.000000000000000000, -1.000000000000000000 ) ) ;
#2900 = DIRECTION ( 'NONE',  ( -1.000000000000000000, 0.000000000000000000, 0.000000000000000000 ) ) ;
#2901 = VERTEX_POINT ( 'NONE', #563 ) ;
#2902 = CARTESIAN_POINT ( 'NONE',  ( 84.55476400857101282, 16.03786520321925835, 20.00000000000000000 ) ) ;
#2903 = DIRECTION ( 'NONE',  ( -1.000000000000000000, 0.000000000000000000, 0.000000000000000000 ) ) ;
#2904 = DIRECTION ( 'NONE',  ( -0.000000000000000000, -0.000000000000000000, -1.000000000000000000 ) ) ;
#2905 = CARTESIAN_POINT ( 'NONE',  ( 87.30476400857101282, 41.03786520321301623, 15.00000000000000000 ) ) ;
#2906 = ORIENTED_EDGE ( 'NONE', *, *, #551, .T. ) ;
#2907 = CC_DESIGN_DATE_AND_TIME_ASSIGNMENT ( #2025, #887, ( #3169 ) ) ;
#2908 = ORIENTED_EDGE ( 'NONE', *, *, #847, .T. ) ;
#2909 = DIRECTION ( 'NONE',  ( -0.000000000000000000, -0.000000000000000000, -1.000000000000000000 ) ) ;
#2910 = DIRECTION ( 'NONE',  ( -1.000000000000000000, 0.000000000000000000, 0.000000000000000000 ) ) ;
#2911 = VERTEX_POINT ( 'NONE', #3273 ) ;
#2912 = ADVANCED_FACE ( 'NONE', ( #7, #2170 ), #841, .T. ) ;
#2913 = EDGE_LOOP ( 'NONE', ( #725, #2593 ) ) ;
#2914 = CARTESIAN_POINT ( 'NONE',  ( 132.0138863796576629, 16.01454772475684152, 15.00000000000000000 ) ) ;
#2915 = CARTESIAN_POINT ( 'NONE',  ( 62.05476400857101282, 41.03786520321301623, 4.000000000000000000 ) ) ;
#2916 = EDGE_CURVE ( 'NONE', #1596, #2085, #1094, .T. ) ;
#2917 = VERTEX_POINT ( 'NONE', #315 ) ;
#2918 = FACE_OUTER_BOUND ( 'NONE', #3516, .T. ) ;
#2919 = DIRECTION ( 'NONE',  ( 0.000000000000000000, -1.000000000000000000, 0.000000000000000000 ) ) ;
#2920 = CARTESIAN_POINT ( 'NONE',  ( 130.5547640085710270, 33.03786520321305886, 0.000000000000000000 ) ) ;
#2921 = AXIS2_PLACEMENT_3D ( 'NONE', #1168, #2270, #1732 ) ;
#2922 = PERSON_AND_ORGANIZATION_ROLE ( 'classification_officer' ) ;
#2923 = VERTEX_POINT ( 'NONE', #2774 ) ;
#2924 = VECTOR ( 'NONE', #2904, 1000.000000000000000 ) ;
#2925 = CLOSED_SHELL ( 'NONE', ( #1652, #278, #905, #127, #828, #1452, #1759, #1079, #2783, #3116, #1466, #185, #997, #2145, #2678, #3325, #1335, #805, #3194, #607, #442, #2717, #2724, #3394, #1620, #1853, #1309, #712, #3245, #3320, #1866, #1223, #624, #304, #1690, #2099, #1298, #2244, #1172, #36, #2112, #3136, #3154, #2635, #3264, #1448, #3189, #1408, #3307, #1903, #1582, #631, #2376, #2314, #2828, #375, #3455, #1212, #1948, #331, #1002, #610, #1437, #96, #648, #1740, #2888, #2231, #2592, #975, #478, #1279, #937, #2049, #1237, #2897, #2912, #1839, #163, #2781, #1165, #1568, #666, #367, #2851, #1404, #2762, #1376, #2227, #3469, #73, #345, #3216, #3456, #1910, #2211, #2386, #2077, #2134, #2339, #2141, #2876, #565, #1232, #3226, #2756, #654, #2203, #2987 ) ) ;
#2926 = DIRECTION ( 'NONE',  ( 0.000000000000000000, 0.000000000000000000, 1.000000000000000000 ) ) ;
#2927 = FACE_BOUND ( 'NONE', #251, .T. ) ;
#2928 = DIRECTION ( 'NONE',  ( -1.000000000000000000, 0.000000000000000000, 0.000000000000000000 ) ) ;
#2929 = VECTOR ( 'NONE', #2514, 1000.000000000000000 ) ;
#2930 = VERTEX_POINT ( 'NONE', #262 ) ;
#2931 = VECTOR ( 'NONE', #1552, 1000.000000000000000 ) ;
#2932 = CIRCLE ( 'NONE', #1374, 4.500000000001266542 ) ;
#2933 = EDGE_CURVE ( 'NONE', #2723, #341, #1074, .T. ) ;
#2934 = ORIENTED_EDGE ( 'NONE', *, *, #314, .F. ) ;
#2935 = DIRECTION ( 'NONE',  ( -1.000000000000000000, 0.000000000000000000, 0.000000000000000000 ) ) ;
#2936 = CARTESIAN_POINT ( 'NONE',  ( 80.05476400856974806, 16.03786520321925835, 14.00000000000000000 ) ) ;
#2937 = VECTOR ( 'NONE', #3107, 1000.000000000000000 ) ;
#2938 = EDGE_CURVE ( 'NONE', #2257, #66, #2540, .T. ) ;
#2939 = ORIENTED_EDGE ( 'NONE', *, *, #2215, .F. ) ;
#2940 = AXIS2_PLACEMENT_3D ( 'NONE', #3384, #1972, #2784 ) ;
#2941 = FACE_BOUND ( 'NONE', #2896, .T. ) ;
#2942 = DIRECTION ( 'NONE',  ( 0.000000000000000000, 0.000000000000000000, -1.000000000000000000 ) ) ;
#2943 = CIRCLE ( 'NONE', #2656, 2.500000000000002220 ) ;
#2944 = EDGE_CURVE ( 'NONE', #490, #211, #3281, .T. ) ;
#2945 = CARTESIAN_POINT ( 'NONE',  ( 42.05476400857100572, 86.03786520321301623, 4.000000000000000000 ) ) ;
#2946 = AXIS2_PLACEMENT_3D ( 'NONE', #27, #2443, #599 ) ;
#2947 = DATE_AND_TIME ( #1766, #132 ) ;
#2948 = EDGE_LOOP ( 'NONE', ( #2332, #392, #2118, #2973 ) ) ;
#2949 = CIRCLE ( 'NONE', #2198, 2.000000000000001776 ) ;
#2950 = CARTESIAN_POINT ( 'NONE',  ( 127.0547640085710128, 41.03786520321301623, 4.000000000000000000 ) ) ;
#2951 = DIRECTION ( 'NONE',  ( 1.000000000000000000, 0.000000000000000000, -0.000000000000000000 ) ) ;
#2952 = CARTESIAN_POINT ( 'NONE',  ( 42.05476400857100572, 41.03786520321301623, 4.000000000000000000 ) ) ;
#2953 = ORIENTED_EDGE ( 'NONE', *, *, #2652, .F. ) ;
#2954 = VERTEX_POINT ( 'NONE', #1122 ) ;
#2955 = CARTESIAN_POINT ( 'NONE',  ( 68.00476564381644096, 58.23786520321409910, 0.000000000000000000 ) ) ;
#2956 = PLANE ( 'NONE',  #1208 ) ;
#2957 = VERTEX_POINT ( 'NONE', #3056 ) ;
#2958 = EDGE_CURVE ( 'NONE', #2258, #1287, #758, .T. ) ;
#2959 = ORIENTED_EDGE ( 'NONE', *, *, #3399, .T. ) ;
#2960 = CARTESIAN_POINT ( 'NONE',  ( 43.55820850438259129, 92.03786520321298781, 64.00000000000000000 ) ) ;
#2961 = EDGE_CURVE ( 'NONE', #1413, #3261, #826, .T. ) ;
#2962 = DIRECTION ( 'NONE',  ( -1.000000000000000000, 0.000000000000000000, 0.000000000000000000 ) ) ;
#2963 = EDGE_LOOP ( 'NONE', ( #2439, #139, #1908, #1349 ) ) ;
#2964 = EDGE_CURVE ( 'NONE', #2121, #1389, #1213, .T. ) ;
#2965 = PLANE ( 'NONE',  #1196 ) ;
#2966 = DIRECTION ( 'NONE',  ( -1.000000000000000000, 0.000000000000000000, 0.000000000000000000 ) ) ;
#2967 = DIRECTION ( 'NONE',  ( -0.000000000000000000, -0.000000000000000000, -1.000000000000000000 ) ) ;
#2968 = ORIENTED_EDGE ( 'NONE', *, *, #3087, .F. ) ;
#2969 = CARTESIAN_POINT ( 'NONE',  ( 46.05476400857100572, 86.03786520321301623, 15.00000000000000000 ) ) ;
#2970 = ORIENTED_EDGE ( 'NONE', *, *, #3104, .T. ) ;
#2971 = DIRECTION ( 'NONE',  ( -1.000000000000000000, 0.000000000000000000, 0.000000000000000000 ) ) ;
#2972 = DIRECTION ( 'NONE',  ( 0.000000000000000000, 0.000000000000000000, -1.000000000000000000 ) ) ;
#2973 = ORIENTED_EDGE ( 'NONE', *, *, #122, .F. ) ;
#2974 = EDGE_LOOP ( 'NONE', ( #1235, #1628 ) ) ;
#2975 = DIRECTION ( 'NONE',  ( -0.000000000000000000, -0.000000000000000000, 1.000000000000000000 ) ) ;
#2976 = CARTESIAN_POINT ( 'NONE',  ( 102.3547656438165347, 71.38786520321384899, 0.000000000000000000 ) ) ;
#2977 = LINE ( 'NONE', #1263, #3372 ) ;
#2978 = EDGE_CURVE ( 'NONE', #3214, #1265, #1621, .T. ) ;
#2979 = ORIENTED_EDGE ( 'NONE', *, *, #2529, .T. ) ;
#2980 = EDGE_LOOP ( 'NONE', ( #750, #722 ) ) ;
#2981 = CIRCLE ( 'NONE', #2285, 4.500000000001266542 ) ;
#2982 = DIRECTION ( 'NONE',  ( -0.000000000000000000, -0.000000000000000000, -1.000000000000000000 ) ) ;
#2983 = CARTESIAN_POINT ( 'NONE',  ( 44.55476400856561980, 111.0378652032192264, 20.00000000000000000 ) ) ;
#2984 = LINE ( 'NONE', #2749, #2660 ) ;
#2985 = ORIENTED_EDGE ( 'NONE', *, *, #759, .F. ) ;
#2986 = AXIS2_PLACEMENT_3D ( 'NONE', #2599, #2885, #2323 ) ;
#2987 = ADVANCED_FACE ( 'NONE', ( #1928 ), #1617, .F. ) ;
#2988 = DIRECTION ( 'NONE',  ( 0.000000000000000000, 0.000000000000000000, -1.000000000000000000 ) ) ;
#2989 = ORIENTED_EDGE ( 'NONE', *, *, #3366, .F. ) ;
#2990 = CIRCLE ( 'NONE', #2583, 2.500000000000002220 ) ;
#2991 = DIRECTION ( 'NONE',  ( 0.000000000000000000, 0.000000000000000000, -1.000000000000000000 ) ) ;
#2992 = LINE ( 'NONE', #530, #1968 ) ;
#2993 = ORIENTED_EDGE ( 'NONE', *, *, #981, .F. ) ;
#2994 = VECTOR ( 'NONE', #1674, 1000.000000000000000 ) ;
#2995 = DIRECTION ( 'NONE',  ( -0.000000000000000000, -0.000000000000000000, -1.000000000000000000 ) ) ;
#2996 = DIRECTION ( 'NONE',  ( 0.000000000000000000, 0.000000000000000000, -1.000000000000000000 ) ) ;
#2997 = VECTOR ( 'NONE', #2096, 1000.000000000000000 ) ;
#2998 = AXIS2_PLACEMENT_3D ( 'NONE', #2217, #849, #1334 ) ;
#2999 = DIRECTION ( 'NONE',  ( -1.000000000000000000, 0.000000000000000000, 0.000000000000000000 ) ) ;
#3000 = AXIS2_PLACEMENT_3D ( 'NONE', #1017, #183, #2428 ) ;
#3001 = ORIENTED_EDGE ( 'NONE', *, *, #3062, .F. ) ;
#3002 = VECTOR ( 'NONE', #1772, 1000.000000000000000 ) ;
#3003 = DIRECTION ( 'NONE',  ( -1.000000000000000000, 0.000000000000000000, 0.000000000000000000 ) ) ;
#3004 = CARTESIAN_POINT ( 'NONE',  ( 84.55476400857101282, 16.03786520321925835, 15.00000000000000000 ) ) ;
#3005 = CARTESIAN_POINT ( 'NONE',  ( 29.55476400857101282, 113.5378652032129878, 24.00000000000000000 ) ) ;
#3006 = ORIENTED_EDGE ( 'NONE', *, *, #486, .T. ) ;
#3007 = VECTOR ( 'NONE', #3348, 1000.000000000000000 ) ;
#3008 = EDGE_CURVE ( 'NONE', #509, #2957, #2753, .T. ) ;
#3009 = DIRECTION ( 'NONE',  ( 0.000000000000000000, -1.000000000000000000, 0.000000000000000000 ) ) ;
#3010 = ORIENTED_EDGE ( 'NONE', *, *, #145, .F. ) ;
#3011 = AXIS2_PLACEMENT_3D ( 'NONE', #571, #3283, #2218 ) ;
#3012 = CARTESIAN_POINT ( 'NONE',  ( 117.0547640085710128, 86.03786520321301623, 0.000000000000000000 ) ) ;
#3013 = DIRECTION ( 'NONE',  ( 0.000000000000000000, -0.000000000000000000, -1.000000000000000000 ) ) ;
#3014 = ORIENTED_EDGE ( 'NONE', *, *, #234, .F. ) ;
#3015 = EDGE_CURVE ( 'NONE', #2269, #2505, #2495, .T. ) ;
#3016 = ORIENTED_EDGE ( 'NONE', *, *, #2822, .F. ) ;
#3017 = CARTESIAN_POINT ( 'NONE',  ( 49.30476400857100572, 63.53786520321301623, 0.000000000000000000 ) ) ;
#3018 = CARTESIAN_POINT ( 'NONE',  ( 34.65059727002839196, 64.01056688839513242, 35.31370849898474518 ) ) ;
#3019 = CARTESIAN_POINT ( 'NONE',  ( 134.5547640085709986, 118.5378652032130162, 15.00000000000000000 ) ) ;
#3020 = FACE_OUTER_BOUND ( 'NONE', #609, .T. ) ;
#3021 = DIRECTION ( 'NONE',  ( -0.000000000000000000, -0.000000000000000000, -1.000000000000000000 ) ) ;
#3022 = EDGE_LOOP ( 'NONE', ( #1459, #1865 ) ) ;
#3023 = VERTEX_POINT ( 'NONE', #1058 ) ;
#3024 = DIRECTION ( 'NONE',  ( 0.000000000000000000, 0.000000000000000000, -1.000000000000000000 ) ) ;
#3025 = EDGE_CURVE ( 'NONE', #2030, #1639, #186, .T. ) ;
#3026 = DIRECTION ( 'NONE',  ( -1.000000000000000000, 0.000000000000000000, 0.000000000000000000 ) ) ;
#3027 = VERTEX_POINT ( 'NONE', #790 ) ;
#3028 = VERTEX_POINT ( 'NONE', #1892 ) ;
#3029 = CYLINDRICAL_SURFACE ( 'NONE', #346, 2.750000000000002665 ) ;
#3030 = EDGE_CURVE ( 'NONE', #2269, #2053, #2992, .T. ) ;
#3031 = CARTESIAN_POINT ( 'NONE',  ( 121.5582085043825913, 35.03786520321300912, 24.00000000000000000 ) ) ;
#3032 = CARTESIAN_POINT ( 'NONE',  ( 101.7047656438165291, 71.38786520321384899, 15.00000000000000000 ) ) ;
#3033 = ORIENTED_EDGE ( 'NONE', *, *, #555, .F. ) ;
#3034 = CARTESIAN_POINT ( 'NONE',  ( 84.55476400856565533, 111.0378652032192264, 14.00000000000000000 ) ) ;
#3035 = DIRECTION ( 'NONE',  ( -1.000000000000000000, 0.000000000000000000, 0.000000000000000000 ) ) ;
#3036 = ORIENTED_EDGE ( 'NONE', *, *, #1189, .F. ) ;
#3037 = EDGE_LOOP ( 'NONE', ( #317, #1572, #3497, #1958 ) ) ;
#3038 = CARTESIAN_POINT ( 'NONE',  ( 84.55476400857101282, 41.03786520321301623, 15.00000000000000000 ) ) ;
#3039 = DIRECTION ( 'NONE',  ( -0.000000000000000000, -0.000000000000000000, -1.000000000000000000 ) ) ;
#3040 = AXIS2_PLACEMENT_3D ( 'NONE', #2736, #2988, #1707 ) ;
#3041 = EDGE_LOOP ( 'NONE', ( #3219, #717 ) ) ;
#3042 = VECTOR ( 'NONE', #3133, 1000.000000000000000 ) ;
#3043 = AXIS2_PLACEMENT_3D ( 'NONE', #2059, #1770, #1736 ) ;
#3044 = DIRECTION ( 'NONE',  ( 1.000000000000000000, 0.000000000000000000, 0.000000000000000000 ) ) ;
#3045 = DIRECTION ( 'NONE',  ( -0.000000000000000000, -0.000000000000000000, -1.000000000000000000 ) ) ;
#3046 = AXIS2_PLACEMENT_3D ( 'NONE', #3148, #689, #993 ) ;
#3047 = AXIS2_PLACEMENT_3D ( 'NONE', #1666, #238, #1327 ) ;
#3048 = CARTESIAN_POINT ( 'NONE',  ( 39.55476400856561270, 16.03786520321925835, 20.00000000000000000 ) ) ;
#3049 = ORIENTED_EDGE ( 'NONE', *, *, #734, .F. ) ;
#3050 = EDGE_CURVE ( 'NONE', #133, #1332, #2029, .T. ) ;
#3051 = CARTESIAN_POINT ( 'NONE',  ( 58.05476400857101282, 41.03786520321301623, 4.000000000000000000 ) ) ;
#3052 = DIRECTION ( 'NONE',  ( -0.000000000000000000, -0.000000000000000000, -1.000000000000000000 ) ) ;
#3053 = AXIS2_PLACEMENT_3D ( 'NONE', #1401, #1114, #2214 ) ;
#3054 = ORIENTED_EDGE ( 'NONE', *, *, #3510, .F. ) ;
#3055 = CARTESIAN_POINT ( 'NONE',  ( 102.3547656438165347, 71.38786520321384899, 15.00000000000000000 ) ) ;
#3056 = CARTESIAN_POINT ( 'NONE',  ( 69.45476564381645801, 64.88786520321407636, 0.000000000000000000 ) ) ;
#3057 = AXIS2_PLACEMENT_3D ( 'NONE', #2641, #1301, #1571 ) ;
#3058 = VERTEX_POINT ( 'NONE', #3391 ) ;
#3059 = VECTOR ( 'NONE', #1117, 1000.000000000000000 ) ;
#3060 = DIRECTION ( 'NONE',  ( -0.000000000000000000, -0.000000000000000000, 1.000000000000000000 ) ) ;
#3061 = DIRECTION ( 'NONE',  ( -0.000000000000000000, -0.000000000000000000, -1.000000000000000000 ) ) ;
#3062 = EDGE_CURVE ( 'NONE', #2723, #2146, #3108, .T. ) ;
#3063 = CARTESIAN_POINT ( 'NONE',  ( 35.05476400856434793, 16.03786520321925835, 20.00000000000000000 ) ) ;
#3064 = FACE_BOUND ( 'NONE', #2057, .T. ) ;
#3065 = ORIENTED_EDGE ( 'NONE', *, *, #2632, .T. ) ;
#3066 = CYLINDRICAL_SURFACE ( 'NONE', #2341, 2.750000000000002665 ) ;
#3067 = CARTESIAN_POINT ( 'NONE',  ( 84.55476400856565533, 111.0378652032192264, 20.00000000000000000 ) ) ;
#3068 = EDGE_CURVE ( 'NONE', #1177, #2327, #2249, .T. ) ;
#3069 = APPROVAL_ROLE ( '' ) ;
#3070 = VERTEX_POINT ( 'NONE', #946 ) ;
#3071 = ORIENTED_EDGE ( 'NONE', *, *, #3124, .F. ) ;
#3072 = DIRECTION ( 'NONE',  ( -1.000000000000000000, 0.000000000000000000, 0.000000000000000000 ) ) ;
#3073 = DIRECTION ( 'NONE',  ( -0.000000000000000000, -0.000000000000000000, -1.000000000000000000 ) ) ;
#3074 = ORIENTED_EDGE ( 'NONE', *, *, #702, .T. ) ;
#3075 = LINE ( 'NONE', #2032, #3324 ) ;
#3076 = PLANE ( 'NONE',  #2534 ) ;
#3077 = CARTESIAN_POINT ( 'NONE',  ( 127.0138863796576629, 16.01454772475684152, 15.00000000000000000 ) ) ;
#3078 = CARTESIAN_POINT ( 'NONE',  ( 111.0547640085709986, 41.03786520321301623, 4.000000000000000000 ) ) ;
#3079 = EDGE_CURVE ( 'NONE', #1813, #2385, #88, .T. ) ;
#3080 = CARTESIAN_POINT ( 'NONE',  ( 134.5547640085710270, 33.03786520321305886, 12.00000000000000000 ) ) ;
#3081 = FACE_OUTER_BOUND ( 'NONE', #1143, .T. ) ;
#3082 = VERTEX_POINT ( 'NONE', #664 ) ;
#3083 = VERTEX_POINT ( 'NONE', #2296 ) ;
#3084 = CARTESIAN_POINT ( 'NONE',  ( 52.05476400857100572, 86.03786520321301623, 0.000000000000000000 ) ) ;
#3085 = FACE_OUTER_BOUND ( 'NONE', #1993, .T. ) ;
#3086 = ORIENTED_EDGE ( 'NONE', *, *, #1720, .T. ) ;
#3087 = EDGE_CURVE ( 'NONE', #3276, #3419, #19, .T. ) ;
#3088 = VERTEX_POINT ( 'NONE', #891 ) ;
#3089 = CIRCLE ( 'NONE', #3484, 2.750000000000002665 ) ;
#3090 = DIRECTION ( 'NONE',  ( -0.000000000000000000, -0.000000000000000000, -1.000000000000000000 ) ) ;
#3091 = FACE_OUTER_BOUND ( 'NONE', #2003, .T. ) ;
#3092 = VECTOR ( 'NONE', #335, 1000.000000000000000 ) ;
#3093 = CYLINDRICAL_SURFACE ( 'NONE', #1, 10.00000000000000178 ) ;
#3094 = FACE_BOUND ( 'NONE', #2974, .T. ) ;
#3095 = AXIS2_PLACEMENT_3D ( 'NONE', #2375, #2975, #3499 ) ;
#3096 = CIRCLE ( 'NONE', #3272, 1.997516106995063323 ) ;
#3097 = ORIENTED_EDGE ( 'NONE', *, *, #3358, .T. ) ;
#3098 = CIRCLE ( 'NONE', #1544, 10.00000000000000178 ) ;
#3099 = DIRECTION ( 'NONE',  ( -0.000000000000000000, -0.000000000000000000, -1.000000000000000000 ) ) ;
#3100 = DIRECTION ( 'NONE',  ( 0.000000000000000000, 0.000000000000000000, 1.000000000000000000 ) ) ;
#3101 = DATE_AND_TIME ( #2273, #1675 ) ;
#3102 = AXIS2_PLACEMENT_3D ( 'NONE', #1696, #328, #1138 ) ;
#3103 = VERTEX_POINT ( 'NONE', #381 ) ;
#3104 = EDGE_CURVE ( 'NONE', #2453, #243, #869, .T. ) ;
#3105 = VECTOR ( 'NONE', #1919, 1000.000000000000000 ) ;
#3106 = EDGE_LOOP ( 'NONE', ( #1722, #811, #582, #2856 ) ) ;
#3107 = DIRECTION ( 'NONE',  ( 0.000000000000000000, 1.000000000000000000, 0.000000000000000000 ) ) ;
#3108 = LINE ( 'NONE', #3142, #3002 ) ;
#3109 = VERTEX_POINT ( 'NONE', #1502 ) ;
#3110 = EDGE_CURVE ( 'NONE', #2536, #3419, #51, .T. ) ;
#3111 = CIRCLE ( 'NONE', #1551, 2.500000000000002220 ) ;
#3112 = ORIENTED_EDGE ( 'NONE', *, *, #1323, .T. ) ;
#3113 = CIRCLE ( 'NONE', #815, 6.000000000000005329 ) ;
#3114 = CARTESIAN_POINT ( 'NONE',  ( 36.55476400857104835, 94.03786520321300202, 12.00000000000000000 ) ) ;
#3115 = DIRECTION ( 'NONE',  ( 0.000000000000000000, -0.000000000000000000, -1.000000000000000000 ) ) ;
#3116 = ADVANCED_FACE ( 'NONE', ( #2278 ), #1479, .F. ) ;
#3117 = DIRECTION ( 'NONE',  ( -0.000000000000000000, -0.000000000000000000, 1.000000000000000000 ) ) ;
#3118 = DIRECTION ( 'NONE',  ( 0.000000000000000000, 0.000000000000000000, -1.000000000000000000 ) ) ;
#3119 = ORIENTED_EDGE ( 'NONE', *, *, #455, .T. ) ;
#3120 = CYLINDRICAL_SURFACE ( 'NONE', #285, 2.500000000000002220 ) ;
#3121 = CARTESIAN_POINT ( 'NONE',  ( 132.5547640085710270, 94.03786520321300202, 12.00000000000000000 ) ) ;
#3122 = PERSON_AND_ORGANIZATION ( #1971, #873 ) ;
#3123 = VERTEX_POINT ( 'NONE', #2532 ) ;
#3124 = EDGE_CURVE ( 'NONE', #502, #3291, #422, .T. ) ;
#3125 = DIRECTION ( 'NONE',  ( -1.000000000000000000, 0.000000000000000000, 0.000000000000000000 ) ) ;
#3126 = DIRECTION ( 'NONE',  ( 0.000000000000000000, 0.000000000000000000, -1.000000000000000000 ) ) ;
#3127 = CARTESIAN_POINT ( 'NONE',  ( 52.05476400857100572, 86.03786520321301623, 4.000000000000000000 ) ) ;
#3128 = ORIENTED_EDGE ( 'NONE', *, *, #1128, .F. ) ;
#3129 = ORIENTED_EDGE ( 'NONE', *, *, #2690, .T. ) ;
#3130 = DIRECTION ( 'NONE',  ( 0.000000000000000000, 0.000000000000000000, 1.000000000000000000 ) ) ;
#3131 = DIRECTION ( 'NONE',  ( -1.000000000000000000, 0.000000000000000000, 0.000000000000000000 ) ) ;
#3132 = ORIENTED_EDGE ( 'NONE', *, *, #1826, .T. ) ;
#3133 = DIRECTION ( 'NONE',  ( -0.000000000000000000, -0.000000000000000000, -1.000000000000000000 ) ) ;
#3134 = FACE_OUTER_BOUND ( 'NONE', #1425, .T. ) ;
#3135 = ORIENTED_EDGE ( 'NONE', *, *, #3062, .T. ) ;
#3136 = ADVANCED_FACE ( 'NONE', ( #3085 ), #70, .F. ) ;
#3137 = FACE_OUTER_BOUND ( 'NONE', #257, .T. ) ;
#3138 = CYLINDRICAL_SURFACE ( 'NONE', #1492, 3.999999999999996447 ) ;
#3139 = VERTEX_POINT ( 'NONE', #1461 ) ;
#3140 = CYLINDRICAL_SURFACE ( 'NONE', #3319, 2.500000000000002220 ) ;
#3141 = CARTESIAN_POINT ( 'NONE',  ( 139.5547640085710270, 101.0378652032130162, 14.00000000000000000 ) ) ;
#3142 = CARTESIAN_POINT ( 'NONE',  ( 134.5547640085709986, 8.537865203213021559, 24.00000000000000000 ) ) ;
#3143 = ORIENTED_EDGE ( 'NONE', *, *, #1881, .T. ) ;
#3144 = EDGE_LOOP ( 'NONE', ( #1393, #3475, #204, #906, #1474, #2939 ) ) ;
#3145 = DIRECTION ( 'NONE',  ( -0.000000000000000000, -0.000000000000000000, 1.000000000000000000 ) ) ;
#3146 = VERTEX_POINT ( 'NONE', #1430 ) ;
#3147 = LINE ( 'NONE', #1784, #2344 ) ;
#3148 = CARTESIAN_POINT ( 'NONE',  ( 44.55476400856561980, 111.0378652032192264, 14.00000000000000000 ) ) ;
#3149 = ORIENTED_EDGE ( 'NONE', *, *, #1643, .T. ) ;
#3150 = VECTOR ( 'NONE', #2160, 1000.000000000000000 ) ;
#3151 = AXIS2_PLACEMENT_3D ( 'NONE', #2827, #3130, #894 ) ;
#3152 = LINE ( 'NONE', #695, #414 ) ;
#3153 = ORIENTED_EDGE ( 'NONE', *, *, #1833, .T. ) ;
#3154 = ADVANCED_FACE ( 'NONE', ( #908 ), #2858, .T. ) ;
#3155 = CIRCLE ( 'NONE', #2763, 4.999999999999997335 ) ;
#3156 = AXIS2_PLACEMENT_3D ( 'NONE', #2338, #2633, #1293 ) ;
#3157 = CARTESIAN_POINT ( 'NONE',  ( 46.05476400857100572, 41.03786520321301623, 4.000000000000000000 ) ) ;
#3158 = AXIS2_PLACEMENT_3D ( 'NONE', #1570, #1518, #3208 ) ;
#3159 = CARTESIAN_POINT ( 'NONE',  ( 139.5547640085710270, 113.5378652032129878, 15.00000000000000000 ) ) ;
#3160 = DIRECTION ( 'NONE',  ( 0.000000000000000000, 1.000000000000000000, -0.000000000000000000 ) ) ;
#3161 = EDGE_LOOP ( 'NONE', ( #3530, #2401 ) ) ;
#3162 = ORIENTED_EDGE ( 'NONE', *, *, #2033, .F. ) ;
#3163 = DIRECTION ( 'NONE',  ( 0.000000000000000000, 0.000000000000000000, 1.000000000000000000 ) ) ;
#3164 = DIRECTION ( 'NONE',  ( 1.000000000000000000, 0.000000000000000000, 0.000000000000000000 ) ) ;
#3165 = VECTOR ( 'NONE', #1897, 1000.000000000000000 ) ;
#3166 = CIRCLE ( 'NONE', #1618, 2.500000000000002220 ) ;
#3167 = VERTEX_POINT ( 'NONE', #613 ) ;
#3168 = DIRECTION ( 'NONE',  ( -1.000000000000000000, 0.000000000000000000, -0.000000000000000000 ) ) ;
#3169 = PRODUCT_DEFINITION ( 'UNKNOWN', '', #817, #1358 ) ;
#3170 = CARTESIAN_POINT ( 'NONE',  ( 47.55820850438259129, 35.03786520321300912, 15.00000000000000000 ) ) ;
#3171 = AXIS2_PLACEMENT_3D ( 'NONE', #3311, #3265, #22 ) ;
#3172 = FACE_OUTER_BOUND ( 'NONE', #3411, .T. ) ;
#3173 = LINE ( 'NONE', #3437, #751 ) ;
#3174 = COORDINATED_UNIVERSAL_TIME_OFFSET ( 3, 0, .BEHIND. ) ;
#3175 = VERTEX_POINT ( 'NONE', #1216 ) ;
#3176 = EDGE_CURVE ( 'NONE', #1220, #2648, #1697, .T. ) ;
#3177 = DIRECTION ( 'NONE',  ( 1.000000000000000000, 0.000000000000000000, 0.000000000000000000 ) ) ;
#3178 = LINE ( 'NONE', #449, #2416 ) ;
#3179 = DIRECTION ( 'NONE',  ( -0.000000000000000000, -0.000000000000000000, -1.000000000000000000 ) ) ;
#3180 = VERTEX_POINT ( 'NONE', #1446 ) ;
#3181 = ORIENTED_EDGE ( 'NONE', *, *, #702, .F. ) ;
#3182 = DIRECTION ( 'NONE',  ( 1.000000000000000000, 0.000000000000000000, 0.000000000000000000 ) ) ;
#3183 = DIRECTION ( 'NONE',  ( -1.000000000000000000, 0.000000000000000000, 0.000000000000000000 ) ) ;
#3184 = EDGE_LOOP ( 'NONE', ( #2039, #2742 ) ) ;
#3185 = PLANE ( 'NONE',  #231 ) ;
#3186 = PLANE ( 'NONE',  #3156 ) ;
#3187 = CARTESIAN_POINT ( 'NONE',  ( 131.6505972700283564, 64.01056688839513242, 0.000000000000000000 ) ) ;
#3188 = ORIENTED_EDGE ( 'NONE', *, *, #3286, .F. ) ;
#3189 = ADVANCED_FACE ( 'NONE', ( #1175 ), #2010, .T. ) ;
#3190 = DIRECTION ( 'NONE',  ( -0.000000000000000000, -0.000000000000000000, -1.000000000000000000 ) ) ;
#3191 = LINE ( 'NONE', #3141, #2997 ) ;
#3192 = CARTESIAN_POINT ( 'NONE',  ( 125.5582085043825913, 35.03786520321300912, 15.00000000000000000 ) ) ;
#3193 = EDGE_LOOP ( 'NONE', ( #1828, #2871, #1108, #90 ) ) ;
#3194 = ADVANCED_FACE ( 'NONE', ( #2567 ), #105, .F. ) ;
#3195 = EDGE_LOOP ( 'NONE', ( #2013, #3181, #1497, #1632 ) ) ;
#3196 = CARTESIAN_POINT ( 'NONE',  ( 44.55476400856561980, 111.0378652032192264, 20.00000000000000000 ) ) ;
#3197 = CYLINDRICAL_SURFACE ( 'NONE', #3000, 2.000000000000001776 ) ;
#3198 = EDGE_CURVE ( 'NONE', #715, #225, #2481, .T. ) ;
#3199 = VERTEX_POINT ( 'NONE', #2663 ) ;
#3200 = CARTESIAN_POINT ( 'NONE',  ( 52.05476400857100572, 41.03786520321301623, 4.000000000000000000 ) ) ;
#3201 = FACE_OUTER_BOUND ( 'NONE', #3144, .T. ) ;
#3202 = PRODUCT ( 'felko pines', 'felko pines', '', ( #2581 ) ) ;
#3203 = DIRECTION ( 'NONE',  ( -1.000000000000000000, 0.000000000000000000, 0.000000000000000000 ) ) ;
#3204 = VECTOR ( 'NONE', #3009, 1000.000000000000000 ) ;
#3205 = ORIENTED_EDGE ( 'NONE', *, *, #41, .F. ) ;
#3206 = CIRCLE ( 'NONE', #2406, 4.500000000001266542 ) ;
#3207 = CARTESIAN_POINT ( 'NONE',  ( 35.05476400856434793, 16.03786520321925835, 14.00000000000000000 ) ) ;
#3208 = DIRECTION ( 'NONE',  ( 1.000000000000000000, 0.000000000000000000, 0.000000000000000000 ) ) ;
#3209 = CARTESIAN_POINT ( 'NONE',  ( 39.55476400856561270, 16.03786520321925835, 14.00000000000000000 ) ) ;
#3210 = AXIS2_PLACEMENT_3D ( 'NONE', #1541, #1861, #2706 ) ;
#3211 = VERTEX_POINT ( 'NONE', #1850 ) ;
#3212 = AXIS2_PLACEMENT_3D ( 'NONE', #1824, #2926, #469 ) ;
#3213 = VECTOR ( 'NONE', #1057, 1000.000000000000000 ) ;
#3214 = VERTEX_POINT ( 'NONE', #1012 ) ;
#3215 = CARTESIAN_POINT ( 'NONE',  ( 68.00476564381639832, 60.38786520321409768, 15.00000000000000000 ) ) ;
#3216 = ADVANCED_FACE ( 'NONE', ( #3489 ), #2097, .F. ) ;
#3217 = CARTESIAN_POINT ( 'NONE',  ( 68.00476564381639832, 60.38786520321409768, 0.000000000000000000 ) ) ;
#3218 = ORIENTED_EDGE ( 'NONE', *, *, #2770, .F. ) ;
#3219 = ORIENTED_EDGE ( 'NONE', *, *, #2185, .T. ) ;
#3220 = AXIS2_PLACEMENT_3D ( 'NONE', #2798, #2255, #2236 ) ;
#3221 = DIRECTION ( 'NONE',  ( -1.000000000000000000, 0.000000000000000000, -0.000000000000000000 ) ) ;
#3222 = EDGE_CURVE ( 'NONE', #1413, #1110, #3337, .T. ) ;
#3223 = CARTESIAN_POINT ( 'NONE',  ( 134.5547640085710270, 8.537865203213021559, 14.00000000000000000 ) ) ;
#3224 = AXIS2_PLACEMENT_3D ( 'NONE', #603, #334, #57 ) ;
#3225 = CARTESIAN_POINT ( 'NONE',  ( 130.5547640085710270, 94.03786520321300202, 0.000000000000000000 ) ) ;
#3226 = ADVANCED_FACE ( 'NONE', ( #1034 ), #143, .F. ) ;
#3227 = AXIS2_PLACEMENT_3D ( 'NONE', #3352, #1992, #2241 ) ;
#3228 = VERTEX_POINT ( 'NONE', #1869 ) ;
#3229 = APPROVAL_PERSON_ORGANIZATION ( #84, #3381, #3069 ) ;
#3230 = CYLINDRICAL_SURFACE ( 'NONE', #2005, 4.500000000001266542 ) ;
#3231 = CYLINDRICAL_SURFACE ( 'NONE', #3386, 4.500000000001266542 ) ;
#3232 = CARTESIAN_POINT ( 'NONE',  ( 117.0547640085710128, 86.03786520321301623, 15.00000000000000000 ) ) ;
#3233 = ORIENTED_EDGE ( 'NONE', *, *, #404, .T. ) ;
#3234 = LINE ( 'NONE', #1911, #3204 ) ;
#3235 = VERTEX_POINT ( 'NONE', #3192 ) ;
#3236 = CARTESIAN_POINT ( 'NONE',  ( 70.75476564381645517, 64.88786520321407636, 15.00000000000000000 ) ) ;
#3237 = CARTESIAN_POINT ( 'NONE',  ( 132.5547640085710270, 33.03786520321305886, 12.00000000000000000 ) ) ;
#3238 = ORIENTED_EDGE ( 'NONE', *, *, #3008, .T. ) ;
#3239 = EDGE_CURVE ( 'NONE', #66, #2257, #3113, .T. ) ;
#3240 = ORIENTED_EDGE ( 'NONE', *, *, #822, .T. ) ;
#3241 = CARTESIAN_POINT ( 'NONE',  ( 123.0547640085710128, 86.03786520321301623, 4.000000000000000000 ) ) ;
#3242 = DIRECTION ( 'NONE',  ( -0.000000000000000000, -0.000000000000000000, -1.000000000000000000 ) ) ;
#3243 = DIRECTION ( 'NONE',  ( 0.000000000000000000, 0.000000000000000000, -1.000000000000000000 ) ) ;
#3244 = ORIENTED_EDGE ( 'NONE', *, *, #734, .T. ) ;
#3245 = ADVANCED_FACE ( 'NONE', ( #1532 ), #1248, .F. ) ;
#3246 = CARTESIAN_POINT ( 'NONE',  ( 69.45476564381648643, 67.03786520321406783, 15.00000000000000000 ) ) ;
#3247 = CARTESIAN_POINT ( 'NONE',  ( 84.55476400856565533, 111.0378652032192264, 20.00000000000000000 ) ) ;
#3248 = CARTESIAN_POINT ( 'NONE',  ( 68.65476564381643243, 58.23786520321409910, 15.00000000000000000 ) ) ;
#3249 = ORIENTED_EDGE ( 'NONE', *, *, #1018, .T. ) ;
#3250 = LINE ( 'NONE', #2969, #2816 ) ;
#3251 = ORIENTED_EDGE ( 'NONE', *, *, #1844, .F. ) ;
#3252 = DIRECTION ( 'NONE',  ( -0.000000000000000000, -0.000000000000000000, -1.000000000000000000 ) ) ;
#3253 = DIRECTION ( 'NONE',  ( -1.000000000000000000, 0.000000000000000000, 0.000000000000000000 ) ) ;
#3254 = EDGE_LOOP ( 'NONE', ( #269, #1976, #187, #1469 ) ) ;
#3255 = CARTESIAN_POINT ( 'NONE',  ( 34.55724790157598392, 94.03786520321300202, 0.000000000000000000 ) ) ;
#3256 = CARTESIAN_POINT ( 'NONE',  ( 139.5547640085710270, 13.53786520321302156, 15.00000000000000000 ) ) ;
#3257 = EDGE_CURVE ( 'NONE', #3321, #2786, #1152, .T. ) ;
#3258 = CARTESIAN_POINT ( 'NONE',  ( 117.0547640085710128, 63.53786520321301623, 15.00000000000000000 ) ) ;
#3259 = EDGE_CURVE ( 'NONE', #1364, #626, #2330, .T. ) ;
#3260 = EDGE_LOOP ( 'NONE', ( #3143, #2482 ) ) ;
#3261 = VERTEX_POINT ( 'NONE', #1554 ) ;
#3262 = CARTESIAN_POINT ( 'NONE',  ( 84.55476400857101282, 41.03786520321301623, 15.00000000000000000 ) ) ;
#3263 = DIRECTION ( 'NONE',  ( -1.000000000000000000, 0.000000000000000000, 0.000000000000000000 ) ) ;
#3264 = ADVANCED_FACE ( 'NONE', ( #3444 ), #2347, .T. ) ;
#3265 = DIRECTION ( 'NONE',  ( 0.000000000000000000, 0.000000000000000000, -1.000000000000000000 ) ) ;
#3266 = ORIENTED_EDGE ( 'NONE', *, *, #486, .F. ) ;
#3267 = CIRCLE ( 'NONE', #2986, 6.000000000000005329 ) ;
#3268 = DIRECTION ( 'NONE',  ( -1.000000000000000000, 0.000000000000000000, 0.000000000000000000 ) ) ;
#3269 = ORIENTED_EDGE ( 'NONE', *, *, #2253, .T. ) ;
#3270 = AXIS2_PLACEMENT_3D ( 'NONE', #2848, #2572, #111 ) ;
#3271 = DIRECTION ( 'NONE',  ( -1.000000000000000000, 0.000000000000000000, 0.000000000000000000 ) ) ;
#3272 = AXIS2_PLACEMENT_3D ( 'NONE', #1318, #2147, #2421 ) ;
#3273 = CARTESIAN_POINT ( 'NONE',  ( 119.8047640085710128, 63.53786520321301623, 15.00000000000000000 ) ) ;
#3274 = ORIENTED_EDGE ( 'NONE', *, *, #1606, .T. ) ;
#3275 = CIRCLE ( 'NONE', #174, 2.000000000000001776 ) ;
#3276 = VERTEX_POINT ( 'NONE', #961 ) ;
#3277 = AXIS2_PLACEMENT_3D ( 'NONE', #2043, #2622, #2346 ) ;
#3278 = VECTOR ( 'NONE', #957, 1000.000000000000000 ) ;
#3279 = DIRECTION ( 'NONE',  ( -1.000000000000000000, 0.000000000000000000, 0.000000000000000000 ) ) ;
#3280 = AXIS2_PLACEMENT_3D ( 'NONE', #2539, #2321, #2571 ) ;
#3281 = CIRCLE ( 'NONE', #1498, 6.000000000000005329 ) ;
#3282 = DIRECTION ( 'NONE',  ( 0.000000000000000000, 0.000000000000000000, -1.000000000000000000 ) ) ;
#3283 = DIRECTION ( 'NONE',  ( 0.000000000000000000, 0.000000000000000000, 1.000000000000000000 ) ) ;
#3284 = EDGE_LOOP ( 'NONE', ( #3218, #2643 ) ) ;
#3285 = APPROVAL_PERSON_ORGANIZATION ( #412, #301, #466 ) ;
#3286 = EDGE_CURVE ( 'NONE', #2954, #1013, #2022, .T. ) ;
#3287 = CARTESIAN_POINT ( 'NONE',  ( 125.5582085043825913, 35.03786520321300202, 24.00000000000000000 ) ) ;
#3288 = ORIENTED_EDGE ( 'NONE', *, *, #3050, .T. ) ;
#3289 = DIRECTION ( 'NONE',  ( 0.000000000000000000, 0.000000000000000000, -1.000000000000000000 ) ) ;
#3290 = CARTESIAN_POINT ( 'NONE',  ( 117.0547640085710128, 41.03786520321301623, 4.000000000000000000 ) ) ;
#3291 = VERTEX_POINT ( 'NONE', #749 ) ;
#3292 = EDGE_CURVE ( 'NONE', #1059, #2152, #1798, .T. ) ;
#3293 = EDGE_LOOP ( 'NONE', ( #1239, #1204, #3485, #237 ) ) ;
#3294 = CARTESIAN_POINT ( 'NONE',  ( 70.10476564381649212, 67.03786520321406783, 15.00000000000000000 ) ) ;
#3295 = LINE ( 'NONE', #2463, #1788 ) ;
#3296 = CARTESIAN_POINT ( 'NONE',  ( 29.55476400857101638, 13.53786520321305709, 14.00000000000000000 ) ) ;
#3297 = CARTESIAN_POINT ( 'NONE',  ( 125.5582085043825913, 35.03786520321304465, 15.00000000000000000 ) ) ;
#3298 = CARTESIAN_POINT ( 'NONE',  ( 127.0138863796576629, 111.0611826816691945, 20.00000000000000000 ) ) ;
#3299 = ORIENTED_EDGE ( 'NONE', *, *, #696, .F. ) ;
#3300 = ORIENTED_EDGE ( 'NONE', *, *, #314, .T. ) ;
#3301 = DIRECTION ( 'NONE',  ( -1.000000000000000000, 0.000000000000000000, 0.000000000000000000 ) ) ;
#3302 = ORIENTED_EDGE ( 'NONE', *, *, #3110, .T. ) ;
#3303 = EDGE_CURVE ( 'NONE', #1665, #1322, #3339, .T. ) ;
#3304 = EDGE_LOOP ( 'NONE', ( #327, #1830 ) ) ;
#3305 = CARTESIAN_POINT ( 'NONE',  ( 121.5582085043825913, 92.03786520321301623, 15.00000000000000000 ) ) ;
#3306 = DIRECTION ( 'NONE',  ( 0.000000000000000000, -0.000000000000000000, -1.000000000000000000 ) ) ;
#3307 = ADVANCED_FACE ( 'NONE', ( #2679 ), #451, .T. ) ;
#3308 = CARTESIAN_POINT ( 'NONE',  ( 84.55476400857101282, 16.03786520321925835, 20.00000000000000000 ) ) ;
#3309 = ORIENTED_EDGE ( 'NONE', *, *, #580, .F. ) ;
#3310 = CARTESIAN_POINT ( 'NONE',  ( 127.0547640085710128, 41.03786520321301623, 4.000000000000000000 ) ) ;
#3311 = CARTESIAN_POINT ( 'NONE',  ( 117.0547640085710128, 41.03786520321301623, 4.000000000000000000 ) ) ;
#3312 = EDGE_LOOP ( 'NONE', ( #1380, #2838 ) ) ;
#3313 = ORIENTED_EDGE ( 'NONE', *, *, #2335, .T. ) ;
#3314 = DIRECTION ( 'NONE',  ( 0.000000000000000000, 0.000000000000000000, -1.000000000000000000 ) ) ;
#3315 = CARTESIAN_POINT ( 'NONE',  ( 129.5138863796576629, 16.01454772475684152, 24.00000000000000000 ) ) ;
#3316 = AXIS2_PLACEMENT_3D ( 'NONE', #208, #3243, #248 ) ;
#3317 = EDGE_LOOP ( 'NONE', ( #1818, #3049 ) ) ;
#3318 = CIRCLE ( 'NONE', #3316, 4.500000000001253220 ) ;
#3319 = AXIS2_PLACEMENT_3D ( 'NONE', #415, #3407, #1246 ) ;
#3320 = ADVANCED_FACE ( 'NONE', ( #1000 ), #2400, .F. ) ;
#3321 = VERTEX_POINT ( 'NONE', #1106 ) ;
#3322 = CARTESIAN_POINT ( 'NONE',  ( 132.5547640085710270, 33.03786520321305886, 12.00000000000000000 ) ) ;
#3323 = DIRECTION ( 'NONE',  ( -0.000000000000000000, -0.000000000000000000, -1.000000000000000000 ) ) ;
#3324 = VECTOR ( 'NONE', #2881, 1000.000000000000000 ) ;
#3325 = ADVANCED_FACE ( 'NONE', ( #1588 ), #2205, .F. ) ;
#3326 = CIRCLE ( 'NONE', #745, 10.00000000000000888 ) ;
#3327 = DIRECTION ( 'NONE',  ( 0.000000000000000000, 0.000000000000000000, 1.000000000000000000 ) ) ;
#3328 = FACE_BOUND ( 'NONE', #149, .T. ) ;
#3329 = AXIS2_PLACEMENT_3D ( 'NONE', #701, #1825, #2875 ) ;
#3330 = VECTOR ( 'NONE', #3045, 1000.000000000000000 ) ;
#3331 = CARTESIAN_POINT ( 'NONE',  ( 134.5547640085710270, 13.53786520321302156, 14.00000000000000000 ) ) ;
#3332 = ORIENTED_EDGE ( 'NONE', *, *, #3176, .T. ) ;
#3333 = AXIS2_PLACEMENT_3D ( 'NONE', #3237, #456, #3479 ) ;
#3334 = VERTEX_POINT ( 'NONE', #1356 ) ;
#3335 = CYLINDRICAL_SURFACE ( 'NONE', #976, 2.500000000000002220 ) ;
#3336 = DIRECTION ( 'NONE',  ( -0.000000000000000000, -0.000000000000000000, -1.000000000000000000 ) ) ;
#3337 = CIRCLE ( 'NONE', #1556, 4.500000000001253220 ) ;
#3338 = ORIENTED_EDGE ( 'NONE', *, *, #2489, .T. ) ;
#3339 = CIRCLE ( 'NONE', #2602, 2.750000000000002665 ) ;
#3340 = ORIENTED_EDGE ( 'NONE', *, *, #2033, .T. ) ;
#3341 = DIRECTION ( 'NONE',  ( -1.000000000000000000, 0.000000000000000000, 0.000000000000000000 ) ) ;
#3342 = CARTESIAN_POINT ( 'NONE',  ( 39.55476400856561270, 16.03786520321925835, 24.00000000000000000 ) ) ;
#3343 = EDGE_CURVE ( 'NONE', #3353, #1364, #2776, .T. ) ;
#3344 = DIRECTION ( 'NONE',  ( 0.000000000000000000, 1.000000000000000000, 0.000000000000000000 ) ) ;
#3345 = FACE_BOUND ( 'NONE', #528, .T. ) ;
#3346 = DIRECTION ( 'NONE',  ( -1.000000000000000000, 0.000000000000000000, 0.000000000000000000 ) ) ;
#3347 = DIRECTION ( 'NONE',  ( 1.000000000000000000, 0.000000000000000000, 0.000000000000000000 ) ) ;
#3348 = DIRECTION ( 'NONE',  ( -1.000000000000000000, 0.000000000000000000, 0.000000000000000000 ) ) ;
#3349 = ORIENTED_EDGE ( 'NONE', *, *, #1455, .F. ) ;
#3350 = EDGE_LOOP ( 'NONE', ( #2142, #2548, #2884, #3129 ) ) ;
#3351 = CARTESIAN_POINT ( 'NONE',  ( 131.6505972700283564, 64.01056688839513242, 24.00000000000000000 ) ) ;
#3352 = CARTESIAN_POINT ( 'NONE',  ( 132.5547640085710270, 33.03786520321305886, 12.00000000000000000 ) ) ;
#3353 = VERTEX_POINT ( 'NONE', #3248 ) ;
#3354 = ORIENTED_EDGE ( 'NONE', *, *, #2397, .T. ) ;
#3355 = FACE_OUTER_BOUND ( 'NONE', #2547, .T. ) ;
#3356 = CARTESIAN_POINT ( 'NONE',  ( 47.55820850438262681, 96.03786520321301623, 24.00000000000000000 ) ) ;
#3357 = CARTESIAN_POINT ( 'NONE',  ( 117.0547640085710128, 41.03786520321301623, 4.000000000000000000 ) ) ;
#3358 = EDGE_CURVE ( 'NONE', #1151, #1092, #1646, .T. ) ;
#3359 = CARTESIAN_POINT ( 'NONE',  ( 125.5582085043825913, 35.03786520321300912, 64.00000000000000000 ) ) ;
#3360 = VERTEX_POINT ( 'NONE', #256 ) ;
#3361 = DIRECTION ( 'NONE',  ( -0.000000000000000000, -0.000000000000000000, -1.000000000000000000 ) ) ;
#3362 = EDGE_CURVE ( 'NONE', #3023, #1793, #1157, .T. ) ;
#3363 = DIRECTION ( 'NONE',  ( -1.000000000000000000, 0.000000000000000000, 0.000000000000000000 ) ) ;
#3364 = APPLICATION_PROTOCOL_DEFINITION ( 'international standard', 'config_control_design', 1994, #541 ) ;
#3365 = ORIENTED_EDGE ( 'NONE', *, *, #3068, .T. ) ;
#3366 = EDGE_CURVE ( 'NONE', #3321, #590, #2984, .T. ) ;
#3367 = EDGE_LOOP ( 'NONE', ( #1463, #2605 ) ) ;
#3368 = DIRECTION ( 'NONE',  ( 0.000000000000000000, 0.000000000000000000, -1.000000000000000000 ) ) ;
#3369 = DIRECTION ( 'NONE',  ( -0.000000000000000000, -0.000000000000000000, -1.000000000000000000 ) ) ;
#3370 = ORIENTED_EDGE ( 'NONE', *, *, #1967, .F. ) ;
#3371 = EDGE_LOOP ( 'NONE', ( #539, #1939 ) ) ;
#3372 = VECTOR ( 'NONE', #727, 1000.000000000000000 ) ;
#3373 = CARTESIAN_POINT ( 'NONE',  ( 52.05476400857100572, 41.03786520321301623, 15.00000000000000000 ) ) ;
#3374 = DIRECTION ( 'NONE',  ( -0.000000000000000000, -0.000000000000000000, 1.000000000000000000 ) ) ;
#3375 = CIRCLE ( 'NONE', #795, 6.000000000000005329 ) ;
#3376 = CARTESIAN_POINT ( 'NONE',  ( 139.5547640085710270, 113.5378652032130162, 14.00000000000000000 ) ) ;
#3377 = DIRECTION ( 'NONE',  ( -0.000000000000000000, -0.000000000000000000, -1.000000000000000000 ) ) ;
#3378 = VECTOR ( 'NONE', #2175, 1000.000000000000000 ) ;
#3379 = CIRCLE ( 'NONE', #1836, 3.000000000000002665 ) ;
#3380 = EDGE_LOOP ( 'NONE', ( #678, #1603, #3512, #3433 ) ) ;
#3381 = APPROVAL ( #1210, 'UNSPECIFIED' ) ;
#3382 = VECTOR ( 'NONE', #576, 1000.000000000000000 ) ;
#3383 = CYLINDRICAL_SURFACE ( 'NONE', #2921, 1.997516106995063323 ) ;
#3384 = CARTESIAN_POINT ( 'NONE',  ( 70.10476564381646369, 64.88786520321407636, 15.00000000000000000 ) ) ;
#3385 = PERSON_AND_ORGANIZATION ( #1971, #873 ) ;
#3386 = AXIS2_PLACEMENT_3D ( 'NONE', #3247, #1084, #21 ) ;
#3387 = ORIENTED_EDGE ( 'NONE', *, *, #1505, .T. ) ;
#3388 = CIRCLE ( 'NONE', #2243, 4.999999999999997335 ) ;
#3389 = FACE_BOUND ( 'NONE', #544, .T. ) ;
#3390 = CARTESIAN_POINT ( 'NONE',  ( 134.5547640085710270, 33.03786520321305886, 0.000000000000000000 ) ) ;
#3391 = CARTESIAN_POINT ( 'NONE',  ( 107.0547640085709986, 41.03786520321301623, 4.000000000000000000 ) ) ;
#3392 = EDGE_LOOP ( 'NONE', ( #1854, #980, #215, #2156 ) ) ;
#3393 = AXIS2_PLACEMENT_3D ( 'NONE', #1005, #1594, #1041 ) ;
#3394 = ADVANCED_FACE ( 'NONE', ( #1086 ), #2452, .F. ) ;
#3395 = ORIENTED_EDGE ( 'NONE', *, *, #927, .F. ) ;
#3396 = AXIS2_PLACEMENT_3D ( 'NONE', #3290, #1362, #1667 ) ;
#3397 = DIRECTION ( 'NONE',  ( -0.000000000000000000, -0.000000000000000000, -1.000000000000000000 ) ) ;
#3398 = CYLINDRICAL_SURFACE ( 'NONE', #1909, 0.6499999999999978018 ) ;
#3399 = EDGE_CURVE ( 'NONE', #2917, #715, #1321, .T. ) ;
#3400 = AXIS2_PLACEMENT_3D ( 'NONE', #558, #1887, #2491 ) ;
#3401 = CARTESIAN_POINT ( 'NONE',  ( 117.0547640085710128, 86.03786520321301623, 4.000000000000000000 ) ) ;
#3402 = LINE ( 'NONE', #2796, #577 ) ;
#3403 = ORIENTED_EDGE ( 'NONE', *, *, #2381, .F. ) ;
#3404 = CYLINDRICAL_SURFACE ( 'NONE', #1845, 4.500000000001266542 ) ;
#3405 = CARTESIAN_POINT ( 'NONE',  ( 100.8547656438164637, 69.88786520321384899, 15.00000000000000000 ) ) ;
#3406 = ORIENTED_EDGE ( 'NONE', *, *, #1879, .F. ) ;
#3407 = DIRECTION ( 'NONE',  ( -0.000000000000000000, -0.000000000000000000, -1.000000000000000000 ) ) ;
#3408 = FACE_BOUND ( 'NONE', #3367, .T. ) ;
#3409 = EDGE_CURVE ( 'NONE', #2240, #3058, #1048, .T. ) ;
#3410 = CARTESIAN_POINT ( 'NONE',  ( 89.05476400856692010, 111.0378652032192264, 20.00000000000000000 ) ) ;
#3411 = EDGE_LOOP ( 'NONE', ( #824, #2806, #11, #2953 ) ) ;
#3412 = VERTEX_POINT ( 'NONE', #3298 ) ;
#3413 = CARTESIAN_POINT ( 'NONE',  ( 62.05476400857101282, 86.03786520321301623, 4.000000000000000000 ) ) ;
#3414 = CARTESIAN_POINT ( 'NONE',  ( 34.55476400857101282, 118.5378652032130162, 14.00000000000000000 ) ) ;
#3415 = EDGE_LOOP ( 'NONE', ( #771, #698 ) ) ;
#3416 = CARTESIAN_POINT ( 'NONE',  ( 84.55476400857101282, 86.03786520321301623, 15.00000000000000000 ) ) ;
#3417 = EDGE_CURVE ( 'NONE', #2786, #2370, #1610, .T. ) ;
#3418 = LINE ( 'NONE', #1008, #2120 ) ;
#3419 = VERTEX_POINT ( 'NONE', #3508 ) ;
#3420 = CARTESIAN_POINT ( 'NONE',  ( 69.45476564381648643, 67.03786520321406783, 0.000000000000000000 ) ) ;
#3421 = CARTESIAN_POINT ( 'NONE',  ( 121.5582085043825629, 31.03786520321300912, 15.00000000000000000 ) ) ;
#3422 = ORIENTED_EDGE ( 'NONE', *, *, #191, .F. ) ;
#3423 = LINE ( 'NONE', #662, #1254 ) ;
#3424 = DIRECTION ( 'NONE',  ( -0.000000000000000000, -0.000000000000000000, -1.000000000000000000 ) ) ;
#3425 = DIRECTION ( 'NONE',  ( -0.000000000000000000, -0.000000000000000000, -1.000000000000000000 ) ) ;
#3426 = ORIENTED_EDGE ( 'NONE', *, *, #2564, .T. ) ;
#3427 = EDGE_CURVE ( 'NONE', #480, #1813, #836, .T. ) ;
#3428 = ORIENTED_EDGE ( 'NONE', *, *, #3257, .F. ) ;
#3429 = DIRECTION ( 'NONE',  ( -0.000000000000000000, -0.000000000000000000, -1.000000000000000000 ) ) ;
#3430 = FACE_BOUND ( 'NONE', #2731, .T. ) ;
#3431 = EDGE_CURVE ( 'NONE', #509, #3139, #2483, .T. ) ;
#3432 = AXIS2_PLACEMENT_3D ( 'NONE', #643, #1440, #2545 ) ;
#3433 = ORIENTED_EDGE ( 'NONE', *, *, #17, .F. ) ;
#3434 = FACE_OUTER_BOUND ( 'NONE', #1141, .T. ) ;
#3435 = DIRECTION ( 'NONE',  ( 0.000000000000000000, 0.000000000000000000, -1.000000000000000000 ) ) ;
#3436 = CIRCLE ( 'NONE', #227, 2.500000000000002220 ) ;
#3437 = CARTESIAN_POINT ( 'NONE',  ( 40.65059727002839907, 64.01056688839513242, 35.31370849898474518 ) ) ;
#3438 = ORIENTED_EDGE ( 'NONE', *, *, #2964, .T. ) ;
#3439 = CIRCLE ( 'NONE', #2467, 2.500000000000002220 ) ;
#3440 = AXIS2_PLACEMENT_3D ( 'NONE', #2129, #730, #2782 ) ;
#3441 = CARTESIAN_POINT ( 'NONE',  ( 29.55476400857101638, 13.53786520321305709, 24.00000000000000000 ) ) ;
#3442 = CIRCLE ( 'NONE', #2591, 2.750000000000002665 ) ;
#3443 = LINE ( 'NONE', #3159, #59 ) ;
#3444 = FACE_OUTER_BOUND ( 'NONE', #115, .T. ) ;
#3445 = ORIENTED_EDGE ( 'NONE', *, *, #505, .F. ) ;
#3446 = VECTOR ( 'NONE', #3242, 1000.000000000000000 ) ;
#3447 = VERTEX_POINT ( 'NONE', #3538 ) ;
#3448 = DIRECTION ( 'NONE',  ( 0.000000000000000000, 0.000000000000000000, 1.000000000000000000 ) ) ;
#3449 = CARTESIAN_POINT ( 'NONE',  ( 43.55820850438259129, 35.03786520321304465, 24.00000000000000000 ) ) ;
#3450 = VECTOR ( 'NONE', #1222, 1000.000000000000000 ) ;
#3451 = AXIS2_PLACEMENT_3D ( 'NONE', #1519, #3160, #3474 ) ;
#3452 = ORIENTED_EDGE ( 'NONE', *, *, #794, .F. ) ;
#3453 = DIRECTION ( 'NONE',  ( -1.000000000000000000, 0.000000000000000000, -0.000000000000000000 ) ) ;
#3454 = FACE_BOUND ( 'NONE', #1308, .T. ) ;
#3455 = ADVANCED_FACE ( 'NONE', ( #820 ), #1053, .F. ) ;
#3456 = ADVANCED_FACE ( 'NONE', ( #850, #1955, #1662, #2149 ), #2768, .F. ) ;
#3457 = EDGE_LOOP ( 'NONE', ( #49, #1504, #366, #263 ) ) ;
#3458 = LINE ( 'NONE', #3441, #519 ) ;
#3459 = CARTESIAN_POINT ( 'NONE',  ( 34.65059727002839196, 64.01056688839513242, 0.000000000000000000 ) ) ;
#3460 = EDGE_CURVE ( 'NONE', #1072, #575, #2949, .T. ) ;
#3461 = CARTESIAN_POINT ( 'NONE',  ( 34.55476400857101282, 113.5378652032130162, 15.00000000000000000 ) ) ;
#3462 = VERTEX_POINT ( 'NONE', #800 ) ;
#3463 = ORIENTED_EDGE ( 'NONE', *, *, #2511, .F. ) ;
#3464 = DIRECTION ( 'NONE',  ( 0.000000000000000000, 0.000000000000000000, 1.000000000000000000 ) ) ;
#3465 = CARTESIAN_POINT ( 'NONE',  ( 129.5138863796576629, 16.01454772475684152, 20.00000000000000000 ) ) ;
#3466 = VERTEX_POINT ( 'NONE', #3005 ) ;
#3467 = DIRECTION ( 'NONE',  ( 0.000000000000000000, 0.000000000000000000, -1.000000000000000000 ) ) ;
#3468 = DIRECTION ( 'NONE',  ( -1.000000000000000000, 0.000000000000000000, 0.000000000000000000 ) ) ;
#3469 = ADVANCED_FACE ( 'NONE', ( #1631 ), #2733, .T. ) ;
#3470 = CARTESIAN_POINT ( 'NONE',  ( 123.0547640085710128, 41.03786520321301623, 4.000000000000000000 ) ) ;
#3471 = ORIENTED_EDGE ( 'NONE', *, *, #822, .F. ) ;
#3472 = CARTESIAN_POINT ( 'NONE',  ( 89.05476400856692010, 111.0378652032192264, 20.00000000000000000 ) ) ;
#3473 = DIRECTION ( 'NONE',  ( -1.000000000000000000, 0.000000000000000000, 0.000000000000000000 ) ) ;
#3474 = DIRECTION ( 'NONE',  ( 0.000000000000000000, 0.000000000000000000, 1.000000000000000000 ) ) ;
#3475 = ORIENTED_EDGE ( 'NONE', *, *, #1606, .F. ) ;
#3476 = EDGE_CURVE ( 'NONE', #341, #786, #622, .T. ) ;
#3477 = EDGE_LOOP ( 'NONE', ( #2111, #861, #2435, #1291 ) ) ;
#3478 = CARTESIAN_POINT ( 'NONE',  ( 52.05476400857100572, 86.03786520321301623, 4.000000000000000000 ) ) ;
#3479 = DIRECTION ( 'NONE',  ( -1.000000000000000000, 0.000000000000000000, 0.000000000000000000 ) ) ;
#3480 = EDGE_LOOP ( 'NONE', ( #1500, #2792 ) ) ;
#3481 = DIRECTION ( 'NONE',  ( 0.000000000000000000, 0.000000000000000000, 1.000000000000000000 ) ) ;
#3482 = CARTESIAN_POINT ( 'NONE',  ( 129.5547640085655701, 16.03786520321703790, 14.00000000000000000 ) ) ;
#3483 = CARTESIAN_POINT ( 'NONE',  ( 135.6505972700283849, 64.01056688839513242, 24.00000000000000000 ) ) ;
#3484 = AXIS2_PLACEMENT_3D ( 'NONE', #98, #2287, #1184 ) ;
#3485 = ORIENTED_EDGE ( 'NONE', *, *, #2479, .T. ) ;
#3486 = CIRCLE ( 'NONE', #1252, 4.500000000001266542 ) ;
#3487 = LINE ( 'NONE', #746, #974 ) ;
#3488 = CARTESIAN_POINT ( 'NONE',  ( 127.6505972700283706, 64.01056688839513242, 24.00000000000000000 ) ) ;
#3489 = FACE_OUTER_BOUND ( 'NONE', #361, .T. ) ;
#3490 = AXIS2_PLACEMENT_3D ( 'NONE', #2902, #165, #3221 ) ;
#3491 = ORIENTED_EDGE ( 'NONE', *, *, #1219, .F. ) ;
#3492 = ORIENTED_EDGE ( 'NONE', *, *, #1886, .T. ) ;
#3493 = DIRECTION ( 'NONE',  ( -1.000000000000000000, 0.000000000000000000, 0.000000000000000000 ) ) ;
#3494 = FACE_OUTER_BOUND ( 'NONE', #1224, .T. ) ;
#3495 = ORIENTED_EDGE ( 'NONE', *, *, #1241, .T. ) ;
#3496 = CIRCLE ( 'NONE', #1957, 6.000000000000005329 ) ;
#3497 = ORIENTED_EDGE ( 'NONE', *, *, #1984, .T. ) ;
#3498 = VECTOR ( 'NONE', #3363, 1000.000000000000000 ) ;
#3499 = DIRECTION ( 'NONE',  ( -1.000000000000000000, 0.000000000000000000, 0.000000000000000000 ) ) ;
#3500 = DIRECTION ( 'NONE',  ( -1.000000000000000000, 0.000000000000000000, 0.000000000000000000 ) ) ;
#3501 = AXIS2_PLACEMENT_3D ( 'NONE', #1724, #3145, #685 ) ;
#3502 = DIRECTION ( 'NONE',  ( -0.000000000000000000, -0.000000000000000000, -1.000000000000000000 ) ) ;
#3503 = ORIENTED_EDGE ( 'NONE', *, *, #1833, .F. ) ;
#3504 = EDGE_LOOP ( 'NONE', ( #146, #2242, #2507, #1719 ) ) ;
#3505 = CIRCLE ( 'NONE', #74, 0.6499999999999978018 ) ;
#3506 = CARTESIAN_POINT ( 'NONE',  ( 111.0547640085709986, 86.03786520321301623, 15.00000000000000000 ) ) ;
#3507 = DIRECTION ( 'NONE',  ( -1.000000000000000000, 0.000000000000000000, 0.000000000000000000 ) ) ;
#3508 = CARTESIAN_POINT ( 'NONE',  ( 58.05476400857101282, 86.03786520321301623, 4.000000000000000000 ) ) ;
#3509 = ORIENTED_EDGE ( 'NONE', *, *, #1585, .F. ) ;
#3510 = EDGE_CURVE ( 'NONE', #3360, #757, #1388, .T. ) ;
#3511 = CARTESIAN_POINT ( 'NONE',  ( 29.55476400857101282, 113.5378652032129878, 15.00000000000000000 ) ) ;
#3512 = ORIENTED_EDGE ( 'NONE', *, *, #2182, .T. ) ;
#3513 = CARTESIAN_POINT ( 'NONE',  ( 100.2047656438164580, 69.88786520321384899, 15.00000000000000000 ) ) ;
#3514 = CARTESIAN_POINT ( 'NONE',  ( 129.5138863796576629, 111.0611826816691945, 20.00000000000000000 ) ) ;
#3515 = ORIENTED_EDGE ( 'NONE', *, *, #2964, .F. ) ;
#3516 = EDGE_LOOP ( 'NONE', ( #1363, #2280 ) ) ;
#3517 = CARTESIAN_POINT ( 'NONE',  ( 44.55476400856561980, 111.0378652032192264, 20.00000000000000000 ) ) ;
#3518 = DIRECTION ( 'NONE',  ( 0.000000000000000000, 0.000000000000000000, 1.000000000000000000 ) ) ;
#3519 = EDGE_CURVE ( 'NONE', #3539, #1297, #3505, .T. ) ;
#3520 = LINE ( 'NONE', #500, #3150 ) ;
#3521 = ORIENTED_EDGE ( 'NONE', *, *, #2870, .F. ) ;
#3522 = DIRECTION ( 'NONE',  ( -1.000000000000000000, 0.000000000000000000, -0.000000000000000000 ) ) ;
#3523 = DIRECTION ( 'NONE',  ( -0.000000000000000000, -0.000000000000000000, 1.000000000000000000 ) ) ;
#3524 = DIRECTION ( 'NONE',  ( 1.000000000000000000, 0.000000000000000000, -0.000000000000000000 ) ) ;
#3525 = VERTEX_POINT ( 'NONE', #2785 ) ;
#3526 = DIRECTION ( 'NONE',  ( -0.000000000000000000, -0.000000000000000000, -1.000000000000000000 ) ) ;
#3527 = EDGE_LOOP ( 'NONE', ( #1595, #2088 ) ) ;
#3528 = DIRECTION ( 'NONE',  ( -1.000000000000000000, 0.000000000000000000, 0.000000000000000000 ) ) ;
#3529 = DIRECTION ( 'NONE',  ( -0.000000000000000000, -0.000000000000000000, -1.000000000000000000 ) ) ;
#3530 = ORIENTED_EDGE ( 'NONE', *, *, #696, .T. ) ;
#3531 = ORIENTED_EDGE ( 'NONE', *, *, #216, .T. ) ;
#3532 = CARTESIAN_POINT ( 'NONE',  ( 100.8547656438164637, 69.88786520321384899, 0.000000000000000000 ) ) ;
#3533 = CARTESIAN_POINT ( 'NONE',  ( 47.55820850438262681, 31.03786520321301268, 64.00000000000000000 ) ) ;
#3534 = EDGE_CURVE ( 'NONE', #1297, #3539, #2544, .T. ) ;
#3535 = CARTESIAN_POINT ( 'NONE',  ( 117.0547640085710128, 41.03786520321301623, 0.000000000000000000 ) ) ;
#3536 = AXIS2_PLACEMENT_3D ( 'NONE', #3258, #2634, #1280 ) ;
#3537 = DIRECTION ( 'NONE',  ( -0.000000000000000000, -0.000000000000000000, -1.000000000000000000 ) ) ;
#3538 = CARTESIAN_POINT ( 'NONE',  ( 134.0138863796589135, 111.0611826816691945, 20.00000000000000000 ) ) ;
#3539 = VERTEX_POINT ( 'NONE', #902 ) ;
ENDSEC;
END-ISO-10303-21;
