ISO-10303-21;
HEADER;
FILE_DESCRIPTION (( 'STEP AP203' ),
    '1' );
FILE_NAME ('part jig 04.STEP',
    '2026-08-19T13:14:18',
    ( '' ),
    ( '' ),
    'SwSTEP 2.0',
    'SolidWorks 2026',
    '' );
FILE_SCHEMA (( 'CONFIG_CONTROL_DESIGN' ));
ENDSEC;

DATA;
#1 = CIRCLE ( 'NONE', #1317, 2.000000000000001776 ) ;
#2 = CARTESIAN_POINT ( 'NONE',  ( -616.2145874674449715, 923.5214080704374737, 10.00000000000000000 ) ) ;
#3 = AXIS2_PLACEMENT_3D ( 'NONE', #175, #763, #518 ) ;
#4 = ORIENTED_EDGE ( 'NONE', *, *, #458, .T. ) ;
#5 = CIRCLE ( 'NONE', #1463, 2.000000000000001776 ) ;
#6 = CARTESIAN_POINT ( 'NONE',  ( -537.2145874674449715, 1081.521408070436792, 0.000000000000000000 ) ) ;
#7 = CC_DESIGN_APPROVAL ( #802, ( #1297 ) ) ;
#8 = ORIENTED_EDGE ( 'NONE', *, *, #768, .T. ) ;
#9 = EDGE_CURVE ( 'NONE', #969, #973, #273, .T. ) ;
#10 = CARTESIAN_POINT ( 'NONE',  ( -616.2145874674449715, 941.5214080704374737, 10.00000000000000000 ) ) ;
#11 = EDGE_CURVE ( 'NONE', #582, #1309, #643, .T. ) ;
#12 = LINE ( 'NONE', #929, #817 ) ;
#13 = LINE ( 'NONE', #559, #1459 ) ;
#14 = ORIENTED_EDGE ( 'NONE', *, *, #1270, .F. ) ;
#15 = FACE_OUTER_BOUND ( 'NONE', #689, .T. ) ;
#16 = EDGE_LOOP ( 'NONE', ( #1120, #709, #807, #343 ) ) ;
#17 = DIRECTION ( 'NONE',  ( -0.000000000000000000, -0.000000000000000000, -1.000000000000000000 ) ) ;
#18 = DIRECTION ( 'NONE',  ( 0.000000000000000000, 0.000000000000000000, 1.000000000000000000 ) ) ;
#19 = EDGE_CURVE ( 'NONE', #1309, #76, #1189, .T. ) ;
#20 = LINE ( 'NONE', #1370, #1193 ) ;
#21 = ORIENTED_EDGE ( 'NONE', *, *, #960, .T. ) ;
#22 = CARTESIAN_POINT ( 'NONE',  ( -537.2145874674449715, 1061.521408070436792, 0.000000000000000000 ) ) ;
#23 = ORIENTED_EDGE ( 'NONE', *, *, #1368, .F. ) ;
#24 = CARTESIAN_POINT ( 'NONE',  ( -615.2145874674449715, 1081.521408070436792, 10.00000000000000000 ) ) ;
#25 = FACE_BOUND ( 'NONE', #87, .T. ) ;
#26 = LINE ( 'NONE', #941, #1385 ) ;
#27 = VECTOR ( 'NONE', #83, 1000.000000000000000 ) ;
#28 = EDGE_CURVE ( 'NONE', #856, #297, #382, .T. ) ;
#29 = AXIS2_PLACEMENT_3D ( 'NONE', #424, #664, #1097 ) ;
#30 = EDGE_LOOP ( 'NONE', ( #464, #1381, #716, #1146 ) ) ;
#31 = DIRECTION ( 'NONE',  ( -1.000000000000000000, 0.000000000000000000, 0.000000000000000000 ) ) ;
#32 = AXIS2_PLACEMENT_3D ( 'NONE', #909, #1366, #338 ) ;
#33 = VECTOR ( 'NONE', #1264, 1000.000000000000000 ) ;
#34 = ORIENTED_EDGE ( 'NONE', *, *, #1021, .F. ) ;
#35 = DIRECTION ( 'NONE',  ( 0.000000000000000000, -1.000000000000000000, 0.000000000000000000 ) ) ;
#36 = CARTESIAN_POINT ( 'NONE',  ( -537.2145874674449715, 1061.521408070436792, 0.000000000000000000 ) ) ;
#37 = CARTESIAN_POINT ( 'NONE',  ( -618.2145874674449715, 939.5214080704374737, 0.000000000000000000 ) ) ;
#38 = LINE ( 'NONE', #734, #1243 ) ;
#39 = LINE ( 'NONE', #1405, #1390 ) ;
#40 = EDGE_CURVE ( 'NONE', #65, #1150, #1290, .T. ) ;
#41 = ORIENTED_EDGE ( 'NONE', *, *, #390, .F. ) ;
#42 = LINE ( 'NONE', #365, #477 ) ;
#43 = LINE ( 'NONE', #742, #743 ) ;
#44 = CARTESIAN_POINT ( 'NONE',  ( -537.2145874674449715, 941.5214080704374737, 10.00000000000000000 ) ) ;
#45 = DIRECTION ( 'NONE',  ( -0.000000000000000000, -0.000000000000000000, -1.000000000000000000 ) ) ;
#46 = ORIENTED_EDGE ( 'NONE', *, *, #1241, .T. ) ;
#47 = ADVANCED_FACE ( 'NONE', ( #630 ), #178, .T. ) ;
#48 = APPROVAL_DATE_TIME ( #970, #1050 ) ;
#49 = DIRECTION ( 'NONE',  ( -1.000000000000000000, 0.000000000000000000, 0.000000000000000000 ) ) ;
#50 = VECTOR ( 'NONE', #894, 1000.000000000000000 ) ;
#51 = DIRECTION ( 'NONE',  ( -0.000000000000000000, -0.000000000000000000, -1.000000000000000000 ) ) ;
#52 = FACE_OUTER_BOUND ( 'NONE', #729, .T. ) ;
#53 = CIRCLE ( 'NONE', #1414, 10.00000000000000888 ) ;
#54 = EDGE_LOOP ( 'NONE', ( #1183, #800, #1400, #107 ) ) ;
#55 = CIRCLE ( 'NONE', #887, 2.000000000000001776 ) ;
#56 = CIRCLE ( 'NONE', #1059, 2.000000000000001776 ) ;
#57 = EDGE_LOOP ( 'NONE', ( #163, #14, #859, #1077 ) ) ;
#58 = APPROVAL_STATUS ( 'not_yet_approved' ) ;
#59 = EDGE_CURVE ( 'NONE', #481, #811, #38, .T. ) ;
#60 = LINE ( 'NONE', #256, #718 ) ;
#61 = ORIENTED_EDGE ( 'NONE', *, *, #159, .T. ) ;
#62 = CARTESIAN_POINT ( 'NONE',  ( -537.2145874674449715, 941.5214080704374737, 10.00000000000000000 ) ) ;
#63 = VERTEX_POINT ( 'NONE', #865 ) ;
#64 = CYLINDRICAL_SURFACE ( 'NONE', #840, 10.00000000000000888 ) ;
#65 = VERTEX_POINT ( 'NONE', #1321 ) ;
#66 = CARTESIAN_POINT ( 'NONE',  ( -615.2145874674449715, 1063.521408070436792, 0.000000000000000000 ) ) ;
#67 = ADVANCED_FACE ( 'NONE', ( #485 ), #833, .T. ) ;
#68 = ORIENTED_EDGE ( 'NONE', *, *, #1299, .T. ) ;
#69 = LINE ( 'NONE', #1093, #794 ) ;
#70 = ORIENTED_EDGE ( 'NONE', *, *, #1040, .F. ) ;
#71 = DIRECTION ( 'NONE',  ( 0.000000000000000000, 0.000000000000000000, 1.000000000000000000 ) ) ;
#72 = DATE_TIME_ROLE ( 'classification_date' ) ;
#73 = DIRECTION ( 'NONE',  ( 1.000000000000000000, 0.000000000000000000, 0.000000000000000000 ) ) ;
#74 = CARTESIAN_POINT ( 'NONE',  ( -537.2145874674449715, 941.5214080704374737, 0.000000000000000000 ) ) ;
#75 = ADVANCED_FACE ( 'NONE', ( #1084 ), #1404, .F. ) ;
#76 = VERTEX_POINT ( 'NONE', #761 ) ;
#77 = DIRECTION ( 'NONE',  ( 0.000000000000000000, -1.000000000000000000, 0.000000000000000000 ) ) ;
#78 = VECTOR ( 'NONE', #665, 1000.000000000000000 ) ;
#79 = AXIS2_PLACEMENT_3D ( 'NONE', #1409, #1182, #373 ) ;
#80 = VECTOR ( 'NONE', #915, 1000.000000000000000 ) ;
#81 = AXIS2_PLACEMENT_3D ( 'NONE', #260, #831, #1142 ) ;
#82 = CARTESIAN_POINT ( 'NONE',  ( -616.2145874674449715, 939.5214080704374737, 10.00000000000000000 ) ) ;
#83 = DIRECTION ( 'NONE',  ( -0.000000000000000000, -0.000000000000000000, -1.000000000000000000 ) ) ;
#84 = EDGE_LOOP ( 'NONE', ( #1229, #376, #601, #1132 ) ) ;
#85 = CARTESIAN_POINT ( 'NONE',  ( -535.2145874674449715, 939.5214080704374737, 0.000000000000000000 ) ) ;
#86 = ADVANCED_FACE ( 'NONE', ( #1117 ), #214, .F. ) ;
#87 = EDGE_LOOP ( 'NONE', ( #269, #1211, #610, #1037, #180, #1479, #420, #989 ) ) ;
#88 = CARTESIAN_POINT ( 'NONE',  ( -540.2145874674449715, 939.5214080704374737, 10.00000000000000000 ) ) ;
#89 = FACE_OUTER_BOUND ( 'NONE', #259, .T. ) ;
#90 = VERTEX_POINT ( 'NONE', #767 ) ;
#91 = CARTESIAN_POINT ( 'NONE',  ( -615.2145874674449715, 923.5214080704374737, 10.00000000000000000 ) ) ;
#92 = EDGE_LOOP ( 'NONE', ( #1250, #329, #774, #639 ) ) ;
#93 = EDGE_CURVE ( 'NONE', #1302, #1392, #328, .T. ) ;
#94 = DIRECTION ( 'NONE',  ( -0.000000000000000000, 1.000000000000000000, -0.000000000000000000 ) ) ;
#95 = DIRECTION ( 'NONE',  ( -1.000000000000000000, 0.000000000000000000, 0.000000000000000000 ) ) ;
#96 = VERTEX_POINT ( 'NONE', #307 ) ;
#97 = CARTESIAN_POINT ( 'NONE',  ( -615.2145874674449715, 941.5214080704374737, 10.00000000000000000 ) ) ;
#98 = VERTEX_POINT ( 'NONE', #74 ) ;
#99 = VECTOR ( 'NONE', #433, 1000.000000000000000 ) ;
#100 = PLANE ( 'NONE',  #885 ) ;
#101 = AXIS2_PLACEMENT_3D ( 'NONE', #1374, #1263, #238 ) ;
#102 = CC_DESIGN_APPROVAL ( #1178, ( #165 ) ) ;
#103 = EDGE_CURVE ( 'NONE', #724, #369, #873, .T. ) ;
#104 = DIRECTION ( 'NONE',  ( -1.000000000000000000, 0.000000000000000000, 0.000000000000000000 ) ) ;
#105 = EDGE_LOOP ( 'NONE', ( #1336, #1044, #667, #61 ) ) ;
#106 = DIRECTION ( 'NONE',  ( -1.000000000000000000, 0.000000000000000000, 0.000000000000000000 ) ) ;
#107 = ORIENTED_EDGE ( 'NONE', *, *, #93, .T. ) ;
#108 = CARTESIAN_POINT ( 'NONE',  ( -638.2145874674450852, 904.0214080704369053, 0.000000000000000000 ) ) ;
#109 = DIRECTION ( 'NONE',  ( 1.000000000000000000, 0.000000000000000000, 0.000000000000000000 ) ) ;
#110 = ADVANCED_FACE ( 'NONE', ( #521 ), #301, .T. ) ;
#111 = ORIENTED_EDGE ( 'NONE', *, *, #1206, .F. ) ;
#112 = DIRECTION ( 'NONE',  ( 0.000000000000000000, 1.000000000000000000, 0.000000000000000000 ) ) ;
#113 = EDGE_LOOP ( 'NONE', ( #748, #560, #1422, #359 ) ) ;
#114 = LINE ( 'NONE', #1242, #198 ) ;
#115 = CARTESIAN_POINT ( 'NONE',  ( -615.2145874674449715, 939.5214080704374737, 10.00000000000000000 ) ) ;
#116 = CC_DESIGN_PERSON_AND_ORGANIZATION_ASSIGNMENT ( #1197, #1205, ( #602 ) ) ;
#117 = ORIENTED_EDGE ( 'NONE', *, *, #1279, .F. ) ;
#118 = DIRECTION ( 'NONE',  ( 1.000000000000000000, 0.000000000000000000, 0.000000000000000000 ) ) ;
#119 = EDGE_CURVE ( 'NONE', #538, #297, #1124, .T. ) ;
#120 = EDGE_LOOP ( 'NONE', ( #135, #1088, #764, #491 ) ) ;
#121 = CARTESIAN_POINT ( 'NONE',  ( -535.2145874674449715, 1063.521408070436792, 0.000000000000000000 ) ) ;
#122 = VECTOR ( 'NONE', #389, 1000.000000000000000 ) ;
#123 = CARTESIAN_POINT ( 'NONE',  ( -615.2145874674449715, 921.5214080704374737, 0.000000000000000000 ) ) ;
#124 = CIRCLE ( 'NONE', #1439, 2.000000000000001776 ) ;
#125 = CARTESIAN_POINT ( 'NONE',  ( -537.2145874674449715, 921.5214080704374737, 10.00000000000000000 ) ) ;
#126 = CIRCLE ( 'NONE', #1030, 2.000000000000001776 ) ;
#127 = EDGE_LOOP ( 'NONE', ( #1155, #1271, #1406, #935, #183, #575, #436, #945 ) ) ;
#128 = CARTESIAN_POINT ( 'NONE',  ( -616.2145874674449715, 1081.521408070436792, 10.00000000000000000 ) ) ;
#129 = ORIENTED_EDGE ( 'NONE', *, *, #1160, .T. ) ;
#130 = EDGE_CURVE ( 'NONE', #1350, #1302, #1014, .T. ) ;
#131 = CARTESIAN_POINT ( 'NONE',  ( -540.2145874674449715, 1079.521408070436792, 10.00000000000000000 ) ) ;
#132 = FACE_OUTER_BOUND ( 'NONE', #852, .T. ) ;
#133 = ORIENTED_EDGE ( 'NONE', *, *, #341, .F. ) ;
#134 = CARTESIAN_POINT ( 'NONE',  ( -616.2145874674449715, 921.5214080704374737, 10.00000000000000000 ) ) ;
#135 = ORIENTED_EDGE ( 'NONE', *, *, #466, .F. ) ;
#136 = ADVANCED_FACE ( 'NONE', ( #192 ), #1000, .T. ) ;
#137 = FACE_OUTER_BOUND ( 'NONE', #615, .T. ) ;
#138 = LINE ( 'NONE', #1408, #221 ) ;
#139 = DIRECTION ( 'NONE',  ( -0.000000000000000000, -0.000000000000000000, -1.000000000000000000 ) ) ;
#140 = ORIENTED_EDGE ( 'NONE', *, *, #325, .T. ) ;
#141 = FACE_OUTER_BOUND ( 'NONE', #120, .T. ) ;
#142 = ORIENTED_EDGE ( 'NONE', *, *, #292, .T. ) ;
#143 = PRODUCT ( 'part jig 04', 'part jig 04', '', ( #1430 ) ) ;
#144 = CYLINDRICAL_SURFACE ( 'NONE', #597, 2.000000000000001776 ) ;
#145 = LINE ( 'NONE', #255, #1341 ) ;
#146 = CARTESIAN_POINT ( 'NONE',  ( -638.2145874674450852, 904.0214080704369053, 0.000000000000000000 ) ) ;
#147 = AXIS2_PLACEMENT_3D ( 'NONE', #222, #680, #1162 ) ;
#148 = CIRCLE ( 'NONE', #196, 2.000000000000001776 ) ;
#149 = DIRECTION ( 'NONE',  ( 0.000000000000000000, -1.000000000000000000, 0.000000000000000000 ) ) ;
#150 = DIRECTION ( 'NONE',  ( -0.000000000000000000, -0.000000000000000000, -1.000000000000000000 ) ) ;
#151 = VECTOR ( 'NONE', #408, 1000.000000000000000 ) ;
#152 = VECTOR ( 'NONE', #596, 1000.000000000000000 ) ;
#153 = VERTEX_POINT ( 'NONE', #1469 ) ;
#154 = LOCAL_TIME ( 10, 14, 18.00000000000000000, #505 ) ;
#155 = DIRECTION ( 'NONE',  ( -0.000000000000000000, -1.000000000000000000, -0.000000000000000000 ) ) ;
#156 = DIRECTION ( 'NONE',  ( -1.000000000000000000, 0.000000000000000000, 0.000000000000000000 ) ) ;
#157 = VERTEX_POINT ( 'NONE', #1111 ) ;
#158 = LINE ( 'NONE', #857, #1225 ) ;
#159 = EDGE_CURVE ( 'NONE', #1397, #671, #1354, .T. ) ;
#160 = EDGE_LOOP ( 'NONE', ( #393, #881, #431, #396 ) ) ;
#161 = PERSON_AND_ORGANIZATION_ROLE ( 'creator' ) ;
#162 = LINE ( 'NONE', #1347, #498 ) ;
#163 = ORIENTED_EDGE ( 'NONE', *, *, #306, .F. ) ;
#164 = CARTESIAN_POINT ( 'NONE',  ( -515.2145874674448578, 904.0214080704369053, 10.00000000000000000 ) ) ;
#165 = PRODUCT_DEFINITION ( 'UNKNOWN', '', #602, #1158 ) ;
#166 = ORIENTED_EDGE ( 'NONE', *, *, #903, .F. ) ;
#167 = EDGE_CURVE ( 'NONE', #750, #1387, #878, .T. ) ;
#168 = CALENDAR_DATE ( 2026, 19, 8 ) ;
#169 = CARTESIAN_POINT ( 'NONE',  ( -538.2145874674449715, 1061.521408070436792, 10.00000000000000000 ) ) ;
#170 = AXIS2_PLACEMENT_3D ( 'NONE', #687, #1020, #109 ) ;
#171 = CARTESIAN_POINT ( 'NONE',  ( -615.2145874674449715, 941.5214080704374737, 10.00000000000000000 ) ) ;
#172 = FACE_OUTER_BOUND ( 'NONE', #925, .T. ) ;
#173 = ORIENTED_EDGE ( 'NONE', *, *, #1259, .T. ) ;
#174 = AXIS2_PLACEMENT_3D ( 'NONE', #1164, #470, #1038 ) ;
#175 = CARTESIAN_POINT ( 'NONE',  ( -616.2145874674449715, 1081.521408070436792, 10.00000000000000000 ) ) ;
#176 = VECTOR ( 'NONE', #1383, 1000.000000000000000 ) ;
#177 = DIRECTION ( 'NONE',  ( -0.000000000000000000, -0.000000000000000000, -1.000000000000000000 ) ) ;
#178 = PLANE ( 'NONE',  #378 ) ;
#179 = CYLINDRICAL_SURFACE ( 'NONE', #962, 10.00000000000000888 ) ;
#180 = ORIENTED_EDGE ( 'NONE', *, *, #349, .F. ) ;
#181 = FACE_OUTER_BOUND ( 'NONE', #1039, .T. ) ;
#182 = MANIFOLD_SOLID_BREP ( 'Saliente-Extruir1', #1078 ) ;
#183 = ORIENTED_EDGE ( 'NONE', *, *, #416, .F. ) ;
#184 = APPROVAL_ROLE ( '' ) ;
#185 = EDGE_CURVE ( 'NONE', #724, #1172, #419, .T. ) ;
#186 = CYLINDRICAL_SURFACE ( 'NONE', #1412, 2.000000000000001776 ) ;
#187 = DIRECTION ( 'NONE',  ( -0.000000000000000000, -0.000000000000000000, -1.000000000000000000 ) ) ;
#188 = ORIENTED_EDGE ( 'NONE', *, *, #1270, .T. ) ;
#189 = CARTESIAN_POINT ( 'NONE',  ( -618.2145874674449715, 939.5214080704374737, 0.000000000000000000 ) ) ;
#190 = VERTEX_POINT ( 'NONE', #530 ) ;
#191 = CARTESIAN_POINT ( 'NONE',  ( -537.2145874674449715, 1081.521408070436792, 10.00000000000000000 ) ) ;
#192 = FACE_OUTER_BOUND ( 'NONE', #113, .T. ) ;
#193 = EDGE_CURVE ( 'NONE', #1367, #1453, #1098, .T. ) ;
#194 = ORIENTED_EDGE ( 'NONE', *, *, #851, .F. ) ;
#195 = DIRECTION ( 'NONE',  ( -1.000000000000000000, 0.000000000000000000, 0.000000000000000000 ) ) ;
#196 = AXIS2_PLACEMENT_3D ( 'NONE', #115, #233, #564 ) ;
#197 = ORIENTED_EDGE ( 'NONE', *, *, #903, .T. ) ;
#198 = VECTOR ( 'NONE', #571, 1000.000000000000000 ) ;
#199 = VECTOR ( 'NONE', #266, 1000.000000000000000 ) ;
#200 = CYLINDRICAL_SURFACE ( 'NONE', #620, 2.000000000000001776 ) ;
#201 = DIRECTION ( 'NONE',  ( -0.000000000000000000, -0.000000000000000000, -1.000000000000000000 ) ) ;
#202 = EDGE_CURVE ( 'NONE', #973, #387, #1348, .T. ) ;
#203 = ORIENTED_EDGE ( 'NONE', *, *, #410, .F. ) ;
#204 = FACE_OUTER_BOUND ( 'NONE', #488, .T. ) ;
#205 = ORIENTED_EDGE ( 'NONE', *, *, #645, .F. ) ;
#206 = CARTESIAN_POINT ( 'NONE',  ( -628.2145874674449715, 1099.021408070437246, 10.00000000000000000 ) ) ;
#207 = CYLINDRICAL_SURFACE ( 'NONE', #883, 2.000000000000001776 ) ;
#208 = ORIENTED_EDGE ( 'NONE', *, *, #1206, .T. ) ;
#209 = DIRECTION ( 'NONE',  ( -1.000000000000000000, 0.000000000000000000, 0.000000000000000000 ) ) ;
#210 = ADVANCED_FACE ( 'NONE', ( #89 ), #207, .F. ) ;
#211 = VERTEX_POINT ( 'NONE', #316 ) ;
#212 = CC_DESIGN_PERSON_AND_ORGANIZATION_ASSIGNMENT ( #1096, #641, ( #143 ) ) ;
#213 = DIRECTION ( 'NONE',  ( 0.000000000000000000, -1.000000000000000000, 0.000000000000000000 ) ) ;
#214 = CYLINDRICAL_SURFACE ( 'NONE', #1360, 2.000000000000001776 ) ;
#215 = ORIENTED_EDGE ( 'NONE', *, *, #609, .F. ) ;
#216 = DIRECTION ( 'NONE',  ( -1.000000000000000000, 0.000000000000000000, 0.000000000000000000 ) ) ;
#217 = ORIENTED_EDGE ( 'NONE', *, *, #103, .F. ) ;
#218 = EDGE_CURVE ( 'NONE', #98, #1392, #900, .T. ) ;
#219 = DIRECTION ( 'NONE',  ( -0.000000000000000000, -1.000000000000000000, -0.000000000000000000 ) ) ;
#220 = AXIS2_PLACEMENT_3D ( 'NONE', #1047, #1445, #1087 ) ;
#221 = VECTOR ( 'NONE', #712, 1000.000000000000000 ) ;
#222 = CARTESIAN_POINT ( 'NONE',  ( -615.2145874674449715, 923.5214080704374737, 0.000000000000000000 ) ) ;
#223 = ORIENTED_EDGE ( 'NONE', *, *, #579, .F. ) ;
#224 = CARTESIAN_POINT ( 'NONE',  ( -616.2145874674449715, 1061.521408070436792, 10.00000000000000000 ) ) ;
#225 = ORIENTED_EDGE ( 'NONE', *, *, #710, .F. ) ;
#226 = LINE ( 'NONE', #1152, #771 ) ;
#227 = ADVANCED_FACE ( 'NONE', ( #1007 ), #638, .F. ) ;
#228 = DIRECTION ( 'NONE',  ( 1.000000000000000000, -1.077886431674909573E-15, 0.000000000000000000 ) ) ;
#229 = EDGE_LOOP ( 'NONE', ( #793, #634, #1128, #1432, #1373, #1118, #8, #129 ) ) ;
#230 = DIRECTION ( 'NONE',  ( -1.000000000000000000, 0.000000000000000000, 0.000000000000000000 ) ) ;
#231 = VERTEX_POINT ( 'NONE', #336 ) ;
#232 = CARTESIAN_POINT ( 'NONE',  ( -538.2145874674449715, 921.5214080704374737, 0.000000000000000000 ) ) ;
#233 = DIRECTION ( 'NONE',  ( 0.000000000000000000, 0.000000000000000000, 1.000000000000000000 ) ) ;
#234 = VERTEX_POINT ( 'NONE', #1036 ) ;
#235 = LINE ( 'NONE', #690, #1365 ) ;
#236 = EDGE_CURVE ( 'NONE', #647, #654, #13, .T. ) ;
#237 = EDGE_LOOP ( 'NONE', ( #1379, #1202, #205, #514 ) ) ;
#238 = DIRECTION ( 'NONE',  ( 0.000000000000000000, 0.000000000000000000, 1.000000000000000000 ) ) ;
#239 = CIRCLE ( 'NONE', #473, 10.00000000000000888 ) ;
#240 = FACE_OUTER_BOUND ( 'NONE', #693, .T. ) ;
#241 = AXIS2_PLACEMENT_3D ( 'NONE', #224, #112, #1452 ) ;
#242 = CARTESIAN_POINT ( 'NONE',  ( -537.2145874674449715, 921.5214080704374737, 10.00000000000000000 ) ) ;
#243 = ORIENTED_EDGE ( 'NONE', *, *, #1358, .T. ) ;
#244 = PLANE ( 'NONE',  #815 ) ;
#245 = EDGE_CURVE ( 'NONE', #1334, #1397, #813, .T. ) ;
#246 = VERTEX_POINT ( 'NONE', #924 ) ;
#247 = CYLINDRICAL_SURFACE ( 'NONE', #1195, 2.000000000000001776 ) ;
#248 = LINE ( 'NONE', #489, #672 ) ;
#249 = DIRECTION ( 'NONE',  ( -1.000000000000000000, 0.000000000000000000, 0.000000000000000000 ) ) ;
#250 = ORIENTED_EDGE ( 'NONE', *, *, #1227, .T. ) ;
#251 = CARTESIAN_POINT ( 'NONE',  ( -537.2145874674449715, 939.5214080704374737, 0.000000000000000000 ) ) ;
#252 = ORIENTED_EDGE ( 'NONE', *, *, #272, .F. ) ;
#253 = CARTESIAN_POINT ( 'NONE',  ( -616.2145874674449715, 1063.521408070436792, 0.000000000000000000 ) ) ;
#254 = EDGE_CURVE ( 'NONE', #584, #1308, #20, .T. ) ;
#255 = CARTESIAN_POINT ( 'NONE',  ( -538.2145874674449715, 1081.521408070436792, 10.00000000000000000 ) ) ;
#256 = CARTESIAN_POINT ( 'NONE',  ( -618.2145874674449715, 1063.521408070436792, 0.000000000000000000 ) ) ;
#257 = ORIENTED_EDGE ( 'NONE', *, *, #245, .F. ) ;
#258 = CYLINDRICAL_SURFACE ( 'NONE', #1032, 10.00000000000000888 ) ;
#259 = EDGE_LOOP ( 'NONE', ( #281, #1092, #250, #399 ) ) ;
#260 = CARTESIAN_POINT ( 'NONE',  ( -537.2145874674449715, 1061.521408070436792, 10.00000000000000000 ) ) ;
#261 = ADVANCED_FACE ( 'NONE', ( #797 ), #1377, .T. ) ;
#262 = FACE_OUTER_BOUND ( 'NONE', #406, .T. ) ;
#263 = AXIS2_PLACEMENT_3D ( 'NONE', #699, #1136, #1131 ) ;
#264 = VECTOR ( 'NONE', #213, 1000.000000000000000 ) ;
#265 = CARTESIAN_POINT ( 'NONE',  ( -616.2145874674449715, 921.5214080704374737, 10.00000000000000000 ) ) ;
#266 = DIRECTION ( 'NONE',  ( -0.000000000000000000, -0.000000000000000000, -1.000000000000000000 ) ) ;
#267 = VECTOR ( 'NONE', #626, 1000.000000000000000 ) ;
#268 = CIRCLE ( 'NONE', #293, 10.00000000000000888 ) ;
#269 = ORIENTED_EDGE ( 'NONE', *, *, #821, .F. ) ;
#270 = COORDINATED_UNIVERSAL_TIME_OFFSET ( 3, 0, .BEHIND. ) ;
#271 = LINE ( 'NONE', #513, #646 ) ;
#272 = EDGE_CURVE ( 'NONE', #1413, #1232, #26, .T. ) ;
#273 = LINE ( 'NONE', #171, #1337 ) ;
#274 = CARTESIAN_POINT ( 'NONE',  ( -540.2145874674449715, 939.5214080704374737, 10.00000000000000000 ) ) ;
#275 = ADVANCED_FACE ( 'NONE', ( #348 ), #1395, .T. ) ;
#276 = VERTEX_POINT ( 'NONE', #1049 ) ;
#277 = APPROVAL_DATE_TIME ( #299, #1178 ) ;
#278 = DIRECTION ( 'NONE',  ( -1.000000000000000000, 0.000000000000000000, 0.000000000000000000 ) ) ;
#279 = DIRECTION ( 'NONE',  ( 1.000000000000000000, 0.000000000000000000, 0.000000000000000000 ) ) ;
#280 = CARTESIAN_POINT ( 'NONE',  ( -535.2145874674449715, 923.5214080704374737, 10.00000000000000000 ) ) ;
#281 = ORIENTED_EDGE ( 'NONE', *, *, #953, .F. ) ;
#282 = DIRECTION ( 'NONE',  ( 0.000000000000000000, 0.000000000000000000, 1.000000000000000000 ) ) ;
#283 = ORIENTED_EDGE ( 'NONE', *, *, #739, .T. ) ;
#284 = APPROVAL_DATE_TIME ( #394, #802 ) ;
#285 = DIRECTION ( 'NONE',  ( 0.000000000000000000, 0.000000000000000000, 1.000000000000000000 ) ) ;
#286 = DIRECTION ( 'NONE',  ( -1.000000000000000000, 0.000000000000000000, 0.000000000000000000 ) ) ;
#287 = DIRECTION ( 'NONE',  ( -1.000000000000000000, 0.000000000000000000, 0.000000000000000000 ) ) ;
#288 = CIRCLE ( 'NONE', #29, 2.000000000000001776 ) ;
#289 = ORIENTED_EDGE ( 'NONE', *, *, #19, .T. ) ;
#290 = CIRCLE ( 'NONE', #937, 10.00000000000000888 ) ;
#291 = CARTESIAN_POINT ( 'NONE',  ( -538.2145874674449715, 1063.521408070436792, 10.00000000000000000 ) ) ;
#292 = EDGE_CURVE ( 'NONE', #1322, #908, #588, .T. ) ;
#293 = AXIS2_PLACEMENT_3D ( 'NONE', #725, #1306, #614 ) ;
#294 = COORDINATED_UNIVERSAL_TIME_OFFSET ( 3, 0, .BEHIND. ) ;
#295 = DIRECTION ( 'NONE',  ( 0.000000000000000000, 0.000000000000000000, 1.000000000000000000 ) ) ;
#296 = ORIENTED_EDGE ( 'NONE', *, *, #1427, .F. ) ;
#297 = VERTEX_POINT ( 'NONE', #810 ) ;
#298 = CARTESIAN_POINT ( 'NONE',  ( -618.2145874674449715, 923.5214080704374737, 0.000000000000000000 ) ) ;
#299 = DATE_AND_TIME ( #854, #747 ) ;
#300 = CARTESIAN_POINT ( 'NONE',  ( -538.2145874674449715, 939.5214080704374737, 0.000000000000000000 ) ) ;
#301 = PLANE ( 'NONE',  #495 ) ;
#302 = ORIENTED_EDGE ( 'NONE', *, *, #425, .T. ) ;
#303 = DIRECTION ( 'NONE',  ( -0.000000000000000000, -0.000000000000000000, -1.000000000000000000 ) ) ;
#304 = APPLICATION_CONTEXT ( 'configuration controlled 3d designs of mechanical parts and assemblies' ) ;
#305 = DIRECTION ( 'NONE',  ( 0.000000000000000000, 0.000000000000000000, 1.000000000000000000 ) ) ;
#306 = EDGE_CURVE ( 'NONE', #819, #153, #1265, .T. ) ;
#307 = CARTESIAN_POINT ( 'NONE',  ( -515.2145874674448578, 1099.021408070437246, 0.000000000000000000 ) ) ;
#308 = ORIENTED_EDGE ( 'NONE', *, *, #480, .F. ) ;
#309 = CARTESIAN_POINT ( 'NONE',  ( -537.2145874674449715, 1081.521408070436792, 0.000000000000000000 ) ) ;
#310 = VECTOR ( 'NONE', #418, 1000.000000000000000 ) ;
#311 = AXIS2_PLACEMENT_3D ( 'NONE', #253, #71, #1166 ) ;
#312 = ORIENTED_EDGE ( 'NONE', *, *, #398, .T. ) ;
#313 = VECTOR ( 'NONE', #463, 1000.000000000000000 ) ;
#314 = AXIS2_PLACEMENT_3D ( 'NONE', #1277, #933, #1388 ) ;
#315 = CARTESIAN_POINT ( 'NONE',  ( -540.2145874674449715, 1079.521408070436792, 0.000000000000000000 ) ) ;
#316 = CARTESIAN_POINT ( 'NONE',  ( -613.2145874674449715, 923.5214080704374737, 10.00000000000000000 ) ) ;
#317 = ORIENTED_EDGE ( 'NONE', *, *, #692, .T. ) ;
#318 = ADVANCED_FACE ( 'NONE', ( #803 ), #906, .F. ) ;
#319 = FACE_BOUND ( 'NONE', #1470, .T. ) ;
#320 = VERTEX_POINT ( 'NONE', #476 ) ;
#321 = LINE ( 'NONE', #753, #548 ) ;
#322 = DIRECTION ( 'NONE',  ( 0.000000000000000000, 0.000000000000000000, 1.000000000000000000 ) ) ;
#323 = ORIENTED_EDGE ( 'NONE', *, *, #9, .T. ) ;
#324 = CARTESIAN_POINT ( 'NONE',  ( -613.2145874674449715, 1063.521408070436792, 10.00000000000000000 ) ) ;
#325 = EDGE_CURVE ( 'NONE', #997, #1232, #574, .T. ) ;
#326 = ORIENTED_EDGE ( 'NONE', *, *, #119, .T. ) ;
#327 = LINE ( 'NONE', #1129, #80 ) ;
#328 = LINE ( 'NONE', #776, #449 ) ;
#329 = ORIENTED_EDGE ( 'NONE', *, *, #1446, .F. ) ;
#330 = CARTESIAN_POINT ( 'NONE',  ( -616.2145874674449715, 939.5214080704374737, 10.00000000000000000 ) ) ;
#331 = VERTEX_POINT ( 'NONE', #1362 ) ;
#332 = EDGE_CURVE ( 'NONE', #1458, #1018, #788, .T. ) ;
#333 = DIRECTION ( 'NONE',  ( 1.077886431674909573E-15, 1.000000000000000000, -0.000000000000000000 ) ) ;
#334 = AXIS2_PLACEMENT_3D ( 'NONE', #578, #353, #679 ) ;
#335 = VECTOR ( 'NONE', #1167, 1000.000000000000000 ) ;
#336 = CARTESIAN_POINT ( 'NONE',  ( -535.2145874674449715, 923.5214080704374737, 0.000000000000000000 ) ) ;
#337 = VERTEX_POINT ( 'NONE', #675 ) ;
#338 = DIRECTION ( 'NONE',  ( -1.000000000000000000, 0.000000000000000000, 0.000000000000000000 ) ) ;
#339 = VERTEX_POINT ( 'NONE', #1258 ) ;
#340 = CARTESIAN_POINT ( 'NONE',  ( -538.2145874674449715, 1061.521408070436792, 0.000000000000000000 ) ) ;
#341 = EDGE_CURVE ( 'NONE', #927, #724, #907, .T. ) ;
#342 = DIRECTION ( 'NONE',  ( 0.000000000000000000, 1.000000000000000000, -0.000000000000000000 ) ) ;
#343 = ORIENTED_EDGE ( 'NONE', *, *, #450, .T. ) ;
#344 = CYLINDRICAL_SURFACE ( 'NONE', #867, 2.000000000000001776 ) ;
#345 = ORIENTED_EDGE ( 'NONE', *, *, #991, .F. ) ;
#346 = DIRECTION ( 'NONE',  ( -0.000000000000000000, -0.000000000000000000, -1.000000000000000000 ) ) ;
#347 = PLANE ( 'NONE',  #81 ) ;
#348 = FACE_OUTER_BOUND ( 'NONE', #57, .T. ) ;
#349 = EDGE_CURVE ( 'NONE', #750, #969, #148, .T. ) ;
#350 = VERTEX_POINT ( 'NONE', #1026 ) ;
#351 = DIRECTION ( 'NONE',  ( 1.000000000000000000, -0.000000000000000000, -0.000000000000000000 ) ) ;
#352 = ORIENTED_EDGE ( 'NONE', *, *, #40, .F. ) ;
#353 = DIRECTION ( 'NONE',  ( 0.000000000000000000, 0.000000000000000000, 1.000000000000000000 ) ) ;
#354 = VECTOR ( 'NONE', #219, 1000.000000000000000 ) ;
#355 = DIRECTION ( 'NONE',  ( -0.000000000000000000, -0.000000000000000000, -1.000000000000000000 ) ) ;
#356 = AXIS2_PLACEMENT_3D ( 'NONE', #738, #1095, #869 ) ;
#357 = CARTESIAN_POINT ( 'NONE',  ( -616.2145874674449715, 941.5214080704374737, 10.00000000000000000 ) ) ;
#358 = AXIS2_PLACEMENT_3D ( 'NONE', #698, #474, #372 ) ;
#359 = ORIENTED_EDGE ( 'NONE', *, *, #1090, .T. ) ;
#360 = APPROVAL_PERSON_ORGANIZATION ( #1081, #802, #1440 ) ;
#361 = CARTESIAN_POINT ( 'NONE',  ( -525.2145874674449715, 894.0214080704369053, 0.000000000000000000 ) ) ;
#362 = ADVANCED_FACE ( 'NONE', ( #454 ), #818, .T. ) ;
#363 = VERTEX_POINT ( 'NONE', #242 ) ;
#364 = CARTESIAN_POINT ( 'NONE',  ( -616.2145874674449715, 1081.521408070436792, 10.00000000000000000 ) ) ;
#365 = CARTESIAN_POINT ( 'NONE',  ( -638.2145874674450852, 904.0214080704369053, 10.00000000000000000 ) ) ;
#366 = CYLINDRICAL_SURFACE ( 'NONE', #79, 2.000000000000001776 ) ;
#367 = ORIENTED_EDGE ( 'NONE', *, *, #663, .T. ) ;
#368 = DIRECTION ( 'NONE',  ( -0.000000000000000000, -0.000000000000000000, -1.000000000000000000 ) ) ;
#369 = VERTEX_POINT ( 'NONE', #1154 ) ;
#370 = ADVANCED_FACE ( 'NONE', ( #132 ), #581, .F. ) ;
#371 = DIRECTION ( 'NONE',  ( -0.000000000000000000, -0.000000000000000000, -1.000000000000000000 ) ) ;
#372 = DIRECTION ( 'NONE',  ( -1.000000000000000000, 0.000000000000000000, 0.000000000000000000 ) ) ;
#373 = DIRECTION ( 'NONE',  ( -1.000000000000000000, 0.000000000000000000, 0.000000000000000000 ) ) ;
#374 = CARTESIAN_POINT ( 'NONE',  ( -615.2145874674449715, 1079.521408070436792, 10.00000000000000000 ) ) ;
#375 = LINE ( 'NONE', #1138, #1295 ) ;
#376 = ORIENTED_EDGE ( 'NONE', *, *, #458, .F. ) ;
#377 = EDGE_CURVE ( 'NONE', #246, #1473, #1419, .T. ) ;
#378 = AXIS2_PLACEMENT_3D ( 'NONE', #265, #978, #1068 ) ;
#379 = LINE ( 'NONE', #838, #335 ) ;
#380 = EDGE_CURVE ( 'NONE', #671, #582, #612, .T. ) ;
#381 = DIRECTION ( 'NONE',  ( -0.000000000000000000, -0.000000000000000000, -1.000000000000000000 ) ) ;
#382 = CIRCLE ( 'NONE', #1054, 2.000000000000001776 ) ;
#383 = VECTOR ( 'NONE', #1074, 1000.000000000000000 ) ;
#384 = DIRECTION ( 'NONE',  ( -0.000000000000000000, -0.000000000000000000, -1.000000000000000000 ) ) ;
#385 = CARTESIAN_POINT ( 'NONE',  ( -613.2145874674449715, 1079.521408070436792, 10.00000000000000000 ) ) ;
#386 = VECTOR ( 'NONE', #1045, 1000.000000000000000 ) ;
#387 = VERTEX_POINT ( 'NONE', #1424 ) ;
#388 = PERSON_AND_ORGANIZATION_ROLE ( 'creator' ) ;
#389 = DIRECTION ( 'NONE',  ( -0.000000000000000000, -0.000000000000000000, -1.000000000000000000 ) ) ;
#390 = EDGE_CURVE ( 'NONE', #770, #455, #1083, .T. ) ;
#391 = EDGE_LOOP ( 'NONE', ( #1276, #1425, #422, #302 ) ) ;
#392 = DIRECTION ( 'NONE',  ( -0.000000000000000000, -0.000000000000000000, -1.000000000000000000 ) ) ;
#393 = ORIENTED_EDGE ( 'NONE', *, *, #587, .F. ) ;
#394 = DATE_AND_TIME ( #1423, #154 ) ;
#395 = CARTESIAN_POINT ( 'NONE',  ( -538.2145874674449715, 939.5214080704374737, 10.00000000000000000 ) ) ;
#396 = ORIENTED_EDGE ( 'NONE', *, *, #487, .T. ) ;
#397 = LINE ( 'NONE', #501, #1010 ) ;
#398 = EDGE_CURVE ( 'NONE', #1413, #1191, #53, .T. ) ;
#399 = ORIENTED_EDGE ( 'NONE', *, *, #1375, .T. ) ;
#400 = DIRECTION ( 'NONE',  ( -1.000000000000000000, 0.000000000000000000, 0.000000000000000000 ) ) ;
#401 = PERSON_AND_ORGANIZATION ( #595, #1198 ) ;
#402 = DIRECTION ( 'NONE',  ( -0.000000000000000000, -0.000000000000000000, -1.000000000000000000 ) ) ;
#403 = DIRECTION ( 'NONE',  ( -1.000000000000000000, -0.000000000000000000, -0.000000000000000000 ) ) ;
#404 = CARTESIAN_POINT ( 'NONE',  ( -535.2145874674449715, 923.5214080704374737, 10.00000000000000000 ) ) ;
#405 = CIRCLE ( 'NONE', #1293, 2.000000000000001776 ) ;
#406 = EDGE_LOOP ( 'NONE', ( #203, #462, #814, #4 ) ) ;
#407 = CIRCLE ( 'NONE', #334, 2.000000000000001776 ) ;
#408 = DIRECTION ( 'NONE',  ( -0.000000000000000000, -1.000000000000000000, -0.000000000000000000 ) ) ;
#409 = AXIS2_PLACEMENT_3D ( 'NONE', #1053, #1255, #230 ) ;
#410 = EDGE_CURVE ( 'NONE', #654, #798, #1, .T. ) ;
#411 = ORIENTED_EDGE ( 'NONE', *, *, #410, .T. ) ;
#412 = CARTESIAN_POINT ( 'NONE',  ( -638.2145874674450852, 904.0214080704369053, 10.00000000000000000 ) ) ;
#413 = CARTESIAN_POINT ( 'NONE',  ( -537.2145874674449715, 941.5214080704374737, 10.00000000000000000 ) ) ;
#414 = ORIENTED_EDGE ( 'NONE', *, *, #1241, .F. ) ;
#415 = FACE_OUTER_BOUND ( 'NONE', #607, .T. ) ;
#416 = EDGE_CURVE ( 'NONE', #1302, #90, #405, .T. ) ;
#417 = APPROVAL_STATUS ( 'not_yet_approved' ) ;
#418 = DIRECTION ( 'NONE',  ( -0.000000000000000000, -0.000000000000000000, -1.000000000000000000 ) ) ;
#419 = LINE ( 'NONE', #781, #27 ) ;
#420 = ORIENTED_EDGE ( 'NONE', *, *, #1307, .F. ) ;
#421 = CARTESIAN_POINT ( 'NONE',  ( -628.2145874674449715, 1099.021408070437246, 0.000000000000000000 ) ) ;
#422 = ORIENTED_EDGE ( 'NONE', *, *, #1349, .F. ) ;
#423 = PRODUCT_RELATED_PRODUCT_CATEGORY ( 'detail', '', ( #143 ) ) ;
#424 = CARTESIAN_POINT ( 'NONE',  ( -538.2145874674449715, 1079.521408070436792, 10.00000000000000000 ) ) ;
#425 = EDGE_CURVE ( 'NONE', #1191, #755, #841, .T. ) ;
#426 = DIRECTION ( 'NONE',  ( 0.000000000000000000, 0.000000000000000000, 1.000000000000000000 ) ) ;
#427 = AXIS2_PLACEMENT_3D ( 'NONE', #1464, #987, #1443 ) ;
#428 = VERTEX_POINT ( 'NONE', #37 ) ;
#429 = CARTESIAN_POINT ( 'NONE',  ( -628.2145874674449715, 1109.021408070437246, 10.00000000000000000 ) ) ;
#430 = CIRCLE ( 'NONE', #791, 2.000000000000001776 ) ;
#431 = ORIENTED_EDGE ( 'NONE', *, *, #535, .T. ) ;
#432 = CIRCLE ( 'NONE', #314, 2.000000000000001776 ) ;
#433 = DIRECTION ( 'NONE',  ( -0.000000000000000000, -0.000000000000000000, -1.000000000000000000 ) ) ;
#434 = CARTESIAN_POINT ( 'NONE',  ( -613.2145874674449715, 939.5214080704374737, 10.00000000000000000 ) ) ;
#435 = EDGE_CURVE ( 'NONE', #276, #96, #733, .T. ) ;
#436 = ORIENTED_EDGE ( 'NONE', *, *, #923, .F. ) ;
#437 = PLANE ( 'NONE',  #241 ) ;
#438 = ORIENTED_EDGE ( 'NONE', *, *, #1015, .F. ) ;
#439 = CARTESIAN_POINT ( 'NONE',  ( -515.2145874674449715, 904.0214080704369053, 0.000000000000000000 ) ) ;
#440 = DIRECTION ( 'NONE',  ( -1.000000000000000000, 0.000000000000000000, 0.000000000000000000 ) ) ;
#441 = ORIENTED_EDGE ( 'NONE', *, *, #1224, .T. ) ;
#442 = DIRECTION ( 'NONE',  ( 0.000000000000000000, 0.000000000000000000, 1.000000000000000000 ) ) ;
#443 = ORIENTED_EDGE ( 'NONE', *, *, #1168, .T. ) ;
#444 = LINE ( 'NONE', #685, #769 ) ;
#445 = CARTESIAN_POINT ( 'NONE',  ( -537.2145874674449715, 921.5214080704374737, 0.000000000000000000 ) ) ;
#446 = ORIENTED_EDGE ( 'NONE', *, *, #325, .F. ) ;
#447 = DIRECTION ( 'NONE',  ( 0.000000000000000000, 0.000000000000000000, 1.000000000000000000 ) ) ;
#448 = ORIENTED_EDGE ( 'NONE', *, *, #553, .T. ) ;
#449 = VECTOR ( 'NONE', #201, 1000.000000000000000 ) ;
#450 = EDGE_CURVE ( 'NONE', #918, #1309, #713, .T. ) ;
#451 = LINE ( 'NONE', #108, #354 ) ;
#452 = CIRCLE ( 'NONE', #1415, 2.000000000000001776 ) ;
#453 = VECTOR ( 'NONE', #1421, 1000.000000000000000 ) ;
#454 = FACE_OUTER_BOUND ( 'NONE', #981, .T. ) ;
#455 = VERTEX_POINT ( 'NONE', #146 ) ;
#456 = CARTESIAN_POINT ( 'NONE',  ( -618.2145874674449715, 1079.521408070436792, 0.000000000000000000 ) ) ;
#457 = ORIENTED_EDGE ( 'NONE', *, *, #839, .T. ) ;
#458 = EDGE_CURVE ( 'NONE', #157, #798, #1304, .T. ) ;
#459 = FACE_OUTER_BOUND ( 'NONE', #912, .T. ) ;
#460 = FACE_BOUND ( 'NONE', #1134, .T. ) ;
#461 = CARTESIAN_POINT ( 'NONE',  ( -535.2145874674449715, 939.5214080704374737, 10.00000000000000000 ) ) ;
#462 = ORIENTED_EDGE ( 'NONE', *, *, #236, .F. ) ;
#463 = DIRECTION ( 'NONE',  ( -1.000000000000000000, -0.000000000000000000, -0.000000000000000000 ) ) ;
#464 = ORIENTED_EDGE ( 'NONE', *, *, #960, .F. ) ;
#465 = DIRECTION ( 'NONE',  ( 0.000000000000000000, 0.000000000000000000, 1.000000000000000000 ) ) ;
#466 = EDGE_CURVE ( 'NONE', #1172, #339, #60, .T. ) ;
#467 = DIRECTION ( 'NONE',  ( -0.000000000000000000, -0.000000000000000000, -1.000000000000000000 ) ) ;
#468 = EDGE_CURVE ( 'NONE', #190, #671, #1145, .T. ) ;
#469 = ORIENTED_EDGE ( 'NONE', *, *, #435, .T. ) ;
#470 = DIRECTION ( 'NONE',  ( 1.000000000000000000, 0.000000000000000000, 0.000000000000000000 ) ) ;
#471 = ORIENTED_EDGE ( 'NONE', *, *, #1160, .F. ) ;
#472 = FACE_OUTER_BOUND ( 'NONE', #678, .T. ) ;
#473 = AXIS2_PLACEMENT_3D ( 'NONE', #206, #305, #636 ) ;
#474 = DIRECTION ( 'NONE',  ( -0.000000000000000000, 0.000000000000000000, -1.000000000000000000 ) ) ;
#475 = VECTOR ( 'NONE', #1280, 1000.000000000000000 ) ;
#476 = CARTESIAN_POINT ( 'NONE',  ( -540.2145874674449715, 923.5214080704374737, 10.00000000000000000 ) ) ;
#477 = VECTOR ( 'NONE', #155, 1000.000000000000000 ) ;
#478 = ORIENTED_EDGE ( 'NONE', *, *, #1021, .T. ) ;
#479 = DIRECTION ( 'NONE',  ( 0.000000000000000000, 0.000000000000000000, 1.000000000000000000 ) ) ;
#480 = EDGE_CURVE ( 'NONE', #331, #1458, #43, .T. ) ;
#481 = VERTEX_POINT ( 'NONE', #629 ) ;
#482 = CARTESIAN_POINT ( 'NONE',  ( -628.2145874674449715, 1099.021408070437246, 10.00000000000000000 ) ) ;
#483 = FACE_BOUND ( 'NONE', #632, .T. ) ;
#484 = DIRECTION ( 'NONE',  ( 1.000000000000000000, 0.000000000000000000, 0.000000000000000000 ) ) ;
#485 = FACE_OUTER_BOUND ( 'NONE', #54, .T. ) ;
#486 = DIRECTION ( 'NONE',  ( -0.000000000000000000, 0.000000000000000000, -1.000000000000000000 ) ) ;
#487 = EDGE_CURVE ( 'NONE', #777, #546, #271, .T. ) ;
#488 = EDGE_LOOP ( 'NONE', ( #1254, #503, #1114, #958 ) ) ;
#489 = CARTESIAN_POINT ( 'NONE',  ( -618.2145874674449715, 923.5214080704374737, 10.00000000000000000 ) ) ;
#490 = DIRECTION ( 'NONE',  ( -0.000000000000000000, -0.000000000000000000, -1.000000000000000000 ) ) ;
#491 = ORIENTED_EDGE ( 'NONE', *, *, #649, .T. ) ;
#492 = DIRECTION ( 'NONE',  ( -0.000000000000000000, -0.000000000000000000, -1.000000000000000000 ) ) ;
#493 = VERTEX_POINT ( 'NONE', #832 ) ;
#494 = EDGE_CURVE ( 'NONE', #234, #779, #825, .T. ) ;
#495 = AXIS2_PLACEMENT_3D ( 'NONE', #434, #1450, #322 ) ;
#496 = DATE_AND_TIME ( #983, #939 ) ;
#497 = CARTESIAN_POINT ( 'NONE',  ( -515.2145874674448578, 1099.021408070437246, 10.00000000000000000 ) ) ;
#498 = VECTOR ( 'NONE', #658, 1000.000000000000000 ) ;
#499 = AXIS2_PLACEMENT_3D ( 'NONE', #1466, #1351, #1239 ) ;
#500 = ORIENTED_EDGE ( 'NONE', *, *, #1389, .T. ) ;
#501 = CARTESIAN_POINT ( 'NONE',  ( -616.2145874674449715, 1061.521408070436792, 0.000000000000000000 ) ) ;
#502 = CIRCLE ( 'NONE', #1126, 10.00000000000000888 ) ;
#503 = ORIENTED_EDGE ( 'NONE', *, *, #1149, .F. ) ;
#504 = EDGE_LOOP ( 'NONE', ( #1247, #296, #1300, #326 ) ) ;
#505 = COORDINATED_UNIVERSAL_TIME_OFFSET ( 3, 0, .BEHIND. ) ;
#506 = DIRECTION ( 'NONE',  ( 1.000000000000000000, 0.000000000000000000, 0.000000000000000000 ) ) ;
#507 = ORIENTED_EDGE ( 'NONE', *, *, #40, .T. ) ;
#508 = DIRECTION ( 'NONE',  ( -0.000000000000000000, -0.000000000000000000, -1.000000000000000000 ) ) ;
#509 = ORIENTED_EDGE ( 'NONE', *, *, #202, .T. ) ;
#510 = CARTESIAN_POINT ( 'NONE',  ( -538.2145874674449715, 921.5214080704374737, 10.00000000000000000 ) ) ;
#511 = ORIENTED_EDGE ( 'NONE', *, *, #466, .T. ) ;
#512 = APPROVAL_STATUS ( 'not_yet_approved' ) ;
#513 = CARTESIAN_POINT ( 'NONE',  ( -540.2145874674449715, 1079.521408070436792, 10.00000000000000000 ) ) ;
#514 = ORIENTED_EDGE ( 'NONE', *, *, #1149, .T. ) ;
#515 = CARTESIAN_POINT ( 'NONE',  ( -538.2145874674449715, 941.5214080704374737, 10.00000000000000000 ) ) ;
#516 = ADVANCED_FACE ( 'NONE', ( #955 ), #366, .F. ) ;
#517 = ORIENTED_EDGE ( 'NONE', *, *, #1407, .T. ) ;
#518 = DIRECTION ( 'NONE',  ( 0.000000000000000000, -0.000000000000000000, -1.000000000000000000 ) ) ;
#519 = COORDINATED_UNIVERSAL_TIME_OFFSET ( 3, 0, .BEHIND. ) ;
#520 = FACE_OUTER_BOUND ( 'NONE', #1107, .T. ) ;
#521 = FACE_OUTER_BOUND ( 'NONE', #1428, .T. ) ;
#522 = CIRCLE ( 'NONE', #1460, 2.000000000000001776 ) ;
#523 = ADVANCED_FACE ( 'NONE', ( #262 ), #721, .F. ) ;
#524 = ORIENTED_EDGE ( 'NONE', *, *, #1399, .F. ) ;
#525 = VECTOR ( 'NONE', #1477, 1000.000000000000000 ) ;
#526 = DIRECTION ( 'NONE',  ( 0.000000000000000000, -0.000000000000000000, -1.000000000000000000 ) ) ;
#527 = VECTOR ( 'NONE', #950, 1000.000000000000000 ) ;
#528 = ORIENTED_EDGE ( 'NONE', *, *, #9, .F. ) ;
#529 = DIRECTION ( 'NONE',  ( -0.000000000000000000, -0.000000000000000000, -1.000000000000000000 ) ) ;
#530 = CARTESIAN_POINT ( 'NONE',  ( -615.2145874674449715, 1061.521408070436792, 0.000000000000000000 ) ) ;
#531 = ORIENTED_EDGE ( 'NONE', *, *, #159, .F. ) ;
#532 = FACE_OUTER_BOUND ( 'NONE', #968, .T. ) ;
#533 = EDGE_CURVE ( 'NONE', #826, #1413, #162, .T. ) ;
#534 = ORIENTED_EDGE ( 'NONE', *, *, #185, .T. ) ;
#535 = EDGE_CURVE ( 'NONE', #1476, #777, #288, .T. ) ;
#536 = DIRECTION ( 'NONE',  ( -0.000000000000000000, -0.000000000000000000, -1.000000000000000000 ) ) ;
#537 = DIRECTION ( 'NONE',  ( -0.000000000000000000, -1.000000000000000000, -0.000000000000000000 ) ) ;
#538 = VERTEX_POINT ( 'NONE', #893 ) ;
#539 = PLANE ( 'NONE',  #1269 ) ;
#540 = ORIENTED_EDGE ( 'NONE', *, *, #542, .F. ) ;
#541 = UNCERTAINTY_MEASURE_WITH_UNIT (LENGTH_MEASURE( 1.000000000000000082E-05 ), #580, 'distance_accuracy_value', 'NONE');
#542 = EDGE_CURVE ( 'NONE', #350, #387, #780, .T. ) ;
#543 = LINE ( 'NONE', #1442, #310 ) ;
#544 = DIRECTION ( 'NONE',  ( -1.000000000000000000, 0.000000000000000000, 0.000000000000000000 ) ) ;
#545 = AXIS2_PLACEMENT_3D ( 'NONE', #357, #706, #1475 ) ;
#546 = VERTEX_POINT ( 'NONE', #315 ) ;
#547 = DIRECTION ( 'NONE',  ( 1.000000000000000000, 0.000000000000000000, 0.000000000000000000 ) ) ;
#548 = VECTOR ( 'NONE', #94, 1000.000000000000000 ) ;
#549 = AXIS2_PLACEMENT_3D ( 'NONE', #1356, #447, #1127 ) ;
#550 = ORIENTED_EDGE ( 'NONE', *, *, #896, .T. ) ;
#551 = APPROVAL_PERSON_ORGANIZATION ( #401, #1178, #184 ) ;
#552 = CARTESIAN_POINT ( 'NONE',  ( -540.2145874674449715, 1063.521408070436792, 10.00000000000000000 ) ) ;
#553 = EDGE_CURVE ( 'NONE', #90, #320, #1339, .T. ) ;
#554 = CARTESIAN_POINT ( 'NONE',  ( -613.2145874674449715, 939.5214080704374737, 10.00000000000000000 ) ) ;
#555 = ORIENTED_EDGE ( 'NONE', *, *, #1121, .F. ) ;
#556 = FACE_BOUND ( 'NONE', #557, .T. ) ;
#557 = EDGE_LOOP ( 'NONE', ( #550, #625, #1031, #700, #879, #197, #509, #478 ) ) ;
#558 = DIRECTION ( 'NONE',  ( 0.000000000000000000, -1.000000000000000000, 0.000000000000000000 ) ) ;
#559 = CARTESIAN_POINT ( 'NONE',  ( -540.2145874674449715, 1063.521408070436792, 10.00000000000000000 ) ) ;
#560 = ORIENTED_EDGE ( 'NONE', *, *, #1324, .F. ) ;
#561 = FACE_BOUND ( 'NONE', #229, .T. ) ;
#562 = ORIENTED_EDGE ( 'NONE', *, *, #568, .F. ) ;
#563 = DIRECTION ( 'NONE',  ( -1.000000000000000000, 0.000000000000000000, 0.000000000000000000 ) ) ;
#564 = DIRECTION ( 'NONE',  ( -1.000000000000000000, 0.000000000000000000, 0.000000000000000000 ) ) ;
#565 = ORIENTED_EDGE ( 'NONE', *, *, #542, .T. ) ;
#566 = CARTESIAN_POINT ( 'NONE',  ( -525.2145874674449715, 1099.021408070437246, 10.00000000000000000 ) ) ;
#567 = VECTOR ( 'NONE', #187, 1000.000000000000000 ) ;
#568 = EDGE_CURVE ( 'NONE', #231, #1065, #321, .T. ) ;
#569 = ORIENTED_EDGE ( 'NONE', *, *, #380, .T. ) ;
#570 = AXIS2_PLACEMENT_3D ( 'NONE', #1177, #381, #156 ) ;
#571 = DIRECTION ( 'NONE',  ( -0.000000000000000000, 1.000000000000000000, -0.000000000000000000 ) ) ;
#572 = FACE_OUTER_BOUND ( 'NONE', #84, .T. ) ;
#573 = AXIS2_PLACEMENT_3D ( 'NONE', #274, #730, #1184 ) ;
#574 = LINE ( 'NONE', #1043, #666 ) ;
#575 = ORIENTED_EDGE ( 'NONE', *, *, #130, .F. ) ;
#576 = DIRECTION ( 'NONE',  ( 1.000000000000000000, 0.000000000000000000, -0.000000000000000000 ) ) ;
#577 = EDGE_LOOP ( 'NONE', ( #414, #1109, #1218, #1371 ) ) ;
#578 = CARTESIAN_POINT ( 'NONE',  ( -537.2145874674449715, 1079.521408070436792, 10.00000000000000000 ) ) ;
#579 = EDGE_CURVE ( 'NONE', #826, #997, #543, .T. ) ;
#580 =( LENGTH_UNIT ( ) NAMED_UNIT ( * ) SI_UNIT ( .MILLI., .METRE. ) );
#581 = CYLINDRICAL_SURFACE ( 'NONE', #1056, 2.000000000000001776 ) ;
#582 = VERTEX_POINT ( 'NONE', #999 ) ;
#583 = DIRECTION ( 'NONE',  ( -1.000000000000000000, 0.000000000000000000, 0.000000000000000000 ) ) ;
#584 = VERTEX_POINT ( 'NONE', #1004 ) ;
#585 = LINE ( 'NONE', #1192, #267 ) ;
#586 = CARTESIAN_POINT ( 'NONE',  ( -538.2145874674449715, 1081.521408070436792, 10.00000000000000000 ) ) ;
#587 = EDGE_CURVE ( 'NONE', #63, #546, #837, .T. ) ;
#588 = LINE ( 'NONE', #461, #740 ) ;
#589 = ORIENTED_EDGE ( 'NONE', *, *, #876, .T. ) ;
#590 = LINE ( 'NONE', #715, #744 ) ;
#591 = ORIENTED_EDGE ( 'NONE', *, *, #1033, .T. ) ;
#592 = AXIS2_PLACEMENT_3D ( 'NONE', #1208, #104, #426 ) ;
#593 = CARTESIAN_POINT ( 'NONE',  ( -616.2145874674449715, 1061.521408070436792, 0.000000000000000000 ) ) ;
#594 = AXIS2_PLACEMENT_3D ( 'NONE', #300, #984, #1461 ) ;
#595 = PERSON ( 'UNSPECIFIED', 'UNSPECIFIED', 'UNSPECIFIED', ('UNSPECIFIED'), ('UNSPECIFIED'), ('UNSPECIFIED') ) ;
#596 = DIRECTION ( 'NONE',  ( -0.000000000000000000, -0.000000000000000000, -1.000000000000000000 ) ) ;
#597 = AXIS2_PLACEMENT_3D ( 'NONE', #990, #303, #1429 ) ;
#598 = DIRECTION ( 'NONE',  ( 1.000000000000000000, 0.000000000000000000, 0.000000000000000000 ) ) ;
#599 = ADVANCED_FACE ( 'NONE', ( #520 ), #186, .F. ) ;
#600 = CIRCLE ( 'NONE', #1441, 2.000000000000001776 ) ;
#601 = ORIENTED_EDGE ( 'NONE', *, *, #1115, .T. ) ;
#602 = PRODUCT_DEFINITION_FORMATION_WITH_SPECIFIED_SOURCE ( 'ANY', '', #143, .NOT_KNOWN. ) ;
#603 = DIRECTION ( 'NONE',  ( -0.000000000000000000, -0.000000000000000000, -1.000000000000000000 ) ) ;
#604 = ORIENTED_EDGE ( 'NONE', *, *, #972, .T. ) ;
#605 = CARTESIAN_POINT ( 'NONE',  ( -525.2145874674449715, 894.0214080704369053, 10.00000000000000000 ) ) ;
#606 = DIRECTION ( 'NONE',  ( -0.000000000000000000, -0.000000000000000000, -1.000000000000000000 ) ) ;
#607 = EDGE_LOOP ( 'NONE', ( #1102, #1157, #317, #942 ) ) ;
#608 = CARTESIAN_POINT ( 'NONE',  ( -525.2145874674449715, 904.0214080704369053, 10.00000000000000000 ) ) ;
#609 = EDGE_CURVE ( 'NONE', #755, #96, #993, .T. ) ;
#610 = ORIENTED_EDGE ( 'NONE', *, *, #1033, .F. ) ;
#611 = DATE_TIME_ROLE ( 'creation_date' ) ;
#612 = LINE ( 'NONE', #1091, #694 ) ;
#613 = DIRECTION ( 'NONE',  ( -0.000000000000000000, -0.000000000000000000, -1.000000000000000000 ) ) ;
#614 = DIRECTION ( 'NONE',  ( -1.000000000000000000, 0.000000000000000000, 0.000000000000000000 ) ) ;
#615 = EDGE_LOOP ( 'NONE', ( #562, #1086, #142, #1240 ) ) ;
#616 = EDGE_CURVE ( 'NONE', #1392, #676, #1123, .T. ) ;
#617 = AXIS2_PLACEMENT_3D ( 'NONE', #956, #622, #286 ) ;
#618 = DATE_AND_TIME ( #168, #1176 ) ;
#619 = DIRECTION ( 'NONE',  ( 0.000000000000000000, 1.000000000000000000, 0.000000000000000000 ) ) ;
#620 = AXIS2_PLACEMENT_3D ( 'NONE', #82, #529, #1220 ) ;
#621 = AXIS2_PLACEMENT_3D ( 'NONE', #91, #1457, #880 ) ;
#622 = DIRECTION ( 'NONE',  ( 0.000000000000000000, 0.000000000000000000, 1.000000000000000000 ) ) ;
#623 = LINE ( 'NONE', #164, #453 ) ;
#624 = CIRCLE ( 'NONE', #409, 2.000000000000001776 ) ;
#625 = ORIENTED_EDGE ( 'NONE', *, *, #28, .T. ) ;
#626 = DIRECTION ( 'NONE',  ( 0.000000000000000000, 1.000000000000000000, 0.000000000000000000 ) ) ;
#627 = CARTESIAN_POINT ( 'NONE',  ( 0.000000000000000000, 0.000000000000000000, 0.000000000000000000 ) ) ;
#628 = EDGE_CURVE ( 'NONE', #904, #363, #1122, .T. ) ;
#629 = CARTESIAN_POINT ( 'NONE',  ( -638.2145874674450852, 1099.021408070437246, 10.00000000000000000 ) ) ;
#630 = FACE_OUTER_BOUND ( 'NONE', #1283, .T. ) ;
#631 = DIRECTION ( 'NONE',  ( 0.000000000000000000, 0.000000000000000000, 1.000000000000000000 ) ) ;
#632 = EDGE_LOOP ( 'NONE', ( #257, #975, #1226, #217, #133, #111, #70, #1112 ) ) ;
#633 = DIRECTION ( 'NONE',  ( -1.000000000000000000, 0.000000000000000000, 0.000000000000000000 ) ) ;
#634 = ORIENTED_EDGE ( 'NONE', *, *, #963, .T. ) ;
#635 = COORDINATED_UNIVERSAL_TIME_OFFSET ( 3, 0, .BEHIND. ) ;
#636 = DIRECTION ( 'NONE',  ( -1.000000000000000000, 0.000000000000000000, 0.000000000000000000 ) ) ;
#637 = ADVANCED_FACE ( 'NONE', ( #1236 ), #100, .F. ) ;
#638 = PLANE ( 'NONE',  #427 ) ;
#639 = ORIENTED_EDGE ( 'NONE', *, *, #1427, .T. ) ;
#640 = CARTESIAN_POINT ( 'NONE',  ( -525.2145874674449715, 1099.021408070437246, 10.00000000000000000 ) ) ;
#641 = PERSON_AND_ORGANIZATION_ROLE ( 'design_owner' ) ;
#642 = CARTESIAN_POINT ( 'NONE',  ( -613.2145874674449715, 1063.521408070436792, 0.000000000000000000 ) ) ;
#643 = CIRCLE ( 'NONE', #617, 2.000000000000001776 ) ;
#644 = DIRECTION ( 'NONE',  ( -0.000000000000000000, -0.000000000000000000, -1.000000000000000000 ) ) ;
#645 = EDGE_CURVE ( 'NONE', #337, #481, #239, .T. ) ;
#646 = VECTOR ( 'NONE', #1403, 1000.000000000000000 ) ;
#647 = VERTEX_POINT ( 'NONE', #552 ) ;
#648 = VECTOR ( 'NONE', #816, 1000.000000000000000 ) ;
#649 = EDGE_CURVE ( 'NONE', #369, #339, #760, .T. ) ;
#650 = PLANE ( 'NONE',  #1318 ) ;
#651 = EDGE_LOOP ( 'NONE', ( #46, #1125, #569, #1052, #289, #243, #511, #822 ) ) ;
#652 = CARTESIAN_POINT ( 'NONE',  ( -540.2145874674449715, 939.5214080704374737, 0.000000000000000000 ) ) ;
#653 = CARTESIAN_POINT ( 'NONE',  ( -618.2145874674449715, 1063.521408070436792, 10.00000000000000000 ) ) ;
#654 = VERTEX_POINT ( 'NONE', #1320 ) ;
#655 = DIRECTION ( 'NONE',  ( 0.000000000000000000, 0.000000000000000000, 1.000000000000000000 ) ) ;
#656 = EDGE_CURVE ( 'NONE', #246, #584, #430, .T. ) ;
#657 = ORIENTED_EDGE ( 'NONE', *, *, #380, .F. ) ;
#658 = DIRECTION ( 'NONE',  ( 1.000000000000000000, -1.077886431674909573E-15, 0.000000000000000000 ) ) ;
#659 = DIRECTION ( 'NONE',  ( -1.000000000000000000, 0.000000000000000000, 0.000000000000000000 ) ) ;
#660 = ORIENTED_EDGE ( 'NONE', *, *, #710, .T. ) ;
#661 = CARTESIAN_POINT ( 'NONE',  ( -628.2145874674449715, 894.0214080704369053, 0.000000000000000000 ) ) ;
#662 = EDGE_LOOP ( 'NONE', ( #443, #1467, #732, #1216 ) ) ;
#663 = EDGE_CURVE ( 'NONE', #65, #1476, #1207, .T. ) ;
#664 = DIRECTION ( 'NONE',  ( 0.000000000000000000, 0.000000000000000000, 1.000000000000000000 ) ) ;
#665 = DIRECTION ( 'NONE',  ( -1.000000000000000000, -0.000000000000000000, -0.000000000000000000 ) ) ;
#666 = VECTOR ( 'NONE', #228, 1000.000000000000000 ) ;
#667 = ORIENTED_EDGE ( 'NONE', *, *, #245, .T. ) ;
#668 = FACE_OUTER_BOUND ( 'NONE', #1344, .T. ) ;
#669 = AXIS2_PLACEMENT_3D ( 'NONE', #66, #855, #506 ) ;
#670 = CIRCLE ( 'NONE', #695, 2.000000000000001776 ) ;
#671 = VERTEX_POINT ( 'NONE', #642 ) ;
#672 = VECTOR ( 'NONE', #954, 1000.000000000000000 ) ;
#673 = CARTESIAN_POINT ( 'NONE',  ( -618.2145874674449715, 1079.521408070436792, 10.00000000000000000 ) ) ;
#674 = ADVANCED_FACE ( 'NONE', ( #1103 ), #200, .F. ) ;
#675 = CARTESIAN_POINT ( 'NONE',  ( -628.2145874674449715, 1109.021408070437246, 10.00000000000000000 ) ) ;
#676 = VERTEX_POINT ( 'NONE', #652 ) ;
#677 = CARTESIAN_POINT ( 'NONE',  ( -615.2145874674449715, 1079.521408070436792, 10.00000000000000000 ) ) ;
#678 = EDGE_LOOP ( 'NONE', ( #901, #714, #208, #1262 ) ) ;
#679 = DIRECTION ( 'NONE',  ( 1.000000000000000000, 0.000000000000000000, 0.000000000000000000 ) ) ;
#680 = DIRECTION ( 'NONE',  ( 0.000000000000000000, 0.000000000000000000, 1.000000000000000000 ) ) ;
#681 = ADVANCED_FACE ( 'NONE', ( #459 ), #1273, .F. ) ;
#682 = ORIENTED_EDGE ( 'NONE', *, *, #535, .F. ) ;
#683 = DIRECTION ( 'NONE',  ( 0.000000000000000000, 0.000000000000000000, 1.000000000000000000 ) ) ;
#684 = ORIENTED_EDGE ( 'NONE', *, *, #931, .F. ) ;
#685 = CARTESIAN_POINT ( 'NONE',  ( -540.2145874674449715, 923.5214080704374737, 10.00000000000000000 ) ) ;
#686 = CARTESIAN_POINT ( 'NONE',  ( -618.2145874674449715, 923.5214080704374737, 10.00000000000000000 ) ) ;
#687 = CARTESIAN_POINT ( 'NONE',  ( -615.2145874674449715, 1063.521408070436792, 10.00000000000000000 ) ) ;
#688 = CC_DESIGN_DATE_AND_TIME_ASSIGNMENT ( #496, #611, ( #165 ) ) ;
#689 = EDGE_LOOP ( 'NONE', ( #1163, #952, #1328, #507 ) ) ;
#690 = CARTESIAN_POINT ( 'NONE',  ( -537.2145874674449715, 941.5214080704374737, 10.00000000000000000 ) ) ;
#691 = VECTOR ( 'NONE', #95, 1000.000000000000000 ) ;
#692 = EDGE_CURVE ( 'NONE', #363, #1322, #522, .T. ) ;
#693 = EDGE_LOOP ( 'NONE', ( #932, #995, #68, #920, #312, #1016, #457, #517 ) ) ;
#694 = VECTOR ( 'NONE', #619, 1000.000000000000000 ) ;
#695 = AXIS2_PLACEMENT_3D ( 'NONE', #330, #1249, #1133 ) ;
#696 = DIRECTION ( 'NONE',  ( -1.000000000000000000, 0.000000000000000000, 0.000000000000000000 ) ) ;
#697 = CIRCLE ( 'NONE', #1319, 2.000000000000001776 ) ;
#698 = CARTESIAN_POINT ( 'NONE',  ( -628.2145874674449715, 1099.021408070437246, 10.00000000000000000 ) ) ;
#699 = CARTESIAN_POINT ( 'NONE',  ( -616.2145874674449715, 1079.521408070436792, 10.00000000000000000 ) ) ;
#700 = ORIENTED_EDGE ( 'NONE', *, *, #332, .T. ) ;
#701 = CARTESIAN_POINT ( 'NONE',  ( -537.2145874674449715, 921.5214080704374737, 10.00000000000000000 ) ) ;
#702 = ORIENTED_EDGE ( 'NONE', *, *, #923, .T. ) ;
#703 = ADVANCED_FACE ( 'NONE', ( #1034 ), #247, .F. ) ;
#704 = LINE ( 'NONE', #10, #863 ) ;
#705 = DIRECTION ( 'NONE',  ( -1.000000000000000000, 0.000000000000000000, 0.000000000000000000 ) ) ;
#706 = DIRECTION ( 'NONE',  ( 0.000000000000000000, -1.000000000000000000, 0.000000000000000000 ) ) ;
#707 = ORIENTED_EDGE ( 'NONE', *, *, #736, .F. ) ;
#708 = PLANE ( 'NONE',  #174 ) ;
#709 = ORIENTED_EDGE ( 'NONE', *, *, #1266, .F. ) ;
#710 = EDGE_CURVE ( 'NONE', #811, #455, #451, .T. ) ;
#711 = LINE ( 'NONE', #1203, #475 ) ;
#712 = DIRECTION ( 'NONE',  ( -0.000000000000000000, -0.000000000000000000, -1.000000000000000000 ) ) ;
#713 = LINE ( 'NONE', #948, #1361 ) ;
#714 = ORIENTED_EDGE ( 'NONE', *, *, #450, .F. ) ;
#715 = CARTESIAN_POINT ( 'NONE',  ( -540.2145874674449715, 1063.521408070436792, 10.00000000000000000 ) ) ;
#716 = ORIENTED_EDGE ( 'NONE', *, *, #1121, .T. ) ;
#717 = VECTOR ( 'NONE', #644, 1000.000000000000000 ) ;
#718 = VECTOR ( 'NONE', #728, 1000.000000000000000 ) ;
#719 = CARTESIAN_POINT ( 'NONE',  ( -616.2145874674449715, 1061.521408070436792, 10.00000000000000000 ) ) ;
#720 = AXIS2_PLACEMENT_3D ( 'NONE', #1323, #282, #633 ) ;
#721 = CYLINDRICAL_SURFACE ( 'NONE', #570, 2.000000000000001776 ) ;
#722 = AXIS2_PLACEMENT_3D ( 'NONE', #827, #683, #118 ) ;
#723 = EDGE_CURVE ( 'NONE', #969, #350, #704, .T. ) ;
#724 = VERTEX_POINT ( 'NONE', #673 ) ;
#725 = CARTESIAN_POINT ( 'NONE',  ( -628.2145874674449715, 904.0214080704369053, 10.00000000000000000 ) ) ;
#726 = ORIENTED_EDGE ( 'NONE', *, *, #656, .F. ) ;
#727 =( NAMED_UNIT ( * ) SI_UNIT ( $, .STERADIAN. ) SOLID_ANGLE_UNIT ( ) );
#728 = DIRECTION ( 'NONE',  ( -0.000000000000000000, -1.000000000000000000, -0.000000000000000000 ) ) ;
#729 = EDGE_LOOP ( 'NONE', ( #1204, #194, #702, #789 ) ) ;
#730 = DIRECTION ( 'NONE',  ( 1.000000000000000000, 0.000000000000000000, -0.000000000000000000 ) ) ;
#731 = ADVANCED_FACE ( 'NONE', ( #137 ), #1359, .T. ) ;
#732 = ORIENTED_EDGE ( 'NONE', *, *, #398, .F. ) ;
#733 = LINE ( 'NONE', #497, #1221 ) ;
#734 = CARTESIAN_POINT ( 'NONE',  ( -638.2145874674450852, 1099.021408070437246, 10.00000000000000000 ) ) ;
#735 = LINE ( 'NONE', #385, #1391 ) ;
#736 = EDGE_CURVE ( 'NONE', #320, #1046, #444, .T. ) ;
#737 = ORIENTED_EDGE ( 'NONE', *, *, #341, .T. ) ;
#738 = CARTESIAN_POINT ( 'NONE',  ( -537.2145874674449715, 923.5214080704374737, 10.00000000000000000 ) ) ;
#739 = EDGE_CURVE ( 'NONE', #1397, #493, #1369, .T. ) ;
#740 = VECTOR ( 'NONE', #930, 1000.000000000000000 ) ;
#741 = SHAPE_DEFINITION_REPRESENTATION ( #1396, #1153 ) ;
#742 = CARTESIAN_POINT ( 'NONE',  ( -615.2145874674449715, 921.5214080704374737, 10.00000000000000000 ) ) ;
#743 = VECTOR ( 'NONE', #1282, 1000.000000000000000 ) ;
#744 = VECTOR ( 'NONE', #820, 1000.000000000000000 ) ;
#745 = VERTEX_POINT ( 'NONE', #121 ) ;
#746 = LINE ( 'NONE', #404, #199 ) ;
#747 = LOCAL_TIME ( 10, 14, 18.00000000000000000, #270 ) ;
#748 = ORIENTED_EDGE ( 'NONE', *, *, #870, .F. ) ;
#749 = DIRECTION ( 'NONE',  ( 0.000000000000000000, 0.000000000000000000, 1.000000000000000000 ) ) ;
#750 = VERTEX_POINT ( 'NONE', #1159 ) ;
#751 = EDGE_CURVE ( 'NONE', #927, #76, #226, .T. ) ;
#752 = PERSON_AND_ORGANIZATION ( #595, #1198 ) ;
#753 = CARTESIAN_POINT ( 'NONE',  ( -535.2145874674449715, 939.5214080704374737, 0.000000000000000000 ) ) ;
#754 = EDGE_LOOP ( 'NONE', ( #660, #41, #524, #1435 ) ) ;
#755 = VERTEX_POINT ( 'NONE', #439 ) ;
#756 = FACE_OUTER_BOUND ( 'NONE', #1305, .T. ) ;
#757 = EDGE_LOOP ( 'NONE', ( #1278, #1186, #737, #534 ) ) ;
#758 = APPROVAL_ROLE ( '' ) ;
#759 = EDGE_CURVE ( 'NONE', #211, #750, #114, .T. ) ;
#760 = LINE ( 'NONE', #1116, #1104 ) ;
#761 = CARTESIAN_POINT ( 'NONE',  ( -616.2145874674449715, 1081.521408070436792, 0.000000000000000000 ) ) ;
#762 = ORIENTED_EDGE ( 'NONE', *, *, #579, .T. ) ;
#763 = DIRECTION ( 'NONE',  ( 0.000000000000000000, -1.000000000000000000, 0.000000000000000000 ) ) ;
#764 = ORIENTED_EDGE ( 'NONE', *, *, #103, .T. ) ;
#765 = DIRECTION ( 'NONE',  ( 1.000000000000000000, 0.000000000000000000, 0.000000000000000000 ) ) ;
#766 = VECTOR ( 'NONE', #659, 1000.000000000000000 ) ;
#767 = CARTESIAN_POINT ( 'NONE',  ( -540.2145874674449715, 939.5214080704374737, 10.00000000000000000 ) ) ;
#768 = EDGE_CURVE ( 'NONE', #676, #1046, #1013, .T. ) ;
#769 = VECTOR ( 'NONE', #346, 1000.000000000000000 ) ;
#770 = VERTEX_POINT ( 'NONE', #1474 ) ;
#771 = VECTOR ( 'NONE', #17, 1000.000000000000000 ) ;
#772 = FACE_BOUND ( 'NONE', #651, .T. ) ;
#773 =( GEOMETRIC_REPRESENTATION_CONTEXT ( 3 ) GLOBAL_UNCERTAINTY_ASSIGNED_CONTEXT ( ( #541 ) ) GLOBAL_UNIT_ASSIGNED_CONTEXT ( ( #580, #1073, #727 ) ) REPRESENTATION_CONTEXT ( 'NONE', 'WORKASPACE' ) );
#774 = ORIENTED_EDGE ( 'NONE', *, *, #193, .T. ) ;
#775 = CARTESIAN_POINT ( 'NONE',  ( -515.2145874674448578, 904.0214080704369053, 0.000000000000000000 ) ) ;
#776 = CARTESIAN_POINT ( 'NONE',  ( -538.2145874674449715, 941.5214080704374737, 10.00000000000000000 ) ) ;
#777 = VERTEX_POINT ( 'NONE', #131 ) ;
#778 = PLANE ( 'NONE',  #1363 ) ;
#779 = VERTEX_POINT ( 'NONE', #1468 ) ;
#780 = LINE ( 'NONE', #1110, #99 ) ;
#781 = CARTESIAN_POINT ( 'NONE',  ( -618.2145874674449715, 1079.521408070436792, 10.00000000000000000 ) ) ;
#782 = ORIENTED_EDGE ( 'NONE', *, *, #254, .F. ) ;
#783 = CARTESIAN_POINT ( 'NONE',  ( -616.2145874674449715, 921.5214080704374737, 0.000000000000000000 ) ) ;
#784 = EDGE_LOOP ( 'NONE', ( #1364, #528, #1001, #565 ) ) ;
#785 = CC_DESIGN_PERSON_AND_ORGANIZATION_ASSIGNMENT ( #1417, #388, ( #602 ) ) ;
#786 = CYLINDRICAL_SURFACE ( 'NONE', #1008, 2.000000000000001776 ) ;
#787 = DIRECTION ( 'NONE',  ( 0.000000000000000000, 0.000000000000000000, 1.000000000000000000 ) ) ;
#788 = CIRCLE ( 'NONE', #147, 2.000000000000001776 ) ;
#789 = ORIENTED_EDGE ( 'NONE', *, *, #1194, .T. ) ;
#790 = DIRECTION ( 'NONE',  ( 0.000000000000000000, 0.000000000000000000, 1.000000000000000000 ) ) ;
#791 = AXIS2_PLACEMENT_3D ( 'NONE', #862, #295, #765 ) ;
#792 = VECTOR ( 'NONE', #371, 1000.000000000000000 ) ;
#793 = ORIENTED_EDGE ( 'NONE', *, *, #306, .T. ) ;
#794 = VECTOR ( 'NONE', #866, 1000.000000000000000 ) ;
#795 = EDGE_CURVE ( 'NONE', #1334, #190, #327, .T. ) ;
#796 = DIRECTION ( 'NONE',  ( -1.000000000000000000, -0.000000000000000000, -0.000000000000000000 ) ) ;
#797 = FACE_OUTER_BOUND ( 'NONE', #784, .T. ) ;
#798 = VERTEX_POINT ( 'NONE', #340 ) ;
#799 = CARTESIAN_POINT ( 'NONE',  ( -613.2145874674449715, 923.5214080704374737, 0.000000000000000000 ) ) ;
#800 = ORIENTED_EDGE ( 'NONE', *, *, #1194, .F. ) ;
#801 = DIRECTION ( 'NONE',  ( 0.000000000000000000, 0.000000000000000000, 1.000000000000000000 ) ) ;
#802 = APPROVAL ( #58, 'UNSPECIFIED' ) ;
#803 = FACE_OUTER_BOUND ( 'NONE', #504, .T. ) ;
#804 = EDGE_CURVE ( 'NONE', #1308, #65, #407, .T. ) ;
#805 = ORIENTED_EDGE ( 'NONE', *, *, #1472, .F. ) ;
#806 = FACE_OUTER_BOUND ( 'NONE', #1022, .T. ) ;
#807 = ORIENTED_EDGE ( 'NONE', *, *, #1040, .T. ) ;
#808 = CARTESIAN_POINT ( 'NONE',  ( -613.2145874674449715, 1063.521408070436792, 10.00000000000000000 ) ) ;
#809 = LINE ( 'NONE', #947, #176 ) ;
#810 = CARTESIAN_POINT ( 'NONE',  ( -616.2145874674449715, 921.5214080704374737, 0.000000000000000000 ) ) ;
#811 = VERTEX_POINT ( 'NONE', #1041 ) ;
#812 = LINE ( 'NONE', #134, #386 ) ;
#813 = CIRCLE ( 'NONE', #170, 2.000000000000001776 ) ;
#814 = ORIENTED_EDGE ( 'NONE', *, *, #931, .T. ) ;
#815 = AXIS2_PLACEMENT_3D ( 'NONE', #1147, #576, #486 ) ;
#816 = DIRECTION ( 'NONE',  ( 0.000000000000000000, 1.000000000000000000, 0.000000000000000000 ) ) ;
#817 = VECTOR ( 'NONE', #1281, 1000.000000000000000 ) ;
#818 = CYLINDRICAL_SURFACE ( 'NONE', #936, 10.00000000000000888 ) ;
#819 = VERTEX_POINT ( 'NONE', #232 ) ;
#820 = DIRECTION ( 'NONE',  ( -0.000000000000000000, -1.000000000000000000, -0.000000000000000000 ) ) ;
#821 = EDGE_CURVE ( 'NONE', #1453, #538, #126, .T. ) ;
#822 = ORIENTED_EDGE ( 'NONE', *, *, #953, .T. ) ;
#823 = DIRECTION ( 'NONE',  ( -1.000000000000000000, 0.000000000000000000, 0.000000000000000000 ) ) ;
#824 = CARTESIAN_POINT ( 'NONE',  ( -538.2145874674449715, 941.5214080704374737, 0.000000000000000000 ) ) ;
#825 = LINE ( 'NONE', #977, #1244 ) ;
#826 = VERTEX_POINT ( 'NONE', #1382 ) ;
#827 = CARTESIAN_POINT ( 'NONE',  ( -525.2145874674449715, 904.0214080704369053, 0.000000000000000000 ) ) ;
#828 = ORIENTED_EDGE ( 'NONE', *, *, #1214, .T. ) ;
#829 = DIRECTION ( 'NONE',  ( -0.000000000000000000, -0.000000000000000000, -1.000000000000000000 ) ) ;
#830 = ADVANCED_FACE ( 'NONE', ( #899 ), #786, .F. ) ;
#831 = DIRECTION ( 'NONE',  ( 0.000000000000000000, 1.000000000000000000, -0.000000000000000000 ) ) ;
#832 = CARTESIAN_POINT ( 'NONE',  ( -613.2145874674449715, 1079.521408070436792, 10.00000000000000000 ) ) ;
#833 = PLANE ( 'NONE',  #1219 ) ;
#834 = CARTESIAN_POINT ( 'NONE',  ( -615.2145874674449715, 923.5214080704374737, 10.00000000000000000 ) ) ;
#835 = ORIENTED_EDGE ( 'NONE', *, *, #1324, .T. ) ;
#836 = AXIS2_PLACEMENT_3D ( 'NONE', #374, #384, #544 ) ;
#837 = CIRCLE ( 'NONE', #910, 2.000000000000001776 ) ;
#838 = CARTESIAN_POINT ( 'NONE',  ( -613.2145874674449715, 923.5214080704374737, 10.00000000000000000 ) ) ;
#839 = EDGE_CURVE ( 'NONE', #276, #234, #290, .T. ) ;
#840 = AXIS2_PLACEMENT_3D ( 'NONE', #482, #829, #1329 ) ;
#841 = LINE ( 'NONE', #1169, #1386 ) ;
#842 = VECTOR ( 'NONE', #392, 1000.000000000000000 ) ;
#843 = ORIENTED_EDGE ( 'NONE', *, *, #1447, .F. ) ;
#844 = DIRECTION ( 'NONE',  ( -1.000000000000000000, 0.000000000000000000, 0.000000000000000000 ) ) ;
#845 = ORIENTED_EDGE ( 'NONE', *, *, #804, .F. ) ;
#846 = CALENDAR_DATE ( 2026, 19, 8 ) ;
#847 = CARTESIAN_POINT ( 'NONE',  ( -525.2145874674449715, 904.0214080704369053, 10.00000000000000000 ) ) ;
#848 = ADVANCED_FACE ( 'NONE', ( #472 ), #976, .T. ) ;
#849 = EDGE_LOOP ( 'NONE', ( #34, #540, #591, #1003 ) ) ;
#850 = LINE ( 'NONE', #979, #842 ) ;
#851 = EDGE_CURVE ( 'NONE', #908, #1065, #1401, .T. ) ;
#852 = EDGE_LOOP ( 'NONE', ( #471, #707, #888, #188 ) ) ;
#853 = ORIENTED_EDGE ( 'NONE', *, *, #1279, .T. ) ;
#854 = CALENDAR_DATE ( 2026, 19, 8 ) ;
#855 = DIRECTION ( 'NONE',  ( 0.000000000000000000, 0.000000000000000000, 1.000000000000000000 ) ) ;
#856 = VERTEX_POINT ( 'NONE', #298 ) ;
#857 = CARTESIAN_POINT ( 'NONE',  ( -535.2145874674449715, 1063.521408070436792, 10.00000000000000000 ) ) ;
#858 = ADVANCED_FACE ( 'NONE', ( #756 ), #1217, .T. ) ;
#859 = ORIENTED_EDGE ( 'NONE', *, *, #628, .T. ) ;
#860 = DIRECTION ( 'NONE',  ( 0.000000000000000000, 0.000000000000000000, 1.000000000000000000 ) ) ;
#861 = ORIENTED_EDGE ( 'NONE', *, *, #1307, .T. ) ;
#862 = CARTESIAN_POINT ( 'NONE',  ( -537.2145874674449715, 1063.521408070436792, 10.00000000000000000 ) ) ;
#863 = VECTOR ( 'NONE', #796, 1000.000000000000000 ) ;
#864 = CIRCLE ( 'NONE', #720, 2.000000000000001776 ) ;
#865 = CARTESIAN_POINT ( 'NONE',  ( -538.2145874674449715, 1081.521408070436792, 0.000000000000000000 ) ) ;
#866 = DIRECTION ( 'NONE',  ( -0.000000000000000000, -0.000000000000000000, -1.000000000000000000 ) ) ;
#867 = AXIS2_PLACEMENT_3D ( 'NONE', #919, #603, #583 ) ;
#868 = ORIENTED_EDGE ( 'NONE', *, *, #656, .T. ) ;
#869 = DIRECTION ( 'NONE',  ( -1.000000000000000000, 0.000000000000000000, 0.000000000000000000 ) ) ;
#870 = EDGE_CURVE ( 'NONE', #745, #1100, #585, .T. ) ;
#871 = APPLICATION_PROTOCOL_DEFINITION ( 'international standard', 'config_control_design', 1994, #951 ) ;
#872 = CARTESIAN_POINT ( 'NONE',  ( -537.2145874674449715, 1063.521408070436792, 10.00000000000000000 ) ) ;
#873 = LINE ( 'NONE', #653, #1027 ) ;
#874 = ORIENTED_EDGE ( 'NONE', *, *, #416, .T. ) ;
#875 = CYLINDRICAL_SURFACE ( 'NONE', #356, 2.000000000000001776 ) ;
#876 = EDGE_CURVE ( 'NONE', #455, #997, #1174, .T. ) ;
#877 = CARTESIAN_POINT ( 'NONE',  ( -537.2145874674449715, 921.5214080704374737, 10.00000000000000000 ) ) ;
#878 = LINE ( 'NONE', #554, #50 ) ;
#879 = ORIENTED_EDGE ( 'NONE', *, *, #1472, .T. ) ;
#880 = DIRECTION ( 'NONE',  ( -1.000000000000000000, 0.000000000000000000, 0.000000000000000000 ) ) ;
#881 = ORIENTED_EDGE ( 'NONE', *, *, #1434, .F. ) ;
#882 = DIRECTION ( 'NONE',  ( 1.000000000000000000, -0.000000000000000000, -0.000000000000000000 ) ) ;
#883 = AXIS2_PLACEMENT_3D ( 'NONE', #1342, #1455, #440 ) ;
#884 = ADVANCED_FACE ( 'NONE', ( #1210 ), #64, .T. ) ;
#885 = AXIS2_PLACEMENT_3D ( 'NONE', #412, #1230, #1326 ) ;
#886 = DIRECTION ( 'NONE',  ( 0.000000000000000000, -1.000000000000000000, 0.000000000000000000 ) ) ;
#887 = AXIS2_PLACEMENT_3D ( 'NONE', #677, #442, #1228 ) ;
#888 = ORIENTED_EDGE ( 'NONE', *, *, #1064, .T. ) ;
#889 = AXIS2_PLACEMENT_3D ( 'NONE', #1291, #492, #957 ) ;
#890 = DIRECTION ( 'NONE',  ( 0.000000000000000000, -1.000000000000000000, 0.000000000000000000 ) ) ;
#891 = LOCAL_TIME ( 10, 14, 18.00000000000000000, #519 ) ;
#892 = ORIENTED_EDGE ( 'NONE', *, *, #1434, .T. ) ;
#893 = CARTESIAN_POINT ( 'NONE',  ( -616.2145874674449715, 921.5214080704374737, 10.00000000000000000 ) ) ;
#894 = DIRECTION ( 'NONE',  ( -0.000000000000000000, -0.000000000000000000, -1.000000000000000000 ) ) ;
#895 = EDGE_LOOP ( 'NONE', ( #23, #1355, #438, #215, #1012, #446, #1181, #225 ) ) ;
#896 = EDGE_CURVE ( 'NONE', #428, #856, #1287, .T. ) ;
#897 = CARTESIAN_POINT ( 'NONE',  ( -615.2145874674449715, 941.5214080704374737, 0.000000000000000000 ) ) ;
#898 = ORIENTED_EDGE ( 'NONE', *, *, #870, .T. ) ;
#899 = FACE_OUTER_BOUND ( 'NONE', #105, .T. ) ;
#900 = LINE ( 'NONE', #994, #766 ) ;
#901 = ORIENTED_EDGE ( 'NONE', *, *, #19, .F. ) ;
#902 = CARTESIAN_POINT ( 'NONE',  ( -537.2145874674449715, 923.5214080704374737, 0.000000000000000000 ) ) ;
#903 = EDGE_CURVE ( 'NONE', #1387, #973, #864, .T. ) ;
#904 = VERTEX_POINT ( 'NONE', #510 ) ;
#905 = CARTESIAN_POINT ( 'NONE',  ( -616.2145874674449715, 923.5214080704374737, 10.00000000000000000 ) ) ;
#906 = CYLINDRICAL_SURFACE ( 'NONE', #1315, 2.000000000000001776 ) ;
#907 = CIRCLE ( 'NONE', #263, 2.000000000000001776 ) ;
#908 = VERTEX_POINT ( 'NONE', #1101 ) ;
#909 = CARTESIAN_POINT ( 'NONE',  ( -538.2145874674449715, 923.5214080704374737, 10.00000000000000000 ) ) ;
#910 = AXIS2_PLACEMENT_3D ( 'NONE', #1449, #1454, #73 ) ;
#911 = AXIS2_PLACEMENT_3D ( 'NONE', #902, #655, #216 ) ;
#912 = EDGE_LOOP ( 'NONE', ( #140, #252, #1456, #762 ) ) ;
#913 = ADVANCED_FACE ( 'NONE', ( #415 ), #875, .F. ) ;
#914 = CC_DESIGN_SECURITY_CLASSIFICATION ( #1297, ( #602 ) ) ;
#915 = DIRECTION ( 'NONE',  ( -0.000000000000000000, -0.000000000000000000, -1.000000000000000000 ) ) ;
#916 = ADVANCED_FACE ( 'NONE', ( #181 ), #144, .F. ) ;
#917 = CARTESIAN_POINT ( 'NONE',  ( -628.2145874674449715, 904.0214080704369053, 10.00000000000000000 ) ) ;
#918 = VERTEX_POINT ( 'NONE', #24 ) ;
#919 = CARTESIAN_POINT ( 'NONE',  ( -537.2145874674449715, 1079.521408070436792, 10.00000000000000000 ) ) ;
#920 = ORIENTED_EDGE ( 'NONE', *, *, #533, .T. ) ;
#921 = CARTESIAN_POINT ( 'NONE',  ( -538.2145874674449715, 1079.521408070436792, 10.00000000000000000 ) ) ;
#922 = CARTESIAN_POINT ( 'NONE',  ( -628.2145874674449715, 1099.021408070437246, 0.000000000000000000 ) ) ;
#923 = EDGE_CURVE ( 'NONE', #908, #1350, #452, .T. ) ;
#924 = CARTESIAN_POINT ( 'NONE',  ( -537.2145874674449715, 1061.521408070436792, 10.00000000000000000 ) ) ;
#925 = EDGE_LOOP ( 'NONE', ( #1444, #117, #448, #1137 ) ) ;
#926 = CARTESIAN_POINT ( 'NONE',  ( -628.2145874674449715, 1109.021408070437246, 0.000000000000000000 ) ) ;
#927 = VERTEX_POINT ( 'NONE', #364 ) ;
#928 = DIRECTION ( 'NONE',  ( 1.000000000000000000, 0.000000000000000000, 0.000000000000000000 ) ) ;
#929 = CARTESIAN_POINT ( 'NONE',  ( -628.2145874674449715, 1109.021408070437246, 10.00000000000000000 ) ) ;
#930 = DIRECTION ( 'NONE',  ( -0.000000000000000000, 1.000000000000000000, -0.000000000000000000 ) ) ;
#931 = EDGE_CURVE ( 'NONE', #647, #157, #124, .T. ) ;
#932 = ORIENTED_EDGE ( 'NONE', *, *, #645, .T. ) ;
#933 = DIRECTION ( 'NONE',  ( 0.000000000000000000, 0.000000000000000000, 1.000000000000000000 ) ) ;
#934 = VECTOR ( 'NONE', #1384, 1000.000000000000000 ) ;
#935 = ORIENTED_EDGE ( 'NONE', *, *, #553, .F. ) ;
#936 = AXIS2_PLACEMENT_3D ( 'NONE', #917, #1275, #249 ) ;
#937 = AXIS2_PLACEMENT_3D ( 'NONE', #640, #860, #1314 ) ;
#938 = CARTESIAN_POINT ( 'NONE',  ( -537.2145874674449715, 939.5214080704374737, 10.00000000000000000 ) ) ;
#939 = LOCAL_TIME ( 10, 14, 18.00000000000000000, #294 ) ;
#940 = CARTESIAN_POINT ( 'NONE',  ( -537.2145874674449715, 1079.521408070436792, 0.000000000000000000 ) ) ;
#941 = CARTESIAN_POINT ( 'NONE',  ( -525.2145874674449715, 894.0214080704369053, 10.00000000000000000 ) ) ;
#942 = ORIENTED_EDGE ( 'NONE', *, *, #1286, .T. ) ;
#943 = LINE ( 'NONE', #1398, #1462 ) ;
#944 = EDGE_CURVE ( 'NONE', #779, #1209, #711, .T. ) ;
#945 = ORIENTED_EDGE ( 'NONE', *, *, #292, .F. ) ;
#946 = CARTESIAN_POINT ( 'NONE',  ( -535.2145874674449715, 939.5214080704374737, 10.00000000000000000 ) ) ;
#947 = CARTESIAN_POINT ( 'NONE',  ( -616.2145874674449715, 1061.521408070436792, 10.00000000000000000 ) ) ;
#948 = CARTESIAN_POINT ( 'NONE',  ( -615.2145874674449715, 1081.521408070436792, 10.00000000000000000 ) ) ;
#949 = VERTEX_POINT ( 'NONE', #593 ) ;
#950 = DIRECTION ( 'NONE',  ( -0.000000000000000000, -0.000000000000000000, -1.000000000000000000 ) ) ;
#951 = APPLICATION_CONTEXT ( 'configuration controlled 3d designs of mechanical parts and assemblies' ) ;
#952 = ORIENTED_EDGE ( 'NONE', *, *, #1090, .F. ) ;
#953 = EDGE_CURVE ( 'NONE', #339, #949, #961, .T. ) ;
#954 = DIRECTION ( 'NONE',  ( -0.000000000000000000, -0.000000000000000000, -1.000000000000000000 ) ) ;
#955 = FACE_OUTER_BOUND ( 'NONE', #1235, .T. ) ;
#956 = CARTESIAN_POINT ( 'NONE',  ( -615.2145874674449715, 1079.521408070436792, 0.000000000000000000 ) ) ;
#957 = DIRECTION ( 'NONE',  ( -1.000000000000000000, 0.000000000000000000, 0.000000000000000000 ) ) ;
#958 = ORIENTED_EDGE ( 'NONE', *, *, #494, .T. ) ;
#959 = VECTOR ( 'NONE', #886, 1000.000000000000000 ) ;
#960 = EDGE_CURVE ( 'NONE', #546, #654, #982, .T. ) ;
#961 = CIRCLE ( 'NONE', #311, 2.000000000000001776 ) ;
#962 = AXIS2_PLACEMENT_3D ( 'NONE', #608, #45, #844 ) ;
#963 = EDGE_CURVE ( 'NONE', #153, #231, #1057, .T. ) ;
#964 = CARTESIAN_POINT ( 'NONE',  ( -538.2145874674449715, 1063.521408070436792, 0.000000000000000000 ) ) ;
#965 = AXIS2_PLACEMENT_3D ( 'NONE', #627, #1212, #992 ) ;
#966 = DIRECTION ( 'NONE',  ( -0.000000000000000000, -0.000000000000000000, -1.000000000000000000 ) ) ;
#967 = DIRECTION ( 'NONE',  ( 0.000000000000000000, 0.000000000000000000, 1.000000000000000000 ) ) ;
#968 = EDGE_LOOP ( 'NONE', ( #1024, #308, #861, #1465 ) ) ;
#969 = VERTEX_POINT ( 'NONE', #97 ) ;
#970 = DATE_AND_TIME ( #846, #891 ) ;
#971 = DIRECTION ( 'NONE',  ( -0.000000000000000000, -0.000000000000000000, -1.000000000000000000 ) ) ;
#972 = EDGE_CURVE ( 'NONE', #1150, #63, #1233, .T. ) ;
#973 = VERTEX_POINT ( 'NONE', #897 ) ;
#974 = FACE_OUTER_BOUND ( 'NONE', #662, .T. ) ;
#975 = ORIENTED_EDGE ( 'NONE', *, *, #1418, .F. ) ;
#976 = PLANE ( 'NONE',  #3 ) ;
#977 = CARTESIAN_POINT ( 'NONE',  ( -525.2145874674449715, 1109.021408070437246, 10.00000000000000000 ) ) ;
#978 = DIRECTION ( 'NONE',  ( 0.000000000000000000, 1.000000000000000000, 0.000000000000000000 ) ) ;
#979 = CARTESIAN_POINT ( 'NONE',  ( -540.2145874674449715, 939.5214080704374737, 10.00000000000000000 ) ) ;
#980 = ADVANCED_FACE ( 'NONE', ( #1335, #319, #772, #561, #556 ), #650, .T. ) ;
#981 = EDGE_LOOP ( 'NONE', ( #589, #223, #1260, #1357 ) ) ;
#982 = LINE ( 'NONE', #1436, #151 ) ;
#983 = CALENDAR_DATE ( 2026, 19, 8 ) ;
#984 = DIRECTION ( 'NONE',  ( 0.000000000000000000, 0.000000000000000000, 1.000000000000000000 ) ) ;
#985 = VECTOR ( 'NONE', #1213, 1000.000000000000000 ) ;
#986 = VECTOR ( 'NONE', #106, 1000.000000000000000 ) ;
#987 = DIRECTION ( 'NONE',  ( -1.000000000000000000, 0.000000000000000000, 0.000000000000000000 ) ) ;
#988 = AXIS2_PLACEMENT_3D ( 'NONE', #1035, #18, #1161 ) ;
#989 = ORIENTED_EDGE ( 'NONE', *, *, #1224, .F. ) ;
#990 = CARTESIAN_POINT ( 'NONE',  ( -538.2145874674449715, 939.5214080704374737, 10.00000000000000000 ) ) ;
#991 = EDGE_CURVE ( 'NONE', #297, #1458, #1011, .T. ) ;
#992 = DIRECTION ( 'NONE',  ( 1.000000000000000000, 0.000000000000000000, 0.000000000000000000 ) ) ;
#993 = LINE ( 'NONE', #775, #1338 ) ;
#994 = CARTESIAN_POINT ( 'NONE',  ( -537.2145874674449715, 941.5214080704374737, 0.000000000000000000 ) ) ;
#995 = ORIENTED_EDGE ( 'NONE', *, *, #1399, .T. ) ;
#996 = CYLINDRICAL_SURFACE ( 'NONE', #621, 2.000000000000001776 ) ;
#997 = VERTEX_POINT ( 'NONE', #661 ) ;
#998 = ADVANCED_FACE ( 'NONE', ( #668 ), #1113, .T. ) ;
#999 = CARTESIAN_POINT ( 'NONE',  ( -613.2145874674449715, 1079.521408070436792, 0.000000000000000000 ) ) ;
#1000 = PLANE ( 'NONE',  #592 ) ;
#1001 = ORIENTED_EDGE ( 'NONE', *, *, #723, .T. ) ;
#1002 = FACE_OUTER_BOUND ( 'NONE', #30, .T. ) ;
#1003 = ORIENTED_EDGE ( 'NONE', *, *, #1446, .T. ) ;
#1004 = CARTESIAN_POINT ( 'NONE',  ( -535.2145874674449715, 1063.521408070436792, 10.00000000000000000 ) ) ;
#1005 = ADVANCED_FACE ( 'NONE', ( #1002 ), #778, .T. ) ;
#1006 = VECTOR ( 'NONE', #971, 1000.000000000000000 ) ;
#1007 = FACE_OUTER_BOUND ( 'NONE', #391, .T. ) ;
#1008 = AXIS2_PLACEMENT_3D ( 'NONE', #1135, #1019, #563 ) ;
#1009 = ORIENTED_EDGE ( 'NONE', *, *, #587, .T. ) ;
#1010 = VECTOR ( 'NONE', #1201, 1000.000000000000000 ) ;
#1011 = LINE ( 'NONE', #783, #525 ) ;
#1012 = ORIENTED_EDGE ( 'NONE', *, *, #1168, .F. ) ;
#1013 = LINE ( 'NONE', #1025, #1294 ) ;
#1014 = LINE ( 'NONE', #413, #691 ) ;
#1015 = EDGE_CURVE ( 'NONE', #96, #779, #1148, .T. ) ;
#1016 = ORIENTED_EDGE ( 'NONE', *, *, #1349, .T. ) ;
#1017 = DIRECTION ( 'NONE',  ( 0.000000000000000000, 0.000000000000000000, -1.000000000000000000 ) ) ;
#1018 = VERTEX_POINT ( 'NONE', #799 ) ;
#1019 = DIRECTION ( 'NONE',  ( -0.000000000000000000, -0.000000000000000000, -1.000000000000000000 ) ) ;
#1020 = DIRECTION ( 'NONE',  ( 0.000000000000000000, 0.000000000000000000, 1.000000000000000000 ) ) ;
#1021 = EDGE_CURVE ( 'NONE', #387, #428, #1340, .T. ) ;
#1022 = EDGE_LOOP ( 'NONE', ( #1311, #1267, #1256, #469 ) ) ;
#1023 = DIRECTION ( 'NONE',  ( -0.000000000000000000, 0.000000000000000000, -1.000000000000000000 ) ) ;
#1024 = ORIENTED_EDGE ( 'NONE', *, *, #332, .F. ) ;
#1025 = CARTESIAN_POINT ( 'NONE',  ( -540.2145874674449715, 939.5214080704374737, 0.000000000000000000 ) ) ;
#1026 = CARTESIAN_POINT ( 'NONE',  ( -616.2145874674449715, 941.5214080704374737, 10.00000000000000000 ) ) ;
#1027 = VECTOR ( 'NONE', #537, 1000.000000000000000 ) ;
#1028 = ORIENTED_EDGE ( 'NONE', *, *, #616, .F. ) ;
#1029 = DIRECTION ( 'NONE',  ( -0.000000000000000000, -0.000000000000000000, -1.000000000000000000 ) ) ;
#1030 = AXIS2_PLACEMENT_3D ( 'NONE', #905, #465, #928 ) ;
#1031 = ORIENTED_EDGE ( 'NONE', *, *, #991, .T. ) ;
#1032 = AXIS2_PLACEMENT_3D ( 'NONE', #566, #1261, #31 ) ;
#1033 = EDGE_CURVE ( 'NONE', #350, #1367, #670, .T. ) ;
#1034 = FACE_OUTER_BOUND ( 'NONE', #160, .T. ) ;
#1035 = CARTESIAN_POINT ( 'NONE',  ( -616.2145874674449715, 1079.521408070436792, 0.000000000000000000 ) ) ;
#1036 = CARTESIAN_POINT ( 'NONE',  ( -525.2145874674449715, 1109.021408070437246, 10.00000000000000000 ) ) ;
#1037 = ORIENTED_EDGE ( 'NONE', *, *, #723, .F. ) ;
#1038 = DIRECTION ( 'NONE',  ( 0.000000000000000000, 0.000000000000000000, -1.000000000000000000 ) ) ;
#1039 = EDGE_LOOP ( 'NONE', ( #1028, #1094, #874, #853 ) ) ;
#1040 = EDGE_CURVE ( 'NONE', #493, #918, #55, .T. ) ;
#1041 = CARTESIAN_POINT ( 'NONE',  ( -638.2145874674450852, 1099.021408070437246, 0.000000000000000000 ) ) ;
#1042 = FACE_BOUND ( 'NONE', #127, .T. ) ;
#1043 = CARTESIAN_POINT ( 'NONE',  ( -628.2145874674449715, 894.0214080704370190, 0.000000000000000000 ) ) ;
#1044 = ORIENTED_EDGE ( 'NONE', *, *, #795, .F. ) ;
#1045 = DIRECTION ( 'NONE',  ( 1.000000000000000000, 0.000000000000000000, 0.000000000000000000 ) ) ;
#1046 = VERTEX_POINT ( 'NONE', #1471 ) ;
#1047 = CARTESIAN_POINT ( 'NONE',  ( -628.2145874674449715, 904.0214080704369053, 0.000000000000000000 ) ) ;
#1048 = CARTESIAN_POINT ( 'NONE',  ( -613.2145874674449715, 939.5214080704374737, 0.000000000000000000 ) ) ;
#1049 = CARTESIAN_POINT ( 'NONE',  ( -515.2145874674448578, 1099.021408070437246, 10.00000000000000000 ) ) ;
#1050 = APPROVAL ( #512, 'UNSPECIFIED' ) ;
#1051 = ADVANCED_FACE ( 'NONE', ( #1108 ), #437, .T. ) ;
#1052 = ORIENTED_EDGE ( 'NONE', *, *, #11, .T. ) ;
#1053 = CARTESIAN_POINT ( 'NONE',  ( -538.2145874674449715, 923.5214080704374737, 0.000000000000000000 ) ) ;
#1054 = AXIS2_PLACEMENT_3D ( 'NONE', #1200, #1062, #279 ) ;
#1055 = ORIENTED_EDGE ( 'NONE', *, *, #1259, .F. ) ;
#1056 = AXIS2_PLACEMENT_3D ( 'NONE', #1289, #606, #278 ) ;
#1057 = CIRCLE ( 'NONE', #911, 2.000000000000001776 ) ;
#1058 = CARTESIAN_POINT ( 'NONE',  ( -537.2145874674449715, 1081.521408070436792, 10.00000000000000000 ) ) ;
#1059 = AXIS2_PLACEMENT_3D ( 'NONE', #834, #631, #1426 ) ;
#1060 = LINE ( 'NONE', #1048, #33 ) ;
#1061 = DIRECTION ( 'NONE',  ( -0.000000000000000000, -0.000000000000000000, -1.000000000000000000 ) ) ;
#1062 = DIRECTION ( 'NONE',  ( 0.000000000000000000, 0.000000000000000000, 1.000000000000000000 ) ) ;
#1063 = FACE_OUTER_BOUND ( 'NONE', #92, .T. ) ;
#1064 = EDGE_CURVE ( 'NONE', #320, #904, #1080, .T. ) ;
#1065 = VERTEX_POINT ( 'NONE', #85 ) ;
#1066 = DIRECTION ( 'NONE',  ( 0.000000000000000000, 0.000000000000000000, 1.000000000000000000 ) ) ;
#1067 = CARTESIAN_POINT ( 'NONE',  ( -537.2145874674449715, 1061.521408070436792, 10.00000000000000000 ) ) ;
#1068 = DIRECTION ( 'NONE',  ( 0.000000000000000000, -0.000000000000000000, 1.000000000000000000 ) ) ;
#1069 = CARTESIAN_POINT ( 'NONE',  ( -616.2145874674449715, 1061.521408070436792, 10.00000000000000000 ) ) ;
#1070 = CC_DESIGN_DATE_AND_TIME_ASSIGNMENT ( #618, #72, ( #1297 ) ) ;
#1071 = ORIENTED_EDGE ( 'NONE', *, *, #972, .F. ) ;
#1072 = ADVANCED_FACE ( 'NONE', ( #532 ), #996, .F. ) ;
#1073 =( NAMED_UNIT ( * ) PLANE_ANGLE_UNIT ( ) SI_UNIT ( $, .RADIAN. ) );
#1074 = DIRECTION ( 'NONE',  ( -0.000000000000000000, -0.000000000000000000, -1.000000000000000000 ) ) ;
#1075 = CARTESIAN_POINT ( 'NONE',  ( -537.2145874674449715, 1081.521408070436792, 10.00000000000000000 ) ) ;
#1076 = CARTESIAN_POINT ( 'NONE',  ( -615.2145874674449715, 1081.521408070436792, 0.000000000000000000 ) ) ;
#1077 = ORIENTED_EDGE ( 'NONE', *, *, #1130, .T. ) ;
#1078 = CLOSED_SHELL ( 'NONE', ( #1478, #980, #884, #637, #362, #681, #1332, #227, #1185, #1079, #1139, #858, #703, #1005, #523, #1378, #599, #136, #830, #998, #75, #848, #86, #1106, #210, #1051, #913, #731, #1252, #67, #916, #1343, #370, #275, #318, #47, #1072, #110, #516, #261, #674, #1099 ) ) ;
#1079 = ADVANCED_FACE ( 'NONE', ( #204 ), #539, .F. ) ;
#1080 = CIRCLE ( 'NONE', #32, 2.000000000000001776 ) ;
#1081 = PERSON_AND_ORGANIZATION ( #595, #1198 ) ;
#1082 = CIRCLE ( 'NONE', #722, 10.00000000000000888 ) ;
#1083 = LINE ( 'NONE', #1199, #122 ) ;
#1084 = FACE_OUTER_BOUND ( 'NONE', #16, .T. ) ;
#1085 = DIRECTION ( 'NONE',  ( 1.000000000000000000, 0.000000000000000000, 0.000000000000000000 ) ) ;
#1086 = ORIENTED_EDGE ( 'NONE', *, *, #1286, .F. ) ;
#1087 = DIRECTION ( 'NONE',  ( -1.000000000000000000, 0.000000000000000000, 0.000000000000000000 ) ) ;
#1088 = ORIENTED_EDGE ( 'NONE', *, *, #185, .F. ) ;
#1089 = PERSON_AND_ORGANIZATION_ROLE ( 'classification_officer' ) ;
#1090 = EDGE_CURVE ( 'NONE', #1308, #1100, #943, .T. ) ;
#1091 = CARTESIAN_POINT ( 'NONE',  ( -613.2145874674449715, 1063.521408070436792, 0.000000000000000000 ) ) ;
#1092 = ORIENTED_EDGE ( 'NONE', *, *, #649, .F. ) ;
#1093 = CARTESIAN_POINT ( 'NONE',  ( -538.2145874674449715, 921.5214080704374737, 10.00000000000000000 ) ) ;
#1094 = ORIENTED_EDGE ( 'NONE', *, *, #93, .F. ) ;
#1095 = DIRECTION ( 'NONE',  ( -0.000000000000000000, -0.000000000000000000, -1.000000000000000000 ) ) ;
#1096 = PERSON_AND_ORGANIZATION ( #595, #1198 ) ;
#1097 = DIRECTION ( 'NONE',  ( 1.000000000000000000, 0.000000000000000000, 0.000000000000000000 ) ) ;
#1098 = LINE ( 'NONE', #1333, #959 ) ;
#1099 = ADVANCED_FACE ( 'NONE', ( #1063 ), #244, .T. ) ;
#1100 = VERTEX_POINT ( 'NONE', #1268 ) ;
#1101 = CARTESIAN_POINT ( 'NONE',  ( -535.2145874674449715, 939.5214080704374737, 10.00000000000000000 ) ) ;
#1102 = ORIENTED_EDGE ( 'NONE', *, *, #963, .F. ) ;
#1103 = FACE_OUTER_BOUND ( 'NONE', #849, .T. ) ;
#1104 = VECTOR ( 'NONE', #402, 1000.000000000000000 ) ;
#1105 = CARTESIAN_POINT ( 'NONE',  ( -613.2145874674449715, 1063.521408070436792, 10.00000000000000000 ) ) ;
#1106 = ADVANCED_FACE ( 'NONE', ( #141 ), #708, .T. ) ;
#1107 = EDGE_LOOP ( 'NONE', ( #1055, #1165, #868, #835 ) ) ;
#1108 = FACE_OUTER_BOUND ( 'NONE', #577, .T. ) ;
#1109 = ORIENTED_EDGE ( 'NONE', *, *, #1375, .F. ) ;
#1110 = CARTESIAN_POINT ( 'NONE',  ( -616.2145874674449715, 941.5214080704374737, 10.00000000000000000 ) ) ;
#1111 = CARTESIAN_POINT ( 'NONE',  ( -538.2145874674449715, 1061.521408070436792, 10.00000000000000000 ) ) ;
#1112 = ORIENTED_EDGE ( 'NONE', *, *, #739, .F. ) ;
#1113 = PLANE ( 'NONE',  #1196 ) ;
#1114 = ORIENTED_EDGE ( 'NONE', *, *, #1407, .F. ) ;
#1115 = EDGE_CURVE ( 'NONE', #157, #246, #39, .T. ) ;
#1116 = CARTESIAN_POINT ( 'NONE',  ( -618.2145874674449715, 1063.521408070436792, 10.00000000000000000 ) ) ;
#1117 = FACE_OUTER_BOUND ( 'NONE', #757, .T. ) ;
#1118 = ORIENTED_EDGE ( 'NONE', *, *, #616, .T. ) ;
#1119 = CARTESIAN_POINT ( 'NONE',  ( -540.2145874674449715, 1063.521408070436792, 10.00000000000000000 ) ) ;
#1120 = ORIENTED_EDGE ( 'NONE', *, *, #11, .F. ) ;
#1121 = EDGE_CURVE ( 'NONE', #777, #647, #590, .T. ) ;
#1122 = LINE ( 'NONE', #877, #1438 ) ;
#1123 = CIRCLE ( 'NONE', #594, 2.000000000000001776 ) ;
#1124 = LINE ( 'NONE', #1215, #717 ) ;
#1125 = ORIENTED_EDGE ( 'NONE', *, *, #468, .T. ) ;
#1126 = AXIS2_PLACEMENT_3D ( 'NONE', #922, #1066, #705 ) ;
#1127 = DIRECTION ( 'NONE',  ( 1.000000000000000000, 0.000000000000000000, 0.000000000000000000 ) ) ;
#1128 = ORIENTED_EDGE ( 'NONE', *, *, #568, .T. ) ;
#1129 = CARTESIAN_POINT ( 'NONE',  ( -615.2145874674449715, 1061.521408070436792, 10.00000000000000000 ) ) ;
#1130 = EDGE_CURVE ( 'NONE', #363, #153, #1372, .T. ) ;
#1131 = DIRECTION ( 'NONE',  ( -1.000000000000000000, 0.000000000000000000, 0.000000000000000000 ) ) ;
#1132 = ORIENTED_EDGE ( 'NONE', *, *, #377, .T. ) ;
#1133 = DIRECTION ( 'NONE',  ( 1.000000000000000000, 0.000000000000000000, 0.000000000000000000 ) ) ;
#1134 = EDGE_LOOP ( 'NONE', ( #845, #782, #726, #1352, #684, #555, #682, #1179 ) ) ;
#1135 = CARTESIAN_POINT ( 'NONE',  ( -615.2145874674449715, 1063.521408070436792, 10.00000000000000000 ) ) ;
#1136 = DIRECTION ( 'NONE',  ( 0.000000000000000000, 0.000000000000000000, 1.000000000000000000 ) ) ;
#1137 = ORIENTED_EDGE ( 'NONE', *, *, #736, .T. ) ;
#1138 = CARTESIAN_POINT ( 'NONE',  ( -628.2145874674449715, 1109.021408070437246, 10.00000000000000000 ) ) ;
#1139 = ADVANCED_FACE ( 'NONE', ( #15 ), #344, .F. ) ;
#1140 = ORIENTED_EDGE ( 'NONE', *, *, #480, .T. ) ;
#1141 = DIRECTION ( 'NONE',  ( -0.000000000000000000, -0.000000000000000000, -1.000000000000000000 ) ) ;
#1142 = DIRECTION ( 'NONE',  ( 0.000000000000000000, 0.000000000000000000, 1.000000000000000000 ) ) ;
#1143 = DIRECTION ( 'NONE',  ( 0.000000000000000000, 1.000000000000000000, 0.000000000000000000 ) ) ;
#1144 = VECTOR ( 'NONE', #403, 1000.000000000000000 ) ;
#1145 = CIRCLE ( 'NONE', #669, 2.000000000000001776 ) ;
#1146 = ORIENTED_EDGE ( 'NONE', *, *, #236, .T. ) ;
#1147 = CARTESIAN_POINT ( 'NONE',  ( -618.2145874674449715, 939.5214080704374737, 10.00000000000000000 ) ) ;
#1148 = CIRCLE ( 'NONE', #499, 10.00000000000000888 ) ;
#1149 = EDGE_CURVE ( 'NONE', #337, #1209, #375, .T. ) ;
#1150 = VERTEX_POINT ( 'NONE', #6 ) ;
#1151 = CC_DESIGN_APPROVAL ( #1050, ( #602 ) ) ;
#1152 = CARTESIAN_POINT ( 'NONE',  ( -616.2145874674449715, 1081.521408070436792, 10.00000000000000000 ) ) ;
#1153 = ADVANCED_BREP_SHAPE_REPRESENTATION ( 'part jig 04', ( #182, #965 ), #773 ) ;
#1154 = CARTESIAN_POINT ( 'NONE',  ( -618.2145874674449715, 1063.521408070436792, 10.00000000000000000 ) ) ;
#1155 = ORIENTED_EDGE ( 'NONE', *, *, #692, .F. ) ;
#1156 = LINE ( 'NONE', #22, #1248 ) ;
#1157 = ORIENTED_EDGE ( 'NONE', *, *, #1130, .F. ) ;
#1158 = DESIGN_CONTEXT ( 'detailed design', #951, 'design' ) ;
#1159 = CARTESIAN_POINT ( 'NONE',  ( -613.2145874674449715, 939.5214080704374737, 10.00000000000000000 ) ) ;
#1160 = EDGE_CURVE ( 'NONE', #1046, #819, #624, .T. ) ;
#1161 = DIRECTION ( 'NONE',  ( -1.000000000000000000, 0.000000000000000000, 0.000000000000000000 ) ) ;
#1162 = DIRECTION ( 'NONE',  ( 1.000000000000000000, 0.000000000000000000, 0.000000000000000000 ) ) ;
#1163 = ORIENTED_EDGE ( 'NONE', *, *, #1389, .F. ) ;
#1164 = CARTESIAN_POINT ( 'NONE',  ( -618.2145874674449715, 1063.521408070436792, 10.00000000000000000 ) ) ;
#1165 = ORIENTED_EDGE ( 'NONE', *, *, #377, .F. ) ;
#1166 = DIRECTION ( 'NONE',  ( -1.000000000000000000, 0.000000000000000000, 0.000000000000000000 ) ) ;
#1167 = DIRECTION ( 'NONE',  ( -0.000000000000000000, -0.000000000000000000, -1.000000000000000000 ) ) ;
#1168 = EDGE_CURVE ( 'NONE', #1232, #755, #1082, .T. ) ;
#1169 = CARTESIAN_POINT ( 'NONE',  ( -515.2145874674449715, 904.0214080704369053, 10.00000000000000000 ) ) ;
#1170 = ORIENTED_EDGE ( 'NONE', *, *, #349, .T. ) ;
#1171 = CARTESIAN_POINT ( 'NONE',  ( -515.2145874674449715, 904.0214080704369053, 10.00000000000000000 ) ) ;
#1172 = VERTEX_POINT ( 'NONE', #456 ) ;
#1173 = AXIS2_PLACEMENT_3D ( 'NONE', #1353, #333, #1480 ) ;
#1174 = CIRCLE ( 'NONE', #220, 10.00000000000000888 ) ;
#1175 = DIRECTION ( 'NONE',  ( 1.000000000000000000, 0.000000000000000000, 0.000000000000000000 ) ) ;
#1176 = LOCAL_TIME ( 10, 14, 18.00000000000000000, #635 ) ;
#1177 = CARTESIAN_POINT ( 'NONE',  ( -538.2145874674449715, 1063.521408070436792, 10.00000000000000000 ) ) ;
#1178 = APPROVAL ( #417, 'UNSPECIFIED' ) ;
#1179 = ORIENTED_EDGE ( 'NONE', *, *, #663, .F. ) ;
#1180 = CARTESIAN_POINT ( 'NONE',  ( -535.2145874674449715, 1079.521408070436792, 10.00000000000000000 ) ) ;
#1181 = ORIENTED_EDGE ( 'NONE', *, *, #876, .F. ) ;
#1182 = DIRECTION ( 'NONE',  ( -0.000000000000000000, -0.000000000000000000, -1.000000000000000000 ) ) ;
#1183 = ORIENTED_EDGE ( 'NONE', *, *, #218, .F. ) ;
#1184 = DIRECTION ( 'NONE',  ( -0.000000000000000000, 0.000000000000000000, -1.000000000000000000 ) ) ;
#1185 = ADVANCED_FACE ( 'NONE', ( #806 ), #258, .T. ) ;
#1186 = ORIENTED_EDGE ( 'NONE', *, *, #751, .F. ) ;
#1187 = SECURITY_CLASSIFICATION_LEVEL ( 'unclassified' ) ;
#1188 = DIRECTION ( 'NONE',  ( 0.000000000000000000, 0.000000000000000000, 1.000000000000000000 ) ) ;
#1189 = LINE ( 'NONE', #1410, #1144 ) ;
#1190 = DIRECTION ( 'NONE',  ( -0.000000000000000000, -0.000000000000000000, -1.000000000000000000 ) ) ;
#1191 = VERTEX_POINT ( 'NONE', #1171 ) ;
#1192 = CARTESIAN_POINT ( 'NONE',  ( -535.2145874674449715, 1063.521408070436792, 0.000000000000000000 ) ) ;
#1193 = VECTOR ( 'NONE', #1143, 1000.000000000000000 ) ;
#1194 = EDGE_CURVE ( 'NONE', #1350, #98, #235, .T. ) ;
#1195 = AXIS2_PLACEMENT_3D ( 'NONE', #921, #1141, #1251 ) ;
#1196 = AXIS2_PLACEMENT_3D ( 'NONE', #324, #195, #790 ) ;
#1197 = PERSON_AND_ORGANIZATION ( #595, #1198 ) ;
#1198 = ORGANIZATION ( 'UNSPECIFIED', 'UNSPECIFIED', '' ) ;
#1199 = CARTESIAN_POINT ( 'NONE',  ( -638.2145874674450852, 904.0214080704369053, 10.00000000000000000 ) ) ;
#1200 = CARTESIAN_POINT ( 'NONE',  ( -616.2145874674449715, 923.5214080704374737, 0.000000000000000000 ) ) ;
#1201 = DIRECTION ( 'NONE',  ( 1.000000000000000000, 0.000000000000000000, 0.000000000000000000 ) ) ;
#1202 = ORIENTED_EDGE ( 'NONE', *, *, #59, .F. ) ;
#1203 = CARTESIAN_POINT ( 'NONE',  ( -628.2145874674449715, 1109.021408070437246, 0.000000000000000000 ) ) ;
#1204 = ORIENTED_EDGE ( 'NONE', *, *, #1234, .F. ) ;
#1205 = PERSON_AND_ORGANIZATION_ROLE ( 'design_supplier' ) ;
#1206 = EDGE_CURVE ( 'NONE', #918, #927, #1380, .T. ) ;
#1207 = LINE ( 'NONE', #191, #985 ) ;
#1208 = CARTESIAN_POINT ( 'NONE',  ( -535.2145874674449715, 1063.521408070436792, 10.00000000000000000 ) ) ;
#1209 = VERTEX_POINT ( 'NONE', #926 ) ;
#1210 = FACE_OUTER_BOUND ( 'NONE', #237, .T. ) ;
#1211 = ORIENTED_EDGE ( 'NONE', *, *, #193, .F. ) ;
#1212 = DIRECTION ( 'NONE',  ( 0.000000000000000000, 0.000000000000000000, 1.000000000000000000 ) ) ;
#1213 = DIRECTION ( 'NONE',  ( -1.000000000000000000, 0.000000000000000000, 0.000000000000000000 ) ) ;
#1214 = EDGE_CURVE ( 'NONE', #798, #1473, #1156, .T. ) ;
#1215 = CARTESIAN_POINT ( 'NONE',  ( -616.2145874674449715, 921.5214080704374737, 10.00000000000000000 ) ) ;
#1216 = ORIENTED_EDGE ( 'NONE', *, *, #272, .T. ) ;
#1217 = PLANE ( 'NONE',  #1222 ) ;
#1218 = ORIENTED_EDGE ( 'NONE', *, *, #1418, .T. ) ;
#1219 = AXIS2_PLACEMENT_3D ( 'NONE', #44, #149, #1420 ) ;
#1220 = DIRECTION ( 'NONE',  ( -1.000000000000000000, 0.000000000000000000, 0.000000000000000000 ) ) ;
#1221 = VECTOR ( 'NONE', #177, 1000.000000000000000 ) ;
#1222 = AXIS2_PLACEMENT_3D ( 'NONE', #1058, #77, #526 ) ;
#1223 = CARTESIAN_POINT ( 'NONE',  ( -616.2145874674449715, 1079.521408070436792, 10.00000000000000000 ) ) ;
#1224 = EDGE_CURVE ( 'NONE', #538, #331, #812, .T. ) ;
#1225 = VECTOR ( 'NONE', #1190, 1000.000000000000000 ) ;
#1226 = ORIENTED_EDGE ( 'NONE', *, *, #1227, .F. ) ;
#1227 = EDGE_CURVE ( 'NONE', #369, #1313, #432, .T. ) ;
#1228 = DIRECTION ( 'NONE',  ( -1.000000000000000000, 0.000000000000000000, 0.000000000000000000 ) ) ;
#1229 = ORIENTED_EDGE ( 'NONE', *, *, #1214, .F. ) ;
#1230 = DIRECTION ( 'NONE',  ( 1.000000000000000000, 0.000000000000000000, 0.000000000000000000 ) ) ;
#1231 = DIRECTION ( 'NONE',  ( -0.000000000000000000, -0.000000000000000000, -1.000000000000000000 ) ) ;
#1232 = VERTEX_POINT ( 'NONE', #361 ) ;
#1233 = LINE ( 'NONE', #309, #986 ) ;
#1234 = EDGE_CURVE ( 'NONE', #1065, #98, #600, .T. ) ;
#1235 = EDGE_LOOP ( 'NONE', ( #166, #1292, #1170, #323 ) ) ;
#1236 = FACE_OUTER_BOUND ( 'NONE', #754, .T. ) ;
#1237 = CARTESIAN_POINT ( 'NONE',  ( -616.2145874674449715, 941.5214080704374737, 0.000000000000000000 ) ) ;
#1238 = ORIENTED_EDGE ( 'NONE', *, *, #1266, .T. ) ;
#1239 = DIRECTION ( 'NONE',  ( 1.000000000000000000, 0.000000000000000000, 0.000000000000000000 ) ) ;
#1240 = ORIENTED_EDGE ( 'NONE', *, *, #851, .T. ) ;
#1241 = EDGE_CURVE ( 'NONE', #949, #190, #397, .T. ) ;
#1242 = CARTESIAN_POINT ( 'NONE',  ( -613.2145874674449715, 939.5214080704374737, 10.00000000000000000 ) ) ;
#1243 = VECTOR ( 'NONE', #51, 1000.000000000000000 ) ;
#1244 = VECTOR ( 'NONE', #490, 1000.000000000000000 ) ;
#1245 = DIRECTION ( 'NONE',  ( -0.000000000000000000, -0.000000000000000000, -1.000000000000000000 ) ) ;
#1246 = VECTOR ( 'NONE', #35, 1000.000000000000000 ) ;
#1247 = ORIENTED_EDGE ( 'NONE', *, *, #28, .F. ) ;
#1248 = VECTOR ( 'NONE', #351, 1000.000000000000000 ) ;
#1249 = DIRECTION ( 'NONE',  ( 0.000000000000000000, 0.000000000000000000, 1.000000000000000000 ) ) ;
#1250 = ORIENTED_EDGE ( 'NONE', *, *, #896, .F. ) ;
#1251 = DIRECTION ( 'NONE',  ( -1.000000000000000000, 0.000000000000000000, 0.000000000000000000 ) ) ;
#1252 = ADVANCED_FACE ( 'NONE', ( #52 ), #1312, .F. ) ;
#1253 = DIRECTION ( 'NONE',  ( -1.000000000000000000, 0.000000000000000000, 0.000000000000000000 ) ) ;
#1254 = ORIENTED_EDGE ( 'NONE', *, *, #944, .T. ) ;
#1255 = DIRECTION ( 'NONE',  ( 0.000000000000000000, 0.000000000000000000, 1.000000000000000000 ) ) ;
#1256 = ORIENTED_EDGE ( 'NONE', *, *, #839, .F. ) ;
#1257 = CARTESIAN_POINT ( 'NONE',  ( -537.2145874674449715, 923.5214080704374737, 10.00000000000000000 ) ) ;
#1258 = CARTESIAN_POINT ( 'NONE',  ( -618.2145874674449715, 1063.521408070436792, 0.000000000000000000 ) ) ;
#1259 = EDGE_CURVE ( 'NONE', #1473, #745, #5, .T. ) ;
#1260 = ORIENTED_EDGE ( 'NONE', *, *, #1299, .F. ) ;
#1261 = DIRECTION ( 'NONE',  ( -0.000000000000000000, -0.000000000000000000, -1.000000000000000000 ) ) ;
#1262 = ORIENTED_EDGE ( 'NONE', *, *, #751, .T. ) ;
#1263 = DIRECTION ( 'NONE',  ( -1.000000000000000000, 0.000000000000000000, 0.000000000000000000 ) ) ;
#1264 = DIRECTION ( 'NONE',  ( -0.000000000000000000, 1.000000000000000000, -0.000000000000000000 ) ) ;
#1265 = LINE ( 'NONE', #445, #934 ) ;
#1266 = EDGE_CURVE ( 'NONE', #493, #582, #735, .T. ) ;
#1267 = ORIENTED_EDGE ( 'NONE', *, *, #494, .F. ) ;
#1268 = CARTESIAN_POINT ( 'NONE',  ( -535.2145874674449715, 1079.521408070436792, 0.000000000000000000 ) ) ;
#1269 = AXIS2_PLACEMENT_3D ( 'NONE', #429, #890, #1345 ) ;
#1270 = EDGE_CURVE ( 'NONE', #904, #819, #69, .T. ) ;
#1271 = ORIENTED_EDGE ( 'NONE', *, *, #628, .F. ) ;
#1272 = APPROVAL_PERSON_ORGANIZATION ( #752, #1050, #758 ) ;
#1273 = PLANE ( 'NONE',  #1173 ) ;
#1274 = LINE ( 'NONE', #719, #152 ) ;
#1275 = DIRECTION ( 'NONE',  ( -0.000000000000000000, -0.000000000000000000, -1.000000000000000000 ) ) ;
#1276 = ORIENTED_EDGE ( 'NONE', *, *, #609, .T. ) ;
#1277 = CARTESIAN_POINT ( 'NONE',  ( -616.2145874674449715, 1063.521408070436792, 10.00000000000000000 ) ) ;
#1278 = ORIENTED_EDGE ( 'NONE', *, *, #1358, .F. ) ;
#1279 = EDGE_CURVE ( 'NONE', #90, #676, #850, .T. ) ;
#1280 = DIRECTION ( 'NONE',  ( -1.000000000000000000, -0.000000000000000000, -0.000000000000000000 ) ) ;
#1281 = DIRECTION ( 'NONE',  ( -1.000000000000000000, -0.000000000000000000, -0.000000000000000000 ) ) ;
#1282 = DIRECTION ( 'NONE',  ( -0.000000000000000000, -0.000000000000000000, -1.000000000000000000 ) ) ;
#1283 = EDGE_LOOP ( 'NONE', ( #345, #1451, #441, #1140 ) ) ;
#1284 = DIRECTION ( 'NONE',  ( 1.000000000000000000, -0.000000000000000000, -0.000000000000000000 ) ) ;
#1285 = ORIENTED_EDGE ( 'NONE', *, *, #759, .T. ) ;
#1286 = EDGE_CURVE ( 'NONE', #1322, #231, #746, .T. ) ;
#1287 = LINE ( 'NONE', #189, #1246 ) ;
#1288 = CARTESIAN_POINT ( 'NONE',  ( -613.2145874674449715, 939.5214080704374737, 0.000000000000000000 ) ) ;
#1289 = CARTESIAN_POINT ( 'NONE',  ( -538.2145874674449715, 923.5214080704374737, 10.00000000000000000 ) ) ;
#1290 = LINE ( 'NONE', #1075, #1481 ) ;
#1291 = CARTESIAN_POINT ( 'NONE',  ( -537.2145874674449715, 939.5214080704374737, 10.00000000000000000 ) ) ;
#1292 = ORIENTED_EDGE ( 'NONE', *, *, #167, .F. ) ;
#1293 = AXIS2_PLACEMENT_3D ( 'NONE', #395, #285, #598 ) ;
#1294 = VECTOR ( 'NONE', #558, 1000.000000000000000 ) ;
#1295 = VECTOR ( 'NONE', #1029, 1000.000000000000000 ) ;
#1296 = CARTESIAN_POINT ( 'NONE',  ( -618.2145874674449715, 939.5214080704374737, 10.00000000000000000 ) ) ;
#1297 = SECURITY_CLASSIFICATION ( '', '', #1187 ) ;
#1298 = DIRECTION ( 'NONE',  ( -0.000000000000000000, -0.000000000000000000, -1.000000000000000000 ) ) ;
#1299 = EDGE_CURVE ( 'NONE', #770, #826, #268, .T. ) ;
#1300 = ORIENTED_EDGE ( 'NONE', *, *, #821, .T. ) ;
#1301 = PLANE ( 'NONE',  #573 ) ;
#1302 = VERTEX_POINT ( 'NONE', #515 ) ;
#1303 = APPLICATION_PROTOCOL_DEFINITION ( 'international standard', 'config_control_design', 1994, #304 ) ;
#1304 = LINE ( 'NONE', #169, #1006 ) ;
#1305 = EDGE_LOOP ( 'NONE', ( #1071, #352, #367, #892 ) ) ;
#1306 = DIRECTION ( 'NONE',  ( 0.000000000000000000, 0.000000000000000000, 1.000000000000000000 ) ) ;
#1307 = EDGE_CURVE ( 'NONE', #331, #211, #56, .T. ) ;
#1308 = VERTEX_POINT ( 'NONE', #1180 ) ;
#1309 = VERTEX_POINT ( 'NONE', #1076 ) ;
#1310 = DIRECTION ( 'NONE',  ( 0.000000000000000000, 0.000000000000000000, 1.000000000000000000 ) ) ;
#1311 = ORIENTED_EDGE ( 'NONE', *, *, #1015, .T. ) ;
#1312 = CYLINDRICAL_SURFACE ( 'NONE', #889, 2.000000000000001776 ) ;
#1313 = VERTEX_POINT ( 'NONE', #1069 ) ;
#1314 = DIRECTION ( 'NONE',  ( 1.000000000000000000, 0.000000000000000000, 0.000000000000000000 ) ) ;
#1315 = AXIS2_PLACEMENT_3D ( 'NONE', #2, #1245, #1253 ) ;
#1316 = CC_DESIGN_PERSON_AND_ORGANIZATION_ASSIGNMENT ( #1448, #161, ( #165 ) ) ;
#1317 = AXIS2_PLACEMENT_3D ( 'NONE', #964, #1188, #49 ) ;
#1318 = AXIS2_PLACEMENT_3D ( 'NONE', #421, #1023, #209 ) ;
#1319 = AXIS2_PLACEMENT_3D ( 'NONE', #940, #1394, #1175 ) ;
#1320 = CARTESIAN_POINT ( 'NONE',  ( -540.2145874674449715, 1063.521408070436792, 0.000000000000000000 ) ) ;
#1321 = CARTESIAN_POINT ( 'NONE',  ( -537.2145874674449715, 1081.521408070436792, 10.00000000000000000 ) ) ;
#1322 = VERTEX_POINT ( 'NONE', #280 ) ;
#1323 = CARTESIAN_POINT ( 'NONE',  ( -615.2145874674449715, 939.5214080704374737, 0.000000000000000000 ) ) ;
#1324 = EDGE_CURVE ( 'NONE', #584, #745, #158, .T. ) ;
#1325 = PERSON_AND_ORGANIZATION ( #595, #1198 ) ;
#1326 = DIRECTION ( 'NONE',  ( 0.000000000000000000, 0.000000000000000000, -1.000000000000000000 ) ) ;
#1327 = DIRECTION ( 'NONE',  ( -1.000000000000000000, 0.000000000000000000, 0.000000000000000000 ) ) ;
#1328 = ORIENTED_EDGE ( 'NONE', *, *, #804, .T. ) ;
#1329 = DIRECTION ( 'NONE',  ( -1.000000000000000000, 0.000000000000000000, 0.000000000000000000 ) ) ;
#1330 = CC_DESIGN_PERSON_AND_ORGANIZATION_ASSIGNMENT ( #1325, #1089, ( #1297 ) ) ;
#1331 = DIRECTION ( 'NONE',  ( 0.000000000000000000, 1.000000000000000000, 0.000000000000000000 ) ) ;
#1332 = ADVANCED_FACE ( 'NONE', ( #974 ), #179, .T. ) ;
#1333 = CARTESIAN_POINT ( 'NONE',  ( -618.2145874674449715, 939.5214080704374737, 10.00000000000000000 ) ) ;
#1334 = VERTEX_POINT ( 'NONE', #1411 ) ;
#1335 = FACE_OUTER_BOUND ( 'NONE', #895, .T. ) ;
#1336 = ORIENTED_EDGE ( 'NONE', *, *, #468, .F. ) ;
#1337 = VECTOR ( 'NONE', #613, 1000.000000000000000 ) ;
#1338 = VECTOR ( 'NONE', #1331, 1000.000000000000000 ) ;
#1339 = LINE ( 'NONE', #88, #264 ) ;
#1340 = CIRCLE ( 'NONE', #549, 2.000000000000001776 ) ;
#1341 = VECTOR ( 'NONE', #355, 1000.000000000000000 ) ;
#1342 = CARTESIAN_POINT ( 'NONE',  ( -616.2145874674449715, 1063.521408070436792, 10.00000000000000000 ) ) ;
#1343 = ADVANCED_FACE ( 'NONE', ( #172 ), #1301, .T. ) ;
#1344 = EDGE_LOOP ( 'NONE', ( #657, #531, #283, #1238 ) ) ;
#1345 = DIRECTION ( 'NONE',  ( 0.000000000000000000, -0.000000000000000000, -1.000000000000000000 ) ) ;
#1346 = ORIENTED_EDGE ( 'NONE', *, *, #167, .T. ) ;
#1347 = CARTESIAN_POINT ( 'NONE',  ( -628.2145874674449715, 894.0214080704370190, 10.00000000000000000 ) ) ;
#1348 = LINE ( 'NONE', #1237, #78 ) ;
#1349 = EDGE_CURVE ( 'NONE', #1191, #276, #623, .T. ) ;
#1350 = VERTEX_POINT ( 'NONE', #62 ) ;
#1351 = DIRECTION ( 'NONE',  ( 0.000000000000000000, 0.000000000000000000, 1.000000000000000000 ) ) ;
#1352 = ORIENTED_EDGE ( 'NONE', *, *, #1115, .F. ) ;
#1353 = CARTESIAN_POINT ( 'NONE',  ( -628.2145874674449715, 894.0214080704370190, 10.00000000000000000 ) ) ;
#1354 = LINE ( 'NONE', #1105, #567 ) ;
#1355 = ORIENTED_EDGE ( 'NONE', *, *, #944, .F. ) ;
#1356 = CARTESIAN_POINT ( 'NONE',  ( -616.2145874674449715, 939.5214080704374737, 0.000000000000000000 ) ) ;
#1357 = ORIENTED_EDGE ( 'NONE', *, *, #390, .T. ) ;
#1358 = EDGE_CURVE ( 'NONE', #76, #1172, #1416, .T. ) ;
#1359 = PLANE ( 'NONE',  #101 ) ;
#1360 = AXIS2_PLACEMENT_3D ( 'NONE', #1223, #1231, #1327 ) ;
#1361 = VECTOR ( 'NONE', #1298, 1000.000000000000000 ) ;
#1362 = CARTESIAN_POINT ( 'NONE',  ( -615.2145874674449715, 921.5214080704374737, 10.00000000000000000 ) ) ;
#1363 = AXIS2_PLACEMENT_3D ( 'NONE', #1119, #547, #1017 ) ;
#1364 = ORIENTED_EDGE ( 'NONE', *, *, #202, .F. ) ;
#1365 = VECTOR ( 'NONE', #150, 1000.000000000000000 ) ;
#1366 = DIRECTION ( 'NONE',  ( 0.000000000000000000, 0.000000000000000000, 1.000000000000000000 ) ) ;
#1367 = VERTEX_POINT ( 'NONE', #1296 ) ;
#1368 = EDGE_CURVE ( 'NONE', #1209, #811, #502, .T. ) ;
#1369 = LINE ( 'NONE', #808, #648 ) ;
#1370 = CARTESIAN_POINT ( 'NONE',  ( -535.2145874674449715, 1063.521408070436792, 10.00000000000000000 ) ) ;
#1371 = ORIENTED_EDGE ( 'NONE', *, *, #795, .T. ) ;
#1372 = LINE ( 'NONE', #701, #527 ) ;
#1373 = ORIENTED_EDGE ( 'NONE', *, *, #218, .T. ) ;
#1374 = CARTESIAN_POINT ( 'NONE',  ( -535.2145874674449715, 939.5214080704374737, 10.00000000000000000 ) ) ;
#1375 = EDGE_CURVE ( 'NONE', #1313, #949, #1274, .T. ) ;
#1376 = PLANE ( 'NONE',  #358 ) ;
#1377 = PLANE ( 'NONE',  #545 ) ;
#1378 = ADVANCED_FACE ( 'NONE', ( #572 ), #347, .T. ) ;
#1379 = ORIENTED_EDGE ( 'NONE', *, *, #1368, .T. ) ;
#1380 = LINE ( 'NONE', #128, #313 ) ;
#1381 = ORIENTED_EDGE ( 'NONE', *, *, #487, .F. ) ;
#1382 = CARTESIAN_POINT ( 'NONE',  ( -628.2145874674449715, 894.0214080704369053, 10.00000000000000000 ) ) ;
#1383 = DIRECTION ( 'NONE',  ( 1.000000000000000000, 0.000000000000000000, 0.000000000000000000 ) ) ;
#1384 = DIRECTION ( 'NONE',  ( 1.000000000000000000, -0.000000000000000000, -0.000000000000000000 ) ) ;
#1385 = VECTOR ( 'NONE', #139, 1000.000000000000000 ) ;
#1386 = VECTOR ( 'NONE', #1061, 1000.000000000000000 ) ;
#1387 = VERTEX_POINT ( 'NONE', #1288 ) ;
#1388 = DIRECTION ( 'NONE',  ( -1.000000000000000000, 0.000000000000000000, 0.000000000000000000 ) ) ;
#1389 = EDGE_CURVE ( 'NONE', #1100, #1150, #697, .T. ) ;
#1390 = VECTOR ( 'NONE', #1284, 1000.000000000000000 ) ;
#1391 = VECTOR ( 'NONE', #508, 1000.000000000000000 ) ;
#1392 = VERTEX_POINT ( 'NONE', #824 ) ;
#1393 = DIRECTION ( 'NONE',  ( 0.000000000000000000, 0.000000000000000000, 1.000000000000000000 ) ) ;
#1394 = DIRECTION ( 'NONE',  ( 0.000000000000000000, 0.000000000000000000, 1.000000000000000000 ) ) ;
#1395 = PLANE ( 'NONE',  #1437 ) ;
#1396 = PRODUCT_DEFINITION_SHAPE ( 'NONE', 'NONE',  #165 ) ;
#1397 = VERTEX_POINT ( 'NONE', #1402 ) ;
#1398 = CARTESIAN_POINT ( 'NONE',  ( -535.2145874674449715, 1079.521408070436792, 10.00000000000000000 ) ) ;
#1399 = EDGE_CURVE ( 'NONE', #481, #770, #42, .T. ) ;
#1400 = ORIENTED_EDGE ( 'NONE', *, *, #130, .T. ) ;
#1401 = LINE ( 'NONE', #946, #792 ) ;
#1402 = CARTESIAN_POINT ( 'NONE',  ( -613.2145874674449715, 1063.521408070436792, 10.00000000000000000 ) ) ;
#1403 = DIRECTION ( 'NONE',  ( -0.000000000000000000, -0.000000000000000000, -1.000000000000000000 ) ) ;
#1404 = CYLINDRICAL_SURFACE ( 'NONE', #836, 2.000000000000001776 ) ;
#1405 = CARTESIAN_POINT ( 'NONE',  ( -537.2145874674449715, 1061.521408070436792, 10.00000000000000000 ) ) ;
#1406 = ORIENTED_EDGE ( 'NONE', *, *, #1064, .F. ) ;
#1407 = EDGE_CURVE ( 'NONE', #234, #337, #12, .T. ) ;
#1408 = CARTESIAN_POINT ( 'NONE',  ( -618.2145874674449715, 939.5214080704374737, 10.00000000000000000 ) ) ;
#1409 = CARTESIAN_POINT ( 'NONE',  ( -615.2145874674449715, 939.5214080704374737, 10.00000000000000000 ) ) ;
#1410 = CARTESIAN_POINT ( 'NONE',  ( -616.2145874674449715, 1081.521408070436792, 0.000000000000000000 ) ) ;
#1411 = CARTESIAN_POINT ( 'NONE',  ( -615.2145874674449715, 1061.521408070436792, 10.00000000000000000 ) ) ;
#1412 = AXIS2_PLACEMENT_3D ( 'NONE', #872, #536, #1431 ) ;
#1413 = VERTEX_POINT ( 'NONE', #605 ) ;
#1414 = AXIS2_PLACEMENT_3D ( 'NONE', #847, #1310, #484 ) ;
#1415 = AXIS2_PLACEMENT_3D ( 'NONE', #938, #1393, #400 ) ;
#1416 = CIRCLE ( 'NONE', #988, 2.000000000000001776 ) ;
#1417 = PERSON_AND_ORGANIZATION ( #595, #1198 ) ;
#1418 = EDGE_CURVE ( 'NONE', #1313, #1334, #809, .T. ) ;
#1419 = LINE ( 'NONE', #1067, #383 ) ;
#1420 = DIRECTION ( 'NONE',  ( 0.000000000000000000, -0.000000000000000000, -1.000000000000000000 ) ) ;
#1421 = DIRECTION ( 'NONE',  ( 0.000000000000000000, 1.000000000000000000, 0.000000000000000000 ) ) ;
#1422 = ORIENTED_EDGE ( 'NONE', *, *, #254, .T. ) ;
#1423 = CALENDAR_DATE ( 2026, 19, 8 ) ;
#1424 = CARTESIAN_POINT ( 'NONE',  ( -616.2145874674449715, 941.5214080704374737, 0.000000000000000000 ) ) ;
#1425 = ORIENTED_EDGE ( 'NONE', *, *, #435, .F. ) ;
#1426 = DIRECTION ( 'NONE',  ( 1.000000000000000000, 0.000000000000000000, 0.000000000000000000 ) ) ;
#1427 = EDGE_CURVE ( 'NONE', #1453, #856, #248, .T. ) ;
#1428 = EDGE_LOOP ( 'NONE', ( #805, #843, #1285, #1346 ) ) ;
#1429 = DIRECTION ( 'NONE',  ( -1.000000000000000000, 0.000000000000000000, 0.000000000000000000 ) ) ;
#1430 = MECHANICAL_CONTEXT ( 'NONE', #304, 'mechanical' ) ;
#1431 = DIRECTION ( 'NONE',  ( -1.000000000000000000, 0.000000000000000000, 0.000000000000000000 ) ) ;
#1432 = ORIENTED_EDGE ( 'NONE', *, *, #1234, .T. ) ;
#1433 = CARTESIAN_POINT ( 'NONE',  ( -537.2145874674449715, 1063.521408070436792, 0.000000000000000000 ) ) ;
#1434 = EDGE_CURVE ( 'NONE', #1476, #63, #145, .T. ) ;
#1435 = ORIENTED_EDGE ( 'NONE', *, *, #59, .T. ) ;
#1436 = CARTESIAN_POINT ( 'NONE',  ( -540.2145874674449715, 1063.521408070436792, 0.000000000000000000 ) ) ;
#1437 = AXIS2_PLACEMENT_3D ( 'NONE', #125, #342, #787 ) ;
#1438 = VECTOR ( 'NONE', #882, 1000.000000000000000 ) ;
#1439 = AXIS2_PLACEMENT_3D ( 'NONE', #291, #749, #823 ) ;
#1440 = APPROVAL_ROLE ( '' ) ;
#1441 = AXIS2_PLACEMENT_3D ( 'NONE', #251, #479, #287 ) ;
#1442 = CARTESIAN_POINT ( 'NONE',  ( -628.2145874674449715, 894.0214080704369053, 10.00000000000000000 ) ) ;
#1443 = DIRECTION ( 'NONE',  ( 0.000000000000000000, 0.000000000000000000, 1.000000000000000000 ) ) ;
#1444 = ORIENTED_EDGE ( 'NONE', *, *, #768, .F. ) ;
#1445 = DIRECTION ( 'NONE',  ( 0.000000000000000000, 0.000000000000000000, 1.000000000000000000 ) ) ;
#1446 = EDGE_CURVE ( 'NONE', #1367, #428, #138, .T. ) ;
#1447 = EDGE_CURVE ( 'NONE', #211, #1018, #379, .T. ) ;
#1448 = PERSON_AND_ORGANIZATION ( #595, #1198 ) ;
#1449 = CARTESIAN_POINT ( 'NONE',  ( -538.2145874674449715, 1079.521408070436792, 0.000000000000000000 ) ) ;
#1450 = DIRECTION ( 'NONE',  ( -1.000000000000000000, 0.000000000000000000, 0.000000000000000000 ) ) ;
#1451 = ORIENTED_EDGE ( 'NONE', *, *, #119, .F. ) ;
#1452 = DIRECTION ( 'NONE',  ( 0.000000000000000000, -0.000000000000000000, 1.000000000000000000 ) ) ;
#1453 = VERTEX_POINT ( 'NONE', #686 ) ;
#1454 = DIRECTION ( 'NONE',  ( 0.000000000000000000, 0.000000000000000000, 1.000000000000000000 ) ) ;
#1455 = DIRECTION ( 'NONE',  ( -0.000000000000000000, -0.000000000000000000, -1.000000000000000000 ) ) ;
#1456 = ORIENTED_EDGE ( 'NONE', *, *, #533, .F. ) ;
#1457 = DIRECTION ( 'NONE',  ( -0.000000000000000000, -0.000000000000000000, -1.000000000000000000 ) ) ;
#1458 = VERTEX_POINT ( 'NONE', #123 ) ;
#1459 = VECTOR ( 'NONE', #467, 1000.000000000000000 ) ;
#1460 = AXIS2_PLACEMENT_3D ( 'NONE', #1257, #801, #696 ) ;
#1461 = DIRECTION ( 'NONE',  ( 1.000000000000000000, 0.000000000000000000, 0.000000000000000000 ) ) ;
#1462 = VECTOR ( 'NONE', #368, 1000.000000000000000 ) ;
#1463 = AXIS2_PLACEMENT_3D ( 'NONE', #1433, #967, #1085 ) ;
#1464 = CARTESIAN_POINT ( 'NONE',  ( -515.2145874674448578, 904.0214080704369053, 10.00000000000000000 ) ) ;
#1465 = ORIENTED_EDGE ( 'NONE', *, *, #1447, .T. ) ;
#1466 = CARTESIAN_POINT ( 'NONE',  ( -525.2145874674449715, 1099.021408070437246, 0.000000000000000000 ) ) ;
#1467 = ORIENTED_EDGE ( 'NONE', *, *, #425, .F. ) ;
#1468 = CARTESIAN_POINT ( 'NONE',  ( -525.2145874674449715, 1109.021408070437246, 0.000000000000000000 ) ) ;
#1469 = CARTESIAN_POINT ( 'NONE',  ( -537.2145874674449715, 921.5214080704374737, 0.000000000000000000 ) ) ;
#1470 = EDGE_LOOP ( 'NONE', ( #898, #500, #604, #1009, #21, #411, #828, #173 ) ) ;
#1471 = CARTESIAN_POINT ( 'NONE',  ( -540.2145874674449715, 923.5214080704374737, 0.000000000000000000 ) ) ;
#1472 = EDGE_CURVE ( 'NONE', #1018, #1387, #1060, .T. ) ;
#1473 = VERTEX_POINT ( 'NONE', #36 ) ;
#1474 = CARTESIAN_POINT ( 'NONE',  ( -638.2145874674450852, 904.0214080704369053, 10.00000000000000000 ) ) ;
#1475 = DIRECTION ( 'NONE',  ( 0.000000000000000000, -0.000000000000000000, -1.000000000000000000 ) ) ;
#1476 = VERTEX_POINT ( 'NONE', #586 ) ;
#1477 = DIRECTION ( 'NONE',  ( 1.000000000000000000, 0.000000000000000000, 0.000000000000000000 ) ) ;
#1478 = ADVANCED_FACE ( 'NONE', ( #1042, #460, #240, #483, #25 ), #1376, .F. ) ;
#1479 = ORIENTED_EDGE ( 'NONE', *, *, #759, .F. ) ;
#1480 = DIRECTION ( 'NONE',  ( -1.000000000000000000, 1.077886431674909573E-15, 0.000000000000000000 ) ) ;
#1481 = VECTOR ( 'NONE', #966, 1000.000000000000000 ) ;
ENDSEC;
END-ISO-10303-21;
