ISO-10303-21;
HEADER;
FILE_DESCRIPTION (( 'STEP AP203' ),
    '1' );
FILE_NAME ('Pieza4^Felko.STEP',
    '2026-08-19T13:15:27',
    ( '' ),
    ( '' ),
    'SwSTEP 2.0',
    'SolidWorks 2026',
    '' );
FILE_SCHEMA (( 'CONFIG_CONTROL_DESIGN' ));
ENDSEC;

DATA;
#1 = FACE_OUTER_BOUND ( 'NONE', #1133, .T. ) ;
#2 = AXIS2_PLACEMENT_3D ( 'NONE', #355, #1795, #1804 ) ;
#3 = EDGE_CURVE ( 'NONE', #1551, #887, #1196, .T. ) ;
#4 = VECTOR ( 'NONE', #760, 1000.000000000000000 ) ;
#5 = ORIENTED_EDGE ( 'NONE', *, *, #1628, .T. ) ;
#6 = FACE_OUTER_BOUND ( 'NONE', #337, .T. ) ;
#7 = EDGE_CURVE ( 'NONE', #1848, #1961, #377, .T. ) ;
#8 = CARTESIAN_POINT ( 'NONE',  ( 693.8622725493472672, 944.0573669561666748, 42.00000000000000000 ) ) ;
#9 = ORIENTED_EDGE ( 'NONE', *, *, #706, .T. ) ;
#10 = DIRECTION ( 'NONE',  ( -0.000000000000000000, -0.000000000000000000, -1.000000000000000000 ) ) ;
#11 = AXIS2_PLACEMENT_3D ( 'NONE', #754, #251, #593 ) ;
#12 = CARTESIAN_POINT ( 'NONE',  ( 656.8657170451572256, 868.0573669561658789, 40.00000000000000000 ) ) ;
#13 = DIRECTION ( 'NONE',  ( -0.000000000000000000, -0.000000000000000000, -1.000000000000000000 ) ) ;
#14 = DIRECTION ( 'NONE',  ( 1.000000000000000000, 0.000000000000000000, -0.000000000000000000 ) ) ;
#15 = VERTEX_POINT ( 'NONE', #1754 ) ;
#16 = DIRECTION ( 'NONE',  ( -0.000000000000000000, -0.000000000000000000, -1.000000000000000000 ) ) ;
#17 = CARTESIAN_POINT ( 'NONE',  ( 691.3622725493472672, 944.0573669561666748, 42.00000000000000000 ) ) ;
#18 = ORIENTED_EDGE ( 'NONE', *, *, #1100, .T. ) ;
#19 = CYLINDRICAL_SURFACE ( 'NONE', #1649, 2.500000000000057732 ) ;
#20 = EDGE_CURVE ( 'NONE', #216, #15, #1472, .T. ) ;
#21 = ORIENTED_EDGE ( 'NONE', *, *, #1442, .T. ) ;
#22 = DIRECTION ( 'NONE',  ( -1.000000000000000000, 0.000000000000000000, 0.000000000000000000 ) ) ;
#23 = CARTESIAN_POINT ( 'NONE',  ( 693.8622725493472672, 944.0573669561666748, 0.000000000000000000 ) ) ;
#24 = CARTESIAN_POINT ( 'NONE',  ( 691.3622725493524968, 849.0573669561667884, 0.000000000000000000 ) ) ;
#25 = ORIENTED_EDGE ( 'NONE', *, *, #77, .T. ) ;
#26 = CARTESIAN_POINT ( 'NONE',  ( 656.8657170451572256, 868.0573669561658789, 42.00000000000000000 ) ) ;
#27 = DIRECTION ( 'NONE',  ( 0.000000000000000000, 0.000000000000000000, 1.000000000000000000 ) ) ;
#28 = EDGE_LOOP ( 'NONE', ( #294, #1266, #676, #517 ) ) ;
#29 = PLANE ( 'NONE',  #1198 ) ;
#30 = ADVANCED_FACE ( 'NONE', ( #1596 ), #904, .T. ) ;
#31 = ORIENTED_EDGE ( 'NONE', *, *, #1065, .F. ) ;
#32 = CARTESIAN_POINT ( 'NONE',  ( 734.8657170451571119, 868.0573669561658789, 42.00000000000000000 ) ) ;
#33 = VECTOR ( 'NONE', #1607, 1000.000000000000000 ) ;
#34 = EDGE_CURVE ( 'NONE', #2012, #927, #242, .T. ) ;
#35 = AXIS2_PLACEMENT_3D ( 'NONE', #663, #1964, #501 ) ;
#36 = DIRECTION ( 'NONE',  ( -1.000000000000000000, 0.000000000000000000, 0.000000000000000000 ) ) ;
#37 = AXIS2_PLACEMENT_3D ( 'NONE', #8, #643, #41 ) ;
#38 = VERTEX_POINT ( 'NONE', #286 ) ;
#39 = AXIS2_PLACEMENT_3D ( 'NONE', #1454, #1176, #648 ) ;
#40 = AXIS2_PLACEMENT_3D ( 'NONE', #1760, #266, #1568 ) ;
#41 = DIRECTION ( 'NONE',  ( 1.000000000000000000, 0.000000000000000000, 0.000000000000000000 ) ) ;
#42 = ORIENTED_EDGE ( 'NONE', *, *, #1860, .F. ) ;
#43 = FACE_OUTER_BOUND ( 'NONE', #1349, .T. ) ;
#44 = CIRCLE ( 'NONE', #1127, 4.000000000000003553 ) ;
#45 = CIRCLE ( 'NONE', #1131, 2.500000000000057732 ) ;
#46 = ORIENTED_EDGE ( 'NONE', *, *, #998, .F. ) ;
#47 = CARTESIAN_POINT ( 'NONE',  ( 656.8657170451572256, 864.0573669561658789, 42.00000000000000000 ) ) ;
#48 = EDGE_CURVE ( 'NONE', #380, #1184, #1160, .T. ) ;
#49 = LINE ( 'NONE', #1851, #1905 ) ;
#50 = EDGE_CURVE ( 'NONE', #38, #216, #1105, .T. ) ;
#51 = ORIENTED_EDGE ( 'NONE', *, *, #1569, .F. ) ;
#52 = CARTESIAN_POINT ( 'NONE',  ( 741.4064346924576512, 944.0806844346170692, 42.00000000000000000 ) ) ;
#53 = DIRECTION ( 'NONE',  ( -0.000000000000000000, -0.000000000000000000, -1.000000000000000000 ) ) ;
#54 = ORIENTED_EDGE ( 'NONE', *, *, #2088, .F. ) ;
#55 = CARTESIAN_POINT ( 'NONE',  ( 656.8657170451572256, 864.0573669561658789, 40.00000000000000000 ) ) ;
#56 = ORIENTED_EDGE ( 'NONE', *, *, #472, .F. ) ;
#57 = CARTESIAN_POINT ( 'NONE',  ( 656.8657170451572256, 925.0573669561657653, 0.000000000000000000 ) ) ;
#58 = DIRECTION ( 'NONE',  ( 1.000000000000000000, 0.000000000000000000, 0.000000000000000000 ) ) ;
#59 = ORIENTED_EDGE ( 'NONE', *, *, #1023, .T. ) ;
#60 = CYLINDRICAL_SURFACE ( 'NONE', #963, 4.000000000000003553 ) ;
#61 = CARTESIAN_POINT ( 'NONE',  ( 743.8622725493455619, 841.5573669561657653, 40.00000000000000000 ) ) ;
#62 = ORIENTED_EDGE ( 'NONE', *, *, #1442, .F. ) ;
#63 = DIRECTION ( 'NONE',  ( 1.000000000000000000, 0.000000000000000000, 0.000000000000000000 ) ) ;
#64 = DIRECTION ( 'NONE',  ( 0.000000000000000000, 0.000000000000000000, 1.000000000000000000 ) ) ;
#65 = VERTEX_POINT ( 'NONE', #1340 ) ;
#66 = DIRECTION ( 'NONE',  ( 0.000000000000000000, 0.000000000000000000, 1.000000000000000000 ) ) ;
#67 = VECTOR ( 'NONE', #931, 1000.000000000000000 ) ;
#68 = VECTOR ( 'NONE', #231, 1000.000000000000000 ) ;
#69 = ORIENTED_EDGE ( 'NONE', *, *, #1658, .F. ) ;
#70 = DIRECTION ( 'NONE',  ( 0.000000000000000000, 0.000000000000000000, 1.000000000000000000 ) ) ;
#71 = EDGE_CURVE ( 'NONE', #965, #1161, #1464, .T. ) ;
#72 = CARTESIAN_POINT ( 'NONE',  ( 0.000000000000000000, 0.000000000000000000, 0.000000000000000000 ) ) ;
#73 = AXIS2_PLACEMENT_3D ( 'NONE', #1561, #2074, #1705 ) ;
#74 = ORIENTED_EDGE ( 'NONE', *, *, #291, .F. ) ;
#75 = CARTESIAN_POINT ( 'NONE',  ( 743.8622725493455619, 846.5573669561657653, 0.000000000000000000 ) ) ;
#76 = DIRECTION ( 'NONE',  ( 1.000000000000000000, 0.000000000000000000, 0.000000000000000000 ) ) ;
#77 = EDGE_CURVE ( 'NONE', #1237, #866, #109, .T. ) ;
#78 = VECTOR ( 'NONE', #540, 1000.000000000000000 ) ;
#79 = ORIENTED_EDGE ( 'NONE', *, *, #1899, .T. ) ;
#80 = CARTESIAN_POINT ( 'NONE',  ( 643.8622725493455619, 846.5573669561657653, 0.000000000000000000 ) ) ;
#81 = VECTOR ( 'NONE', #1412, 1000.000000000000000 ) ;
#82 = CARTESIAN_POINT ( 'NONE',  ( 648.8622725493471535, 849.0573669561667884, 40.00000000000000000 ) ) ;
#83 = DIRECTION ( 'NONE',  ( 1.000000000000000000, 0.000000000000000000, 0.000000000000000000 ) ) ;
#84 = FACE_OUTER_BOUND ( 'NONE', #1037, .T. ) ;
#85 = COORDINATED_UNIVERSAL_TIME_OFFSET ( 3, 0, .BEHIND. ) ;
#86 = EDGE_LOOP ( 'NONE', ( #179, #1522, #317, #1713 ) ) ;
#87 = EDGE_CURVE ( 'NONE', #1879, #163, #1230, .T. ) ;
#88 = DIRECTION ( 'NONE',  ( 1.000000000000000000, 0.000000000000000000, 0.000000000000000000 ) ) ;
#89 = VERTEX_POINT ( 'NONE', #2104 ) ;
#90 = ADVANCED_FACE ( 'NONE', ( #1939 ), #1018, .T. ) ;
#91 = CARTESIAN_POINT ( 'NONE',  ( 743.8622725493455619, 951.5573669561658789, 0.000000000000000000 ) ) ;
#92 = CARTESIAN_POINT ( 'NONE',  ( 656.8657170451572256, 929.0573669561657653, 40.00000000000000000 ) ) ;
#93 = DIRECTION ( 'NONE',  ( 1.000000000000000000, 0.000000000000000000, 0.000000000000000000 ) ) ;
#94 = CARTESIAN_POINT ( 'NONE',  ( 653.8622725493472672, 944.0573669561666748, 0.000000000000000000 ) ) ;
#95 = ORIENTED_EDGE ( 'NONE', *, *, #100, .F. ) ;
#96 = CARTESIAN_POINT ( 'NONE',  ( 743.8622725493455619, 951.5573669561658789, 40.00000000000000000 ) ) ;
#97 = ORIENTED_EDGE ( 'NONE', *, *, #1639, .T. ) ;
#98 = DIRECTION ( 'NONE',  ( -0.000000000000000000, -0.000000000000000000, -1.000000000000000000 ) ) ;
#99 = CARTESIAN_POINT ( 'NONE',  ( 738.8622725493473808, 849.0573669561645147, 42.00000000000000000 ) ) ;
#100 = EDGE_CURVE ( 'NONE', #89, #1673, #1972, .T. ) ;
#101 = CARTESIAN_POINT ( 'NONE',  ( 743.8622725493455619, 951.5573669561658789, 42.00000000000000000 ) ) ;
#102 = CIRCLE ( 'NONE', #1874, 2.500000000000057732 ) ;
#103 = ORIENTED_EDGE ( 'NONE', *, *, #985, .T. ) ;
#104 = DIRECTION ( 'NONE',  ( 0.000000000000000000, 0.000000000000000000, 1.000000000000000000 ) ) ;
#105 = AXIS2_PLACEMENT_3D ( 'NONE', #2087, #777, #322 ) ;
#106 = AXIS2_PLACEMENT_3D ( 'NONE', #505, #1156, #1814 ) ;
#107 = ORIENTED_EDGE ( 'NONE', *, *, #551, .T. ) ;
#108 = DIRECTION ( 'NONE',  ( 0.000000000000000000, 0.000000000000000000, 1.000000000000000000 ) ) ;
#109 = CIRCLE ( 'NONE', #1580, 2.500000000000057732 ) ;
#110 = AXIS2_PLACEMENT_3D ( 'NONE', #1699, #1846, #230 ) ;
#111 = EDGE_CURVE ( 'NONE', #1673, #747, #685, .T. ) ;
#112 = FACE_OUTER_BOUND ( 'NONE', #296, .T. ) ;
#113 = AXIS2_PLACEMENT_3D ( 'NONE', #689, #1052, #1674 ) ;
#114 = EDGE_CURVE ( 'NONE', #1810, #1184, #1008, .T. ) ;
#115 = DIRECTION ( 'NONE',  ( -0.000000000000000000, -0.000000000000000000, -1.000000000000000000 ) ) ;
#116 = EDGE_LOOP ( 'NONE', ( #951, #134, #95, #59 ) ) ;
#117 = ORIENTED_EDGE ( 'NONE', *, *, #631, .T. ) ;
#118 = CARTESIAN_POINT ( 'NONE',  ( 743.8622725493455619, 841.5573669561657653, 0.000000000000000000 ) ) ;
#119 = CARTESIAN_POINT ( 'NONE',  ( 638.8622725493455619, 846.5573669561658789, 40.00000000000000000 ) ) ;
#120 = DIRECTION ( 'NONE',  ( -0.000000000000000000, -0.000000000000000000, -1.000000000000000000 ) ) ;
#121 = EDGE_CURVE ( 'NONE', #1673, #216, #662, .T. ) ;
#122 = SHAPE_DEFINITION_REPRESENTATION ( #2005, #1288 ) ;
#123 = ORIENTED_EDGE ( 'NONE', *, *, #111, .T. ) ;
#124 = CARTESIAN_POINT ( 'NONE',  ( 734.8657170451571119, 925.0573669561657653, 40.00000000000000000 ) ) ;
#125 = ORIENTED_EDGE ( 'NONE', *, *, #1299, .T. ) ;
#126 = CARTESIAN_POINT ( 'NONE',  ( 653.8622725493472672, 944.0573669561666748, 40.00000000000000000 ) ) ;
#127 = DIRECTION ( 'NONE',  ( 0.000000000000000000, 0.000000000000000000, 1.000000000000000000 ) ) ;
#128 = CARTESIAN_POINT ( 'NONE',  ( 743.8622725493455619, 846.5573669561657653, 40.00000000000000000 ) ) ;
#129 = FACE_BOUND ( 'NONE', #2081, .T. ) ;
#130 = ORIENTED_EDGE ( 'NONE', *, *, #224, .F. ) ;
#131 = CARTESIAN_POINT ( 'NONE',  ( 730.8657170451571119, 929.0573669561657653, 42.00000000000000000 ) ) ;
#132 = EDGE_CURVE ( 'NONE', #1924, #595, #148, .T. ) ;
#133 = AXIS2_PLACEMENT_3D ( 'NONE', #1861, #2048, #732 ) ;
#134 = ORIENTED_EDGE ( 'NONE', *, *, #121, .F. ) ;
#135 = DIRECTION ( 'NONE',  ( 0.000000000000000000, 0.000000000000000000, 1.000000000000000000 ) ) ;
#136 = ORIENTED_EDGE ( 'NONE', *, *, #657, .F. ) ;
#137 = VECTOR ( 'NONE', #2026, 1000.000000000000000 ) ;
#138 = DIRECTION ( 'NONE',  ( 0.000000000000000000, 0.000000000000000000, 1.000000000000000000 ) ) ;
#139 = VECTOR ( 'NONE', #785, 1000.000000000000000 ) ;
#140 = LINE ( 'NONE', #823, #1365 ) ;
#141 = VECTOR ( 'NONE', #414, 1000.000000000000000 ) ;
#142 = VECTOR ( 'NONE', #430, 1000.000000000000000 ) ;
#143 = EDGE_LOOP ( 'NONE', ( #308, #1136, #31, #1115 ) ) ;
#144 = DIRECTION ( 'NONE',  ( 0.000000000000000000, 0.000000000000000000, 1.000000000000000000 ) ) ;
#145 = ORIENTED_EDGE ( 'NONE', *, *, #1324, .T. ) ;
#146 = DIRECTION ( 'NONE',  ( -0.000000000000000000, -0.000000000000000000, -1.000000000000000000 ) ) ;
#147 = ORIENTED_EDGE ( 'NONE', *, *, #360, .T. ) ;
#148 = LINE ( 'NONE', #1986, #1644 ) ;
#149 = FACE_BOUND ( 'NONE', #1701, .T. ) ;
#150 = CARTESIAN_POINT ( 'NONE',  ( 643.8622725493455619, 946.5573669561657653, 42.00000000000000000 ) ) ;
#151 = ORIENTED_EDGE ( 'NONE', *, *, #451, .F. ) ;
#152 = DIRECTION ( 'NONE',  ( 0.000000000000000000, 1.000000000000000000, 0.000000000000000000 ) ) ;
#153 = DIRECTION ( 'NONE',  ( -1.000000000000000000, 0.000000000000000000, 0.000000000000000000 ) ) ;
#154 = EDGE_LOOP ( 'NONE', ( #532, #1994, #597, #1731, #2016, #1971, #1989, #570 ) ) ;
#155 = DIRECTION ( 'NONE',  ( 0.000000000000000000, 0.000000000000000000, 1.000000000000000000 ) ) ;
#156 = ORIENTED_EDGE ( 'NONE', *, *, #407, .F. ) ;
#157 = DIRECTION ( 'NONE',  ( -1.000000000000000000, 0.000000000000000000, 0.000000000000000000 ) ) ;
#158 = CARTESIAN_POINT ( 'NONE',  ( 696.3622725493473808, 944.0573669561666748, 40.00000000000000000 ) ) ;
#159 = CARTESIAN_POINT ( 'NONE',  ( 736.2363551484208983, 944.0806844346170692, 40.00000000000000000 ) ) ;
#160 = VERTEX_POINT ( 'NONE', #972 ) ;
#161 = DIRECTION ( 'NONE',  ( -0.000000000000000000, -0.000000000000000000, -1.000000000000000000 ) ) ;
#162 = CARTESIAN_POINT ( 'NONE',  ( 648.8622725493471535, 849.0573669561667884, 0.000000000000000000 ) ) ;
#163 = VERTEX_POINT ( 'NONE', #365 ) ;
#164 = CARTESIAN_POINT ( 'NONE',  ( 651.3622725493471535, 944.0573669561666748, 42.00000000000000000 ) ) ;
#165 = AXIS2_PLACEMENT_3D ( 'NONE', #2019, #2028, #1570 ) ;
#166 = AXIS2_PLACEMENT_3D ( 'NONE', #973, #479, #938 ) ;
#167 = VERTEX_POINT ( 'NONE', #682 ) ;
#168 = CARTESIAN_POINT ( 'NONE',  ( 743.8622725493455619, 846.5573669561657653, 42.00000000000000000 ) ) ;
#169 = CYLINDRICAL_SURFACE ( 'NONE', #1294, 5.000000000000004441 ) ;
#170 = AXIS2_PLACEMENT_3D ( 'NONE', #1209, #1407, #592 ) ;
#171 = APPROVAL_PERSON_ORGANIZATION ( #584, #838, #369 ) ;
#172 = EDGE_CURVE ( 'NONE', #768, #2012, #191, .T. ) ;
#173 = AXIS2_PLACEMENT_3D ( 'NONE', #1652, #833, #213 ) ;
#174 = ADVANCED_FACE ( 'NONE', ( #995 ), #1318, .F. ) ;
#175 = AXIS2_PLACEMENT_3D ( 'NONE', #1960, #327, #660 ) ;
#176 = ORIENTED_EDGE ( 'NONE', *, *, #357, .F. ) ;
#177 = DIRECTION ( 'NONE',  ( -1.000000000000000000, 0.000000000000000000, 0.000000000000000000 ) ) ;
#178 = FACE_OUTER_BOUND ( 'NONE', #1495, .T. ) ;
#179 = ORIENTED_EDGE ( 'NONE', *, *, #2072, .F. ) ;
#180 = CARTESIAN_POINT ( 'NONE',  ( 691.3622725493524968, 849.0573669561667884, 40.00000000000000000 ) ) ;
#181 = ORIENTED_EDGE ( 'NONE', *, *, #472, .T. ) ;
#182 = CARTESIAN_POINT ( 'NONE',  ( 730.8657170451571119, 929.0573669561657653, 42.00000000000000000 ) ) ;
#183 = CYLINDRICAL_SURFACE ( 'NONE', #2009, 5.000000000000004441 ) ;
#184 = ORIENTED_EDGE ( 'NONE', *, *, #291, .T. ) ;
#185 = CARTESIAN_POINT ( 'NONE',  ( 656.8657170451572256, 929.0573669561657653, 40.00000000000000000 ) ) ;
#186 = ADVANCED_FACE ( 'NONE', ( #1952 ), #1663, .T. ) ;
#187 = DIRECTION ( 'NONE',  ( -0.000000000000000000, -0.000000000000000000, -1.000000000000000000 ) ) ;
#188 = VERTEX_POINT ( 'NONE', #524 ) ;
#189 = CARTESIAN_POINT ( 'NONE',  ( 696.3622725493526104, 849.0573669561667884, 42.00000000000000000 ) ) ;
#190 = EDGE_LOOP ( 'NONE', ( #640, #1474, #388, #1827 ) ) ;
#191 = LINE ( 'NONE', #182, #822 ) ;
#192 = DIRECTION ( 'NONE',  ( -0.000000000000000000, -0.000000000000000000, -1.000000000000000000 ) ) ;
#193 = ORIENTED_EDGE ( 'NONE', *, *, #1527, .F. ) ;
#194 = DIRECTION ( 'NONE',  ( 1.000000000000000000, 0.000000000000000000, 0.000000000000000000 ) ) ;
#195 = CARTESIAN_POINT ( 'NONE',  ( 656.8657170451572256, 929.0573669561657653, 40.00000000000000000 ) ) ;
#196 = VERTEX_POINT ( 'NONE', #489 ) ;
#197 = EDGE_CURVE ( 'NONE', #1084, #364, #956, .T. ) ;
#198 = DIRECTION ( 'NONE',  ( -0.000000000000000000, -0.000000000000000000, -1.000000000000000000 ) ) ;
#199 = EDGE_LOOP ( 'NONE', ( #1903, #1286, #1968, #466 ) ) ;
#200 = EDGE_CURVE ( 'NONE', #1848, #1488, #1626, .T. ) ;
#201 = DIRECTION ( 'NONE',  ( 0.000000000000000000, 0.000000000000000000, 1.000000000000000000 ) ) ;
#202 = CIRCLE ( 'NONE', #170, 5.000000000000115463 ) ;
#203 = CARTESIAN_POINT ( 'NONE',  ( 736.3213949204392748, 944.0806844346170692, 0.000000000000000000 ) ) ;
#204 = VECTOR ( 'NONE', #390, 1000.000000000000000 ) ;
#205 = ORIENTED_EDGE ( 'NONE', *, *, #856, .F. ) ;
#206 = LINE ( 'NONE', #52, #621 ) ;
#207 = CIRCLE ( 'NONE', #1232, 2.500000000000168754 ) ;
#208 = APPROVAL_STATUS ( 'not_yet_approved' ) ;
#209 = ORIENTED_EDGE ( 'NONE', *, *, #1930, .T. ) ;
#210 = FACE_BOUND ( 'NONE', #556, .T. ) ;
#211 = VECTOR ( 'NONE', #1073, 1000.000000000000000 ) ;
#212 = ORIENTED_EDGE ( 'NONE', *, *, #1383, .F. ) ;
#213 = DIRECTION ( 'NONE',  ( 1.000000000000000000, 0.000000000000000000, 0.000000000000000000 ) ) ;
#214 = EDGE_CURVE ( 'NONE', #424, #1542, #1091, .T. ) ;
#215 = FACE_OUTER_BOUND ( 'NONE', #1175, .T. ) ;
#216 = VERTEX_POINT ( 'NONE', #341 ) ;
#217 = DIRECTION ( 'NONE',  ( 0.000000000000000000, 0.000000000000000000, 1.000000000000000000 ) ) ;
#218 = DIRECTION ( 'NONE',  ( -0.000000000000000000, -0.000000000000000000, -1.000000000000000000 ) ) ;
#219 = ORIENTED_EDGE ( 'NONE', *, *, #940, .F. ) ;
#220 = DIRECTION ( 'NONE',  ( 0.000000000000000000, 0.000000000000000000, 1.000000000000000000 ) ) ;
#221 = LINE ( 'NONE', #1328, #68 ) ;
#222 = ORIENTED_EDGE ( 'NONE', *, *, #1086, .T. ) ;
#223 = CARTESIAN_POINT ( 'NONE',  ( 693.8622725493524968, 849.0573669561667884, 40.00000000000000000 ) ) ;
#224 = EDGE_CURVE ( 'NONE', #1184, #380, #1679, .T. ) ;
#225 = CARTESIAN_POINT ( 'NONE',  ( 691.3622725493472672, 944.0573669561666748, 40.00000000000000000 ) ) ;
#226 = VERTEX_POINT ( 'NONE', #394 ) ;
#227 = EDGE_CURVE ( 'NONE', #1871, #1749, #343, .T. ) ;
#228 = DIRECTION ( 'NONE',  ( 1.000000000000000000, 0.000000000000000000, 0.000000000000000000 ) ) ;
#229 = ORIENTED_EDGE ( 'NONE', *, *, #303, .T. ) ;
#230 = DIRECTION ( 'NONE',  ( 1.000000000000000000, 0.000000000000000000, 0.000000000000000000 ) ) ;
#231 = DIRECTION ( 'NONE',  ( -0.000000000000000000, -0.000000000000000000, -1.000000000000000000 ) ) ;
#232 = EDGE_LOOP ( 'NONE', ( #1470, #1773 ) ) ;
#233 = CARTESIAN_POINT ( 'NONE',  ( 648.8622725493471535, 849.0573669561667884, 40.00000000000000000 ) ) ;
#234 = CARTESIAN_POINT ( 'NONE',  ( 748.8622725493456755, 946.5573669561657653, 40.00000000000000000 ) ) ;
#235 = VECTOR ( 'NONE', #974, 1000.000000000000000 ) ;
#236 = AXIS2_PLACEMENT_3D ( 'NONE', #310, #962, #1455 ) ;
#237 = CARTESIAN_POINT ( 'NONE',  ( 656.8657170451572256, 925.0573669561657653, 42.00000000000000000 ) ) ;
#238 = DIRECTION ( 'NONE',  ( 0.000000000000000000, 0.000000000000000000, 1.000000000000000000 ) ) ;
#239 = CIRCLE ( 'NONE', #1370, 2.500000000000057732 ) ;
#240 = EDGE_CURVE ( 'NONE', #1933, #595, #615, .T. ) ;
#241 = CARTESIAN_POINT ( 'NONE',  ( 648.8622725493471535, 849.0573669561667884, 40.00000000000000000 ) ) ;
#242 = CIRCLE ( 'NONE', #1261, 4.000000000000003553 ) ;
#243 = CARTESIAN_POINT ( 'NONE',  ( 646.3622725493470398, 849.0573669561667884, 40.00000000000000000 ) ) ;
#244 = AXIS2_PLACEMENT_3D ( 'NONE', #558, #1207, #1859 ) ;
#245 = ORIENTED_EDGE ( 'NONE', *, *, #1431, .T. ) ;
#246 = CARTESIAN_POINT ( 'NONE',  ( 648.8622725493471535, 849.0573669561667884, 42.00000000000000000 ) ) ;
#247 = AXIS2_PLACEMENT_3D ( 'NONE', #656, #792, #177 ) ;
#248 = CIRCLE ( 'NONE', #519, 2.500000000000168754 ) ;
#249 = DIRECTION ( 'NONE',  ( 1.000000000000000000, 0.000000000000000000, 0.000000000000000000 ) ) ;
#250 = EDGE_LOOP ( 'NONE', ( #661, #624 ) ) ;
#251 = DIRECTION ( 'NONE',  ( 0.000000000000000000, 0.000000000000000000, 1.000000000000000000 ) ) ;
#252 = MECHANICAL_CONTEXT ( 'NONE', #1733, 'mechanical' ) ;
#253 = VERTEX_POINT ( 'NONE', #739 ) ;
#254 = DIRECTION ( 'NONE',  ( -0.000000000000000000, -0.000000000000000000, -1.000000000000000000 ) ) ;
#255 = EDGE_CURVE ( 'NONE', #1429, #897, #888, .T. ) ;
#256 = ORIENTED_EDGE ( 'NONE', *, *, #197, .F. ) ;
#257 = CARTESIAN_POINT ( 'NONE',  ( 743.8622725493455619, 946.5573669561657653, 40.00000000000000000 ) ) ;
#258 = EDGE_CURVE ( 'NONE', #400, #542, #890, .T. ) ;
#259 = CARTESIAN_POINT ( 'NONE',  ( 651.3622725493471535, 944.0573669561666748, 42.00000000000000000 ) ) ;
#260 = CARTESIAN_POINT ( 'NONE',  ( 730.8657170451571119, 929.0573669561657653, 40.00000000000000000 ) ) ;
#261 = PERSON_AND_ORGANIZATION ( #955, #410 ) ;
#262 = ORIENTED_EDGE ( 'NONE', *, *, #1051, .F. ) ;
#263 = DIRECTION ( 'NONE',  ( -1.000000000000000000, 0.000000000000000000, 0.000000000000000000 ) ) ;
#264 = EDGE_CURVE ( 'NONE', #521, #448, #1838, .T. ) ;
#265 = ORIENTED_EDGE ( 'NONE', *, *, #894, .T. ) ;
#266 = DIRECTION ( 'NONE',  ( 1.000000000000000000, 0.000000000000000000, -0.000000000000000000 ) ) ;
#267 = EDGE_CURVE ( 'NONE', #160, #1497, #782, .T. ) ;
#268 = CYLINDRICAL_SURFACE ( 'NONE', #851, 2.500000000000057732 ) ;
#269 = DIRECTION ( 'NONE',  ( 0.000000000000000000, -1.000000000000000000, 0.000000000000000000 ) ) ;
#270 = CIRCLE ( 'NONE', #886, 4.000000000000003553 ) ;
#271 = ORIENTED_EDGE ( 'NONE', *, *, #1431, .F. ) ;
#272 = DIRECTION ( 'NONE',  ( -1.000000000000000000, 0.000000000000000000, 0.000000000000000000 ) ) ;
#273 = CIRCLE ( 'NONE', #1469, 2.500000000000057732 ) ;
#274 = ORIENTED_EDGE ( 'NONE', *, *, #1906, .T. ) ;
#275 = CARTESIAN_POINT ( 'NONE',  ( 648.8622725493471535, 849.0573669561667884, 42.00000000000000000 ) ) ;
#276 = VECTOR ( 'NONE', #146, 1000.000000000000000 ) ;
#277 = CARTESIAN_POINT ( 'NONE',  ( 748.8622725493455619, 846.5573669561657653, 40.00000000000000000 ) ) ;
#278 = ADVANCED_FACE ( 'NONE', ( #1217 ), #1534, .F. ) ;
#279 = AXIS2_PLACEMENT_3D ( 'NONE', #1689, #1857, #850 ) ;
#280 = VECTOR ( 'NONE', #1493, 1000.000000000000000 ) ;
#281 = CARTESIAN_POINT ( 'NONE',  ( 696.3622725493473808, 944.0573669561666748, 40.00000000000000000 ) ) ;
#282 = ORIENTED_EDGE ( 'NONE', *, *, #930, .F. ) ;
#283 = DIRECTION ( 'NONE',  ( 0.000000000000000000, -1.000000000000000000, 0.000000000000000000 ) ) ;
#284 = ORIENTED_EDGE ( 'NONE', *, *, #332, .T. ) ;
#285 = CYLINDRICAL_SURFACE ( 'NONE', #1582, 4.000000000000003553 ) ;
#286 = CARTESIAN_POINT ( 'NONE',  ( 643.8622725493455619, 841.5573669561657653, 40.00000000000000000 ) ) ;
#287 = DIRECTION ( 'NONE',  ( 1.000000000000000000, 0.000000000000000000, 0.000000000000000000 ) ) ;
#288 = EDGE_CURVE ( 'NONE', #253, #715, #2034, .T. ) ;
#289 = CARTESIAN_POINT ( 'NONE',  ( 652.8657170451571119, 925.0573669561657653, 0.000000000000000000 ) ) ;
#290 = PERSON_AND_ORGANIZATION ( #955, #410 ) ;
#291 = EDGE_CURVE ( 'NONE', #1331, #1311, #412, .T. ) ;
#292 = ORIENTED_EDGE ( 'NONE', *, *, #446, .T. ) ;
#293 = DIRECTION ( 'NONE',  ( -0.000000000000000000, -0.000000000000000000, -1.000000000000000000 ) ) ;
#294 = ORIENTED_EDGE ( 'NONE', *, *, #240, .T. ) ;
#295 = DIRECTION ( 'NONE',  ( 1.000000000000000000, 0.000000000000000000, 0.000000000000000000 ) ) ;
#296 = EDGE_LOOP ( 'NONE', ( #1558, #18, #1289, #176 ) ) ;
#297 = CARTESIAN_POINT ( 'NONE',  ( 643.8622725493455619, 841.5573669561657653, 42.00000000000000000 ) ) ;
#298 = DIRECTION ( 'NONE',  ( 0.000000000000000000, 0.000000000000000000, 1.000000000000000000 ) ) ;
#299 = APPROVAL_STATUS ( 'not_yet_approved' ) ;
#300 = ORIENTED_EDGE ( 'NONE', *, *, #446, .F. ) ;
#301 = CARTESIAN_POINT ( 'NONE',  ( 730.8657170451571119, 925.0573669561657653, 40.00000000000000000 ) ) ;
#302 = VECTOR ( 'NONE', #1694, 1000.000000000000000 ) ;
#303 = EDGE_CURVE ( 'NONE', #616, #1483, #1776, .T. ) ;
#304 = VECTOR ( 'NONE', #88, 1000.000000000000000 ) ;
#305 = VERTEX_POINT ( 'NONE', #2006 ) ;
#306 = CARTESIAN_POINT ( 'NONE',  ( 736.3622725493472672, 849.0573669561645147, 40.00000000000000000 ) ) ;
#307 = VERTEX_POINT ( 'NONE', #567 ) ;
#308 = ORIENTED_EDGE ( 'NONE', *, *, #7, .T. ) ;
#309 = AXIS2_PLACEMENT_3D ( 'NONE', #404, #1393, #855 ) ;
#310 = CARTESIAN_POINT ( 'NONE',  ( 643.8622725493455619, 846.5573669561657653, 40.00000000000000000 ) ) ;
#311 = DIRECTION ( 'NONE',  ( 0.000000000000000000, 0.000000000000000000, 1.000000000000000000 ) ) ;
#312 = VECTOR ( 'NONE', #254, 1000.000000000000000 ) ;
#313 = CIRCLE ( 'NONE', #789, 4.000000000000003553 ) ;
#314 = VERTEX_POINT ( 'NONE', #543 ) ;
#315 = DIRECTION ( 'NONE',  ( 1.000000000000000000, 0.000000000000000000, 0.000000000000000000 ) ) ;
#316 = DIRECTION ( 'NONE',  ( 1.000000000000000000, 0.000000000000000000, 0.000000000000000000 ) ) ;
#317 = ORIENTED_EDGE ( 'NONE', *, *, #607, .T. ) ;
#318 = CARTESIAN_POINT ( 'NONE',  ( 748.8622725493455619, 846.5573669561657653, 40.00000000000000000 ) ) ;
#319 = ORIENTED_EDGE ( 'NONE', *, *, #1680, .F. ) ;
#320 = ADVANCED_FACE ( 'NONE', ( #1692 ), #1352, .F. ) ;
#321 = CARTESIAN_POINT ( 'NONE',  ( 696.3622725493473808, 944.0573669561666748, 42.00000000000000000 ) ) ;
#322 = DIRECTION ( 'NONE',  ( 1.000000000000000000, 0.000000000000000000, 0.000000000000000000 ) ) ;
#323 = EDGE_LOOP ( 'NONE', ( #2064, #1722, #117, #46 ) ) ;
#324 = DIRECTION ( 'NONE',  ( 0.000000000000000000, 0.000000000000000000, 1.000000000000000000 ) ) ;
#325 = CARTESIAN_POINT ( 'NONE',  ( 652.8657170451571119, 925.0573669561657653, 40.00000000000000000 ) ) ;
#326 = ORIENTED_EDGE ( 'NONE', *, *, #344, .T. ) ;
#327 = DIRECTION ( 'NONE',  ( -0.000000000000000000, -0.000000000000000000, -1.000000000000000000 ) ) ;
#328 = EDGE_CURVE ( 'NONE', #163, #1331, #1185, .T. ) ;
#329 = ORIENTED_EDGE ( 'NONE', *, *, #618, .T. ) ;
#330 = DIRECTION ( 'NONE',  ( -0.000000000000000000, -0.000000000000000000, -1.000000000000000000 ) ) ;
#331 = DIRECTION ( 'NONE',  ( -1.000000000000000000, 0.000000000000000000, 0.000000000000000000 ) ) ;
#332 = EDGE_CURVE ( 'NONE', #65, #38, #1126, .T. ) ;
#333 = DIRECTION ( 'NONE',  ( -0.000000000000000000, -0.000000000000000000, -1.000000000000000000 ) ) ;
#334 = ORIENTED_EDGE ( 'NONE', *, *, #1354, .F. ) ;
#335 = DIRECTION ( 'NONE',  ( -0.000000000000000000, 0.000000000000000000, -1.000000000000000000 ) ) ;
#336 = CARTESIAN_POINT ( 'NONE',  ( 738.8213949204392748, 944.0806844346170692, 0.000000000000000000 ) ) ;
#337 = EDGE_LOOP ( 'NONE', ( #991, #245, #1897, #793 ) ) ;
#338 = CARTESIAN_POINT ( 'NONE',  ( 736.3622725493472672, 849.0573669561645147, 40.00000000000000000 ) ) ;
#339 = CIRCLE ( 'NONE', #1544, 2.500000000000057732 ) ;
#340 = ORIENTED_EDGE ( 'NONE', *, *, #604, .T. ) ;
#341 = CARTESIAN_POINT ( 'NONE',  ( 743.8622725493455619, 841.5573669561657653, 40.00000000000000000 ) ) ;
#342 = APPROVAL ( #941, 'UNSPECIFIED' ) ;
#343 = CIRCLE ( 'NONE', #309, 2.500000000000057732 ) ;
#344 = EDGE_CURVE ( 'NONE', #747, #15, #902, .T. ) ;
#345 = CARTESIAN_POINT ( 'NONE',  ( 693.8622725493472672, 944.0573669561666748, 40.00000000000000000 ) ) ;
#346 = AXIS2_PLACEMENT_3D ( 'NONE', #126, #2045, #1337 ) ;
#347 = AXIS2_PLACEMENT_3D ( 'NONE', #802, #1657, #335 ) ;
#348 = ORIENTED_EDGE ( 'NONE', *, *, #752, .F. ) ;
#349 = LINE ( 'NONE', #1003, #1751 ) ;
#350 = AXIS2_PLACEMENT_3D ( 'NONE', #1925, #144, #1863 ) ;
#351 = DIRECTION ( 'NONE',  ( 0.000000000000000000, 0.000000000000000000, 1.000000000000000000 ) ) ;
#352 = EDGE_LOOP ( 'NONE', ( #745, #1202, #151, #1564 ) ) ;
#353 = CARTESIAN_POINT ( 'NONE',  ( 743.8622725493455619, 951.5573669561658789, 40.00000000000000000 ) ) ;
#354 = EDGE_LOOP ( 'NONE', ( #826, #1005 ) ) ;
#355 = CARTESIAN_POINT ( 'NONE',  ( 738.8622725493473808, 849.0573669561645147, 0.000000000000000000 ) ) ;
#356 = DIRECTION ( 'NONE',  ( 0.000000000000000000, 0.000000000000000000, 1.000000000000000000 ) ) ;
#357 = EDGE_CURVE ( 'NONE', #2053, #866, #695, .T. ) ;
#358 = EDGE_LOOP ( 'NONE', ( #775, #25 ) ) ;
#359 = CARTESIAN_POINT ( 'NONE',  ( 741.4064346924576512, 944.0806844346170692, 42.00000000000000000 ) ) ;
#360 = EDGE_CURVE ( 'NONE', #1766, #1752, #724, .T. ) ;
#361 = DIRECTION ( 'NONE',  ( 1.000000000000000000, 0.000000000000000000, 0.000000000000000000 ) ) ;
#362 = ORIENTED_EDGE ( 'NONE', *, *, #1051, .T. ) ;
#363 = FACE_BOUND ( 'NONE', #783, .T. ) ;
#364 = VERTEX_POINT ( 'NONE', #91 ) ;
#365 = CARTESIAN_POINT ( 'NONE',  ( 730.8657170451571119, 929.0573669561657653, 0.000000000000000000 ) ) ;
#366 = LINE ( 'NONE', #546, #714 ) ;
#367 = CARTESIAN_POINT ( 'NONE',  ( 656.8657170451572256, 864.0573669561658789, 40.00000000000000000 ) ) ;
#368 = EDGE_CURVE ( 'NONE', #1961, #1848, #1548, .T. ) ;
#369 = APPROVAL_ROLE ( '' ) ;
#370 = EDGE_LOOP ( 'NONE', ( #21, #2083, #465, #1382 ) ) ;
#371 = DIRECTION ( 'NONE',  ( 0.000000000000000000, -1.000000000000000000, 0.000000000000000000 ) ) ;
#372 = EDGE_CURVE ( 'NONE', #521, #364, #1898, .T. ) ;
#373 = EDGE_LOOP ( 'NONE', ( #1179, #79, #1216, #849 ) ) ;
#374 = CIRCLE ( 'NONE', #778, 2.500000000000057732 ) ;
#375 = CARTESIAN_POINT ( 'NONE',  ( 743.8622725493455619, 946.5573669561657653, 42.00000000000000000 ) ) ;
#376 = ORIENTED_EDGE ( 'NONE', *, *, #1097, .F. ) ;
#377 = CIRCLE ( 'NONE', #1812, 2.500000000000057732 ) ;
#378 = VECTOR ( 'NONE', #1909, 1000.000000000000000 ) ;
#379 = CARTESIAN_POINT ( 'NONE',  ( 743.8622725493455619, 946.5573669561657653, 42.00000000000000000 ) ) ;
#380 = VERTEX_POINT ( 'NONE', #1104 ) ;
#381 = CARTESIAN_POINT ( 'NONE',  ( 748.8622725493455619, 846.5573669561657653, 42.00000000000000000 ) ) ;
#382 = AXIS2_PLACEMENT_3D ( 'NONE', #1312, #1789, #1450 ) ;
#383 = EDGE_CURVE ( 'NONE', #1110, #1668, #626, .T. ) ;
#384 = ORIENTED_EDGE ( 'NONE', *, *, #1849, .F. ) ;
#385 = CARTESIAN_POINT ( 'NONE',  ( 743.8622725493455619, 951.5573669561658789, 40.00000000000000000 ) ) ;
#386 = EDGE_CURVE ( 'NONE', #2041, #1533, #1071, .T. ) ;
#387 = DIRECTION ( 'NONE',  ( 1.000000000000000000, 0.000000000000000000, 0.000000000000000000 ) ) ;
#388 = ORIENTED_EDGE ( 'NONE', *, *, #639, .F. ) ;
#389 = DIRECTION ( 'NONE',  ( 1.000000000000000000, 0.000000000000000000, 0.000000000000000000 ) ) ;
#390 = DIRECTION ( 'NONE',  ( -0.000000000000000000, -0.000000000000000000, -1.000000000000000000 ) ) ;
#391 = ORIENTED_EDGE ( 'NONE', *, *, #258, .F. ) ;
#392 = DIRECTION ( 'NONE',  ( 0.000000000000000000, 0.000000000000000000, 1.000000000000000000 ) ) ;
#393 = VERTEX_POINT ( 'NONE', #1403 ) ;
#394 = CARTESIAN_POINT ( 'NONE',  ( 638.8622725493455619, 846.5573669561658789, 40.00000000000000000 ) ) ;
#395 = CARTESIAN_POINT ( 'NONE',  ( 652.8657170451571119, 868.0573669561658789, 40.00000000000000000 ) ) ;
#396 = EDGE_CURVE ( 'NONE', #2041, #881, #207, .T. ) ;
#397 = ORIENTED_EDGE ( 'NONE', *, *, #1930, .F. ) ;
#398 = CYLINDRICAL_SURFACE ( 'NONE', #113, 5.000000000000115463 ) ;
#399 = COORDINATED_UNIVERSAL_TIME_OFFSET ( 3, 0, .BEHIND. ) ;
#400 = VERTEX_POINT ( 'NONE', #910 ) ;
#401 = CARTESIAN_POINT ( 'NONE',  ( 738.8622725493473808, 849.0573669561645147, 40.00000000000000000 ) ) ;
#402 = CARTESIAN_POINT ( 'NONE',  ( 638.8622725493455619, 946.5573669561657653, 40.00000000000000000 ) ) ;
#403 = VERTEX_POINT ( 'NONE', #456 ) ;
#404 = CARTESIAN_POINT ( 'NONE',  ( 653.8622725493472672, 944.0573669561666748, 40.00000000000000000 ) ) ;
#405 = FACE_OUTER_BOUND ( 'NONE', #1222, .T. ) ;
#406 = VECTOR ( 'NONE', #1726, 1000.000000000000000 ) ;
#407 = EDGE_CURVE ( 'NONE', #1583, #1719, #1891, .T. ) ;
#408 = EDGE_LOOP ( 'NONE', ( #1057, #1189, #1014, #874 ) ) ;
#409 = DIRECTION ( 'NONE',  ( -1.000000000000000000, 0.000000000000000000, 0.000000000000000000 ) ) ;
#410 = ORGANIZATION ( 'UNSPECIFIED', 'UNSPECIFIED', '' ) ;
#411 = DIRECTION ( 'NONE',  ( -1.000000000000000000, 0.000000000000000000, 0.000000000000000000 ) ) ;
#412 = CIRCLE ( 'NONE', #585, 4.000000000000003553 ) ;
#413 = ORIENTED_EDGE ( 'NONE', *, *, #853, .F. ) ;
#414 = DIRECTION ( 'NONE',  ( -0.000000000000000000, -0.000000000000000000, -1.000000000000000000 ) ) ;
#415 = CARTESIAN_POINT ( 'NONE',  ( 734.8657170451571119, 925.0573669561657653, 0.000000000000000000 ) ) ;
#416 = CIRCLE ( 'NONE', #110, 4.000000000000003553 ) ;
#417 = ORIENTED_EDGE ( 'NONE', *, *, #264, .T. ) ;
#418 = DIRECTION ( 'NONE',  ( -1.000000000000000000, 0.000000000000000000, 0.000000000000000000 ) ) ;
#419 = VECTOR ( 'NONE', #1102, 1000.000000000000000 ) ;
#420 = VECTOR ( 'NONE', #1517, 1000.000000000000000 ) ;
#421 = CARTESIAN_POINT ( 'NONE',  ( 653.8622725493472672, 944.0573669561666748, 42.00000000000000000 ) ) ;
#422 = PLANE ( 'NONE',  #1191 ) ;
#423 = PERSON_AND_ORGANIZATION ( #955, #410 ) ;
#424 = VERTEX_POINT ( 'NONE', #1096 ) ;
#425 = CARTESIAN_POINT ( 'NONE',  ( 734.8657170451571119, 925.0573669561657653, 42.00000000000000000 ) ) ;
#426 = EDGE_CURVE ( 'NONE', #1483, #980, #2056, .T. ) ;
#427 = ORIENTED_EDGE ( 'NONE', *, *, #224, .T. ) ;
#428 = CYLINDRICAL_SURFACE ( 'NONE', #1476, 2.585039772018404847 ) ;
#429 = CYLINDRICAL_SURFACE ( 'NONE', #1603, 2.500000000000057732 ) ;
#430 = DIRECTION ( 'NONE',  ( -1.000000000000000000, 0.000000000000000000, 0.000000000000000000 ) ) ;
#431 = PERSON_AND_ORGANIZATION_ROLE ( 'design_supplier' ) ;
#432 = VERTEX_POINT ( 'NONE', #1753 ) ;
#433 = LINE ( 'NONE', #1889, #2079 ) ;
#434 = ORIENTED_EDGE ( 'NONE', *, *, #657, .T. ) ;
#435 = CARTESIAN_POINT ( 'NONE',  ( 738.8213949204392748, 944.0806844346170692, 42.00000000000000000 ) ) ;
#436 = CIRCLE ( 'NONE', #1432, 2.500000000000168754 ) ;
#437 = DIRECTION ( 'NONE',  ( 0.000000000000000000, 0.000000000000000000, 1.000000000000000000 ) ) ;
#438 = VECTOR ( 'NONE', #565, 1000.000000000000000 ) ;
#439 = ORIENTED_EDGE ( 'NONE', *, *, #1693, .F. ) ;
#440 = CARTESIAN_POINT ( 'NONE',  ( 693.8622725493472672, 944.0573669561666748, 42.00000000000000000 ) ) ;
#441 = CC_DESIGN_SECURITY_CLASSIFICATION ( #1028, ( #1435 ) ) ;
#442 = LOCAL_TIME ( 10, 15, 27.00000000000000000, #399 ) ;
#443 = EDGE_LOOP ( 'NONE', ( #2002, #1095, #1698, #726 ) ) ;
#444 = DIRECTION ( 'NONE',  ( 0.000000000000000000, 0.000000000000000000, 1.000000000000000000 ) ) ;
#445 = AXIS2_PLACEMENT_3D ( 'NONE', #80, #731, #867 ) ;
#446 = EDGE_CURVE ( 'NONE', #927, #403, #1725, .T. ) ;
#447 = VECTOR ( 'NONE', #98, 1000.000000000000000 ) ;
#448 = VERTEX_POINT ( 'NONE', #606 ) ;
#449 = FACE_BOUND ( 'NONE', #354, .T. ) ;
#450 = AXIS2_PLACEMENT_3D ( 'NONE', #952, #1946, #1440 ) ;
#451 = EDGE_CURVE ( 'NONE', #1719, #521, #1376, .T. ) ;
#452 = DIRECTION ( 'NONE',  ( 0.000000000000000000, -1.000000000000000000, 0.000000000000000000 ) ) ;
#453 = ORIENTED_EDGE ( 'NONE', *, *, #1241, .F. ) ;
#454 = LINE ( 'NONE', #596, #419 ) ;
#455 = ORIENTED_EDGE ( 'NONE', *, *, #87, .T. ) ;
#456 = CARTESIAN_POINT ( 'NONE',  ( 652.8657170451571119, 868.0573669561658789, 42.00000000000000000 ) ) ;
#457 = ORIENTED_EDGE ( 'NONE', *, *, #1408, .F. ) ;
#458 = ADVANCED_FACE ( 'NONE', ( #1246 ), #428, .F. ) ;
#459 = DIRECTION ( 'NONE',  ( 0.000000000000000000, -0.000000000000000000, 1.000000000000000000 ) ) ;
#460 = FACE_BOUND ( 'NONE', #1686, .T. ) ;
#461 = ORIENTED_EDGE ( 'NONE', *, *, #34, .T. ) ;
#462 = CARTESIAN_POINT ( 'NONE',  ( 656.3622725493472672, 944.0573669561666748, 42.00000000000000000 ) ) ;
#463 = ORIENTED_EDGE ( 'NONE', *, *, #1849, .T. ) ;
#464 = DIRECTION ( 'NONE',  ( -1.000000000000000000, 0.000000000000000000, 0.000000000000000000 ) ) ;
#465 = ORIENTED_EDGE ( 'NONE', *, *, #1566, .F. ) ;
#466 = ORIENTED_EDGE ( 'NONE', *, *, #1456, .T. ) ;
#467 = FACE_BOUND ( 'NONE', #612, .T. ) ;
#468 = CARTESIAN_POINT ( 'NONE',  ( 656.8657170451572256, 929.0573669561657653, 0.000000000000000000 ) ) ;
#469 = ADVANCED_FACE ( 'NONE', ( #1920 ), #1267, .F. ) ;
#470 = ORIENTED_EDGE ( 'NONE', *, *, #1251, .T. ) ;
#471 = AXIS2_PLACEMENT_3D ( 'NONE', #1763, #949, #1436 ) ;
#472 = EDGE_CURVE ( 'NONE', #813, #1173, #651, .T. ) ;
#473 = CIRCLE ( 'NONE', #753, 4.000000000000003553 ) ;
#474 = VERTEX_POINT ( 'NONE', #118 ) ;
#475 = LINE ( 'NONE', #497, #758 ) ;
#476 = ORIENTED_EDGE ( 'NONE', *, *, #1170, .T. ) ;
#477 = DIRECTION ( 'NONE',  ( 1.000000000000000000, 0.000000000000000000, 0.000000000000000000 ) ) ;
#478 = VECTOR ( 'NONE', #1047, 1000.000000000000000 ) ;
#479 = DIRECTION ( 'NONE',  ( 0.000000000000000000, 0.000000000000000000, 1.000000000000000000 ) ) ;
#480 = CARTESIAN_POINT ( 'NONE',  ( 743.8622725493455619, 841.5573669561657653, 40.00000000000000000 ) ) ;
#481 = CIRCLE ( 'NONE', #11, 5.000000000000004441 ) ;
#482 = ORIENTED_EDGE ( 'NONE', *, *, #1704, .T. ) ;
#483 = CARTESIAN_POINT ( 'NONE',  ( 691.3622725493472672, 944.0573669561666748, 0.000000000000000000 ) ) ;
#484 = EDGE_CURVE ( 'NONE', #698, #1210, #926, .T. ) ;
#485 = LINE ( 'NONE', #1145, #2107 ) ;
#486 = ORIENTED_EDGE ( 'NONE', *, *, #1764, .F. ) ;
#487 = DIRECTION ( 'NONE',  ( -1.000000000000000000, 0.000000000000000000, 0.000000000000000000 ) ) ;
#488 = EDGE_LOOP ( 'NONE', ( #1389, #1414 ) ) ;
#489 = CARTESIAN_POINT ( 'NONE',  ( 652.8657170451571119, 925.0573669561657653, 40.00000000000000000 ) ) ;
#490 = PLANE ( 'NONE',  #1059 ) ;
#491 = CARTESIAN_POINT ( 'NONE',  ( 653.8622725493472672, 944.0573669561666748, 42.00000000000000000 ) ) ;
#492 = ORIENTED_EDGE ( 'NONE', *, *, #288, .T. ) ;
#493 = CARTESIAN_POINT ( 'NONE',  ( 730.8657170451571119, 864.0573669561658789, 40.00000000000000000 ) ) ;
#494 = DIRECTION ( 'NONE',  ( 0.000000000000000000, 0.000000000000000000, 1.000000000000000000 ) ) ;
#495 = EDGE_CURVE ( 'NONE', #1173, #163, #1423, .T. ) ;
#496 = ORIENTED_EDGE ( 'NONE', *, *, #267, .T. ) ;
#497 = CARTESIAN_POINT ( 'NONE',  ( 656.8657170451572256, 929.0573669561657653, 42.00000000000000000 ) ) ;
#498 = ADVANCED_FACE ( 'NONE', ( #748 ), #285, .F. ) ;
#499 = ORIENTED_EDGE ( 'NONE', *, *, #537, .T. ) ;
#500 = CARTESIAN_POINT ( 'NONE',  ( 653.8622725493472672, 944.0573669561666748, 0.000000000000000000 ) ) ;
#501 = DIRECTION ( 'NONE',  ( 0.000000000000000000, -0.000000000000000000, -1.000000000000000000 ) ) ;
#502 = CARTESIAN_POINT ( 'NONE',  ( 648.8622725493471535, 849.0573669561667884, 40.00000000000000000 ) ) ;
#503 = ORIENTED_EDGE ( 'NONE', *, *, #1208, .F. ) ;
#504 = LINE ( 'NONE', #814, #1950 ) ;
#505 = CARTESIAN_POINT ( 'NONE',  ( 656.8657170451572256, 868.0573669561658789, 0.000000000000000000 ) ) ;
#506 = EDGE_LOOP ( 'NONE', ( #271, #1955, #1688, #397 ) ) ;
#507 = CARTESIAN_POINT ( 'NONE',  ( 648.8622725493471535, 849.0573669561667884, 0.000000000000000000 ) ) ;
#508 = AXIS2_PLACEMENT_3D ( 'NONE', #1797, #1598, #1101 ) ;
#509 = CIRCLE ( 'NONE', #1742, 2.500000000000057732 ) ;
#510 = VERTEX_POINT ( 'NONE', #1595 ) ;
#511 = DIRECTION ( 'NONE',  ( -0.000000000000000000, -0.000000000000000000, -1.000000000000000000 ) ) ;
#512 = EDGE_CURVE ( 'NONE', #432, #2053, #997, .T. ) ;
#513 = VECTOR ( 'NONE', #330, 1000.000000000000000 ) ;
#514 = LINE ( 'NONE', #1040, #302 ) ;
#515 = VECTOR ( 'NONE', #1287, 1000.000000000000000 ) ;
#516 = VECTOR ( 'NONE', #522, 1000.000000000000000 ) ;
#517 = ORIENTED_EDGE ( 'NONE', *, *, #1658, .T. ) ;
#518 = LINE ( 'NONE', #1356, #1783 ) ;
#519 = AXIS2_PLACEMENT_3D ( 'NONE', #561, #217, #1347 ) ;
#520 = CARTESIAN_POINT ( 'NONE',  ( 730.8657170451571119, 868.0573669561658789, 42.00000000000000000 ) ) ;
#521 = VERTEX_POINT ( 'NONE', #353 ) ;
#522 = DIRECTION ( 'NONE',  ( -0.000000000000000000, -0.000000000000000000, -1.000000000000000000 ) ) ;
#523 = ORIENTED_EDGE ( 'NONE', *, *, #1579, .F. ) ;
#524 = CARTESIAN_POINT ( 'NONE',  ( 734.8657170451571119, 925.0573669561657653, 42.00000000000000000 ) ) ;
#525 = CARTESIAN_POINT ( 'NONE',  ( 691.3622725493524968, 849.0573669561667884, 42.00000000000000000 ) ) ;
#526 = ADVANCED_FACE ( 'NONE', ( #969 ), #29, .F. ) ;
#527 = EDGE_LOOP ( 'NONE', ( #265, #670, #1146, #1112 ) ) ;
#528 = CARTESIAN_POINT ( 'NONE',  ( 656.8657170451572256, 925.0573669561657653, 40.00000000000000000 ) ) ;
#529 = DIRECTION ( 'NONE',  ( -1.000000000000000000, 0.000000000000000000, 0.000000000000000000 ) ) ;
#530 = ORIENTED_EDGE ( 'NONE', *, *, #1048, .T. ) ;
#531 = DIRECTION ( 'NONE',  ( 1.000000000000000000, 0.000000000000000000, 0.000000000000000000 ) ) ;
#532 = ORIENTED_EDGE ( 'NONE', *, *, #332, .F. ) ;
#533 = DIRECTION ( 'NONE',  ( 0.000000000000000000, 0.000000000000000000, 1.000000000000000000 ) ) ;
#534 = CARTESIAN_POINT ( 'NONE',  ( 646.3622725493469261, 849.0573669561667884, 40.00000000000000000 ) ) ;
#535 = ORIENTED_EDGE ( 'NONE', *, *, #1123, .F. ) ;
#536 = DIRECTION ( 'NONE',  ( -0.000000000000000000, -0.000000000000000000, -1.000000000000000000 ) ) ;
#537 = EDGE_CURVE ( 'NONE', #707, #1279, #2018, .T. ) ;
#538 = PERSON_AND_ORGANIZATION_ROLE ( 'creator' ) ;
#539 = ORIENTED_EDGE ( 'NONE', *, *, #631, .F. ) ;
#540 = DIRECTION ( 'NONE',  ( -0.000000000000000000, -0.000000000000000000, -1.000000000000000000 ) ) ;
#541 = EDGE_CURVE ( 'NONE', #927, #196, #1113, .T. ) ;
#542 = VERTEX_POINT ( 'NONE', #189 ) ;
#543 = CARTESIAN_POINT ( 'NONE',  ( 656.8657170451572256, 864.0573669561658789, 0.000000000000000000 ) ) ;
#544 = AXIS2_PLACEMENT_3D ( 'NONE', #630, #1775, #1618 ) ;
#545 = CIRCLE ( 'NONE', #611, 2.500000000000057732 ) ;
#546 = CARTESIAN_POINT ( 'NONE',  ( 696.3622725493526104, 849.0573669561667884, 40.00000000000000000 ) ) ;
#547 = VERTEX_POINT ( 'NONE', #306 ) ;
#548 = DIRECTION ( 'NONE',  ( 0.000000000000000000, 0.000000000000000000, 1.000000000000000000 ) ) ;
#549 = AXIS2_PLACEMENT_3D ( 'NONE', #1741, #928, #1587 ) ;
#550 = ORIENTED_EDGE ( 'NONE', *, *, #1496, .F. ) ;
#551 = EDGE_CURVE ( 'NONE', #1380, #1002, #1030, .T. ) ;
#552 = CARTESIAN_POINT ( 'NONE',  ( 748.8622725493455619, 846.5573669561657653, 42.00000000000000000 ) ) ;
#553 = CARTESIAN_POINT ( 'NONE',  ( 693.8622725493524968, 849.0573669561667884, 42.00000000000000000 ) ) ;
#554 = AXIS2_PLACEMENT_3D ( 'NONE', #301, #1111, #1966 ) ;
#555 = AXIS2_PLACEMENT_3D ( 'NONE', #1231, #437, #1417 ) ;
#556 = EDGE_LOOP ( 'NONE', ( #1284, #994 ) ) ;
#557 = EDGE_CURVE ( 'NONE', #1616, #1871, #1816, .T. ) ;
#558 = CARTESIAN_POINT ( 'NONE',  ( 643.8622725493455619, 846.5573669561657653, 40.00000000000000000 ) ) ;
#559 = CARTESIAN_POINT ( 'NONE',  ( 743.8622725493455619, 841.5573669561657653, 42.00000000000000000 ) ) ;
#560 = DIRECTION ( 'NONE',  ( 0.000000000000000000, 0.000000000000000000, 1.000000000000000000 ) ) ;
#561 = CARTESIAN_POINT ( 'NONE',  ( 648.8622725493471535, 849.0573669561667884, 40.00000000000000000 ) ) ;
#562 = PERSON_AND_ORGANIZATION ( #955, #410 ) ;
#563 = EDGE_LOOP ( 'NONE', ( #1791, #1998, #1619, #130 ) ) ;
#564 = DIRECTION ( 'NONE',  ( 1.000000000000000000, 0.000000000000000000, -0.000000000000000000 ) ) ;
#565 = DIRECTION ( 'NONE',  ( 0.000000000000000000, -1.000000000000000000, 0.000000000000000000 ) ) ;
#566 = ORIENTED_EDGE ( 'NONE', *, *, #1456, .F. ) ;
#567 = CARTESIAN_POINT ( 'NONE',  ( 638.8622725493455619, 846.5573669561658789, 42.00000000000000000 ) ) ;
#568 = ADVANCED_FACE ( 'NONE', ( #794 ), #1462, .F. ) ;
#569 = DIRECTION ( 'NONE',  ( 0.000000000000000000, 0.000000000000000000, 1.000000000000000000 ) ) ;
#570 = ORIENTED_EDGE ( 'NONE', *, *, #50, .F. ) ;
#571 = CYLINDRICAL_SURFACE ( 'NONE', #1153, 2.585039772018404847 ) ;
#572 = DIRECTION ( 'NONE',  ( -0.000000000000000000, -0.000000000000000000, -1.000000000000000000 ) ) ;
#573 = EDGE_LOOP ( 'NONE', ( #1856, #1516, #530, #1633 ) ) ;
#574 = DIRECTION ( 'NONE',  ( -0.000000000000000000, -0.000000000000000000, -1.000000000000000000 ) ) ;
#575 = CARTESIAN_POINT ( 'NONE',  ( 651.3622725493471535, 944.0573669561666748, 40.00000000000000000 ) ) ;
#576 = ORIENTED_EDGE ( 'NONE', *, *, #2049, .T. ) ;
#577 = DIRECTION ( 'NONE',  ( -0.000000000000000000, -0.000000000000000000, -1.000000000000000000 ) ) ;
#578 = MANIFOLD_SOLID_BREP ( 'Saliente-Extruir1', #1645 ) ;
#579 = EDGE_CURVE ( 'NONE', #2012, #1609, #475, .T. ) ;
#580 = CARTESIAN_POINT ( 'NONE',  ( 741.3622725493473808, 849.0573669561645147, 40.00000000000000000 ) ) ;
#581 = DIRECTION ( 'NONE',  ( 1.000000000000000000, 0.000000000000000000, 0.000000000000000000 ) ) ;
#582 = ADVANCED_FACE ( 'NONE', ( #1634 ), #19, .F. ) ;
#583 = DIRECTION ( 'NONE',  ( 1.000000000000000000, 0.000000000000000000, 0.000000000000000000 ) ) ;
#584 = PERSON_AND_ORGANIZATION ( #955, #410 ) ;
#585 = AXIS2_PLACEMENT_3D ( 'NONE', #57, #716, #1682 ) ;
#586 = ORIENTED_EDGE ( 'NONE', *, *, #1680, .T. ) ;
#587 = CARTESIAN_POINT ( 'NONE',  ( 652.8657170451571119, 925.0573669561657653, 40.00000000000000000 ) ) ;
#588 = VECTOR ( 'NONE', #1672, 1000.000000000000000 ) ;
#589 = ORIENTED_EDGE ( 'NONE', *, *, #1012, .T. ) ;
#590 = DIRECTION ( 'NONE',  ( 1.000000000000000000, 0.000000000000000000, 0.000000000000000000 ) ) ;
#591 = AXIS2_PLACEMENT_3D ( 'NONE', #603, #1075, #1252 ) ;
#592 = DIRECTION ( 'NONE',  ( 1.000000000000000000, 0.000000000000000000, 0.000000000000000000 ) ) ;
#593 = DIRECTION ( 'NONE',  ( 1.000000000000000000, 0.000000000000000000, 0.000000000000000000 ) ) ;
#594 = EDGE_CURVE ( 'NONE', #901, #1879, #805, .T. ) ;
#595 = VERTEX_POINT ( 'NONE', #2101 ) ;
#596 = CARTESIAN_POINT ( 'NONE',  ( 638.8622725493455619, 946.5573669561657653, 40.00000000000000000 ) ) ;
#597 = ORIENTED_EDGE ( 'NONE', *, *, #267, .F. ) ;
#598 = CARTESIAN_POINT ( 'NONE',  ( 646.3622725493469261, 849.0573669561667884, 42.00000000000000000 ) ) ;
#599 = LINE ( 'NONE', #1883, #1501 ) ;
#600 = CARTESIAN_POINT ( 'NONE',  ( 643.8622725493455619, 846.5573669561657653, 42.00000000000000000 ) ) ;
#601 = PERSON_AND_ORGANIZATION ( #955, #410 ) ;
#602 = EDGE_LOOP ( 'NONE', ( #1815, #2068, #340, #1938 ) ) ;
#603 = CARTESIAN_POINT ( 'NONE',  ( 738.8622725493473808, 849.0573669561645147, 40.00000000000000000 ) ) ;
#604 = EDGE_CURVE ( 'NONE', #645, #188, #819, .T. ) ;
#605 = ORIENTED_EDGE ( 'NONE', *, *, #1793, .T. ) ;
#606 = CARTESIAN_POINT ( 'NONE',  ( 643.8622725493455619, 951.5573669561658789, 40.00000000000000000 ) ) ;
#607 = EDGE_CURVE ( 'NONE', #1844, #547, #677, .T. ) ;
#608 = LINE ( 'NONE', #628, #2106 ) ;
#609 = AXIS2_PLACEMENT_3D ( 'NONE', #1063, #1142, #622 ) ;
#610 = CARTESIAN_POINT ( 'NONE',  ( 730.8657170451571119, 925.0573669561657653, 40.00000000000000000 ) ) ;
#611 = AXIS2_PLACEMENT_3D ( 'NONE', #1151, #1215, #1056 ) ;
#612 = EDGE_LOOP ( 'NONE', ( #987, #103 ) ) ;
#613 = CYLINDRICAL_SURFACE ( 'NONE', #1268, 2.500000000000057732 ) ;
#614 = AXIS2_PLACEMENT_3D ( 'NONE', #379, #1875, #411 ) ;
#615 = CIRCLE ( 'NONE', #445, 5.000000000000004441 ) ;
#616 = VERTEX_POINT ( 'NONE', #1147 ) ;
#617 = CIRCLE ( 'NONE', #1813, 2.500000000000057732 ) ;
#618 = EDGE_CURVE ( 'NONE', #681, #1084, #669, .T. ) ;
#619 = EDGE_LOOP ( 'NONE', ( #1801, #2037, #476, #362, #659, #589, #1867, #1546 ) ) ;
#620 = CARTESIAN_POINT ( 'NONE',  ( 730.8657170451571119, 925.0573669561657653, 42.00000000000000000 ) ) ;
#621 = VECTOR ( 'NONE', #1200, 1000.000000000000000 ) ;
#622 = DIRECTION ( 'NONE',  ( 1.000000000000000000, 0.000000000000000000, 0.000000000000000000 ) ) ;
#623 = DATE_AND_TIME ( #2052, #1195 ) ;
#624 = ORIENTED_EDGE ( 'NONE', *, *, #1107, .T. ) ;
#625 = ORIENTED_EDGE ( 'NONE', *, *, #100, .T. ) ;
#626 = LINE ( 'NONE', #936, #1777 ) ;
#627 = ORIENTED_EDGE ( 'NONE', *, *, #594, .F. ) ;
#628 = CARTESIAN_POINT ( 'NONE',  ( 748.8622725493455619, 846.5573669561657653, 40.00000000000000000 ) ) ;
#629 = ADVANCED_FACE ( 'NONE', ( #1792 ), #1936, .F. ) ;
#630 = CARTESIAN_POINT ( 'NONE',  ( 643.8622725493455619, 946.5573669561657653, 40.00000000000000000 ) ) ;
#631 = EDGE_CURVE ( 'NONE', #861, #424, #1802, .T. ) ;
#632 = ORIENTED_EDGE ( 'NONE', *, *, #1086, .F. ) ;
#633 = VERTEX_POINT ( 'NONE', #180 ) ;
#634 = CARTESIAN_POINT ( 'NONE',  ( 736.3622725493472672, 849.0573669561645147, 42.00000000000000000 ) ) ;
#635 = VERTEX_POINT ( 'NONE', #831 ) ;
#636 = FACE_OUTER_BOUND ( 'NONE', #28, .T. ) ;
#637 = EDGE_CURVE ( 'NONE', #1035, #901, #1487, .T. ) ;
#638 = CARTESIAN_POINT ( 'NONE',  ( 741.3622725493473808, 849.0573669561645147, 40.00000000000000000 ) ) ;
#639 = EDGE_CURVE ( 'NONE', #547, #1757, #617, .T. ) ;
#640 = ORIENTED_EDGE ( 'NONE', *, *, #1693, .T. ) ;
#641 = LINE ( 'NONE', #966, #1477 ) ;
#642 = AXIS2_PLACEMENT_3D ( 'NONE', #150, #1457, #664 ) ;
#643 = DIRECTION ( 'NONE',  ( 0.000000000000000000, 0.000000000000000000, 1.000000000000000000 ) ) ;
#644 = AXIS2_PLACEMENT_3D ( 'NONE', #982, #1787, #2076 ) ;
#645 = VERTEX_POINT ( 'NONE', #1836 ) ;
#646 = DIRECTION ( 'NONE',  ( 0.000000000000000000, 0.000000000000000000, 1.000000000000000000 ) ) ;
#647 = ORIENTED_EDGE ( 'NONE', *, *, #1869, .F. ) ;
#648 = DIRECTION ( 'NONE',  ( 1.000000000000000000, 0.000000000000000000, 0.000000000000000000 ) ) ;
#649 = AXIS2_PLACEMENT_3D ( 'NONE', #1830, #511, #157 ) ;
#650 = FACE_BOUND ( 'NONE', #619, .T. ) ;
#651 = CIRCLE ( 'NONE', #549, 4.000000000000003553 ) ;
#652 = FACE_OUTER_BOUND ( 'NONE', #1182, .T. ) ;
#653 = CIRCLE ( 'NONE', #1947, 2.500000000000057732 ) ;
#654 = AXIS2_PLACEMENT_3D ( 'NONE', #528, #70, #228 ) ;
#655 = ORIENTED_EDGE ( 'NONE', *, *, #998, .T. ) ;
#656 = CARTESIAN_POINT ( 'NONE',  ( 693.8622725493524968, 849.0573669561667884, 40.00000000000000000 ) ) ;
#657 = EDGE_CURVE ( 'NONE', #1935, #965, #1183, .T. ) ;
#658 = DIRECTION ( 'NONE',  ( -1.000000000000000000, 0.000000000000000000, 0.000000000000000000 ) ) ;
#659 = ORIENTED_EDGE ( 'NONE', *, *, #684, .T. ) ;
#660 = DIRECTION ( 'NONE',  ( -1.000000000000000000, 0.000000000000000000, 0.000000000000000000 ) ) ;
#661 = ORIENTED_EDGE ( 'NONE', *, *, #1408, .T. ) ;
#662 = LINE ( 'NONE', #671, #857 ) ;
#663 = CARTESIAN_POINT ( 'NONE',  ( 730.8657170451571119, 929.0573669561657653, 40.00000000000000000 ) ) ;
#664 = DIRECTION ( 'NONE',  ( 1.000000000000000000, 0.000000000000000000, 0.000000000000000000 ) ) ;
#665 = ORIENTED_EDGE ( 'NONE', *, *, #368, .T. ) ;
#666 = DIRECTION ( 'NONE',  ( 1.000000000000000000, 0.000000000000000000, 0.000000000000000000 ) ) ;
#667 = LINE ( 'NONE', #1621, #2011 ) ;
#668 = ORIENTED_EDGE ( 'NONE', *, *, #214, .F. ) ;
#669 = LINE ( 'NONE', #1475, #2047 ) ;
#670 = ORIENTED_EDGE ( 'NONE', *, *, #918, .F. ) ;
#671 = CARTESIAN_POINT ( 'NONE',  ( 743.8622725493455619, 841.5573669561657653, 42.00000000000000000 ) ) ;
#672 = CARTESIAN_POINT ( 'NONE',  ( 693.8622725493524968, 849.0573669561667884, 40.00000000000000000 ) ) ;
#673 = ORIENTED_EDGE ( 'NONE', *, *, #1251, .F. ) ;
#674 = DIRECTION ( 'NONE',  ( 1.000000000000000000, 0.000000000000000000, 0.000000000000000000 ) ) ;
#675 = CARTESIAN_POINT ( 'NONE',  ( 741.3213949204393884, 944.0806844346170692, 40.00000000000000000 ) ) ;
#676 = ORIENTED_EDGE ( 'NONE', *, *, #1026, .F. ) ;
#677 = LINE ( 'NONE', #634, #515 ) ;
#678 = VECTOR ( 'NONE', #1629, 1000.000000000000000 ) ;
#679 = PRODUCT_RELATED_PRODUCT_CATEGORY ( 'detail', '', ( #709 ) ) ;
#680 = CIRCLE ( 'NONE', #1367, 2.500000000000057732 ) ;
#681 = VERTEX_POINT ( 'NONE', #1669 ) ;
#682 = CARTESIAN_POINT ( 'NONE',  ( 730.8657170451571119, 864.0573669561658789, 40.00000000000000000 ) ) ;
#683 = CC_DESIGN_APPROVAL ( #838, ( #723 ) ) ;
#684 = EDGE_CURVE ( 'NONE', #167, #1625, #416, .T. ) ;
#685 = CIRCLE ( 'NONE', #1300, 5.000000000000004441 ) ;
#686 = DIRECTION ( 'NONE',  ( -0.000000000000000000, -0.000000000000000000, -1.000000000000000000 ) ) ;
#687 = VECTOR ( 'NONE', #1430, 1000.000000000000000 ) ;
#688 = ORIENTED_EDGE ( 'NONE', *, *, #1527, .T. ) ;
#689 = CARTESIAN_POINT ( 'NONE',  ( 743.8622725493455619, 946.5573669561657653, 40.00000000000000000 ) ) ;
#690 = CIRCLE ( 'NONE', #350, 5.000000000000004441 ) ;
#691 = CARTESIAN_POINT ( 'NONE',  ( 643.8622725493455619, 841.5573669561657653, 40.00000000000000000 ) ) ;
#692 = ORIENTED_EDGE ( 'NONE', *, *, #1509, .T. ) ;
#693 = LINE ( 'NONE', #243, #516 ) ;
#694 = ORIENTED_EDGE ( 'NONE', *, *, #1615, .T. ) ;
#695 = LINE ( 'NONE', #1559, #1882 ) ;
#696 = ADVANCED_FACE ( 'NONE', ( #2003 ), #875, .T. ) ;
#697 = CARTESIAN_POINT ( 'NONE',  ( 730.8657170451571119, 929.0573669561657653, 42.00000000000000000 ) ) ;
#698 = VERTEX_POINT ( 'NONE', #1024 ) ;
#699 = ADVANCED_FACE ( 'NONE', ( #736 ), #865, .F. ) ;
#700 = DIRECTION ( 'NONE',  ( -1.000000000000000000, 0.000000000000000000, 0.000000000000000000 ) ) ;
#701 = CALENDAR_DATE ( 2026, 19, 8 ) ;
#702 = ORIENTED_EDGE ( 'NONE', *, *, #729, .F. ) ;
#703 = DIRECTION ( 'NONE',  ( 0.000000000000000000, 0.000000000000000000, 1.000000000000000000 ) ) ;
#704 = EDGE_LOOP ( 'NONE', ( #74, #1359, #1677, #1798 ) ) ;
#705 = DIRECTION ( 'NONE',  ( 1.000000000000000000, 0.000000000000000000, 0.000000000000000000 ) ) ;
#706 = EDGE_CURVE ( 'NONE', #474, #681, #1716, .T. ) ;
#707 = VERTEX_POINT ( 'NONE', #898 ) ;
#708 = CARTESIAN_POINT ( 'NONE',  ( 656.8657170451572256, 868.0573669561658789, 40.00000000000000000 ) ) ;
#709 = PRODUCT ( 'Pieza4^Felko', 'Pieza4^Felko', '', ( #252 ) ) ;
#710 = ADVANCED_FACE ( 'NONE', ( #1036 ), #1543, .F. ) ;
#711 = CARTESIAN_POINT ( 'NONE',  ( 638.8622725493455619, 946.5573669561657653, 0.000000000000000000 ) ) ;
#712 = ORIENTED_EDGE ( 'NONE', *, *, #512, .F. ) ;
#713 = DIRECTION ( 'NONE',  ( 0.000000000000000000, 1.000000000000000000, 0.000000000000000000 ) ) ;
#714 = VECTOR ( 'NONE', #1839, 1000.000000000000000 ) ;
#715 = VERTEX_POINT ( 'NONE', #2023 ) ;
#716 = DIRECTION ( 'NONE',  ( 0.000000000000000000, 0.000000000000000000, 1.000000000000000000 ) ) ;
#717 = CIRCLE ( 'NONE', #1088, 2.500000000000057732 ) ;
#718 = FACE_OUTER_BOUND ( 'NONE', #934, .T. ) ;
#719 = AXIS2_PLACEMENT_3D ( 'NONE', #1307, #1786, #1290 ) ;
#720 = DIRECTION ( 'NONE',  ( 1.000000000000000000, 0.000000000000000000, 0.000000000000000000 ) ) ;
#721 = CARTESIAN_POINT ( 'NONE',  ( 734.8657170451571119, 868.0573669561658789, 40.00000000000000000 ) ) ;
#722 = AXIS2_PLACEMENT_3D ( 'NONE', #1397, #127, #83 ) ;
#723 = PRODUCT_DEFINITION ( 'UNKNOWN', '', #1435, #1670 ) ;
#724 = CIRCLE ( 'NONE', #1304, 2.500000000000057732 ) ;
#725 = DIRECTION ( 'NONE',  ( 0.000000000000000000, 0.000000000000000000, 1.000000000000000000 ) ) ;
#726 = ORIENTED_EDGE ( 'NONE', *, *, #1987, .T. ) ;
#727 = DIRECTION ( 'NONE',  ( -1.000000000000000000, 0.000000000000000000, 0.000000000000000000 ) ) ;
#728 = FACE_OUTER_BOUND ( 'NONE', #443, .T. ) ;
#729 = EDGE_CURVE ( 'NONE', #1143, #1461, #1064, .T. ) ;
#730 = ORIENTED_EDGE ( 'NONE', *, *, #2014, .T. ) ;
#731 = DIRECTION ( 'NONE',  ( 0.000000000000000000, 0.000000000000000000, 1.000000000000000000 ) ) ;
#732 = DIRECTION ( 'NONE',  ( -1.000000000000000000, 0.000000000000000000, 0.000000000000000000 ) ) ;
#733 = DIRECTION ( 'NONE',  ( 1.000000000000000000, 0.000000000000000000, 0.000000000000000000 ) ) ;
#734 = FACE_OUTER_BOUND ( 'NONE', #1681, .T. ) ;
#735 = DATE_AND_TIME ( #701, #1977 ) ;
#736 = FACE_OUTER_BOUND ( 'NONE', #2061, .T. ) ;
#737 = EDGE_CURVE ( 'NONE', #747, #1110, #1055, .T. ) ;
#738 = ORIENTED_EDGE ( 'NONE', *, *, #172, .T. ) ;
#739 = CARTESIAN_POINT ( 'NONE',  ( 656.8657170451572256, 864.0573669561658789, 42.00000000000000000 ) ) ;
#740 = EDGE_CURVE ( 'NONE', #1752, #707, #693, .T. ) ;
#741 = DIRECTION ( 'NONE',  ( -0.000000000000000000, -0.000000000000000000, -1.000000000000000000 ) ) ;
#742 = ORIENTED_EDGE ( 'NONE', *, *, #1272, .F. ) ;
#743 = PLANE ( 'NONE',  #2080 ) ;
#744 = CYLINDRICAL_SURFACE ( 'NONE', #1335, 2.500000000000057732 ) ;
#745 = ORIENTED_EDGE ( 'NONE', *, *, #197, .T. ) ;
#746 = CYLINDRICAL_SURFACE ( 'NONE', #554, 4.000000000000003553 ) ;
#747 = VERTEX_POINT ( 'NONE', #552 ) ;
#748 = FACE_OUTER_BOUND ( 'NONE', #704, .T. ) ;
#749 = CC_DESIGN_DATE_AND_TIME_ASSIGNMENT ( #735, #1188, ( #723 ) ) ;
#750 = DIRECTION ( 'NONE',  ( 1.000000000000000000, 0.000000000000000000, 0.000000000000000000 ) ) ;
#751 = CIRCLE ( 'NONE', #642, 5.000000000000004441 ) ;
#752 = EDGE_CURVE ( 'NONE', #1461, #1143, #1343, .T. ) ;
#753 = AXIS2_PLACEMENT_3D ( 'NONE', #1314, #351, #848 ) ;
#754 = CARTESIAN_POINT ( 'NONE',  ( 743.8622725493455619, 846.5573669561657653, 40.00000000000000000 ) ) ;
#755 = AXIS2_PLACEMENT_3D ( 'NONE', #1360, #66, #1523 ) ;
#756 = ORIENTED_EDGE ( 'NONE', *, *, #1932, .T. ) ;
#757 = DIRECTION ( 'NONE',  ( -1.000000000000000000, 0.000000000000000000, 0.000000000000000000 ) ) ;
#758 = VECTOR ( 'NONE', #979, 1000.000000000000000 ) ;
#759 = EDGE_LOOP ( 'NONE', ( #1302, #282 ) ) ;
#760 = DIRECTION ( 'NONE',  ( -0.000000000000000000, -0.000000000000000000, -1.000000000000000000 ) ) ;
#761 = CIRCLE ( 'NONE', #1585, 2.585039772018404847 ) ;
#762 = CARTESIAN_POINT ( 'NONE',  ( 696.3622725493526104, 849.0573669561667884, 42.00000000000000000 ) ) ;
#763 = EDGE_CURVE ( 'NONE', #635, #901, #1817, .T. ) ;
#764 = DIRECTION ( 'NONE',  ( -1.000000000000000000, 0.000000000000000000, 0.000000000000000000 ) ) ;
#765 = ADVANCED_FACE ( 'NONE', ( #363, #1015, #1507, #43, #1350, #1993, #1678, #210 ), #1520, .T. ) ;
#766 = ORIENTED_EDGE ( 'NONE', *, *, #484, .F. ) ;
#767 = FACE_OUTER_BOUND ( 'NONE', #1630, .T. ) ;
#768 = VERTEX_POINT ( 'NONE', #1421 ) ;
#769 = CARTESIAN_POINT ( 'NONE',  ( 643.8622725493455619, 946.5573669561657653, 0.000000000000000000 ) ) ;
#770 = LINE ( 'NONE', #1049, #1974 ) ;
#771 = CARTESIAN_POINT ( 'NONE',  ( 734.8657170451571119, 925.0573669561657653, 40.00000000000000000 ) ) ;
#772 = CC_DESIGN_PERSON_AND_ORGANIZATION_ASSIGNMENT ( #423, #1109, ( #1435 ) ) ;
#773 = ORIENTED_EDGE ( 'NONE', *, *, #426, .T. ) ;
#774 = CARTESIAN_POINT ( 'NONE',  ( 730.8657170451571119, 929.0573669561657653, 40.00000000000000000 ) ) ;
#775 = ORIENTED_EDGE ( 'NONE', *, *, #1269, .T. ) ;
#776 = CARTESIAN_POINT ( 'NONE',  ( 656.8657170451572256, 925.0573669561657653, 40.00000000000000000 ) ) ;
#777 = DIRECTION ( 'NONE',  ( 0.000000000000000000, 0.000000000000000000, 1.000000000000000000 ) ) ;
#778 = AXIS2_PLACEMENT_3D ( 'NONE', #491, #311, #1931 ) ;
#779 = CIRCLE ( 'NONE', #1404, 2.500000000000057732 ) ;
#780 = ORIENTED_EDGE ( 'NONE', *, *, #1097, .T. ) ;
#781 = CYLINDRICAL_SURFACE ( 'NONE', #1550, 2.500000000000057732 ) ;
#782 = CIRCLE ( 'NONE', #755, 5.000000000000004441 ) ;
#783 = EDGE_LOOP ( 'NONE', ( #391, #1985 ) ) ;
#784 = EDGE_CURVE ( 'NONE', #196, #1594, #908, .T. ) ;
#785 = DIRECTION ( 'NONE',  ( -0.000000000000000000, -0.000000000000000000, -1.000000000000000000 ) ) ;
#786 = AXIS2_PLACEMENT_3D ( 'NONE', #75, #392, #63 ) ;
#787 = CARTESIAN_POINT ( 'NONE',  ( 743.8622725493455619, 846.5573669561657653, 40.00000000000000000 ) ) ;
#788 = FACE_BOUND ( 'NONE', #804, .T. ) ;
#789 = AXIS2_PLACEMENT_3D ( 'NONE', #1020, #2021, #674 ) ;
#790 = PLANE ( 'NONE',  #1467 ) ;
#791 = ORIENTED_EDGE ( 'NONE', *, *, #729, .T. ) ;
#792 = DIRECTION ( 'NONE',  ( -0.000000000000000000, -0.000000000000000000, -1.000000000000000000 ) ) ;
#793 = ORIENTED_EDGE ( 'NONE', *, *, #2085, .F. ) ;
#794 = FACE_OUTER_BOUND ( 'NONE', #1788, .T. ) ;
#795 = EDGE_CURVE ( 'NONE', #1497, #65, #454, .T. ) ;
#796 = ORIENTED_EDGE ( 'NONE', *, *, #1342, .F. ) ;
#797 = CARTESIAN_POINT ( 'NONE',  ( 736.3213949204392748, 944.0806844346170692, 40.00000000000000000 ) ) ;
#798 = LINE ( 'NONE', #158, #1675 ) ;
#799 = EDGE_CURVE ( 'NONE', #188, #1186, #1236, .T. ) ;
#800 = PLANE ( 'NONE',  #471 ) ;
#801 = EDGE_LOOP ( 'NONE', ( #692, #1945, #503, #1978 ) ) ;
#802 = CARTESIAN_POINT ( 'NONE',  ( 652.8657170451571119, 925.0573669561657653, 42.00000000000000000 ) ) ;
#803 = LINE ( 'NONE', #195, #2043 ) ;
#804 = EDGE_LOOP ( 'NONE', ( #2103, #209 ) ) ;
#805 = LINE ( 'NONE', #1326, #1163 ) ;
#806 = ORIENTED_EDGE ( 'NONE', *, *, #512, .T. ) ;
#807 = DIRECTION ( 'NONE',  ( 0.000000000000000000, 0.000000000000000000, 1.000000000000000000 ) ) ;
#808 = CC_DESIGN_PERSON_AND_ORGANIZATION_ASSIGNMENT ( #1249, #1572, ( #1028 ) ) ;
#809 = DIRECTION ( 'NONE',  ( -0.000000000000000000, -0.000000000000000000, -1.000000000000000000 ) ) ;
#810 = ADVANCED_FACE ( 'NONE', ( #1400 ), #2054, .T. ) ;
#811 = FACE_BOUND ( 'NONE', #1366, .T. ) ;
#812 = VECTOR ( 'NONE', #1239, 1000.000000000000000 ) ;
#813 = VERTEX_POINT ( 'NONE', #124 ) ;
#814 = CARTESIAN_POINT ( 'NONE',  ( 734.8657170451571119, 868.0573669561658789, 40.00000000000000000 ) ) ;
#815 = VECTOR ( 'NONE', #686, 1000.000000000000000 ) ;
#816 = DIRECTION ( 'NONE',  ( -0.000000000000000000, -0.000000000000000000, -1.000000000000000000 ) ) ;
#817 = CIRCLE ( 'NONE', #37, 2.500000000000057732 ) ;
#818 = ORIENTED_EDGE ( 'NONE', *, *, #1845, .F. ) ;
#819 = LINE ( 'NONE', #992, #1409 ) ;
#820 = ORIENTED_EDGE ( 'NONE', *, *, #383, .F. ) ;
#821 = DIRECTION ( 'NONE',  ( -0.000000000000000000, -0.000000000000000000, -1.000000000000000000 ) ) ;
#822 = VECTOR ( 'NONE', #22, 1000.000000000000000 ) ;
#823 = CARTESIAN_POINT ( 'NONE',  ( 656.8657170451572256, 864.0573669561658789, 0.000000000000000000 ) ) ;
#824 = VECTOR ( 'NONE', #1918, 1000.000000000000000 ) ;
#825 = ADVANCED_FACE ( 'NONE', ( #1068 ), #1243, .F. ) ;
#826 = ORIENTED_EDGE ( 'NONE', *, *, #639, .T. ) ;
#827 = DIRECTION ( 'NONE',  ( 1.000000000000000000, 0.000000000000000000, 0.000000000000000000 ) ) ;
#828 = EDGE_CURVE ( 'NONE', #1719, #1084, #433, .T. ) ;
#829 = CYLINDRICAL_SURFACE ( 'NONE', #1119, 2.500000000000057732 ) ;
#830 = ORIENTED_EDGE ( 'NONE', *, *, #1557, .F. ) ;
#831 = CARTESIAN_POINT ( 'NONE',  ( 730.8657170451571119, 864.0573669561658789, 0.000000000000000000 ) ) ;
#832 = EDGE_LOOP ( 'NONE', ( #2020, #1709, #470, #1478, #846, #417, #1154, #463 ) ) ;
#833 = DIRECTION ( 'NONE',  ( 0.000000000000000000, 0.000000000000000000, 1.000000000000000000 ) ) ;
#834 = CARTESIAN_POINT ( 'NONE',  ( 730.8657170451571119, 929.0573669561657653, 40.00000000000000000 ) ) ;
#835 = DIRECTION ( 'NONE',  ( -1.000000000000000000, 0.000000000000000000, 0.000000000000000000 ) ) ;
#836 = EDGE_LOOP ( 'NONE', ( #1926, #1592, #1169, #647 ) ) ;
#837 = CARTESIAN_POINT ( 'NONE',  ( 748.8622725493456755, 946.5573669561657653, 42.00000000000000000 ) ) ;
#838 = APPROVAL ( #208, 'UNSPECIFIED' ) ;
#839 = CARTESIAN_POINT ( 'NONE',  ( 693.8622725493524968, 849.0573669561667884, 0.000000000000000000 ) ) ;
#840 = ORIENTED_EDGE ( 'NONE', *, *, #2049, .F. ) ;
#841 = DIRECTION ( 'NONE',  ( 0.000000000000000000, 1.000000000000000000, 0.000000000000000000 ) ) ;
#842 = EDGE_CURVE ( 'NONE', #1829, #1609, #1730, .T. ) ;
#843 = ORIENTED_EDGE ( 'NONE', *, *, #1418, .F. ) ;
#844 = DIRECTION ( 'NONE',  ( -1.000000000000000000, 0.000000000000000000, 0.000000000000000000 ) ) ;
#845 = LINE ( 'NONE', #1353, #986 ) ;
#846 = ORIENTED_EDGE ( 'NONE', *, *, #451, .T. ) ;
#847 = LINE ( 'NONE', #1332, #2050 ) ;
#848 = DIRECTION ( 'NONE',  ( 1.000000000000000000, 0.000000000000000000, 0.000000000000000000 ) ) ;
#849 = ORIENTED_EDGE ( 'NONE', *, *, #1299, .F. ) ;
#850 = DIRECTION ( 'NONE',  ( 1.000000000000000000, 0.000000000000000000, 0.000000000000000000 ) ) ;
#851 = AXIS2_PLACEMENT_3D ( 'NONE', #421, #919, #1072 ) ;
#852 = AXIS2_PLACEMENT_3D ( 'NONE', #520, #816, #529 ) ;
#853 = EDGE_CURVE ( 'NONE', #1609, #196, #44, .T. ) ;
#854 = ORIENTED_EDGE ( 'NONE', *, *, #541, .F. ) ;
#855 = DIRECTION ( 'NONE',  ( 1.000000000000000000, 0.000000000000000000, 0.000000000000000000 ) ) ;
#856 = EDGE_CURVE ( 'NONE', #1583, #681, #2031, .T. ) ;
#857 = VECTOR ( 'NONE', #1499, 1000.000000000000000 ) ;
#858 = LINE ( 'NONE', #525, #2008 ) ;
#859 = AXIS2_PLACEMENT_3D ( 'NONE', #957, #1612, #1159 ) ;
#860 = AXIS2_PLACEMENT_3D ( 'NONE', #131, #283, #915 ) ;
#861 = VERTEX_POINT ( 'NONE', #1584 ) ;
#862 = CYLINDRICAL_SURFACE ( 'NONE', #1818, 2.500000000000057732 ) ;
#863 =( NAMED_UNIT ( * ) PLANE_ANGLE_UNIT ( ) SI_UNIT ( $, .RADIAN. ) );
#864 = ORIENTED_EDGE ( 'NONE', *, *, #1704, .F. ) ;
#865 = PLANE ( 'NONE',  #893 ) ;
#866 = VERTEX_POINT ( 'NONE', #2069 ) ;
#867 = DIRECTION ( 'NONE',  ( 1.000000000000000000, 0.000000000000000000, 0.000000000000000000 ) ) ;
#868 = ADVANCED_FACE ( 'NONE', ( #2042 ), #613, .F. ) ;
#869 = DIRECTION ( 'NONE',  ( 0.000000000000000000, 0.000000000000000000, 1.000000000000000000 ) ) ;
#870 = ADVANCED_FACE ( 'NONE', ( #767 ), #2062, .F. ) ;
#871 = ORIENTED_EDGE ( 'NONE', *, *, #258, .T. ) ;
#872 = LINE ( 'NONE', #1032, #280 ) ;
#873 = LINE ( 'NONE', #711, #1405 ) ;
#874 = ORIENTED_EDGE ( 'NONE', *, *, #121, .T. ) ;
#875 = PLANE ( 'NONE',  #1263 ) ;
#876 = DIRECTION ( 'NONE',  ( 0.000000000000000000, 0.000000000000000000, 1.000000000000000000 ) ) ;
#877 = ORIENTED_EDGE ( 'NONE', *, *, #1906, .F. ) ;
#878 = DIRECTION ( 'NONE',  ( 0.000000000000000000, 0.000000000000000000, 1.000000000000000000 ) ) ;
#879 = CC_DESIGN_DATE_AND_TIME_ASSIGNMENT ( #623, #2060, ( #1028 ) ) ;
#880 = CARTESIAN_POINT ( 'NONE',  ( 743.8622725493455619, 951.5573669561658789, 42.00000000000000000 ) ) ;
#881 = VERTEX_POINT ( 'NONE', #1904 ) ;
#882 = FACE_OUTER_BOUND ( 'NONE', #1895, .T. ) ;
#883 = ORIENTED_EDGE ( 'NONE', *, *, #71, .T. ) ;
#884 = DIRECTION ( 'NONE',  ( -0.000000000000000000, 0.000000000000000000, -1.000000000000000000 ) ) ;
#885 = DIRECTION ( 'NONE',  ( 1.000000000000000000, 0.000000000000000000, 0.000000000000000000 ) ) ;
#886 = AXIS2_PLACEMENT_3D ( 'NONE', #1132, #1942, #1468 ) ;
#887 = VERTEX_POINT ( 'NONE', #1758 ) ;
#888 = LINE ( 'NONE', #2017, #993 ) ;
#889 = LINE ( 'NONE', #1395, #1117 ) ;
#890 = CIRCLE ( 'NONE', #1437, 2.500000000000057732 ) ;
#891 = DIRECTION ( 'NONE',  ( 0.000000000000000000, 0.000000000000000000, 1.000000000000000000 ) ) ;
#892 = CARTESIAN_POINT ( 'NONE',  ( 643.8622725493455619, 846.5573669561657653, 42.00000000000000000 ) ) ;
#893 = AXIS2_PLACEMENT_3D ( 'NONE', #2013, #564, #884 ) ;
#894 = EDGE_CURVE ( 'NONE', #364, #698, #1265, .T. ) ;
#895 = AXIS2_PLACEMENT_3D ( 'NONE', #1082, #1723, #757 ) ;
#896 = APPROVAL_DATE_TIME ( #2001, #838 ) ;
#897 = VERTEX_POINT ( 'NONE', #96 ) ;
#898 = CARTESIAN_POINT ( 'NONE',  ( 646.3622725493470398, 849.0573669561667884, 0.000000000000000000 ) ) ;
#899 = LINE ( 'NONE', #402, #438 ) ;
#900 = AXIS2_PLACEMENT_3D ( 'NONE', #892, #120, #1240 ) ;
#901 = VERTEX_POINT ( 'NONE', #1093 ) ;
#902 = LINE ( 'NONE', #1880, #588 ) ;
#903 = FACE_BOUND ( 'NONE', #488, .T. ) ;
#904 = PLANE ( 'NONE',  #73 ) ;
#905 = LINE ( 'NONE', #912, #1613 ) ;
#906 = LINE ( 'NONE', #1553, #1878 ) ;
#907 = ORIENTED_EDGE ( 'NONE', *, *, #637, .T. ) ;
#908 = LINE ( 'NONE', #587, #81 ) ;
#909 = ORIENTED_EDGE ( 'NONE', *, *, #1887, .T. ) ;
#910 = CARTESIAN_POINT ( 'NONE',  ( 691.3622725493524968, 849.0573669561667884, 42.00000000000000000 ) ) ;
#911 = DIRECTION ( 'NONE',  ( -0.000000000000000000, -0.000000000000000000, -1.000000000000000000 ) ) ;
#912 = CARTESIAN_POINT ( 'NONE',  ( 691.3622725493472672, 944.0573669561666748, 42.00000000000000000 ) ) ;
#913 = APPROVAL_DATE_TIME ( #1736, #1416 ) ;
#914 = ORIENTED_EDGE ( 'NONE', *, *, #618, .F. ) ;
#915 = DIRECTION ( 'NONE',  ( 0.000000000000000000, -0.000000000000000000, -1.000000000000000000 ) ) ;
#916 = EDGE_LOOP ( 'NONE', ( #1453, #942 ) ) ;
#917 = CARTESIAN_POINT ( 'NONE',  ( 691.3622725493472672, 944.0573669561666748, 40.00000000000000000 ) ) ;
#918 = EDGE_CURVE ( 'NONE', #448, #698, #943, .T. ) ;
#919 = DIRECTION ( 'NONE',  ( -0.000000000000000000, -0.000000000000000000, -1.000000000000000000 ) ) ;
#920 = CIRCLE ( 'NONE', #2102, 5.000000000000115463 ) ;
#921 = ADVANCED_FACE ( 'NONE', ( #1565 ), #746, .F. ) ;
#922 = AXIS2_PLACEMENT_3D ( 'NONE', #1627, #138, #287 ) ;
#923 = DIRECTION ( 'NONE',  ( 0.000000000000000000, 0.000000000000000000, 1.000000000000000000 ) ) ;
#924 = ORIENTED_EDGE ( 'NONE', *, *, #763, .T. ) ;
#925 = CARTESIAN_POINT ( 'NONE',  ( 748.8622725493455619, 846.5573669561657653, 40.00000000000000000 ) ) ;
#926 = CIRCLE ( 'NONE', #1915, 5.000000000000004441 ) ;
#927 = VERTEX_POINT ( 'NONE', #1459 ) ;
#928 = DIRECTION ( 'NONE',  ( 0.000000000000000000, 0.000000000000000000, 1.000000000000000000 ) ) ;
#929 = AXIS2_PLACEMENT_3D ( 'NONE', #1503, #1528, #194 ) ;
#930 = EDGE_CURVE ( 'NONE', #1665, #861, #1513, .T. ) ;
#931 = DIRECTION ( 'NONE',  ( 1.000000000000000000, 0.000000000000000000, 0.000000000000000000 ) ) ;
#932 = ADVANCED_FACE ( 'NONE', ( #1121 ), #1799, .T. ) ;
#933 = PLANE ( 'NONE',  #1806 ) ;
#934 = EDGE_LOOP ( 'NONE', ( #2093, #229, #773, #1392 ) ) ;
#935 = ORIENTED_EDGE ( 'NONE', *, *, #1524, .F. ) ;
#936 = CARTESIAN_POINT ( 'NONE',  ( 748.8622725493456755, 946.5573669561657653, 42.00000000000000000 ) ) ;
#937 = ORIENTED_EDGE ( 'NONE', *, *, #1192, .F. ) ;
#938 = DIRECTION ( 'NONE',  ( 1.000000000000000000, 0.000000000000000000, -0.000000000000000000 ) ) ;
#939 = CYLINDRICAL_SURFACE ( 'NONE', #508, 2.500000000000057732 ) ;
#940 = EDGE_CURVE ( 'NONE', #813, #1879, #641, .T. ) ;
#941 = APPROVAL_STATUS ( 'not_yet_approved' ) ;
#942 = ORIENTED_EDGE ( 'NONE', *, *, #1166, .T. ) ;
#943 = LINE ( 'NONE', #1750, #312 ) ;
#944 = VERTEX_POINT ( 'NONE', #1779 ) ;
#945 = DIRECTION ( 'NONE',  ( -0.000000000000000000, -0.000000000000000000, -1.000000000000000000 ) ) ;
#946 = EDGE_LOOP ( 'NONE', ( #1054, #655 ) ) ;
#947 = PLANE ( 'NONE',  #166 ) ;
#948 = AXIS2_PLACEMENT_3D ( 'NONE', #1664, #869, #705 ) ;
#949 = DIRECTION ( 'NONE',  ( 1.000000000000000000, 0.000000000000000000, -0.000000000000000000 ) ) ;
#950 = VECTOR ( 'NONE', #13, 1000.000000000000000 ) ;
#951 = ORIENTED_EDGE ( 'NONE', *, *, #50, .T. ) ;
#952 = CARTESIAN_POINT ( 'NONE',  ( 738.8622725493473808, 849.0573669561645147, 40.00000000000000000 ) ) ;
#953 = APPROVAL_PERSON_ORGANIZATION ( #601, #1416, #1274 ) ;
#954 = EDGE_CURVE ( 'NONE', #1486, #633, #653, .T. ) ;
#955 = PERSON ( 'UNSPECIFIED', 'UNSPECIFIED', 'UNSPECIFIED', ('UNSPECIFIED'), ('UNSPECIFIED'), ('UNSPECIFIED') ) ;
#956 = CIRCLE ( 'NONE', #39, 5.000000000000115463 ) ;
#957 = CARTESIAN_POINT ( 'NONE',  ( 738.8213949204392748, 944.0806844346170692, 40.00000000000000000 ) ) ;
#958 = ADVANCED_FACE ( 'NONE', ( #1144 ), #1643, .F. ) ;
#959 = VECTOR ( 'NONE', #713, 1000.000000000000000 ) ;
#960 = VERTEX_POINT ( 'NONE', #462 ) ;
#961 = ORIENTED_EDGE ( 'NONE', *, *, #842, .F. ) ;
#962 = DIRECTION ( 'NONE',  ( 0.000000000000000000, 0.000000000000000000, 1.000000000000000000 ) ) ;
#963 = AXIS2_PLACEMENT_3D ( 'NONE', #26, #1171, #1825 ) ;
#964 = FACE_BOUND ( 'NONE', #2086, .T. ) ;
#965 = VERTEX_POINT ( 'NONE', #1297 ) ;
#966 = CARTESIAN_POINT ( 'NONE',  ( 734.8657170451571119, 925.0573669561657653, 40.00000000000000000 ) ) ;
#967 = CYLINDRICAL_SURFACE ( 'NONE', #1228, 2.500000000000057732 ) ;
#968 = ORIENTED_EDGE ( 'NONE', *, *, #357, .T. ) ;
#969 = FACE_OUTER_BOUND ( 'NONE', #1451, .T. ) ;
#970 = EDGE_CURVE ( 'NONE', #1757, #547, #1165, .T. ) ;
#971 = EDGE_LOOP ( 'NONE', ( #1530, #1225, #1951, #937 ) ) ;
#972 = CARTESIAN_POINT ( 'NONE',  ( 643.8622725493455619, 951.5573669561658789, 40.00000000000000000 ) ) ;
#973 = CARTESIAN_POINT ( 'NONE',  ( 643.8622725493455619, 846.5573669561657653, 0.000000000000000000 ) ) ;
#974 = DIRECTION ( 'NONE',  ( 0.000000000000000000, -1.000000000000000000, 0.000000000000000000 ) ) ;
#975 = ORIENTED_EDGE ( 'NONE', *, *, #1997, .F. ) ;
#976 = CARTESIAN_POINT ( 'NONE',  ( 738.8622725493473808, 849.0573669561645147, 0.000000000000000000 ) ) ;
#977 = FACE_OUTER_BOUND ( 'NONE', #1537, .T. ) ;
#978 = VERTEX_POINT ( 'NONE', #2090 ) ;
#979 = DIRECTION ( 'NONE',  ( -0.000000000000000000, -0.000000000000000000, -1.000000000000000000 ) ) ;
#980 = VERTEX_POINT ( 'NONE', #483 ) ;
#981 = DIRECTION ( 'NONE',  ( -0.000000000000000000, -0.000000000000000000, -1.000000000000000000 ) ) ;
#982 = CARTESIAN_POINT ( 'NONE',  ( 738.8622725493473808, 849.0573669561645147, 40.00000000000000000 ) ) ;
#983 = ADVANCED_FACE ( 'NONE', ( #6 ), #1285, .F. ) ;
#984 = CYLINDRICAL_SURFACE ( 'NONE', #1739, 5.000000000000004441 ) ;
#985 = EDGE_CURVE ( 'NONE', #1862, #510, #1305, .T. ) ;
#986 = VECTOR ( 'NONE', #1500, 1000.000000000000000 ) ;
#987 = ORIENTED_EDGE ( 'NONE', *, *, #1557, .T. ) ;
#988 = DIRECTION ( 'NONE',  ( -0.000000000000000000, -0.000000000000000000, -1.000000000000000000 ) ) ;
#989 = CIRCLE ( 'NONE', #105, 4.000000000000003553 ) ;
#990 = CARTESIAN_POINT ( 'NONE',  ( 656.8657170451572256, 929.0573669561657653, 42.00000000000000000 ) ) ;
#991 = ORIENTED_EDGE ( 'NONE', *, *, #1845, .T. ) ;
#992 = CARTESIAN_POINT ( 'NONE',  ( 734.8657170451571119, 868.0573669561658789, 42.00000000000000000 ) ) ;
#993 = VECTOR ( 'NONE', #1226, 1000.000000000000000 ) ;
#994 = ORIENTED_EDGE ( 'NONE', *, *, #1932, .F. ) ;
#995 = FACE_OUTER_BOUND ( 'NONE', #1325, .T. ) ;
#996 = AXIS2_PLACEMENT_3D ( 'NONE', #507, #2092, #1137 ) ;
#997 = CIRCLE ( 'NONE', #346, 2.500000000000057732 ) ;
#998 = EDGE_CURVE ( 'NONE', #1542, #424, #1000, .T. ) ;
#999 = DIRECTION ( 'NONE',  ( -0.000000000000000000, -0.000000000000000000, -1.000000000000000000 ) ) ;
#1000 = CIRCLE ( 'NONE', #1441, 2.500000000000057732 ) ;
#1001 = ADVANCED_FACE ( 'NONE', ( #1484 ), #781, .F. ) ;
#1002 = VERTEX_POINT ( 'NONE', #1620 ) ;
#1003 = CARTESIAN_POINT ( 'NONE',  ( 643.8622725493455619, 841.5573669561657653, 42.00000000000000000 ) ) ;
#1004 = DIRECTION ( 'NONE',  ( -0.000000000000000000, -0.000000000000000000, -1.000000000000000000 ) ) ;
#1005 = ORIENTED_EDGE ( 'NONE', *, *, #970, .T. ) ;
#1006 = CARTESIAN_POINT ( 'NONE',  ( 748.8622725493455619, 846.5573669561657653, 42.00000000000000000 ) ) ;
#1007 = ORIENTED_EDGE ( 'NONE', *, *, #1107, .F. ) ;
#1008 = LINE ( 'NONE', #321, #1746 ) ;
#1009 = CARTESIAN_POINT ( 'NONE',  ( 656.8657170451572256, 864.0573669561658789, 42.00000000000000000 ) ) ;
#1010 = ORIENTED_EDGE ( 'NONE', *, *, #2024, .F. ) ;
#1011 = CARTESIAN_POINT ( 'NONE',  ( 652.8657170451571119, 868.0573669561658789, 0.000000000000000000 ) ) ;
#1012 = EDGE_CURVE ( 'NONE', #1625, #1186, #504, .T. ) ;
#1013 = DIRECTION ( 'NONE',  ( 1.000000000000000000, 0.000000000000000000, 0.000000000000000000 ) ) ;
#1014 = ORIENTED_EDGE ( 'NONE', *, *, #111, .F. ) ;
#1015 = FACE_BOUND ( 'NONE', #2025, .T. ) ;
#1016 = EDGE_CURVE ( 'NONE', #1662, #635, #1471, .T. ) ;
#1017 = VERTEX_POINT ( 'NONE', #1811 ) ;
#1018 = CYLINDRICAL_SURFACE ( 'NONE', #649, 5.000000000000004441 ) ;
#1019 = EDGE_LOOP ( 'NONE', ( #455, #1426, #184, #1586, #576, #1526, #924, #1280 ) ) ;
#1020 = CARTESIAN_POINT ( 'NONE',  ( 730.8657170451571119, 868.0573669561658789, 42.00000000000000000 ) ) ;
#1021 = PERSON_AND_ORGANIZATION ( #955, #410 ) ;
#1022 = ORIENTED_EDGE ( 'NONE', *, *, #34, .F. ) ;
#1023 = EDGE_CURVE ( 'NONE', #89, #38, #349, .T. ) ;
#1024 = CARTESIAN_POINT ( 'NONE',  ( 643.8622725493455619, 951.5573669561658789, 0.000000000000000000 ) ) ;
#1025 = ORIENTED_EDGE ( 'NONE', *, *, #255, .F. ) ;
#1026 = EDGE_CURVE ( 'NONE', #226, #1924, #690, .T. ) ;
#1027 = CARTESIAN_POINT ( 'NONE',  ( 693.8622725493524968, 849.0573669561667884, 42.00000000000000000 ) ) ;
#1028 = SECURITY_CLASSIFICATION ( '', '', #1419 ) ;
#1029 = DIRECTION ( 'NONE',  ( -1.000000000000000000, 0.000000000000000000, 0.000000000000000000 ) ) ;
#1030 = CIRCLE ( 'NONE', #859, 2.585039772018404847 ) ;
#1031 = ORIENTED_EDGE ( 'NONE', *, *, #784, .F. ) ;
#1032 = CARTESIAN_POINT ( 'NONE',  ( 656.3622725493472672, 944.0573669561666748, 40.00000000000000000 ) ) ;
#1033 = CIRCLE ( 'NONE', #654, 4.000000000000003553 ) ;
#1034 = LINE ( 'NONE', #1676, #204 ) ;
#1035 = VERTEX_POINT ( 'NONE', #721 ) ;
#1036 = FACE_OUTER_BOUND ( 'NONE', #1420, .T. ) ;
#1037 = EDGE_LOOP ( 'NONE', ( #1785, #791, #1220, #1386 ) ) ;
#1038 = DIRECTION ( 'NONE',  ( 1.000000000000000000, 0.000000000000000000, 0.000000000000000000 ) ) ;
#1039 = EDGE_CURVE ( 'NONE', #1143, #1002, #206, .T. ) ;
#1040 = CARTESIAN_POINT ( 'NONE',  ( 643.8622725493455619, 841.5573669561657653, 0.000000000000000000 ) ) ;
#1041 = ORIENTED_EDGE ( 'NONE', *, *, #1823, .F. ) ;
#1042 = CARTESIAN_POINT ( 'NONE',  ( 730.8657170451571119, 929.0573669561657653, 40.00000000000000000 ) ) ;
#1043 = FACE_OUTER_BOUND ( 'NONE', #2055, .T. ) ;
#1044 = ORIENTED_EDGE ( 'NONE', *, *, #1428, .T. ) ;
#1045 = DIRECTION ( 'NONE',  ( -0.000000000000000000, -0.000000000000000000, -1.000000000000000000 ) ) ;
#1046 = ORIENTED_EDGE ( 'NONE', *, *, #1784, .T. ) ;
#1047 = DIRECTION ( 'NONE',  ( -1.000000000000000000, 0.000000000000000000, 0.000000000000000000 ) ) ;
#1048 = EDGE_CURVE ( 'NONE', #715, #645, #313, .T. ) ;
#1049 = CARTESIAN_POINT ( 'NONE',  ( 730.8657170451571119, 864.0573669561658789, 42.00000000000000000 ) ) ;
#1050 = ORIENTED_EDGE ( 'NONE', *, *, #360, .F. ) ;
#1051 = EDGE_CURVE ( 'NONE', #393, #167, #1697, .T. ) ;
#1052 = DIRECTION ( 'NONE',  ( -0.000000000000000000, -0.000000000000000000, -1.000000000000000000 ) ) ;
#1053 = FACE_OUTER_BOUND ( 'NONE', #563, .T. ) ;
#1054 = ORIENTED_EDGE ( 'NONE', *, *, #214, .T. ) ;
#1055 = LINE ( 'NONE', #381, #959 ) ;
#1056 = DIRECTION ( 'NONE',  ( 1.000000000000000000, 0.000000000000000000, 0.000000000000000000 ) ) ;
#1057 = ORIENTED_EDGE ( 'NONE', *, *, #20, .T. ) ;
#1058 = CARTESIAN_POINT ( 'NONE',  ( 693.8622725493472672, 944.0573669561666748, 40.00000000000000000 ) ) ;
#1059 = AXIS2_PLACEMENT_3D ( 'NONE', #1141, #1465, #459 ) ;
#1060 = FACE_BOUND ( 'NONE', #1019, .T. ) ;
#1061 = CC_DESIGN_PERSON_AND_ORGANIZATION_ASSIGNMENT ( #1021, #538, ( #723 ) ) ;
#1062 = EDGE_LOOP ( 'NONE', ( #2097, #334, #1601, #1402 ) ) ;
#1063 = CARTESIAN_POINT ( 'NONE',  ( 653.8622725493472672, 944.0573669561666748, 40.00000000000000000 ) ) ;
#1064 = CIRCLE ( 'NONE', #1608, 2.585039772018404847 ) ;
#1065 = EDGE_CURVE ( 'NONE', #1488, #305, #1515, .T. ) ;
#1066 = DIRECTION ( 'NONE',  ( 0.000000000000000000, -1.000000000000000000, 0.000000000000000000 ) ) ;
#1067 = ORIENTED_EDGE ( 'NONE', *, *, #227, .F. ) ;
#1068 = FACE_OUTER_BOUND ( 'NONE', #86, .T. ) ;
#1069 = AXIS2_PLACEMENT_3D ( 'NONE', #600, #1901, #1562 ) ;
#1070 = ORIENTED_EDGE ( 'NONE', *, *, #537, .F. ) ;
#1071 = LINE ( 'NONE', #598, #1683 ) ;
#1072 = DIRECTION ( 'NONE',  ( -1.000000000000000000, 0.000000000000000000, 0.000000000000000000 ) ) ;
#1073 = DIRECTION ( 'NONE',  ( -1.000000000000000000, 0.000000000000000000, 0.000000000000000000 ) ) ;
#1074 = EDGE_LOOP ( 'NONE', ( #1908, #125 ) ) ;
#1075 = DIRECTION ( 'NONE',  ( -0.000000000000000000, -0.000000000000000000, -1.000000000000000000 ) ) ;
#1076 = ADVANCED_FACE ( 'NONE', ( #1363 ), #862, .F. ) ;
#1077 = ORIENTED_EDGE ( 'NONE', *, *, #1872, .T. ) ;
#1078 = DIRECTION ( 'NONE',  ( -0.000000000000000000, -0.000000000000000000, -1.000000000000000000 ) ) ;
#1079 = CARTESIAN_POINT ( 'NONE',  ( 643.8622725493455619, 841.5573669561657653, 40.00000000000000000 ) ) ;
#1080 = COORDINATED_UNIVERSAL_TIME_OFFSET ( 3, 0, .BEHIND. ) ;
#1081 = VERTEX_POINT ( 'NONE', #1378 ) ;
#1082 = CARTESIAN_POINT ( 'NONE',  ( 738.8622725493473808, 849.0573669561645147, 42.00000000000000000 ) ) ;
#1083 = ADVANCED_FACE ( 'NONE', ( #1187 ), #398, .T. ) ;
#1084 = VERTEX_POINT ( 'NONE', #1999 ) ;
#1085 = VECTOR ( 'NONE', #1535, 1000.000000000000000 ) ;
#1086 = EDGE_CURVE ( 'NONE', #1865, #1210, #847, .T. ) ;
#1087 = DIRECTION ( 'NONE',  ( -1.000000000000000000, 0.000000000000000000, 0.000000000000000000 ) ) ;
#1088 = AXIS2_PLACEMENT_3D ( 'NONE', #82, #1560, #249 ) ;
#1089 = CARTESIAN_POINT ( 'NONE',  ( 656.8657170451572256, 864.0573669561658789, 42.00000000000000000 ) ) ;
#1090 = AXIS2_PLACEMENT_3D ( 'NONE', #72, #725, #1708 ) ;
#1091 = CIRCLE ( 'NONE', #2, 2.500000000000057732 ) ;
#1092 = ORIENTED_EDGE ( 'NONE', *, *, #557, .F. ) ;
#1093 = CARTESIAN_POINT ( 'NONE',  ( 734.8657170451571119, 868.0573669561658789, 0.000000000000000000 ) ) ;
#1094 = VECTOR ( 'NONE', #10, 1000.000000000000000 ) ;
#1095 = ORIENTED_EDGE ( 'NONE', *, *, #495, .F. ) ;
#1096 = CARTESIAN_POINT ( 'NONE',  ( 736.3622725493472672, 849.0573669561645147, 0.000000000000000000 ) ) ;
#1097 = EDGE_CURVE ( 'NONE', #1766, #1279, #518, .T. ) ;
#1098 = ORIENTED_EDGE ( 'NONE', *, *, #200, .T. ) ;
#1099 = CARTESIAN_POINT ( 'NONE',  ( 741.3622725493473808, 849.0573669561645147, 40.00000000000000000 ) ) ;
#1100 = EDGE_CURVE ( 'NONE', #432, #1237, #872, .T. ) ;
#1101 = DIRECTION ( 'NONE',  ( -1.000000000000000000, 0.000000000000000000, 0.000000000000000000 ) ) ;
#1102 = DIRECTION ( 'NONE',  ( 0.000000000000000000, -1.000000000000000000, 0.000000000000000000 ) ) ;
#1103 = VERTEX_POINT ( 'NONE', #185 ) ;
#1104 = CARTESIAN_POINT ( 'NONE',  ( 691.3622725493472672, 944.0573669561666748, 40.00000000000000000 ) ) ;
#1105 = LINE ( 'NONE', #1433, #1943 ) ;
#1106 = PLANE ( 'NONE',  #1333 ) ;
#1107 = EDGE_CURVE ( 'NONE', #1120, #1533, #248, .T. ) ;
#1108 = DIRECTION ( 'NONE',  ( 1.000000000000000000, 0.000000000000000000, 0.000000000000000000 ) ) ;
#1109 = PERSON_AND_ORGANIZATION_ROLE ( 'creator' ) ;
#1110 = VERTEX_POINT ( 'NONE', #837 ) ;
#1111 = DIRECTION ( 'NONE',  ( -0.000000000000000000, -0.000000000000000000, -1.000000000000000000 ) ) ;
#1112 = ORIENTED_EDGE ( 'NONE', *, *, #372, .T. ) ;
#1113 = LINE ( 'NONE', #1770, #1094 ) ;
#1114 = EDGE_LOOP ( 'NONE', ( #262, #843, #492, #694 ) ) ;
#1115 = ORIENTED_EDGE ( 'NONE', *, *, #200, .F. ) ;
#1116 = FACE_BOUND ( 'NONE', #250, .T. ) ;
#1117 = VECTOR ( 'NONE', #911, 1000.000000000000000 ) ;
#1118 = LINE ( 'NONE', #2078, #33 ) ;
#1119 = AXIS2_PLACEMENT_3D ( 'NONE', #1473, #1948, #153 ) ;
#1120 = VERTEX_POINT ( 'NONE', #1990 ) ;
#1121 = FACE_OUTER_BOUND ( 'NONE', #2033, .T. ) ;
#1122 = VECTOR ( 'NONE', #1967, 1000.000000000000000 ) ;
#1123 = EDGE_CURVE ( 'NONE', #1103, #1935, #1033, .T. ) ;
#1124 = ORIENTED_EDGE ( 'NONE', *, *, #1354, .T. ) ;
#1125 = DIRECTION ( 'NONE',  ( -0.000000000000000000, -0.000000000000000000, -1.000000000000000000 ) ) ;
#1126 = CIRCLE ( 'NONE', #244, 5.000000000000004441 ) ;
#1127 = AXIS2_PLACEMENT_3D ( 'NONE', #1390, #104, #1427 ) ;
#1128 = ORIENTED_EDGE ( 'NONE', *, *, #604, .F. ) ;
#1129 = DIRECTION ( 'NONE',  ( 1.000000000000000000, 0.000000000000000000, 0.000000000000000000 ) ) ;
#1130 = FACE_OUTER_BOUND ( 'NONE', #116, .T. ) ;
#1131 = AXIS2_PLACEMENT_3D ( 'NONE', #1180, #1666, #1833 ) ;
#1132 = CARTESIAN_POINT ( 'NONE',  ( 730.8657170451571119, 868.0573669561658789, 40.00000000000000000 ) ) ;
#1133 = EDGE_LOOP ( 'NONE', ( #1651, #632, #1399, #2044 ) ) ;
#1134 = DIRECTION ( 'NONE',  ( 0.000000000000000000, 0.000000000000000000, 1.000000000000000000 ) ) ;
#1135 = CARTESIAN_POINT ( 'NONE',  ( 734.8657170451571119, 868.0573669561658789, 42.00000000000000000 ) ) ;
#1136 = ORIENTED_EDGE ( 'NONE', *, *, #1860, .T. ) ;
#1137 = DIRECTION ( 'NONE',  ( 1.000000000000000000, 0.000000000000000000, 0.000000000000000000 ) ) ;
#1138 = EDGE_LOOP ( 'NONE', ( #1660, #877, #1044, #1443 ) ) ;
#1139 = ADVANCED_FACE ( 'NONE', ( #1211 ), #60, .F. ) ;
#1140 = DIRECTION ( 'NONE',  ( -0.000000000000000000, -0.000000000000000000, -1.000000000000000000 ) ) ;
#1141 = CARTESIAN_POINT ( 'NONE',  ( 643.8622725493455619, 841.5573669561657653, 40.00000000000000000 ) ) ;
#1142 = DIRECTION ( 'NONE',  ( 0.000000000000000000, 0.000000000000000000, 1.000000000000000000 ) ) ;
#1143 = VERTEX_POINT ( 'NONE', #359 ) ;
#1144 = FACE_OUTER_BOUND ( 'NONE', #1158, .T. ) ;
#1145 = CARTESIAN_POINT ( 'NONE',  ( 652.8657170451571119, 925.0573669561657653, 40.00000000000000000 ) ) ;
#1146 = ORIENTED_EDGE ( 'NONE', *, *, #264, .F. ) ;
#1147 = CARTESIAN_POINT ( 'NONE',  ( 696.3622725493473808, 944.0573669561666748, 40.00000000000000000 ) ) ;
#1148 = CC_DESIGN_PERSON_AND_ORGANIZATION_ASSIGNMENT ( #261, #431, ( #1435 ) ) ;
#1149 = ORIENTED_EDGE ( 'NONE', *, *, #737, .T. ) ;
#1150 = DIRECTION ( 'NONE',  ( -1.000000000000000000, 0.000000000000000000, 0.000000000000000000 ) ) ;
#1151 = CARTESIAN_POINT ( 'NONE',  ( 653.8622725493472672, 944.0573669561666748, 42.00000000000000000 ) ) ;
#1152 = CARTESIAN_POINT ( 'NONE',  ( 638.8622725493455619, 946.5573669561657653, 40.00000000000000000 ) ) ;
#1153 = AXIS2_PLACEMENT_3D ( 'NONE', #1221, #1873, #409 ) ;
#1154 = ORIENTED_EDGE ( 'NONE', *, *, #1369, .T. ) ;
#1155 = CIRCLE ( 'NONE', #1227, 2.500000000000057732 ) ;
#1156 = DIRECTION ( 'NONE',  ( 0.000000000000000000, 0.000000000000000000, 1.000000000000000000 ) ) ;
#1157 = CC_DESIGN_APPROVAL ( #342, ( #1435 ) ) ;
#1158 = EDGE_LOOP ( 'NONE', ( #2010, #1351, #1917, #907 ) ) ;
#1159 = DIRECTION ( 'NONE',  ( 1.000000000000000000, 0.000000000000000000, 0.000000000000000000 ) ) ;
#1160 = CIRCLE ( 'NONE', #722, 2.500000000000057732 ) ;
#1161 = VERTEX_POINT ( 'NONE', #1011 ) ;
#1162 = CARTESIAN_POINT ( 'NONE',  ( 643.8622725493455619, 841.5573669561657653, 42.00000000000000000 ) ) ;
#1163 = VECTOR ( 'NONE', #1661, 1000.000000000000000 ) ;
#1164 = CARTESIAN_POINT ( 'NONE',  ( 656.3622725493472672, 944.0573669561666748, 42.00000000000000000 ) ) ;
#1165 = CIRCLE ( 'NONE', #450, 2.500000000000057732 ) ;
#1166 = EDGE_CURVE ( 'NONE', #978, #980, #45, .T. ) ;
#1167 = LINE ( 'NONE', #697, #1330 ) ;
#1168 = CIRCLE ( 'NONE', #1201, 4.000000000000003553 ) ;
#1169 = ORIENTED_EDGE ( 'NONE', *, *, #551, .F. ) ;
#1170 = EDGE_CURVE ( 'NONE', #1594, #393, #1852, .T. ) ;
#1171 = DIRECTION ( 'NONE',  ( -0.000000000000000000, -0.000000000000000000, -1.000000000000000000 ) ) ;
#1172 = CYLINDRICAL_SURFACE ( 'NONE', #1807, 2.500000000000057732 ) ;
#1173 = VERTEX_POINT ( 'NONE', #1042 ) ;
#1174 = DIRECTION ( 'NONE',  ( 0.000000000000000000, 0.000000000000000000, 1.000000000000000000 ) ) ;
#1175 = EDGE_LOOP ( 'NONE', ( #496, #319, #212, #1264 ) ) ;
#1176 = DIRECTION ( 'NONE',  ( 0.000000000000000000, 0.000000000000000000, 1.000000000000000000 ) ) ;
#1177 = DIRECTION ( 'NONE',  ( 0.000000000000000000, 0.000000000000000000, 1.000000000000000000 ) ) ;
#1178 = ADVANCED_FACE ( 'NONE', ( #882 ), #1538, .F. ) ;
#1179 = ORIENTED_EDGE ( 'NONE', *, *, #1872, .F. ) ;
#1180 = CARTESIAN_POINT ( 'NONE',  ( 693.8622725493472672, 944.0573669561666748, 0.000000000000000000 ) ) ;
#1181 = CARTESIAN_POINT ( 'NONE',  ( 648.8622725493471535, 849.0573669561667884, 42.00000000000000000 ) ) ;
#1182 = EDGE_LOOP ( 'NONE', ( #1567, #1010, #434, #883 ) ) ;
#1183 = LINE ( 'NONE', #1531, #1438 ) ;
#1184 = VERTEX_POINT ( 'NONE', #281 ) ;
#1185 = LINE ( 'NONE', #1372, #478 ) ;
#1186 = VERTEX_POINT ( 'NONE', #771 ) ;
#1187 = FACE_OUTER_BOUND ( 'NONE', #352, .T. ) ;
#1188 = DATE_TIME_ROLE ( 'creation_date' ) ;
#1189 = ORIENTED_EDGE ( 'NONE', *, *, #344, .F. ) ;
#1190 = DIRECTION ( 'NONE',  ( 0.000000000000000000, 1.000000000000000000, 0.000000000000000000 ) ) ;
#1191 = AXIS2_PLACEMENT_3D ( 'NONE', #1089, #1581, #1727 ) ;
#1192 = EDGE_CURVE ( 'NONE', #1958, #380, #905, .T. ) ;
#1193 = CIRCLE ( 'NONE', #1258, 2.500000000000057732 ) ;
#1194 = EDGE_LOOP ( 'NONE', ( #818, #1949 ) ) ;
#1195 = LOCAL_TIME ( 10, 15, 27.00000000000000000, #1262 ) ;
#1196 = CIRCLE ( 'NONE', #1847, 2.500000000000057732 ) ;
#1197 = LINE ( 'NONE', #1514, #1707 ) ;
#1198 = AXIS2_PLACEMENT_3D ( 'NONE', #318, #464, #646 ) ;
#1199 = ORIENTED_EDGE ( 'NONE', *, *, #1466, .F. ) ;
#1200 = DIRECTION ( 'NONE',  ( -0.000000000000000000, -0.000000000000000000, -1.000000000000000000 ) ) ;
#1201 = AXIS2_PLACEMENT_3D ( 'NONE', #610, #238, #1893 ) ;
#1202 = ORIENTED_EDGE ( 'NONE', *, *, #372, .F. ) ;
#1203 = DIRECTION ( 'NONE',  ( 0.000000000000000000, -0.000000000000000000, 1.000000000000000000 ) ) ;
#1204 = CARTESIAN_POINT ( 'NONE',  ( 693.8622725493524968, 849.0573669561667884, 40.00000000000000000 ) ) ;
#1205 = ADVANCED_FACE ( 'NONE', ( #734 ), #1425, .T. ) ;
#1206 = ORIENTED_EDGE ( 'NONE', *, *, #7, .F. ) ;
#1207 = DIRECTION ( 'NONE',  ( 0.000000000000000000, 0.000000000000000000, 1.000000000000000000 ) ) ;
#1208 = EDGE_CURVE ( 'NONE', #1429, #1277, #1720, .T. ) ;
#1209 = CARTESIAN_POINT ( 'NONE',  ( 743.8622725493455619, 946.5573669561657653, 40.00000000000000000 ) ) ;
#1210 = VERTEX_POINT ( 'NONE', #2067 ) ;
#1211 = FACE_OUTER_BOUND ( 'NONE', #1138, .T. ) ;
#1212 = PERSON_AND_ORGANIZATION_ROLE ( 'design_owner' ) ;
#1213 = ORIENTED_EDGE ( 'NONE', *, *, #1428, .F. ) ;
#1214 = DIRECTION ( 'NONE',  ( 1.000000000000000000, 0.000000000000000000, 0.000000000000000000 ) ) ;
#1215 = DIRECTION ( 'NONE',  ( 0.000000000000000000, 0.000000000000000000, 1.000000000000000000 ) ) ;
#1216 = ORIENTED_EDGE ( 'NONE', *, *, #557, .T. ) ;
#1217 = FACE_OUTER_BOUND ( 'NONE', #506, .T. ) ;
#1218 = DIRECTION ( 'NONE',  ( -0.000000000000000000, -0.000000000000000000, -1.000000000000000000 ) ) ;
#1219 = ADVANCED_FACE ( 'NONE', ( #2030 ), #743, .F. ) ;
#1220 = ORIENTED_EDGE ( 'NONE', *, *, #1869, .T. ) ;
#1221 = CARTESIAN_POINT ( 'NONE',  ( 738.8213949204392748, 944.0806844346170692, 42.00000000000000000 ) ) ;
#1222 = EDGE_LOOP ( 'NONE', ( #1502, #54, #766, #1837, #256, #914, #1296, #62 ) ) ;
#1223 = CARTESIAN_POINT ( 'NONE',  ( 743.8622725493455619, 951.5573669561658789, 0.000000000000000000 ) ) ;
#1224 = DIRECTION ( 'NONE',  ( -0.000000000000000000, -0.000000000000000000, -1.000000000000000000 ) ) ;
#1225 = ORIENTED_EDGE ( 'NONE', *, *, #114, .T. ) ;
#1226 = DIRECTION ( 'NONE',  ( -0.000000000000000000, -0.000000000000000000, -1.000000000000000000 ) ) ;
#1227 = AXIS2_PLACEMENT_3D ( 'NONE', #162, #2099, #1826 ) ;
#1228 = AXIS2_PLACEMENT_3D ( 'NONE', #1485, #1460, #1301 ) ;
#1229 = CARTESIAN_POINT ( 'NONE',  ( 653.8622725493472672, 944.0573669561666748, 42.00000000000000000 ) ) ;
#1230 = CIRCLE ( 'NONE', #719, 4.000000000000003553 ) ;
#1231 = CARTESIAN_POINT ( 'NONE',  ( 738.8622725493473808, 849.0573669561645147, 42.00000000000000000 ) ) ;
#1232 = AXIS2_PLACEMENT_3D ( 'NONE', #275, #108, #590 ) ;
#1233 = VECTOR ( 'NONE', #574, 1000.000000000000000 ) ;
#1234 = EDGE_CURVE ( 'NONE', #1173, #1103, #1747, .T. ) ;
#1235 = EDGE_LOOP ( 'NONE', ( #1306, #427 ) ) ;
#1236 = LINE ( 'NONE', #425, #141 ) ;
#1237 = VERTEX_POINT ( 'NONE', #2058 ) ;
#1238 = CARTESIAN_POINT ( 'NONE',  ( 743.8622725493455619, 951.5573669561658789, 40.00000000000000000 ) ) ;
#1239 = DIRECTION ( 'NONE',  ( -0.000000000000000000, -0.000000000000000000, -1.000000000000000000 ) ) ;
#1240 = DIRECTION ( 'NONE',  ( -1.000000000000000000, 0.000000000000000000, 0.000000000000000000 ) ) ;
#1241 = EDGE_CURVE ( 'NONE', #307, #89, #1413, .T. ) ;
#1242 = ORIENTED_EDGE ( 'NONE', *, *, #579, .T. ) ;
#1243 = CYLINDRICAL_SURFACE ( 'NONE', #895, 2.500000000000057732 ) ;
#1244 = EDGE_CURVE ( 'NONE', #1002, #1380, #761, .T. ) ;
#1245 = ORIENTED_EDGE ( 'NONE', *, *, #740, .T. ) ;
#1246 = FACE_OUTER_BOUND ( 'NONE', #836, .T. ) ;
#1247 = CARTESIAN_POINT ( 'NONE',  ( 730.8657170451571119, 864.0573669561658789, 40.00000000000000000 ) ) ;
#1248 = CARTESIAN_POINT ( 'NONE',  ( 743.8622725493455619, 951.5573669561658789, 42.00000000000000000 ) ) ;
#1249 = PERSON_AND_ORGANIZATION ( #955, #410 ) ;
#1250 = ORIENTED_EDGE ( 'NONE', *, *, #940, .T. ) ;
#1251 = EDGE_CURVE ( 'NONE', #2100, #1583, #481, .T. ) ;
#1252 = DIRECTION ( 'NONE',  ( -1.000000000000000000, 0.000000000000000000, 0.000000000000000000 ) ) ;
#1253 = ORIENTED_EDGE ( 'NONE', *, *, #495, .T. ) ;
#1254 = EDGE_CURVE ( 'NONE', #1186, #1829, #1168, .T. ) ;
#1255 = DIRECTION ( 'NONE',  ( 1.000000000000000000, 0.000000000000000000, 0.000000000000000000 ) ) ;
#1256 = DIRECTION ( 'NONE',  ( 1.000000000000000000, 0.000000000000000000, 0.000000000000000000 ) ) ;
#1257 = FACE_OUTER_BOUND ( 'NONE', #154, .T. ) ;
#1258 = AXIS2_PLACEMENT_3D ( 'NONE', #1204, #64, #1973 ) ;
#1259 = APPROVAL_PERSON_ORGANIZATION ( #290, #342, #1728 ) ;
#1260 = CARTESIAN_POINT ( 'NONE',  ( 643.8622725493455619, 951.5573669561658789, 42.00000000000000000 ) ) ;
#1261 = AXIS2_PLACEMENT_3D ( 'NONE', #237, #891, #93 ) ;
#1262 = COORDINATED_UNIVERSAL_TIME_OFFSET ( 3, 0, .BEHIND. ) ;
#1263 = AXIS2_PLACEMENT_3D ( 'NONE', #55, #1190, #1203 ) ;
#1264 = ORIENTED_EDGE ( 'NONE', *, *, #1498, .T. ) ;
#1265 = LINE ( 'NONE', #1223, #824 ) ;
#1266 = ORIENTED_EDGE ( 'NONE', *, *, #132, .F. ) ;
#1267 = PLANE ( 'NONE',  #40 ) ;
#1268 = AXIS2_PLACEMENT_3D ( 'NONE', #440, #293, #263 ) ;
#1269 = EDGE_CURVE ( 'NONE', #866, #1237, #1685, .T. ) ;
#1270 = ORIENTED_EDGE ( 'NONE', *, *, #828, .F. ) ;
#1271 = FACE_OUTER_BOUND ( 'NONE', #1888, .T. ) ;
#1272 = EDGE_CURVE ( 'NONE', #944, #1844, #1481, .T. ) ;
#1273 = FACE_BOUND ( 'NONE', #759, .T. ) ;
#1274 = APPROVAL_ROLE ( '' ) ;
#1275 = ORIENTED_EDGE ( 'NONE', *, *, #288, .F. ) ;
#1276 = CARTESIAN_POINT ( 'NONE',  ( 738.8622725493473808, 849.0573669561645147, 40.00000000000000000 ) ) ;
#1277 = VERTEX_POINT ( 'NONE', #1260 ) ;
#1278 = DIRECTION ( 'NONE',  ( 1.000000000000000000, 0.000000000000000000, 0.000000000000000000 ) ) ;
#1279 = VERTEX_POINT ( 'NONE', #2038 ) ;
#1280 = ORIENTED_EDGE ( 'NONE', *, *, #594, .T. ) ;
#1281 = ADVANCED_FACE ( 'NONE', ( #1735 ), #422, .T. ) ;
#1282 = FACE_BOUND ( 'NONE', #358, .T. ) ;
#1283 = ADVANCED_FACE ( 'NONE', ( #1706 ), #933, .F. ) ;
#1284 = ORIENTED_EDGE ( 'NONE', *, *, #396, .F. ) ;
#1285 = CYLINDRICAL_SURFACE ( 'NONE', #247, 2.500000000000057732 ) ;
#1286 = ORIENTED_EDGE ( 'NONE', *, *, #799, .F. ) ;
#1287 = DIRECTION ( 'NONE',  ( -0.000000000000000000, -0.000000000000000000, -1.000000000000000000 ) ) ;
#1288 = ADVANCED_BREP_SHAPE_REPRESENTATION ( 'Pieza4^Felko', ( #578, #1970, #1090 ), #1577 ) ;
#1289 = ORIENTED_EDGE ( 'NONE', *, *, #1269, .F. ) ;
#1290 = DIRECTION ( 'NONE',  ( 1.000000000000000000, 0.000000000000000000, 0.000000000000000000 ) ) ;
#1291 = CYLINDRICAL_SURFACE ( 'NONE', #2070, 5.000000000000004441 ) ;
#1292 = CIRCLE ( 'NONE', #165, 2.500000000000057732 ) ;
#1293 = CARTESIAN_POINT ( 'NONE',  ( 652.8657170451571119, 925.0573669561657653, 0.000000000000000000 ) ) ;
#1294 = AXIS2_PLACEMENT_3D ( 'NONE', #128, #1447, #2066 ) ;
#1295 = ADVANCED_FACE ( 'NONE', ( #84 ), #571, .F. ) ;
#1296 = ORIENTED_EDGE ( 'NONE', *, *, #706, .F. ) ;
#1297 = CARTESIAN_POINT ( 'NONE',  ( 652.8657170451571119, 868.0573669561658789, 40.00000000000000000 ) ) ;
#1298 = AXIS2_PLACEMENT_3D ( 'NONE', #1518, #572, #1563 ) ;
#1299 = EDGE_CURVE ( 'NONE', #1749, #1871, #1539, .T. ) ;
#1300 = AXIS2_PLACEMENT_3D ( 'NONE', #168, #1489, #1129 ) ;
#1301 = DIRECTION ( 'NONE',  ( -1.000000000000000000, 0.000000000000000000, 0.000000000000000000 ) ) ;
#1302 = ORIENTED_EDGE ( 'NONE', *, *, #2014, .F. ) ;
#1303 = DIRECTION ( 'NONE',  ( 0.000000000000000000, 1.000000000000000000, 0.000000000000000000 ) ) ;
#1304 = AXIS2_PLACEMENT_3D ( 'NONE', #233, #201, #1547 ) ;
#1305 = CIRCLE ( 'NONE', #1916, 2.500000000000057732 ) ;
#1306 = ORIENTED_EDGE ( 'NONE', *, *, #48, .T. ) ;
#1307 = CARTESIAN_POINT ( 'NONE',  ( 730.8657170451571119, 925.0573669561657653, 0.000000000000000000 ) ) ;
#1308 = FACE_OUTER_BOUND ( 'NONE', #370, .T. ) ;
#1309 = VECTOR ( 'NONE', #16, 1000.000000000000000 ) ;
#1310 = FACE_OUTER_BOUND ( 'NONE', #832, .T. ) ;
#1311 = VERTEX_POINT ( 'NONE', #289 ) ;
#1312 = CARTESIAN_POINT ( 'NONE',  ( 730.8657170451571119, 868.0573669561658789, 40.00000000000000000 ) ) ;
#1313 = ADVANCED_FACE ( 'NONE', ( #652 ), #800, .T. ) ;
#1314 = CARTESIAN_POINT ( 'NONE',  ( 656.8657170451572256, 868.0573669561658789, 40.00000000000000000 ) ) ;
#1315 = ORIENTED_EDGE ( 'NONE', *, *, #1628, .F. ) ;
#1316 = EDGE_CURVE ( 'NONE', #314, #635, #140, .T. ) ;
#1317 = ORIENTED_EDGE ( 'NONE', *, *, #1364, .T. ) ;
#1318 = CYLINDRICAL_SURFACE ( 'NONE', #2015, 4.000000000000003553 ) ;
#1319 = CARTESIAN_POINT ( 'NONE',  ( 638.8622725493455619, 946.5573669561657653, 40.00000000000000000 ) ) ;
#1320 = LINE ( 'NONE', #1293, #235 ) ;
#1321 = EDGE_LOOP ( 'NONE', ( #1642, #219, #181, #1253 ) ) ;
#1322 = DIRECTION ( 'NONE',  ( -1.000000000000000000, 0.000000000000000000, 0.000000000000000000 ) ) ;
#1323 = LINE ( 'NONE', #1135, #1122 ) ;
#1324 = EDGE_CURVE ( 'NONE', #1616, #960, #374, .T. ) ;
#1325 = EDGE_LOOP ( 'NONE', ( #840, #2029, #1803, #1124 ) ) ;
#1326 = CARTESIAN_POINT ( 'NONE',  ( 734.8657170451571119, 868.0573669561658789, 0.000000000000000000 ) ) ;
#1327 = ADVANCED_FACE ( 'NONE', ( #1954 ), #939, .F. ) ;
#1328 = CARTESIAN_POINT ( 'NONE',  ( 736.2363551484208983, 944.0806844346170692, 42.00000000000000000 ) ) ;
#1329 = DIRECTION ( 'NONE',  ( 0.000000000000000000, 0.000000000000000000, 1.000000000000000000 ) ) ;
#1330 = VECTOR ( 'NONE', #1808, 1000.000000000000000 ) ;
#1331 = VERTEX_POINT ( 'NONE', #468 ) ;
#1332 = CARTESIAN_POINT ( 'NONE',  ( 638.8622725493455619, 946.5573669561657653, 40.00000000000000000 ) ) ;
#1333 = AXIS2_PLACEMENT_3D ( 'NONE', #297, #1637, #1434 ) ;
#1334 = DIRECTION ( 'NONE',  ( 0.000000000000000000, 0.000000000000000000, 1.000000000000000000 ) ) ;
#1335 = AXIS2_PLACEMENT_3D ( 'NONE', #241, #53, #1855 ) ;
#1336 = ORIENTED_EDGE ( 'NONE', *, *, #1466, .T. ) ;
#1337 = DIRECTION ( 'NONE',  ( 1.000000000000000000, 0.000000000000000000, 0.000000000000000000 ) ) ;
#1338 = VECTOR ( 'NONE', #1140, 1000.000000000000000 ) ;
#1339 = ORIENTED_EDGE ( 'NONE', *, *, #1524, .T. ) ;
#1340 = CARTESIAN_POINT ( 'NONE',  ( 638.8622725493455619, 846.5573669561658789, 40.00000000000000000 ) ) ;
#1341 = AXIS2_PLACEMENT_3D ( 'NONE', #1710, #198, #727 ) ;
#1342 = EDGE_CURVE ( 'NONE', #1662, #1035, #270, .T. ) ;
#1343 = CIRCLE ( 'NONE', #1781, 2.585039772018404847 ) ;
#1344 = CARTESIAN_POINT ( 'NONE',  ( 736.2363551484208983, 944.0806844346170692, 42.00000000000000000 ) ) ;
#1345 = ADVANCED_FACE ( 'NONE', ( #129, #1273, #1965, #1310, #811, #460, #1482, #964 ), #790, .T. ) ;
#1346 = ORIENTED_EDGE ( 'NONE', *, *, #386, .F. ) ;
#1347 = DIRECTION ( 'NONE',  ( 1.000000000000000000, 0.000000000000000000, 0.000000000000000000 ) ) ;
#1348 = DIRECTION ( 'NONE',  ( -0.000000000000000000, -0.000000000000000000, -1.000000000000000000 ) ) ;
#1349 = EDGE_LOOP ( 'NONE', ( #1858, #625, #123, #1149, #1336, #1691, #1446, #1339 ) ) ;
#1350 = FACE_BOUND ( 'NONE', #1782, .T. ) ;
#1351 = ORIENTED_EDGE ( 'NONE', *, *, #1016, .F. ) ;
#1352 = CYLINDRICAL_SURFACE ( 'NONE', #1512, 2.500000000000168754 ) ;
#1353 = CARTESIAN_POINT ( 'NONE',  ( 638.8622725493455619, 946.5573669561657653, 42.00000000000000000 ) ) ;
#1354 = EDGE_CURVE ( 'NONE', #1017, #314, #1118, .T. ) ;
#1355 = ORIENTED_EDGE ( 'NONE', *, *, #1324, .F. ) ;
#1356 = CARTESIAN_POINT ( 'NONE',  ( 651.3622725493471535, 849.0573669561667884, 40.00000000000000000 ) ) ;
#1357 =( NAMED_UNIT ( * ) SI_UNIT ( $, .STERADIAN. ) SOLID_ANGLE_UNIT ( ) );
#1358 = CARTESIAN_POINT ( 'NONE',  ( 643.8622725493455619, 846.5573669561657653, 42.00000000000000000 ) ) ;
#1359 = ORIENTED_EDGE ( 'NONE', *, *, #1987, .F. ) ;
#1360 = CARTESIAN_POINT ( 'NONE',  ( 643.8622725493455619, 946.5573669561657653, 40.00000000000000000 ) ) ;
#1361 = DIRECTION ( 'NONE',  ( -0.000000000000000000, -0.000000000000000000, -1.000000000000000000 ) ) ;
#1362 = ORIENTED_EDGE ( 'NONE', *, *, #386, .T. ) ;
#1363 = FACE_OUTER_BOUND ( 'NONE', #1647, .T. ) ;
#1364 = EDGE_CURVE ( 'NONE', #2100, #474, #1448, .T. ) ;
#1365 = VECTOR ( 'NONE', #1108, 1000.000000000000000 ) ;
#1366 = EDGE_LOOP ( 'NONE', ( #1876, #56, #1611, #796, #1671, #975, #136, #535 ) ) ;
#1367 = AXIS2_PLACEMENT_3D ( 'NONE', #23, #1391, #1556 ) ;
#1368 = LINE ( 'NONE', #1381, #304 ) ;
#1369 = EDGE_CURVE ( 'NONE', #448, #1865, #1574, .T. ) ;
#1370 = AXIS2_PLACEMENT_3D ( 'NONE', #1957, #1991, #316 ) ;
#1371 = ORIENTED_EDGE ( 'NONE', *, *, #303, .F. ) ;
#1372 = CARTESIAN_POINT ( 'NONE',  ( 730.8657170451571119, 929.0573669561657653, 0.000000000000000000 ) ) ;
#1373 = CC_DESIGN_APPROVAL ( #1416, ( #1028 ) ) ;
#1374 = VECTOR ( 'NONE', #477, 1000.000000000000000 ) ;
#1375 = CYLINDRICAL_SURFACE ( 'NONE', #1937, 2.500000000000057732 ) ;
#1376 = CIRCLE ( 'NONE', #1913, 5.000000000000115463 ) ;
#1377 = CARTESIAN_POINT ( 'NONE',  ( 738.8213949204392748, 944.0806844346170692, 40.00000000000000000 ) ) ;
#1378 = CARTESIAN_POINT ( 'NONE',  ( 638.8622725493455619, 946.5573669561657653, 42.00000000000000000 ) ) ;
#1379 = APPLICATION_PROTOCOL_DEFINITION ( 'international standard', 'config_control_design', 1994, #1733 ) ;
#1380 = VERTEX_POINT ( 'NONE', #159 ) ;
#1381 = CARTESIAN_POINT ( 'NONE',  ( 656.8657170451572256, 864.0573669561658789, 40.00000000000000000 ) ) ;
#1382 = ORIENTED_EDGE ( 'NONE', *, *, #132, .T. ) ;
#1383 = EDGE_CURVE ( 'NONE', #1277, #1081, #751, .T. ) ;
#1384 = DIRECTION ( 'NONE',  ( 1.000000000000000000, 0.000000000000000000, 0.000000000000000000 ) ) ;
#1385 = LINE ( 'NONE', #119, #1772 ) ;
#1386 = ORIENTED_EDGE ( 'NONE', *, *, #1244, .F. ) ;
#1387 = CARTESIAN_POINT ( 'NONE',  ( 648.8622725493471535, 849.0573669561667884, 42.00000000000000000 ) ) ;
#1388 = FACE_OUTER_BOUND ( 'NONE', #1622, .T. ) ;
#1389 = ORIENTED_EDGE ( 'NONE', *, *, #1065, .T. ) ;
#1390 = CARTESIAN_POINT ( 'NONE',  ( 656.8657170451572256, 925.0573669561657653, 40.00000000000000000 ) ) ;
#1391 = DIRECTION ( 'NONE',  ( 0.000000000000000000, 0.000000000000000000, 1.000000000000000000 ) ) ;
#1392 = ORIENTED_EDGE ( 'NONE', *, *, #1166, .F. ) ;
#1393 = DIRECTION ( 'NONE',  ( 0.000000000000000000, 0.000000000000000000, 1.000000000000000000 ) ) ;
#1394 = EDGE_CURVE ( 'NONE', #1665, #1542, #2096, .T. ) ;
#1395 = CARTESIAN_POINT ( 'NONE',  ( 638.8622725493455619, 946.5573669561657653, 42.00000000000000000 ) ) ;
#1396 = EDGE_CURVE ( 'NONE', #1311, #1161, #1320, .T. ) ;
#1397 = CARTESIAN_POINT ( 'NONE',  ( 693.8622725493472672, 944.0573669561666748, 40.00000000000000000 ) ) ;
#1398 = DIRECTION ( 'NONE',  ( 1.000000000000000000, 0.000000000000000000, 0.000000000000000000 ) ) ;
#1399 = ORIENTED_EDGE ( 'NONE', *, *, #1369, .F. ) ;
#1400 = FACE_OUTER_BOUND ( 'NONE', #1824, .T. ) ;
#1401 = CIRCLE ( 'NONE', #2039, 2.500000000000057732 ) ;
#1402 = ORIENTED_EDGE ( 'NONE', *, *, #1016, .T. ) ;
#1403 = CARTESIAN_POINT ( 'NONE',  ( 656.8657170451572256, 864.0573669561658789, 40.00000000000000000 ) ) ;
#1404 = AXIS2_PLACEMENT_3D ( 'NONE', #336, #1334, #1013 ) ;
#1405 = VECTOR ( 'NONE', #1066, 1000.000000000000000 ) ;
#1406 = ADVANCED_FACE ( 'NONE', ( #1 ), #984, .T. ) ;
#1407 = DIRECTION ( 'NONE',  ( 0.000000000000000000, 0.000000000000000000, 1.000000000000000000 ) ) ;
#1408 = EDGE_CURVE ( 'NONE', #1533, #1120, #436, .T. ) ;
#1409 = VECTOR ( 'NONE', #841, 1000.000000000000000 ) ;
#1410 = AXIS2_PLACEMENT_3D ( 'NONE', #1276, #1134, #315 ) ;
#1411 = ORIENTED_EDGE ( 'NONE', *, *, #1244, .T. ) ;
#1412 = DIRECTION ( 'NONE',  ( 0.000000000000000000, -1.000000000000000000, 0.000000000000000000 ) ) ;
#1413 = CIRCLE ( 'NONE', #1069, 5.000000000000004441 ) ;
#1414 = ORIENTED_EDGE ( 'NONE', *, *, #1959, .T. ) ;
#1415 = DIRECTION ( 'NONE',  ( 0.000000000000000000, 1.000000000000000000, 0.000000000000000000 ) ) ;
#1416 = APPROVAL ( #299, 'UNSPECIFIED' ) ;
#1417 = DIRECTION ( 'NONE',  ( 1.000000000000000000, 0.000000000000000000, 0.000000000000000000 ) ) ;
#1418 = EDGE_CURVE ( 'NONE', #253, #393, #2007, .T. ) ;
#1419 = SECURITY_CLASSIFICATION_LEVEL ( 'unclassified' ) ;
#1420 = EDGE_LOOP ( 'NONE', ( #413, #1740, #461, #2004 ) ) ;
#1421 = CARTESIAN_POINT ( 'NONE',  ( 730.8657170451571119, 929.0573669561657653, 42.00000000000000000 ) ) ;
#1422 = ORIENTED_EDGE ( 'NONE', *, *, #1048, .F. ) ;
#1423 = LINE ( 'NONE', #2065, #447 ) ;
#1424 = CYLINDRICAL_SURFACE ( 'NONE', #644, 2.500000000000057732 ) ;
#1425 = CYLINDRICAL_SURFACE ( 'NONE', #900, 5.000000000000004441 ) ;
#1426 = ORIENTED_EDGE ( 'NONE', *, *, #328, .T. ) ;
#1427 = DIRECTION ( 'NONE',  ( 1.000000000000000000, 0.000000000000000000, 0.000000000000000000 ) ) ;
#1428 = EDGE_CURVE ( 'NONE', #403, #253, #1638, .T. ) ;
#1429 = VERTEX_POINT ( 'NONE', #880 ) ;
#1430 = DIRECTION ( 'NONE',  ( 0.000000000000000000, -1.000000000000000000, 0.000000000000000000 ) ) ;
#1431 = EDGE_CURVE ( 'NONE', #1486, #887, #366, .T. ) ;
#1432 = AXIS2_PLACEMENT_3D ( 'NONE', #502, #1177, #58 ) ;
#1433 = CARTESIAN_POINT ( 'NONE',  ( 643.8622725493455619, 841.5573669561657653, 40.00000000000000000 ) ) ;
#1434 = DIRECTION ( 'NONE',  ( 0.000000000000000000, -0.000000000000000000, 1.000000000000000000 ) ) ;
#1435 = PRODUCT_DEFINITION_FORMATION_WITH_SPECIFIED_SOURCE ( 'ANY', '', #709, .NOT_KNOWN. ) ;
#1436 = DIRECTION ( 'NONE',  ( -0.000000000000000000, 0.000000000000000000, -1.000000000000000000 ) ) ;
#1437 = AXIS2_PLACEMENT_3D ( 'NONE', #1027, #1868, #1384 ) ;
#1438 = VECTOR ( 'NONE', #371, 1000.000000000000000 ) ;
#1439 = ORIENTED_EDGE ( 'NONE', *, *, #1023, .F. ) ;
#1440 = DIRECTION ( 'NONE',  ( 1.000000000000000000, 0.000000000000000000, 0.000000000000000000 ) ) ;
#1441 = AXIS2_PLACEMENT_3D ( 'NONE', #976, #1631, #666 ) ;
#1442 = EDGE_CURVE ( 'NONE', #595, #474, #514, .T. ) ;
#1443 = ORIENTED_EDGE ( 'NONE', *, *, #1418, .T. ) ;
#1444 = DIRECTION ( 'NONE',  ( -1.000000000000000000, 0.000000000000000000, 0.000000000000000000 ) ) ;
#1445 = AXIS2_PLACEMENT_3D ( 'NONE', #1387, #115, #764 ) ;
#1446 = ORIENTED_EDGE ( 'NONE', *, *, #1383, .T. ) ;
#1447 = DIRECTION ( 'NONE',  ( -0.000000000000000000, -0.000000000000000000, -1.000000000000000000 ) ) ;
#1448 = LINE ( 'NONE', #480, #678 ) ;
#1449 = ORIENTED_EDGE ( 'NONE', *, *, #1784, .F. ) ;
#1450 = DIRECTION ( 'NONE',  ( -1.000000000000000000, 0.000000000000000000, 0.000000000000000000 ) ) ;
#1451 = EDGE_LOOP ( 'NONE', ( #329, #1270, #156, #1890 ) ) ;
#1452 = CARTESIAN_POINT ( 'NONE',  ( 653.8622725493472672, 944.0573669561666748, 40.00000000000000000 ) ) ;
#1453 = ORIENTED_EDGE ( 'NONE', *, *, #1823, .T. ) ;
#1454 = CARTESIAN_POINT ( 'NONE',  ( 743.8622725493455619, 946.5573669561657653, 0.000000000000000000 ) ) ;
#1455 = DIRECTION ( 'NONE',  ( 1.000000000000000000, 0.000000000000000000, -0.000000000000000000 ) ) ;
#1456 = EDGE_CURVE ( 'NONE', #768, #1829, #1167, .T. ) ;
#1457 = DIRECTION ( 'NONE',  ( 0.000000000000000000, 0.000000000000000000, 1.000000000000000000 ) ) ;
#1458 = ORIENTED_EDGE ( 'NONE', *, *, #1100, .F. ) ;
#1459 = CARTESIAN_POINT ( 'NONE',  ( 652.8657170451571119, 925.0573669561657653, 42.00000000000000000 ) ) ;
#1460 = DIRECTION ( 'NONE',  ( -0.000000000000000000, -0.000000000000000000, -1.000000000000000000 ) ) ;
#1461 = VERTEX_POINT ( 'NONE', #1344 ) ;
#1462 = PLANE ( 'NONE',  #1748 ) ;
#1463 = ORIENTED_EDGE ( 'NONE', *, *, #1899, .F. ) ;
#1464 = LINE ( 'NONE', #1479, #513 ) ;
#1465 = DIRECTION ( 'NONE',  ( 0.000000000000000000, 1.000000000000000000, 0.000000000000000000 ) ) ;
#1466 = EDGE_CURVE ( 'NONE', #1110, #1429, #920, .T. ) ;
#1467 = AXIS2_PLACEMENT_3D ( 'NONE', #1756, #298, #14 ) ;
#1468 = DIRECTION ( 'NONE',  ( 1.000000000000000000, 0.000000000000000000, 0.000000000000000000 ) ) ;
#1469 = AXIS2_PLACEMENT_3D ( 'NONE', #553, #1545, #76 ) ;
#1470 = ORIENTED_EDGE ( 'NONE', *, *, #2000, .F. ) ;
#1471 = LINE ( 'NONE', #493, #1309 ) ;
#1472 = CIRCLE ( 'NONE', #2075, 5.000000000000004441 ) ;
#1473 = CARTESIAN_POINT ( 'NONE',  ( 693.8622725493472672, 944.0573669561666748, 40.00000000000000000 ) ) ;
#1474 = ORIENTED_EDGE ( 'NONE', *, *, #2072, .T. ) ;
#1475 = CARTESIAN_POINT ( 'NONE',  ( 748.8622725493455619, 846.5573669561657653, 0.000000000000000000 ) ) ;
#1476 = AXIS2_PLACEMENT_3D ( 'NONE', #435, #1576, #1444 ) ;
#1477 = VECTOR ( 'NONE', #988, 1000.000000000000000 ) ;
#1478 = ORIENTED_EDGE ( 'NONE', *, *, #407, .T. ) ;
#1479 = CARTESIAN_POINT ( 'NONE',  ( 652.8657170451571119, 868.0573669561658789, 40.00000000000000000 ) ) ;
#1480 = CARTESIAN_POINT ( 'NONE',  ( 736.3213949204392748, 944.0806844346170692, 40.00000000000000000 ) ) ;
#1481 = CIRCLE ( 'NONE', #555, 2.500000000000057732 ) ;
#1482 = FACE_BOUND ( 'NONE', #1194, .T. ) ;
#1483 = VERTEX_POINT ( 'NONE', #225 ) ;
#1484 = FACE_OUTER_BOUND ( 'NONE', #190, .T. ) ;
#1485 = CARTESIAN_POINT ( 'NONE',  ( 693.8622725493524968, 849.0573669561667884, 42.00000000000000000 ) ) ;
#1486 = VERTEX_POINT ( 'NONE', #1684 ) ;
#1487 = LINE ( 'NONE', #1969, #78 ) ;
#1488 = VERTEX_POINT ( 'NONE', #203 ) ;
#1489 = DIRECTION ( 'NONE',  ( 0.000000000000000000, 0.000000000000000000, 1.000000000000000000 ) ) ;
#1490 = LINE ( 'NONE', #1700, #950 ) ;
#1491 = CARTESIAN_POINT ( 'NONE',  ( 741.3622725493473808, 849.0573669561645147, 0.000000000000000000 ) ) ;
#1492 = ORIENTED_EDGE ( 'NONE', *, *, #1695, .T. ) ;
#1493 = DIRECTION ( 'NONE',  ( -0.000000000000000000, -0.000000000000000000, -1.000000000000000000 ) ) ;
#1494 = CARTESIAN_POINT ( 'NONE',  ( 738.8213949204392748, 944.0806844346170692, 40.00000000000000000 ) ) ;
#1495 = EDGE_LOOP ( 'NONE', ( #1046, #1573, #1041, #1519 ) ) ;
#1496 = EDGE_CURVE ( 'NONE', #400, #510, #858, .T. ) ;
#1497 = VERTEX_POINT ( 'NONE', #1152 ) ;
#1498 = EDGE_CURVE ( 'NONE', #1277, #160, #1197, .T. ) ;
#1499 = DIRECTION ( 'NONE',  ( -0.000000000000000000, -0.000000000000000000, -1.000000000000000000 ) ) ;
#1500 = DIRECTION ( 'NONE',  ( 0.000000000000000000, -1.000000000000000000, 0.000000000000000000 ) ) ;
#1501 = VECTOR ( 'NONE', #1415, 1000.000000000000000 ) ;
#1502 = ORIENTED_EDGE ( 'NONE', *, *, #240, .F. ) ;
#1503 = CARTESIAN_POINT ( 'NONE',  ( 738.8213949204392748, 944.0806844346170692, 0.000000000000000000 ) ) ;
#1504 = AXIS2_PLACEMENT_3D ( 'NONE', #1181, #494, #361 ) ;
#1505 = CARTESIAN_POINT ( 'NONE',  ( 638.8622725493455619, 846.5573669561658789, 0.000000000000000000 ) ) ;
#1506 = ORIENTED_EDGE ( 'NONE', *, *, #383, .T. ) ;
#1507 = FACE_BOUND ( 'NONE', #1853, .T. ) ;
#1508 = AXIS2_PLACEMENT_3D ( 'NONE', #223, #1714, #1850 ) ;
#1509 = EDGE_CURVE ( 'NONE', #897, #160, #49, .T. ) ;
#1510 = EDGE_LOOP ( 'NONE', ( #439, #742 ) ) ;
#1511 = DIRECTION ( 'NONE',  ( -1.000000000000000000, 0.000000000000000000, 0.000000000000000000 ) ) ;
#1512 = AXIS2_PLACEMENT_3D ( 'NONE', #246, #577, #1511 ) ;
#1513 = CIRCLE ( 'NONE', #1410, 2.500000000000057732 ) ;
#1514 = CARTESIAN_POINT ( 'NONE',  ( 643.8622725493455619, 951.5573669561658789, 42.00000000000000000 ) ) ;
#1515 = CIRCLE ( 'NONE', #929, 2.500000000000057732 ) ;
#1516 = ORIENTED_EDGE ( 'NONE', *, *, #1615, .F. ) ;
#1517 = DIRECTION ( 'NONE',  ( 1.000000000000000000, 0.000000000000000000, 0.000000000000000000 ) ) ;
#1518 = CARTESIAN_POINT ( 'NONE',  ( 693.8622725493472672, 944.0573669561666748, 42.00000000000000000 ) ) ;
#1519 = ORIENTED_EDGE ( 'NONE', *, *, #426, .F. ) ;
#1520 = PLANE ( 'NONE',  #1884 ) ;
#1521 = UNCERTAINTY_MEASURE_WITH_UNIT (LENGTH_MEASURE( 1.000000000000000082E-05 ), #1529, 'distance_accuracy_value', 'NONE');
#1522 = ORIENTED_EDGE ( 'NONE', *, *, #1272, .T. ) ;
#1523 = DIRECTION ( 'NONE',  ( 1.000000000000000000, 0.000000000000000000, 0.000000000000000000 ) ) ;
#1524 = EDGE_CURVE ( 'NONE', #1081, #307, #845, .T. ) ;
#1525 = CARTESIAN_POINT ( 'NONE',  ( 643.8622725493455619, 946.5573669561657653, 42.00000000000000000 ) ) ;
#1526 = ORIENTED_EDGE ( 'NONE', *, *, #1316, .T. ) ;
#1527 = EDGE_CURVE ( 'NONE', #881, #1120, #1996, .T. ) ;
#1528 = DIRECTION ( 'NONE',  ( 0.000000000000000000, 0.000000000000000000, 1.000000000000000000 ) ) ;
#1529 =( LENGTH_UNIT ( ) NAMED_UNIT ( * ) SI_UNIT ( .MILLI., .METRE. ) );
#1530 = ORIENTED_EDGE ( 'NONE', *, *, #2000, .T. ) ;
#1531 = CARTESIAN_POINT ( 'NONE',  ( 652.8657170451571119, 925.0573669561657653, 40.00000000000000000 ) ) ;
#1532 = CARTESIAN_POINT ( 'NONE',  ( 696.3622725493526104, 849.0573669561667884, 40.00000000000000000 ) ) ;
#1533 = VERTEX_POINT ( 'NONE', #534 ) ;
#1534 = CYLINDRICAL_SURFACE ( 'NONE', #1508, 2.500000000000057732 ) ;
#1535 = DIRECTION ( 'NONE',  ( -0.000000000000000000, -0.000000000000000000, -1.000000000000000000 ) ) ;
#1536 = ADVANCED_FACE ( 'NONE', ( #215 ), #183, .T. ) ;
#1537 = EDGE_LOOP ( 'NONE', ( #42, #665, #1098, #1635 ) ) ;
#1538 = CYLINDRICAL_SURFACE ( 'NONE', #1445, 2.500000000000168754 ) ;
#1539 = CIRCLE ( 'NONE', #609, 2.500000000000057732 ) ;
#1540 = ADVANCED_FACE ( 'NONE', ( #718 ), #1375, .F. ) ;
#1541 = CYLINDRICAL_SURFACE ( 'NONE', #614, 5.000000000000115463 ) ;
#1542 = VERTEX_POINT ( 'NONE', #1491 ) ;
#1543 = CYLINDRICAL_SURFACE ( 'NONE', #1341, 4.000000000000003553 ) ;
#1544 = AXIS2_PLACEMENT_3D ( 'NONE', #1866, #876, #885 ) ;
#1545 = DIRECTION ( 'NONE',  ( 0.000000000000000000, 0.000000000000000000, 1.000000000000000000 ) ) ;
#1546 = ORIENTED_EDGE ( 'NONE', *, *, #842, .T. ) ;
#1547 = DIRECTION ( 'NONE',  ( 1.000000000000000000, 0.000000000000000000, 0.000000000000000000 ) ) ;
#1548 = CIRCLE ( 'NONE', #2077, 2.500000000000057732 ) ;
#1549 = CARTESIAN_POINT ( 'NONE',  ( 734.8657170451571119, 868.0573669561658789, 40.00000000000000000 ) ) ;
#1550 = AXIS2_PLACEMENT_3D ( 'NONE', #1934, #161, #1322 ) ;
#1551 = VERTEX_POINT ( 'NONE', #24 ) ;
#1552 = DIRECTION ( 'NONE',  ( 0.000000000000000000, -0.000000000000000000, -1.000000000000000000 ) ) ;
#1553 = CARTESIAN_POINT ( 'NONE',  ( 691.3622725493524968, 849.0573669561667884, 40.00000000000000000 ) ) ;
#1554 = ORIENTED_EDGE ( 'NONE', *, *, #1496, .T. ) ;
#1555 = CARTESIAN_POINT ( 'NONE',  ( 738.8213949204392748, 944.0806844346170692, 42.00000000000000000 ) ) ;
#1556 = DIRECTION ( 'NONE',  ( 1.000000000000000000, 0.000000000000000000, 0.000000000000000000 ) ) ;
#1557 = EDGE_CURVE ( 'NONE', #510, #1862, #102, .T. ) ;
#1558 = ORIENTED_EDGE ( 'NONE', *, *, #1579, .T. ) ;
#1559 = CARTESIAN_POINT ( 'NONE',  ( 651.3622725493471535, 944.0573669561666748, 40.00000000000000000 ) ) ;
#1560 = DIRECTION ( 'NONE',  ( 0.000000000000000000, 0.000000000000000000, 1.000000000000000000 ) ) ;
#1561 = CARTESIAN_POINT ( 'NONE',  ( 734.8657170451571119, 868.0573669561658789, 40.00000000000000000 ) ) ;
#1562 = DIRECTION ( 'NONE',  ( 1.000000000000000000, 0.000000000000000000, 0.000000000000000000 ) ) ;
#1563 = DIRECTION ( 'NONE',  ( -1.000000000000000000, 0.000000000000000000, 0.000000000000000000 ) ) ;
#1564 = ORIENTED_EDGE ( 'NONE', *, *, #828, .T. ) ;
#1565 = FACE_OUTER_BOUND ( 'NONE', #1321, .T. ) ;
#1566 = EDGE_CURVE ( 'NONE', #1924, #2100, #1578, .T. ) ;
#1567 = ORIENTED_EDGE ( 'NONE', *, *, #1396, .F. ) ;
#1568 = DIRECTION ( 'NONE',  ( -0.000000000000000000, 0.000000000000000000, -1.000000000000000000 ) ) ;
#1569 = EDGE_CURVE ( 'NONE', #307, #65, #1734, .T. ) ;
#1570 = DIRECTION ( 'NONE',  ( 1.000000000000000000, 0.000000000000000000, 0.000000000000000000 ) ) ;
#1571 = CARTESIAN_POINT ( 'NONE',  ( 738.8213949204392748, 944.0806844346170692, 40.00000000000000000 ) ) ;
#1572 = PERSON_AND_ORGANIZATION_ROLE ( 'classification_officer' ) ;
#1573 = ORIENTED_EDGE ( 'NONE', *, *, #1805, .T. ) ;
#1574 = CIRCLE ( 'NONE', #544, 5.000000000000004441 ) ;
#1575 = ORIENTED_EDGE ( 'NONE', *, *, #1923, .F. ) ;
#1576 = DIRECTION ( 'NONE',  ( -0.000000000000000000, -0.000000000000000000, -1.000000000000000000 ) ) ;
#1577 =( GEOMETRIC_REPRESENTATION_CONTEXT ( 3 ) GLOBAL_UNCERTAINTY_ASSIGNED_CONTEXT ( ( #1521 ) ) GLOBAL_UNIT_ASSIGNED_CONTEXT ( ( #1529, #863, #1357 ) ) REPRESENTATION_CONTEXT ( 'NONE', 'WORKASPACE' ) );
#1578 = LINE ( 'NONE', #1079, #67 ) ;
#1579 = EDGE_CURVE ( 'NONE', #2053, #432, #1292, .T. ) ;
#1580 = AXIS2_PLACEMENT_3D ( 'NONE', #500, #807, #1963 ) ;
#1581 = DIRECTION ( 'NONE',  ( 0.000000000000000000, 1.000000000000000000, 0.000000000000000000 ) ) ;
#1582 = AXIS2_PLACEMENT_3D ( 'NONE', #776, #945, #2084 ) ;
#1583 = VERTEX_POINT ( 'NONE', #277 ) ;
#1584 = CARTESIAN_POINT ( 'NONE',  ( 736.3622725493472672, 849.0573669561645147, 40.00000000000000000 ) ) ;
#1585 = AXIS2_PLACEMENT_3D ( 'NONE', #1571, #1590, #583 ) ;
#1586 = ORIENTED_EDGE ( 'NONE', *, *, #1396, .T. ) ;
#1587 = DIRECTION ( 'NONE',  ( 1.000000000000000000, 0.000000000000000000, 0.000000000000000000 ) ) ;
#1588 = DIRECTION ( 'NONE',  ( -0.000000000000000000, -0.000000000000000000, -1.000000000000000000 ) ) ;
#1589 = ADVANCED_FACE ( 'NONE', ( #112 ), #1892, .F. ) ;
#1590 = DIRECTION ( 'NONE',  ( 0.000000000000000000, 0.000000000000000000, 1.000000000000000000 ) ) ;
#1591 = CALENDAR_DATE ( 2026, 19, 8 ) ;
#1592 = ORIENTED_EDGE ( 'NONE', *, *, #1039, .T. ) ;
#1593 = DIRECTION ( 'NONE',  ( 0.000000000000000000, 0.000000000000000000, 1.000000000000000000 ) ) ;
#1594 = VERTEX_POINT ( 'NONE', #395 ) ;
#1595 = CARTESIAN_POINT ( 'NONE',  ( 691.3622725493524968, 849.0573669561667884, 40.00000000000000000 ) ) ;
#1596 = FACE_OUTER_BOUND ( 'NONE', #1602, .T. ) ;
#1597 = FACE_OUTER_BOUND ( 'NONE', #199, .T. ) ;
#1598 = DIRECTION ( 'NONE',  ( -0.000000000000000000, -0.000000000000000000, -1.000000000000000000 ) ) ;
#1599 = CC_DESIGN_PERSON_AND_ORGANIZATION_ASSIGNMENT ( #562, #1212, ( #709 ) ) ;
#1600 = DATE_AND_TIME ( #1591, #1941 ) ;
#1601 = ORIENTED_EDGE ( 'NONE', *, *, #1834, .T. ) ;
#1602 = EDGE_LOOP ( 'NONE', ( #627, #1778, #97, #1250 ) ) ;
#1603 = AXIS2_PLACEMENT_3D ( 'NONE', #1229, #1218, #1087 ) ;
#1604 = CARTESIAN_POINT ( 'NONE',  ( 693.8622725493524968, 849.0573669561667884, 0.000000000000000000 ) ) ;
#1605 = CARTESIAN_POINT ( 'NONE',  ( 646.3622725493470398, 849.0573669561667884, 40.00000000000000000 ) ) ;
#1606 = VECTOR ( 'NONE', #1224, 1000.000000000000000 ) ;
#1607 = DIRECTION ( 'NONE',  ( -0.000000000000000000, -0.000000000000000000, -1.000000000000000000 ) ) ;
#1608 = AXIS2_PLACEMENT_3D ( 'NONE', #1983, #703, #1214 ) ;
#1609 = VERTEX_POINT ( 'NONE', #92 ) ;
#1610 = DIRECTION ( 'NONE',  ( 1.000000000000000000, 0.000000000000000000, 0.000000000000000000 ) ) ;
#1611 = ORIENTED_EDGE ( 'NONE', *, *, #1639, .F. ) ;
#1612 = DIRECTION ( 'NONE',  ( 0.000000000000000000, 0.000000000000000000, 1.000000000000000000 ) ) ;
#1613 = VECTOR ( 'NONE', #1886, 1000.000000000000000 ) ;
#1614 = ORIENTED_EDGE ( 'NONE', *, *, #368, .F. ) ;
#1615 = EDGE_CURVE ( 'NONE', #715, #167, #770, .T. ) ;
#1616 = VERTEX_POINT ( 'NONE', #259 ) ;
#1617 = FACE_BOUND ( 'NONE', #1835, .T. ) ;
#1618 = DIRECTION ( 'NONE',  ( 1.000000000000000000, 0.000000000000000000, 0.000000000000000000 ) ) ;
#1619 = ORIENTED_EDGE ( 'NONE', *, *, #1192, .T. ) ;
#1620 = CARTESIAN_POINT ( 'NONE',  ( 741.4064346924576512, 944.0806844346170692, 40.00000000000000000 ) ) ;
#1621 = CARTESIAN_POINT ( 'NONE',  ( 652.8657170451571119, 868.0573669561658789, 42.00000000000000000 ) ) ;
#1622 = EDGE_LOOP ( 'NONE', ( #482, #780, #1070, #1794 ) ) ;
#1623 = DIRECTION ( 'NONE',  ( -1.000000000000000000, 0.000000000000000000, 0.000000000000000000 ) ) ;
#1624 = ADVANCED_FACE ( 'NONE', ( #1900 ), #429, .F. ) ;
#1625 = VERTEX_POINT ( 'NONE', #1549 ) ;
#1626 = LINE ( 'NONE', #797, #1338 ) ;
#1627 = CARTESIAN_POINT ( 'NONE',  ( 693.8622725493472672, 944.0573669561666748, 40.00000000000000000 ) ) ;
#1628 = EDGE_CURVE ( 'NONE', #542, #1862, #1703, .T. ) ;
#1629 = DIRECTION ( 'NONE',  ( -0.000000000000000000, -0.000000000000000000, -1.000000000000000000 ) ) ;
#1630 = EDGE_LOOP ( 'NONE', ( #730, #1696, #668, #539 ) ) ;
#1631 = DIRECTION ( 'NONE',  ( 0.000000000000000000, 0.000000000000000000, 1.000000000000000000 ) ) ;
#1632 = DIRECTION ( 'NONE',  ( 1.000000000000000000, 0.000000000000000000, 0.000000000000000000 ) ) ;
#1633 = ORIENTED_EDGE ( 'NONE', *, *, #2036, .T. ) ;
#1634 = FACE_OUTER_BOUND ( 'NONE', #1919, .T. ) ;
#1635 = ORIENTED_EDGE ( 'NONE', *, *, #1959, .F. ) ;
#1636 = DIRECTION ( 'NONE',  ( 0.000000000000000000, 0.000000000000000000, 1.000000000000000000 ) ) ;
#1637 = DIRECTION ( 'NONE',  ( 0.000000000000000000, 1.000000000000000000, 0.000000000000000000 ) ) ;
#1638 = CIRCLE ( 'NONE', #948, 4.000000000000003553 ) ;
#1639 = EDGE_CURVE ( 'NONE', #1035, #813, #599, .T. ) ;
#1640 = CARTESIAN_POINT ( 'NONE',  ( 643.8622725493455619, 946.5573669561657653, 40.00000000000000000 ) ) ;
#1641 = CIRCLE ( 'NONE', #106, 4.000000000000003553 ) ;
#1642 = ORIENTED_EDGE ( 'NONE', *, *, #87, .F. ) ;
#1643 = CYLINDRICAL_SURFACE ( 'NONE', #382, 4.000000000000003553 ) ;
#1644 = VECTOR ( 'NONE', #1819, 1000.000000000000000 ) ;
#1645 = CLOSED_SHELL ( 'NONE', ( #2095, #1589, #983, #870, #1327, #1975, #1345, #1721, #1821, #1745, #1743, #526, #1083, #1283, #1406, #469, #921, #1896, #498, #1313, #174, #696, #958, #30, #1540, #1910, #1780, #278, #582, #629 ) ) ;
#1646 = FACE_OUTER_BOUND ( 'NONE', #573, .T. ) ;
#1647 = EDGE_LOOP ( 'NONE', ( #1315, #909, #1554, #1928 ) ) ;
#1648 = DIRECTION ( 'NONE',  ( -0.000000000000000000, -0.000000000000000000, -1.000000000000000000 ) ) ;
#1649 = AXIS2_PLACEMENT_3D ( 'NONE', #1452, #1125, #487 ) ;
#1650 = VECTOR ( 'NONE', #272, 1000.000000000000000 ) ;
#1651 = ORIENTED_EDGE ( 'NONE', *, *, #484, .T. ) ;
#1652 = CARTESIAN_POINT ( 'NONE',  ( 693.8622725493472672, 944.0573669561666748, 40.00000000000000000 ) ) ;
#1653 = CARTESIAN_POINT ( 'NONE',  ( 736.3622725493472672, 849.0573669561645147, 42.00000000000000000 ) ) ;
#1654 = CARTESIAN_POINT ( 'NONE',  ( 651.3622725493472672, 849.0573669561667884, 42.00000000000000000 ) ) ;
#1655 = ADVANCED_FACE ( 'NONE', ( #2057 ), #268, .F. ) ;
#1656 = EDGE_LOOP ( 'NONE', ( #145, #1077, #1067, #1092 ) ) ;
#1657 = DIRECTION ( 'NONE',  ( 1.000000000000000000, 0.000000000000000000, -0.000000000000000000 ) ) ;
#1658 = EDGE_CURVE ( 'NONE', #226, #1933, #1385, .T. ) ;
#1659 = CARTESIAN_POINT ( 'NONE',  ( 651.3622725493471535, 944.0573669561666748, 40.00000000000000000 ) ) ;
#1660 = ORIENTED_EDGE ( 'NONE', *, *, #1170, .F. ) ;
#1661 = DIRECTION ( 'NONE',  ( 0.000000000000000000, 1.000000000000000000, 0.000000000000000000 ) ) ;
#1662 = VERTEX_POINT ( 'NONE', #1247 ) ;
#1663 = PLANE ( 'NONE',  #1881 ) ;
#1664 = CARTESIAN_POINT ( 'NONE',  ( 656.8657170451572256, 868.0573669561658789, 42.00000000000000000 ) ) ;
#1665 = VERTEX_POINT ( 'NONE', #580 ) ;
#1666 = DIRECTION ( 'NONE',  ( 0.000000000000000000, 0.000000000000000000, 1.000000000000000000 ) ) ;
#1667 = DIRECTION ( 'NONE',  ( -0.000000000000000000, -0.000000000000000000, -1.000000000000000000 ) ) ;
#1668 = VERTEX_POINT ( 'NONE', #234 ) ;
#1669 = CARTESIAN_POINT ( 'NONE',  ( 748.8622725493455619, 846.5573669561657653, 0.000000000000000000 ) ) ;
#1670 = DESIGN_CONTEXT ( 'detailed design', #1771, 'design' ) ;
#1671 = ORIENTED_EDGE ( 'NONE', *, *, #1834, .F. ) ;
#1672 = DIRECTION ( 'NONE',  ( -0.000000000000000000, -0.000000000000000000, -1.000000000000000000 ) ) ;
#1673 = VERTEX_POINT ( 'NONE', #559 ) ;
#1674 = DIRECTION ( 'NONE',  ( -1.000000000000000000, 0.000000000000000000, 0.000000000000000000 ) ) ;
#1675 = VECTOR ( 'NONE', #809, 1000.000000000000000 ) ;
#1676 = CARTESIAN_POINT ( 'NONE',  ( 741.3622725493473808, 849.0573669561645147, 42.00000000000000000 ) ) ;
#1677 = ORIENTED_EDGE ( 'NONE', *, *, #1123, .T. ) ;
#1678 = FACE_BOUND ( 'NONE', #1510, .T. ) ;
#1679 = CIRCLE ( 'NONE', #173, 2.500000000000057732 ) ;
#1680 = EDGE_CURVE ( 'NONE', #1081, #1497, #889, .T. ) ;
#1681 = EDGE_LOOP ( 'NONE', ( #284, #1439, #453, #1992 ) ) ;
#1682 = DIRECTION ( 'NONE',  ( 1.000000000000000000, 0.000000000000000000, 0.000000000000000000 ) ) ;
#1683 = VECTOR ( 'NONE', #1078, 1000.000000000000000 ) ;
#1684 = CARTESIAN_POINT ( 'NONE',  ( 696.3622725493526104, 849.0573669561667884, 40.00000000000000000 ) ) ;
#1685 = CIRCLE ( 'NONE', #1718, 2.500000000000057732 ) ;
#1686 = EDGE_LOOP ( 'NONE', ( #1206, #1614 ) ) ;
#1687 = CYLINDRICAL_SURFACE ( 'NONE', #1298, 2.500000000000057732 ) ;
#1688 = ORIENTED_EDGE ( 'NONE', *, *, #2085, .T. ) ;
#1689 = CARTESIAN_POINT ( 'NONE',  ( 730.8657170451571119, 868.0573669561658789, 0.000000000000000000 ) ) ;
#1690 = DIRECTION ( 'NONE',  ( -1.000000000000000000, 0.000000000000000000, 0.000000000000000000 ) ) ;
#1691 = ORIENTED_EDGE ( 'NONE', *, *, #1208, .T. ) ;
#1692 = FACE_OUTER_BOUND ( 'NONE', #1724, .T. ) ;
#1693 = EDGE_CURVE ( 'NONE', #1844, #944, #1401, .T. ) ;
#1694 = DIRECTION ( 'NONE',  ( 1.000000000000000000, 0.000000000000000000, 0.000000000000000000 ) ) ;
#1695 = EDGE_CURVE ( 'NONE', #1668, #897, #202, .T. ) ;
#1696 = ORIENTED_EDGE ( 'NONE', *, *, #1394, .T. ) ;
#1697 = LINE ( 'NONE', #367, #420 ) ;
#1698 = ORIENTED_EDGE ( 'NONE', *, *, #1234, .T. ) ;
#1699 = CARTESIAN_POINT ( 'NONE',  ( 730.8657170451571119, 868.0573669561658789, 40.00000000000000000 ) ) ;
#1700 = CARTESIAN_POINT ( 'NONE',  ( 741.3213949204393884, 944.0806844346170692, 40.00000000000000000 ) ) ;
#1701 = EDGE_LOOP ( 'NONE', ( #499, #2091 ) ) ;
#1702 = DIRECTION ( 'NONE',  ( -0.000000000000000000, -0.000000000000000000, -1.000000000000000000 ) ) ;
#1703 = LINE ( 'NONE', #762, #406 ) ;
#1704 = EDGE_CURVE ( 'NONE', #1752, #1766, #717, .T. ) ;
#1705 = DIRECTION ( 'NONE',  ( 0.000000000000000000, 0.000000000000000000, 1.000000000000000000 ) ) ;
#1706 = FACE_OUTER_BOUND ( 'NONE', #527, .T. ) ;
#1707 = VECTOR ( 'NONE', #1988, 1000.000000000000000 ) ;
#1708 = DIRECTION ( 'NONE',  ( 1.000000000000000000, 0.000000000000000000, 0.000000000000000000 ) ) ;
#1709 = ORIENTED_EDGE ( 'NONE', *, *, #1566, .T. ) ;
#1710 = CARTESIAN_POINT ( 'NONE',  ( 656.8657170451572256, 925.0573669561657653, 42.00000000000000000 ) ) ;
#1711 = CIRCLE ( 'NONE', #1504, 2.500000000000168754 ) ;
#1712 = LOCAL_TIME ( 10, 15, 27.00000000000000000, #1080 ) ;
#1713 = ORIENTED_EDGE ( 'NONE', *, *, #970, .F. ) ;
#1714 = DIRECTION ( 'NONE',  ( -0.000000000000000000, -0.000000000000000000, -1.000000000000000000 ) ) ;
#1715 = VECTOR ( 'NONE', #418, 1000.000000000000000 ) ;
#1716 = CIRCLE ( 'NONE', #786, 5.000000000000004441 ) ;
#1717 = FACE_BOUND ( 'NONE', #916, .T. ) ;
#1718 = AXIS2_PLACEMENT_3D ( 'NONE', #94, #923, #1398 ) ;
#1719 = VERTEX_POINT ( 'NONE', #1870 ) ;
#1720 = LINE ( 'NONE', #1248, #142 ) ;
#1721 = ADVANCED_FACE ( 'NONE', ( #405, #1060, #1717, #903, #2035, #788, #1282, #149 ), #947, .F. ) ;
#1722 = ORIENTED_EDGE ( 'NONE', *, *, #930, .T. ) ;
#1723 = DIRECTION ( 'NONE',  ( -0.000000000000000000, -0.000000000000000000, -1.000000000000000000 ) ) ;
#1724 = EDGE_LOOP ( 'NONE', ( #193, #756, #1362, #1007 ) ) ;
#1725 = LINE ( 'NONE', #2073, #687 ) ;
#1726 = DIRECTION ( 'NONE',  ( -0.000000000000000000, -0.000000000000000000, -1.000000000000000000 ) ) ;
#1727 = DIRECTION ( 'NONE',  ( 0.000000000000000000, -0.000000000000000000, 1.000000000000000000 ) ) ;
#1728 = APPROVAL_ROLE ( '' ) ;
#1729 = ADVANCED_FACE ( 'NONE', ( #1597 ), #2105, .F. ) ;
#1730 = LINE ( 'NONE', #774, #1650 ) ;
#1731 = ORIENTED_EDGE ( 'NONE', *, *, #1509, .F. ) ;
#1732 = CARTESIAN_POINT ( 'NONE',  ( 748.8622725493455619, 846.5573669561657653, 40.00000000000000000 ) ) ;
#1733 = APPLICATION_CONTEXT ( 'configuration controlled 3d designs of mechanical parts and assemblies' ) ;
#1734 = LINE ( 'NONE', #1744, #812 ) ;
#1735 = FACE_OUTER_BOUND ( 'NONE', #1114, .T. ) ;
#1736 = DATE_AND_TIME ( #1902, #1712 ) ;
#1737 = ORIENTED_EDGE ( 'NONE', *, *, #172, .F. ) ;
#1738 = DIRECTION ( 'NONE',  ( -0.000000000000000000, -0.000000000000000000, -1.000000000000000000 ) ) ;
#1739 = AXIS2_PLACEMENT_3D ( 'NONE', #1640, #1831, #1822 ) ;
#1740 = ORIENTED_EDGE ( 'NONE', *, *, #579, .F. ) ;
#1741 = CARTESIAN_POINT ( 'NONE',  ( 730.8657170451571119, 925.0573669561657653, 40.00000000000000000 ) ) ;
#1742 = AXIS2_PLACEMENT_3D ( 'NONE', #839, #27, #1632 ) ;
#1743 = ADVANCED_FACE ( 'NONE', ( #1271 ), #169, .T. ) ;
#1744 = CARTESIAN_POINT ( 'NONE',  ( 638.8622725493455619, 846.5573669561658789, 42.00000000000000000 ) ) ;
#1745 = ADVANCED_FACE ( 'NONE', ( #1308 ), #490, .F. ) ;
#1746 = VECTOR ( 'NONE', #981, 1000.000000000000000 ) ;
#1747 = LINE ( 'NONE', #260, #211 ) ;
#1748 = AXIS2_PLACEMENT_3D ( 'NONE', #1006, #1623, #155 ) ;
#1749 = VERTEX_POINT ( 'NONE', #1796 ) ;
#1750 = CARTESIAN_POINT ( 'NONE',  ( 643.8622725493455619, 951.5573669561658789, 40.00000000000000000 ) ) ;
#1751 = VECTOR ( 'NONE', #2082, 1000.000000000000000 ) ;
#1752 = VERTEX_POINT ( 'NONE', #1605 ) ;
#1753 = CARTESIAN_POINT ( 'NONE',  ( 656.3622725493472672, 944.0573669561666748, 40.00000000000000000 ) ) ;
#1754 = CARTESIAN_POINT ( 'NONE',  ( 748.8622725493455619, 846.5573669561657653, 40.00000000000000000 ) ) ;
#1755 = FACE_OUTER_BOUND ( 'NONE', #323, .T. ) ;
#1756 = CARTESIAN_POINT ( 'NONE',  ( 643.8622725493455619, 846.5573669561657653, 40.00000000000000000 ) ) ;
#1757 = VERTEX_POINT ( 'NONE', #1099 ) ;
#1758 = CARTESIAN_POINT ( 'NONE',  ( 696.3622725493526104, 849.0573669561667884, 0.000000000000000000 ) ) ;
#1759 = ORIENTED_EDGE ( 'NONE', *, *, #396, .T. ) ;
#1760 = CARTESIAN_POINT ( 'NONE',  ( 638.8622725493455619, 946.5573669561657653, 40.00000000000000000 ) ) ;
#1761 = ORIENTED_EDGE ( 'NONE', *, *, #2088, .T. ) ;
#1762 = CARTESIAN_POINT ( 'NONE',  ( 651.3622725493471535, 849.0573669561667884, 40.00000000000000000 ) ) ;
#1763 = CARTESIAN_POINT ( 'NONE',  ( 652.8657170451571119, 925.0573669561657653, 40.00000000000000000 ) ) ;
#1764 = EDGE_CURVE ( 'NONE', #188, #768, #989, .T. ) ;
#1765 = COORDINATED_UNIVERSAL_TIME_OFFSET ( 3, 0, .BEHIND. ) ;
#1766 = VERTEX_POINT ( 'NONE', #1762 ) ;
#1767 = CARTESIAN_POINT ( 'NONE',  ( 693.8622725493524968, 849.0573669561667884, 40.00000000000000000 ) ) ;
#1768 = ADVANCED_FACE ( 'NONE', ( #1130 ), #1106, .F. ) ;
#1769 = EDGE_LOOP ( 'NONE', ( #1449, #1371 ) ) ;
#1770 = CARTESIAN_POINT ( 'NONE',  ( 652.8657170451571119, 925.0573669561657653, 42.00000000000000000 ) ) ;
#1771 = APPLICATION_CONTEXT ( 'configuration controlled 3d designs of mechanical parts and assemblies' ) ;
#1772 = VECTOR ( 'NONE', #741, 1000.000000000000000 ) ;
#1773 = ORIENTED_EDGE ( 'NONE', *, *, #1885, .F. ) ;
#1774 = PLANE ( 'NONE',  #236 ) ;
#1775 = DIRECTION ( 'NONE',  ( 0.000000000000000000, 0.000000000000000000, 1.000000000000000000 ) ) ;
#1776 = CIRCLE ( 'NONE', #2046, 2.500000000000057732 ) ;
#1777 = VECTOR ( 'NONE', #1927, 1000.000000000000000 ) ;
#1778 = ORIENTED_EDGE ( 'NONE', *, *, #637, .F. ) ;
#1779 = CARTESIAN_POINT ( 'NONE',  ( 741.3622725493473808, 849.0573669561645147, 42.00000000000000000 ) ) ;
#1780 = ADVANCED_FACE ( 'NONE', ( #1755 ), #1424, .F. ) ;
#1781 = AXIS2_PLACEMENT_3D ( 'NONE', #1555, #1174, #1828 ) ;
#1782 = EDGE_LOOP ( 'NONE', ( #300, #1022, #1737, #486, #1128, #1422, #1275, #1213 ) ) ;
#1783 = VECTOR ( 'NONE', #1842, 1000.000000000000000 ) ;
#1784 = EDGE_CURVE ( 'NONE', #1483, #616, #1843, .T. ) ;
#1785 = ORIENTED_EDGE ( 'NONE', *, *, #1039, .F. ) ;
#1786 = DIRECTION ( 'NONE',  ( 0.000000000000000000, 0.000000000000000000, 1.000000000000000000 ) ) ;
#1787 = DIRECTION ( 'NONE',  ( -0.000000000000000000, -0.000000000000000000, -1.000000000000000000 ) ) ;
#1788 = EDGE_LOOP ( 'NONE', ( #605, #820, #2022, #326 ) ) ;
#1789 = DIRECTION ( 'NONE',  ( -0.000000000000000000, -0.000000000000000000, -1.000000000000000000 ) ) ;
#1790 = CARTESIAN_POINT ( 'NONE',  ( 646.3622725493469261, 849.0573669561667884, 42.00000000000000000 ) ) ;
#1791 = ORIENTED_EDGE ( 'NONE', *, *, #114, .F. ) ;
#1792 = FACE_OUTER_BOUND ( 'NONE', #2089, .T. ) ;
#1793 = EDGE_CURVE ( 'NONE', #15, #1668, #608, .T. ) ;
#1794 = ORIENTED_EDGE ( 'NONE', *, *, #740, .F. ) ;
#1795 = DIRECTION ( 'NONE',  ( 0.000000000000000000, 0.000000000000000000, 1.000000000000000000 ) ) ;
#1796 = CARTESIAN_POINT ( 'NONE',  ( 656.3622725493472672, 944.0573669561666748, 40.00000000000000000 ) ) ;
#1797 = CARTESIAN_POINT ( 'NONE',  ( 738.8213949204392748, 944.0806844346170692, 40.00000000000000000 ) ) ;
#1798 = ORIENTED_EDGE ( 'NONE', *, *, #2024, .T. ) ;
#1799 = PLANE ( 'NONE',  #347 ) ;
#1800 = FACE_OUTER_BOUND ( 'NONE', #1982, .T. ) ;
#1801 = ORIENTED_EDGE ( 'NONE', *, *, #853, .T. ) ;
#1802 = LINE ( 'NONE', #338, #1944 ) ;
#1803 = ORIENTED_EDGE ( 'NONE', *, *, #1997, .T. ) ;
#1804 = DIRECTION ( 'NONE',  ( 1.000000000000000000, 0.000000000000000000, 0.000000000000000000 ) ) ;
#1805 = EDGE_CURVE ( 'NONE', #616, #978, #798, .T. ) ;
#1806 = AXIS2_PLACEMENT_3D ( 'NONE', #1914, #452, #1552 ) ;
#1807 = AXIS2_PLACEMENT_3D ( 'NONE', #1494, #1348, #658 ) ;
#1808 = DIRECTION ( 'NONE',  ( -0.000000000000000000, -0.000000000000000000, -1.000000000000000000 ) ) ;
#1809 = ADVANCED_FACE ( 'NONE', ( #1257, #650, #1953, #1929, #1617, #449, #467, #1116 ), #1774, .F. ) ;
#1810 = VERTEX_POINT ( 'NONE', #2094 ) ;
#1811 = CARTESIAN_POINT ( 'NONE',  ( 656.8657170451572256, 864.0573669561658789, 40.00000000000000000 ) ) ;
#1812 = AXIS2_PLACEMENT_3D ( 'NONE', #1377, #1911, #581 ) ;
#1813 = AXIS2_PLACEMENT_3D ( 'NONE', #401, #220, #531 ) ;
#1814 = DIRECTION ( 'NONE',  ( 1.000000000000000000, 0.000000000000000000, 0.000000000000000000 ) ) ;
#1815 = ORIENTED_EDGE ( 'NONE', *, *, #1012, .F. ) ;
#1816 = LINE ( 'NONE', #164, #276 ) ;
#1817 = CIRCLE ( 'NONE', #279, 4.000000000000003553 ) ;
#1818 = AXIS2_PLACEMENT_3D ( 'NONE', #1854, #536, #700 ) ;
#1819 = DIRECTION ( 'NONE',  ( -0.000000000000000000, -0.000000000000000000, -1.000000000000000000 ) ) ;
#1820 = PLANE ( 'NONE',  #35 ) ;
#1821 = ADVANCED_FACE ( 'NONE', ( #636 ), #1291, .T. ) ;
#1822 = DIRECTION ( 'NONE',  ( -1.000000000000000000, 0.000000000000000000, 0.000000000000000000 ) ) ;
#1823 = EDGE_CURVE ( 'NONE', #980, #978, #680, .T. ) ;
#1824 = EDGE_LOOP ( 'NONE', ( #961, #566, #738, #1242 ) ) ;
#1825 = DIRECTION ( 'NONE',  ( -1.000000000000000000, 0.000000000000000000, 0.000000000000000000 ) ) ;
#1826 = DIRECTION ( 'NONE',  ( 1.000000000000000000, 0.000000000000000000, 0.000000000000000000 ) ) ;
#1827 = ORIENTED_EDGE ( 'NONE', *, *, #607, .F. ) ;
#1828 = DIRECTION ( 'NONE',  ( 1.000000000000000000, 0.000000000000000000, 0.000000000000000000 ) ) ;
#1829 = VERTEX_POINT ( 'NONE', #834 ) ;
#1830 = CARTESIAN_POINT ( 'NONE',  ( 743.8622725493455619, 846.5573669561657653, 42.00000000000000000 ) ) ;
#1831 = DIRECTION ( 'NONE',  ( -0.000000000000000000, -0.000000000000000000, -1.000000000000000000 ) ) ;
#1832 = ORIENTED_EDGE ( 'NONE', *, *, #795, .T. ) ;
#1833 = DIRECTION ( 'NONE',  ( 1.000000000000000000, 0.000000000000000000, 0.000000000000000000 ) ) ;
#1834 = EDGE_CURVE ( 'NONE', #1017, #1662, #1368, .T. ) ;
#1835 = EDGE_LOOP ( 'NONE', ( #107, #1411 ) ) ;
#1836 = CARTESIAN_POINT ( 'NONE',  ( 734.8657170451571119, 868.0573669561658789, 42.00000000000000000 ) ) ;
#1837 = ORIENTED_EDGE ( 'NONE', *, *, #894, .F. ) ;
#1838 = LINE ( 'NONE', #385, #1715 ) ;
#1839 = DIRECTION ( 'NONE',  ( -0.000000000000000000, -0.000000000000000000, -1.000000000000000000 ) ) ;
#1840 = VECTOR ( 'NONE', #333, 1000.000000000000000 ) ;
#1841 = EDGE_LOOP ( 'NONE', ( #1761, #69, #384, #222 ) ) ;
#1842 = DIRECTION ( 'NONE',  ( -0.000000000000000000, -0.000000000000000000, -1.000000000000000000 ) ) ;
#1843 = CIRCLE ( 'NONE', #922, 2.500000000000057732 ) ;
#1844 = VERTEX_POINT ( 'NONE', #1653 ) ;
#1845 = EDGE_CURVE ( 'NONE', #633, #1486, #1193, .T. ) ;
#1846 = DIRECTION ( 'NONE',  ( 0.000000000000000000, 0.000000000000000000, 1.000000000000000000 ) ) ;
#1847 = AXIS2_PLACEMENT_3D ( 'NONE', #1604, #1921, #720 ) ;
#1848 = VERTEX_POINT ( 'NONE', #1480 ) ;
#1849 = EDGE_CURVE ( 'NONE', #1865, #226, #899, .T. ) ;
#1850 = DIRECTION ( 'NONE',  ( -1.000000000000000000, 0.000000000000000000, 0.000000000000000000 ) ) ;
#1851 = CARTESIAN_POINT ( 'NONE',  ( 743.8622725493455619, 951.5573669561658789, 40.00000000000000000 ) ) ;
#1852 = CIRCLE ( 'NONE', #1984, 4.000000000000003553 ) ;
#1853 = EDGE_LOOP ( 'NONE', ( #1355, #1463 ) ) ;
#1854 = CARTESIAN_POINT ( 'NONE',  ( 693.8622725493524968, 849.0573669561667884, 42.00000000000000000 ) ) ;
#1855 = DIRECTION ( 'NONE',  ( -1.000000000000000000, 0.000000000000000000, 0.000000000000000000 ) ) ;
#1856 = ORIENTED_EDGE ( 'NONE', *, *, #684, .F. ) ;
#1857 = DIRECTION ( 'NONE',  ( 0.000000000000000000, 0.000000000000000000, 1.000000000000000000 ) ) ;
#1858 = ORIENTED_EDGE ( 'NONE', *, *, #1241, .T. ) ;
#1859 = DIRECTION ( 'NONE',  ( 1.000000000000000000, 0.000000000000000000, 0.000000000000000000 ) ) ;
#1860 = EDGE_CURVE ( 'NONE', #1961, #305, #1490, .T. ) ;
#1861 = CARTESIAN_POINT ( 'NONE',  ( 653.8622725493472672, 944.0573669561666748, 40.00000000000000000 ) ) ;
#1862 = VERTEX_POINT ( 'NONE', #1532 ) ;
#1863 = DIRECTION ( 'NONE',  ( 1.000000000000000000, 0.000000000000000000, 0.000000000000000000 ) ) ;
#1864 = APPLICATION_PROTOCOL_DEFINITION ( 'international standard', 'config_control_design', 1994, #1771 ) ;
#1865 = VERTEX_POINT ( 'NONE', #1319 ) ;
#1866 = CARTESIAN_POINT ( 'NONE',  ( 693.8622725493472672, 944.0573669561666748, 42.00000000000000000 ) ) ;
#1867 = ORIENTED_EDGE ( 'NONE', *, *, #1254, .T. ) ;
#1868 = DIRECTION ( 'NONE',  ( 0.000000000000000000, 0.000000000000000000, 1.000000000000000000 ) ) ;
#1869 = EDGE_CURVE ( 'NONE', #1461, #1380, #221, .T. ) ;
#1870 = CARTESIAN_POINT ( 'NONE',  ( 748.8622725493455619, 946.5573669561657653, 40.00000000000000000 ) ) ;
#1871 = VERTEX_POINT ( 'NONE', #575 ) ;
#1872 = EDGE_CURVE ( 'NONE', #960, #1749, #2032, .T. ) ;
#1873 = DIRECTION ( 'NONE',  ( -0.000000000000000000, -0.000000000000000000, -1.000000000000000000 ) ) ;
#1874 = AXIS2_PLACEMENT_3D ( 'NONE', #672, #1329, #1976 ) ;
#1875 = DIRECTION ( 'NONE',  ( -0.000000000000000000, -0.000000000000000000, -1.000000000000000000 ) ) ;
#1876 = ORIENTED_EDGE ( 'NONE', *, *, #1234, .F. ) ;
#1877 = DIRECTION ( 'NONE',  ( 1.000000000000000000, 0.000000000000000000, -0.000000000000000000 ) ) ;
#1878 = VECTOR ( 'NONE', #218, 1000.000000000000000 ) ;
#1879 = VERTEX_POINT ( 'NONE', #415 ) ;
#1880 = CARTESIAN_POINT ( 'NONE',  ( 748.8622725493455619, 846.5573669561657653, 42.00000000000000000 ) ) ;
#1881 = AXIS2_PLACEMENT_3D ( 'NONE', #32, #1150, #1636 ) ;
#1882 = VECTOR ( 'NONE', #1702, 1000.000000000000000 ) ;
#1883 = CARTESIAN_POINT ( 'NONE',  ( 734.8657170451571119, 868.0573669561658789, 40.00000000000000000 ) ) ;
#1884 = AXIS2_PLACEMENT_3D ( 'NONE', #1358, #1593, #1877 ) ;
#1885 = EDGE_CURVE ( 'NONE', #1810, #1958, #339, .T. ) ;
#1886 = DIRECTION ( 'NONE',  ( -0.000000000000000000, -0.000000000000000000, -1.000000000000000000 ) ) ;
#1887 = EDGE_CURVE ( 'NONE', #542, #400, #273, .T. ) ;
#1888 = EDGE_LOOP ( 'NONE', ( #9, #205, #673, #1317 ) ) ;
#1889 = CARTESIAN_POINT ( 'NONE',  ( 748.8622725493455619, 946.5573669561657653, 40.00000000000000000 ) ) ;
#1890 = ORIENTED_EDGE ( 'NONE', *, *, #856, .T. ) ;
#1891 = LINE ( 'NONE', #1732, #378 ) ;
#1892 = CYLINDRICAL_SURFACE ( 'NONE', #133, 2.500000000000057732 ) ;
#1893 = DIRECTION ( 'NONE',  ( 1.000000000000000000, 0.000000000000000000, 0.000000000000000000 ) ) ;
#1894 = APPROVAL_DATE_TIME ( #1600, #342 ) ;
#1895 = EDGE_LOOP ( 'NONE', ( #1759, #688, #457, #1346 ) ) ;
#1896 = ADVANCED_FACE ( 'NONE', ( #728 ), #1820, .T. ) ;
#1897 = ORIENTED_EDGE ( 'NONE', *, *, #3, .F. ) ;
#1898 = LINE ( 'NONE', #1238, #139 ) ;
#1899 = EDGE_CURVE ( 'NONE', #960, #1616, #545, .T. ) ;
#1900 = FACE_OUTER_BOUND ( 'NONE', #1656, .T. ) ;
#1901 = DIRECTION ( 'NONE',  ( 0.000000000000000000, 0.000000000000000000, 1.000000000000000000 ) ) ;
#1902 = CALENDAR_DATE ( 2026, 19, 8 ) ;
#1903 = ORIENTED_EDGE ( 'NONE', *, *, #1254, .F. ) ;
#1904 = CARTESIAN_POINT ( 'NONE',  ( 651.3622725493472672, 849.0573669561667884, 42.00000000000000000 ) ) ;
#1905 = VECTOR ( 'NONE', #1029, 1000.000000000000000 ) ;
#1906 = EDGE_CURVE ( 'NONE', #403, #1594, #667, .T. ) ;
#1907 = AXIS2_PLACEMENT_3D ( 'NONE', #620, #1922, #331 ) ;
#1908 = ORIENTED_EDGE ( 'NONE', *, *, #227, .T. ) ;
#1909 = DIRECTION ( 'NONE',  ( 0.000000000000000000, 1.000000000000000000, 0.000000000000000000 ) ) ;
#1910 = ADVANCED_FACE ( 'NONE', ( #977 ), #1172, .F. ) ;
#1911 = DIRECTION ( 'NONE',  ( 0.000000000000000000, 0.000000000000000000, 1.000000000000000000 ) ) ;
#1912 = DIRECTION ( 'NONE',  ( 0.000000000000000000, 1.000000000000000000, 0.000000000000000000 ) ) ;
#1913 = AXIS2_PLACEMENT_3D ( 'NONE', #257, #135, #1255 ) ;
#1914 = CARTESIAN_POINT ( 'NONE',  ( 743.8622725493455619, 951.5573669561658789, 40.00000000000000000 ) ) ;
#1915 = AXIS2_PLACEMENT_3D ( 'NONE', #769, #444, #295 ) ;
#1916 = AXIS2_PLACEMENT_3D ( 'NONE', #1956, #324, #827 ) ;
#1917 = ORIENTED_EDGE ( 'NONE', *, *, #1342, .T. ) ;
#1918 = DIRECTION ( 'NONE',  ( -1.000000000000000000, 0.000000000000000000, 0.000000000000000000 ) ) ;
#1919 = EDGE_LOOP ( 'NONE', ( #1458, #806, #968, #2071 ) ) ;
#1920 = FACE_OUTER_BOUND ( 'NONE', #1841, .T. ) ;
#1921 = DIRECTION ( 'NONE',  ( 0.000000000000000000, 0.000000000000000000, 1.000000000000000000 ) ) ;
#1922 = DIRECTION ( 'NONE',  ( -0.000000000000000000, -0.000000000000000000, -1.000000000000000000 ) ) ;
#1923 = EDGE_CURVE ( 'NONE', #1279, #707, #1155, .T. ) ;
#1924 = VERTEX_POINT ( 'NONE', #691 ) ;
#1925 = CARTESIAN_POINT ( 'NONE',  ( 643.8622725493455619, 846.5573669561657653, 40.00000000000000000 ) ) ;
#1926 = ORIENTED_EDGE ( 'NONE', *, *, #752, .T. ) ;
#1927 = DIRECTION ( 'NONE',  ( -0.000000000000000000, -0.000000000000000000, -1.000000000000000000 ) ) ;
#1928 = ORIENTED_EDGE ( 'NONE', *, *, #985, .F. ) ;
#1929 = FACE_BOUND ( 'NONE', #1235, .T. ) ;
#1930 = EDGE_CURVE ( 'NONE', #887, #1551, #509, .T. ) ;
#1931 = DIRECTION ( 'NONE',  ( 1.000000000000000000, 0.000000000000000000, 0.000000000000000000 ) ) ;
#1932 = EDGE_CURVE ( 'NONE', #881, #2041, #1711, .T. ) ;
#1933 = VERTEX_POINT ( 'NONE', #1505 ) ;
#1934 = CARTESIAN_POINT ( 'NONE',  ( 738.8622725493473808, 849.0573669561645147, 42.00000000000000000 ) ) ;
#1935 = VERTEX_POINT ( 'NONE', #325 ) ;
#1936 = CYLINDRICAL_SURFACE ( 'NONE', #175, 2.500000000000057732 ) ;
#1937 = AXIS2_PLACEMENT_3D ( 'NONE', #345, #999, #835 ) ;
#1938 = ORIENTED_EDGE ( 'NONE', *, *, #799, .T. ) ;
#1939 = FACE_OUTER_BOUND ( 'NONE', #408, .T. ) ;
#1940 = CARTESIAN_POINT ( 'NONE',  ( 643.8622725493455619, 846.5573669561657653, 40.00000000000000000 ) ) ;
#1941 = LOCAL_TIME ( 10, 15, 27.00000000000000000, #1765 ) ;
#1942 = DIRECTION ( 'NONE',  ( 0.000000000000000000, 0.000000000000000000, 1.000000000000000000 ) ) ;
#1943 = VECTOR ( 'NONE', #733, 1000.000000000000000 ) ;
#1944 = VECTOR ( 'NONE', #1648, 1000.000000000000000 ) ;
#1945 = ORIENTED_EDGE ( 'NONE', *, *, #1498, .F. ) ;
#1946 = DIRECTION ( 'NONE',  ( 0.000000000000000000, 0.000000000000000000, 1.000000000000000000 ) ) ;
#1947 = AXIS2_PLACEMENT_3D ( 'NONE', #1767, #2098, #1610 ) ;
#1948 = DIRECTION ( 'NONE',  ( -0.000000000000000000, -0.000000000000000000, -1.000000000000000000 ) ) ;
#1949 = ORIENTED_EDGE ( 'NONE', *, *, #954, .F. ) ;
#1950 = VECTOR ( 'NONE', #152, 1000.000000000000000 ) ;
#1951 = ORIENTED_EDGE ( 'NONE', *, *, #48, .F. ) ;
#1952 = FACE_OUTER_BOUND ( 'NONE', #602, .T. ) ;
#1953 = FACE_BOUND ( 'NONE', #1074, .T. ) ;
#1954 = FACE_OUTER_BOUND ( 'NONE', #143, .T. ) ;
#1955 = ORIENTED_EDGE ( 'NONE', *, *, #954, .T. ) ;
#1956 = CARTESIAN_POINT ( 'NONE',  ( 693.8622725493524968, 849.0573669561667884, 40.00000000000000000 ) ) ;
#1957 = CARTESIAN_POINT ( 'NONE',  ( 738.8622725493473808, 849.0573669561645147, 40.00000000000000000 ) ) ;
#1958 = VERTEX_POINT ( 'NONE', #17 ) ;
#1959 = EDGE_CURVE ( 'NONE', #305, #1488, #779, .T. ) ;
#1960 = CARTESIAN_POINT ( 'NONE',  ( 648.8622725493471535, 849.0573669561667884, 40.00000000000000000 ) ) ;
#1961 = VERTEX_POINT ( 'NONE', #675 ) ;
#1962 = ADVANCED_FACE ( 'NONE', ( #1646 ), #1981, .F. ) ;
#1963 = DIRECTION ( 'NONE',  ( 1.000000000000000000, 0.000000000000000000, 0.000000000000000000 ) ) ;
#1964 = DIRECTION ( 'NONE',  ( 0.000000000000000000, -1.000000000000000000, 0.000000000000000000 ) ) ;
#1965 = FACE_BOUND ( 'NONE', #1769, .T. ) ;
#1966 = DIRECTION ( 'NONE',  ( -1.000000000000000000, 0.000000000000000000, 0.000000000000000000 ) ) ;
#1967 = DIRECTION ( 'NONE',  ( -0.000000000000000000, -0.000000000000000000, -1.000000000000000000 ) ) ;
#1968 = ORIENTED_EDGE ( 'NONE', *, *, #1764, .T. ) ;
#1969 = CARTESIAN_POINT ( 'NONE',  ( 734.8657170451571119, 868.0573669561658789, 40.00000000000000000 ) ) ;
#1970 = MANIFOLD_SOLID_BREP ( 'Saliente-Extruir2', #1980 ) ;
#1971 = ORIENTED_EDGE ( 'NONE', *, *, #1793, .F. ) ;
#1972 = LINE ( 'NONE', #1162, #1374 ) ;
#1973 = DIRECTION ( 'NONE',  ( 1.000000000000000000, 0.000000000000000000, 0.000000000000000000 ) ) ;
#1974 = VECTOR ( 'NONE', #1588, 1000.000000000000000 ) ;
#1975 = ADVANCED_FACE ( 'NONE', ( #178 ), #829, .F. ) ;
#1976 = DIRECTION ( 'NONE',  ( 1.000000000000000000, 0.000000000000000000, 0.000000000000000000 ) ) ;
#1977 = LOCAL_TIME ( 10, 15, 27.00000000000000000, #85 ) ;
#1978 = ORIENTED_EDGE ( 'NONE', *, *, #255, .T. ) ;
#1979 = DIRECTION ( 'NONE',  ( -0.000000000000000000, -0.000000000000000000, -1.000000000000000000 ) ) ;
#1980 = CLOSED_SHELL ( 'NONE', ( #1178, #2027, #1001, #458, #868, #1624, #765, #1809, #1205, #1768, #90, #568, #2059, #1219, #1536, #699, #710, #932, #1139, #1281, #1962, #186, #1729, #810, #1655, #2063, #1295, #825, #1076, #320 ) ) ;
#1981 = CYLINDRICAL_SURFACE ( 'NONE', #852, 4.000000000000003553 ) ;
#1982 = EDGE_LOOP ( 'NONE', ( #871, #5, #830, #550 ) ) ;
#1983 = CARTESIAN_POINT ( 'NONE',  ( 738.8213949204392748, 944.0806844346170692, 42.00000000000000000 ) ) ;
#1984 = AXIS2_PLACEMENT_3D ( 'NONE', #708, #548, #389 ) ;
#1985 = ORIENTED_EDGE ( 'NONE', *, *, #1887, .F. ) ;
#1986 = CARTESIAN_POINT ( 'NONE',  ( 643.8622725493455619, 841.5573669561657653, 40.00000000000000000 ) ) ;
#1987 = EDGE_CURVE ( 'NONE', #1103, #1331, #803, .T. ) ;
#1988 = DIRECTION ( 'NONE',  ( -0.000000000000000000, -0.000000000000000000, -1.000000000000000000 ) ) ;
#1989 = ORIENTED_EDGE ( 'NONE', *, *, #20, .F. ) ;
#1990 = CARTESIAN_POINT ( 'NONE',  ( 651.3622725493472672, 849.0573669561667884, 40.00000000000000000 ) ) ;
#1991 = DIRECTION ( 'NONE',  ( 0.000000000000000000, 0.000000000000000000, 1.000000000000000000 ) ) ;
#1992 = ORIENTED_EDGE ( 'NONE', *, *, #1569, .T. ) ;
#1993 = FACE_BOUND ( 'NONE', #232, .T. ) ;
#1994 = ORIENTED_EDGE ( 'NONE', *, *, #795, .F. ) ;
#1995 = CARTESIAN_POINT ( 'NONE',  ( 738.8213949204392748, 944.0806844346170692, 40.00000000000000000 ) ) ;
#1996 = LINE ( 'NONE', #1654, #1085 ) ;
#1997 = EDGE_CURVE ( 'NONE', #965, #1017, #473, .T. ) ;
#1998 = ORIENTED_EDGE ( 'NONE', *, *, #1885, .T. ) ;
#1999 = CARTESIAN_POINT ( 'NONE',  ( 748.8622725493455619, 946.5573669561657653, 0.000000000000000000 ) ) ;
#2000 = EDGE_CURVE ( 'NONE', #1958, #1810, #817, .T. ) ;
#2001 = DATE_AND_TIME ( #2040, #442 ) ;
#2002 = ORIENTED_EDGE ( 'NONE', *, *, #328, .F. ) ;
#2003 = FACE_OUTER_BOUND ( 'NONE', #1062, .T. ) ;
#2004 = ORIENTED_EDGE ( 'NONE', *, *, #541, .T. ) ;
#2005 = PRODUCT_DEFINITION_SHAPE ( 'NONE', 'NONE',  #723 ) ;
#2006 = CARTESIAN_POINT ( 'NONE',  ( 741.3213949204393884, 944.0806844346170692, 0.000000000000000000 ) ) ;
#2007 = LINE ( 'NONE', #1009, #815 ) ;
#2008 = VECTOR ( 'NONE', #192, 1000.000000000000000 ) ;
#2009 = AXIS2_PLACEMENT_3D ( 'NONE', #1525, #1361, #36 ) ;
#2010 = ORIENTED_EDGE ( 'NONE', *, *, #763, .F. ) ;
#2011 = VECTOR ( 'NONE', #187, 1000.000000000000000 ) ;
#2012 = VERTEX_POINT ( 'NONE', #990 ) ;
#2013 = CARTESIAN_POINT ( 'NONE',  ( 638.8622725493455619, 946.5573669561657653, 42.00000000000000000 ) ) ;
#2014 = EDGE_CURVE ( 'NONE', #861, #1665, #239, .T. ) ;
#2015 = AXIS2_PLACEMENT_3D ( 'NONE', #12, #821, #844 ) ;
#2016 = ORIENTED_EDGE ( 'NONE', *, *, #1695, .F. ) ;
#2017 = CARTESIAN_POINT ( 'NONE',  ( 743.8622725493455619, 951.5573669561658789, 42.00000000000000000 ) ) ;
#2018 = CIRCLE ( 'NONE', #996, 2.500000000000057732 ) ;
#2019 = CARTESIAN_POINT ( 'NONE',  ( 653.8622725493472672, 944.0573669561666748, 40.00000000000000000 ) ) ;
#2020 = ORIENTED_EDGE ( 'NONE', *, *, #1026, .T. ) ;
#2021 = DIRECTION ( 'NONE',  ( 0.000000000000000000, 0.000000000000000000, 1.000000000000000000 ) ) ;
#2022 = ORIENTED_EDGE ( 'NONE', *, *, #737, .F. ) ;
#2023 = CARTESIAN_POINT ( 'NONE',  ( 730.8657170451571119, 864.0573669561658789, 42.00000000000000000 ) ) ;
#2024 = EDGE_CURVE ( 'NONE', #1935, #1311, #485, .T. ) ;
#2025 = EDGE_LOOP ( 'NONE', ( #348, #702 ) ) ;
#2026 = DIRECTION ( 'NONE',  ( 1.000000000000000000, 0.000000000000000000, 0.000000000000000000 ) ) ;
#2027 = ADVANCED_FACE ( 'NONE', ( #1800 ), #967, .F. ) ;
#2028 = DIRECTION ( 'NONE',  ( 0.000000000000000000, 0.000000000000000000, 1.000000000000000000 ) ) ;
#2029 = ORIENTED_EDGE ( 'NONE', *, *, #71, .F. ) ;
#2030 = FACE_OUTER_BOUND ( 'NONE', #801, .T. ) ;
#2031 = LINE ( 'NONE', #925, #1233 ) ;
#2032 = LINE ( 'NONE', #1164, #1606 ) ;
#2033 = EDGE_LOOP ( 'NONE', ( #1031, #854, #292, #274 ) ) ;
#2034 = LINE ( 'NONE', #47, #137 ) ;
#2035 = FACE_BOUND ( 'NONE', #946, .T. ) ;
#2036 = EDGE_CURVE ( 'NONE', #645, #1625, #1323, .T. ) ;
#2037 = ORIENTED_EDGE ( 'NONE', *, *, #784, .T. ) ;
#2038 = CARTESIAN_POINT ( 'NONE',  ( 651.3622725493471535, 849.0573669561667884, 0.000000000000000000 ) ) ;
#2039 = AXIS2_PLACEMENT_3D ( 'NONE', #99, #569, #750 ) ;
#2040 = CALENDAR_DATE ( 2026, 19, 8 ) ;
#2041 = VERTEX_POINT ( 'NONE', #1790 ) ;
#2042 = FACE_OUTER_BOUND ( 'NONE', #971, .T. ) ;
#2043 = VECTOR ( 'NONE', #1667, 1000.000000000000000 ) ;
#2044 = ORIENTED_EDGE ( 'NONE', *, *, #918, .T. ) ;
#2045 = DIRECTION ( 'NONE',  ( 0.000000000000000000, 0.000000000000000000, 1.000000000000000000 ) ) ;
#2046 = AXIS2_PLACEMENT_3D ( 'NONE', #1058, #878, #1038 ) ;
#2047 = VECTOR ( 'NONE', #1303, 1000.000000000000000 ) ;
#2048 = DIRECTION ( 'NONE',  ( -0.000000000000000000, -0.000000000000000000, -1.000000000000000000 ) ) ;
#2049 = EDGE_CURVE ( 'NONE', #1161, #314, #1641, .T. ) ;
#2050 = VECTOR ( 'NONE', #1979, 1000.000000000000000 ) ;
#2051 = DIRECTION ( 'NONE',  ( 0.000000000000000000, -0.000000000000000000, -1.000000000000000000 ) ) ;
#2052 = CALENDAR_DATE ( 2026, 19, 8 ) ;
#2053 = VERTEX_POINT ( 'NONE', #1659 ) ;
#2054 = PLANE ( 'NONE',  #860 ) ;
#2055 = EDGE_LOOP ( 'NONE', ( #1492, #1025, #1199, #1506 ) ) ;
#2056 = LINE ( 'NONE', #917, #4 ) ;
#2057 = FACE_OUTER_BOUND ( 'NONE', #373, .T. ) ;
#2058 = CARTESIAN_POINT ( 'NONE',  ( 656.3622725493472672, 944.0573669561666748, 0.000000000000000000 ) ) ;
#2059 = ADVANCED_FACE ( 'NONE', ( #1043 ), #1541, .T. ) ;
#2060 = DATE_TIME_ROLE ( 'classification_date' ) ;
#2061 = EDGE_LOOP ( 'NONE', ( #1832, #51, #935, #586 ) ) ;
#2062 = CYLINDRICAL_SURFACE ( 'NONE', #591, 2.500000000000057732 ) ;
#2063 = ADVANCED_FACE ( 'NONE', ( #1053 ), #1687, .F. ) ;
#2064 = ORIENTED_EDGE ( 'NONE', *, *, #1394, .F. ) ;
#2065 = CARTESIAN_POINT ( 'NONE',  ( 730.8657170451571119, 929.0573669561657653, 40.00000000000000000 ) ) ;
#2066 = DIRECTION ( 'NONE',  ( -1.000000000000000000, 0.000000000000000000, 0.000000000000000000 ) ) ;
#2067 = CARTESIAN_POINT ( 'NONE',  ( 638.8622725493455619, 946.5573669561657653, 0.000000000000000000 ) ) ;
#2068 = ORIENTED_EDGE ( 'NONE', *, *, #2036, .F. ) ;
#2069 = CARTESIAN_POINT ( 'NONE',  ( 651.3622725493471535, 944.0573669561666748, 0.000000000000000000 ) ) ;
#2070 = AXIS2_PLACEMENT_3D ( 'NONE', #1940, #1045, #1690 ) ;
#2071 = ORIENTED_EDGE ( 'NONE', *, *, #77, .F. ) ;
#2072 = EDGE_CURVE ( 'NONE', #944, #1757, #1034, .T. ) ;
#2073 = CARTESIAN_POINT ( 'NONE',  ( 652.8657170451571119, 925.0573669561657653, 42.00000000000000000 ) ) ;
#2074 = DIRECTION ( 'NONE',  ( -1.000000000000000000, 0.000000000000000000, 0.000000000000000000 ) ) ;
#2075 = AXIS2_PLACEMENT_3D ( 'NONE', #787, #560, #1256 ) ;
#2076 = DIRECTION ( 'NONE',  ( -1.000000000000000000, 0.000000000000000000, 0.000000000000000000 ) ) ;
#2077 = AXIS2_PLACEMENT_3D ( 'NONE', #1995, #533, #1278 ) ;
#2078 = CARTESIAN_POINT ( 'NONE',  ( 656.8657170451572256, 864.0573669561658789, 40.00000000000000000 ) ) ;
#2079 = VECTOR ( 'NONE', #1738, 1000.000000000000000 ) ;
#2080 = AXIS2_PLACEMENT_3D ( 'NONE', #101, #269, #2051 ) ;
#2081 = EDGE_LOOP ( 'NONE', ( #523, #712 ) ) ;
#2082 = DIRECTION ( 'NONE',  ( -0.000000000000000000, -0.000000000000000000, -1.000000000000000000 ) ) ;
#2083 = ORIENTED_EDGE ( 'NONE', *, *, #1364, .F. ) ;
#2084 = DIRECTION ( 'NONE',  ( -1.000000000000000000, 0.000000000000000000, 0.000000000000000000 ) ) ;
#2085 = EDGE_CURVE ( 'NONE', #633, #1551, #906, .T. ) ;
#2086 = EDGE_LOOP ( 'NONE', ( #864, #1050 ) ) ;
#2087 = CARTESIAN_POINT ( 'NONE',  ( 730.8657170451571119, 925.0573669561657653, 42.00000000000000000 ) ) ;
#2088 = EDGE_CURVE ( 'NONE', #1210, #1933, #873, .T. ) ;
#2089 = EDGE_LOOP ( 'NONE', ( #376, #147, #1245, #1575 ) ) ;
#2090 = CARTESIAN_POINT ( 'NONE',  ( 696.3622725493473808, 944.0573669561666748, 0.000000000000000000 ) ) ;
#2091 = ORIENTED_EDGE ( 'NONE', *, *, #1923, .T. ) ;
#2092 = DIRECTION ( 'NONE',  ( 0.000000000000000000, 0.000000000000000000, 1.000000000000000000 ) ) ;
#2093 = ORIENTED_EDGE ( 'NONE', *, *, #1805, .F. ) ;
#2094 = CARTESIAN_POINT ( 'NONE',  ( 696.3622725493473808, 944.0573669561666748, 42.00000000000000000 ) ) ;
#2095 = ADVANCED_FACE ( 'NONE', ( #1388 ), #744, .F. ) ;
#2096 = LINE ( 'NONE', #638, #1840 ) ;
#2097 = ORIENTED_EDGE ( 'NONE', *, *, #1316, .F. ) ;
#2098 = DIRECTION ( 'NONE',  ( 0.000000000000000000, 0.000000000000000000, 1.000000000000000000 ) ) ;
#2099 = DIRECTION ( 'NONE',  ( 0.000000000000000000, 0.000000000000000000, 1.000000000000000000 ) ) ;
#2100 = VERTEX_POINT ( 'NONE', #61 ) ;
#2101 = CARTESIAN_POINT ( 'NONE',  ( 643.8622725493455619, 841.5573669561657653, 0.000000000000000000 ) ) ;
#2102 = AXIS2_PLACEMENT_3D ( 'NONE', #375, #356, #387 ) ;
#2103 = ORIENTED_EDGE ( 'NONE', *, *, #3, .T. ) ;
#2104 = CARTESIAN_POINT ( 'NONE',  ( 643.8622725493455619, 841.5573669561657653, 42.00000000000000000 ) ) ;
#2105 = CYLINDRICAL_SURFACE ( 'NONE', #1907, 4.000000000000003553 ) ;
#2106 = VECTOR ( 'NONE', #1912, 1000.000000000000000 ) ;
#2107 = VECTOR ( 'NONE', #1004, 1000.000000000000000 ) ;
ENDSEC;
END-ISO-10303-21;
