ISO-10303-21;
HEADER;
FILE_DESCRIPTION (( 'STEP AP203' ),
    '1' );
FILE_NAME ('PlatAlumnio 1.STEP',
    '2026-08-19T13:18:08',
    ( '' ),
    ( '' ),
    'SwSTEP 2.0',
    'SolidWorks 2026',
    '' );
FILE_SCHEMA (( 'CONFIG_CONTROL_DESIGN' ));
ENDSEC;

DATA;
#1 = DIRECTION ( 'NONE',  ( 0.000000000000000000, 1.000000000000000000, 0.000000000000000000 ) ) ;
#2 = ORIENTED_EDGE ( 'NONE', *, *, #213, .F. ) ;
#3 = CARTESIAN_POINT ( 'NONE',  ( -47.00000000000000711, 10.00000000000000000, 44.99999999999999289 ) ) ;
#4 = CARTESIAN_POINT ( 'NONE',  ( 0.000000000000000000, 14.00000000000000000, 47.00000000000001421 ) ) ;
#5 = CIRCLE ( 'NONE', #256, 2.000000000000001776 ) ;
#6 = AXIS2_PLACEMENT_3D ( 'NONE', #952, #1412, #196 ) ;
#7 = ORIENTED_EDGE ( 'NONE', *, *, #458, .T. ) ;
#8 = VERTEX_POINT ( 'NONE', #1795 ) ;
#9 = EDGE_CURVE ( 'NONE', #1590, #1922, #1234, .T. ) ;
#10 = CARTESIAN_POINT ( 'NONE',  ( -46.99999999999999289, 0.000000000000000000, -47.00000000000001421 ) ) ;
#11 = EDGE_CURVE ( 'NONE', #1589, #387, #1008, .T. ) ;
#12 = DIRECTION ( 'NONE',  ( 0.000000000000000000, 1.000000000000000000, 0.000000000000000000 ) ) ;
#13 = AXIS2_PLACEMENT_3D ( 'NONE', #655, #324, #1702 ) ;
#14 = ORIENTED_EDGE ( 'NONE', *, *, #1308, .T. ) ;
#15 = FACE_OUTER_BOUND ( 'NONE', #416, .T. ) ;
#16 = CARTESIAN_POINT ( 'NONE',  ( -46.99999999999999289, 10.00000000000000000, -51.00000000000000711 ) ) ;
#17 = CIRCLE ( 'NONE', #997, 3.999999999999996447 ) ;
#18 = ORIENTED_EDGE ( 'NONE', *, *, #686, .T. ) ;
#19 = ORIENTED_EDGE ( 'NONE', *, *, #1619, .T. ) ;
#20 = CARTESIAN_POINT ( 'NONE',  ( 0.000000000000000000, 14.00000000000000000, 47.00000000000001421 ) ) ;
#21 = EDGE_CURVE ( 'NONE', #652, #1086, #223, .T. ) ;
#22 = LINE ( 'NONE', #338, #643 ) ;
#23 = CARTESIAN_POINT ( 'NONE',  ( -20.50000000000000711, 0.000000000000000000, 16.99999999999999289 ) ) ;
#24 = ORIENTED_EDGE ( 'NONE', *, *, #1703, .T. ) ;
#25 = CARTESIAN_POINT ( 'NONE',  ( 0.000000000000000000, 13.99999999999999822, 47.00000000000001421 ) ) ;
#26 = DIRECTION ( 'NONE',  ( 0.000000000000000000, 0.000000000000000000, -1.000000000000000000 ) ) ;
#27 = ORIENTED_EDGE ( 'NONE', *, *, #1664, .F. ) ;
#28 = DIRECTION ( 'NONE',  ( 0.000000000000000000, 0.000000000000000000, -1.000000000000000000 ) ) ;
#29 = CARTESIAN_POINT ( 'NONE',  ( 1.387778780781445676E-14, 6.299999999999999822, -46.99999999999998579 ) ) ;
#30 = ADVANCED_FACE ( 'NONE', ( #1347 ), #1335, .F. ) ;
#31 = CARTESIAN_POINT ( 'NONE',  ( 1.424518184755866220E-14, 13.70000000000000107, -49.99999999999998579 ) ) ;
#32 = DIRECTION ( 'NONE',  ( 0.000000000000000000, 0.000000000000000000, -1.000000000000000000 ) ) ;
#33 = CARTESIAN_POINT ( 'NONE',  ( 46.99999999999999289, 0.000000000000000000, -47.00000000000001421 ) ) ;
#34 = ORIENTED_EDGE ( 'NONE', *, *, #708, .T. ) ;
#35 = CIRCLE ( 'NONE', #225, 2.000000000000001776 ) ;
#36 = DIRECTION ( 'NONE',  ( 0.000000000000000000, 0.000000000000000000, 1.000000000000000000 ) ) ;
#37 = CIRCLE ( 'NONE', #198, 0.9999999999999991118 ) ;
#38 = CARTESIAN_POINT ( 'NONE',  ( 53.00000000000000000, 20.00000000000000000, 54.99999999999999289 ) ) ;
#39 = CARTESIAN_POINT ( 'NONE',  ( 2.143131898507867311E-16, 10.00000000000000000, 48.75000000000001421 ) ) ;
#40 = DIRECTION ( 'NONE',  ( -0.000000000000000000, -1.000000000000000000, -0.000000000000000000 ) ) ;
#41 = CIRCLE ( 'NONE', #1279, 2.500000000000002220 ) ;
#42 = LINE ( 'NONE', #220, #1931 ) ;
#43 = EDGE_CURVE ( 'NONE', #1798, #553, #1709, .T. ) ;
#44 = CIRCLE ( 'NONE', #615, 3.999999999999996447 ) ;
#45 = VERTEX_POINT ( 'NONE', #253 ) ;
#46 = ORIENTED_EDGE ( 'NONE', *, *, #48, .T. ) ;
#47 = CIRCLE ( 'NONE', #112, 1.750000000000000000 ) ;
#48 = EDGE_CURVE ( 'NONE', #1254, #1009, #917, .T. ) ;
#49 = EDGE_CURVE ( 'NONE', #1789, #1184, #1157, .T. ) ;
#50 = DIRECTION ( 'NONE',  ( 0.000000000000000000, 0.000000000000000000, 1.000000000000000000 ) ) ;
#51 = FACE_BOUND ( 'NONE', #1769, .T. ) ;
#52 = FACE_BOUND ( 'NONE', #1174, .T. ) ;
#53 = FACE_BOUND ( 'NONE', #1722, .T. ) ;
#54 = DIRECTION ( 'NONE',  ( -0.000000000000000000, 1.000000000000000000, -0.000000000000000000 ) ) ;
#55 = ORIENTED_EDGE ( 'NONE', *, *, #1676, .T. ) ;
#56 = ORIENTED_EDGE ( 'NONE', *, *, #1593, .T. ) ;
#57 = EDGE_CURVE ( 'NONE', #1749, #311, #951, .T. ) ;
#58 = CARTESIAN_POINT ( 'NONE',  ( 54.99999999999998579, 0.000000000000000000, -53.00000000000000711 ) ) ;
#59 = PRODUCT_RELATED_PRODUCT_CATEGORY ( 'detail', '', ( #1136 ) ) ;
#60 = CARTESIAN_POINT ( 'NONE',  ( 46.99999999999999289, 10.00000000000000000, -47.00000000000001421 ) ) ;
#61 = FACE_OUTER_BOUND ( 'NONE', #321, .T. ) ;
#62 = DIRECTION ( 'NONE',  ( 0.000000000000000000, 0.000000000000000000, 1.000000000000000000 ) ) ;
#63 = DIRECTION ( 'NONE',  ( 0.000000000000000000, -1.000000000000000000, 0.000000000000000000 ) ) ;
#64 = ORIENTED_EDGE ( 'NONE', *, *, #217, .F. ) ;
#65 = ORIENTED_EDGE ( 'NONE', *, *, #1110, .T. ) ;
#66 = EDGE_LOOP ( 'NONE', ( #728, #243 ) ) ;
#67 = AXIS2_PLACEMENT_3D ( 'NONE', #33, #1063, #1667 ) ;
#68 = EDGE_CURVE ( 'NONE', #1523, #1877, #1186, .T. ) ;
#69 = AXIS2_PLACEMENT_3D ( 'NONE', #965, #1385, #1672 ) ;
#70 = CARTESIAN_POINT ( 'NONE',  ( 0.000000000000000000, 0.000000000000000000, 0.000000000000000000 ) ) ;
#71 = EDGE_CURVE ( 'NONE', #1224, #1698, #1037, .T. ) ;
#72 = CARTESIAN_POINT ( 'NONE',  ( 47.00000000000002132, 20.00000000000000000, -46.99999999999998579 ) ) ;
#73 = APPROVAL_ROLE ( '' ) ;
#74 = FACE_OUTER_BOUND ( 'NONE', #970, .T. ) ;
#75 = ORIENTED_EDGE ( 'NONE', *, *, #1430, .F. ) ;
#76 = ORIENTED_EDGE ( 'NONE', *, *, #1593, .F. ) ;
#77 = VECTOR ( 'NONE', #1595, 1000.000000000000000 ) ;
#78 = ORIENTED_EDGE ( 'NONE', *, *, #747, .T. ) ;
#79 = AXIS2_PLACEMENT_3D ( 'NONE', #1364, #911, #145 ) ;
#80 = DIRECTION ( 'NONE',  ( 0.000000000000000000, -1.000000000000000000, 0.000000000000000000 ) ) ;
#81 = ADVANCED_FACE ( 'NONE', ( #1016 ), #425, .F. ) ;
#82 = DIRECTION ( 'NONE',  ( 0.000000000000000000, 1.000000000000000000, 0.000000000000000000 ) ) ;
#83 = DIRECTION ( 'NONE',  ( -0.000000000000000000, 1.000000000000000000, -0.000000000000000000 ) ) ;
#84 = EDGE_CURVE ( 'NONE', #1107, #1647, #350, .T. ) ;
#85 = ORIENTED_EDGE ( 'NONE', *, *, #1701, .F. ) ;
#86 = EDGE_LOOP ( 'NONE', ( #1199, #120, #1907, #261, #1866, #757, #1296, #14 ) ) ;
#87 = ORIENTED_EDGE ( 'NONE', *, *, #1679, .F. ) ;
#88 = CARTESIAN_POINT ( 'NONE',  ( 46.99999999999999289, 10.00000000000000000, -47.00000000000001421 ) ) ;
#89 = FACE_OUTER_BOUND ( 'NONE', #663, .T. ) ;
#90 = APPROVAL_STATUS ( 'not_yet_approved' ) ;
#91 = DIRECTION ( 'NONE',  ( 0.000000000000000000, 0.000000000000000000, -1.000000000000000000 ) ) ;
#92 = EDGE_CURVE ( 'NONE', #987, #824, #606, .T. ) ;
#93 = VERTEX_POINT ( 'NONE', #1905 ) ;
#94 = DIRECTION ( 'NONE',  ( 0.000000000000000000, -1.000000000000000000, 0.000000000000000000 ) ) ;
#95 = DIRECTION ( 'NONE',  ( -0.000000000000000000, -1.000000000000000000, -0.000000000000000000 ) ) ;
#96 = EDGE_CURVE ( 'NONE', #1463, #1264, #418, .T. ) ;
#97 = ORIENTED_EDGE ( 'NONE', *, *, #578, .T. ) ;
#98 = VECTOR ( 'NONE', #1327, 1000.000000000000000 ) ;
#99 = DIRECTION ( 'NONE',  ( 0.000000000000000000, 0.000000000000000000, 1.000000000000000000 ) ) ;
#100 = CARTESIAN_POINT ( 'NONE',  ( -19.49999999999999645, 0.000000000000000000, -17.99999999999999645 ) ) ;
#101 = PLANE ( 'NONE',  #1870 ) ;
#102 = AXIS2_PLACEMENT_3D ( 'NONE', #1852, #1539, #170 ) ;
#103 = ORIENTED_EDGE ( 'NONE', *, *, #1872, .T. ) ;
#104 = CARTESIAN_POINT ( 'NONE',  ( 15.84314575050760965, 0.000000000000000000, -17.99999999999999645 ) ) ;
#105 = EDGE_CURVE ( 'NONE', #452, #183, #593, .T. ) ;
#106 = DIRECTION ( 'NONE',  ( -0.000000000000000000, -1.000000000000000000, -0.000000000000000000 ) ) ;
#107 = VERTEX_POINT ( 'NONE', #695 ) ;
#108 = AXIS2_PLACEMENT_3D ( 'NONE', #1168, #1945, #275 ) ;
#109 = CC_DESIGN_DATE_AND_TIME_ASSIGNMENT ( #850, #1885, ( #113 ) ) ;
#110 = CIRCLE ( 'NONE', #1215, 1.000000000000000888 ) ;
#111 = CARTESIAN_POINT ( 'NONE',  ( 46.99999999999999289, 0.000000000000000000, 51.00000000000000711 ) ) ;
#112 = AXIS2_PLACEMENT_3D ( 'NONE', #1942, #1824, #470 ) ;
#113 = SECURITY_CLASSIFICATION ( '', '', #1616 ) ;
#114 = DIRECTION ( 'NONE',  ( 0.000000000000000000, 0.000000000000000000, 1.000000000000000000 ) ) ;
#115 =( NAMED_UNIT ( * ) PLANE_ANGLE_UNIT ( ) SI_UNIT ( $, .RADIAN. ) );
#116 = DIRECTION ( 'NONE',  ( 0.000000000000000000, -1.000000000000000000, 0.000000000000000000 ) ) ;
#117 = ORIENTED_EDGE ( 'NONE', *, *, #1011, .T. ) ;
#118 = DIRECTION ( 'NONE',  ( 0.000000000000000000, 0.000000000000000000, 1.000000000000000000 ) ) ;
#119 = CARTESIAN_POINT ( 'NONE',  ( 47.00000000000002132, 20.00000000000000000, -46.99999999999998579 ) ) ;
#120 = ORIENTED_EDGE ( 'NONE', *, *, #1466, .T. ) ;
#121 = EDGE_CURVE ( 'NONE', #8, #356, #1305, .T. ) ;
#122 = CYLINDRICAL_SURFACE ( 'NONE', #295, 2.000000000000001776 ) ;
#123 = CARTESIAN_POINT ( 'NONE',  ( 1.387778780781445676E-14, 13.70000000000000107, -43.99999999999998579 ) ) ;
#124 = ORIENTED_EDGE ( 'NONE', *, *, #1085, .F. ) ;
#125 = DIRECTION ( 'NONE',  ( 0.000000000000000000, 0.000000000000000000, 1.000000000000000000 ) ) ;
#126 = ORIENTED_EDGE ( 'NONE', *, *, #448, .F. ) ;
#127 = ORIENTED_EDGE ( 'NONE', *, *, #580, .T. ) ;
#128 = DIRECTION ( 'NONE',  ( -0.000000000000000000, -1.000000000000000000, -0.000000000000000000 ) ) ;
#129 = DIRECTION ( 'NONE',  ( 0.000000000000000000, 1.000000000000000000, 0.000000000000000000 ) ) ;
#130 = DIRECTION ( 'NONE',  ( -0.000000000000000000, 1.000000000000000000, -0.000000000000000000 ) ) ;
#131 = AXIS2_PLACEMENT_3D ( 'NONE', #1531, #1239, #620 ) ;
#132 = ADVANCED_FACE ( 'NONE', ( #317 ), #300, .F. ) ;
#133 = AXIS2_PLACEMENT_3D ( 'NONE', #1340, #1483, #1323 ) ;
#134 = EDGE_LOOP ( 'NONE', ( #1453, #371, #97, #1242 ) ) ;
#135 = LINE ( 'NONE', #308, #1660 ) ;
#136 = DIRECTION ( 'NONE',  ( 0.000000000000000000, 0.000000000000000000, -1.000000000000000000 ) ) ;
#137 = ORIENTED_EDGE ( 'NONE', *, *, #1187, .F. ) ;
#138 = AXIS2_PLACEMENT_3D ( 'NONE', #991, #1584, #99 ) ;
#139 = DIRECTION ( 'NONE',  ( 0.000000000000000000, 0.000000000000000000, -1.000000000000000000 ) ) ;
#140 = AXIS2_PLACEMENT_3D ( 'NONE', #1225, #1076, #344 ) ;
#141 = LINE ( 'NONE', #607, #1438 ) ;
#142 = DIRECTION ( 'NONE',  ( 0.000000000000000000, 0.000000000000000000, -1.000000000000000000 ) ) ;
#143 = ADVANCED_FACE ( 'NONE', ( #937 ), #471, .F. ) ;
#144 = ORIENTED_EDGE ( 'NONE', *, *, #1656, .T. ) ;
#145 = DIRECTION ( 'NONE',  ( 0.000000000000000000, 0.000000000000000000, 1.000000000000000000 ) ) ;
#146 = CARTESIAN_POINT ( 'NONE',  ( 20.20710678118654968, 20.00000000000000355, -14.05025253169417532 ) ) ;
#147 = ORIENTED_EDGE ( 'NONE', *, *, #929, .F. ) ;
#148 = CARTESIAN_POINT ( 'NONE',  ( -55.00000000000000000, 20.00000000000000000, 52.99999999999999289 ) ) ;
#149 = DIRECTION ( 'NONE',  ( 0.000000000000000000, 0.000000000000000000, -1.000000000000000000 ) ) ;
#150 = ORIENTED_EDGE ( 'NONE', *, *, #1847, .T. ) ;
#151 = FACE_OUTER_BOUND ( 'NONE', #413, .T. ) ;
#152 = DIRECTION ( 'NONE',  ( -1.000000000000000000, -0.000000000000000000, -0.000000000000000000 ) ) ;
#153 = EDGE_CURVE ( 'NONE', #652, #1000, #1355, .T. ) ;
#154 = EDGE_LOOP ( 'NONE', ( #1896, #871 ) ) ;
#155 = EDGE_LOOP ( 'NONE', ( #1508, #1287, #1095, #328 ) ) ;
#156 = EDGE_CURVE ( 'NONE', #1232, #1732, #286, .T. ) ;
#157 = CARTESIAN_POINT ( 'NONE',  ( -19.49999999999999645, 20.00000000000000355, -17.99999999999999645 ) ) ;
#158 = DIRECTION ( 'NONE',  ( 0.000000000000000000, 0.000000000000000000, 1.000000000000000000 ) ) ;
#159 = VERTEX_POINT ( 'NONE', #1816 ) ;
#160 = LINE ( 'NONE', #1666, #899 ) ;
#161 = DIRECTION ( 'NONE',  ( 0.000000000000000000, 1.000000000000000000, 0.000000000000000000 ) ) ;
#162 = VECTOR ( 'NONE', #1728, 1000.000000000000000 ) ;
#163 = CIRCLE ( 'NONE', #638, 2.000000000000001776 ) ;
#164 = EDGE_CURVE ( 'NONE', #332, #1925, #784, .T. ) ;
#165 = VERTEX_POINT ( 'NONE', #1213 ) ;
#166 = EDGE_CURVE ( 'NONE', #1793, #165, #480, .T. ) ;
#167 = CARTESIAN_POINT ( 'NONE',  ( -19.50000000000000711, 0.000000000000000000, 17.00000000000000000 ) ) ;
#168 = LINE ( 'NONE', #760, #1720 ) ;
#169 = CIRCLE ( 'NONE', #1594, 1.750000000000000000 ) ;
#170 = DIRECTION ( 'NONE',  ( 0.000000000000000000, 0.000000000000000000, -1.000000000000000000 ) ) ;
#171 = ORIENTED_EDGE ( 'NONE', *, *, #481, .F. ) ;
#172 = CARTESIAN_POINT ( 'NONE',  ( 46.99999999999999289, 10.00000000000000000, 47.00000000000001421 ) ) ;
#173 = DIRECTION ( 'NONE',  ( 0.000000000000000000, 0.000000000000000000, 1.000000000000000000 ) ) ;
#174 = CIRCLE ( 'NONE', #646, 2.500000000000002220 ) ;
#175 = EDGE_LOOP ( 'NONE', ( #521, #1115, #1856, #946 ) ) ;
#176 = CC_DESIGN_APPROVAL ( #722, ( #1258 ) ) ;
#177 = ORIENTED_EDGE ( 'NONE', *, *, #1304, .T. ) ;
#178 = EDGE_CURVE ( 'NONE', #928, #494, #574, .T. ) ;
#179 = LINE ( 'NONE', #1100, #518 ) ;
#180 = CARTESIAN_POINT ( 'NONE',  ( 0.000000000000000000, 14.00000000000000000, 47.00000000000001421 ) ) ;
#181 = CARTESIAN_POINT ( 'NONE',  ( 46.99999999999999289, 10.00000000000000000, -47.00000000000001421 ) ) ;
#182 = DIRECTION ( 'NONE',  ( -0.000000000000000000, -1.000000000000000000, -0.000000000000000000 ) ) ;
#183 = VERTEX_POINT ( 'NONE', #1506 ) ;
#184 = CYLINDRICAL_SURFACE ( 'NONE', #932, 2.500000000000002220 ) ;
#185 = EDGE_CURVE ( 'NONE', #762, #988, #1365, .T. ) ;
#186 = DIRECTION ( 'NONE',  ( -1.000000000000000000, 0.000000000000000000, 1.261617073437677999E-16 ) ) ;
#187 = CARTESIAN_POINT ( 'NONE',  ( 1.387778780781445676E-14, 0.000000000000000000, -46.99999999999998579 ) ) ;
#188 = CARTESIAN_POINT ( 'NONE',  ( -19.50000000000000711, 0.000000000000000000, 17.00000000000000000 ) ) ;
#189 = ADVANCED_FACE ( 'NONE', ( #1686 ), #775, .F. ) ;
#190 = VERTEX_POINT ( 'NONE', #454 ) ;
#191 = ORIENTED_EDGE ( 'NONE', *, *, #105, .T. ) ;
#192 = AXIS2_PLACEMENT_3D ( 'NONE', #1027, #106, #1635 ) ;
#193 = DIRECTION ( 'NONE',  ( 0.000000000000000000, 0.000000000000000000, 1.000000000000000000 ) ) ;
#194 = CIRCLE ( 'NONE', #1652, 3.999999999999996447 ) ;
#195 = FACE_OUTER_BOUND ( 'NONE', #1480, .T. ) ;
#196 = DIRECTION ( 'NONE',  ( 0.000000000000000000, 0.000000000000000000, 1.000000000000000000 ) ) ;
#197 = LINE ( 'NONE', #802, #1723 ) ;
#198 = AXIS2_PLACEMENT_3D ( 'NONE', #909, #1638, #1210 ) ;
#199 = CARTESIAN_POINT ( 'NONE',  ( 1.387778780781445676E-14, 13.70000000000000107, -46.99999999999998579 ) ) ;
#200 = EDGE_CURVE ( 'NONE', #1583, #311, #464, .T. ) ;
#201 = AXIS2_PLACEMENT_3D ( 'NONE', #466, #1398, #778 ) ;
#202 = ORIENTED_EDGE ( 'NONE', *, *, #1917, .F. ) ;
#203 = VERTEX_POINT ( 'NONE', #330 ) ;
#204 = CIRCLE ( 'NONE', #1940, 2.000000000000001776 ) ;
#205 = CC_DESIGN_SECURITY_CLASSIFICATION ( #113, ( #1319 ) ) ;
#206 = LINE ( 'NONE', #1574, #325 ) ;
#207 = ORIENTED_EDGE ( 'NONE', *, *, #1479, .T. ) ;
#208 = DIRECTION ( 'NONE',  ( 0.000000000000000000, 0.000000000000000000, -1.000000000000000000 ) ) ;
#209 = PLANE ( 'NONE',  #1808 ) ;
#210 = DIRECTION ( 'NONE',  ( 0.000000000000000000, 0.000000000000000000, 1.000000000000000000 ) ) ;
#211 = FACE_OUTER_BOUND ( 'NONE', #1118, .T. ) ;
#212 = ORIENTED_EDGE ( 'NONE', *, *, #1654, .T. ) ;
#213 = EDGE_CURVE ( 'NONE', #1732, #1232, #1678, .T. ) ;
#214 = ORIENTED_EDGE ( 'NONE', *, *, #712, .T. ) ;
#215 = DIRECTION ( 'NONE',  ( 0.000000000000000000, 0.000000000000000000, -1.000000000000000000 ) ) ;
#216 = ORIENTED_EDGE ( 'NONE', *, *, #742, .T. ) ;
#217 = EDGE_CURVE ( 'NONE', #1747, #1509, #636, .T. ) ;
#218 = FACE_BOUND ( 'NONE', #423, .T. ) ;
#219 = LINE ( 'NONE', #1568, #1441 ) ;
#220 = CARTESIAN_POINT ( 'NONE',  ( 46.99999999999999289, 10.00000000000000000, 51.00000000000000711 ) ) ;
#221 = ORIENTED_EDGE ( 'NONE', *, *, #580, .F. ) ;
#222 = ORIENTED_EDGE ( 'NONE', *, *, #746, .T. ) ;
#223 = CIRCLE ( 'NONE', #632, 1.750000000000001554 ) ;
#224 = ORIENTED_EDGE ( 'NONE', *, *, #467, .T. ) ;
#225 = AXIS2_PLACEMENT_3D ( 'NONE', #1549, #63, #834 ) ;
#226 = EDGE_CURVE ( 'NONE', #332, #777, #912, .T. ) ;
#227 = VECTOR ( 'NONE', #130, 1000.000000000000000 ) ;
#228 = LINE ( 'NONE', #1457, #1181 ) ;
#229 = CARTESIAN_POINT ( 'NONE',  ( 0.000000000000000000, 14.00000000000000000, 47.00000000000001421 ) ) ;
#230 = DIRECTION ( 'NONE',  ( 0.000000000000000000, 0.000000000000000000, 1.000000000000000000 ) ) ;
#231 = CARTESIAN_POINT ( 'NONE',  ( -47.00000000000000000, 10.00000000000000000, -47.00000000000000000 ) ) ;
#232 = AXIS2_PLACEMENT_3D ( 'NONE', #1782, #873, #158 ) ;
#233 = ORIENTED_EDGE ( 'NONE', *, *, #11, .T. ) ;
#234 = ORIENTED_EDGE ( 'NONE', *, *, #1582, .T. ) ;
#235 = VECTOR ( 'NONE', #729, 1000.000000000000000 ) ;
#236 = AXIS2_PLACEMENT_3D ( 'NONE', #299, #904, #1515 ) ;
#237 = ORIENTED_EDGE ( 'NONE', *, *, #359, .F. ) ;
#238 = ORGANIZATION ( 'UNSPECIFIED', 'UNSPECIFIED', '' ) ;
#239 = CARTESIAN_POINT ( 'NONE',  ( 15.84314575050760965, 0.000000000000000000, -17.99999999999999645 ) ) ;
#240 = LINE ( 'NONE', #526, #1079 ) ;
#241 = DIRECTION ( 'NONE',  ( 1.000000000000000000, 0.000000000000000000, 0.000000000000000000 ) ) ;
#242 = LINE ( 'NONE', #558, #1555 ) ;
#243 = ORIENTED_EDGE ( 'NONE', *, *, #578, .F. ) ;
#244 = CARTESIAN_POINT ( 'NONE',  ( 0.000000000000000000, 10.00000000000000000, 44.50000000000001421 ) ) ;
#245 = VERTEX_POINT ( 'NONE', #146 ) ;
#246 = DIRECTION ( 'NONE',  ( 0.000000000000000000, 0.000000000000000000, -1.000000000000000000 ) ) ;
#247 = EDGE_CURVE ( 'NONE', #698, #537, #759, .T. ) ;
#248 = CARTESIAN_POINT ( 'NONE',  ( 0.000000000000000000, 10.00000000000000000, 47.00000000000001421 ) ) ;
#249 = CALENDAR_DATE ( 2026, 19, 8 ) ;
#250 = CARTESIAN_POINT ( 'NONE',  ( 19.49999999999999289, 0.000000000000000000, 17.00000000000000000 ) ) ;
#251 = EDGE_LOOP ( 'NONE', ( #1116, #404 ) ) ;
#252 = CARTESIAN_POINT ( 'NONE',  ( -53.00000000000001421, 20.00000000000000000, -55.00000000000000711 ) ) ;
#253 = CARTESIAN_POINT ( 'NONE',  ( 1.424518184755866220E-14, 6.299999999999999822, -43.99999999999998579 ) ) ;
#254 = ORIENTED_EDGE ( 'NONE', *, *, #1280, .F. ) ;
#255 = DIRECTION ( 'NONE',  ( 0.000000000000000000, 0.000000000000000000, -1.000000000000000000 ) ) ;
#256 = AXIS2_PLACEMENT_3D ( 'NONE', #231, #83, #91 ) ;
#257 = CIRCLE ( 'NONE', #287, 1.000000000000000888 ) ;
#258 = CYLINDRICAL_SURFACE ( 'NONE', #1372, 2.000000000000001776 ) ;
#259 = COORDINATED_UNIVERSAL_TIME_OFFSET ( 3, 0, .BEHIND. ) ;
#260 = FACE_OUTER_BOUND ( 'NONE', #603, .T. ) ;
#261 = ORIENTED_EDGE ( 'NONE', *, *, #529, .T. ) ;
#262 = DIRECTION ( 'NONE',  ( -0.000000000000000000, 1.000000000000000000, -0.000000000000000000 ) ) ;
#263 = CARTESIAN_POINT ( 'NONE',  ( -47.00000000000000000, 20.00000000000000000, -47.00000000000000000 ) ) ;
#264 = ORIENTED_EDGE ( 'NONE', *, *, #1797, .T. ) ;
#265 = AXIS2_PLACEMENT_3D ( 'NONE', #70, #533, #1281 ) ;
#266 = AXIS2_PLACEMENT_3D ( 'NONE', #474, #1820, #1058 ) ;
#267 = CARTESIAN_POINT ( 'NONE',  ( 46.99999999999999289, 0.000000000000000000, -43.00000000000001421 ) ) ;
#268 = DIRECTION ( 'NONE',  ( 0.000000000000000000, 1.000000000000000000, 0.000000000000000000 ) ) ;
#269 = CARTESIAN_POINT ( 'NONE',  ( 1.387778780781445676E-14, 6.299999999999999822, -46.99999999999998579 ) ) ;
#270 = VERTEX_POINT ( 'NONE', #16 ) ;
#271 = DIRECTION ( 'NONE',  ( 0.000000000000000000, -1.000000000000000000, 0.000000000000000000 ) ) ;
#272 = DIRECTION ( 'NONE',  ( -1.000000000000000000, -0.000000000000000000, -0.000000000000000000 ) ) ;
#273 = EDGE_CURVE ( 'NONE', #1086, #629, #1222, .T. ) ;
#274 = ORIENTED_EDGE ( 'NONE', *, *, #426, .F. ) ;
#275 = DIRECTION ( 'NONE',  ( 0.000000000000000000, 0.000000000000000000, -1.000000000000000000 ) ) ;
#276 = EDGE_CURVE ( 'NONE', #311, #1749, #1524, .T. ) ;
#277 = CARTESIAN_POINT ( 'NONE',  ( 1.387778780781445676E-14, 0.000000000000000000, -49.99999999999998579 ) ) ;
#278 = DIRECTION ( 'NONE',  ( 1.000000000000000000, 0.000000000000000000, 0.000000000000000000 ) ) ;
#279 = VERTEX_POINT ( 'NONE', #519 ) ;
#280 = CYLINDRICAL_SURFACE ( 'NONE', #331, 2.000000000000001776 ) ;
#281 = DIRECTION ( 'NONE',  ( 0.000000000000000000, 0.000000000000000000, 1.000000000000000000 ) ) ;
#282 = ORIENTED_EDGE ( 'NONE', *, *, #153, .T. ) ;
#283 = DIRECTION ( 'NONE',  ( -0.000000000000000000, -1.000000000000000000, -0.000000000000000000 ) ) ;
#284 = EDGE_CURVE ( 'NONE', #107, #203, #792, .T. ) ;
#285 = CARTESIAN_POINT ( 'NONE',  ( -55.00000000000001421, 20.00000000000000000, -55.00000000000000711 ) ) ;
#286 = CIRCLE ( 'NONE', #131, 3.999999999999996447 ) ;
#287 = AXIS2_PLACEMENT_3D ( 'NONE', #490, #476, #1695 ) ;
#288 = ORIENTED_EDGE ( 'NONE', *, *, #247, .F. ) ;
#289 = PLANE ( 'NONE',  #1785 ) ;
#290 = CARTESIAN_POINT ( 'NONE',  ( -55.00000000000001421, 20.00000000000000000, -55.00000000000000711 ) ) ;
#291 = EDGE_LOOP ( 'NONE', ( #1738, #509, #907, #805 ) ) ;
#292 = ORIENTED_EDGE ( 'NONE', *, *, #1244, .F. ) ;
#293 = CIRCLE ( 'NONE', #829, 3.999999999999996447 ) ;
#294 = LINE ( 'NONE', #457, #703 ) ;
#295 = AXIS2_PLACEMENT_3D ( 'NONE', #1653, #1937, #255 ) ;
#296 = EDGE_CURVE ( 'NONE', #1922, #1590, #1270, .T. ) ;
#297 = CARTESIAN_POINT ( 'NONE',  ( 46.99999999999999289, 20.00000000000000000, 47.00000000000001421 ) ) ;
#298 = ORIENTED_EDGE ( 'NONE', *, *, #1536, .F. ) ;
#299 = CARTESIAN_POINT ( 'NONE',  ( -46.99999999999999289, 10.00000000000000000, 47.00000000000001421 ) ) ;
#300 = CYLINDRICAL_SURFACE ( 'NONE', #1047, 1.750000000000000000 ) ;
#301 = EDGE_CURVE ( 'NONE', #1129, #1254, #42, .T. ) ;
#302 = ORIENTED_EDGE ( 'NONE', *, *, #1147, .T. ) ;
#303 = EDGE_LOOP ( 'NONE', ( #144, #442 ) ) ;
#304 = DIRECTION ( 'NONE',  ( 0.000000000000000000, 0.000000000000000000, 1.000000000000000000 ) ) ;
#305 = DIRECTION ( 'NONE',  ( 0.000000000000000000, 1.000000000000000000, 0.000000000000000000 ) ) ;
#306 = EDGE_CURVE ( 'NONE', #365, #1789, #1399, .T. ) ;
#307 = EDGE_LOOP ( 'NONE', ( #292, #1192, #1127, #973 ) ) ;
#308 = CARTESIAN_POINT ( 'NONE',  ( 47.00000000000002132, 20.00000000000000000, -48.99999999999998579 ) ) ;
#309 = DIRECTION ( 'NONE',  ( 0.000000000000000000, 0.000000000000000000, -1.000000000000000000 ) ) ;
#310 = EDGE_LOOP ( 'NONE', ( #55, #1802, #1135, #1052 ) ) ;
#311 = VERTEX_POINT ( 'NONE', #1424 ) ;
#312 = CARTESIAN_POINT ( 'NONE',  ( 1.387778780781445676E-14, 6.299999999999999822, -49.99999999999998579 ) ) ;
#313 = DIRECTION ( 'NONE',  ( 0.000000000000000000, 0.000000000000000000, 1.000000000000000000 ) ) ;
#314 = FACE_OUTER_BOUND ( 'NONE', #1876, .T. ) ;
#315 = ORIENTED_EDGE ( 'NONE', *, *, #1209, .F. ) ;
#316 = CYLINDRICAL_SURFACE ( 'NONE', #835, 3.000000000000002665 ) ;
#317 = FACE_OUTER_BOUND ( 'NONE', #1661, .T. ) ;
#318 = AXIS2_PLACEMENT_3D ( 'NONE', #199, #1113, #1718 ) ;
#319 = AXIS2_PLACEMENT_3D ( 'NONE', #1171, #567, #1292 ) ;
#320 = ORIENTED_EDGE ( 'NONE', *, *, #1169, .F. ) ;
#321 = EDGE_LOOP ( 'NONE', ( #1081, #1214, #1263, #1758 ) ) ;
#322 = CARTESIAN_POINT ( 'NONE',  ( -53.00000000000000000, 20.00000000000000000, 52.99999999999999289 ) ) ;
#323 = AXIS2_PLACEMENT_3D ( 'NONE', #1448, #1790, #749 ) ;
#324 = DIRECTION ( 'NONE',  ( 0.000000000000000000, -1.000000000000000000, 0.000000000000000000 ) ) ;
#325 = VECTOR ( 'NONE', #1007, 1000.000000000000000 ) ;
#326 = CIRCLE ( 'NONE', #520, 1.750000000000001554 ) ;
#327 = DIRECTION ( 'NONE',  ( -0.000000000000000000, -1.000000000000000000, -0.000000000000000000 ) ) ;
#328 = ORIENTED_EDGE ( 'NONE', *, *, #514, .T. ) ;
#329 = DIRECTION ( 'NONE',  ( 0.000000000000000000, -0.000000000000000000, -1.000000000000000000 ) ) ;
#330 = CARTESIAN_POINT ( 'NONE',  ( 20.49999999999999289, 20.00000000000000355, 16.99999999999999289 ) ) ;
#331 = AXIS2_PLACEMENT_3D ( 'NONE', #884, #1346, #1794 ) ;
#332 = VERTEX_POINT ( 'NONE', #492 ) ;
#333 = LOCAL_TIME ( 10, 18, 8.000000000000000000, #1362 ) ;
#334 = ORIENTED_EDGE ( 'NONE', *, *, #830, .T. ) ;
#335 = EDGE_CURVE ( 'NONE', #1463, #1107, #528, .T. ) ;
#336 = CARTESIAN_POINT ( 'NONE',  ( -53.00000000000000000, 0.000000000000000000, 52.99999999999999289 ) ) ;
#337 = EDGE_CURVE ( 'NONE', #183, #356, #669, .T. ) ;
#338 = CARTESIAN_POINT ( 'NONE',  ( 46.99999999999999289, 10.00000000000000000, 43.00000000000001421 ) ) ;
#339 = CARTESIAN_POINT ( 'NONE',  ( 16.55025253169416288, 20.00000000000000355, -17.70710678118654258 ) ) ;
#340 = CARTESIAN_POINT ( 'NONE',  ( -53.00000000000000000, 20.00000000000000000, 52.99999999999999289 ) ) ;
#341 = DIRECTION ( 'NONE',  ( 0.000000000000000000, 0.000000000000000000, 1.000000000000000000 ) ) ;
#342 = ORIENTED_EDGE ( 'NONE', *, *, #426, .T. ) ;
#343 = ORIENTED_EDGE ( 'NONE', *, *, #273, .T. ) ;
#344 = DIRECTION ( 'NONE',  ( 0.000000000000000000, 0.000000000000000000, -1.000000000000000000 ) ) ;
#345 = DIRECTION ( 'NONE',  ( -0.000000000000000000, 1.000000000000000000, -0.000000000000000000 ) ) ;
#346 = EDGE_CURVE ( 'NONE', #477, #1232, #507, .T. ) ;
#347 = DIRECTION ( 'NONE',  ( 0.000000000000000000, -1.000000000000000000, 0.000000000000000000 ) ) ;
#348 = FACE_OUTER_BOUND ( 'NONE', #786, .T. ) ;
#349 = CYLINDRICAL_SURFACE ( 'NONE', #318, 3.000000000000002665 ) ;
#350 = CIRCLE ( 'NONE', #1838, 2.000000000000001776 ) ;
#351 = VECTOR ( 'NONE', #1180, 1000.000000000000000 ) ;
#352 = ORIENTED_EDGE ( 'NONE', *, *, #178, .T. ) ;
#353 = EDGE_LOOP ( 'NONE', ( #1159, #685, #914, #1677 ) ) ;
#354 = VECTOR ( 'NONE', #1474, 1000.000000000000000 ) ;
#355 = FACE_OUTER_BOUND ( 'NONE', #1776, .T. ) ;
#356 = VERTEX_POINT ( 'NONE', #1735 ) ;
#357 = AXIS2_PLACEMENT_3D ( 'NONE', #1743, #1615, #1900 ) ;
#358 = CARTESIAN_POINT ( 'NONE',  ( 28.49999999999994316, 20.00000000000000000, -7.806255641895631925E-15 ) ) ;
#359 = EDGE_CURVE ( 'NONE', #245, #107, #1553, .T. ) ;
#360 = CARTESIAN_POINT ( 'NONE',  ( 19.49999999999999289, 20.00000000000000355, 18.00000000000000355 ) ) ;
#361 = DIRECTION ( 'NONE',  ( -0.000000000000000000, -1.000000000000000000, -0.000000000000000000 ) ) ;
#362 = VECTOR ( 'NONE', #1268, 1000.000000000000000 ) ;
#363 = DIRECTION ( 'NONE',  ( -0.000000000000000000, -1.000000000000000000, -0.000000000000000000 ) ) ;
#364 = AXIS2_PLACEMENT_3D ( 'NONE', #787, #642, #1246 ) ;
#365 = VERTEX_POINT ( 'NONE', #944 ) ;
#366 = ADVANCED_FACE ( 'NONE', ( #374 ), #1558, .T. ) ;
#367 = ORIENTED_EDGE ( 'NONE', *, *, #1195, .T. ) ;
#368 = CIRCLE ( 'NONE', #431, 3.999999999999996447 ) ;
#369 = AXIS2_PLACEMENT_3D ( 'NONE', #1920, #230, #241 ) ;
#370 = FACE_OUTER_BOUND ( 'NONE', #837, .T. ) ;
#371 = ORIENTED_EDGE ( 'NONE', *, *, #1321, .T. ) ;
#372 = DIRECTION ( 'NONE',  ( 0.000000000000000000, -1.000000000000000000, 0.000000000000000000 ) ) ;
#373 = CARTESIAN_POINT ( 'NONE',  ( 1.387778780781445676E-14, 13.70000000000000107, -46.99999999999998579 ) ) ;
#374 = FACE_OUTER_BOUND ( 'NONE', #878, .T. ) ;
#375 = ADVANCED_FACE ( 'NONE', ( #211 ), #349, .F. ) ;
#376 = ORIENTED_EDGE ( 'NONE', *, *, #84, .T. ) ;
#377 = EDGE_LOOP ( 'NONE', ( #302, #1669 ) ) ;
#378 = EDGE_CURVE ( 'NONE', #165, #1793, #35, .T. ) ;
#379 = ADVANCED_FACE ( 'NONE', ( #985 ), #1864, .F. ) ;
#380 = ORIENTED_EDGE ( 'NONE', *, *, #301, .T. ) ;
#381 = CARTESIAN_POINT ( 'NONE',  ( -47.00000000000000000, 20.00000000000000000, -49.00000000000000000 ) ) ;
#382 = CARTESIAN_POINT ( 'NONE',  ( -46.99999999999999289, 0.000000000000000000, -51.00000000000000711 ) ) ;
#383 = CARTESIAN_POINT ( 'NONE',  ( -19.50000000000000000, 0.000000000000000000, 18.00000000000000355 ) ) ;
#384 = ORIENTED_EDGE ( 'NONE', *, *, #1070, .T. ) ;
#385 = EDGE_LOOP ( 'NONE', ( #1288, #598, #191, #1277 ) ) ;
#386 = EDGE_CURVE ( 'NONE', #553, #1798, #1806, .T. ) ;
#387 = VERTEX_POINT ( 'NONE', #1414 ) ;
#388 = AXIS2_PLACEMENT_3D ( 'NONE', #1274, #1875, #1434 ) ;
#389 = AXIS2_PLACEMENT_3D ( 'NONE', #1862, #625, #790 ) ;
#390 = DIRECTION ( 'NONE',  ( 0.000000000000000000, 0.000000000000000000, 1.000000000000000000 ) ) ;
#391 = DIRECTION ( 'NONE',  ( -1.261617073437677999E-16, -0.000000000000000000, -1.000000000000000000 ) ) ;
#392 = APPROVAL_DATE_TIME ( #1284, #807 ) ;
#393 = LINE ( 'NONE', #882, #1049 ) ;
#394 = AXIS2_PLACEMENT_3D ( 'NONE', #1179, #1946, #420 ) ;
#395 = EDGE_LOOP ( 'NONE', ( #938, #1014, #1204, #1223 ) ) ;
#396 = ORIENTED_EDGE ( 'NONE', *, *, #164, .T. ) ;
#397 = VECTOR ( 'NONE', #1727, 1000.000000000000000 ) ;
#398 = ORIENTED_EDGE ( 'NONE', *, *, #770, .F. ) ;
#399 = EDGE_CURVE ( 'NONE', #494, #875, #1579, .T. ) ;
#400 = CARTESIAN_POINT ( 'NONE',  ( -46.99999999999999289, 0.000000000000000000, 43.00000000000001421 ) ) ;
#401 = PLANE ( 'NONE',  #731 ) ;
#402 = PERSON_AND_ORGANIZATION ( #554, #238 ) ;
#403 = LINE ( 'NONE', #1492, #227 ) ;
#404 = ORIENTED_EDGE ( 'NONE', *, *, #48, .F. ) ;
#405 = DIRECTION ( 'NONE',  ( 0.000000000000000000, 0.000000000000000000, -1.000000000000000000 ) ) ;
#406 = ORIENTED_EDGE ( 'NONE', *, *, #1255, .T. ) ;
#407 = ORIENTED_EDGE ( 'NONE', *, *, #1345, .T. ) ;
#408 = LINE ( 'NONE', #1297, #362 ) ;
#409 = ADVANCED_FACE ( 'NONE', ( #74 ), #658, .F. ) ;
#410 = DIRECTION ( 'NONE',  ( 0.000000000000000000, 0.000000000000000000, -1.000000000000000000 ) ) ;
#411 = APPROVAL_STATUS ( 'not_yet_approved' ) ;
#412 = CARTESIAN_POINT ( 'NONE',  ( 46.99999999999999289, 10.00000000000000000, -51.00000000000000711 ) ) ;
#413 = EDGE_LOOP ( 'NONE', ( #809, #591, #214, #18 ) ) ;
#414 = DIRECTION ( 'NONE',  ( 0.000000000000000000, 1.000000000000000000, 0.000000000000000000 ) ) ;
#415 = CARTESIAN_POINT ( 'NONE',  ( -19.50000000000000000, 0.000000000000000000, 18.00000000000000355 ) ) ;
#416 = EDGE_LOOP ( 'NONE', ( #1167, #147, #1613, #1778 ) ) ;
#417 = DIRECTION ( 'NONE',  ( 0.000000000000000000, 0.000000000000000000, 1.000000000000000000 ) ) ;
#418 = CIRCLE ( 'NONE', #793, 2.000000000000001776 ) ;
#419 = CIRCLE ( 'NONE', #1338, 1.750000000000001554 ) ;
#420 = DIRECTION ( 'NONE',  ( 0.000000000000000000, 0.000000000000000000, -1.000000000000000000 ) ) ;
#421 = CARTESIAN_POINT ( 'NONE',  ( -20.50000000000000711, 0.000000000000000000, 16.99999999999999289 ) ) ;
#422 = EDGE_CURVE ( 'NONE', #1350, #987, #1587, .T. ) ;
#423 = EDGE_LOOP ( 'NONE', ( #1488, #1137 ) ) ;
#424 = CARTESIAN_POINT ( 'NONE',  ( -46.99999999999999289, 10.00000000000000000, -47.00000000000001421 ) ) ;
#425 = CYLINDRICAL_SURFACE ( 'NONE', #192, 2.500000000000002220 ) ;
#426 = EDGE_CURVE ( 'NONE', #1509, #1747, #5, .T. ) ;
#427 = EDGE_LOOP ( 'NONE', ( #1708, #1229 ) ) ;
#428 = CIRCLE ( 'NONE', #394, 1.750000000000001554 ) ;
#429 = AXIS2_PLACEMENT_3D ( 'NONE', #1490, #128, #1614 ) ;
#430 = DIRECTION ( 'NONE',  ( -0.000000000000000000, 1.000000000000000000, -0.000000000000000000 ) ) ;
#431 = AXIS2_PLACEMENT_3D ( 'NONE', #1477, #94, #118 ) ;
#432 = LOCAL_TIME ( 10, 18, 8.000000000000000000, #1162 ) ;
#433 = PLANE ( 'NONE',  #767 ) ;
#434 = CARTESIAN_POINT ( 'NONE',  ( 1.387778780781445676E-14, 13.70000000000000107, -43.99999999999998579 ) ) ;
#435 = ORIENTED_EDGE ( 'NONE', *, *, #1919, .T. ) ;
#436 = DIRECTION ( 'NONE',  ( 0.000000000000000000, 0.000000000000000000, -1.000000000000000000 ) ) ;
#437 = CARTESIAN_POINT ( 'NONE',  ( 46.99999999999999289, 20.00000000000000000, 47.00000000000001421 ) ) ;
#438 = EDGE_CURVE ( 'NONE', #537, #959, #1163, .T. ) ;
#439 = ORIENTED_EDGE ( 'NONE', *, *, #780, .T. ) ;
#440 = DIRECTION ( 'NONE',  ( -0.000000000000000000, 1.000000000000000000, -0.000000000000000000 ) ) ;
#441 = LINE ( 'NONE', #1771, #895 ) ;
#442 = ORIENTED_EDGE ( 'NONE', *, *, #1040, .T. ) ;
#443 = CARTESIAN_POINT ( 'NONE',  ( -55.00000000000000000, 20.00000000000000000, 52.99999999999999289 ) ) ;
#444 = CARTESIAN_POINT ( 'NONE',  ( -28.50000000000007816, -4.949747468305836229, 1.749998352019700887 ) ) ;
#445 = EDGE_LOOP ( 'NONE', ( #2, #1935 ) ) ;
#446 = EDGE_CURVE ( 'NONE', #387, #245, #1034, .T. ) ;
#447 = DIRECTION ( 'NONE',  ( -0.000000000000000000, -1.000000000000000000, -0.000000000000000000 ) ) ;
#448 = EDGE_CURVE ( 'NONE', #1176, #107, #536, .T. ) ;
#449 = DIRECTION ( 'NONE',  ( 1.000000000000000000, 0.000000000000000000, 0.000000000000000000 ) ) ;
#450 = AXIS2_PLACEMENT_3D ( 'NONE', #1854, #684, #500 ) ;
#451 = AXIS2_PLACEMENT_3D ( 'NONE', #843, #702, #1153 ) ;
#452 = VERTEX_POINT ( 'NONE', #1300 ) ;
#453 = CARTESIAN_POINT ( 'NONE',  ( -47.00000000000000711, 20.00000000000000000, 46.99999999999999289 ) ) ;
#454 = CARTESIAN_POINT ( 'NONE',  ( 1.409210099766524326E-14, 6.299999999999999822, -48.74999999999998579 ) ) ;
#455 = ORIENTED_EDGE ( 'NONE', *, *, #1582, .F. ) ;
#456 = AXIS2_PLACEMENT_3D ( 'NONE', #555, #672, #839 ) ;
#457 = CARTESIAN_POINT ( 'NONE',  ( 28.49999999999994316, -4.949747468305836229, -1.750000000000007772 ) ) ;
#458 = EDGE_CURVE ( 'NONE', #1583, #1826, #1461, .T. ) ;
#459 = VECTOR ( 'NONE', #758, 1000.000000000000000 ) ;
#460 = CARTESIAN_POINT ( 'NONE',  ( 0.000000000000000000, 20.00000000000000000, 47.00000000000001421 ) ) ;
#461 = VECTOR ( 'NONE', #566, 1000.000000000000000 ) ;
#462 = ORIENTED_EDGE ( 'NONE', *, *, #386, .F. ) ;
#463 = CARTESIAN_POINT ( 'NONE',  ( -55.00000000000001421, 20.00000000000000000, -55.00000000000000711 ) ) ;
#464 = LINE ( 'NONE', #1054, #1432 ) ;
#465 = ORIENTED_EDGE ( 'NONE', *, *, #902, .F. ) ;
#466 = CARTESIAN_POINT ( 'NONE',  ( -46.99999999999999289, 10.00000000000000000, -47.00000000000001421 ) ) ;
#467 = EDGE_CURVE ( 'NONE', #1358, #1665, #1921, .T. ) ;
#468 = CARTESIAN_POINT ( 'NONE',  ( 28.49999999999994316, 20.00000000000000000, -1.750000000000007772 ) ) ;
#469 = ORIENTED_EDGE ( 'NONE', *, *, #378, .T. ) ;
#470 = DIRECTION ( 'NONE',  ( 0.000000000000000000, 0.000000000000000000, 1.000000000000000000 ) ) ;
#471 = PLANE ( 'NONE',  #1899 ) ;
#472 = ORIENTED_EDGE ( 'NONE', *, *, #185, .F. ) ;
#473 = ORIENTED_EDGE ( 'NONE', *, *, #1644, .F. ) ;
#474 = CARTESIAN_POINT ( 'NONE',  ( -19.50000000000000355, 0.000000000000000000, -16.99999999999999289 ) ) ;
#475 = DIRECTION ( 'NONE',  ( 0.000000000000000000, -1.000000000000000000, 0.000000000000000000 ) ) ;
#476 = DIRECTION ( 'NONE',  ( 0.000000000000000000, -1.000000000000000000, 0.000000000000000000 ) ) ;
#477 = VERTEX_POINT ( 'NONE', #577 ) ;
#478 = CARTESIAN_POINT ( 'NONE',  ( 52.99999999999998579, 0.000000000000000000, -55.00000000000000711 ) ) ;
#479 = CARTESIAN_POINT ( 'NONE',  ( -28.50000000000007816, -4.949747468305836229, -1.647980299099294221E-06 ) ) ;
#480 = CIRCLE ( 'NONE', #1869, 2.000000000000001776 ) ;
#481 = EDGE_CURVE ( 'NONE', #93, #762, #575, .T. ) ;
#482 = CIRCLE ( 'NONE', #319, 2.000000000000001776 ) ;
#483 = ORIENTED_EDGE ( 'NONE', *, *, #979, .F. ) ;
#484 = ORIENTED_EDGE ( 'NONE', *, *, #200, .T. ) ;
#485 = EDGE_CURVE ( 'NONE', #1603, #332, #482, .T. ) ;
#486 = DIRECTION ( 'NONE',  ( 0.000000000000000000, 1.000000000000000000, 0.000000000000000000 ) ) ;
#487 = DIRECTION ( 'NONE',  ( 0.000000000000000000, 0.000000000000000000, -1.000000000000000000 ) ) ;
#488 = CIRCLE ( 'NONE', #963, 3.000000000000002665 ) ;
#489 = CIRCLE ( 'NONE', #964, 3.000000000000002665 ) ;
#490 = CARTESIAN_POINT ( 'NONE',  ( -19.50000000000000355, 0.000000000000000000, -16.99999999999999289 ) ) ;
#491 = FACE_OUTER_BOUND ( 'NONE', #1941, .T. ) ;
#492 = CARTESIAN_POINT ( 'NONE',  ( 52.99999999999998579, 20.00000000000000000, -55.00000000000000711 ) ) ;
#493 = ORIENTED_EDGE ( 'NONE', *, *, #359, .T. ) ;
#494 = VERTEX_POINT ( 'NONE', #1784 ) ;
#495 = EDGE_CURVE ( 'NONE', #1877, #1551, #242, .T. ) ;
#496 = FACE_OUTER_BOUND ( 'NONE', #1504, .T. ) ;
#497 = CC_DESIGN_PERSON_AND_ORGANIZATION_ASSIGNMENT ( #1312, #842, ( #1258 ) ) ;
#498 = CARTESIAN_POINT ( 'NONE',  ( 28.49999999999994316, 0.000000000000000000, -1.750000000000007772 ) ) ;
#499 = DIRECTION ( 'NONE',  ( 0.000000000000000000, 0.000000000000000000, -1.000000000000000000 ) ) ;
#500 = DIRECTION ( 'NONE',  ( 0.000000000000000000, 0.000000000000000000, -1.000000000000000000 ) ) ;
#501 = ORIENTED_EDGE ( 'NONE', *, *, #448, .T. ) ;
#502 = EDGE_LOOP ( 'NONE', ( #1550, #579, #1196, #688 ) ) ;
#503 = DIRECTION ( 'NONE',  ( -0.000000000000000000, -1.000000000000000000, -0.000000000000000000 ) ) ;
#504 = FACE_BOUND ( 'NONE', #427, .T. ) ;
#505 = EDGE_CURVE ( 'NONE', #1211, #1922, #403, .T. ) ;
#506 = FACE_OUTER_BOUND ( 'NONE', #1517, .T. ) ;
#507 = LINE ( 'NONE', #1094, #1235 ) ;
#508 = VECTOR ( 'NONE', #905, 1000.000000000000000 ) ;
#509 = ORIENTED_EDGE ( 'NONE', *, *, #1342, .T. ) ;
#510 = ORIENTED_EDGE ( 'NONE', *, *, #1244, .T. ) ;
#511 = AXIS2_PLACEMENT_3D ( 'NONE', #23, #772, #782 ) ;
#512 = DIRECTION ( 'NONE',  ( 0.000000000000000000, -1.000000000000000000, 0.000000000000000000 ) ) ;
#513 = EDGE_LOOP ( 'NONE', ( #1658, #1436 ) ) ;
#514 = EDGE_CURVE ( 'NONE', #824, #927, #862, .T. ) ;
#515 = CARTESIAN_POINT ( 'NONE',  ( -53.00000000000000000, 20.00000000000000000, 54.99999999999999289 ) ) ;
#516 = FACE_BOUND ( 'NONE', #785, .T. ) ;
#517 = CARTESIAN_POINT ( 'NONE',  ( 47.00000000000002132, 10.00000000000000000, -46.99999999999998579 ) ) ;
#518 = VECTOR ( 'NONE', #1829, 1000.000000000000000 ) ;
#519 = CARTESIAN_POINT ( 'NONE',  ( -55.00000000000001421, 0.000000000000000000, -53.00000000000000711 ) ) ;
#520 = AXIS2_PLACEMENT_3D ( 'NONE', #740, #573, #139 ) ;
#521 = ORIENTED_EDGE ( 'NONE', *, *, #1420, .T. ) ;
#522 = ORIENTED_EDGE ( 'NONE', *, *, #889, .T. ) ;
#523 = AXIS2_PLACEMENT_3D ( 'NONE', #453, #1659, #1053 ) ;
#524 = ORIENTED_EDGE ( 'NONE', *, *, #1209, .T. ) ;
#525 = CARTESIAN_POINT ( 'NONE',  ( 20.50000000000000711, 0.000000000000000000, -13.34314575050761853 ) ) ;
#526 = CARTESIAN_POINT ( 'NONE',  ( -47.00000000000000000, 20.00000000000000000, -45.00000000000000000 ) ) ;
#527 = PERSON_AND_ORGANIZATION ( #554, #238 ) ;
#528 = LINE ( 'NONE', #1886, #1712 ) ;
#529 = EDGE_CURVE ( 'NONE', #279, #717, #163, .T. ) ;
#530 = ORIENTED_EDGE ( 'NONE', *, *, #485, .T. ) ;
#531 = ORIENTED_EDGE ( 'NONE', *, *, #1040, .F. ) ;
#532 = ORIENTED_EDGE ( 'NONE', *, *, #296, .F. ) ;
#533 = DIRECTION ( 'NONE',  ( 0.000000000000000000, 1.000000000000000000, 0.000000000000000000 ) ) ;
#534 = DIRECTION ( 'NONE',  ( 0.000000000000000000, -1.000000000000000000, 0.000000000000000000 ) ) ;
#535 = CALENDAR_DATE ( 2026, 19, 8 ) ;
#536 = LINE ( 'NONE', #996, #351 ) ;
#537 = VERTEX_POINT ( 'NONE', #434 ) ;
#538 = ADVANCED_FACE ( 'NONE', ( #724 ), #1141, .F. ) ;
#539 = VERTEX_POINT ( 'NONE', #421 ) ;
#540 = ORIENTED_EDGE ( 'NONE', *, *, #1703, .F. ) ;
#541 = AXIS2_PLACEMENT_3D ( 'NONE', #383, #977, #676 ) ;
#542 = AXIS2_PLACEMENT_3D ( 'NONE', #72, #1290, #673 ) ;
#543 = CARTESIAN_POINT ( 'NONE',  ( -46.99999999999999289, 10.00000000000000000, -51.00000000000000711 ) ) ;
#544 = CARTESIAN_POINT ( 'NONE',  ( 55.00000000000000000, 20.00000000000000000, 52.99999999999999289 ) ) ;
#545 = COORDINATED_UNIVERSAL_TIME_OFFSET ( 3, 0, .BEHIND. ) ;
#546 = DIRECTION ( 'NONE',  ( 0.000000000000000000, -1.000000000000000000, 0.000000000000000000 ) ) ;
#547 = AXIS2_PLACEMENT_3D ( 'NONE', #60, #1576, #390 ) ;
#548 = ORIENTED_EDGE ( 'NONE', *, *, #505, .T. ) ;
#549 = CARTESIAN_POINT ( 'NONE',  ( 28.49999999999994316, 20.00000000000000000, -7.806255641895631925E-15 ) ) ;
#550 = DIRECTION ( 'NONE',  ( 0.7071067811865493491, -0.000000000000000000, 0.7071067811865456854 ) ) ;
#551 = AXIS2_PLACEMENT_3D ( 'NONE', #1233, #797, #1670 ) ;
#552 = AXIS2_PLACEMENT_3D ( 'NONE', #1696, #648, #1251 ) ;
#553 = VERTEX_POINT ( 'NONE', #1631 ) ;
#554 = PERSON ( 'UNSPECIFIED', 'UNSPECIFIED', 'UNSPECIFIED', ('UNSPECIFIED'), ('UNSPECIFIED'), ('UNSPECIFIED') ) ;
#555 = CARTESIAN_POINT ( 'NONE',  ( -46.99999999999999289, 10.00000000000000000, 47.00000000000001421 ) ) ;
#556 = CARTESIAN_POINT ( 'NONE',  ( -28.50000000000007816, -4.949747468305836229, -1.647980299099294221E-06 ) ) ;
#557 = PERSON_AND_ORGANIZATION ( #554, #238 ) ;
#558 = CARTESIAN_POINT ( 'NONE',  ( -19.50000000000000000, 0.000000000000000000, 18.00000000000000355 ) ) ;
#559 = ORIENTED_EDGE ( 'NONE', *, *, #226, .T. ) ;
#560 = CARTESIAN_POINT ( 'NONE',  ( -55.00000000000001421, 0.000000000000000000, -55.00000000000000711 ) ) ;
#561 = DIRECTION ( 'NONE',  ( 0.000000000000000000, 0.000000000000000000, 1.000000000000000000 ) ) ;
#562 = ORIENTED_EDGE ( 'NONE', *, *, #1919, .F. ) ;
#563 = CARTESIAN_POINT ( 'NONE',  ( 0.000000000000000000, 10.00000000000000000, 47.00000000000001421 ) ) ;
#564 = ADVANCED_FACE ( 'NONE', ( #260, #1745 ), #101, .T. ) ;
#565 = DIRECTION ( 'NONE',  ( 0.000000000000000000, 0.000000000000000000, 1.000000000000000000 ) ) ;
#566 = DIRECTION ( 'NONE',  ( 0.7071067811865493491, -0.000000000000000000, 0.7071067811865456854 ) ) ;
#567 = DIRECTION ( 'NONE',  ( 0.000000000000000000, 1.000000000000000000, 0.000000000000000000 ) ) ;
#568 = EDGE_CURVE ( 'NONE', #1687, #1389, #393, .T. ) ;
#569 = EDGE_LOOP ( 'NONE', ( #465, #1143, #367, #407 ) ) ;
#570 = CARTESIAN_POINT ( 'NONE',  ( 15.84314575050761320, 20.00000000000000355, -16.99999999999999289 ) ) ;
#571 = DIRECTION ( 'NONE',  ( 0.000000000000000000, -1.000000000000000000, 0.000000000000000000 ) ) ;
#572 = ORIENTED_EDGE ( 'NONE', *, *, #1679, .T. ) ;
#573 = DIRECTION ( 'NONE',  ( 0.000000000000000000, -1.000000000000000000, 0.000000000000000000 ) ) ;
#574 = CIRCLE ( 'NONE', #1496, 2.500000000000002220 ) ;
#575 = CIRCLE ( 'NONE', #1145, 1.750000000000000000 ) ;
#576 = CARTESIAN_POINT ( 'NONE',  ( 46.99999999999999289, 0.000000000000000000, 47.00000000000001421 ) ) ;
#577 = CARTESIAN_POINT ( 'NONE',  ( 46.99999999999999289, 10.00000000000000000, -43.00000000000001421 ) ) ;
#578 = EDGE_CURVE ( 'NONE', #823, #1184, #194, .T. ) ;
#579 = ORIENTED_EDGE ( 'NONE', *, *, #346, .T. ) ;
#580 = EDGE_CURVE ( 'NONE', #743, #1523, #1681, .T. ) ;
#581 = DIRECTION ( 'NONE',  ( 0.000000000000000000, 0.000000000000000000, -1.000000000000000000 ) ) ;
#582 = DIRECTION ( 'NONE',  ( -0.000000000000000000, 1.000000000000000000, -0.000000000000000000 ) ) ;
#583 = CIRCLE ( 'NONE', #613, 2.000000000000001776 ) ;
#584 = VERTEX_POINT ( 'NONE', #412 ) ;
#585 = CIRCLE ( 'NONE', #1845, 2.500000000000002220 ) ;
#586 = AXIS2_PLACEMENT_3D ( 'NONE', #1193, #1674, #436 ) ;
#587 = DIRECTION ( 'NONE',  ( 0.000000000000000000, -1.000000000000000000, 0.000000000000000000 ) ) ;
#588 = AXIS2_PLACEMENT_3D ( 'NONE', #1326, #1165, #215 ) ;
#589 = LOCAL_TIME ( 10, 18, 8.000000000000000000, #1291 ) ;
#590 = FACE_OUTER_BOUND ( 'NONE', #903, .T. ) ;
#591 = ORIENTED_EDGE ( 'NONE', *, *, #1070, .F. ) ;
#592 = DIRECTION ( 'NONE',  ( -0.000000000000000000, -1.000000000000000000, -0.000000000000000000 ) ) ;
#593 = LINE ( 'NONE', #244, #986 ) ;
#594 = EDGE_CURVE ( 'NONE', #824, #1603, #1013, .T. ) ;
#595 = ORIENTED_EDGE ( 'NONE', *, *, #1392, .T. ) ;
#596 = CARTESIAN_POINT ( 'NONE',  ( 47.00000000000002132, 20.00000000000000000, -48.99999999999998579 ) ) ;
#597 = LINE ( 'NONE', #1198, #1503 ) ;
#598 = ORIENTED_EDGE ( 'NONE', *, *, #1656, .F. ) ;
#599 = LINE ( 'NONE', #893, #1440 ) ;
#600 = DIRECTION ( 'NONE',  ( -1.261617073437677999E-16, 0.000000000000000000, -1.000000000000000000 ) ) ;
#601 = ADVANCED_FACE ( 'NONE', ( #1512 ), #1502, .F. ) ;
#602 = EDGE_LOOP ( 'NONE', ( #7, #1621 ) ) ;
#603 = EDGE_LOOP ( 'NONE', ( #384, #1736 ) ) ;
#604 = FACE_OUTER_BOUND ( 'NONE', #1061, .T. ) ;
#605 = ADVANCED_FACE ( 'NONE', ( #61 ), #633, .F. ) ;
#606 = CIRCLE ( 'NONE', #730, 2.000000000000001776 ) ;
#607 = CARTESIAN_POINT ( 'NONE',  ( -19.49999999999999645, 0.000000000000000000, -17.99999999999999645 ) ) ;
#608 = AXIS2_PLACEMENT_3D ( 'NONE', #1716, #647, #665 ) ;
#609 = ORIENTED_EDGE ( 'NONE', *, *, #1513, .F. ) ;
#610 = FACE_OUTER_BOUND ( 'NONE', #395, .T. ) ;
#611 = CARTESIAN_POINT ( 'NONE',  ( 46.99999999999999289, 10.00000000000000000, -47.00000000000001421 ) ) ;
#612 = ORIENTED_EDGE ( 'NONE', *, *, #1928, .F. ) ;
#613 = AXIS2_PLACEMENT_3D ( 'NONE', #297, #1511, #149 ) ;
#614 = CYLINDRICAL_SURFACE ( 'NONE', #140, 2.000000000000001776 ) ;
#615 = AXIS2_PLACEMENT_3D ( 'NONE', #1178, #1020, #711 ) ;
#616 = CARTESIAN_POINT ( 'NONE',  ( 1.387778780781445676E-14, 6.299999999999999822, -46.99999999999998579 ) ) ;
#617 = VECTOR ( 'NONE', #262, 1000.000000000000000 ) ;
#618 = EDGE_LOOP ( 'NONE', ( #19, #1944, #886, #396 ) ) ;
#619 = CARTESIAN_POINT ( 'NONE',  ( 28.49999999999994316, 0.000000000000000000, 1.749999999999992228 ) ) ;
#620 = DIRECTION ( 'NONE',  ( 0.000000000000000000, 0.000000000000000000, 1.000000000000000000 ) ) ;
#621 = VERTEX_POINT ( 'NONE', #468 ) ;
#622 = EDGE_LOOP ( 'NONE', ( #1405, #462, #1294, #274 ) ) ;
#623 = ADVANCED_FACE ( 'NONE', ( #942 ), #1841, .T. ) ;
#624 = DIRECTION ( 'NONE',  ( -0.000000000000000000, -1.000000000000000000, -0.000000000000000000 ) ) ;
#625 = DIRECTION ( 'NONE',  ( -0.000000000000000000, -1.000000000000000000, -0.000000000000000000 ) ) ;
#626 = ORIENTED_EDGE ( 'NONE', *, *, #1796, .F. ) ;
#627 = DIRECTION ( 'NONE',  ( 0.000000000000000000, 0.000000000000000000, 1.000000000000000000 ) ) ;
#628 = DIRECTION ( 'NONE',  ( 0.000000000000000000, 0.000000000000000000, 1.000000000000000000 ) ) ;
#629 = VERTEX_POINT ( 'NONE', #39 ) ;
#630 = DIRECTION ( 'NONE',  ( -0.000000000000000000, -1.000000000000000000, -0.000000000000000000 ) ) ;
#631 = CYLINDRICAL_SURFACE ( 'NONE', #1628, 1.750000000000000000 ) ;
#632 = AXIS2_PLACEMENT_3D ( 'NONE', #846, #727, #1166 ) ;
#633 = CYLINDRICAL_SURFACE ( 'NONE', #69, 3.999999999999996447 ) ;
#634 = DIRECTION ( 'NONE',  ( -0.000000000000000000, -1.000000000000000000, -0.000000000000000000 ) ) ;
#635 = CARTESIAN_POINT ( 'NONE',  ( -55.00000000000001421, 20.00000000000000000, -55.00000000000000711 ) ) ;
#636 = CIRCLE ( 'NONE', #822, 2.000000000000001776 ) ;
#637 = EDGE_CURVE ( 'NONE', #584, #1732, #801, .T. ) ;
#638 = AXIS2_PLACEMENT_3D ( 'NONE', #692, #1314, #851 ) ;
#639 = EDGE_LOOP ( 'NONE', ( #1286, #1520, #150, #945 ) ) ;
#640 = VERTEX_POINT ( 'NONE', #922 ) ;
#641 = APPLICATION_CONTEXT ( 'configuration controlled 3d designs of mechanical parts and assemblies' ) ;
#642 = DIRECTION ( 'NONE',  ( -0.000000000000000000, -1.000000000000000000, -0.000000000000000000 ) ) ;
#643 = VECTOR ( 'NONE', #624, 1000.000000000000000 ) ;
#644 = CARTESIAN_POINT ( 'NONE',  ( 0.000000000000000000, 10.00000000000000000, 47.00000000000001421 ) ) ;
#645 = VECTOR ( 'NONE', #447, 1000.000000000000000 ) ;
#646 = AXIS2_PLACEMENT_3D ( 'NONE', #1923, #271, #1563 ) ;
#647 = DIRECTION ( 'NONE',  ( -0.000000000000000000, -1.000000000000000000, -0.000000000000000000 ) ) ;
#648 = DIRECTION ( 'NONE',  ( -0.000000000000000000, -1.000000000000000000, -0.000000000000000000 ) ) ;
#649 = DIRECTION ( 'NONE',  ( -0.000000000000000000, -1.000000000000000000, -0.000000000000000000 ) ) ;
#650 = VERTEX_POINT ( 'NONE', #360 ) ;
#651 = ADVANCED_FACE ( 'NONE', ( #1260 ), #209, .F. ) ;
#652 = VERTEX_POINT ( 'NONE', #811 ) ;
#653 = CARTESIAN_POINT ( 'NONE',  ( -47.00000000000000000, 10.00000000000000000, -45.00000000000000000 ) ) ;
#654 = EDGE_CURVE ( 'NONE', #1698, #1514, #957, .T. ) ;
#655 = CARTESIAN_POINT ( 'NONE',  ( 1.387778780781445676E-14, 6.299999999999999822, -46.99999999999998579 ) ) ;
#656 = DIRECTION ( 'NONE',  ( 0.000000000000000000, -0.000000000000000000, -1.000000000000000000 ) ) ;
#657 = CARTESIAN_POINT ( 'NONE',  ( -19.50000000000000000, 0.000000000000000000, 18.00000000000000355 ) ) ;
#658 = CYLINDRICAL_SURFACE ( 'NONE', #388, 1.750000000000000000 ) ;
#659 = VERTEX_POINT ( 'NONE', #1422 ) ;
#660 = ORIENTED_EDGE ( 'NONE', *, *, #1308, .F. ) ;
#661 = ADVANCED_FACE ( 'NONE', ( #314 ), #1394, .F. ) ;
#662 = CARTESIAN_POINT ( 'NONE',  ( 28.49999999999994316, 0.000000000000000000, -7.806255641895631925E-15 ) ) ;
#663 = EDGE_LOOP ( 'NONE', ( #1673, #612, #1640, #233 ) ) ;
#664 = PLANE ( 'NONE',  #265 ) ;
#665 = DIRECTION ( 'NONE',  ( 0.000000000000000000, 0.000000000000000000, -1.000000000000000000 ) ) ;
#666 = CARTESIAN_POINT ( 'NONE',  ( -55.00000000000000000, 20.00000000000000000, 54.99999999999999289 ) ) ;
#667 = CARTESIAN_POINT ( 'NONE',  ( 0.000000000000000000, 14.00000000000000000, 49.50000000000001421 ) ) ;
#668 = AXIS2_PLACEMENT_3D ( 'NONE', #437, #1924, #706 ) ;
#669 = CIRCLE ( 'NONE', #450, 2.500000000000002220 ) ;
#670 = ORIENTED_EDGE ( 'NONE', *, *, #1416, .F. ) ;
#671 = EDGE_LOOP ( 'NONE', ( #1739, #1202, #572, #1894 ) ) ;
#672 = DIRECTION ( 'NONE',  ( -0.000000000000000000, 1.000000000000000000, 0.000000000000000000 ) ) ;
#673 = DIRECTION ( 'NONE',  ( 0.000000000000000000, 0.000000000000000000, -1.000000000000000000 ) ) ;
#674 = CALENDAR_DATE ( 2026, 19, 8 ) ;
#675 = CIRCLE ( 'NONE', #1781, 2.500000000000002220 ) ;
#676 = DIRECTION ( 'NONE',  ( -1.000000000000000000, 0.000000000000000000, -0.000000000000000000 ) ) ;
#677 = CIRCLE ( 'NONE', #1028, 2.000000000000001776 ) ;
#678 = EDGE_LOOP ( 'NONE', ( #501, #237, #1534, #1832 ) ) ;
#679 = EDGE_LOOP ( 'NONE', ( #264, #971 ) ) ;
#680 = VECTOR ( 'NONE', #414, 1000.000000000000000 ) ;
#681 = EDGE_LOOP ( 'NONE', ( #1325, #609 ) ) ;
#682 = CARTESIAN_POINT ( 'NONE',  ( 3.061616997868382155E-16, 20.00000000000000000, 44.50000000000001421 ) ) ;
#683 = ADVANCED_FACE ( 'NONE', ( #1237 ), #1401, .F. ) ;
#684 = DIRECTION ( 'NONE',  ( 0.000000000000000000, -1.000000000000000000, 0.000000000000000000 ) ) ;
#685 = ORIENTED_EDGE ( 'NONE', *, *, #1883, .T. ) ;
#686 = EDGE_CURVE ( 'NONE', #857, #838, #1775, .T. ) ;
#687 = ORIENTED_EDGE ( 'NONE', *, *, #1059, .F. ) ;
#688 = ORIENTED_EDGE ( 'NONE', *, *, #637, .F. ) ;
#689 = CARTESIAN_POINT ( 'NONE',  ( 47.00000000000002132, 10.00000000000000000, -44.99999999999998579 ) ) ;
#690 = CARTESIAN_POINT ( 'NONE',  ( 20.20710678118654968, 0.000000000000000000, -14.05025253169417532 ) ) ;
#691 = PERSON_AND_ORGANIZATION ( #554, #238 ) ;
#692 = CARTESIAN_POINT ( 'NONE',  ( -53.00000000000001421, 0.000000000000000000, -53.00000000000000711 ) ) ;
#693 = ORIENTED_EDGE ( 'NONE', *, *, #438, .F. ) ;
#694 = DIRECTION ( 'NONE',  ( 0.000000000000000000, 0.000000000000000000, 1.000000000000000000 ) ) ;
#695 = CARTESIAN_POINT ( 'NONE',  ( 20.50000000000000711, 20.00000000000000355, -13.34314575050762386 ) ) ;
#696 = ADVANCED_FACE ( 'NONE', ( #1831, #1272 ), #1071, .T. ) ;
#697 = AXIS2_PLACEMENT_3D ( 'NONE', #867, #1478, #1943 ) ;
#698 = VERTEX_POINT ( 'NONE', #31 ) ;
#699 = CARTESIAN_POINT ( 'NONE',  ( -20.50000000000000711, 20.00000000000000355, 16.99999999999999289 ) ) ;
#700 = CARTESIAN_POINT ( 'NONE',  ( 20.49999999999999289, 0.000000000000000000, 16.99999999999999289 ) ) ;
#701 = DATE_AND_TIME ( #1451, #432 ) ;
#702 = DIRECTION ( 'NONE',  ( 0.000000000000000000, -1.000000000000000000, 0.000000000000000000 ) ) ;
#703 = VECTOR ( 'NONE', #440, 1000.000000000000000 ) ;
#704 = ORIENTED_EDGE ( 'NONE', *, *, #1928, .T. ) ;
#705 = DIRECTION ( 'NONE',  ( 0.000000000000000000, 0.000000000000000000, -1.000000000000000000 ) ) ;
#706 = DIRECTION ( 'NONE',  ( 0.000000000000000000, 0.000000000000000000, -1.000000000000000000 ) ) ;
#707 = AXIS2_PLACEMENT_3D ( 'NONE', #1858, #486, #50 ) ;
#708 = EDGE_CURVE ( 'NONE', #1865, #1045, #257, .T. ) ;
#709 = AXIS2_PLACEMENT_3D ( 'NONE', #1387, #361, #210 ) ;
#710 = VERTEX_POINT ( 'NONE', #498 ) ;
#711 = DIRECTION ( 'NONE',  ( 0.000000000000000000, 0.000000000000000000, -1.000000000000000000 ) ) ;
#712 = EDGE_CURVE ( 'NONE', #1486, #857, #1092, .T. ) ;
#713 = DIRECTION ( 'NONE',  ( 0.000000000000000000, -0.000000000000000000, 1.000000000000000000 ) ) ;
#714 = CARTESIAN_POINT ( 'NONE',  ( 54.99999999999998579, 20.00000000000000000, -55.00000000000000711 ) ) ;
#715 = VERTEX_POINT ( 'NONE', #339 ) ;
#716 = CARTESIAN_POINT ( 'NONE',  ( 16.55025253169416288, 0.000000000000000000, -17.70710678118654258 ) ) ;
#717 = VERTEX_POINT ( 'NONE', #1101 ) ;
#718 = EDGE_LOOP ( 'NONE', ( #958, #1827 ) ) ;
#719 = ADVANCED_FACE ( 'NONE', ( #52, #1704 ), #935, .T. ) ;
#720 = FACE_OUTER_BOUND ( 'NONE', #1684, .T. ) ;
#721 = ADVANCED_FACE ( 'NONE', ( #1161 ), #993, .F. ) ;
#722 = APPROVAL ( #1607, 'UNSPECIFIED' ) ;
#723 = CARTESIAN_POINT ( 'NONE',  ( 19.49999999999998579, 20.00000000000000355, 18.00000000000000355 ) ) ;
#724 = FACE_OUTER_BOUND ( 'NONE', #353, .T. ) ;
#725 = EDGE_LOOP ( 'NONE', ( #1934, #76 ) ) ;
#726 = CARTESIAN_POINT ( 'NONE',  ( 53.00000000000000000, 0.000000000000000000, 54.99999999999999289 ) ) ;
#727 = DIRECTION ( 'NONE',  ( -0.000000000000000000, -1.000000000000000000, -0.000000000000000000 ) ) ;
#728 = ORIENTED_EDGE ( 'NONE', *, *, #1654, .F. ) ;
#729 = DIRECTION ( 'NONE',  ( -0.000000000000000000, 1.000000000000000000, -0.000000000000000000 ) ) ;
#730 = AXIS2_PLACEMENT_3D ( 'NONE', #1768, #1623, #281 ) ;
#731 = AXIS2_PLACEMENT_3D ( 'NONE', #690, #1298, #1002 ) ;
#732 = ADVANCED_FACE ( 'NONE', ( #849, #1598, #1585, #841, #1873, #831, #1283, #1471, #516, #1152 ), #1139, .T. ) ;
#733 = ORIENTED_EDGE ( 'NONE', *, *, #43, .T. ) ;
#734 = DIRECTION ( 'NONE',  ( -0.000000000000000000, -1.000000000000000000, -0.000000000000000000 ) ) ;
#735 = ORIENTED_EDGE ( 'NONE', *, *, #686, .F. ) ;
#736 = CIRCLE ( 'NONE', #1243, 3.999999999999996447 ) ;
#737 = ORIENTED_EDGE ( 'NONE', *, *, #422, .F. ) ;
#738 = VECTOR ( 'NONE', #1637, 1000.000000000000000 ) ;
#739 = AXIS2_PLACEMENT_3D ( 'NONE', #1648, #1530, #1948 ) ;
#740 = CARTESIAN_POINT ( 'NONE',  ( 0.000000000000000000, 10.00000000000000000, 47.00000000000001421 ) ) ;
#741 = CYLINDRICAL_SURFACE ( 'NONE', #1377, 1.000000000000000888 ) ;
#742 = EDGE_CURVE ( 'NONE', #494, #928, #1275, .T. ) ;
#743 = VERTEX_POINT ( 'NONE', #700 ) ;
#744 = CARTESIAN_POINT ( 'NONE',  ( -46.99999999999999289, 10.00000000000000000, 43.00000000000001421 ) ) ;
#745 = DIRECTION ( 'NONE',  ( -0.000000000000000000, -1.000000000000000000, -0.000000000000000000 ) ) ;
#746 = EDGE_CURVE ( 'NONE', #1798, #1509, #240, .T. ) ;
#747 = EDGE_CURVE ( 'NONE', #629, #1000, #419, .T. ) ;
#748 = ORIENTED_EDGE ( 'NONE', *, *, #1255, .F. ) ;
#749 = DIRECTION ( 'NONE',  ( 0.000000000000000000, 0.000000000000000000, -1.000000000000000000 ) ) ;
#750 = LINE ( 'NONE', #1361, #1936 ) ;
#751 = APPROVAL_DATE_TIME ( #1484, #781 ) ;
#752 = ORIENTED_EDGE ( 'NONE', *, *, #1751, .T. ) ;
#753 = DIRECTION ( 'NONE',  ( -0.000000000000000000, 1.000000000000000000, -0.000000000000000000 ) ) ;
#754 = CARTESIAN_POINT ( 'NONE',  ( 3.061616997868384127E-16, 10.00000000000000000, 49.50000000000001421 ) ) ;
#755 = ORIENTED_EDGE ( 'NONE', *, *, #1293, .T. ) ;
#756 = ADVANCED_FACE ( 'NONE', ( #1726 ), #1458, .T. ) ;
#757 = ORIENTED_EDGE ( 'NONE', *, *, #1895, .T. ) ;
#758 = DIRECTION ( 'NONE',  ( 1.261617073437677999E-16, 0.000000000000000000, 1.000000000000000000 ) ) ;
#759 = CIRCLE ( 'NONE', #1205, 3.000000000000002665 ) ;
#760 = CARTESIAN_POINT ( 'NONE',  ( 1.424518184755866220E-14, 13.70000000000000107, -49.99999999999998579 ) ) ;
#761 = SHAPE_DEFINITION_REPRESENTATION ( #1067, #1146 ) ;
#762 = VERTEX_POINT ( 'NONE', #1131 ) ;
#763 = CARTESIAN_POINT ( 'NONE',  ( 1.387778780781445676E-14, 6.299999999999999822, -46.99999999999998579 ) ) ;
#764 = DIRECTION ( 'NONE',  ( 1.000000000000000000, 0.000000000000000000, -1.261617073437677999E-16 ) ) ;
#765 = EDGE_LOOP ( 'NONE', ( #320, #626, #524, #1344 ) ) ;
#766 = ADVANCED_FACE ( 'NONE', ( #1124 ), #258, .F. ) ;
#767 = AXIS2_PLACEMENT_3D ( 'NONE', #285, #1791, #1021 ) ;
#768 = DIRECTION ( 'NONE',  ( 0.000000000000000000, -1.000000000000000000, 0.000000000000000000 ) ) ;
#769 = AXIS2_PLACEMENT_3D ( 'NONE', #662, #503, #694 ) ;
#770 = EDGE_CURVE ( 'NONE', #743, #203, #1311, .T. ) ;
#771 = DIRECTION ( 'NONE',  ( 0.000000000000000000, -0.000000000000000000, 1.000000000000000000 ) ) ;
#772 = DIRECTION ( 'NONE',  ( 1.000000000000000000, -0.000000000000000000, 1.020425574104004739E-16 ) ) ;
#773 = VERTEX_POINT ( 'NONE', #382 ) ;
#774 = DIRECTION ( 'NONE',  ( 0.000000000000000000, -1.000000000000000000, 0.000000000000000000 ) ) ;
#775 = CYLINDRICAL_SURFACE ( 'NONE', #1618, 3.999999999999996447 ) ;
#776 = ORIENTED_EDGE ( 'NONE', *, *, #1321, .F. ) ;
#777 = VERTEX_POINT ( 'NONE', #1450 ) ;
#778 = DIRECTION ( 'NONE',  ( 0.000000000000000000, 0.000000000000000000, -1.000000000000000000 ) ) ;
#779 = FACE_OUTER_BOUND ( 'NONE', #307, .T. ) ;
#780 = EDGE_CURVE ( 'NONE', #1264, #1463, #1588, .T. ) ;
#781 = APPROVAL ( #411, 'UNSPECIFIED' ) ;
#782 = DIRECTION ( 'NONE',  ( 1.020425574104004739E-16, 0.000000000000000000, -1.000000000000000000 ) ) ;
#783 = CARTESIAN_POINT ( 'NONE',  ( 46.99999999999999289, 20.00000000000000000, 49.00000000000001421 ) ) ;
#784 = LINE ( 'NONE', #1825, #1142 ) ;
#785 = EDGE_LOOP ( 'NONE', ( #1397, #406 ) ) ;
#786 = EDGE_LOOP ( 'NONE', ( #1333, #998, #1468, #1932 ) ) ;
#787 = CARTESIAN_POINT ( 'NONE',  ( -46.99999999999999289, 10.00000000000000000, -47.00000000000001421 ) ) ;
#788 = FACE_BOUND ( 'NONE', #1035, .T. ) ;
#789 = EDGE_CURVE ( 'NONE', #927, #1561, #1433, .T. ) ;
#790 = DIRECTION ( 'NONE',  ( 0.000000000000000000, 0.000000000000000000, 1.000000000000000000 ) ) ;
#791 = CARTESIAN_POINT ( 'NONE',  ( -47.00000000000000711, 20.00000000000000000, 46.99999999999999289 ) ) ;
#792 = LINE ( 'NONE', #1126, #162 ) ;
#793 = AXIS2_PLACEMENT_3D ( 'NONE', #119, #1602, #1495 ) ;
#794 = VECTOR ( 'NONE', #391, 1000.000000000000000 ) ;
#795 = ORIENTED_EDGE ( 'NONE', *, *, #495, .T. ) ;
#796 = ORIENTED_EDGE ( 'NONE', *, *, #1560, .F. ) ;
#797 = DIRECTION ( 'NONE',  ( 0.000000000000000000, -1.000000000000000000, 0.000000000000000000 ) ) ;
#798 = AXIS2_PLACEMENT_3D ( 'NONE', #1566, #1851, #1682 ) ;
#799 = DIRECTION ( 'NONE',  ( 0.000000000000000000, 0.000000000000000000, 1.000000000000000000 ) ) ;
#800 = AXIS2_PLACEMENT_3D ( 'NONE', #10, #1537, #28 ) ;
#801 = LINE ( 'NONE', #1111, #1746 ) ;
#802 = CARTESIAN_POINT ( 'NONE',  ( 19.49999999999998579, 0.000000000000000000, 18.00000000000000355 ) ) ;
#803 = DIRECTION ( 'NONE',  ( 0.000000000000000000, 1.000000000000000000, 0.000000000000000000 ) ) ;
#804 = ADVANCED_FACE ( 'NONE', ( #89 ), #401, .T. ) ;
#805 = ORIENTED_EDGE ( 'NONE', *, *, #200, .F. ) ;
#806 = ORIENTED_EDGE ( 'NONE', *, *, #514, .F. ) ;
#807 = APPROVAL ( #90, 'UNSPECIFIED' ) ;
#808 = LINE ( 'NONE', #560, #1381 ) ;
#809 = ORIENTED_EDGE ( 'NONE', *, *, #1570, .F. ) ;
#810 = LINE ( 'NONE', #543, #77 ) ;
#811 = CARTESIAN_POINT ( 'NONE',  ( 0.000000000000000000, 13.99999999999999822, 45.25000000000001421 ) ) ;
#812 = FACE_OUTER_BOUND ( 'NONE', #718, .T. ) ;
#813 = DIRECTION ( 'NONE',  ( 0.000000000000000000, 0.000000000000000000, -1.000000000000000000 ) ) ;
#814 = ORIENTED_EDGE ( 'NONE', *, *, #1356, .F. ) ;
#815 = ORIENTED_EDGE ( 'NONE', *, *, #9, .F. ) ;
#816 = DIRECTION ( 'NONE',  ( -1.000000000000000000, -0.000000000000000000, -0.000000000000000000 ) ) ;
#817 = ORIENTED_EDGE ( 'NONE', *, *, #438, .T. ) ;
#818 = PLANE ( 'NONE',  #456 ) ;
#819 = DIRECTION ( 'NONE',  ( -0.000000000000000000, 1.000000000000000000, -0.000000000000000000 ) ) ;
#820 = DATE_AND_TIME ( #535, #1849 ) ;
#821 = CARTESIAN_POINT ( 'NONE',  ( -47.00000000000000000, 20.00000000000000000, -47.00000000000000000 ) ) ;
#822 = AXIS2_PLACEMENT_3D ( 'NONE', #1541, #1231, #309 ) ;
#823 = VERTEX_POINT ( 'NONE', #983 ) ;
#824 = VERTEX_POINT ( 'NONE', #544 ) ;
#825 = VECTOR ( 'NONE', #327, 1000.000000000000000 ) ;
#826 = ORIENTED_EDGE ( 'NONE', *, *, #105, .F. ) ;
#827 = EDGE_CURVE ( 'NONE', #1045, #1514, #1606, .T. ) ;
#828 = FACE_OUTER_BOUND ( 'NONE', #1719, .T. ) ;
#829 = AXIS2_PLACEMENT_3D ( 'NONE', #576, #901, #1060 ) ;
#830 = EDGE_CURVE ( 'NONE', #959, #640, #989, .T. ) ;
#831 = FACE_BOUND ( 'NONE', #864, .T. ) ;
#832 =( NAMED_UNIT ( * ) SI_UNIT ( $, .STERADIAN. ) SOLID_ANGLE_UNIT ( ) );
#833 = AXIS2_PLACEMENT_3D ( 'NONE', #1767, #1914, #1334 ) ;
#834 = DIRECTION ( 'NONE',  ( 0.000000000000000000, 0.000000000000000000, 1.000000000000000000 ) ) ;
#835 = AXIS2_PLACEMENT_3D ( 'NONE', #763, #592, #1521 ) ;
#836 = EDGE_LOOP ( 'NONE', ( #1006, #1632, #897, #1357 ) ) ;
#837 = EDGE_LOOP ( 'NONE', ( #1276, #343, #78, #1903 ) ) ;
#838 = VERTEX_POINT ( 'NONE', #1939 ) ;
#839 = DIRECTION ( 'NONE',  ( 0.000000000000000000, 0.000000000000000000, 1.000000000000000000 ) ) ;
#840 = ADVANCED_FACE ( 'NONE', ( #590 ), #741, .F. ) ;
#841 = FACE_BOUND ( 'NONE', #681, .T. ) ;
#842 = PERSON_AND_ORGANIZATION_ROLE ( 'creator' ) ;
#843 = CARTESIAN_POINT ( 'NONE',  ( 46.99999999999999289, 20.00000000000000000, 47.00000000000001421 ) ) ;
#844 = CC_DESIGN_PERSON_AND_ORGANIZATION_ASSIGNMENT ( #402, #1443, ( #1136 ) ) ;
#845 = ORIENTED_EDGE ( 'NONE', *, *, #1751, .F. ) ;
#846 = CARTESIAN_POINT ( 'NONE',  ( 0.000000000000000000, 13.99999999999999822, 47.00000000000001421 ) ) ;
#847 = ORIENTED_EDGE ( 'NONE', *, *, #276, .T. ) ;
#848 = CARTESIAN_POINT ( 'NONE',  ( -47.00000000000000711, 20.00000000000000000, 48.99999999999999289 ) ) ;
#849 = FACE_BOUND ( 'NONE', #1415, .T. ) ;
#850 = DATE_AND_TIME ( #249, #1690 ) ;
#851 = DIRECTION ( 'NONE',  ( 0.000000000000000000, 0.000000000000000000, 1.000000000000000000 ) ) ;
#852 = EDGE_CURVE ( 'NONE', #387, #1176, #37, .T. ) ;
#853 = ORIENTED_EDGE ( 'NONE', *, *, #284, .F. ) ;
#854 = CARTESIAN_POINT ( 'NONE',  ( -19.50000000000000000, 20.00000000000000355, 18.00000000000000355 ) ) ;
#855 = CARTESIAN_POINT ( 'NONE',  ( -46.99999999999999289, 10.00000000000000000, 43.00000000000001421 ) ) ;
#856 = VECTOR ( 'NONE', #272, 1000.000000000000000 ) ;
#857 = VERTEX_POINT ( 'NONE', #277 ) ;
#858 = VECTOR ( 'NONE', #1324, 1000.000000000000000 ) ;
#859 = CARTESIAN_POINT ( 'NONE',  ( -53.00000000000000000, 0.000000000000000000, 54.99999999999999289 ) ) ;
#860 = CARTESIAN_POINT ( 'NONE',  ( 47.00000000000002132, 20.00000000000000000, -46.99999999999998579 ) ) ;
#861 = LINE ( 'NONE', #1472, #1123 ) ;
#862 = LINE ( 'NONE', #1485, #1902 ) ;
#863 = AXIS2_PLACEMENT_3D ( 'NONE', #1715, #12, #771 ) ;
#864 = EDGE_LOOP ( 'NONE', ( #1819, #733 ) ) ;
#865 = DIRECTION ( 'NONE',  ( 0.000000000000000000, -1.000000000000000000, 0.000000000000000000 ) ) ;
#866 = ADVANCED_FACE ( 'NONE', ( #1041 ), #1170, .F. ) ;
#867 = CARTESIAN_POINT ( 'NONE',  ( 46.99999999999999289, 0.000000000000000000, 47.00000000000001421 ) ) ;
#868 = AXIS2_PLACEMENT_3D ( 'NONE', #1918, #430, #1197 ) ;
#869 = CIRCLE ( 'NONE', #1090, 1.750000000000001554 ) ;
#870 = EDGE_CURVE ( 'NONE', #650, #1551, #1929, .T. ) ;
#871 = ORIENTED_EDGE ( 'NONE', *, *, #1099, .T. ) ;
#872 = CARTESIAN_POINT ( 'NONE',  ( 46.99999999999999289, 20.00000000000000000, 49.00000000000001421 ) ) ;
#873 = DIRECTION ( 'NONE',  ( -0.000000000000000000, 1.000000000000000000, -0.000000000000000000 ) ) ;
#874 = DIRECTION ( 'NONE',  ( -0.000000000000000000, 1.000000000000000000, -0.000000000000000000 ) ) ;
#875 = VERTEX_POINT ( 'NONE', #1646 ) ;
#876 = DIRECTION ( 'NONE',  ( 0.000000000000000000, 0.000000000000000000, -1.000000000000000000 ) ) ;
#877 = DIRECTION ( 'NONE',  ( 0.000000000000000000, 0.000000000000000000, 1.000000000000000000 ) ) ;
#878 = EDGE_LOOP ( 'NONE', ( #795, #1390, #1688, #1846 ) ) ;
#879 = EDGE_CURVE ( 'NONE', #1211, #190, #428, .T. ) ;
#880 = CARTESIAN_POINT ( 'NONE',  ( 46.99999999999999289, 10.00000000000000000, 47.00000000000001421 ) ) ;
#881 = DIRECTION ( 'NONE',  ( 0.000000000000000000, 1.000000000000000000, 0.000000000000000000 ) ) ;
#882 = CARTESIAN_POINT ( 'NONE',  ( 28.49999999999994316, -4.949747468305836229, 1.749999999999992228 ) ) ;
#883 = ORIENTED_EDGE ( 'NONE', *, *, #852, .F. ) ;
#884 = CARTESIAN_POINT ( 'NONE',  ( -53.00000000000001421, 20.00000000000000000, -53.00000000000000711 ) ) ;
#885 = CARTESIAN_POINT ( 'NONE',  ( 1.387778780781445676E-14, 13.70000000000000107, -46.99999999999998579 ) ) ;
#886 = ORIENTED_EDGE ( 'NONE', *, *, #226, .F. ) ;
#887 = CARTESIAN_POINT ( 'NONE',  ( 1.409210099766524326E-14, -4.949747468305836229, -48.74999999999998579 ) ) ;
#888 = VECTOR ( 'NONE', #152, 1000.000000000000000 ) ;
#889 = EDGE_CURVE ( 'NONE', #777, #659, #1310, .T. ) ;
#890 = DIRECTION ( 'NONE',  ( -0.000000000000000000, -1.000000000000000000, -0.000000000000000000 ) ) ;
#891 = ADVANCED_FACE ( 'NONE', ( #1801 ), #433, .F. ) ;
#892 = EDGE_LOOP ( 'NONE', ( #847, #1707 ) ) ;
#893 = CARTESIAN_POINT ( 'NONE',  ( 53.00000000000000000, 20.00000000000000000, 54.99999999999999289 ) ) ;
#894 = DIRECTION ( 'NONE',  ( -0.000000000000000000, 1.000000000000000000, -0.000000000000000000 ) ) ;
#895 = VECTOR ( 'NONE', #890, 1000.000000000000000 ) ;
#896 = ORIENTED_EDGE ( 'NONE', *, *, #92, .T. ) ;
#897 = ORIENTED_EDGE ( 'NONE', *, *, #399, .T. ) ;
#898 = AXIS2_PLACEMENT_3D ( 'NONE', #1371, #1256, #1382 ) ;
#899 = VECTOR ( 'NONE', #1494, 1000.000000000000000 ) ;
#900 = CYLINDRICAL_SURFACE ( 'NONE', #868, 1.750000000000001554 ) ;
#901 = DIRECTION ( 'NONE',  ( 0.000000000000000000, -1.000000000000000000, 0.000000000000000000 ) ) ;
#902 = EDGE_CURVE ( 'NONE', #1559, #1855, #441, .T. ) ;
#903 = EDGE_LOOP ( 'NONE', ( #981, #27, #473, #1253 ) ) ;
#904 = DIRECTION ( 'NONE',  ( 0.000000000000000000, -1.000000000000000000, 0.000000000000000000 ) ) ;
#905 = DIRECTION ( 'NONE',  ( -0.000000000000000000, -1.000000000000000000, -0.000000000000000000 ) ) ;
#906 = EDGE_LOOP ( 'NONE', ( #687, #796 ) ) ;
#907 = ORIENTED_EDGE ( 'NONE', *, *, #276, .F. ) ;
#908 = CYLINDRICAL_SURFACE ( 'NONE', #364, 3.999999999999996447 ) ;
#909 = CARTESIAN_POINT ( 'NONE',  ( 19.50000000000000711, 0.000000000000000000, -13.34314575050762386 ) ) ;
#910 = ORIENTED_EDGE ( 'NONE', *, *, #1466, .F. ) ;
#911 = DIRECTION ( 'NONE',  ( 0.000000000000000000, 1.000000000000000000, 0.000000000000000000 ) ) ;
#912 = LINE ( 'NONE', #635, #888 ) ;
#913 = EDGE_CURVE ( 'NONE', #1045, #1220, #141, .T. ) ;
#914 = ORIENTED_EDGE ( 'NONE', *, *, #926, .T. ) ;
#915 = EDGE_CURVE ( 'NONE', #1009, #1254, #293, .T. ) ;
#916 = DIRECTION ( 'NONE',  ( 0.000000000000000000, 1.000000000000000000, 0.000000000000000000 ) ) ;
#917 = CIRCLE ( 'NONE', #697, 3.999999999999996447 ) ;
#918 = VECTOR ( 'NONE', #182, 1000.000000000000000 ) ;
#919 = CARTESIAN_POINT ( 'NONE',  ( 0.000000000000000000, 10.00000000000000000, 45.25000000000001421 ) ) ;
#920 = CARTESIAN_POINT ( 'NONE',  ( 46.99999999999999289, 20.00000000000000000, 47.00000000000001421 ) ) ;
#921 = AXIS2_PLACEMENT_3D ( 'NONE', #1547, #347, #656 ) ;
#922 = CARTESIAN_POINT ( 'NONE',  ( 1.424518184755866220E-14, 20.00000000000000000, -49.99999999999998579 ) ) ;
#923 = ORIENTED_EDGE ( 'NONE', *, *, #879, .F. ) ;
#924 = CARTESIAN_POINT ( 'NONE',  ( 46.99999999999999289, 0.000000000000000000, -51.00000000000000711 ) ) ;
#925 = CARTESIAN_POINT ( 'NONE',  ( -47.00000000000000711, 10.00000000000000000, 46.99999999999999289 ) ) ;
#926 = EDGE_CURVE ( 'NONE', #1105, #875, #41, .T. ) ;
#927 = VERTEX_POINT ( 'NONE', #1352 ) ;
#928 = VERTEX_POINT ( 'NONE', #1331 ) ;
#929 = EDGE_CURVE ( 'NONE', #1514, #159, #597, .T. ) ;
#930 = VECTOR ( 'NONE', #1733, 1000.000000000000000 ) ;
#931 = DIRECTION ( 'NONE',  ( 0.000000000000000000, 1.000000000000000000, 0.000000000000000000 ) ) ;
#932 = AXIS2_PLACEMENT_3D ( 'NONE', #20, #1544, #36 ) ;
#933 = DIRECTION ( 'NONE',  ( 0.000000000000000000, 1.000000000000000000, 0.000000000000000000 ) ) ;
#934 = AXIS2_PLACEMENT_3D ( 'NONE', #181, #40, #1842 ) ;
#935 = PLANE ( 'NONE',  #921 ) ;
#936 = CYLINDRICAL_SURFACE ( 'NONE', #1247, 2.000000000000001776 ) ;
#937 = FACE_OUTER_BOUND ( 'NONE', #175, .T. ) ;
#938 = ORIENTED_EDGE ( 'NONE', *, *, #889, .F. ) ;
#939 = LINE ( 'NONE', #1519, #459 ) ;
#940 = EDGE_CURVE ( 'NONE', #1826, #1583, #583, .T. ) ;
#941 = DIRECTION ( 'NONE',  ( -0.000000000000000000, 1.000000000000000000, -0.000000000000000000 ) ) ;
#942 = FACE_OUTER_BOUND ( 'NONE', #1353, .T. ) ;
#943 = DIRECTION ( 'NONE',  ( 0.000000000000000000, -1.000000000000000000, 0.000000000000000000 ) ) ;
#944 = CARTESIAN_POINT ( 'NONE',  ( -46.99999999999999289, 10.00000000000000000, 51.00000000000000711 ) ) ;
#945 = ORIENTED_EDGE ( 'NONE', *, *, #712, .F. ) ;
#946 = ORIENTED_EDGE ( 'NONE', *, *, #1952, .T. ) ;
#947 = CARTESIAN_POINT ( 'NONE',  ( 47.00000000000002132, 20.00000000000000000, -44.99999999999998579 ) ) ;
#948 = EDGE_CURVE ( 'NONE', #1589, #715, #750, .T. ) ;
#949 = PLANE ( 'NONE',  #863 ) ;
#950 = AXIS2_PLACEMENT_3D ( 'NONE', #999, #582, #1642 ) ;
#951 = CIRCLE ( 'NONE', #950, 2.000000000000001776 ) ;
#952 = CARTESIAN_POINT ( 'NONE',  ( 1.387778780781445676E-14, 13.70000000000000107, -46.99999999999998579 ) ) ;
#953 = CYLINDRICAL_SURFACE ( 'NONE', #1348, 2.000000000000001776 ) ;
#954 = DIRECTION ( 'NONE',  ( 0.000000000000000000, -1.000000000000000000, 0.000000000000000000 ) ) ;
#955 = VECTOR ( 'NONE', #1444, 1000.000000000000000 ) ;
#956 = EDGE_CURVE ( 'NONE', #875, #1105, #675, .T. ) ;
#957 = CIRCLE ( 'NONE', #389, 1.000000000000000888 ) ;
#958 = ORIENTED_EDGE ( 'NONE', *, *, #1605, .T. ) ;
#959 = VERTEX_POINT ( 'NONE', #1108 ) ;
#960 = DIRECTION ( 'NONE',  ( -0.000000000000000000, -1.000000000000000000, -0.000000000000000000 ) ) ;
#961 = CIRCLE ( 'NONE', #1878, 1.750000000000001554 ) ;
#962 = FACE_BOUND ( 'NONE', #725, .T. ) ;
#963 = AXIS2_PLACEMENT_3D ( 'NONE', #1662, #916, #304 ) ;
#964 = AXIS2_PLACEMENT_3D ( 'NONE', #187, #943, #32 ) ;
#965 = CARTESIAN_POINT ( 'NONE',  ( 46.99999999999999289, 10.00000000000000000, 47.00000000000001421 ) ) ;
#966 = DIRECTION ( 'NONE',  ( 0.000000000000000000, 0.000000000000000000, -1.000000000000000000 ) ) ;
#967 = DIRECTION ( 'NONE',  ( 0.000000000000000000, 0.000000000000000000, 1.000000000000000000 ) ) ;
#968 = APPROVAL_PERSON_ORGANIZATION ( #1586, #807, #73 ) ;
#969 = ADVANCED_FACE ( 'NONE', ( #1554 ), #1694, .F. ) ;
#970 = EDGE_LOOP ( 'NONE', ( #1278, #510, #980, #1038 ) ) ;
#971 = ORIENTED_EDGE ( 'NONE', *, *, #306, .T. ) ;
#972 = DIRECTION ( 'NONE',  ( 0.000000000000000000, 0.000000000000000000, 1.000000000000000000 ) ) ;
#973 = ORIENTED_EDGE ( 'NONE', *, *, #1059, .T. ) ;
#974 = LINE ( 'NONE', #1138, #930 ) ;
#975 = DIRECTION ( 'NONE',  ( -0.000000000000000000, -1.000000000000000000, -0.000000000000000000 ) ) ;
#976 = DIRECTION ( 'NONE',  ( 0.000000000000000000, 1.000000000000000000, 0.000000000000000000 ) ) ;
#977 = DIRECTION ( 'NONE',  ( 0.000000000000000000, 0.000000000000000000, -1.000000000000000000 ) ) ;
#978 = VERTEX_POINT ( 'NONE', #1384 ) ;
#979 = EDGE_CURVE ( 'NONE', #1889, #1009, #22, .T. ) ;
#980 = ORIENTED_EDGE ( 'NONE', *, *, #1560, .T. ) ;
#981 = ORIENTED_EDGE ( 'NONE', *, *, #948, .T. ) ;
#982 = FACE_OUTER_BOUND ( 'NONE', #678, .T. ) ;
#983 = CARTESIAN_POINT ( 'NONE',  ( -46.99999999999999289, 0.000000000000000000, 51.00000000000000711 ) ) ;
#984 = APPROVAL_ROLE ( '' ) ;
#985 = FACE_OUTER_BOUND ( 'NONE', #310, .T. ) ;
#986 = VECTOR ( 'NONE', #95, 1000.000000000000000 ) ;
#987 = VERTEX_POINT ( 'NONE', #38 ) ;
#988 = VERTEX_POINT ( 'NONE', #1248 ) ;
#989 = CIRCLE ( 'NONE', #133, 3.000000000000002665 ) ;
#990 = EDGE_CURVE ( 'NONE', #698, #640, #168, .T. ) ;
#991 = CARTESIAN_POINT ( 'NONE',  ( 19.50000000000000711, 0.000000000000000000, -13.34314575050762386 ) ) ;
#992 = VECTOR ( 'NONE', #1754, 1000.000000000000000 ) ;
#993 = CYLINDRICAL_SURFACE ( 'NONE', #1306, 1.750000000000000000 ) ;
#994 = PERSON_AND_ORGANIZATION ( #554, #238 ) ;
#995 = CIRCLE ( 'NONE', #1245, 3.999999999999996447 ) ;
#996 = CARTESIAN_POINT ( 'NONE',  ( 20.50000000000000711, 0.000000000000000000, -13.34314575050761853 ) ) ;
#997 = AXIS2_PLACEMENT_3D ( 'NONE', #172, #774, #581 ) ;
#998 = ORIENTED_EDGE ( 'NONE', *, *, #1147, .F. ) ;
#999 = CARTESIAN_POINT ( 'NONE',  ( 46.99999999999999289, 10.00000000000000000, 47.00000000000001421 ) ) ;
#1000 = VERTEX_POINT ( 'NONE', #919 ) ;
#1001 = DIRECTION ( 'NONE',  ( -0.000000000000000000, -1.000000000000000000, -0.000000000000000000 ) ) ;
#1002 = DIRECTION ( 'NONE',  ( 0.7071067811865493491, 0.000000000000000000, 0.7071067811865456854 ) ) ;
#1003 = DIRECTION ( 'NONE',  ( 0.000000000000000000, -1.000000000000000000, 0.000000000000000000 ) ) ;
#1004 = CARTESIAN_POINT ( 'NONE',  ( 0.000000000000000000, 14.00000000000000000, 47.00000000000001421 ) ) ;
#1005 = ADVANCED_FACE ( 'NONE', ( #195, #1671 ), #949, .T. ) ;
#1006 = ORIENTED_EDGE ( 'NONE', *, *, #1883, .F. ) ;
#1007 = DIRECTION ( 'NONE',  ( 0.000000000000000000, 1.000000000000000000, 0.000000000000000000 ) ) ;
#1008 = LINE ( 'NONE', #1612, #1367 ) ;
#1009 = VERTEX_POINT ( 'NONE', #1259 ) ;
#1010 = CARTESIAN_POINT ( 'NONE',  ( 46.99999999999999289, 10.00000000000000000, 47.00000000000001421 ) ) ;
#1011 = EDGE_CURVE ( 'NONE', #539, #1865, #179, .T. ) ;
#1012 = CARTESIAN_POINT ( 'NONE',  ( 0.000000000000000000, 20.00000000000000000, 0.000000000000000000 ) ) ;
#1013 = LINE ( 'NONE', #714, #858 ) ;
#1014 = ORIENTED_EDGE ( 'NONE', *, *, #1634, .F. ) ;
#1015 = CARTESIAN_POINT ( 'NONE',  ( -19.50000000000000711, 20.00000000000000355, 17.00000000000000000 ) ) ;
#1016 = FACE_OUTER_BOUND ( 'NONE', #385, .T. ) ;
#1017 = VECTOR ( 'NONE', #1074, 1000.000000000000000 ) ;
#1018 = ORIENTED_EDGE ( 'NONE', *, *, #43, .F. ) ;
#1019 = AXIS2_PLACEMENT_3D ( 'NONE', #180, #1683, #1528 ) ;
#1020 = DIRECTION ( 'NONE',  ( 0.000000000000000000, -1.000000000000000000, 0.000000000000000000 ) ) ;
#1021 = DIRECTION ( 'NONE',  ( 1.000000000000000000, 0.000000000000000000, -0.000000000000000000 ) ) ;
#1022 = APPROVAL_DATE_TIME ( #701, #722 ) ;
#1023 = DIRECTION ( 'NONE',  ( -0.000000000000000000, 1.000000000000000000, -0.000000000000000000 ) ) ;
#1024 = AXIS2_PLACEMENT_3D ( 'NONE', #88, #1741, #1724 ) ;
#1025 = ORIENTED_EDGE ( 'NONE', *, *, #929, .T. ) ;
#1026 = CYLINDRICAL_SURFACE ( 'NONE', #1216, 3.999999999999996447 ) ;
#1027 = CARTESIAN_POINT ( 'NONE',  ( 0.000000000000000000, 10.00000000000000000, 47.00000000000001421 ) ) ;
#1028 = AXIS2_PLACEMENT_3D ( 'NONE', #1351, #283, #417 ) ;
#1029 = CIRCLE ( 'NONE', #523, 2.000000000000001776 ) ;
#1030 = ORIENTED_EDGE ( 'NONE', *, *, #990, .F. ) ;
#1031 = APPROVAL_PERSON_ORGANIZATION ( #1132, #781, #1069 ) ;
#1032 = LINE ( 'NONE', #148, #235 ) ;
#1033 = CARTESIAN_POINT ( 'NONE',  ( -53.00000000000001421, 20.00000000000000000, -53.00000000000000711 ) ) ;
#1034 = LINE ( 'NONE', #1930, #354 ) ;
#1035 = EDGE_LOOP ( 'NONE', ( #735, #1643 ) ) ;
#1036 = CARTESIAN_POINT ( 'NONE',  ( 19.49999999999999289, 20.00000000000000355, 17.00000000000000000 ) ) ;
#1037 = LINE ( 'NONE', #1455, #98 ) ;
#1038 = ORIENTED_EDGE ( 'NONE', *, *, #568, .F. ) ;
#1039 = CYLINDRICAL_SURFACE ( 'NONE', #1313, 2.500000000000002220 ) ;
#1040 = EDGE_CURVE ( 'NONE', #8, #452, #1685, .T. ) ;
#1041 = FACE_OUTER_BOUND ( 'NONE', #1529, .T. ) ;
#1042 = VERTEX_POINT ( 'NONE', #1078 ) ;
#1043 = CYLINDRICAL_SURFACE ( 'NONE', #586, 3.000000000000002665 ) ;
#1044 = DIRECTION ( 'NONE',  ( -0.000000000000000000, -1.000000000000000000, -0.000000000000000000 ) ) ;
#1045 = VERTEX_POINT ( 'NONE', #1861 ) ;
#1046 = LINE ( 'NONE', #872, #1783 ) ;
#1047 = AXIS2_PLACEMENT_3D ( 'NONE', #479, #894, #1675 ) ;
#1048 = EDGE_CURVE ( 'NONE', #45, #1486, #1341, .T. ) ;
#1049 = VECTOR ( 'NONE', #874, 1000.000000000000000 ) ;
#1050 = CC_DESIGN_PERSON_AND_ORGANIZATION_ASSIGNMENT ( #691, #1299, ( #113 ) ) ;
#1051 = DIRECTION ( 'NONE',  ( 0.000000000000000000, 1.000000000000000000, 0.000000000000000000 ) ) ;
#1052 = ORIENTED_EDGE ( 'NONE', *, *, #1536, .T. ) ;
#1053 = DIRECTION ( 'NONE',  ( 0.000000000000000000, 0.000000000000000000, -1.000000000000000000 ) ) ;
#1054 = CARTESIAN_POINT ( 'NONE',  ( 46.99999999999999289, 20.00000000000000000, 45.00000000000001421 ) ) ;
#1055 = AXIS2_PLACEMENT_3D ( 'NONE', #880, #587, #1953 ) ;
#1056 = EDGE_LOOP ( 'NONE', ( #1307, #1386, #455, #34 ) ) ;
#1057 = AXIS2_PLACEMENT_3D ( 'NONE', #336, #630, #1839 ) ;
#1058 = DIRECTION ( 'NONE',  ( 0.000000000000000000, 0.000000000000000000, 1.000000000000000000 ) ) ;
#1059 = EDGE_CURVE ( 'NONE', #1389, #621, #1407, .T. ) ;
#1060 = DIRECTION ( 'NONE',  ( 0.000000000000000000, 0.000000000000000000, -1.000000000000000000 ) ) ;
#1061 = EDGE_LOOP ( 'NONE', ( #254, #923, #548, #815 ) ) ;
#1062 = FACE_OUTER_BOUND ( 'NONE', #639, .T. ) ;
#1063 = DIRECTION ( 'NONE',  ( 0.000000000000000000, -1.000000000000000000, 0.000000000000000000 ) ) ;
#1064 = ADVANCED_FACE ( 'NONE', ( #779 ), #631, .F. ) ;
#1065 = ORIENTED_EDGE ( 'NONE', *, *, #1895, .F. ) ;
#1066 = CARTESIAN_POINT ( 'NONE',  ( 47.00000000000002132, 20.00000000000000000, -46.99999999999998579 ) ) ;
#1067 = PRODUCT_DEFINITION_SHAPE ( 'NONE', 'NONE',  #1258 ) ;
#1068 = FACE_OUTER_BOUND ( 'NONE', #86, .T. ) ;
#1069 = APPROVAL_ROLE ( '' ) ;
#1070 = EDGE_CURVE ( 'NONE', #1486, #45, #1592, .T. ) ;
#1071 = PLANE ( 'NONE',  #1019 ) ;
#1072 = ORIENTED_EDGE ( 'NONE', *, *, #458, .F. ) ;
#1073 = DIRECTION ( 'NONE',  ( 1.000000000000000000, 0.000000000000000000, -0.000000000000000000 ) ) ;
#1074 = DIRECTION ( 'NONE',  ( -0.000000000000000000, -1.000000000000000000, -0.000000000000000000 ) ) ;
#1075 = EDGE_LOOP ( 'NONE', ( #1888, #752, #1571, #1456, #1144, #1295, #1025, #1668, #704, #493 ) ) ;
#1076 = DIRECTION ( 'NONE',  ( -0.000000000000000000, -1.000000000000000000, -0.000000000000000000 ) ) ;
#1077 = VECTOR ( 'NONE', #1396, 1000.000000000000000 ) ;
#1078 = CARTESIAN_POINT ( 'NONE',  ( -28.50000000000007816, 20.00000000000000000, -1.750001647980299113 ) ) ;
#1079 = VECTOR ( 'NONE', #1756, 1000.000000000000000 ) ;
#1080 = CARTESIAN_POINT ( 'NONE',  ( 1.387778780781445676E-14, 6.299999999999999822, -49.99999999999998579 ) ) ;
#1081 = ORIENTED_EDGE ( 'NONE', *, *, #301, .F. ) ;
#1082 = LINE ( 'NONE', #1140, #461 ) ;
#1083 = DIRECTION ( 'NONE',  ( 0.000000000000000000, 1.000000000000000000, 0.000000000000000000 ) ) ;
#1084 = ORIENTED_EDGE ( 'NONE', *, *, #217, .T. ) ;
#1085 = EDGE_CURVE ( 'NONE', #190, #1211, #961, .T. ) ;
#1086 = VERTEX_POINT ( 'NONE', #1411 ) ;
#1087 = AXIS2_PLACEMENT_3D ( 'NONE', #644, #475, #1527 ) ;
#1088 = AXIS2_PLACEMENT_3D ( 'NONE', #1015, #1418, #1303 ) ;
#1089 = DIRECTION ( 'NONE',  ( -0.000000000000000000, -1.000000000000000000, -0.000000000000000000 ) ) ;
#1090 = AXIS2_PLACEMENT_3D ( 'NONE', #25, #1423, #62 ) ;
#1091 = DIRECTION ( 'NONE',  ( 0.000000000000000000, -1.000000000000000000, 0.000000000000000000 ) ) ;
#1092 = LINE ( 'NONE', #1080, #825 ) ;
#1093 = PLANE ( 'NONE',  #1817 ) ;
#1094 = CARTESIAN_POINT ( 'NONE',  ( 46.99999999999999289, 10.00000000000000000, -43.00000000000001421 ) ) ;
#1095 = ORIENTED_EDGE ( 'NONE', *, *, #594, .F. ) ;
#1096 = EDGE_LOOP ( 'NONE', ( #1445, #595, #1429, #896, #1426, #530, #559, #522 ) ) ;
#1097 = ADVANCED_FACE ( 'NONE', ( #1545, #504, #788, #51, #962, #1400, #1373, #1219, #1822, #1068 ), #664, .F. ) ;
#1098 = CARTESIAN_POINT ( 'NONE',  ( 46.99999999999999289, 10.00000000000000000, -47.00000000000001421 ) ) ;
#1099 = EDGE_CURVE ( 'NONE', #1129, #1889, #736, .T. ) ;
#1100 = CARTESIAN_POINT ( 'NONE',  ( -20.50000000000000711, 0.000000000000000000, 16.99999999999999289 ) ) ;
#1101 = CARTESIAN_POINT ( 'NONE',  ( -53.00000000000001421, 0.000000000000000000, -55.00000000000000711 ) ) ;
#1102 = DIRECTION ( 'NONE',  ( -1.000000000000000000, 0.000000000000000000, -0.000000000000000000 ) ) ;
#1103 = DIRECTION ( 'NONE',  ( -0.000000000000000000, -1.000000000000000000, -0.000000000000000000 ) ) ;
#1104 = VERTEX_POINT ( 'NONE', #1909 ) ;
#1105 = VERTEX_POINT ( 'NONE', #682 ) ;
#1106 = DIRECTION ( 'NONE',  ( 0.000000000000000000, 1.000000000000000000, 0.000000000000000000 ) ) ;
#1107 = VERTEX_POINT ( 'NONE', #689 ) ;
#1108 = CARTESIAN_POINT ( 'NONE',  ( 1.387778780781445676E-14, 20.00000000000000000, -43.99999999999998579 ) ) ;
#1109 = ADVANCED_FACE ( 'NONE', ( #1150, #218 ), #818, .F. ) ;
#1110 = EDGE_CURVE ( 'NONE', #1350, #1358, #1871, .T. ) ;
#1111 = CARTESIAN_POINT ( 'NONE',  ( 46.99999999999999289, 10.00000000000000000, -51.00000000000000711 ) ) ;
#1112 = CARTESIAN_POINT ( 'NONE',  ( 46.99999999999999289, 10.00000000000000000, 43.00000000000001421 ) ) ;
#1113 = DIRECTION ( 'NONE',  ( -0.000000000000000000, 1.000000000000000000, -0.000000000000000000 ) ) ;
#1114 = AXIS2_PLACEMENT_3D ( 'NONE', #1012, #1884, #713 ) ;
#1115 = ORIENTED_EDGE ( 'NONE', *, *, #1356, .T. ) ;
#1116 = ORIENTED_EDGE ( 'NONE', *, *, #915, .F. ) ;
#1117 = CARTESIAN_POINT ( 'NONE',  ( 1.409210099766524326E-14, 13.70000000000000107, -48.74999999999998579 ) ) ;
#1118 = EDGE_LOOP ( 'NONE', ( #288, #1823, #1476, #693 ) ) ;
#1119 = AXIS2_PLACEMENT_3D ( 'NONE', #29, #1091, #1236 ) ;
#1120 = DIRECTION ( 'NONE',  ( 0.000000000000000000, -1.000000000000000000, 0.000000000000000000 ) ) ;
#1121 = AXIS2_PLACEMENT_3D ( 'NONE', #1098, #1692, #1850 ) ;
#1122 = ADVANCED_FACE ( 'NONE', ( #1882, #1421 ), #1160, .F. ) ;
#1123 = VECTOR ( 'NONE', #1003, 1000.000000000000000 ) ;
#1124 = FACE_OUTER_BOUND ( 'NONE', #671, .T. ) ;
#1125 = CARTESIAN_POINT ( 'NONE',  ( 54.99999999999998579, 20.00000000000000000, -53.00000000000000711 ) ) ;
#1126 = CARTESIAN_POINT ( 'NONE',  ( 20.50000000000000711, 20.00000000000000355, -13.34314575050762386 ) ) ;
#1127 = ORIENTED_EDGE ( 'NONE', *, *, #568, .T. ) ;
#1128 = EDGE_LOOP ( 'NONE', ( #1581, #1951 ) ) ;
#1129 = VERTEX_POINT ( 'NONE', #1431 ) ;
#1130 = LINE ( 'NONE', #381, #992 ) ;
#1131 = CARTESIAN_POINT ( 'NONE',  ( -28.50000000000007816, 0.000000000000000000, 1.749998352019700887 ) ) ;
#1132 = PERSON_AND_ORGANIZATION ( #554, #238 ) ;
#1133 = DIRECTION ( 'NONE',  ( -0.000000000000000000, -1.000000000000000000, -0.000000000000000000 ) ) ;
#1134 = ORIENTED_EDGE ( 'NONE', *, *, #1762, .F. ) ;
#1135 = ORIENTED_EDGE ( 'NONE', *, *, #495, .F. ) ;
#1136 = PRODUCT ( 'PlatAlumnio 1', 'PlatAlumnio 1', '', ( #1459 ) ) ;
#1137 = ORIENTED_EDGE ( 'NONE', *, *, #378, .F. ) ;
#1138 = CARTESIAN_POINT ( 'NONE',  ( -47.00000000000000711, 20.00000000000000000, 48.99999999999999289 ) ) ;
#1139 = PLANE ( 'NONE',  #1114 ) ;
#1140 = CARTESIAN_POINT ( 'NONE',  ( 16.55025253169416288, 20.00000000000000355, -17.70710678118654258 ) ) ;
#1141 = CYLINDRICAL_SURFACE ( 'NONE', #1620, 2.500000000000002220 ) ;
#1142 = VECTOR ( 'NONE', #1201, 1000.000000000000000 ) ;
#1143 = ORIENTED_EDGE ( 'NONE', *, *, #1605, .F. ) ;
#1144 = ORIENTED_EDGE ( 'NONE', *, *, #71, .T. ) ;
#1145 = AXIS2_PLACEMENT_3D ( 'NONE', #1757, #1901, #1639 ) ;
#1146 = ADVANCED_BREP_SHAPE_REPRESENTATION ( 'PlatAlumnio 1', ( #1269, #369 ), #1725 ) ;
#1147 = EDGE_CURVE ( 'NONE', #584, #477, #1470, .T. ) ;
#1148 = APPLICATION_CONTEXT ( 'configuration controlled 3d designs of mechanical parts and assemblies' ) ;
#1149 = EDGE_LOOP ( 'NONE', ( #1807, #75 ) ) ;
#1150 = FACE_OUTER_BOUND ( 'NONE', #679, .T. ) ;
#1151 = VECTOR ( 'NONE', #1190, 1000.000000000000000 ) ;
#1152 = FACE_OUTER_BOUND ( 'NONE', #1096, .T. ) ;
#1153 = DIRECTION ( 'NONE',  ( 0.000000000000000000, 0.000000000000000000, -1.000000000000000000 ) ) ;
#1154 = CIRCLE ( 'NONE', #79, 1.750000000000000000 ) ;
#1155 = ORIENTED_EDGE ( 'NONE', *, *, #1099, .F. ) ;
#1156 = DIRECTION ( 'NONE',  ( 0.000000000000000000, 0.000000000000000000, -1.000000000000000000 ) ) ;
#1157 = LINE ( 'NONE', #855, #1805 ) ;
#1158 = APPROVAL_PERSON_ORGANIZATION ( #557, #722, #984 ) ;
#1159 = ORIENTED_EDGE ( 'NONE', *, *, #178, .F. ) ;
#1160 = PLANE ( 'NONE',  #547 ) ;
#1161 = FACE_OUTER_BOUND ( 'NONE', #1950, .T. ) ;
#1162 = COORDINATED_UNIVERSAL_TIME_OFFSET ( 3, 0, .BEHIND. ) ;
#1163 = LINE ( 'NONE', #123, #1208 ) ;
#1164 = ORIENTED_EDGE ( 'NONE', *, *, #926, .F. ) ;
#1165 = DIRECTION ( 'NONE',  ( -0.000000000000000000, -1.000000000000000000, -0.000000000000000000 ) ) ;
#1166 = DIRECTION ( 'NONE',  ( 0.000000000000000000, 0.000000000000000000, 1.000000000000000000 ) ) ;
#1167 = ORIENTED_EDGE ( 'NONE', *, *, #1644, .T. ) ;
#1168 = CARTESIAN_POINT ( 'NONE',  ( -47.00000000000000711, 20.00000000000000000, 46.99999999999999289 ) ) ;
#1169 = EDGE_CURVE ( 'NONE', #1172, #165, #974, .T. ) ;
#1170 = CYLINDRICAL_SURFACE ( 'NONE', #232, 1.750000000000001554 ) ;
#1171 = CARTESIAN_POINT ( 'NONE',  ( 52.99999999999998579, 20.00000000000000000, -53.00000000000000711 ) ) ;
#1172 = VERTEX_POINT ( 'NONE', #848 ) ;
#1173 = CARTESIAN_POINT ( 'NONE',  ( 1.424518184755866220E-14, 6.299999999999999822, -43.99999999999998579 ) ) ;
#1174 = EDGE_LOOP ( 'NONE', ( #1887, #1779 ) ) ;
#1175 = AXIS2_PLACEMENT_3D ( 'NONE', #1569, #1133, #341 ) ;
#1176 = VERTEX_POINT ( 'NONE', #525 ) ;
#1177 = VECTOR ( 'NONE', #278, 1000.000000000000000 ) ;
#1178 = CARTESIAN_POINT ( 'NONE',  ( -46.99999999999999289, 0.000000000000000000, -47.00000000000001421 ) ) ;
#1179 = CARTESIAN_POINT ( 'NONE',  ( 1.387778780781445676E-14, 6.299999999999999822, -46.99999999999998579 ) ) ;
#1180 = DIRECTION ( 'NONE',  ( 0.000000000000000000, 1.000000000000000000, 0.000000000000000000 ) ) ;
#1181 = VECTOR ( 'NONE', #1001, 1000.000000000000000 ) ;
#1182 = EDGE_CURVE ( 'NONE', #93, #1042, #408, .T. ) ;
#1183 = CIRCLE ( 'NONE', #769, 1.750000000000000000 ) ;
#1184 = VERTEX_POINT ( 'NONE', #400 ) ;
#1185 = CARTESIAN_POINT ( 'NONE',  ( -47.00000000000000000, 10.00000000000000000, -49.00000000000000000 ) ) ;
#1186 = LINE ( 'NONE', #415, #856 ) ;
#1187 = EDGE_CURVE ( 'NONE', #553, #1747, #1130, .T. ) ;
#1188 = ORIENTED_EDGE ( 'NONE', *, *, #68, .F. ) ;
#1189 = FACE_BOUND ( 'NONE', #892, .T. ) ;
#1190 = DIRECTION ( 'NONE',  ( -1.000000000000000000, 0.000000000000000000, 0.000000000000000000 ) ) ;
#1191 = CALENDAR_DATE ( 2026, 19, 8 ) ;
#1192 = ORIENTED_EDGE ( 'NONE', *, *, #1383, .T. ) ;
#1193 = CARTESIAN_POINT ( 'NONE',  ( 1.387778780781445676E-14, 6.299999999999999822, -46.99999999999998579 ) ) ;
#1194 = CARTESIAN_POINT ( 'NONE',  ( 47.00000000000002132, 10.00000000000000000, -46.99999999999998579 ) ) ;
#1195 = EDGE_CURVE ( 'NONE', #270, #773, #810, .T. ) ;
#1196 = ORIENTED_EDGE ( 'NONE', *, *, #156, .T. ) ;
#1197 = DIRECTION ( 'NONE',  ( 0.000000000000000000, 0.000000000000000000, 1.000000000000000000 ) ) ;
#1198 = CARTESIAN_POINT ( 'NONE',  ( -19.49999999999999645, 20.00000000000000355, -17.99999999999999645 ) ) ;
#1199 = ORIENTED_EDGE ( 'NONE', *, *, #467, .F. ) ;
#1200 = CARTESIAN_POINT ( 'NONE',  ( -19.49999999999999645, 0.000000000000000000, -17.99999999999999645 ) ) ;
#1201 = DIRECTION ( 'NONE',  ( 0.000000000000000000, -1.000000000000000000, 0.000000000000000000 ) ) ;
#1202 = ORIENTED_EDGE ( 'NONE', *, *, #780, .F. ) ;
#1203 = UNCERTAINTY_MEASURE_WITH_UNIT (LENGTH_MEASURE( 1.000000000000000082E-05 ), #1892, 'distance_accuracy_value', 'NONE');
#1204 = ORIENTED_EDGE ( 'NONE', *, *, #529, .F. ) ;
#1205 = AXIS2_PLACEMENT_3D ( 'NONE', #1522, #161, #1376 ) ;
#1206 = ADVANCED_FACE ( 'NONE', ( #982 ), #1897, .F. ) ;
#1207 = DIRECTION ( 'NONE',  ( -4.573615379869536013E-16, -0.000000000000000000, 1.000000000000000000 ) ) ;
#1208 = VECTOR ( 'NONE', #1023, 1000.000000000000000 ) ;
#1209 = EDGE_CURVE ( 'NONE', #1104, #1793, #228, .T. ) ;
#1210 = DIRECTION ( 'NONE',  ( 0.000000000000000000, 0.000000000000000000, -1.000000000000000000 ) ) ;
#1211 = VERTEX_POINT ( 'NONE', #1890 ) ;
#1212 = CARTESIAN_POINT ( 'NONE',  ( -47.00000000000000000, 20.00000000000000000, -45.00000000000000000 ) ) ;
#1213 = CARTESIAN_POINT ( 'NONE',  ( -47.00000000000000711, 10.00000000000000000, 48.99999999999999289 ) ) ;
#1214 = ORIENTED_EDGE ( 'NONE', *, *, #1740, .F. ) ;
#1215 = AXIS2_PLACEMENT_3D ( 'NONE', #167, #768, #705 ) ;
#1216 = AXIS2_PLACEMENT_3D ( 'NONE', #424, #1759, #405 ) ;
#1217 = CYLINDRICAL_SURFACE ( 'NONE', #266, 1.000000000000000888 ) ;
#1218 = ADVANCED_FACE ( 'NONE', ( #828 ), #1439, .T. ) ;
#1219 = FACE_BOUND ( 'NONE', #445, .T. ) ;
#1220 = VERTEX_POINT ( 'NONE', #239 ) ;
#1221 = CARTESIAN_POINT ( 'NONE',  ( -20.50000000000000355, 20.00000000000000355, -16.99999999999998579 ) ) ;
#1222 = LINE ( 'NONE', #1834, #1017 ) ;
#1223 = ORIENTED_EDGE ( 'NONE', *, *, #1952, .F. ) ;
#1224 = VERTEX_POINT ( 'NONE', #699 ) ;
#1225 = CARTESIAN_POINT ( 'NONE',  ( -47.00000000000000000, 20.00000000000000000, -47.00000000000000000 ) ) ;
#1226 = DIRECTION ( 'NONE',  ( -0.000000000000000000, 1.000000000000000000, -0.000000000000000000 ) ) ;
#1227 = ADVANCED_FACE ( 'NONE', ( #1309 ), #1289, .F. ) ;
#1228 = DIRECTION ( 'NONE',  ( 1.261617073437677999E-16, 0.000000000000000000, 1.000000000000000000 ) ) ;
#1229 = ORIENTED_EDGE ( 'NONE', *, *, #1383, .F. ) ;
#1230 = CARTESIAN_POINT ( 'NONE',  ( -20.50000000000000355, 0.000000000000000000, -16.99999999999998579 ) ) ;
#1231 = DIRECTION ( 'NONE',  ( -0.000000000000000000, 1.000000000000000000, -0.000000000000000000 ) ) ;
#1232 = VERTEX_POINT ( 'NONE', #267 ) ;
#1233 = CARTESIAN_POINT ( 'NONE',  ( 15.84314575050761320, 0.000000000000000000, -16.99999999999999289 ) ) ;
#1234 = CIRCLE ( 'NONE', #1927, 1.750000000000001554 ) ;
#1235 = VECTOR ( 'NONE', #1103, 1000.000000000000000 ) ;
#1236 = DIRECTION ( 'NONE',  ( 0.000000000000000000, 0.000000000000000000, -1.000000000000000000 ) ) ;
#1237 = FACE_OUTER_BOUND ( 'NONE', #134, .T. ) ;
#1238 = CYLINDRICAL_SURFACE ( 'NONE', #552, 2.000000000000001776 ) ;
#1239 = DIRECTION ( 'NONE',  ( 0.000000000000000000, -1.000000000000000000, 0.000000000000000000 ) ) ;
#1240 = ADVANCED_FACE ( 'NONE', ( #1360, #1189 ), #1322, .T. ) ;
#1241 = ORIENTED_EDGE ( 'NONE', *, *, #1762, .T. ) ;
#1242 = ORIENTED_EDGE ( 'NONE', *, *, #49, .F. ) ;
#1243 = AXIS2_PLACEMENT_3D ( 'NONE', #1010, #372, #208 ) ;
#1244 = EDGE_CURVE ( 'NONE', #710, #621, #294, .T. ) ;
#1245 = AXIS2_PLACEMENT_3D ( 'NONE', #1464, #512, #1156 ) ;
#1246 = DIRECTION ( 'NONE',  ( 0.000000000000000000, 0.000000000000000000, -1.000000000000000000 ) ) ;
#1247 = AXIS2_PLACEMENT_3D ( 'NONE', #791, #634, #966 ) ;
#1248 = CARTESIAN_POINT ( 'NONE',  ( -28.50000000000007816, 20.00000000000000000, 1.749998352019700887 ) ) ;
#1249 = CC_DESIGN_APPROVAL ( #781, ( #113 ) ) ;
#1250 = CARTESIAN_POINT ( 'NONE',  ( 54.99999999999998579, 20.00000000000000000, -55.00000000000000711 ) ) ;
#1251 = DIRECTION ( 'NONE',  ( 0.000000000000000000, 0.000000000000000000, -1.000000000000000000 ) ) ;
#1252 = DIRECTION ( 'NONE',  ( -0.000000000000000000, -1.000000000000000000, -0.000000000000000000 ) ) ;
#1253 = ORIENTED_EDGE ( 'NONE', *, *, #1416, .T. ) ;
#1254 = VERTEX_POINT ( 'NONE', #111 ) ;
#1255 = EDGE_CURVE ( 'NONE', #1172, #1104, #1812, .T. ) ;
#1256 = DIRECTION ( 'NONE',  ( -0.000000000000000000, -1.000000000000000000, -0.000000000000000000 ) ) ;
#1257 = ORIENTED_EDGE ( 'NONE', *, *, #11, .F. ) ;
#1258 = PRODUCT_DEFINITION ( 'UNKNOWN', '', #1319, #1625 ) ;
#1259 = CARTESIAN_POINT ( 'NONE',  ( 46.99999999999999289, 0.000000000000000000, 43.00000000000001421 ) ) ;
#1260 = FACE_OUTER_BOUND ( 'NONE', #155, .T. ) ;
#1261 = DIRECTION ( 'NONE',  ( -0.000000000000000000, 1.000000000000000000, -0.000000000000000000 ) ) ;
#1262 = DIRECTION ( 'NONE',  ( 0.000000000000000000, -1.000000000000000000, 0.000000000000000000 ) ) ;
#1263 = ORIENTED_EDGE ( 'NONE', *, *, #979, .T. ) ;
#1264 = VERTEX_POINT ( 'NONE', #596 ) ;
#1265 = CARTESIAN_POINT ( 'NONE',  ( 54.99999999999998579, 20.00000000000000000, -53.00000000000000711 ) ) ;
#1266 = ORIENTED_EDGE ( 'NONE', *, *, #1797, .F. ) ;
#1267 = ADVANCED_FACE ( 'NONE', ( #604 ), #900, .F. ) ;
#1268 = DIRECTION ( 'NONE',  ( -0.000000000000000000, 1.000000000000000000, -0.000000000000000000 ) ) ;
#1269 = MANIFOLD_SOLID_BREP ( 'Saliente-Extruir5', #1836 ) ;
#1270 = CIRCLE ( 'NONE', #1774, 1.750000000000001554 ) ;
#1271 = ADVANCED_FACE ( 'NONE', ( #1800 ), #1039, .F. ) ;
#1272 = FACE_BOUND ( 'NONE', #1497, .T. ) ;
#1273 = LINE ( 'NONE', #1125, #397 ) ;
#1274 = CARTESIAN_POINT ( 'NONE',  ( 28.49999999999994316, -4.949747468305836229, -7.806255641895631925E-15 ) ) ;
#1275 = CIRCLE ( 'NONE', #1526, 2.500000000000002220 ) ;
#1276 = ORIENTED_EDGE ( 'NONE', *, *, #1906, .F. ) ;
#1277 = ORIENTED_EDGE ( 'NONE', *, *, #337, .T. ) ;
#1278 = ORIENTED_EDGE ( 'NONE', *, *, #1556, .T. ) ;
#1279 = AXIS2_PLACEMENT_3D ( 'NONE', #1501, #268, #1629 ) ;
#1280 = EDGE_CURVE ( 'NONE', #190, #1590, #1627, .T. ) ;
#1281 = DIRECTION ( 'NONE',  ( 0.000000000000000000, -0.000000000000000000, 1.000000000000000000 ) ) ;
#1282 = VECTOR ( 'NONE', #960, 1000.000000000000000 ) ;
#1283 = FACE_BOUND ( 'NONE', #1363, .T. ) ;
#1284 = DATE_AND_TIME ( #674, #589 ) ;
#1285 = CARTESIAN_POINT ( 'NONE',  ( -55.00000000000000000, 20.00000000000000000, 54.99999999999999289 ) ) ;
#1286 = ORIENTED_EDGE ( 'NONE', *, *, #1048, .F. ) ;
#1287 = ORIENTED_EDGE ( 'NONE', *, *, #1917, .T. ) ;
#1288 = ORIENTED_EDGE ( 'NONE', *, *, #121, .F. ) ;
#1289 = CYLINDRICAL_SURFACE ( 'NONE', #323, 3.999999999999996447 ) ;
#1290 = DIRECTION ( 'NONE',  ( 0.000000000000000000, -1.000000000000000000, 0.000000000000000000 ) ) ;
#1291 = COORDINATED_UNIVERSAL_TIME_OFFSET ( 3, 0, .BEHIND. ) ;
#1292 = DIRECTION ( 'NONE',  ( 0.000000000000000000, 0.000000000000000000, 1.000000000000000000 ) ) ;
#1293 = EDGE_CURVE ( 'NONE', #1000, #629, #326, .T. ) ;
#1294 = ORIENTED_EDGE ( 'NONE', *, *, #1187, .T. ) ;
#1295 = ORIENTED_EDGE ( 'NONE', *, *, #654, .T. ) ;
#1296 = ORIENTED_EDGE ( 'NONE', *, *, #789, .F. ) ;
#1297 = CARTESIAN_POINT ( 'NONE',  ( -28.50000000000007816, -4.949747468305836229, -1.750001647980299113 ) ) ;
#1298 = DIRECTION ( 'NONE',  ( -0.7071067811865456854, 0.000000000000000000, 0.7071067811865493491 ) ) ;
#1299 = PERSON_AND_ORGANIZATION_ROLE ( 'classification_officer' ) ;
#1300 = CARTESIAN_POINT ( 'NONE',  ( 0.000000000000000000, 10.00000000000000000, 44.50000000000001421 ) ) ;
#1301 = AXIS2_PLACEMENT_3D ( 'NONE', #1403, #1262, #1706 ) ;
#1302 = EDGE_LOOP ( 'NONE', ( #1636, #853, #126, #177 ) ) ;
#1303 = DIRECTION ( 'NONE',  ( 0.000000000000000000, 0.000000000000000000, 1.000000000000000000 ) ) ;
#1304 = EDGE_CURVE ( 'NONE', #1176, #743, #1645, .T. ) ;
#1305 = LINE ( 'NONE', #754, #918 ) ;
#1306 = AXIS2_PLACEMENT_3D ( 'NONE', #556, #819, #114 ) ;
#1307 = ORIENTED_EDGE ( 'NONE', *, *, #827, .T. ) ;
#1308 = EDGE_CURVE ( 'NONE', #927, #1665, #677, .T. ) ;
#1309 = FACE_OUTER_BOUND ( 'NONE', #1320, .T. ) ;
#1310 = CIRCLE ( 'NONE', #1532, 2.000000000000001776 ) ;
#1311 = LINE ( 'NONE', #1734, #1713 ) ;
#1312 = PERSON_AND_ORGANIZATION ( #554, #238 ) ;
#1313 = AXIS2_PLACEMENT_3D ( 'NONE', #563, #1339, #1770 ) ;
#1314 = DIRECTION ( 'NONE',  ( -0.000000000000000000, -1.000000000000000000, -0.000000000000000000 ) ) ;
#1315 = CIRCLE ( 'NONE', #1507, 3.000000000000002665 ) ;
#1316 = ORIENTED_EDGE ( 'NONE', *, *, #296, .T. ) ;
#1317 = CARTESIAN_POINT ( 'NONE',  ( 0.000000000000000000, 0.000000000000000000, 47.00000000000001421 ) ) ;
#1318 = DIRECTION ( 'NONE',  ( 0.000000000000000000, -1.000000000000000000, 0.000000000000000000 ) ) ;
#1319 = PRODUCT_DEFINITION_FORMATION_WITH_SPECIFIED_SOURCE ( 'ANY', '', #1136, .NOT_KNOWN. ) ;
#1320 = EDGE_LOOP ( 'NONE', ( #776, #1266, #1572, #212 ) ) ;
#1321 = EDGE_CURVE ( 'NONE', #365, #823, #1499, .T. ) ;
#1322 = PLANE ( 'NONE',  #1055 ) ;
#1323 = DIRECTION ( 'NONE',  ( 0.000000000000000000, 0.000000000000000000, 1.000000000000000000 ) ) ;
#1324 = DIRECTION ( 'NONE',  ( -1.261617073437677999E-16, -0.000000000000000000, -1.000000000000000000 ) ) ;
#1325 = ORIENTED_EDGE ( 'NONE', *, *, #830, .F. ) ;
#1326 = CARTESIAN_POINT ( 'NONE',  ( 0.000000000000000000, 33.00000000000000000, 47.00000000000001421 ) ) ;
#1327 = DIRECTION ( 'NONE',  ( 1.020425574104004739E-16, 0.000000000000000000, -1.000000000000000000 ) ) ;
#1328 = EDGE_LOOP ( 'NONE', ( #1316, #1814 ) ) ;
#1329 = DIRECTION ( 'NONE',  ( -0.000000000000000000, -1.000000000000000000, -0.000000000000000000 ) ) ;
#1330 = ADVANCED_FACE ( 'NONE', ( #720 ), #1926, .F. ) ;
#1331 = CARTESIAN_POINT ( 'NONE',  ( 3.061616997868382155E-16, 14.00000000000000000, 44.50000000000001421 ) ) ;
#1332 = DIRECTION ( 'NONE',  ( 0.000000000000000000, -1.000000000000000000, 0.000000000000000000 ) ) ;
#1333 = ORIENTED_EDGE ( 'NONE', *, *, #346, .F. ) ;
#1334 = DIRECTION ( 'NONE',  ( 0.000000000000000000, 0.000000000000000000, 1.000000000000000000 ) ) ;
#1335 = CYLINDRICAL_SURFACE ( 'NONE', #668, 2.000000000000001776 ) ;
#1336 = AXIS2_PLACEMENT_3D ( 'NONE', #1649, #1388, #26 ) ;
#1337 = ORIENTED_EDGE ( 'NONE', *, *, #1011, .F. ) ;
#1338 = AXIS2_PLACEMENT_3D ( 'NONE', #248, #534, #410 ) ;
#1339 = DIRECTION ( 'NONE',  ( -0.000000000000000000, -1.000000000000000000, -0.000000000000000000 ) ) ;
#1340 = CARTESIAN_POINT ( 'NONE',  ( 1.387778780781445676E-14, 20.00000000000000000, -46.99999999999998579 ) ) ;
#1341 = CIRCLE ( 'NONE', #13, 3.000000000000002665 ) ;
#1342 = EDGE_CURVE ( 'NONE', #1826, #1749, #1046, .T. ) ;
#1343 = CIRCLE ( 'NONE', #551, 1.000000000000000888 ) ;
#1344 = ORIENTED_EDGE ( 'NONE', *, *, #166, .T. ) ;
#1345 = EDGE_CURVE ( 'NONE', #773, #1855, #44, .T. ) ;
#1346 = DIRECTION ( 'NONE',  ( 0.000000000000000000, -1.000000000000000000, 0.000000000000000000 ) ) ;
#1347 = FACE_OUTER_BOUND ( 'NONE', #291, .T. ) ;
#1348 = AXIS2_PLACEMENT_3D ( 'NONE', #340, #1548, #1557 ) ;
#1349 = CC_DESIGN_APPROVAL ( #807, ( #1319 ) ) ;
#1350 = VERTEX_POINT ( 'NONE', #1780 ) ;
#1351 = CARTESIAN_POINT ( 'NONE',  ( 53.00000000000000000, 0.000000000000000000, 52.99999999999999289 ) ) ;
#1352 = CARTESIAN_POINT ( 'NONE',  ( 55.00000000000000000, 0.000000000000000000, 52.99999999999999289 ) ) ;
#1353 = EDGE_LOOP ( 'NONE', ( #234, #1542, #1947, #117 ) ) ;
#1354 = FACE_OUTER_BOUND ( 'NONE', #1302, .T. ) ;
#1355 = LINE ( 'NONE', #1949, #508 ) ;
#1356 = EDGE_CURVE ( 'NONE', #978, #1761, #1032, .T. ) ;
#1357 = ORIENTED_EDGE ( 'NONE', *, *, #956, .T. ) ;
#1358 = VERTEX_POINT ( 'NONE', #859 ) ;
#1359 = ADVANCED_FACE ( 'NONE', ( #1481 ), #122, .F. ) ;
#1360 = FACE_OUTER_BOUND ( 'NONE', #154, .T. ) ;
#1361 = CARTESIAN_POINT ( 'NONE',  ( 16.55025253169416288, 0.000000000000000000, -17.70710678118654258 ) ) ;
#1362 = COORDINATED_UNIVERSAL_TIME_OFFSET ( 3, 0, .BEHIND. ) ;
#1363 = EDGE_LOOP ( 'NONE', ( #439, #1425 ) ) ;
#1364 = CARTESIAN_POINT ( 'NONE',  ( -28.50000000000007816, 20.00000000000000000, -1.647980299099294221E-06 ) ) ;
#1365 = LINE ( 'NONE', #444, #1077 ) ;
#1366 = ADVANCED_FACE ( 'NONE', ( #1510 ), #184, .F. ) ;
#1367 = VECTOR ( 'NONE', #550, 1000.000000000000000 ) ;
#1368 = ORIENTED_EDGE ( 'NONE', *, *, #708, .F. ) ;
#1369 = ORIENTED_EDGE ( 'NONE', *, *, #1701, .T. ) ;
#1370 = VECTOR ( 'NONE', #54, 1000.000000000000000 ) ;
#1371 = CARTESIAN_POINT ( 'NONE',  ( 28.49999999999994316, 0.000000000000000000, -7.806255641895631925E-15 ) ) ;
#1372 = AXIS2_PLACEMENT_3D ( 'NONE', #860, #975, #1577 ) ;
#1373 = FACE_BOUND ( 'NONE', #1149, .T. ) ;
#1374 = EDGE_LOOP ( 'NONE', ( #748, #1610, #469, #315 ) ) ;
#1375 = PLANE ( 'NONE',  #739 ) ;
#1376 = DIRECTION ( 'NONE',  ( 0.000000000000000000, 0.000000000000000000, 1.000000000000000000 ) ) ;
#1377 = AXIS2_PLACEMENT_3D ( 'NONE', #1655, #129, #565 ) ;
#1378 = EDGE_LOOP ( 'NONE', ( #1018, #222, #64, #137 ) ) ;
#1379 = ORIENTED_EDGE ( 'NONE', *, *, #902, .T. ) ;
#1380 = CIRCLE ( 'NONE', #707, 1.750000000000000000 ) ;
#1381 = VECTOR ( 'NONE', #816, 1000.000000000000000 ) ;
#1382 = DIRECTION ( 'NONE',  ( 0.000000000000000000, 0.000000000000000000, 1.000000000000000000 ) ) ;
#1383 = EDGE_CURVE ( 'NONE', #710, #1687, #1879, .T. ) ;
#1384 = CARTESIAN_POINT ( 'NONE',  ( -55.00000000000000000, 0.000000000000000000, 52.99999999999999289 ) ) ;
#1385 = DIRECTION ( 'NONE',  ( -0.000000000000000000, -1.000000000000000000, -0.000000000000000000 ) ) ;
#1386 = ORIENTED_EDGE ( 'NONE', *, *, #654, .F. ) ;
#1387 = CARTESIAN_POINT ( 'NONE',  ( 52.99999999999998579, 0.000000000000000000, -53.00000000000000711 ) ) ;
#1388 = DIRECTION ( 'NONE',  ( -0.000000000000000000, 1.000000000000000000, -0.000000000000000000 ) ) ;
#1389 = VERTEX_POINT ( 'NONE', #1828 ) ;
#1390 = ORIENTED_EDGE ( 'NONE', *, *, #870, .F. ) ;
#1391 = FACE_OUTER_BOUND ( 'NONE', #569, .T. ) ;
#1392 = EDGE_CURVE ( 'NONE', #1761, #1350, #1408, .T. ) ;
#1393 = CARTESIAN_POINT ( 'NONE',  ( 28.49999999999994316, -4.949747468305836229, -7.806255641895631925E-15 ) ) ;
#1394 = CYLINDRICAL_SURFACE ( 'NONE', #6, 3.000000000000002665 ) ;
#1395 = DIRECTION ( 'NONE',  ( 0.000000000000000000, -1.000000000000000000, 0.000000000000000000 ) ) ;
#1396 = DIRECTION ( 'NONE',  ( -0.000000000000000000, 1.000000000000000000, -0.000000000000000000 ) ) ;
#1397 = ORIENTED_EDGE ( 'NONE', *, *, #1796, .T. ) ;
#1398 = DIRECTION ( 'NONE',  ( 0.000000000000000000, -1.000000000000000000, 0.000000000000000000 ) ) ;
#1399 = CIRCLE ( 'NONE', #1301, 3.999999999999996447 ) ;
#1400 = FACE_BOUND ( 'NONE', #251, .T. ) ;
#1401 = CYLINDRICAL_SURFACE ( 'NONE', #608, 3.999999999999996447 ) ;
#1402 = CARTESIAN_POINT ( 'NONE',  ( -46.99999999999999289, 10.00000000000000000, -47.00000000000001421 ) ) ;
#1403 = CARTESIAN_POINT ( 'NONE',  ( -46.99999999999999289, 10.00000000000000000, 47.00000000000001421 ) ) ;
#1404 = CC_DESIGN_PERSON_AND_ORGANIZATION_ASSIGNMENT ( #994, #1599, ( #1319 ) ) ;
#1405 = ORIENTED_EDGE ( 'NONE', *, *, #746, .F. ) ;
#1406 = EDGE_LOOP ( 'NONE', ( #1913, #1072, #484, #1580 ) ) ;
#1407 = CIRCLE ( 'NONE', #1750, 1.750000000000000000 ) ;
#1408 = CIRCLE ( 'NONE', #1535, 2.000000000000001776 ) ;
#1409 = DIRECTION ( 'NONE',  ( 0.000000000000000000, 0.000000000000000000, -1.000000000000000000 ) ) ;
#1410 = CIRCLE ( 'NONE', #236, 3.999999999999996447 ) ;
#1411 = CARTESIAN_POINT ( 'NONE',  ( 2.143131898507867311E-16, 13.99999999999999822, 48.75000000000001421 ) ) ;
#1412 = DIRECTION ( 'NONE',  ( -0.000000000000000000, 1.000000000000000000, -0.000000000000000000 ) ) ;
#1413 = DIRECTION ( 'NONE',  ( 0.000000000000000000, 1.000000000000000000, 0.000000000000000000 ) ) ;
#1414 = CARTESIAN_POINT ( 'NONE',  ( 20.20710678118654968, 0.000000000000000000, -14.05025253169417532 ) ) ;
#1415 = EDGE_LOOP ( 'NONE', ( #1731, #540 ) ) ;
#1416 = EDGE_CURVE ( 'NONE', #1220, #1589, #1343, .T. ) ;
#1417 = ORIENTED_EDGE ( 'NONE', *, *, #185, .T. ) ;
#1418 = DIRECTION ( 'NONE',  ( -0.000000000000000000, -1.000000000000000000, -0.000000000000000000 ) ) ;
#1419 = ORIENTED_EDGE ( 'NONE', *, *, #92, .F. ) ;
#1420 = EDGE_CURVE ( 'NONE', #279, #978, #939, .T. ) ;
#1421 = FACE_BOUND ( 'NONE', #513, .T. ) ;
#1422 = CARTESIAN_POINT ( 'NONE',  ( -55.00000000000001421, 20.00000000000000000, -53.00000000000000711 ) ) ;
#1423 = DIRECTION ( 'NONE',  ( -0.000000000000000000, -1.000000000000000000, -0.000000000000000000 ) ) ;
#1424 = CARTESIAN_POINT ( 'NONE',  ( 46.99999999999999289, 10.00000000000000000, 45.00000000000001421 ) ) ;
#1425 = ORIENTED_EDGE ( 'NONE', *, *, #96, .T. ) ;
#1426 = ORIENTED_EDGE ( 'NONE', *, *, #594, .T. ) ;
#1427 = EDGE_CURVE ( 'NONE', #477, #584, #1657, .T. ) ;
#1428 = LINE ( 'NONE', #104, #680 ) ;
#1429 = ORIENTED_EDGE ( 'NONE', *, *, #422, .T. ) ;
#1430 = EDGE_CURVE ( 'NONE', #1855, #773, #1562, .T. ) ;
#1431 = CARTESIAN_POINT ( 'NONE',  ( 46.99999999999999289, 10.00000000000000000, 51.00000000000000711 ) ) ;
#1432 = VECTOR ( 'NONE', #745, 1000.000000000000000 ) ;
#1433 = LINE ( 'NONE', #1891, #794 ) ;
#1434 = DIRECTION ( 'NONE',  ( 0.000000000000000000, 0.000000000000000000, 1.000000000000000000 ) ) ;
#1435 = EDGE_LOOP ( 'NONE', ( #531, #1447, #56, #826 ) ) ;
#1436 = ORIENTED_EDGE ( 'NONE', *, *, #84, .F. ) ;
#1437 = ORIENTED_EDGE ( 'NONE', *, *, #1182, .T. ) ;
#1438 = VECTOR ( 'NONE', #449, 1000.000000000000000 ) ;
#1439 = CYLINDRICAL_SURFACE ( 'NONE', #1908, 2.000000000000001776 ) ;
#1440 = VECTOR ( 'NONE', #753, 1000.000000000000000 ) ;
#1441 = VECTOR ( 'NONE', #1261, 1000.000000000000000 ) ;
#1442 = DIRECTION ( 'NONE',  ( 0.000000000000000000, 1.000000000000000000, 0.000000000000000000 ) ) ;
#1443 = PERSON_AND_ORGANIZATION_ROLE ( 'design_owner' ) ;
#1444 = DIRECTION ( 'NONE',  ( 1.000000000000000000, 0.000000000000000000, 0.000000000000000000 ) ) ;
#1445 = ORIENTED_EDGE ( 'NONE', *, *, #1691, .T. ) ;
#1446 = ORIENTED_EDGE ( 'NONE', *, *, #247, .T. ) ;
#1447 = ORIENTED_EDGE ( 'NONE', *, *, #121, .T. ) ;
#1448 = CARTESIAN_POINT ( 'NONE',  ( -46.99999999999999289, 10.00000000000000000, 47.00000000000001421 ) ) ;
#1449 = ADVANCED_FACE ( 'NONE', ( #1700 ), #1217, .F. ) ;
#1450 = CARTESIAN_POINT ( 'NONE',  ( -53.00000000000001421, 20.00000000000000000, -55.00000000000000711 ) ) ;
#1451 = CALENDAR_DATE ( 2026, 19, 8 ) ;
#1452 = DIRECTION ( 'NONE',  ( -0.000000000000000000, 1.000000000000000000, -0.000000000000000000 ) ) ;
#1453 = ORIENTED_EDGE ( 'NONE', *, *, #306, .F. ) ;
#1454 = ADVANCED_FACE ( 'NONE', ( #1680 ), #614, .F. ) ;
#1455 = CARTESIAN_POINT ( 'NONE',  ( -20.50000000000000711, 20.00000000000000355, 16.99999999999999289 ) ) ;
#1456 = ORIENTED_EDGE ( 'NONE', *, *, #1546, .T. ) ;
#1457 = CARTESIAN_POINT ( 'NONE',  ( -47.00000000000000711, 20.00000000000000000, 44.99999999999999289 ) ) ;
#1458 = CYLINDRICAL_SURFACE ( 'NONE', #357, 2.000000000000001776 ) ;
#1459 = MECHANICAL_CONTEXT ( 'NONE', #1148, 'mechanical' ) ;
#1460 = DIRECTION ( 'NONE',  ( 0.000000000000000000, -1.000000000000000000, 0.000000000000000000 ) ) ;
#1461 = CIRCLE ( 'NONE', #451, 2.000000000000001776 ) ;
#1462 = AXIS2_PLACEMENT_3D ( 'NONE', #920, #1792, #142 ) ;
#1463 = VERTEX_POINT ( 'NONE', #947 ) ;
#1464 = CARTESIAN_POINT ( 'NONE',  ( -46.99999999999999289, 10.00000000000000000, -47.00000000000001421 ) ) ;
#1465 = DIRECTION ( 'NONE',  ( -0.000000000000000000, -1.000000000000000000, -0.000000000000000000 ) ) ;
#1466 = EDGE_CURVE ( 'NONE', #1358, #978, #1938, .T. ) ;
#1467 = EDGE_CURVE ( 'NONE', #1559, #270, #1813, .T. ) ;
#1468 = ORIENTED_EDGE ( 'NONE', *, *, #637, .T. ) ;
#1469 = CARTESIAN_POINT ( 'NONE',  ( -46.99999999999999289, 10.00000000000000000, 51.00000000000000711 ) ) ;
#1470 = CIRCLE ( 'NONE', #1024, 3.999999999999996447 ) ;
#1471 = FACE_BOUND ( 'NONE', #602, .T. ) ;
#1472 = CARTESIAN_POINT ( 'NONE',  ( -55.00000000000001421, 20.00000000000000000, -53.00000000000000711 ) ) ;
#1473 = CIRCLE ( 'NONE', #1088, 1.000000000000000888 ) ;
#1474 = DIRECTION ( 'NONE',  ( 0.000000000000000000, 1.000000000000000000, 0.000000000000000000 ) ) ;
#1475 = AXIS2_PLACEMENT_3D ( 'NONE', #666, #499, #1102 ) ;
#1476 = ORIENTED_EDGE ( 'NONE', *, *, #1513, .T. ) ;
#1477 = CARTESIAN_POINT ( 'NONE',  ( -46.99999999999999289, 0.000000000000000000, 47.00000000000001421 ) ) ;
#1478 = DIRECTION ( 'NONE',  ( 0.000000000000000000, -1.000000000000000000, 0.000000000000000000 ) ) ;
#1479 = EDGE_CURVE ( 'NONE', #988, #1042, #1380, .T. ) ;
#1480 = EDGE_LOOP ( 'NONE', ( #435, #1446 ) ) ;
#1481 = FACE_OUTER_BOUND ( 'NONE', #765, .T. ) ;
#1482 = ADVANCED_FACE ( 'NONE', ( #496 ), #1552, .F. ) ;
#1483 = DIRECTION ( 'NONE',  ( 0.000000000000000000, 1.000000000000000000, 0.000000000000000000 ) ) ;
#1484 = DATE_AND_TIME ( #1191, #333 ) ;
#1485 = CARTESIAN_POINT ( 'NONE',  ( 55.00000000000000000, 20.00000000000000000, 52.99999999999999289 ) ) ;
#1486 = VERTEX_POINT ( 'NONE', #312 ) ;
#1487 = DIRECTION ( 'NONE',  ( -0.000000000000000000, -1.000000000000000000, -0.000000000000000000 ) ) ;
#1488 = ORIENTED_EDGE ( 'NONE', *, *, #166, .F. ) ;
#1489 = ORIENTED_EDGE ( 'NONE', *, *, #1304, .F. ) ;
#1490 = CARTESIAN_POINT ( 'NONE',  ( 0.000000000000000000, 33.00000000000000000, 47.00000000000001421 ) ) ;
#1491 = CC_DESIGN_PERSON_AND_ORGANIZATION_ASSIGNMENT ( #527, #1911, ( #1319 ) ) ;
#1492 = CARTESIAN_POINT ( 'NONE',  ( 1.387778780781445676E-14, -4.949747468305836229, -45.24999999999998579 ) ) ;
#1493 = ORIENTED_EDGE ( 'NONE', *, *, #21, .T. ) ;
#1494 = DIRECTION ( 'NONE',  ( 0.000000000000000000, 1.000000000000000000, 0.000000000000000000 ) ) ;
#1495 = DIRECTION ( 'NONE',  ( 0.000000000000000000, 0.000000000000000000, -1.000000000000000000 ) ) ;
#1496 = AXIS2_PLACEMENT_3D ( 'NONE', #4, #1083, #628 ) ;
#1497 = EDGE_LOOP ( 'NONE', ( #1493, #1533 ) ) ;
#1498 = AXIS2_PLACEMENT_3D ( 'NONE', #250, #1460, #1765 ) ;
#1499 = LINE ( 'NONE', #1469, #645 ) ;
#1500 = ADVANCED_FACE ( 'NONE', ( #1391 ), #908, .F. ) ;
#1501 = CARTESIAN_POINT ( 'NONE',  ( 0.000000000000000000, 20.00000000000000000, 47.00000000000001421 ) ) ;
#1502 = CYLINDRICAL_SURFACE ( 'NONE', #1462, 2.000000000000001776 ) ;
#1503 = VECTOR ( 'NONE', #1811, 1000.000000000000000 ) ;
#1504 = EDGE_LOOP ( 'NONE', ( #1915, #1848, #376, #87 ) ) ;
#1505 = LINE ( 'NONE', #463, #1596 ) ;
#1506 = CARTESIAN_POINT ( 'NONE',  ( 0.000000000000000000, 0.000000000000000000, 44.50000000000001421 ) ) ;
#1507 = AXIS2_PLACEMENT_3D ( 'NONE', #373, #976, #627 ) ;
#1508 = ORIENTED_EDGE ( 'NONE', *, *, #789, .T. ) ;
#1509 = VERTEX_POINT ( 'NONE', #653 ) ;
#1510 = FACE_OUTER_BOUND ( 'NONE', #836, .T. ) ;
#1511 = DIRECTION ( 'NONE',  ( 0.000000000000000000, -1.000000000000000000, 0.000000000000000000 ) ) ;
#1512 = FACE_OUTER_BOUND ( 'NONE', #1406, .T. ) ;
#1513 = EDGE_CURVE ( 'NONE', #640, #959, #488, .T. ) ;
#1514 = VERTEX_POINT ( 'NONE', #157 ) ;
#1515 = DIRECTION ( 'NONE',  ( 0.000000000000000000, 0.000000000000000000, 1.000000000000000000 ) ) ;
#1516 = DIRECTION ( 'NONE',  ( 0.000000000000000000, 0.000000000000000000, -1.000000000000000000 ) ) ;
#1517 = EDGE_LOOP ( 'NONE', ( #1591, #814, #910, #1575 ) ) ;
#1518 = EDGE_LOOP ( 'NONE', ( #1419, #1134, #660, #806 ) ) ;
#1519 = CARTESIAN_POINT ( 'NONE',  ( -55.00000000000001421, 0.000000000000000000, -55.00000000000000711 ) ) ;
#1520 = ORIENTED_EDGE ( 'NONE', *, *, #1570, .T. ) ;
#1521 = DIRECTION ( 'NONE',  ( 0.000000000000000000, 0.000000000000000000, -1.000000000000000000 ) ) ;
#1522 = CARTESIAN_POINT ( 'NONE',  ( 1.387778780781445676E-14, 13.70000000000000107, -46.99999999999998579 ) ) ;
#1523 = VERTEX_POINT ( 'NONE', #1525 ) ;
#1524 = CIRCLE ( 'NONE', #1336, 2.000000000000001776 ) ;
#1525 = CARTESIAN_POINT ( 'NONE',  ( 19.49999999999998579, 0.000000000000000000, 18.00000000000000355 ) ) ;
#1526 = AXIS2_PLACEMENT_3D ( 'NONE', #229, #1442, #1763 ) ;
#1527 = DIRECTION ( 'NONE',  ( 0.000000000000000000, 0.000000000000000000, -1.000000000000000000 ) ) ;
#1528 = DIRECTION ( 'NONE',  ( 0.000000000000000000, -0.000000000000000000, 1.000000000000000000 ) ) ;
#1529 = EDGE_LOOP ( 'NONE', ( #124, #1837, #532, #1880 ) ) ;
#1530 = DIRECTION ( 'NONE',  ( -1.000000000000000000, 0.000000000000000000, -4.573615379869536013E-16 ) ) ;
#1531 = CARTESIAN_POINT ( 'NONE',  ( 46.99999999999999289, 0.000000000000000000, -47.00000000000001421 ) ) ;
#1532 = AXIS2_PLACEMENT_3D ( 'NONE', #1033, #881, #1663 ) ;
#1533 = ORIENTED_EDGE ( 'NONE', *, *, #1906, .T. ) ;
#1534 = ORIENTED_EDGE ( 'NONE', *, *, #446, .F. ) ;
#1535 = AXIS2_PLACEMENT_3D ( 'NONE', #322, #931, #193 ) ;
#1536 = EDGE_CURVE ( 'NONE', #1877, #539, #110, .T. ) ;
#1537 = DIRECTION ( 'NONE',  ( 0.000000000000000000, -1.000000000000000000, 0.000000000000000000 ) ) ;
#1538 = DIRECTION ( 'NONE',  ( 0.000000000000000000, 0.000000000000000000, 1.000000000000000000 ) ) ;
#1539 = DIRECTION ( 'NONE',  ( 0.000000000000000000, -1.000000000000000000, 0.000000000000000000 ) ) ;
#1540 = FACE_OUTER_BOUND ( 'NONE', #1374, .T. ) ;
#1541 = CARTESIAN_POINT ( 'NONE',  ( -47.00000000000000000, 10.00000000000000000, -47.00000000000000000 ) ) ;
#1542 = ORIENTED_EDGE ( 'NONE', *, *, #71, .F. ) ;
#1543 = ORIENTED_EDGE ( 'NONE', *, *, #21, .F. ) ;
#1544 = DIRECTION ( 'NONE',  ( -0.000000000000000000, 1.000000000000000000, -0.000000000000000000 ) ) ;
#1545 = FACE_BOUND ( 'NONE', #1818, .T. ) ;
#1546 = EDGE_CURVE ( 'NONE', #1551, #1224, #1473, .T. ) ;
#1547 = CARTESIAN_POINT ( 'NONE',  ( 0.000000000000000000, 10.00000000000000000, 47.00000000000001421 ) ) ;
#1548 = DIRECTION ( 'NONE',  ( 0.000000000000000000, -1.000000000000000000, 0.000000000000000000 ) ) ;
#1549 = CARTESIAN_POINT ( 'NONE',  ( -47.00000000000000711, 10.00000000000000000, 46.99999999999999289 ) ) ;
#1550 = ORIENTED_EDGE ( 'NONE', *, *, #1427, .F. ) ;
#1551 = VERTEX_POINT ( 'NONE', #854 ) ;
#1552 = CYLINDRICAL_SURFACE ( 'NONE', #1630, 2.000000000000001776 ) ;
#1553 = CIRCLE ( 'NONE', #1175, 0.9999999999999991118 ) ;
#1554 = FACE_OUTER_BOUND ( 'NONE', #1626, .T. ) ;
#1555 = VECTOR ( 'NONE', #1617, 1000.000000000000000 ) ;
#1556 = EDGE_CURVE ( 'NONE', #1687, #710, #1183, .T. ) ;
#1557 = DIRECTION ( 'NONE',  ( 0.000000000000000000, 0.000000000000000000, -1.000000000000000000 ) ) ;
#1558 = PLANE ( 'NONE',  #541 ) ;
#1559 = VERTEX_POINT ( 'NONE', #1904 ) ;
#1560 = EDGE_CURVE ( 'NONE', #621, #1389, #169, .T. ) ;
#1561 = VERTEX_POINT ( 'NONE', #58 ) ;
#1562 = CIRCLE ( 'NONE', #800, 3.999999999999996447 ) ;
#1563 = DIRECTION ( 'NONE',  ( 0.000000000000000000, 0.000000000000000000, -1.000000000000000000 ) ) ;
#1564 = ORIENTED_EDGE ( 'NONE', *, *, #1182, .F. ) ;
#1565 = AXIS2_PLACEMENT_3D ( 'NONE', #570, #1487, #125 ) ;
#1566 = CARTESIAN_POINT ( 'NONE',  ( 46.99999999999999289, 10.00000000000000000, 47.00000000000001421 ) ) ;
#1567 = DIRECTION ( 'NONE',  ( -0.000000000000000000, -1.000000000000000000, -0.000000000000000000 ) ) ;
#1568 = CARTESIAN_POINT ( 'NONE',  ( 3.061616997868384127E-16, 14.00000000000000000, 44.50000000000001421 ) ) ;
#1569 = CARTESIAN_POINT ( 'NONE',  ( 19.50000000000000711, 20.00000000000000355, -13.34314575050762386 ) ) ;
#1570 = EDGE_CURVE ( 'NONE', #45, #838, #1721, .T. ) ;
#1571 = ORIENTED_EDGE ( 'NONE', *, *, #870, .T. ) ;
#1572 = ORIENTED_EDGE ( 'NONE', *, *, #49, .T. ) ;
#1573 = CC_DESIGN_DATE_AND_TIME_ASSIGNMENT ( #820, #1764, ( #1258 ) ) ;
#1574 = CARTESIAN_POINT ( 'NONE',  ( -20.50000000000000355, 0.000000000000000000, -16.99999999999998579 ) ) ;
#1575 = ORIENTED_EDGE ( 'NONE', *, *, #1110, .F. ) ;
#1576 = DIRECTION ( 'NONE',  ( -0.000000000000000000, 1.000000000000000000, 0.000000000000000000 ) ) ;
#1577 = DIRECTION ( 'NONE',  ( 0.000000000000000000, 0.000000000000000000, -1.000000000000000000 ) ) ;
#1578 = DIRECTION ( 'NONE',  ( 0.000000000000000000, 0.000000000000000000, 1.000000000000000000 ) ) ;
#1579 = LINE ( 'NONE', #667, #1370 ) ;
#1580 = ORIENTED_EDGE ( 'NONE', *, *, #57, .F. ) ;
#1581 = ORIENTED_EDGE ( 'NONE', *, *, #879, .T. ) ;
#1582 = EDGE_CURVE ( 'NONE', #1865, #1698, #206, .T. ) ;
#1583 = VERTEX_POINT ( 'NONE', #1777 ) ;
#1584 = DIRECTION ( 'NONE',  ( 0.000000000000000000, 1.000000000000000000, 0.000000000000000000 ) ) ;
#1585 = FACE_BOUND ( 'NONE', #1075, .T. ) ;
#1586 = PERSON_AND_ORGANIZATION ( #554, #238 ) ;
#1587 = LINE ( 'NONE', #1285, #955 ) ;
#1588 = CIRCLE ( 'NONE', #542, 2.000000000000001776 ) ;
#1589 = VERTEX_POINT ( 'NONE', #716 ) ;
#1590 = VERTEX_POINT ( 'NONE', #1117 ) ;
#1591 = ORIENTED_EDGE ( 'NONE', *, *, #1392, .F. ) ;
#1592 = CIRCLE ( 'NONE', #1119, 3.000000000000002665 ) ;
#1593 = EDGE_CURVE ( 'NONE', #356, #183, #585, .T. ) ;
#1594 = AXIS2_PLACEMENT_3D ( 'NONE', #549, #1106, #972 ) ;
#1595 = DIRECTION ( 'NONE',  ( -0.000000000000000000, -1.000000000000000000, -0.000000000000000000 ) ) ;
#1596 = VECTOR ( 'NONE', #1933, 1000.000000000000000 ) ;
#1597 = ADVANCED_FACE ( 'NONE', ( #355 ), #1867, .F. ) ;
#1598 = FACE_BOUND ( 'NONE', #906, .T. ) ;
#1599 = PERSON_AND_ORGANIZATION_ROLE ( 'design_supplier' ) ;
#1600 = DIRECTION ( 'NONE',  ( 0.000000000000000000, 0.000000000000000000, 1.000000000000000000 ) ) ;
#1601 = ORIENTED_EDGE ( 'NONE', *, *, #1430, .T. ) ;
#1602 = DIRECTION ( 'NONE',  ( 0.000000000000000000, -1.000000000000000000, 0.000000000000000000 ) ) ;
#1603 = VERTEX_POINT ( 'NONE', #1265 ) ;
#1604 = CARTESIAN_POINT ( 'NONE',  ( 52.99999999999998579, 20.00000000000000000, -53.00000000000000711 ) ) ;
#1605 = EDGE_CURVE ( 'NONE', #270, #1559, #995, .T. ) ;
#1606 = LINE ( 'NONE', #100, #1840 ) ;
#1607 = APPROVAL_STATUS ( 'not_yet_approved' ) ;
#1608 = CARTESIAN_POINT ( 'NONE',  ( -46.99999999999999289, 0.000000000000000000, 47.00000000000001421 ) ) ;
#1609 = ADVANCED_FACE ( 'NONE', ( #1622 ), #1026, .F. ) ;
#1610 = ORIENTED_EDGE ( 'NONE', *, *, #1169, .T. ) ;
#1611 = LINE ( 'NONE', #252, #617 ) ;
#1612 = CARTESIAN_POINT ( 'NONE',  ( 20.20710678118654968, 0.000000000000000000, -14.05025253169417532 ) ) ;
#1613 = ORIENTED_EDGE ( 'NONE', *, *, #827, .F. ) ;
#1614 = DIRECTION ( 'NONE',  ( 0.000000000000000000, 0.000000000000000000, -1.000000000000000000 ) ) ;
#1615 = DIRECTION ( 'NONE',  ( 0.000000000000000000, -1.000000000000000000, 0.000000000000000000 ) ) ;
#1616 = SECURITY_CLASSIFICATION_LEVEL ( 'unclassified' ) ;
#1617 = DIRECTION ( 'NONE',  ( 0.000000000000000000, 1.000000000000000000, 0.000000000000000000 ) ) ;
#1618 = AXIS2_PLACEMENT_3D ( 'NONE', #611, #1044, #1516 ) ;
#1619 = EDGE_CURVE ( 'NONE', #1925, #717, #808, .T. ) ;
#1620 = AXIS2_PLACEMENT_3D ( 'NONE', #1004, #1452, #1893 ) ;
#1621 = ORIENTED_EDGE ( 'NONE', *, *, #940, .T. ) ;
#1622 = FACE_OUTER_BOUND ( 'NONE', #1766, .T. ) ;
#1623 = DIRECTION ( 'NONE',  ( 0.000000000000000000, 1.000000000000000000, 0.000000000000000000 ) ) ;
#1624 = ADVANCED_FACE ( 'NONE', ( #370 ), #1633, .F. ) ;
#1625 = DESIGN_CONTEXT ( 'detailed design', #641, 'design' ) ;
#1626 = EDGE_LOOP ( 'NONE', ( #1155, #380, #46, #483 ) ) ;
#1627 = LINE ( 'NONE', #887, #738 ) ;
#1628 = AXIS2_PLACEMENT_3D ( 'NONE', #1393, #345, #799 ) ;
#1629 = DIRECTION ( 'NONE',  ( 0.000000000000000000, 0.000000000000000000, 1.000000000000000000 ) ) ;
#1630 = AXIS2_PLACEMENT_3D ( 'NONE', #1066, #1089, #1409 ) ;
#1631 = CARTESIAN_POINT ( 'NONE',  ( -47.00000000000000000, 20.00000000000000000, -49.00000000000000000 ) ) ;
#1632 = ORIENTED_EDGE ( 'NONE', *, *, #742, .F. ) ;
#1633 = CYLINDRICAL_SURFACE ( 'NONE', #588, 1.750000000000001554 ) ;
#1634 = EDGE_CURVE ( 'NONE', #717, #777, #1611, .T. ) ;
#1635 = DIRECTION ( 'NONE',  ( 0.000000000000000000, 0.000000000000000000, -1.000000000000000000 ) ) ;
#1636 = ORIENTED_EDGE ( 'NONE', *, *, #770, .T. ) ;
#1637 = DIRECTION ( 'NONE',  ( -0.000000000000000000, 1.000000000000000000, -0.000000000000000000 ) ) ;
#1638 = DIRECTION ( 'NONE',  ( 0.000000000000000000, -1.000000000000000000, 0.000000000000000000 ) ) ;
#1639 = DIRECTION ( 'NONE',  ( 0.000000000000000000, 0.000000000000000000, 1.000000000000000000 ) ) ;
#1640 = ORIENTED_EDGE ( 'NONE', *, *, #948, .F. ) ;
#1641 = DIRECTION ( 'NONE',  ( -0.000000000000000000, -1.000000000000000000, -0.000000000000000000 ) ) ;
#1642 = DIRECTION ( 'NONE',  ( 0.000000000000000000, 0.000000000000000000, -1.000000000000000000 ) ) ;
#1643 = ORIENTED_EDGE ( 'NONE', *, *, #1847, .F. ) ;
#1644 = EDGE_CURVE ( 'NONE', #1220, #159, #1428, .T. ) ;
#1645 = LINE ( 'NONE', #1809, #1752 ) ;
#1646 = CARTESIAN_POINT ( 'NONE',  ( 0.000000000000000000, 20.00000000000000000, 49.50000000000001421 ) ) ;
#1647 = VERTEX_POINT ( 'NONE', #1710 ) ;
#1648 = CARTESIAN_POINT ( 'NONE',  ( 20.49999999999999289, 0.000000000000000000, 16.99999999999999289 ) ) ;
#1649 = CARTESIAN_POINT ( 'NONE',  ( 46.99999999999999289, 10.00000000000000000, 47.00000000000001421 ) ) ;
#1650 = AXIS2_PLACEMENT_3D ( 'NONE', #821, #954, #813 ) ;
#1651 = EDGE_LOOP ( 'NONE', ( #216, #352 ) ) ;
#1652 = AXIS2_PLACEMENT_3D ( 'NONE', #1608, #116, #1600 ) ;
#1653 = CARTESIAN_POINT ( 'NONE',  ( -47.00000000000000711, 20.00000000000000000, 46.99999999999999289 ) ) ;
#1654 = EDGE_CURVE ( 'NONE', #1184, #823, #368, .T. ) ;
#1655 = CARTESIAN_POINT ( 'NONE',  ( 15.84314575050761320, 0.000000000000000000, -16.99999999999999289 ) ) ;
#1656 = EDGE_CURVE ( 'NONE', #452, #8, #174, .T. ) ;
#1657 = CIRCLE ( 'NONE', #1121, 3.999999999999996447 ) ;
#1658 = ORIENTED_EDGE ( 'NONE', *, *, #1830, .F. ) ;
#1659 = DIRECTION ( 'NONE',  ( 0.000000000000000000, -1.000000000000000000, 0.000000000000000000 ) ) ;
#1660 = VECTOR ( 'NONE', #734, 1000.000000000000000 ) ;
#1661 = EDGE_LOOP ( 'NONE', ( #1564, #1786, #1417, #207 ) ) ;
#1662 = CARTESIAN_POINT ( 'NONE',  ( 1.387778780781445676E-14, 20.00000000000000000, -46.99999999999998579 ) ) ;
#1663 = DIRECTION ( 'NONE',  ( 0.000000000000000000, 0.000000000000000000, 1.000000000000000000 ) ) ;
#1664 = EDGE_CURVE ( 'NONE', #159, #715, #1755, .T. ) ;
#1665 = VERTEX_POINT ( 'NONE', #726 ) ;
#1666 = CARTESIAN_POINT ( 'NONE',  ( -20.50000000000000711, 0.000000000000000000, 16.99999999999999289 ) ) ;
#1667 = DIRECTION ( 'NONE',  ( 0.000000000000000000, 0.000000000000000000, 1.000000000000000000 ) ) ;
#1668 = ORIENTED_EDGE ( 'NONE', *, *, #1664, .T. ) ;
#1669 = ORIENTED_EDGE ( 'NONE', *, *, #1427, .T. ) ;
#1670 = DIRECTION ( 'NONE',  ( 0.000000000000000000, 0.000000000000000000, 1.000000000000000000 ) ) ;
#1671 = FACE_BOUND ( 'NONE', #1328, .T. ) ;
#1672 = DIRECTION ( 'NONE',  ( 0.000000000000000000, 0.000000000000000000, -1.000000000000000000 ) ) ;
#1673 = ORIENTED_EDGE ( 'NONE', *, *, #446, .T. ) ;
#1674 = DIRECTION ( 'NONE',  ( -0.000000000000000000, -1.000000000000000000, -0.000000000000000000 ) ) ;
#1675 = DIRECTION ( 'NONE',  ( 0.000000000000000000, 0.000000000000000000, 1.000000000000000000 ) ) ;
#1676 = EDGE_CURVE ( 'NONE', #539, #1224, #160, .T. ) ;
#1677 = ORIENTED_EDGE ( 'NONE', *, *, #399, .F. ) ;
#1678 = CIRCLE ( 'NONE', #67, 3.999999999999996447 ) ;
#1679 = EDGE_CURVE ( 'NONE', #1264, #1647, #135, .T. ) ;
#1680 = FACE_OUTER_BOUND ( 'NONE', #1378, .T. ) ;
#1681 = CIRCLE ( 'NONE', #1498, 1.000000000000000888 ) ;
#1682 = DIRECTION ( 'NONE',  ( 0.000000000000000000, 0.000000000000000000, -1.000000000000000000 ) ) ;
#1683 = DIRECTION ( 'NONE',  ( 0.000000000000000000, 1.000000000000000000, 0.000000000000000000 ) ) ;
#1684 = EDGE_LOOP ( 'NONE', ( #1730, #1543, #282, #755 ) ) ;
#1685 = CIRCLE ( 'NONE', #1087, 2.500000000000002220 ) ;
#1686 = FACE_OUTER_BOUND ( 'NONE', #502, .T. ) ;
#1687 = VERTEX_POINT ( 'NONE', #619 ) ;
#1688 = ORIENTED_EDGE ( 'NONE', *, *, #1872, .F. ) ;
#1689 = CIRCLE ( 'NONE', #1881, 1.000000000000000888 ) ;
#1690 = LOCAL_TIME ( 10, 18, 8.000000000000000000, #545 ) ;
#1691 = EDGE_CURVE ( 'NONE', #659, #1761, #1505, .T. ) ;
#1692 = DIRECTION ( 'NONE',  ( 0.000000000000000000, -1.000000000000000000, 0.000000000000000000 ) ) ;
#1693 = ADVANCED_FACE ( 'NONE', ( #15 ), #289, .T. ) ;
#1694 = CYLINDRICAL_SURFACE ( 'NONE', #798, 3.999999999999996447 ) ;
#1695 = DIRECTION ( 'NONE',  ( 0.000000000000000000, 0.000000000000000000, -1.000000000000000000 ) ) ;
#1696 = CARTESIAN_POINT ( 'NONE',  ( -47.00000000000000000, 20.00000000000000000, -47.00000000000000000 ) ) ;
#1697 = DIRECTION ( 'NONE',  ( 0.000000000000000000, 0.000000000000000000, 1.000000000000000000 ) ) ;
#1698 = VERTEX_POINT ( 'NONE', #1221 ) ;
#1699 = EDGE_LOOP ( 'NONE', ( #1859, #1164 ) ) ;
#1700 = FACE_OUTER_BOUND ( 'NONE', #1056, .T. ) ;
#1701 = EDGE_CURVE ( 'NONE', #762, #93, #47, .T. ) ;
#1702 = DIRECTION ( 'NONE',  ( 0.000000000000000000, 0.000000000000000000, -1.000000000000000000 ) ) ;
#1703 = EDGE_CURVE ( 'NONE', #1042, #988, #1154, .T. ) ;
#1704 = FACE_OUTER_BOUND ( 'NONE', #303, .T. ) ;
#1705 = FACE_OUTER_BOUND ( 'NONE', #622, .T. ) ;
#1706 = DIRECTION ( 'NONE',  ( 0.000000000000000000, 0.000000000000000000, 1.000000000000000000 ) ) ;
#1707 = ORIENTED_EDGE ( 'NONE', *, *, #57, .T. ) ;
#1708 = ORIENTED_EDGE ( 'NONE', *, *, #1556, .F. ) ;
#1709 = CIRCLE ( 'NONE', #1898, 2.000000000000001776 ) ;
#1710 = CARTESIAN_POINT ( 'NONE',  ( 47.00000000000002132, 10.00000000000000000, -48.99999999999998579 ) ) ;
#1711 = ORIENTED_EDGE ( 'NONE', *, *, #164, .F. ) ;
#1712 = VECTOR ( 'NONE', #1252, 1000.000000000000000 ) ;
#1713 = VECTOR ( 'NONE', #82, 1000.000000000000000 ) ;
#1714 = ADVANCED_FACE ( 'NONE', ( #1062 ), #1043, .F. ) ;
#1715 = CARTESIAN_POINT ( 'NONE',  ( 1.387778780781445676E-14, 13.70000000000000107, -46.99999999999998579 ) ) ;
#1716 = CARTESIAN_POINT ( 'NONE',  ( -46.99999999999999289, 10.00000000000000000, 47.00000000000001421 ) ) ;
#1717 = CYLINDRICAL_SURFACE ( 'NONE', #934, 3.999999999999996447 ) ;
#1718 = DIRECTION ( 'NONE',  ( 0.000000000000000000, 0.000000000000000000, 1.000000000000000000 ) ) ;
#1719 = EDGE_LOOP ( 'NONE', ( #1868, #202, #1065, #1711 ) ) ;
#1720 = VECTOR ( 'NONE', #1226, 1000.000000000000000 ) ;
#1721 = LINE ( 'NONE', #1173, #1282 ) ;
#1722 = EDGE_LOOP ( 'NONE', ( #1084, #342 ) ) ;
#1723 = VECTOR ( 'NONE', #1413, 1000.000000000000000 ) ;
#1724 = DIRECTION ( 'NONE',  ( 0.000000000000000000, 0.000000000000000000, 1.000000000000000000 ) ) ;
#1725 =( GEOMETRIC_REPRESENTATION_CONTEXT ( 3 ) GLOBAL_UNCERTAINTY_ASSIGNED_CONTEXT ( ( #1203 ) ) GLOBAL_UNIT_ASSIGNED_CONTEXT ( ( #1892, #115, #832 ) ) REPRESENTATION_CONTEXT ( 'NONE', 'WORKASPACE' ) );
#1726 = FACE_OUTER_BOUND ( 'NONE', #1518, .T. ) ;
#1727 = DIRECTION ( 'NONE',  ( -0.000000000000000000, 1.000000000000000000, -0.000000000000000000 ) ) ;
#1728 = DIRECTION ( 'NONE',  ( -4.573615379869536013E-16, 0.000000000000000000, 1.000000000000000000 ) ) ;
#1729 = ADVANCED_FACE ( 'NONE', ( #151 ), #316, .F. ) ;
#1730 = ORIENTED_EDGE ( 'NONE', *, *, #273, .F. ) ;
#1731 = ORIENTED_EDGE ( 'NONE', *, *, #1479, .F. ) ;
#1732 = VERTEX_POINT ( 'NONE', #924 ) ;
#1733 = DIRECTION ( 'NONE',  ( -0.000000000000000000, -1.000000000000000000, -0.000000000000000000 ) ) ;
#1734 = CARTESIAN_POINT ( 'NONE',  ( 20.49999999999999289, 0.000000000000000000, 16.99999999999999289 ) ) ;
#1735 = CARTESIAN_POINT ( 'NONE',  ( 3.061616997868382155E-16, 0.000000000000000000, 49.50000000000001421 ) ) ;
#1736 = ORIENTED_EDGE ( 'NONE', *, *, #1048, .T. ) ;
#1737 = ADVANCED_FACE ( 'NONE', ( #1354 ), #1375, .T. ) ;
#1738 = ORIENTED_EDGE ( 'NONE', *, *, #940, .F. ) ;
#1739 = ORIENTED_EDGE ( 'NONE', *, *, #335, .F. ) ;
#1740 = EDGE_CURVE ( 'NONE', #1889, #1129, #17, .T. ) ;
#1741 = DIRECTION ( 'NONE',  ( 0.000000000000000000, -1.000000000000000000, 0.000000000000000000 ) ) ;
#1742 = AXIS2_PLACEMENT_3D ( 'NONE', #188, #803, #967 ) ;
#1743 = CARTESIAN_POINT ( 'NONE',  ( 53.00000000000000000, 20.00000000000000000, 52.99999999999999289 ) ) ;
#1744 = APPLICATION_PROTOCOL_DEFINITION ( 'international standard', 'config_control_design', 1994, #1148 ) ;
#1745 = FACE_BOUND ( 'NONE', #1128, .T. ) ;
#1746 = VECTOR ( 'NONE', #1567, 1000.000000000000000 ) ;
#1747 = VERTEX_POINT ( 'NONE', #1185 ) ;
#1748 = ORIENTED_EDGE ( 'NONE', *, *, #1467, .F. ) ;
#1749 = VERTEX_POINT ( 'NONE', #1787 ) ;
#1750 = AXIS2_PLACEMENT_3D ( 'NONE', #358, #933, #1538 ) ;
#1751 = EDGE_CURVE ( 'NONE', #203, #650, #1689, .T. ) ;
#1752 = VECTOR ( 'NONE', #1207, 1000.000000000000000 ) ;
#1753 = ADVANCED_FACE ( 'NONE', ( #610 ), #280, .T. ) ;
#1754 = DIRECTION ( 'NONE',  ( -0.000000000000000000, -1.000000000000000000, -0.000000000000000000 ) ) ;
#1755 = CIRCLE ( 'NONE', #1565, 1.000000000000000888 ) ;
#1756 = DIRECTION ( 'NONE',  ( -0.000000000000000000, -1.000000000000000000, -0.000000000000000000 ) ) ;
#1757 = CARTESIAN_POINT ( 'NONE',  ( -28.50000000000007816, 0.000000000000000000, -1.647980299099294221E-06 ) ) ;
#1758 = ORIENTED_EDGE ( 'NONE', *, *, #915, .T. ) ;
#1759 = DIRECTION ( 'NONE',  ( -0.000000000000000000, -1.000000000000000000, -0.000000000000000000 ) ) ;
#1760 = ORIENTED_EDGE ( 'NONE', *, *, #1195, .F. ) ;
#1761 = VERTEX_POINT ( 'NONE', #443 ) ;
#1762 = EDGE_CURVE ( 'NONE', #1665, #987, #599, .T. ) ;
#1763 = DIRECTION ( 'NONE',  ( 0.000000000000000000, 0.000000000000000000, 1.000000000000000000 ) ) ;
#1764 = DATE_TIME_ROLE ( 'creation_date' ) ;
#1765 = DIRECTION ( 'NONE',  ( 0.000000000000000000, 0.000000000000000000, 1.000000000000000000 ) ) ;
#1766 = EDGE_LOOP ( 'NONE', ( #1748, #1379, #1601, #1760 ) ) ;
#1767 = CARTESIAN_POINT ( 'NONE',  ( 19.49999999999999289, 0.000000000000000000, 17.00000000000000000 ) ) ;
#1768 = CARTESIAN_POINT ( 'NONE',  ( 53.00000000000000000, 20.00000000000000000, 52.99999999999999289 ) ) ;
#1769 = EDGE_LOOP ( 'NONE', ( #883, #1257, #670, #1916, #1368, #1337, #298, #1188, #221, #1489 ) ) ;
#1770 = DIRECTION ( 'NONE',  ( 0.000000000000000000, 0.000000000000000000, -1.000000000000000000 ) ) ;
#1771 = CARTESIAN_POINT ( 'NONE',  ( -46.99999999999999289, 10.00000000000000000, -43.00000000000001421 ) ) ;
#1772 = APPLICATION_PROTOCOL_DEFINITION ( 'international standard', 'config_control_design', 1994, #641 ) ;
#1773 = CARTESIAN_POINT ( 'NONE',  ( -55.00000000000000000, 0.000000000000000000, 54.99999999999999289 ) ) ;
#1774 = AXIS2_PLACEMENT_3D ( 'NONE', #1844, #363, #1697 ) ;
#1775 = CIRCLE ( 'NONE', #102, 3.000000000000002665 ) ;
#1776 = EDGE_LOOP ( 'NONE', ( #103, #845, #398, #127 ) ) ;
#1777 = CARTESIAN_POINT ( 'NONE',  ( 46.99999999999999289, 20.00000000000000000, 45.00000000000001421 ) ) ;
#1778 = ORIENTED_EDGE ( 'NONE', *, *, #913, .T. ) ;
#1779 = ORIENTED_EDGE ( 'NONE', *, *, #747, .F. ) ;
#1780 = CARTESIAN_POINT ( 'NONE',  ( -53.00000000000000000, 20.00000000000000000, 54.99999999999999289 ) ) ;
#1781 = AXIS2_PLACEMENT_3D ( 'NONE', #460, #305, #313 ) ;
#1782 = CARTESIAN_POINT ( 'NONE',  ( 1.387778780781445676E-14, -4.949747468305836229, -46.99999999999998579 ) ) ;
#1783 = VECTOR ( 'NONE', #1329, 1000.000000000000000 ) ;
#1784 = CARTESIAN_POINT ( 'NONE',  ( 0.000000000000000000, 14.00000000000000000, 49.50000000000001421 ) ) ;
#1785 = AXIS2_PLACEMENT_3D ( 'NONE', #1200, #1803, #1073 ) ;
#1786 = ORIENTED_EDGE ( 'NONE', *, *, #481, .T. ) ;
#1787 = CARTESIAN_POINT ( 'NONE',  ( 46.99999999999999289, 10.00000000000000000, 49.00000000000001421 ) ) ;
#1788 = DIRECTION ( 'NONE',  ( -0.000000000000000000, -1.000000000000000000, -0.000000000000000000 ) ) ;
#1789 = VERTEX_POINT ( 'NONE', #744 ) ;
#1790 = DIRECTION ( 'NONE',  ( -0.000000000000000000, -1.000000000000000000, -0.000000000000000000 ) ) ;
#1791 = DIRECTION ( 'NONE',  ( 0.000000000000000000, 0.000000000000000000, 1.000000000000000000 ) ) ;
#1792 = DIRECTION ( 'NONE',  ( -0.000000000000000000, -1.000000000000000000, -0.000000000000000000 ) ) ;
#1793 = VERTEX_POINT ( 'NONE', #3 ) ;
#1794 = DIRECTION ( 'NONE',  ( 0.000000000000000000, 0.000000000000000000, -1.000000000000000000 ) ) ;
#1795 = CARTESIAN_POINT ( 'NONE',  ( 3.061616997868382155E-16, 10.00000000000000000, 49.50000000000001421 ) ) ;
#1796 = EDGE_CURVE ( 'NONE', #1104, #1172, #1029, .T. ) ;
#1797 = EDGE_CURVE ( 'NONE', #1789, #365, #1410, .T. ) ;
#1798 = VERTEX_POINT ( 'NONE', #1212 ) ;
#1799 = ADVANCED_FACE ( 'NONE', ( #812, #53 ), #1093, .T. ) ;
#1800 = FACE_OUTER_BOUND ( 'NONE', #1435, .T. ) ;
#1801 = FACE_OUTER_BOUND ( 'NONE', #618, .T. ) ;
#1802 = ORIENTED_EDGE ( 'NONE', *, *, #1546, .F. ) ;
#1803 = DIRECTION ( 'NONE',  ( 0.000000000000000000, 0.000000000000000000, 1.000000000000000000 ) ) ;
#1804 = DIRECTION ( 'NONE',  ( 0.000000000000000000, -1.000000000000000000, 0.000000000000000000 ) ) ;
#1805 = VECTOR ( 'NONE', #1465, 1000.000000000000000 ) ;
#1806 = CIRCLE ( 'NONE', #1650, 2.000000000000001776 ) ;
#1807 = ORIENTED_EDGE ( 'NONE', *, *, #1345, .F. ) ;
#1808 = AXIS2_PLACEMENT_3D ( 'NONE', #1250, #186, #1228 ) ;
#1809 = CARTESIAN_POINT ( 'NONE',  ( 20.49999999999999289, 0.000000000000000000, 16.99999999999999289 ) ) ;
#1810 = ADVANCED_FACE ( 'NONE', ( #1705 ), #1238, .F. ) ;
#1811 = DIRECTION ( 'NONE',  ( 1.000000000000000000, -0.000000000000000000, 0.000000000000000000 ) ) ;
#1812 = CIRCLE ( 'NONE', #108, 2.000000000000001776 ) ;
#1813 = CIRCLE ( 'NONE', #201, 3.999999999999996447 ) ;
#1814 = ORIENTED_EDGE ( 'NONE', *, *, #9, .T. ) ;
#1815 = DIRECTION ( 'NONE',  ( 0.000000000000000000, 0.000000000000000000, 1.000000000000000000 ) ) ;
#1816 = CARTESIAN_POINT ( 'NONE',  ( 15.84314575050760965, 20.00000000000000355, -17.99999999999999645 ) ) ;
#1817 = AXIS2_PLACEMENT_3D ( 'NONE', #1402, #1863, #329 ) ;
#1818 = EDGE_LOOP ( 'NONE', ( #85, #171 ) ) ;
#1819 = ORIENTED_EDGE ( 'NONE', *, *, #386, .T. ) ;
#1820 = DIRECTION ( 'NONE',  ( 0.000000000000000000, 1.000000000000000000, 0.000000000000000000 ) ) ;
#1821 = ADVANCED_FACE ( 'NONE', ( #1540 ), #936, .F. ) ;
#1822 = FACE_BOUND ( 'NONE', #66, .T. ) ;
#1823 = ORIENTED_EDGE ( 'NONE', *, *, #990, .T. ) ;
#1824 = DIRECTION ( 'NONE',  ( -0.000000000000000000, -1.000000000000000000, -0.000000000000000000 ) ) ;
#1825 = CARTESIAN_POINT ( 'NONE',  ( 52.99999999999998579, 20.00000000000000000, -55.00000000000000711 ) ) ;
#1826 = VERTEX_POINT ( 'NONE', #783 ) ;
#1827 = ORIENTED_EDGE ( 'NONE', *, *, #1467, .T. ) ;
#1828 = CARTESIAN_POINT ( 'NONE',  ( 28.49999999999994316, 20.00000000000000000, 1.749999999999992228 ) ) ;
#1829 = DIRECTION ( 'NONE',  ( 1.020425574104004739E-16, 0.000000000000000000, -1.000000000000000000 ) ) ;
#1830 = EDGE_CURVE ( 'NONE', #1647, #1107, #204, .T. ) ;
#1831 = FACE_OUTER_BOUND ( 'NONE', #1651, .T. ) ;
#1832 = ORIENTED_EDGE ( 'NONE', *, *, #852, .T. ) ;
#1833 = CARTESIAN_POINT ( 'NONE',  ( 1.387778780781445676E-14, 13.70000000000000107, -45.24999999999998579 ) ) ;
#1834 = CARTESIAN_POINT ( 'NONE',  ( 2.143131898507868544E-16, 33.00000000000000000, 48.75000000000001421 ) ) ;
#1835 = ADVANCED_FACE ( 'NONE', ( #348 ), #1717, .F. ) ;
#1836 = CLOSED_SHELL ( 'NONE', ( #721, #409, #1714, #375, #538, #1271, #683, #969, #189, #1609, #1482, #1821, #1454, #30, #1624, #866, #1267, #1330, #1097, #732, #601, #1810, #651, #891, #143, #1857, #756, #1860, #1753, #1218, #1359, #766, #1799, #1500, #1122, #1835, #1240, #605, #1109, #1227, #81, #719, #1206, #1737, #1597, #366, #379, #623, #1449, #1693, #840, #804, #696, #1366, #1005, #661, #564, #1729, #1064, #132 ) ) ;
#1837 = ORIENTED_EDGE ( 'NONE', *, *, #1280, .T. ) ;
#1838 = AXIS2_PLACEMENT_3D ( 'NONE', #1194, #1318, #877 ) ;
#1839 = DIRECTION ( 'NONE',  ( 0.000000000000000000, 0.000000000000000000, 1.000000000000000000 ) ) ;
#1840 = VECTOR ( 'NONE', #1051, 1000.000000000000000 ) ;
#1841 = PLANE ( 'NONE',  #511 ) ;
#1842 = DIRECTION ( 'NONE',  ( 0.000000000000000000, 0.000000000000000000, -1.000000000000000000 ) ) ;
#1843 = VECTOR ( 'NONE', #1120, 1000.000000000000000 ) ;
#1844 = CARTESIAN_POINT ( 'NONE',  ( 1.387778780781445676E-14, 13.70000000000000107, -46.99999999999998579 ) ) ;
#1845 = AXIS2_PLACEMENT_3D ( 'NONE', #1317, #865, #876 ) ;
#1846 = ORIENTED_EDGE ( 'NONE', *, *, #68, .T. ) ;
#1847 = EDGE_CURVE ( 'NONE', #838, #857, #489, .T. ) ;
#1848 = ORIENTED_EDGE ( 'NONE', *, *, #335, .T. ) ;
#1849 = LOCAL_TIME ( 10, 18, 8.000000000000000000, #259 ) ;
#1850 = DIRECTION ( 'NONE',  ( 0.000000000000000000, 0.000000000000000000, 1.000000000000000000 ) ) ;
#1851 = DIRECTION ( 'NONE',  ( -0.000000000000000000, -1.000000000000000000, -0.000000000000000000 ) ) ;
#1852 = CARTESIAN_POINT ( 'NONE',  ( 1.387778780781445676E-14, 0.000000000000000000, -46.99999999999998579 ) ) ;
#1853 = CARTESIAN_POINT ( 'NONE',  ( -46.99999999999999289, 0.000000000000000000, -43.00000000000001421 ) ) ;
#1854 = CARTESIAN_POINT ( 'NONE',  ( 0.000000000000000000, 0.000000000000000000, 47.00000000000001421 ) ) ;
#1855 = VERTEX_POINT ( 'NONE', #1853 ) ;
#1856 = ORIENTED_EDGE ( 'NONE', *, *, #1691, .F. ) ;
#1857 = ADVANCED_FACE ( 'NONE', ( #491 ), #1874, .F. ) ;
#1858 = CARTESIAN_POINT ( 'NONE',  ( -28.50000000000007816, 20.00000000000000000, -1.647980299099294221E-06 ) ) ;
#1859 = ORIENTED_EDGE ( 'NONE', *, *, #956, .F. ) ;
#1860 = ADVANCED_FACE ( 'NONE', ( #506 ), #953, .T. ) ;
#1861 = CARTESIAN_POINT ( 'NONE',  ( -19.49999999999999645, 0.000000000000000000, -17.99999999999999645 ) ) ;
#1862 = CARTESIAN_POINT ( 'NONE',  ( -19.50000000000000355, 20.00000000000000355, -16.99999999999999289 ) ) ;
#1863 = DIRECTION ( 'NONE',  ( 0.000000000000000000, -1.000000000000000000, 0.000000000000000000 ) ) ;
#1864 = CYLINDRICAL_SURFACE ( 'NONE', #1742, 1.000000000000000888 ) ;
#1865 = VERTEX_POINT ( 'NONE', #1230 ) ;
#1866 = ORIENTED_EDGE ( 'NONE', *, *, #1619, .F. ) ;
#1867 = CYLINDRICAL_SURFACE ( 'NONE', #833, 1.000000000000000888 ) ;
#1868 = ORIENTED_EDGE ( 'NONE', *, *, #485, .F. ) ;
#1869 = AXIS2_PLACEMENT_3D ( 'NONE', #925, #1804, #173 ) ;
#1870 = AXIS2_PLACEMENT_3D ( 'NONE', #269, #546, #1912 ) ;
#1871 = LINE ( 'NONE', #515, #1843 ) ;
#1872 = EDGE_CURVE ( 'NONE', #1523, #650, #197, .T. ) ;
#1873 = FACE_BOUND ( 'NONE', #1699, .T. ) ;
#1874 = PLANE ( 'NONE',  #1475 ) ;
#1875 = DIRECTION ( 'NONE',  ( -0.000000000000000000, 1.000000000000000000, -0.000000000000000000 ) ) ;
#1876 = EDGE_LOOP ( 'NONE', ( #1030, #562, #817, #334 ) ) ;
#1877 = VERTEX_POINT ( 'NONE', #657 ) ;
#1878 = AXIS2_PLACEMENT_3D ( 'NONE', #616, #941, #487 ) ;
#1879 = CIRCLE ( 'NONE', #898, 1.750000000000000000 ) ;
#1880 = ORIENTED_EDGE ( 'NONE', *, *, #505, .F. ) ;
#1881 = AXIS2_PLACEMENT_3D ( 'NONE', #1036, #1641, #1815 ) ;
#1882 = FACE_OUTER_BOUND ( 'NONE', #377, .T. ) ;
#1883 = EDGE_CURVE ( 'NONE', #928, #1105, #219, .T. ) ;
#1884 = DIRECTION ( 'NONE',  ( 0.000000000000000000, 1.000000000000000000, 0.000000000000000000 ) ) ;
#1885 = DATE_TIME_ROLE ( 'classification_date' ) ;
#1886 = CARTESIAN_POINT ( 'NONE',  ( 47.00000000000002132, 20.00000000000000000, -44.99999999999998579 ) ) ;
#1887 = ORIENTED_EDGE ( 'NONE', *, *, #1293, .F. ) ;
#1888 = ORIENTED_EDGE ( 'NONE', *, *, #284, .T. ) ;
#1889 = VERTEX_POINT ( 'NONE', #1112 ) ;
#1890 = CARTESIAN_POINT ( 'NONE',  ( 1.387778780781445676E-14, 6.299999999999999822, -45.24999999999998579 ) ) ;
#1891 = CARTESIAN_POINT ( 'NONE',  ( 54.99999999999998579, 0.000000000000000000, -55.00000000000000711 ) ) ;
#1892 =( LENGTH_UNIT ( ) NAMED_UNIT ( * ) SI_UNIT ( .MILLI., .METRE. ) );
#1893 = DIRECTION ( 'NONE',  ( 0.000000000000000000, 0.000000000000000000, 1.000000000000000000 ) ) ;
#1894 = ORIENTED_EDGE ( 'NONE', *, *, #1830, .T. ) ;
#1895 = EDGE_CURVE ( 'NONE', #1925, #1561, #1910, .T. ) ;
#1896 = ORIENTED_EDGE ( 'NONE', *, *, #1740, .T. ) ;
#1897 = CYLINDRICAL_SURFACE ( 'NONE', #138, 0.9999999999999991118 ) ;
#1898 = AXIS2_PLACEMENT_3D ( 'NONE', #263, #571, #136 ) ;
#1899 = AXIS2_PLACEMENT_3D ( 'NONE', #290, #764, #600 ) ;
#1900 = DIRECTION ( 'NONE',  ( 0.000000000000000000, 0.000000000000000000, -1.000000000000000000 ) ) ;
#1901 = DIRECTION ( 'NONE',  ( -0.000000000000000000, -1.000000000000000000, -0.000000000000000000 ) ) ;
#1902 = VECTOR ( 'NONE', #1332, 1000.000000000000000 ) ;
#1903 = ORIENTED_EDGE ( 'NONE', *, *, #153, .F. ) ;
#1904 = CARTESIAN_POINT ( 'NONE',  ( -46.99999999999999289, 10.00000000000000000, -43.00000000000001421 ) ) ;
#1905 = CARTESIAN_POINT ( 'NONE',  ( -28.50000000000007816, 0.000000000000000000, -1.750001647980299113 ) ) ;
#1906 = EDGE_CURVE ( 'NONE', #1086, #652, #869, .T. ) ;
#1907 = ORIENTED_EDGE ( 'NONE', *, *, #1420, .F. ) ;
#1908 = AXIS2_PLACEMENT_3D ( 'NONE', #1604, #80, #246 ) ;
#1909 = CARTESIAN_POINT ( 'NONE',  ( -47.00000000000000711, 20.00000000000000000, 44.99999999999999289 ) ) ;
#1910 = CIRCLE ( 'NONE', #709, 2.000000000000001776 ) ;
#1911 = PERSON_AND_ORGANIZATION_ROLE ( 'creator' ) ;
#1912 = DIRECTION ( 'NONE',  ( 0.000000000000000000, -0.000000000000000000, -1.000000000000000000 ) ) ;
#1913 = ORIENTED_EDGE ( 'NONE', *, *, #1342, .F. ) ;
#1914 = DIRECTION ( 'NONE',  ( 0.000000000000000000, 1.000000000000000000, 0.000000000000000000 ) ) ;
#1915 = ORIENTED_EDGE ( 'NONE', *, *, #96, .F. ) ;
#1916 = ORIENTED_EDGE ( 'NONE', *, *, #913, .F. ) ;
#1917 = EDGE_CURVE ( 'NONE', #1561, #1603, #1273, .T. ) ;
#1918 = CARTESIAN_POINT ( 'NONE',  ( 1.387778780781445676E-14, -4.949747468305836229, -46.99999999999998579 ) ) ;
#1919 = EDGE_CURVE ( 'NONE', #537, #698, #1315, .T. ) ;
#1920 = CARTESIAN_POINT ( 'NONE',  ( 0.000000000000000000, 0.000000000000000000, 0.000000000000000000 ) ) ;
#1921 = LINE ( 'NONE', #1773, #1177 ) ;
#1922 = VERTEX_POINT ( 'NONE', #1833 ) ;
#1923 = CARTESIAN_POINT ( 'NONE',  ( 0.000000000000000000, 10.00000000000000000, 47.00000000000001421 ) ) ;
#1924 = DIRECTION ( 'NONE',  ( -0.000000000000000000, -1.000000000000000000, -0.000000000000000000 ) ) ;
#1925 = VERTEX_POINT ( 'NONE', #478 ) ;
#1926 = CYLINDRICAL_SURFACE ( 'NONE', #429, 1.750000000000001554 ) ;
#1927 = AXIS2_PLACEMENT_3D ( 'NONE', #885, #1788, #561 ) ;
#1928 = EDGE_CURVE ( 'NONE', #715, #245, #1082, .T. ) ;
#1929 = LINE ( 'NONE', #723, #1151 ) ;
#1930 = CARTESIAN_POINT ( 'NONE',  ( 20.20710678118654968, 0.000000000000000000, -14.05025253169417532 ) ) ;
#1931 = VECTOR ( 'NONE', #649, 1000.000000000000000 ) ;
#1932 = ORIENTED_EDGE ( 'NONE', *, *, #213, .T. ) ;
#1933 = DIRECTION ( 'NONE',  ( 1.261617073437677999E-16, 0.000000000000000000, 1.000000000000000000 ) ) ;
#1934 = ORIENTED_EDGE ( 'NONE', *, *, #337, .F. ) ;
#1935 = ORIENTED_EDGE ( 'NONE', *, *, #156, .F. ) ;
#1936 = VECTOR ( 'NONE', #1, 1000.000000000000000 ) ;
#1937 = DIRECTION ( 'NONE',  ( -0.000000000000000000, -1.000000000000000000, -0.000000000000000000 ) ) ;
#1938 = CIRCLE ( 'NONE', #1057, 2.000000000000001776 ) ;
#1939 = CARTESIAN_POINT ( 'NONE',  ( 1.424518184755866220E-14, 0.000000000000000000, -43.99999999999998579 ) ) ;
#1940 = AXIS2_PLACEMENT_3D ( 'NONE', #517, #1395, #1578 ) ;
#1941 = EDGE_LOOP ( 'NONE', ( #737, #65, #224, #1241 ) ) ;
#1942 = CARTESIAN_POINT ( 'NONE',  ( -28.50000000000007816, 0.000000000000000000, -1.647980299099294221E-06 ) ) ;
#1943 = DIRECTION ( 'NONE',  ( 0.000000000000000000, 0.000000000000000000, -1.000000000000000000 ) ) ;
#1944 = ORIENTED_EDGE ( 'NONE', *, *, #1634, .T. ) ;
#1945 = DIRECTION ( 'NONE',  ( 0.000000000000000000, -1.000000000000000000, 0.000000000000000000 ) ) ;
#1946 = DIRECTION ( 'NONE',  ( -0.000000000000000000, 1.000000000000000000, -0.000000000000000000 ) ) ;
#1947 = ORIENTED_EDGE ( 'NONE', *, *, #1676, .F. ) ;
#1948 = DIRECTION ( 'NONE',  ( -4.573615379869536013E-16, 0.000000000000000000, 1.000000000000000000 ) ) ;
#1949 = CARTESIAN_POINT ( 'NONE',  ( 0.000000000000000000, 33.00000000000000000, 45.25000000000001421 ) ) ;
#1950 = EDGE_LOOP ( 'NONE', ( #1369, #1437, #24, #472 ) ) ;
#1951 = ORIENTED_EDGE ( 'NONE', *, *, #1085, .T. ) ;
#1952 = EDGE_CURVE ( 'NONE', #659, #279, #861, .T. ) ;
#1953 = DIRECTION ( 'NONE',  ( 0.000000000000000000, -0.000000000000000000, -1.000000000000000000 ) ) ;
ENDSEC;
END-ISO-10303-21;
