ISO-10303-21;
HEADER;
FILE_DESCRIPTION (( 'STEP AP203' ),
    '1' );
FILE_NAME ('PlatinaAluminio 2.STEP',
    '2026-08-19T13:18:26',
    ( '' ),
    ( '' ),
    'SwSTEP 2.0',
    'SolidWorks 2026',
    '' );
FILE_SCHEMA (( 'CONFIG_CONTROL_DESIGN' ));
ENDSEC;

DATA;
#1 = ORIENTED_EDGE ( 'NONE', *, *, #876, .T. ) ;
#2 = ORIENTED_EDGE ( 'NONE', *, *, #1631, .F. ) ;
#3 = DIRECTION ( 'NONE',  ( 0.000000000000000000, 0.000000000000000000, 1.000000000000000000 ) ) ;
#4 = APPROVAL_PERSON_ORGANIZATION ( #1079, #723, #26 ) ;
#5 = LINE ( 'NONE', #704, #405 ) ;
#6 = CIRCLE ( 'NONE', #1653, 1.250000000000001110 ) ;
#7 = ADVANCED_FACE ( 'NONE', ( #1388 ), #1529, .F. ) ;
#8 = SECURITY_CLASSIFICATION ( '', '', #972 ) ;
#9 = AXIS2_PLACEMENT_3D ( 'NONE', #1516, #970, #291 ) ;
#10 = ORIENTED_EDGE ( 'NONE', *, *, #1229, .T. ) ;
#11 = CARTESIAN_POINT ( 'NONE',  ( -17.99999999999996803, 8.000000000000007105, 19.50000000000002842 ) ) ;
#12 = ADVANCED_FACE ( 'NONE', ( #1662 ), #409, .F. ) ;
#13 = CIRCLE ( 'NONE', #835, 1.000000000000000888 ) ;
#14 = CIRCLE ( 'NONE', #1658, 1.250000000000007994 ) ;
#15 = VERTEX_POINT ( 'NONE', #820 ) ;
#16 = DIRECTION ( 'NONE',  ( -0.000000000000000000, -1.000000000000000000, -0.000000000000000000 ) ) ;
#17 = ORIENTED_EDGE ( 'NONE', *, *, #470, .F. ) ;
#18 = CARTESIAN_POINT ( 'NONE',  ( -39.00000000000000000, 8.000000000000000000, -66.99999999999997158 ) ) ;
#19 = CYLINDRICAL_SURFACE ( 'NONE', #197, 3.000000000000001332 ) ;
#20 = DIRECTION ( 'NONE',  ( 0.000000000000000000, 0.000000000000000000, -1.000000000000000000 ) ) ;
#21 = LINE ( 'NONE', #1109, #284 ) ;
#22 = DIRECTION ( 'NONE',  ( -0.000000000000000000, 1.000000000000000000, -0.000000000000000000 ) ) ;
#23 = ADVANCED_FACE ( 'NONE', ( #1639 ), #563, .F. ) ;
#24 = ORIENTED_EDGE ( 'NONE', *, *, #974, .F. ) ;
#25 = DIRECTION ( 'NONE',  ( 0.000000000000000000, 0.000000000000000000, 1.000000000000000000 ) ) ;
#26 = APPROVAL_ROLE ( '' ) ;
#27 = ORIENTED_EDGE ( 'NONE', *, *, #1073, .F. ) ;
#28 = CARTESIAN_POINT ( 'NONE',  ( -47.00000000000000000, -10.00000000000000178, 46.99999999999997868 ) ) ;
#29 = CARTESIAN_POINT ( 'NONE',  ( 47.00000000000000000, 0.000000000000000000, -48.49999999999997868 ) ) ;
#30 = CARTESIAN_POINT ( 'NONE',  ( 17.00000000000002132, 8.000000000000007105, 19.50000000000002487 ) ) ;
#31 = ORIENTED_EDGE ( 'NONE', *, *, #442, .F. ) ;
#32 = EDGE_CURVE ( 'NONE', #884, #129, #21, .T. ) ;
#33 = ORIENTED_EDGE ( 'NONE', *, *, #879, .F. ) ;
#34 =( NAMED_UNIT ( * ) PLANE_ANGLE_UNIT ( ) SI_UNIT ( $, .RADIAN. ) );
#35 = CARTESIAN_POINT ( 'NONE',  ( -14.05025253169416288, 0.000000000000000000, -20.20710678118651060 ) ) ;
#36 = CIRCLE ( 'NONE', #1458, 2.000000000000001776 ) ;
#37 = DIRECTION ( 'NONE',  ( -1.000000000000000000, -0.000000000000000000, -0.000000000000000000 ) ) ;
#38 = VECTOR ( 'NONE', #958, 1000.000000000000000 ) ;
#39 = AXIS2_PLACEMENT_3D ( 'NONE', #1081, #1211, #1056 ) ;
#40 = VERTEX_POINT ( 'NONE', #330 ) ;
#41 = ADVANCED_FACE ( 'NONE', ( #616 ), #473, .F. ) ;
#42 = CYLINDRICAL_SURFACE ( 'NONE', #956, 1.000000000000000888 ) ;
#43 = DIRECTION ( 'NONE',  ( 0.000000000000000000, -1.000000000000000000, 0.000000000000000000 ) ) ;
#44 = DIRECTION ( 'NONE',  ( 0.000000000000000000, 1.000000000000000000, 0.000000000000000000 ) ) ;
#45 = ORIENTED_EDGE ( 'NONE', *, *, #267, .T. ) ;
#46 = ORIENTED_EDGE ( 'NONE', *, *, #804, .F. ) ;
#47 = APPLICATION_CONTEXT ( 'configuration controlled 3d designs of mechanical parts and assemblies' ) ;
#48 = DIRECTION ( 'NONE',  ( 0.000000000000000000, 1.000000000000000000, 0.000000000000000000 ) ) ;
#49 = EDGE_CURVE ( 'NONE', #74, #1337, #167, .T. ) ;
#50 = FACE_OUTER_BOUND ( 'NONE', #418, .T. ) ;
#51 = DIRECTION ( 'NONE',  ( 0.000000000000000000, 1.000000000000000000, 0.000000000000000000 ) ) ;
#52 = ORIENTED_EDGE ( 'NONE', *, *, #254, .F. ) ;
#53 = DIRECTION ( 'NONE',  ( 0.000000000000000000, 0.000000000000000000, 1.000000000000000000 ) ) ;
#54 = DIRECTION ( 'NONE',  ( 0.000000000000000000, -1.000000000000000000, 0.000000000000000000 ) ) ;
#55 = EDGE_CURVE ( 'NONE', #752, #814, #1395, .T. ) ;
#56 = FACE_BOUND ( 'NONE', #540, .T. ) ;
#57 = EDGE_CURVE ( 'NONE', #313, #1682, #1675, .T. ) ;
#58 = DIRECTION ( 'NONE',  ( 0.000000000000000000, 0.000000000000000000, 1.000000000000000000 ) ) ;
#59 = CIRCLE ( 'NONE', #229, 1.500000000000001332 ) ;
#60 = EDGE_CURVE ( 'NONE', #1570, #158, #1433, .T. ) ;
#61 = ORIENTED_EDGE ( 'NONE', *, *, #1641, .T. ) ;
#62 = CARTESIAN_POINT ( 'NONE',  ( 47.00000000000000000, 8.000000000000000000, 46.99999999999997868 ) ) ;
#63 = CIRCLE ( 'NONE', #1374, 4.000000000000003553 ) ;
#64 = CIRCLE ( 'NONE', #289, 2.000000000000001776 ) ;
#65 = ORIENTED_EDGE ( 'NONE', *, *, #1642, .T. ) ;
#66 = CARTESIAN_POINT ( 'NONE',  ( -47.00000000000000000, 8.000000000000000000, 46.99999999999997868 ) ) ;
#67 = ORIENTED_EDGE ( 'NONE', *, *, #55, .F. ) ;
#68 = DIRECTION ( 'NONE',  ( 0.000000000000000000, 0.000000000000000000, 1.000000000000000000 ) ) ;
#69 = CARTESIAN_POINT ( 'NONE',  ( 47.00000000000000000, 0.000000000000000000, 46.99999999999997868 ) ) ;
#70 = DIRECTION ( 'NONE',  ( 0.000000000000000000, 0.000000000000000000, 1.000000000000000000 ) ) ;
#71 = EDGE_CURVE ( 'NONE', #518, #1418, #454, .T. ) ;
#72 = ORIENTED_EDGE ( 'NONE', *, *, #826, .F. ) ;
#73 = DIRECTION ( 'NONE',  ( 0.000000000000000000, 1.000000000000000000, 0.000000000000000000 ) ) ;
#74 = VERTEX_POINT ( 'NONE', #1695 ) ;
#75 = DIRECTION ( 'NONE',  ( -1.000000000000000000, 0.000000000000000000, -0.000000000000000000 ) ) ;
#76 = DIRECTION ( 'NONE',  ( 0.000000000000000000, 1.000000000000000000, -0.000000000000000000 ) ) ;
#77 = CARTESIAN_POINT ( 'NONE',  ( -17.99999999999998224, 8.000000000000007105, -15.84314575050757234 ) ) ;
#78 = VERTEX_POINT ( 'NONE', #1132 ) ;
#79 = FACE_BOUND ( 'NONE', #760, .T. ) ;
#80 = ORIENTED_EDGE ( 'NONE', *, *, #32, .T. ) ;
#81 = CARTESIAN_POINT ( 'NONE',  ( -39.00000000000000000, 0.000000000000000000, -66.99999999999997158 ) ) ;
#82 = ADVANCED_FACE ( 'NONE', ( #736 ), #598, .F. ) ;
#83 = VERTEX_POINT ( 'NONE', #456 ) ;
#84 = CARTESIAN_POINT ( 'NONE',  ( -50.99999999999998579, 8.000000000000000000, 81.00000000000002842 ) ) ;
#85 = CARTESIAN_POINT ( 'NONE',  ( 0.5476783723269844639, 0.000000000000000000, -48.68696155942565440 ) ) ;
#86 = ORIENTED_EDGE ( 'NONE', *, *, #1642, .F. ) ;
#87 = FACE_BOUND ( 'NONE', #730, .T. ) ;
#88 = CIRCLE ( 'NONE', #1625, 4.000000000000003553 ) ;
#89 = ORIENTED_EDGE ( 'NONE', *, *, #1584, .T. ) ;
#90 = AXIS2_PLACEMENT_3D ( 'NONE', #1200, #533, #944 ) ;
#91 = AXIS2_PLACEMENT_3D ( 'NONE', #138, #1227, #3 ) ;
#92 = CARTESIAN_POINT ( 'NONE',  ( 38.99999999999997868, 8.000000000000000000, -68.99999999999997158 ) ) ;
#93 = LOCAL_TIME ( 10, 18, 26.00000000000000000, #530 ) ;
#94 = VECTOR ( 'NONE', #457, 1000.000000000000000 ) ;
#95 = ORIENTED_EDGE ( 'NONE', *, *, #1208, .T. ) ;
#96 = DIRECTION ( 'NONE',  ( 0.000000000000000000, 0.000000000000000000, -1.000000000000000000 ) ) ;
#97 = EDGE_CURVE ( 'NONE', #258, #1347, #1537, .T. ) ;
#98 = AXIS2_PLACEMENT_3D ( 'NONE', #178, #1285, #68 ) ;
#99 = DIRECTION ( 'NONE',  ( 0.000000000000000000, 1.000000000000000000, 0.000000000000000000 ) ) ;
#100 = FACE_OUTER_BOUND ( 'NONE', #480, .T. ) ;
#101 = DIRECTION ( 'NONE',  ( 0.000000000000000000, -1.000000000000000000, 0.000000000000000000 ) ) ;
#102 = VERTEX_POINT ( 'NONE', #880 ) ;
#103 = ORIENTED_EDGE ( 'NONE', *, *, #396, .T. ) ;
#104 = CARTESIAN_POINT ( 'NONE',  ( -47.00000000000000000, 8.000000000000000000, -3.000000000000001332 ) ) ;
#105 = DIRECTION ( 'NONE',  ( 0.000000000000000000, 0.000000000000000000, -1.000000000000000000 ) ) ;
#106 = DIRECTION ( 'NONE',  ( -3.926585342962897980E-16, 0.000000000000000000, -1.000000000000000000 ) ) ;
#107 = EDGE_CURVE ( 'NONE', #701, #83, #947, .T. ) ;
#108 = ORIENTED_EDGE ( 'NONE', *, *, #747, .F. ) ;
#109 = CARTESIAN_POINT ( 'NONE',  ( 0.5476783723269845749, 0.000000000000000000, -47.43696155942565440 ) ) ;
#110 = VERTEX_POINT ( 'NONE', #590 ) ;
#111 = DIRECTION ( 'NONE',  ( 0.000000000000000000, 0.000000000000000000, 1.000000000000000000 ) ) ;
#112 = LINE ( 'NONE', #388, #1149 ) ;
#113 = ORIENTED_EDGE ( 'NONE', *, *, #184, .F. ) ;
#114 = LINE ( 'NONE', #1748, #231 ) ;
#115 = ADVANCED_FACE ( 'NONE', ( #1026 ), #1168, .F. ) ;
#116 = CIRCLE ( 'NONE', #340, 3.000000000000001332 ) ;
#117 = ORIENTED_EDGE ( 'NONE', *, *, #672, .F. ) ;
#118 = DIRECTION ( 'NONE',  ( 0.000000000000000000, 1.000000000000000000, 0.000000000000000000 ) ) ;
#119 = CC_DESIGN_SECURITY_CLASSIFICATION ( #8, ( #744 ) ) ;
#120 = AXIS2_PLACEMENT_3D ( 'NONE', #1655, #1663, #426 ) ;
#121 = VECTOR ( 'NONE', #224, 1000.000000000000114 ) ;
#122 = FACE_BOUND ( 'NONE', #491, .T. ) ;
#123 = CYLINDRICAL_SURFACE ( 'NONE', #292, 1.500000000000001332 ) ;
#124 = AXIS2_PLACEMENT_3D ( 'NONE', #1363, #250, #400 ) ;
#125 = CYLINDRICAL_SURFACE ( 'NONE', #1070, 1.250000000000001110 ) ;
#126 = ORIENTED_EDGE ( 'NONE', *, *, #1401, .F. ) ;
#127 = ADVANCED_FACE ( 'NONE', ( #310, #56, #195, #350, #862, #1407, #179, #368, #359, #1731, #237, #122, #1082, #654, #1303, #930 ), #1725, .F. ) ;
#128 = DATE_AND_TIME ( #547, #1540 ) ;
#129 = VERTEX_POINT ( 'NONE', #223 ) ;
#130 = DIRECTION ( 'NONE',  ( -0.000000000000000000, -1.000000000000000000, -0.000000000000000000 ) ) ;
#131 = CARTESIAN_POINT ( 'NONE',  ( -50.99999999999998579, 8.000000000000000000, 81.00000000000002842 ) ) ;
#132 = EDGE_LOOP ( 'NONE', ( #46, #758, #613, #1605 ) ) ;
#133 = PERSON_AND_ORGANIZATION ( #968, #1125 ) ;
#134 = EDGE_CURVE ( 'NONE', #1284, #251, #534, .T. ) ;
#135 = VERTEX_POINT ( 'NONE', #527 ) ;
#136 = LINE ( 'NONE', #702, #438 ) ;
#137 = ADVANCED_FACE ( 'NONE', ( #1202 ), #762, .F. ) ;
#138 = CARTESIAN_POINT ( 'NONE',  ( -16.99999999999996803, 8.000000000000007105, 19.50000000000003553 ) ) ;
#139 = DIRECTION ( 'NONE',  ( 0.000000000000000000, -1.000000000000000000, 0.000000000000000000 ) ) ;
#140 = DIRECTION ( 'NONE',  ( 0.000000000000000000, 0.000000000000000000, 1.000000000000000000 ) ) ;
#141 = ORIENTED_EDGE ( 'NONE', *, *, #1445, .T. ) ;
#142 = AXIS2_PLACEMENT_3D ( 'NONE', #1412, #1702, #1421 ) ;
#143 = DIRECTION ( 'NONE',  ( 0.000000000000000000, 1.000000000000000000, 0.000000000000000000 ) ) ;
#144 = CC_DESIGN_APPROVAL ( #723, ( #8 ) ) ;
#145 = CARTESIAN_POINT ( 'NONE',  ( 47.00000000000000000, 0.000000000000000000, 0.000000000000000000 ) ) ;
#146 = CIRCLE ( 'NONE', #285, 1.500000000000001332 ) ;
#147 = ADVANCED_FACE ( 'NONE', ( #514 ), #1602, .T. ) ;
#148 = VECTOR ( 'NONE', #1069, 1000.000000000000000 ) ;
#149 = ORIENTED_EDGE ( 'NONE', *, *, #1112, .T. ) ;
#150 = CYLINDRICAL_SURFACE ( 'NONE', #200, 2.000000000000001776 ) ;
#151 = AXIS2_PLACEMENT_3D ( 'NONE', #967, #48, #1018 ) ;
#152 = ORIENTED_EDGE ( 'NONE', *, *, #1229, .F. ) ;
#153 = APPROVAL_STATUS ( 'not_yet_approved' ) ;
#154 = ORIENTED_EDGE ( 'NONE', *, *, #757, .T. ) ;
#155 = DIRECTION ( 'NONE',  ( -0.000000000000000000, -1.000000000000000000, -0.000000000000000000 ) ) ;
#156 = DIRECTION ( 'NONE',  ( -0.000000000000000000, 1.000000000000000000, -0.000000000000000000 ) ) ;
#157 = EDGE_CURVE ( 'NONE', #135, #558, #485, .T. ) ;
#158 = VERTEX_POINT ( 'NONE', #790 ) ;
#159 = DIRECTION ( 'NONE',  ( 0.000000000000000000, 0.000000000000000000, 1.000000000000000000 ) ) ;
#160 = EDGE_LOOP ( 'NONE', ( #674, #1446 ) ) ;
#161 = CARTESIAN_POINT ( 'NONE',  ( -39.00000000000000000, 0.000000000000000000, -66.99999999999997158 ) ) ;
#162 = DIRECTION ( 'NONE',  ( -0.000000000000000000, 1.000000000000000000, -0.000000000000000000 ) ) ;
#163 = CARTESIAN_POINT ( 'NONE',  ( -39.00000000000000000, 0.000000000000000000, 74.99999999999998579 ) ) ;
#164 = EDGE_CURVE ( 'NONE', #955, #1609, #1483, .T. ) ;
#165 = ORIENTED_EDGE ( 'NONE', *, *, #177, .T. ) ;
#166 = CARTESIAN_POINT ( 'NONE',  ( 47.00000000000000000, 8.000000000000000000, -46.99999999999997868 ) ) ;
#167 = CIRCLE ( 'NONE', #1565, 4.000000000000003553 ) ;
#168 = AXIS2_PLACEMENT_3D ( 'NONE', #1234, #1002, #1525 ) ;
#169 = CARTESIAN_POINT ( 'NONE',  ( -55.00000000000000000, 8.000000000000000000, -80.99999999999994316 ) ) ;
#170 = DIRECTION ( 'NONE',  ( 0.000000000000000000, 1.000000000000000000, 0.000000000000000000 ) ) ;
#171 = AXIS2_PLACEMENT_3D ( 'NONE', #680, #1334, #1320 ) ;
#172 = AXIS2_PLACEMENT_3D ( 'NONE', #569, #295, #1228 ) ;
#173 = FACE_OUTER_BOUND ( 'NONE', #300, .T. ) ;
#174 = CIRCLE ( 'NONE', #90, 1.250000000000001110 ) ;
#175 = VERTEX_POINT ( 'NONE', #505 ) ;
#176 = ADVANCED_FACE ( 'NONE', ( #638 ), #1057, .F. ) ;
#177 = EDGE_CURVE ( 'NONE', #158, #501, #88, .T. ) ;
#178 = CARTESIAN_POINT ( 'NONE',  ( -39.00000000000000000, -10.00000000000000178, 72.99999999999998579 ) ) ;
#179 = FACE_BOUND ( 'NONE', #1223, .T. ) ;
#180 = DIRECTION ( 'NONE',  ( 0.000000000000000000, 0.000000000000000000, 1.000000000000000000 ) ) ;
#181 = ORIENTED_EDGE ( 'NONE', *, *, #1189, .F. ) ;
#182 = VERTEX_POINT ( 'NONE', #1212 ) ;
#183 = DIRECTION ( 'NONE',  ( 0.000000000000000000, 1.000000000000000000, 0.000000000000000000 ) ) ;
#184 = EDGE_CURVE ( 'NONE', #1256, #40, #1004, .T. ) ;
#185 = DIRECTION ( 'NONE',  ( -0.000000000000000000, -1.000000000000000000, -0.000000000000000000 ) ) ;
#186 = EDGE_CURVE ( 'NONE', #1192, #182, #740, .T. ) ;
#187 = DIRECTION ( 'NONE',  ( -0.7071067811865455743, 0.000000000000000000, 0.7071067811865495711 ) ) ;
#188 = CARTESIAN_POINT ( 'NONE',  ( 47.00000000000000000, 0.000000000000000000, -3.000000000000001332 ) ) ;
#189 = VERTEX_POINT ( 'NONE', #1325 ) ;
#190 = FACE_BOUND ( 'NONE', #494, .T. ) ;
#191 = VERTEX_POINT ( 'NONE', #911 ) ;
#192 = CARTESIAN_POINT ( 'NONE',  ( 39.00000000000000000, 0.000000000000000000, 74.99999999999998579 ) ) ;
#193 = ORIENTED_EDGE ( 'NONE', *, *, #1165, .T. ) ;
#194 = DIRECTION ( 'NONE',  ( 0.000000000000000000, -1.000000000000000000, 0.000000000000000000 ) ) ;
#195 = FACE_BOUND ( 'NONE', #160, .T. ) ;
#196 = DIRECTION ( 'NONE',  ( -0.000000000000000000, 1.000000000000000000, -0.000000000000000000 ) ) ;
#197 = AXIS2_PLACEMENT_3D ( 'NONE', #957, #966, #53 ) ;
#198 = AXIS2_PLACEMENT_3D ( 'NONE', #519, #1198, #658 ) ;
#199 = LINE ( 'NONE', #749, #690 ) ;
#200 = AXIS2_PLACEMENT_3D ( 'NONE', #1232, #22, #159 ) ;
#201 = AXIS2_PLACEMENT_3D ( 'NONE', #1747, #1739, #1339 ) ;
#202 = ORIENTED_EDGE ( 'NONE', *, *, #316, .F. ) ;
#203 = CARTESIAN_POINT ( 'NONE',  ( 47.00000000000000000, 8.000000000000000000, -3.000000000000001332 ) ) ;
#204 = VECTOR ( 'NONE', #385, 1000.000000000000000 ) ;
#205 = ORIENTED_EDGE ( 'NONE', *, *, #1324, .T. ) ;
#206 = FACE_OUTER_BOUND ( 'NONE', #276, .T. ) ;
#207 = CARTESIAN_POINT ( 'NONE',  ( 39.00000000000000000, -10.00000000000000178, 74.99999999999998579 ) ) ;
#208 = ADVANCED_FACE ( 'NONE', ( #647 ), #319, .F. ) ;
#209 = ADVANCED_FACE ( 'NONE', ( #1005 ), #685, .F. ) ;
#210 = EDGE_LOOP ( 'NONE', ( #1218, #1416, #1385, #1440 ) ) ;
#211 = DIRECTION ( 'NONE',  ( 0.000000000000000000, 1.000000000000000000, -0.000000000000000000 ) ) ;
#212 = ORIENTED_EDGE ( 'NONE', *, *, #60, .T. ) ;
#213 = DIRECTION ( 'NONE',  ( 0.000000000000000000, 0.000000000000000000, 1.000000000000000000 ) ) ;
#214 = ORIENTED_EDGE ( 'NONE', *, *, #1367, .T. ) ;
#215 = CARTESIAN_POINT ( 'NONE',  ( -47.00000000000000000, 8.000000000000000000, 45.49999999999997868 ) ) ;
#216 = FACE_OUTER_BOUND ( 'NONE', #132, .T. ) ;
#217 = CARTESIAN_POINT ( 'NONE',  ( -47.00000000000000000, 0.000000000000000000, 46.99999999999997868 ) ) ;
#218 = ORIENTED_EDGE ( 'NONE', *, *, #1390, .F. ) ;
#219 = DIRECTION ( 'NONE',  ( 3.926585342962897980E-16, 0.000000000000000000, 1.000000000000000000 ) ) ;
#220 = ADVANCED_FACE ( 'NONE', ( #703 ), #1107, .F. ) ;
#221 = ORIENTED_EDGE ( 'NONE', *, *, #1528, .T. ) ;
#222 = DIRECTION ( 'NONE',  ( -0.000000000000000000, 1.000000000000000000, -0.000000000000000000 ) ) ;
#223 = CARTESIAN_POINT ( 'NONE',  ( 47.00000000000000000, 8.000000000000000000, 48.49999999999997868 ) ) ;
#224 = DIRECTION ( 'NONE',  ( 0.7071067811865455743, 0.000000000000000000, -0.7071067811865495711 ) ) ;
#225 = VERTEX_POINT ( 'NONE', #945 ) ;
#226 = CARTESIAN_POINT ( 'NONE',  ( 47.00000000000000000, -10.00000000000000178, 45.49999999999997868 ) ) ;
#227 = AXIS2_PLACEMENT_3D ( 'NONE', #959, #274, #556 ) ;
#228 = ORIENTED_EDGE ( 'NONE', *, *, #1250, .T. ) ;
#229 = AXIS2_PLACEMENT_3D ( 'NONE', #217, #1415, #594 ) ;
#230 = DIRECTION ( 'NONE',  ( 0.000000000000000000, 1.000000000000000000, 0.000000000000000000 ) ) ;
#231 = VECTOR ( 'NONE', #1490, 1000.000000000000000 ) ;
#232 = EDGE_CURVE ( 'NONE', #78, #1418, #975, .T. ) ;
#233 = ADVANCED_FACE ( 'NONE', ( #1637 ), #19, .F. ) ;
#234 = EDGE_LOOP ( 'NONE', ( #683, #1364 ) ) ;
#235 = DIRECTION ( 'NONE',  ( 0.000000000000000000, 0.000000000000000000, 1.000000000000000000 ) ) ;
#236 = CIRCLE ( 'NONE', #951, 1.000000000000000888 ) ;
#237 = FACE_BOUND ( 'NONE', #1499, .T. ) ;
#238 = DIRECTION ( 'NONE',  ( 0.000000000000000000, 0.000000000000000000, 1.000000000000000000 ) ) ;
#239 = ORIENTED_EDGE ( 'NONE', *, *, #842, .F. ) ;
#240 = DIRECTION ( 'NONE',  ( -0.000000000000000000, -1.000000000000000000, -0.000000000000000000 ) ) ;
#241 = ORIENTED_EDGE ( 'NONE', *, *, #449, .F. ) ;
#242 = EDGE_LOOP ( 'NONE', ( #1510, #962 ) ) ;
#243 = DIRECTION ( 'NONE',  ( 0.000000000000000000, -1.000000000000000000, 0.000000000000000000 ) ) ;
#244 = DIRECTION ( 'NONE',  ( 0.000000000000000000, 1.000000000000000000, 0.000000000000000000 ) ) ;
#245 = LINE ( 'NONE', #648, #1287 ) ;
#246 = EDGE_CURVE ( 'NONE', #189, #1022, #979, .T. ) ;
#247 = ORIENTED_EDGE ( 'NONE', *, *, #1716, .F. ) ;
#248 = CYLINDRICAL_SURFACE ( 'NONE', #522, 4.000000000000003553 ) ;
#249 = ORIENTED_EDGE ( 'NONE', *, *, #1586, .F. ) ;
#250 = DIRECTION ( 'NONE',  ( 0.000000000000000000, 0.000000000000000000, 1.000000000000000000 ) ) ;
#251 = VERTEX_POINT ( 'NONE', #695 ) ;
#252 = CARTESIAN_POINT ( 'NONE',  ( 0.5476783723272899973, 0.000000000000000000, 39.43696155942581782 ) ) ;
#253 = CARTESIAN_POINT ( 'NONE',  ( 0.5476783723269844639, 8.000000000000000000, -48.68696155942565440 ) ) ;
#254 = EDGE_CURVE ( 'NONE', #1266, #1184, #430, .T. ) ;
#255 = PLANE ( 'NONE',  #1036 ) ;
#256 = APPROVAL_ROLE ( '' ) ;
#257 = AXIS2_PLACEMENT_3D ( 'NONE', #1453, #1439, #25 ) ;
#258 = VERTEX_POINT ( 'NONE', #1245 ) ;
#259 = PLANE ( 'NONE',  #401 ) ;
#260 = VECTOR ( 'NONE', #484, 1000.000000000000000 ) ;
#261 = AXIS2_PLACEMENT_3D ( 'NONE', #639, #1583, #791 ) ;
#262 = DIRECTION ( 'NONE',  ( 0.000000000000000000, 0.000000000000000000, 1.000000000000000000 ) ) ;
#263 = CARTESIAN_POINT ( 'NONE',  ( 47.00000000000000000, -10.00000000000000178, 46.99999999999997868 ) ) ;
#264 = VECTOR ( 'NONE', #1386, 1000.000000000000000 ) ;
#265 = ORIENTED_EDGE ( 'NONE', *, *, #1575, .T. ) ;
#266 = LINE ( 'NONE', #942, #1096 ) ;
#267 = EDGE_CURVE ( 'NONE', #1526, #313, #656, .T. ) ;
#268 = ORIENTED_EDGE ( 'NONE', *, *, #186, .T. ) ;
#269 = APPROVAL_STATUS ( 'not_yet_approved' ) ;
#270 = ORIENTED_EDGE ( 'NONE', *, *, #1716, .T. ) ;
#271 = DIRECTION ( 'NONE',  ( -1.000000000000000000, 0.000000000000000000, 1.713307136767217343E-16 ) ) ;
#272 = CARTESIAN_POINT ( 'NONE',  ( 0.5476783723272901083, 0.000000000000000000, 41.93696155942581782 ) ) ;
#273 = DIRECTION ( 'NONE',  ( 0.000000000000000000, 0.000000000000000000, 1.000000000000000000 ) ) ;
#274 = DIRECTION ( 'NONE',  ( -0.000000000000000000, 1.000000000000000000, -0.000000000000000000 ) ) ;
#275 = DIRECTION ( 'NONE',  ( 0.000000000000000000, 0.000000000000000000, 1.000000000000000000 ) ) ;
#276 = EDGE_LOOP ( 'NONE', ( #1242, #1580, #887, #1425 ) ) ;
#277 = ORIENTED_EDGE ( 'NONE', *, *, #592, .T. ) ;
#278 = LINE ( 'NONE', #1144, #628 ) ;
#279 = CARTESIAN_POINT ( 'NONE',  ( 17.00000000000001421, 8.000000000000007105, 20.50000000000002487 ) ) ;
#280 = ORIENTED_EDGE ( 'NONE', *, *, #32, .F. ) ;
#281 = CARTESIAN_POINT ( 'NONE',  ( -17.99999999999996803, 0.000000000000000000, 19.50000000000002842 ) ) ;
#282 = PERSON_AND_ORGANIZATION_ROLE ( 'design_owner' ) ;
#283 = ORIENTED_EDGE ( 'NONE', *, *, #320, .F. ) ;
#284 = VECTOR ( 'NONE', #1549, 1000.000000000000000 ) ;
#285 = AXIS2_PLACEMENT_3D ( 'NONE', #66, #875, #604 ) ;
#286 = ADVANCED_FACE ( 'NONE', ( #1754 ), #1379, .F. ) ;
#287 = CARTESIAN_POINT ( 'NONE',  ( 38.99999999999997868, 0.000000000000000000, -66.99999999999997158 ) ) ;
#288 = DIRECTION ( 'NONE',  ( 0.000000000000000000, 0.000000000000000000, -1.000000000000000000 ) ) ;
#289 = AXIS2_PLACEMENT_3D ( 'NONE', #830, #170, #275 ) ;
#290 = CIRCLE ( 'NONE', #1604, 1.250000000000001110 ) ;
#291 = DIRECTION ( 'NONE',  ( 0.000000000000000000, 0.000000000000000000, 1.000000000000000000 ) ) ;
#292 = AXIS2_PLACEMENT_3D ( 'NONE', #263, #1213, #528 ) ;
#293 = ORIENTED_EDGE ( 'NONE', *, *, #600, .T. ) ;
#294 = ORIENTED_EDGE ( 'NONE', *, *, #49, .F. ) ;
#295 = DIRECTION ( 'NONE',  ( -0.000000000000000000, -1.000000000000000000, -0.000000000000000000 ) ) ;
#296 = EDGE_LOOP ( 'NONE', ( #425, #24, #1450, #141 ) ) ;
#297 = DIRECTION ( 'NONE',  ( 0.000000000000000000, 1.000000000000000000, -0.000000000000000000 ) ) ;
#298 = EDGE_CURVE ( 'NONE', #1114, #403, #116, .T. ) ;
#299 = ORIENTED_EDGE ( 'NONE', *, *, #675, .F. ) ;
#300 = EDGE_LOOP ( 'NONE', ( #412, #1166, #103, #283 ) ) ;
#301 = CARTESIAN_POINT ( 'NONE',  ( 55.00000000000000711, 8.000000000000000000, -80.99999999999994316 ) ) ;
#302 = EDGE_LOOP ( 'NONE', ( #1307, #1342, #1392, #898 ) ) ;
#303 = CARTESIAN_POINT ( 'NONE',  ( 0.5476783723269844639, 8.000000000000000000, -48.68696155942565440 ) ) ;
#304 = EDGE_CURVE ( 'NONE', #15, #1531, #278, .T. ) ;
#305 = EDGE_LOOP ( 'NONE', ( #1665, #443, #277, #983 ) ) ;
#306 = DIRECTION ( 'NONE',  ( -0.000000000000000000, -1.000000000000000000, -0.000000000000000000 ) ) ;
#307 = AXIS2_PLACEMENT_3D ( 'NONE', #1360, #969, #829 ) ;
#308 = AXIS2_PLACEMENT_3D ( 'NONE', #1007, #1548, #453 ) ;
#309 = AXIS2_PLACEMENT_3D ( 'NONE', #873, #211, #1444 ) ;
#310 = FACE_BOUND ( 'NONE', #872, .T. ) ;
#311 = DIRECTION ( 'NONE',  ( 0.000000000000000000, 0.000000000000000000, 1.000000000000000000 ) ) ;
#312 = VECTOR ( 'NONE', #1248, 1000.000000000000000 ) ;
#313 = VERTEX_POINT ( 'NONE', #414 ) ;
#314 = CIRCLE ( 'NONE', #1462, 1.250000000000001110 ) ;
#315 = CC_DESIGN_PERSON_AND_ORGANIZATION_ASSIGNMENT ( #133, #1635, ( #744 ) ) ;
#316 = EDGE_CURVE ( 'NONE', #40, #487, #1272, .T. ) ;
#317 = CIRCLE ( 'NONE', #1485, 2.000000000000001776 ) ;
#318 = ORIENTED_EDGE ( 'NONE', *, *, #894, .F. ) ;
#319 = CYLINDRICAL_SURFACE ( 'NONE', #372, 1.250000000000001110 ) ;
#320 = EDGE_CURVE ( 'NONE', #1383, #518, #541, .T. ) ;
#321 = CARTESIAN_POINT ( 'NONE',  ( -17.99999999999996803, 8.000000000000007105, 19.50000000000002842 ) ) ;
#322 = DIRECTION ( 'NONE',  ( 0.000000000000000000, 0.000000000000000000, -1.000000000000000000 ) ) ;
#323 = DIRECTION ( 'NONE',  ( -0.000000000000000000, -1.000000000000000000, -0.000000000000000000 ) ) ;
#324 = CARTESIAN_POINT ( 'NONE',  ( 0.5476783723269844639, 11.53553390593275729, -49.93696155942565440 ) ) ;
#325 = VERTEX_POINT ( 'NONE', #272 ) ;
#326 = CARTESIAN_POINT ( 'NONE',  ( 51.00000000000000711, 8.000000000000000000, -80.99999999999997158 ) ) ;
#327 = EDGE_CURVE ( 'NONE', #934, #1480, #1145, .T. ) ;
#328 = ORIENTED_EDGE ( 'NONE', *, *, #927, .F. ) ;
#329 = CARTESIAN_POINT ( 'NONE',  ( -39.00000000000000000, 8.000000000000000000, -66.99999999999997158 ) ) ;
#330 = CARTESIAN_POINT ( 'NONE',  ( 50.99999999999997868, 8.000000000000000000, -84.99999999999997158 ) ) ;
#331 = LINE ( 'NONE', #863, #1181 ) ;
#332 = ORIENTED_EDGE ( 'NONE', *, *, #57, .T. ) ;
#333 = CARTESIAN_POINT ( 'NONE',  ( -16.99999999999997868, 0.000000000000000000, -15.84314575050757590 ) ) ;
#334 = ORIENTED_EDGE ( 'NONE', *, *, #134, .F. ) ;
#335 = EDGE_LOOP ( 'NONE', ( #546, #344, #1438, #1105 ) ) ;
#336 = CARTESIAN_POINT ( 'NONE',  ( 0.5476783723269844639, 0.000000000000000000, -49.93696155942565440 ) ) ;
#337 = EDGE_CURVE ( 'NONE', #926, #1570, #659, .T. ) ;
#338 = DIRECTION ( 'NONE',  ( 0.000000000000000000, 0.000000000000000000, -1.000000000000000000 ) ) ;
#339 = VECTOR ( 'NONE', #1288, 1000.000000000000000 ) ;
#340 = AXIS2_PLACEMENT_3D ( 'NONE', #1513, #183, #818 ) ;
#341 = ORIENTED_EDGE ( 'NONE', *, *, #641, .F. ) ;
#342 = DIRECTION ( 'NONE',  ( 1.000000000000000000, 0.000000000000000000, 0.000000000000000000 ) ) ;
#343 = CIRCLE ( 'NONE', #1633, 1.500000000000001332 ) ;
#344 = ORIENTED_EDGE ( 'NONE', *, *, #97, .F. ) ;
#345 = CARTESIAN_POINT ( 'NONE',  ( 55.00000000000000000, 8.000000000000000000, -80.99999999999994316 ) ) ;
#346 = CIRCLE ( 'NONE', #1740, 1.250000000000007994 ) ;
#347 = ORIENTED_EDGE ( 'NONE', *, *, #697, .F. ) ;
#348 = DIRECTION ( 'NONE',  ( 1.284980352575412946E-16, 0.000000000000000000, 1.000000000000000000 ) ) ;
#349 = CC_DESIGN_PERSON_AND_ORGANIZATION_ASSIGNMENT ( #832, #539, ( #8 ) ) ;
#350 = FACE_BOUND ( 'NONE', #1199, .T. ) ;
#351 = DIRECTION ( 'NONE',  ( 0.000000000000000000, 0.000000000000000000, -1.000000000000000000 ) ) ;
#352 = EDGE_CURVE ( 'NONE', #558, #135, #1314, .T. ) ;
#353 = ORIENTED_EDGE ( 'NONE', *, *, #337, .T. ) ;
#354 = DIRECTION ( 'NONE',  ( -0.000000000000000000, 1.000000000000000000, -0.000000000000000000 ) ) ;
#355 = ORIENTED_EDGE ( 'NONE', *, *, #298, .F. ) ;
#356 = DIRECTION ( 'NONE',  ( 0.000000000000000000, 1.000000000000000000, -0.000000000000000000 ) ) ;
#357 = ORIENTED_EDGE ( 'NONE', *, *, #948, .F. ) ;
#358 = DIRECTION ( 'NONE',  ( 0.000000000000000000, 0.000000000000000000, 1.000000000000000000 ) ) ;
#359 = FACE_BOUND ( 'NONE', #877, .T. ) ;
#360 = FACE_OUTER_BOUND ( 'NONE', #1551, .T. ) ;
#361 = EDGE_LOOP ( 'NONE', ( #2, #741, #1171, #839 ) ) ;
#362 = FACE_BOUND ( 'NONE', #463, .T. ) ;
#363 = ADVANCED_FACE ( 'NONE', ( #759 ), #462, .F. ) ;
#364 = VERTEX_POINT ( 'NONE', #92 ) ;
#365 = CARTESIAN_POINT ( 'NONE',  ( 55.00000000000000000, 0.000000000000000000, -80.99999999999994316 ) ) ;
#366 = ORIENTED_EDGE ( 'NONE', *, *, #894, .T. ) ;
#367 = CARTESIAN_POINT ( 'NONE',  ( 17.00000000000000000, 8.000000000000007105, -20.49999999999996803 ) ) ;
#368 = FACE_BOUND ( 'NONE', #1456, .T. ) ;
#369 = CARTESIAN_POINT ( 'NONE',  ( 47.00000000000000000, -10.00000000000000178, -46.99999999999997868 ) ) ;
#370 = EDGE_LOOP ( 'NONE', ( #294, #126, #840, #993, #1276, #1751, #679, #1214 ) ) ;
#371 = FACE_OUTER_BOUND ( 'NONE', #302, .T. ) ;
#372 = AXIS2_PLACEMENT_3D ( 'NONE', #1484, #155, #561 ) ;
#373 = EDGE_LOOP ( 'NONE', ( #1322, #1352, #705, #1357, #812, #1053, #1012, #1015, #922, #1279 ) ) ;
#374 = AXIS2_PLACEMENT_3D ( 'NONE', #899, #230, #213 ) ;
#375 = EDGE_CURVE ( 'NONE', #996, #990, #6, .T. ) ;
#376 = ADVANCED_FACE ( 'NONE', ( #1281 ), #1710, .T. ) ;
#377 = AXIS2_PLACEMENT_3D ( 'NONE', #448, #1507, #1530 ) ;
#378 = ORIENTED_EDGE ( 'NONE', *, *, #449, .T. ) ;
#379 = CARTESIAN_POINT ( 'NONE',  ( 0.5476783723272828919, 8.000000000000000000, 48.68696155942581782 ) ) ;
#380 = DIRECTION ( 'NONE',  ( 0.000000000000000000, 0.000000000000000000, 1.000000000000000000 ) ) ;
#381 = DIRECTION ( 'NONE',  ( 0.000000000000000000, 1.000000000000000000, 0.000000000000000000 ) ) ;
#382 = EDGE_LOOP ( 'NONE', ( #1615, #1330, #788, #1156 ) ) ;
#383 = LINE ( 'NONE', #1621, #148 ) ;
#384 = ORIENTED_EDGE ( 'NONE', *, *, #1290, .T. ) ;
#385 = DIRECTION ( 'NONE',  ( -0.000000000000000000, -1.000000000000000000, -0.000000000000000000 ) ) ;
#386 = EDGE_CURVE ( 'NONE', #1589, #1114, #634, .T. ) ;
#387 = DIRECTION ( 'NONE',  ( 0.000000000000000000, 0.000000000000000000, 1.000000000000000000 ) ) ;
#388 = CARTESIAN_POINT ( 'NONE',  ( -17.99999999999996803, 0.000000000000000000, 19.50000000000002842 ) ) ;
#389 = DESIGN_CONTEXT ( 'detailed design', #47, 'design' ) ;
#390 = CARTESIAN_POINT ( 'NONE',  ( 51.00000000000002842, 8.000000000000000000, 81.00000000000002842 ) ) ;
#391 = ORIENTED_EDGE ( 'NONE', *, *, #1692, .F. ) ;
#392 = ORIENTED_EDGE ( 'NONE', *, *, #1208, .F. ) ;
#393 = CARTESIAN_POINT ( 'NONE',  ( 39.00000000000000000, 8.000000000000000000, 72.99999999999998579 ) ) ;
#394 = DIRECTION ( 'NONE',  ( 0.000000000000000000, 0.000000000000000000, 1.000000000000000000 ) ) ;
#395 = CARTESIAN_POINT ( 'NONE',  ( 47.00000000000000000, 8.000000000000000000, 3.000000000000001332 ) ) ;
#396 = EDGE_CURVE ( 'NONE', #1418, #518, #146, .T. ) ;
#397 = ORIENTED_EDGE ( 'NONE', *, *, #1401, .T. ) ;
#398 = FACE_OUTER_BOUND ( 'NONE', #965, .T. ) ;
#399 = AXIS2_PLACEMENT_3D ( 'NONE', #1591, #938, #797 ) ;
#400 = DIRECTION ( 'NONE',  ( 1.000000000000000000, 0.000000000000000000, 0.000000000000000000 ) ) ;
#401 = AXIS2_PLACEMENT_3D ( 'NONE', #710, #271, #1219 ) ;
#402 = VECTOR ( 'NONE', #1023, 1000.000000000000000 ) ;
#403 = VERTEX_POINT ( 'NONE', #203 ) ;
#404 = AXIS2_PLACEMENT_3D ( 'NONE', #763, #1038, #338 ) ;
#405 = VECTOR ( 'NONE', #848, 1000.000000000000000 ) ;
#406 = CARTESIAN_POINT ( 'NONE',  ( -47.00000000000000000, -10.00000000000000178, 48.49999999999997868 ) ) ;
#407 = CARTESIAN_POINT ( 'NONE',  ( -47.00000000000000000, 0.000000000000000000, 3.000000000000001332 ) ) ;
#408 = CC_DESIGN_PERSON_AND_ORGANIZATION_ASSIGNMENT ( #816, #282, ( #1520 ) ) ;
#409 = CYLINDRICAL_SURFACE ( 'NONE', #227, 1.500000000000001332 ) ;
#410 = DIRECTION ( 'NONE',  ( -0.000000000000000000, -1.000000000000000000, -0.000000000000000000 ) ) ;
#411 = EDGE_CURVE ( 'NONE', #1589, #932, #575, .T. ) ;
#412 = ORIENTED_EDGE ( 'NONE', *, *, #600, .F. ) ;
#413 = DIRECTION ( 'NONE',  ( 0.000000000000000000, 0.000000000000000000, 1.000000000000000000 ) ) ;
#414 = CARTESIAN_POINT ( 'NONE',  ( 18.00000000000001066, 0.000000000000000000, -19.49999999999996092 ) ) ;
#415 = CARTESIAN_POINT ( 'NONE',  ( 38.99999999999997868, 8.000000000000000000, -64.99999999999997158 ) ) ;
#416 = ORIENTED_EDGE ( 'NONE', *, *, #1467, .T. ) ;
#417 = FACE_OUTER_BOUND ( 'NONE', #645, .T. ) ;
#418 = EDGE_LOOP ( 'NONE', ( #808, #205, #154, #328 ) ) ;
#419 = EDGE_CURVE ( 'NONE', #102, #847, #1340, .T. ) ;
#420 = EDGE_CURVE ( 'NONE', #182, #1328, #478, .T. ) ;
#421 = DATE_AND_TIME ( #1643, #890 ) ;
#422 = EDGE_LOOP ( 'NONE', ( #181, #623 ) ) ;
#423 = DIRECTION ( 'NONE',  ( 0.000000000000000000, 0.000000000000000000, 1.000000000000000000 ) ) ;
#424 = CARTESIAN_POINT ( 'NONE',  ( -39.00000000000000000, 0.000000000000000000, 72.99999999999998579 ) ) ;
#425 = ORIENTED_EDGE ( 'NONE', *, *, #49, .T. ) ;
#426 = DIRECTION ( 'NONE',  ( 0.000000000000000000, 0.000000000000000000, 1.000000000000000000 ) ) ;
#427 = VERTEX_POINT ( 'NONE', #192 ) ;
#428 = APPROVAL_ROLE ( '' ) ;
#429 = ORIENTED_EDGE ( 'NONE', *, *, #246, .T. ) ;
#430 = CIRCLE ( 'NONE', #1424, 2.000000000000001776 ) ;
#431 = DIRECTION ( 'NONE',  ( 0.000000000000000000, 0.000000000000000000, -1.000000000000000000 ) ) ;
#432 = EDGE_CURVE ( 'NONE', #1284, #934, #492, .T. ) ;
#433 = DIRECTION ( 'NONE',  ( 0.000000000000000000, -1.000000000000000000, 0.000000000000000000 ) ) ;
#434 = AXIS2_PLACEMENT_3D ( 'NONE', #617, #1027, #180 ) ;
#435 = CIRCLE ( 'NONE', #1071, 3.000000000000001332 ) ;
#436 = ORIENTED_EDGE ( 'NONE', *, *, #1410, .F. ) ;
#437 = CARTESIAN_POINT ( 'NONE',  ( -39.00000000000000000, 8.000000000000000000, 72.99999999999998579 ) ) ;
#438 = VECTOR ( 'NONE', #1226, 1000.000000000000000 ) ;
#439 = ORIENTED_EDGE ( 'NONE', *, *, #246, .F. ) ;
#440 =( NAMED_UNIT ( * ) SI_UNIT ( $, .STERADIAN. ) SOLID_ANGLE_UNIT ( ) );
#441 = LINE ( 'NONE', #1638, #1491 ) ;
#442 = EDGE_CURVE ( 'NONE', #135, #1154, #1568, .T. ) ;
#443 = ORIENTED_EDGE ( 'NONE', *, *, #927, .T. ) ;
#444 = DIRECTION ( 'NONE',  ( 0.000000000000000000, 0.000000000000000000, 1.000000000000000000 ) ) ;
#445 = EDGE_LOOP ( 'NONE', ( #1068, #1142 ) ) ;
#446 = DIRECTION ( 'NONE',  ( -0.000000000000000000, 1.000000000000000000, -0.000000000000000000 ) ) ;
#447 = EDGE_CURVE ( 'NONE', #1554, #1682, #908, .T. ) ;
#448 = CARTESIAN_POINT ( 'NONE',  ( 0.5476783723269844639, 0.000000000000000000, -48.68696155942565440 ) ) ;
#449 = EDGE_CURVE ( 'NONE', #1723, #1256, #1044, .T. ) ;
#450 = CYLINDRICAL_SURFACE ( 'NONE', #168, 1.500000000000001332 ) ;
#451 = ORIENTED_EDGE ( 'NONE', *, *, #1435, .T. ) ;
#452 = DIRECTION ( 'NONE',  ( -0.000000000000000000, -1.000000000000000000, -0.000000000000000000 ) ) ;
#453 = DIRECTION ( 'NONE',  ( 0.000000000000000000, 0.000000000000000000, 1.000000000000000000 ) ) ;
#454 = CIRCLE ( 'NONE', #1706, 1.500000000000001332 ) ;
#455 = AXIS2_PLACEMENT_3D ( 'NONE', #1016, #778, #502 ) ;
#456 = CARTESIAN_POINT ( 'NONE',  ( 0.5476783723270403081, 0.000000000000000000, -39.43696155942564729 ) ) ;
#457 = DIRECTION ( 'NONE',  ( -0.000000000000000000, 1.000000000000000000, -0.000000000000000000 ) ) ;
#458 = CIRCLE ( 'NONE', #9, 3.000000000000001332 ) ;
#459 = EDGE_CURVE ( 'NONE', #884, #1186, #952, .T. ) ;
#460 = CIRCLE ( 'NONE', #1493, 2.000000000000001776 ) ;
#461 = ORIENTED_EDGE ( 'NONE', *, *, #1014, .F. ) ;
#462 = PLANE ( 'NONE',  #1487 ) ;
#463 = EDGE_LOOP ( 'NONE', ( #247, #1481 ) ) ;
#464 = DIRECTION ( 'NONE',  ( -0.000000000000000000, 1.000000000000000000, -0.000000000000000000 ) ) ;
#465 = CARTESIAN_POINT ( 'NONE',  ( 17.00000000000000711, 125.0695467072830382, -19.49999999999996803 ) ) ;
#466 = CARTESIAN_POINT ( 'NONE',  ( 18.00000000000001066, 8.000000000000007105, -19.49999999999996092 ) ) ;
#467 = ORIENTED_EDGE ( 'NONE', *, *, #1136, .T. ) ;
#468 = CARTESIAN_POINT ( 'NONE',  ( 55.00000000000000711, 8.000000000000000000, -80.99999999999994316 ) ) ;
#469 = CARTESIAN_POINT ( 'NONE',  ( 18.00000000000002132, 125.0695467072830382, 19.50000000000001776 ) ) ;
#470 = EDGE_CURVE ( 'NONE', #1022, #189, #36, .T. ) ;
#471 = ORIENTED_EDGE ( 'NONE', *, *, #1090, .F. ) ;
#472 = LINE ( 'NONE', #1701, #1375 ) ;
#473 = CYLINDRICAL_SURFACE ( 'NONE', #1230, 1.000000000000000888 ) ;
#474 = LINE ( 'NONE', #1550, #260 ) ;
#475 = ORIENTED_EDGE ( 'NONE', *, *, #1512, .T. ) ;
#476 = DIRECTION ( 'NONE',  ( 0.000000000000000000, -1.000000000000000000, 0.000000000000000000 ) ) ;
#477 = ORIENTED_EDGE ( 'NONE', *, *, #1631, .T. ) ;
#478 = LINE ( 'NONE', #365, #520 ) ;
#479 = ADVANCED_FACE ( 'NONE', ( #916 ), #739, .F. ) ;
#480 = EDGE_LOOP ( 'NONE', ( #644, #475, #1174, #461 ) ) ;
#481 = CARTESIAN_POINT ( 'NONE',  ( 39.00000000000000000, -10.00000000000000178, 70.99999999999998579 ) ) ;
#482 = EDGE_CURVE ( 'NONE', #427, #516, #1257, .T. ) ;
#483 = DIRECTION ( 'NONE',  ( 1.000000000000000000, 0.000000000000000000, -3.558407130208837215E-16 ) ) ;
#484 = DIRECTION ( 'NONE',  ( 0.000000000000000000, -1.000000000000000000, 0.000000000000000000 ) ) ;
#485 = CIRCLE ( 'NONE', #1278, 1.500000000000001332 ) ;
#486 = AXIS2_PLACEMENT_3D ( 'NONE', #1368, #143, #1172 ) ;
#487 = VERTEX_POINT ( 'NONE', #989 ) ;
#488 = DIRECTION ( 'NONE',  ( -0.000000000000000000, -1.000000000000000000, -0.000000000000000000 ) ) ;
#489 = CIRCLE ( 'NONE', #662, 1.000000000000000888 ) ;
#490 = VECTOR ( 'NONE', #554, 1000.000000000000000 ) ;
#491 = EDGE_LOOP ( 'NONE', ( #1622, #691 ) ) ;
#492 = LINE ( 'NONE', #1185, #1567 ) ;
#493 = VECTOR ( 'NONE', #1714, 1000.000000000000000 ) ;
#494 = EDGE_LOOP ( 'NONE', ( #588, #392 ) ) ;
#495 = CARTESIAN_POINT ( 'NONE',  ( 0.5476783723272899973, 0.000000000000000000, 40.68696155942581782 ) ) ;
#496 = CARTESIAN_POINT ( 'NONE',  ( 51.00000000000002842, 0.000000000000000000, 81.00000000000002842 ) ) ;
#497 = DIRECTION ( 'NONE',  ( -0.000000000000000000, -1.000000000000000000, -0.000000000000000000 ) ) ;
#498 = ADVANCED_FACE ( 'NONE', ( #173 ), #450, .F. ) ;
#499 = ORIENTED_EDGE ( 'NONE', *, *, #684, .F. ) ;
#500 = DIRECTION ( 'NONE',  ( 0.000000000000000000, 0.000000000000000000, 1.000000000000000000 ) ) ;
#501 = VERTEX_POINT ( 'NONE', #1539 ) ;
#502 = DIRECTION ( 'NONE',  ( 0.000000000000000000, 0.000000000000000000, 1.000000000000000000 ) ) ;
#503 = ORIENTED_EDGE ( 'NONE', *, *, #804, .T. ) ;
#504 = LINE ( 'NONE', #929, #204 ) ;
#505 = CARTESIAN_POINT ( 'NONE',  ( 0.5476783723272828919, 8.000000000000000000, 49.93696155942581782 ) ) ;
#506 = CARTESIAN_POINT ( 'NONE',  ( -39.00000000000000000, -10.00000000000000178, 72.99999999999998579 ) ) ;
#507 = EDGE_CURVE ( 'NONE', #1122, #15, #1372, .T. ) ;
#508 = VERTEX_POINT ( 'NONE', #906 ) ;
#509 = CARTESIAN_POINT ( 'NONE',  ( -55.00000000000000000, 8.000000000000000000, -80.99999999999994316 ) ) ;
#510 = EDGE_CURVE ( 'NONE', #189, #618, #738, .T. ) ;
#511 = ORIENTED_EDGE ( 'NONE', *, *, #57, .F. ) ;
#512 = ORIENTED_EDGE ( 'NONE', *, *, #157, .T. ) ;
#513 = DIRECTION ( 'NONE',  ( -0.000000000000000000, 1.000000000000000000, -0.000000000000000000 ) ) ;
#514 = FACE_OUTER_BOUND ( 'NONE', #785, .T. ) ;
#515 = DIRECTION ( 'NONE',  ( 0.000000000000000000, 1.000000000000000000, 0.000000000000000000 ) ) ;
#516 = VERTEX_POINT ( 'NONE', #1437 ) ;
#517 = AXIS2_PLACEMENT_3D ( 'NONE', #810, #1626, #733 ) ;
#518 = VERTEX_POINT ( 'NONE', #610 ) ;
#519 = CARTESIAN_POINT ( 'NONE',  ( 0.5476783723270401971, 0.000000000000000000, -40.68696155942565440 ) ) ;
#520 = VECTOR ( 'NONE', #766, 1000.000000000000000 ) ;
#521 = EDGE_LOOP ( 'NONE', ( #794, #1140, #332, #949 ) ) ;
#522 = AXIS2_PLACEMENT_3D ( 'NONE', #131, #793, #1479 ) ;
#523 = EDGE_CURVE ( 'NONE', #1256, #1328, #630, .T. ) ;
#524 = AXIS2_PLACEMENT_3D ( 'NONE', #1574, #871, #351 ) ;
#525 = ORIENTED_EDGE ( 'NONE', *, *, #71, .T. ) ;
#526 = DIRECTION ( 'NONE',  ( -0.000000000000000000, 1.000000000000000000, -0.000000000000000000 ) ) ;
#527 = CARTESIAN_POINT ( 'NONE',  ( -47.00000000000000000, 0.000000000000000000, -48.49999999999997868 ) ) ;
#528 = DIRECTION ( 'NONE',  ( 0.000000000000000000, 0.000000000000000000, 1.000000000000000000 ) ) ;
#529 = CARTESIAN_POINT ( 'NONE',  ( 0.5476783723270401971, 11.53553390593275729, -40.68696155942565440 ) ) ;
#530 = COORDINATED_UNIVERSAL_TIME_OFFSET ( 3, 0, .BEHIND. ) ;
#531 = EDGE_CURVE ( 'NONE', #1691, #587, #1600, .T. ) ;
#532 = ORIENTED_EDGE ( 'NONE', *, *, #1112, .F. ) ;
#533 = DIRECTION ( 'NONE',  ( 0.000000000000000000, -1.000000000000000000, 0.000000000000000000 ) ) ;
#534 = LINE ( 'NONE', #1048, #800 ) ;
#535 = DIRECTION ( 'NONE',  ( 0.000000000000000000, 1.000000000000000000, 0.000000000000000000 ) ) ;
#536 = ORIENTED_EDGE ( 'NONE', *, *, #459, .T. ) ;
#537 = DIRECTION ( 'NONE',  ( 0.000000000000000000, 0.000000000000000000, -1.000000000000000000 ) ) ;
#538 = ORIENTED_EDGE ( 'NONE', *, *, #675, .T. ) ;
#539 = PERSON_AND_ORGANIZATION_ROLE ( 'classification_officer' ) ;
#540 = EDGE_LOOP ( 'NONE', ( #1349, #33 ) ) ;
#541 = LINE ( 'NONE', #406, #1120 ) ;
#542 = DIRECTION ( 'NONE',  ( 0.000000000000000000, 0.000000000000000000, 1.000000000000000000 ) ) ;
#543 = EDGE_CURVE ( 'NONE', #1231, #110, #833, .T. ) ;
#544 = ORIENTED_EDGE ( 'NONE', *, *, #304, .T. ) ;
#545 = CYLINDRICAL_SURFACE ( 'NONE', #1459, 1.250000000000007994 ) ;
#546 = ORIENTED_EDGE ( 'NONE', *, *, #1275, .F. ) ;
#547 = CALENDAR_DATE ( 2026, 19, 8 ) ;
#548 = CC_DESIGN_APPROVAL ( #850, ( #1047 ) ) ;
#549 = CIRCLE ( 'NONE', #773, 1.500000000000001332 ) ;
#550 = ORIENTED_EDGE ( 'NONE', *, *, #1089, .F. ) ;
#551 = CIRCLE ( 'NONE', #1067, 1.250000000000001110 ) ;
#552 = AXIS2_PLACEMENT_3D ( 'NONE', #811, #535, #1612 ) ;
#553 = DIRECTION ( 'NONE',  ( -0.000000000000000000, 1.000000000000000000, -0.000000000000000000 ) ) ;
#554 = DIRECTION ( 'NONE',  ( 1.000000000000000000, 0.000000000000000000, 0.000000000000000000 ) ) ;
#555 = EDGE_CURVE ( 'NONE', #508, #1466, #1141, .T. ) ;
#556 = DIRECTION ( 'NONE',  ( 0.000000000000000000, 0.000000000000000000, 1.000000000000000000 ) ) ;
#557 = CARTESIAN_POINT ( 'NONE',  ( -55.00000000000000000, 0.000000000000000000, -80.99999999999994316 ) ) ;
#558 = VERTEX_POINT ( 'NONE', #1021 ) ;
#559 = APPROVAL_STATUS ( 'not_yet_approved' ) ;
#560 = ORIENTED_EDGE ( 'NONE', *, *, #507, .F. ) ;
#561 = DIRECTION ( 'NONE',  ( 0.000000000000000000, 0.000000000000000000, -1.000000000000000000 ) ) ;
#562 = CARTESIAN_POINT ( 'NONE',  ( 38.99999999999997868, 0.000000000000000000, -64.99999999999997158 ) ) ;
#563 = CYLINDRICAL_SURFACE ( 'NONE', #307, 2.000000000000001776 ) ;
#564 = DIRECTION ( 'NONE',  ( -0.000000000000000000, 1.000000000000000000, -0.000000000000000000 ) ) ;
#565 = CC_DESIGN_PERSON_AND_ORGANIZATION_ASSIGNMENT ( #1348, #1742, ( #744 ) ) ;
#566 = COORDINATED_UNIVERSAL_TIME_OFFSET ( 3, 0, .BEHIND. ) ;
#567 = EDGE_LOOP ( 'NONE', ( #268, #471, #1587, #1292 ) ) ;
#568 = DIRECTION ( 'NONE',  ( 0.000000000000000000, 1.000000000000000000, 0.000000000000000000 ) ) ;
#569 = CARTESIAN_POINT ( 'NONE',  ( 0.5476783723272828919, 11.53553390593275729, 48.68696155942581782 ) ) ;
#570 = ORIENTED_EDGE ( 'NONE', *, *, #815, .F. ) ;
#571 = CYLINDRICAL_SURFACE ( 'NONE', #120, 1.500000000000001332 ) ;
#572 = ORIENTED_EDGE ( 'NONE', *, *, #1678, .F. ) ;
#573 = ORIENTED_EDGE ( 'NONE', *, *, #386, .T. ) ;
#574 = ADVANCED_FACE ( 'NONE', ( #1161 ), #1183, .T. ) ;
#575 = CIRCLE ( 'NONE', #1709, 3.000000000000001332 ) ;
#576 = LINE ( 'NONE', #1393, #490 ) ;
#577 = VECTOR ( 'NONE', #37, 1000.000000000000000 ) ;
#578 = AXIS2_PLACEMENT_3D ( 'NONE', #145, #1369, #987 ) ;
#579 = CARTESIAN_POINT ( 'NONE',  ( 38.99999999999997868, 0.000000000000000000, -66.99999999999997158 ) ) ;
#580 = LINE ( 'NONE', #994, #1712 ) ;
#581 = AXIS2_PLACEMENT_3D ( 'NONE', #329, #1430, #1411 ) ;
#582 = ORIENTED_EDGE ( 'NONE', *, *, #868, .F. ) ;
#583 = EDGE_CURVE ( 'NONE', #225, #129, #549, .T. ) ;
#584 = CARTESIAN_POINT ( 'NONE',  ( 51.00000000000000000, 8.000000000000000000, 85.00000000000002842 ) ) ;
#585 = DIRECTION ( 'NONE',  ( 0.000000000000000000, -1.000000000000000000, 0.000000000000000000 ) ) ;
#586 = CARTESIAN_POINT ( 'NONE',  ( -50.99999999999997158, 0.000000000000000000, -84.99999999999997158 ) ) ;
#587 = VERTEX_POINT ( 'NONE', #1705 ) ;
#588 = ORIENTED_EDGE ( 'NONE', *, *, #164, .F. ) ;
#589 = LINE ( 'NONE', #1555, #1405 ) ;
#590 = CARTESIAN_POINT ( 'NONE',  ( -39.00000000000000000, 8.000000000000000000, 70.99999999999998579 ) ) ;
#591 = FACE_OUTER_BOUND ( 'NONE', #943, .T. ) ;
#592 = EDGE_CURVE ( 'NONE', #774, #1526, #1297, .T. ) ;
#593 = ORIENTED_EDGE ( 'NONE', *, *, #510, .T. ) ;
#594 = DIRECTION ( 'NONE',  ( 0.000000000000000000, 0.000000000000000000, 1.000000000000000000 ) ) ;
#595 = DIRECTION ( 'NONE',  ( 0.000000000000000000, -1.000000000000000000, 0.000000000000000000 ) ) ;
#596 = AXIS2_PLACEMENT_3D ( 'NONE', #1582, #783, #1718 ) ;
#597 = CARTESIAN_POINT ( 'NONE',  ( -54.99999999999997868, 8.000000000000000000, 81.00000000000000000 ) ) ;
#598 = PLANE ( 'NONE',  #1455 ) ;
#599 = CARTESIAN_POINT ( 'NONE',  ( 0.5476783723272828919, 0.000000000000000000, 47.43696155942581782 ) ) ;
#600 = EDGE_CURVE ( 'NONE', #78, #1383, #59, .T. ) ;
#601 = AXIS2_PLACEMENT_3D ( 'NONE', #1157, #54, #1167 ) ;
#602 = FACE_OUTER_BOUND ( 'NONE', #851, .T. ) ;
#603 = ORIENTED_EDGE ( 'NONE', *, *, #337, .F. ) ;
#604 = DIRECTION ( 'NONE',  ( 0.000000000000000000, 0.000000000000000000, -1.000000000000000000 ) ) ;
#605 = ORIENTED_EDGE ( 'NONE', *, *, #963, .T. ) ;
#606 = FACE_OUTER_BOUND ( 'NONE', #905, .T. ) ;
#607 = DIRECTION ( 'NONE',  ( 1.284980352575412946E-16, 0.000000000000000000, 1.000000000000000000 ) ) ;
#608 = DIRECTION ( 'NONE',  ( -0.000000000000000000, -1.000000000000000000, -0.000000000000000000 ) ) ;
#609 = ORIENTED_EDGE ( 'NONE', *, *, #1217, .T. ) ;
#610 = CARTESIAN_POINT ( 'NONE',  ( -47.00000000000000000, 8.000000000000000000, 48.49999999999997868 ) ) ;
#611 = EDGE_LOOP ( 'NONE', ( #629, #366 ) ) ;
#612 = ADVANCED_FACE ( 'NONE', ( #1564, #79, #1690, #764, #1170, #362, #883, #1306, #1042, #190, #87, #1423, #1029, #914, #602, #1451 ), #1271, .T. ) ;
#613 = ORIENTED_EDGE ( 'NONE', *, *, #879, .T. ) ;
#614 = ADVANCED_BREP_SHAPE_REPRESENTATION ( 'PlatinaAluminio 2', ( #1138, #124 ), #1176 ) ;
#615 = CARTESIAN_POINT ( 'NONE',  ( -39.00000000000000000, -10.00000000000000178, 70.99999999999998579 ) ) ;
#616 = FACE_OUTER_BOUND ( 'NONE', #1506, .T. ) ;
#617 = CARTESIAN_POINT ( 'NONE',  ( -47.00000000000000000, 0.000000000000000000, 0.000000000000000000 ) ) ;
#618 = VERTEX_POINT ( 'NONE', #1153 ) ;
#619 = ORIENTED_EDGE ( 'NONE', *, *, #107, .T. ) ;
#620 = DIRECTION ( 'NONE',  ( 0.000000000000000000, 0.000000000000000000, 1.000000000000000000 ) ) ;
#621 = EDGE_CURVE ( 'NONE', #907, #1685, #199, .T. ) ;
#622 = EDGE_CURVE ( 'NONE', #83, #701, #1735, .T. ) ;
#623 = ORIENTED_EDGE ( 'NONE', *, *, #583, .F. ) ;
#624 = CARTESIAN_POINT ( 'NONE',  ( 47.00000000000000000, 0.000000000000000000, 3.000000000000001332 ) ) ;
#625 = DIRECTION ( 'NONE',  ( 0.000000000000000000, 1.000000000000000000, 0.000000000000000000 ) ) ;
#626 = DIRECTION ( 'NONE',  ( 3.558407130208837215E-16, -0.000000000000000000, 1.000000000000000000 ) ) ;
#627 = VECTOR ( 'NONE', #446, 1000.000000000000000 ) ;
#628 = VECTOR ( 'NONE', #452, 1000.000000000000000 ) ;
#629 = ORIENTED_EDGE ( 'NONE', *, *, #254, .T. ) ;
#630 = LINE ( 'NONE', #468, #1629 ) ;
#631 = CIRCLE ( 'NONE', #1283, 2.000000000000001776 ) ;
#632 = AXIS2_PLACEMENT_3D ( 'NONE', #1188, #1351, #1603 ) ;
#633 = VERTEX_POINT ( 'NONE', #1733 ) ;
#634 = LINE ( 'NONE', #885, #1095 ) ;
#635 = CIRCLE ( 'NONE', #308, 2.000000000000001776 ) ;
#636 = ORIENTED_EDGE ( 'NONE', *, *, #459, .F. ) ;
#637 = ADVANCED_FACE ( 'NONE', ( #1060 ), #125, .F. ) ;
#638 = FACE_OUTER_BOUND ( 'NONE', #913, .T. ) ;
#639 = CARTESIAN_POINT ( 'NONE',  ( 47.00000000000000000, -10.00000000000000178, -46.99999999999997868 ) ) ;
#640 = ORIENTED_EDGE ( 'NONE', *, *, #747, .T. ) ;
#641 = EDGE_CURVE ( 'NONE', #995, #701, #383, .T. ) ;
#642 = ORIENTED_EDGE ( 'NONE', *, *, #320, .T. ) ;
#643 = CYLINDRICAL_SURFACE ( 'NONE', #1569, 1.250000000000007994 ) ;
#644 = ORIENTED_EDGE ( 'NONE', *, *, #1670, .F. ) ;
#645 = EDGE_LOOP ( 'NONE', ( #1704, #1561, #214, #709 ) ) ;
#646 = DIRECTION ( 'NONE',  ( -1.000000000000000000, -0.000000000000000000, -0.000000000000000000 ) ) ;
#647 = FACE_OUTER_BOUND ( 'NONE', #1043, .T. ) ;
#648 = CARTESIAN_POINT ( 'NONE',  ( -17.70710678118652837, 0.000000000000000000, -16.55025253169412380 ) ) ;
#649 = EDGE_CURVE ( 'NONE', #1024, #1691, #1353, .T. ) ;
#650 = VERTEX_POINT ( 'NONE', #1741 ) ;
#651 = DIRECTION ( 'NONE',  ( 0.000000000000000000, -1.000000000000000000, 0.000000000000000000 ) ) ;
#652 = APPLICATION_CONTEXT ( 'configuration controlled 3d designs of mechanical parts and assemblies' ) ;
#653 = ORIENTED_EDGE ( 'NONE', *, *, #1300, .F. ) ;
#654 = FACE_BOUND ( 'NONE', #787, .T. ) ;
#655 = DIRECTION ( 'NONE',  ( -0.000000000000000000, 1.000000000000000000, -0.000000000000000000 ) ) ;
#656 = CIRCLE ( 'NONE', #886, 1.000000000000000888 ) ;
#657 = ORIENTED_EDGE ( 'NONE', *, *, #1089, .T. ) ;
#658 = DIRECTION ( 'NONE',  ( 0.000000000000000000, 0.000000000000000000, 1.000000000000000000 ) ) ;
#659 = CIRCLE ( 'NONE', #486, 4.000000000000003553 ) ;
#660 = ADVANCED_FACE ( 'NONE', ( #398 ), #643, .F. ) ;
#661 = VERTEX_POINT ( 'NONE', #109 ) ;
#662 = AXIS2_PLACEMENT_3D ( 'NONE', #30, #706, #1241 ) ;
#663 = CIRCLE ( 'NONE', #1009, 1.500000000000001332 ) ;
#664 = APPLICATION_PROTOCOL_DEFINITION ( 'international standard', 'config_control_design', 1994, #652 ) ;
#665 = EDGE_LOOP ( 'NONE', ( #1478, #451, #89, #357 ) ) ;
#666 = FACE_OUTER_BOUND ( 'NONE', #854, .T. ) ;
#667 = DIRECTION ( 'NONE',  ( 0.000000000000000000, -0.000000000000000000, 1.000000000000000000 ) ) ;
#668 = LINE ( 'NONE', #921, #1546 ) ;
#669 = VERTEX_POINT ( 'NONE', #1606 ) ;
#670 = CARTESIAN_POINT ( 'NONE',  ( 0.5476783723272901083, 11.53553390593275729, 41.93696155942581782 ) ) ;
#671 = ORIENTED_EDGE ( 'NONE', *, *, #1596, .T. ) ;
#672 = EDGE_CURVE ( 'NONE', #1184, #364, #114, .T. ) ;
#673 = CALENDAR_DATE ( 2026, 19, 8 ) ;
#674 = ORIENTED_EDGE ( 'NONE', *, *, #107, .F. ) ;
#675 = EDGE_CURVE ( 'NONE', #1186, #225, #933, .T. ) ;
#676 = FACE_OUTER_BOUND ( 'NONE', #1576, .T. ) ;
#677 = DIRECTION ( 'NONE',  ( 0.000000000000000000, 1.000000000000000000, 0.000000000000000000 ) ) ;
#678 = CARTESIAN_POINT ( 'NONE',  ( 51.00000000000000000, 0.000000000000000000, 85.00000000000002842 ) ) ;
#679 = ORIENTED_EDGE ( 'NONE', *, *, #186, .F. ) ;
#680 = CARTESIAN_POINT ( 'NONE',  ( -51.00000000000000711, 0.000000000000000000, -80.99999999999997158 ) ) ;
#681 = ORIENTED_EDGE ( 'NONE', *, *, #1260, .T. ) ;
#682 = DATE_TIME_ROLE ( 'classification_date' ) ;
#683 = ORIENTED_EDGE ( 'NONE', *, *, #543, .F. ) ;
#684 = EDGE_CURVE ( 'NONE', #1122, #325, #1471, .T. ) ;
#685 = CYLINDRICAL_SURFACE ( 'NONE', #1595, 1.500000000000001332 ) ;
#686 = DIRECTION ( 'NONE',  ( 0.000000000000000000, 0.000000000000000000, -1.000000000000000000 ) ) ;
#687 = FACE_OUTER_BOUND ( 'NONE', #1033, .T. ) ;
#688 = ORIENTED_EDGE ( 'NONE', *, *, #1073, .T. ) ;
#689 = PERSON_AND_ORGANIZATION ( #968, #1125 ) ;
#690 = VECTOR ( 'NONE', #1084, 1000.000000000000000 ) ;
#691 = ORIENTED_EDGE ( 'NONE', *, *, #868, .T. ) ;
#692 = CARTESIAN_POINT ( 'NONE',  ( -16.99999999999996092, 125.0695467072830382, 20.50000000000003553 ) ) ;
#693 = AXIS2_PLACEMENT_3D ( 'NONE', #437, #297, #1254 ) ;
#694 = CIRCLE ( 'NONE', #151, 1.500000000000001332 ) ;
#695 = CARTESIAN_POINT ( 'NONE',  ( 17.00000000000001421, 0.000000000000000000, 20.50000000000002487 ) ) ;
#696 = CARTESIAN_POINT ( 'NONE',  ( -13.34314575050760610, 125.0695467072830382, -20.49999999999996803 ) ) ;
#697 = EDGE_CURVE ( 'NONE', #1259, #313, #266, .T. ) ;
#698 = LINE ( 'NONE', #838, #312 ) ;
#699 = EDGE_CURVE ( 'NONE', #1373, #1723, #63, .T. ) ;
#700 = CALENDAR_DATE ( 2026, 19, 8 ) ;
#701 = VERTEX_POINT ( 'NONE', #950 ) ;
#702 = CARTESIAN_POINT ( 'NONE',  ( 47.00000000000000000, -10.00000000000000178, -3.000000000000001332 ) ) ;
#703 = FACE_OUTER_BOUND ( 'NONE', #1559, .T. ) ;
#704 = CARTESIAN_POINT ( 'NONE',  ( 0.5476783723270403081, 11.53553390593275729, -39.43696155942564729 ) ) ;
#705 = ORIENTED_EDGE ( 'NONE', *, *, #1061, .T. ) ;
#706 = DIRECTION ( 'NONE',  ( -0.000000000000000000, -1.000000000000000000, -0.000000000000000000 ) ) ;
#707 = ADVANCED_FACE ( 'NONE', ( #1078 ), #248, .T. ) ;
#708 = ORIENTED_EDGE ( 'NONE', *, *, #1240, .T. ) ;
#709 = ORIENTED_EDGE ( 'NONE', *, *, #876, .F. ) ;
#710 = CARTESIAN_POINT ( 'NONE',  ( 55.00000000000000000, 8.000000000000000000, -80.99999999999994316 ) ) ;
#711 = CARTESIAN_POINT ( 'NONE',  ( 0.5476783723269845749, 11.53553390593275729, -47.43696155942565440 ) ) ;
#712 = DIRECTION ( 'NONE',  ( -1.000000000000000000, 0.000000000000000000, 3.061276722312014956E-16 ) ) ;
#713 = EDGE_CURVE ( 'NONE', #633, #824, #1341, .T. ) ;
#714 = ORIENTED_EDGE ( 'NONE', *, *, #482, .F. ) ;
#715 = CLOSED_SHELL ( 'NONE', ( #1366, #984, #735, #637, #7, #23, #1124, #498, #1104, #137, #823, #1093, #479, #1660, #707, #1501, #574, #1744, #376, #220, #147, #1177, #612, #127, #233, #917, #1139, #209, #1553, #1492, #286, #12, #41, #1267, #1035, #115, #1345, #363, #1477, #725, #1382, #82, #1269, #844, #176, #660, #208, #1753 ) ) ;
#716 = AXIS2_PLACEMENT_3D ( 'NONE', #1046, #526, #1074 ) ;
#717 = AXIS2_PLACEMENT_3D ( 'NONE', #333, #476, #1277 ) ;
#718 = CARTESIAN_POINT ( 'NONE',  ( 55.00000000000000711, 0.000000000000000000, -80.99999999999994316 ) ) ;
#719 = CIRCLE ( 'NONE', #776, 1.000000000000000888 ) ;
#720 = VECTOR ( 'NONE', #196, 1000.000000000000000 ) ;
#721 = DIRECTION ( 'NONE',  ( 0.000000000000000000, 0.000000000000000000, 1.000000000000000000 ) ) ;
#722 = DIRECTION ( 'NONE',  ( -0.000000000000000000, -1.000000000000000000, -0.000000000000000000 ) ) ;
#723 = APPROVAL ( #153, 'UNSPECIFIED' ) ;
#724 = ORIENTED_EDGE ( 'NONE', *, *, #1454, .T. ) ;
#725 = ADVANCED_FACE ( 'NONE', ( #371 ), #255, .F. ) ;
#726 = PLANE ( 'NONE',  #1100 ) ;
#727 = UNCERTAINTY_MEASURE_WITH_UNIT (LENGTH_MEASURE( 1.000000000000000082E-05 ), #1752, 'distance_accuracy_value', 'NONE');
#728 = DIRECTION ( 'NONE',  ( 0.000000000000000000, 0.000000000000000000, -1.000000000000000000 ) ) ;
#729 = DIRECTION ( 'NONE',  ( 0.000000000000000000, 0.000000000000000000, 1.000000000000000000 ) ) ;
#730 = EDGE_LOOP ( 'NONE', ( #900, #1080 ) ) ;
#731 = DIRECTION ( 'NONE',  ( -0.000000000000000000, -1.000000000000000000, -0.000000000000000000 ) ) ;
#732 = ORIENTED_EDGE ( 'NONE', *, *, #419, .F. ) ;
#733 = DIRECTION ( 'NONE',  ( 1.000000000000000000, 0.000000000000000000, -0.000000000000000000 ) ) ;
#734 = DIRECTION ( 'NONE',  ( 0.000000000000000000, 0.000000000000000000, 1.000000000000000000 ) ) ;
#735 = ADVANCED_FACE ( 'NONE', ( #1632 ), #545, .F. ) ;
#736 = FACE_OUTER_BOUND ( 'NONE', #521, .T. ) ;
#737 = CARTESIAN_POINT ( 'NONE',  ( 0.5476783723272828919, 0.000000000000000000, 49.93696155942581782 ) ) ;
#738 = LINE ( 'NONE', #1052, #1006 ) ;
#739 = CYLINDRICAL_SURFACE ( 'NONE', #257, 2.000000000000001776 ) ;
#740 = CIRCLE ( 'NONE', #855, 4.000000000000003553 ) ;
#741 = ORIENTED_EDGE ( 'NONE', *, *, #1390, .T. ) ;
#742 = CYLINDRICAL_SURFACE ( 'NONE', #98, 2.000000000000001776 ) ;
#743 = AXIS2_PLACEMENT_3D ( 'NONE', #852, #1397, #1384 ) ;
#744 = PRODUCT_DEFINITION_FORMATION_WITH_SPECIFIED_SOURCE ( 'ANY', '', #1520, .NOT_KNOWN. ) ;
#745 = CIRCLE ( 'NONE', #377, 1.250000000000001110 ) ;
#746 = CARTESIAN_POINT ( 'NONE',  ( -47.00000000000000000, 8.000000000000000000, 3.000000000000001332 ) ) ;
#747 = EDGE_CURVE ( 'NONE', #1570, #824, #1728, .T. ) ;
#748 = AXIS2_PLACEMENT_3D ( 'NONE', #495, #789, #96 ) ;
#749 = CARTESIAN_POINT ( 'NONE',  ( -13.34314575050760610, 8.000000000000007105, -20.49999999999996803 ) ) ;
#750 = ORIENTED_EDGE ( 'NONE', *, *, #622, .T. ) ;
#751 = CARTESIAN_POINT ( 'NONE',  ( 0.5476783723272828919, 0.000000000000000000, 48.68696155942581782 ) ) ;
#752 = VERTEX_POINT ( 'NONE', #1464 ) ;
#753 = CYLINDRICAL_SURFACE ( 'NONE', #601, 1.000000000000000888 ) ;
#754 = LINE ( 'NONE', #1422, #1121 ) ;
#755 = EDGE_LOOP ( 'NONE', ( #355, #152 ) ) ;
#756 = DIRECTION ( 'NONE',  ( 0.000000000000000000, 1.000000000000000000, 0.000000000000000000 ) ) ;
#757 = EDGE_CURVE ( 'NONE', #1239, #774, #719, .T. ) ;
#758 = ORIENTED_EDGE ( 'NONE', *, *, #1300, .T. ) ;
#759 = FACE_OUTER_BOUND ( 'NONE', #1566, .T. ) ;
#760 = EDGE_LOOP ( 'NONE', ( #467, #503 ) ) ;
#761 = CARTESIAN_POINT ( 'NONE',  ( 17.00000000000000711, 8.000000000000007105, -19.49999999999996803 ) ) ;
#762 = CYLINDRICAL_SURFACE ( 'NONE', #1515, 3.000000000000001332 ) ;
#763 = CARTESIAN_POINT ( 'NONE',  ( 51.00000000000000711, 0.000000000000000000, -80.99999999999997158 ) ) ;
#764 = FACE_BOUND ( 'NONE', #1225, .T. ) ;
#765 = ORIENTED_EDGE ( 'NONE', *, *, #1608, .F. ) ;
#766 = DIRECTION ( 'NONE',  ( -1.713307136767217343E-16, -0.000000000000000000, -1.000000000000000000 ) ) ;
#767 = EDGE_LOOP ( 'NONE', ( #397, #1473, #846, #640 ) ) ;
#768 = EDGE_CURVE ( 'NONE', #1698, #587, #698, .T. ) ;
#769 = CARTESIAN_POINT ( 'NONE',  ( 17.00000000000000000, 125.0695467072830382, -20.49999999999996803 ) ) ;
#770 = DIRECTION ( 'NONE',  ( 0.000000000000000000, -1.000000000000000000, 0.000000000000000000 ) ) ;
#771 = CARTESIAN_POINT ( 'NONE',  ( -47.00000000000000000, 8.000000000000000000, 0.000000000000000000 ) ) ;
#772 = AXIS2_PLACEMENT_3D ( 'NONE', #1475, #920, #667 ) ;
#773 = AXIS2_PLACEMENT_3D ( 'NONE', #62, #756, #500 ) ;
#774 = VERTEX_POINT ( 'NONE', #1110 ) ;
#775 = DIRECTION ( 'NONE',  ( 0.000000000000000000, 1.000000000000000000, 0.000000000000000000 ) ) ;
#776 = AXIS2_PLACEMENT_3D ( 'NONE', #1329, #651, #1640 ) ;
#777 = EDGE_LOOP ( 'NONE', ( #299, #636, #80, #1644 ) ) ;
#778 = DIRECTION ( 'NONE',  ( 0.000000000000000000, 1.000000000000000000, 0.000000000000000000 ) ) ;
#779 = AXIS2_PLACEMENT_3D ( 'NONE', #393, #118, #111 ) ;
#780 = ORIENTED_EDGE ( 'NONE', *, *, #1454, .F. ) ;
#781 = CARTESIAN_POINT ( 'NONE',  ( -17.99999999999998224, 0.000000000000000000, -15.84314575050757234 ) ) ;
#782 = EDGE_CURVE ( 'NONE', #1480, #1024, #1119, .T. ) ;
#783 = DIRECTION ( 'NONE',  ( 0.000000000000000000, 1.000000000000000000, 0.000000000000000000 ) ) ;
#784 = CARTESIAN_POINT ( 'NONE',  ( 0.5476783723270403081, 8.000000000000000000, -39.43696155942564729 ) ) ;
#785 = EDGE_LOOP ( 'NONE', ( #1721, #108, #603, #1296 ) ) ;
#786 = DIRECTION ( 'NONE',  ( 3.061276722312014956E-16, 0.000000000000000000, 1.000000000000000000 ) ) ;
#787 = EDGE_LOOP ( 'NONE', ( #1191, #1059 ) ) ;
#788 = ORIENTED_EDGE ( 'NONE', *, *, #1250, .F. ) ;
#789 = DIRECTION ( 'NONE',  ( 0.000000000000000000, -1.000000000000000000, 0.000000000000000000 ) ) ;
#790 = CARTESIAN_POINT ( 'NONE',  ( -54.99999999999997868, 8.000000000000000000, 81.00000000000000000 ) ) ;
#791 = DIRECTION ( 'NONE',  ( 0.000000000000000000, 0.000000000000000000, 1.000000000000000000 ) ) ;
#792 = EDGE_CURVE ( 'NONE', #110, #1231, #1233, .T. ) ;
#793 = DIRECTION ( 'NONE',  ( -0.000000000000000000, -1.000000000000000000, -0.000000000000000000 ) ) ;
#794 = ORIENTED_EDGE ( 'NONE', *, *, #1061, .F. ) ;
#795 = EDGE_LOOP ( 'NONE', ( #1128, #1017 ) ) ;
#796 = CARTESIAN_POINT ( 'NONE',  ( -55.00000000000000000, 8.000000000000000000, -80.99999999999994316 ) ) ;
#797 = DIRECTION ( 'NONE',  ( 0.000000000000000000, 0.000000000000000000, -1.000000000000000000 ) ) ;
#798 = PLANE ( 'NONE',  #201 ) ;
#799 = CC_DESIGN_DATE_AND_TIME_ASSIGNMENT ( #128, #1098, ( #1047 ) ) ;
#800 = VECTOR ( 'NONE', #770, 1000.000000000000000 ) ;
#801 = VERTEX_POINT ( 'NONE', #163 ) ;
#802 = DIRECTION ( 'NONE',  ( 1.000000000000000000, 0.000000000000000000, -3.061276722312014956E-16 ) ) ;
#803 = AXIS2_PLACEMENT_3D ( 'NONE', #28, #867, #423 ) ;
#804 = EDGE_CURVE ( 'NONE', #1538, #508, #551, .T. ) ;
#805 = VERTEX_POINT ( 'NONE', #1648 ) ;
#806 = CIRCLE ( 'NONE', #953, 1.250000000000001110 ) ;
#807 = VECTOR ( 'NONE', #1592, 1000.000000000000000 ) ;
#808 = ORIENTED_EDGE ( 'NONE', *, *, #1190, .F. ) ;
#809 = VECTOR ( 'NONE', #185, 1000.000000000000000 ) ;
#810 = CARTESIAN_POINT ( 'NONE',  ( -50.99999999999997158, 8.000000000000000000, -84.99999999999997158 ) ) ;
#811 = CARTESIAN_POINT ( 'NONE',  ( 39.00000000000000000, 0.000000000000000000, 72.99999999999998579 ) ) ;
#812 = ORIENTED_EDGE ( 'NONE', *, *, #432, .T. ) ;
#813 = CARTESIAN_POINT ( 'NONE',  ( 0.5476783723272899973, 11.53553390593275729, 40.68696155942581782 ) ) ;
#814 = VERTEX_POINT ( 'NONE', #281 ) ;
#815 = EDGE_CURVE ( 'NONE', #1554, #1284, #489, .T. ) ;
#816 = PERSON_AND_ORGANIZATION ( #968, #1125 ) ;
#817 = ORIENTED_EDGE ( 'NONE', *, *, #1619, .F. ) ;
#818 = DIRECTION ( 'NONE',  ( 0.000000000000000000, 0.000000000000000000, 1.000000000000000000 ) ) ;
#819 = CARTESIAN_POINT ( 'NONE',  ( -50.99999999999995026, 0.000000000000000000, 85.00000000000002842 ) ) ;
#820 = CARTESIAN_POINT ( 'NONE',  ( 0.5476783723272899973, 8.000000000000000000, 39.43696155942581782 ) ) ;
#821 = CARTESIAN_POINT ( 'NONE',  ( 39.00000000000000000, 8.000000000000000000, 72.99999999999998579 ) ) ;
#822 = PERSON_AND_ORGANIZATION_ROLE ( 'creator' ) ;
#823 = ADVANCED_FACE ( 'NONE', ( #417 ), #571, .F. ) ;
#824 = VERTEX_POINT ( 'NONE', #557 ) ;
#825 = CARTESIAN_POINT ( 'NONE',  ( -17.70710678118652837, 8.000000000000007105, -16.55025253169412380 ) ) ;
#826 = EDGE_CURVE ( 'NONE', #1298, #805, #458, .T. ) ;
#827 = CARTESIAN_POINT ( 'NONE',  ( 50.99999999999997868, 8.000000000000000000, -84.99999999999997158 ) ) ;
#828 = CARTESIAN_POINT ( 'NONE',  ( -16.99999999999997868, 125.0695467072830382, -15.84314575050757590 ) ) ;
#829 = DIRECTION ( 'NONE',  ( 0.000000000000000000, 0.000000000000000000, 1.000000000000000000 ) ) ;
#830 = CARTESIAN_POINT ( 'NONE',  ( 38.99999999999997868, 0.000000000000000000, -66.99999999999997158 ) ) ;
#831 = VECTOR ( 'NONE', #553, 1000.000000000000000 ) ;
#832 = PERSON_AND_ORGANIZATION ( #968, #1125 ) ;
#833 = CIRCLE ( 'NONE', #309, 2.000000000000001776 ) ;
#834 = EDGE_LOOP ( 'NONE', ( #117, #52, #688, #416 ) ) ;
#835 = AXIS2_PLACEMENT_3D ( 'NONE', #1065, #130, #1618 ) ;
#836 = CYLINDRICAL_SURFACE ( 'NONE', #1318, 2.000000000000001776 ) ;
#837 = ORIENTED_EDGE ( 'NONE', *, *, #510, .F. ) ;
#838 = CARTESIAN_POINT ( 'NONE',  ( -17.70710678118652837, 125.0695467072830382, -16.55025253169412380 ) ) ;
#839 = ORIENTED_EDGE ( 'NONE', *, *, #1575, .F. ) ;
#840 = ORIENTED_EDGE ( 'NONE', *, *, #713, .F. ) ;
#841 = CARTESIAN_POINT ( 'NONE',  ( 0.5476783723272828919, 0.000000000000000000, 48.68696155942581782 ) ) ;
#842 = EDGE_CURVE ( 'NONE', #251, #752, #1103, .T. ) ;
#843 = ORIENTED_EDGE ( 'NONE', *, *, #316, .T. ) ;
#844 = ADVANCED_FACE ( 'NONE', ( #1524 ), #978, .F. ) ;
#845 = DIRECTION ( 'NONE',  ( 0.000000000000000000, 0.000000000000000000, 1.000000000000000000 ) ) ;
#846 = ORIENTED_EDGE ( 'NONE', *, *, #60, .F. ) ;
#847 = VERTEX_POINT ( 'NONE', #1371 ) ;
#848 = DIRECTION ( 'NONE',  ( -0.000000000000000000, -1.000000000000000000, -0.000000000000000000 ) ) ;
#849 = CARTESIAN_POINT ( 'NONE',  ( 39.00000000000000000, 8.000000000000000000, 74.99999999999998579 ) ) ;
#850 = APPROVAL ( #559, 'UNSPECIFIED' ) ;
#851 = EDGE_LOOP ( 'NONE', ( #165, #228, #1578, #378, #1620, #671, #353, #212 ) ) ;
#852 = CARTESIAN_POINT ( 'NONE',  ( 39.00000000000000000, 0.000000000000000000, 72.99999999999998579 ) ) ;
#853 = EDGE_CURVE ( 'NONE', #487, #633, #1389, .T. ) ;
#854 = EDGE_LOOP ( 'NONE', ( #572, #72, #1743, #918 ) ) ;
#855 = AXIS2_PLACEMENT_3D ( 'NONE', #496, #625, #1179 ) ;
#856 = VECTOR ( 'NONE', #1666, 1000.000000000000000 ) ;
#857 = AXIS2_PLACEMENT_3D ( 'NONE', #1680, #1720, #1585 ) ;
#858 = APPROVAL_PERSON_ORGANIZATION ( #689, #1355, #428 ) ;
#859 = CARTESIAN_POINT ( 'NONE',  ( -50.99999999999995026, 8.000000000000000000, 85.00000000000002842 ) ) ;
#860 = AXIS2_PLACEMENT_3D ( 'NONE', #1289, #323, #729 ) ;
#861 = AXIS2_PLACEMENT_3D ( 'NONE', #828, #1628, #20 ) ;
#862 = FACE_BOUND ( 'NONE', #611, .T. ) ;
#863 = CARTESIAN_POINT ( 'NONE',  ( 55.00000000000002842, 8.000000000000000000, 81.00000000000000000 ) ) ;
#864 = VECTOR ( 'NONE', #1273, 1000.000000000000000 ) ;
#865 = CARTESIAN_POINT ( 'NONE',  ( 0.5476783723272899973, 8.000000000000000000, 40.68696155942581782 ) ) ;
#866 = ORIENTED_EDGE ( 'NONE', *, *, #267, .F. ) ;
#867 = DIRECTION ( 'NONE',  ( -0.000000000000000000, 1.000000000000000000, -0.000000000000000000 ) ) ;
#868 = EDGE_CURVE ( 'NONE', #1347, #258, #1517, .T. ) ;
#869 = DIRECTION ( 'NONE',  ( 0.000000000000000000, 1.000000000000000000, 0.000000000000000000 ) ) ;
#870 = CARTESIAN_POINT ( 'NONE',  ( -47.00000000000000000, 8.000000000000000000, 46.99999999999997868 ) ) ;
#871 = DIRECTION ( 'NONE',  ( 0.000000000000000000, -1.000000000000000000, 0.000000000000000000 ) ) ;
#872 = EDGE_LOOP ( 'NONE', ( #1182, #1461 ) ) ;
#873 = CARTESIAN_POINT ( 'NONE',  ( -39.00000000000000000, 8.000000000000000000, 72.99999999999998579 ) ) ;
#874 = ORIENTED_EDGE ( 'NONE', *, *, #768, .T. ) ;
#875 = DIRECTION ( 'NONE',  ( 0.000000000000000000, 1.000000000000000000, -0.000000000000000000 ) ) ;
#876 = EDGE_CURVE ( 'NONE', #558, #650, #580, .T. ) ;
#877 = EDGE_LOOP ( 'NONE', ( #1749, #1700 ) ) ;
#878 = LINE ( 'NONE', #481, #1319 ) ;
#879 = EDGE_CURVE ( 'NONE', #661, #1466, #745, .T. ) ;
#880 = CARTESIAN_POINT ( 'NONE',  ( 47.00000000000000000, 8.000000000000000000, -45.49999999999997868 ) ) ;
#881 = CARTESIAN_POINT ( 'NONE',  ( -47.00000000000000000, 0.000000000000000000, 46.99999999999997868 ) ) ;
#882 = VERTEX_POINT ( 'NONE', #849 ) ;
#883 = FACE_BOUND ( 'NONE', #422, .T. ) ;
#884 = VERTEX_POINT ( 'NONE', #1500 ) ;
#885 = CARTESIAN_POINT ( 'NONE',  ( 47.00000000000000000, -10.00000000000000178, 3.000000000000001332 ) ) ;
#886 = AXIS2_PLACEMENT_3D ( 'NONE', #1220, #595, #1087 ) ;
#887 = ORIENTED_EDGE ( 'NONE', *, *, #55, .T. ) ;
#888 = CARTESIAN_POINT ( 'NONE',  ( 51.00000000000000000, 8.000000000000000000, 85.00000000000002842 ) ) ;
#889 = AXIS2_PLACEMENT_3D ( 'NONE', #865, #16, #70 ) ;
#890 = LOCAL_TIME ( 10, 18, 26.00000000000000000, #1750 ) ;
#891 = AXIS2_PLACEMENT_3D ( 'NONE', #881, #1719, #1137 ) ;
#892 = CARTESIAN_POINT ( 'NONE',  ( 18.00000000000001066, 0.000000000000000000, -19.49999999999996092 ) ) ;
#893 = CARTESIAN_POINT ( 'NONE',  ( -16.99999999999996092, 8.000000000000007105, 20.50000000000003553 ) ) ;
#894 = EDGE_CURVE ( 'NONE', #1184, #1266, #64, .T. ) ;
#895 = VECTOR ( 'NONE', #1108, 1000.000000000000000 ) ;
#896 = EDGE_LOOP ( 'NONE', ( #17, #1436, #1707, #837 ) ) ;
#897 = AXIS2_PLACEMENT_3D ( 'NONE', #1244, #1252, #431 ) ;
#898 = ORIENTED_EDGE ( 'NONE', *, *, #1727, .F. ) ;
#899 = CARTESIAN_POINT ( 'NONE',  ( 47.00000000000000000, 0.000000000000000000, 46.99999999999997868 ) ) ;
#900 = ORIENTED_EDGE ( 'NONE', *, *, #1260, .F. ) ;
#901 = CARTESIAN_POINT ( 'NONE',  ( -50.99999999999995026, 0.000000000000000000, 85.00000000000002842 ) ) ;
#902 = CARTESIAN_POINT ( 'NONE',  ( -50.99999999999998579, 0.000000000000000000, 81.00000000000002842 ) ) ;
#903 = CARTESIAN_POINT ( 'NONE',  ( -39.00000000000000000, 0.000000000000000000, -68.99999999999997158 ) ) ;
#904 = EDGE_CURVE ( 'NONE', #882, #1523, #631, .T. ) ;
#905 = EDGE_LOOP ( 'NONE', ( #570, #1494, #708, #334 ) ) ;
#906 = CARTESIAN_POINT ( 'NONE',  ( 0.5476783723269844639, 8.000000000000000000, -49.93696155942565440 ) ) ;
#907 = VERTEX_POINT ( 'NONE', #1381 ) ;
#908 = LINE ( 'NONE', #469, #402 ) ;
#909 = EDGE_LOOP ( 'NONE', ( #318, #1311, #221, #27 ) ) ;
#910 = CARTESIAN_POINT ( 'NONE',  ( -47.00000000000000000, -10.00000000000000178, -3.000000000000001332 ) ) ;
#911 = CARTESIAN_POINT ( 'NONE',  ( -39.00000000000000000, 0.000000000000000000, 70.99999999999998579 ) ) ;
#912 = DIRECTION ( 'NONE',  ( -0.000000000000000000, -1.000000000000000000, -0.000000000000000000 ) ) ;
#913 = EDGE_LOOP ( 'NONE', ( #499, #1205, #544, #1489 ) ) ;
#914 = FACE_BOUND ( 'NONE', #755, .T. ) ;
#915 = EDGE_LOOP ( 'NONE', ( #724, #477 ) ) ;
#916 = FACE_OUTER_BOUND ( 'NONE', #665, .T. ) ;
#917 = ADVANCED_FACE ( 'NONE', ( #687 ), #150, .F. ) ;
#918 = ORIENTED_EDGE ( 'NONE', *, *, #164, .T. ) ;
#919 = CARTESIAN_POINT ( 'NONE',  ( -50.99999999999997158, 8.000000000000000000, -84.99999999999997158 ) ) ;
#920 = DIRECTION ( 'NONE',  ( 0.000000000000000000, 1.000000000000000000, 0.000000000000000000 ) ) ;
#921 = CARTESIAN_POINT ( 'NONE',  ( -50.99999999999997158, 8.000000000000000000, -84.99999999999997158 ) ) ;
#922 = ORIENTED_EDGE ( 'NONE', *, *, #1197, .T. ) ;
#923 = DIRECTION ( 'NONE',  ( 0.000000000000000000, 0.000000000000000000, 1.000000000000000000 ) ) ;
#924 = AXIS2_PLACEMENT_3D ( 'NONE', #1394, #44, #444 ) ;
#925 = AXIS2_PLACEMENT_3D ( 'NONE', #771, #515, #1317 ) ;
#926 = VERTEX_POINT ( 'NONE', #1151 ) ;
#927 = EDGE_CURVE ( 'NONE', #907, #774, #474, .T. ) ;
#928 = ORIENTED_EDGE ( 'NONE', *, *, #411, .F. ) ;
#929 = CARTESIAN_POINT ( 'NONE',  ( 0.5476783723272828919, 11.53553390593275729, 47.43696155942581782 ) ) ;
#930 = FACE_BOUND ( 'NONE', #1654, .T. ) ;
#931 = DIRECTION ( 'NONE',  ( 0.000000000000000000, 0.000000000000000000, 1.000000000000000000 ) ) ;
#932 = VERTEX_POINT ( 'NONE', #188 ) ;
#933 = LINE ( 'NONE', #226, #1402 ) ;
#934 = VERTEX_POINT ( 'NONE', #893 ) ;
#935 = ORIENTED_EDGE ( 'NONE', *, *, #304, .F. ) ;
#936 = DIRECTION ( 'NONE',  ( -0.000000000000000000, -1.000000000000000000, -0.000000000000000000 ) ) ;
#937 = CC_DESIGN_DATE_AND_TIME_ASSIGNMENT ( #1623, #682, ( #8 ) ) ;
#938 = DIRECTION ( 'NONE',  ( -0.000000000000000000, -1.000000000000000000, -0.000000000000000000 ) ) ;
#939 = FACE_OUTER_BOUND ( 'NONE', #767, .T. ) ;
#940 = EDGE_CURVE ( 'NONE', #1383, #78, #1656, .T. ) ;
#941 = ORIENTED_EDGE ( 'NONE', *, *, #1324, .F. ) ;
#942 = CARTESIAN_POINT ( 'NONE',  ( 18.00000000000001066, 125.0695467072830382, -19.49999999999996092 ) ) ;
#943 = EDGE_LOOP ( 'NONE', ( #582, #1472, #1072, #1396 ) ) ;
#944 = DIRECTION ( 'NONE',  ( 0.000000000000000000, 0.000000000000000000, -1.000000000000000000 ) ) ;
#945 = CARTESIAN_POINT ( 'NONE',  ( 47.00000000000000000, 8.000000000000000000, 45.49999999999997868 ) ) ;
#946 = DIRECTION ( 'NONE',  ( 0.000000000000000000, 0.000000000000000000, 1.000000000000000000 ) ) ;
#947 = CIRCLE ( 'NONE', #142, 1.250000000000007994 ) ;
#948 = EDGE_CURVE ( 'NONE', #427, #882, #1159, .T. ) ;
#949 = ORIENTED_EDGE ( 'NONE', *, *, #447, .F. ) ;
#950 = CARTESIAN_POINT ( 'NONE',  ( 0.5476783723270401971, 0.000000000000000000, -41.93696155942566151 ) ) ;
#951 = AXIS2_PLACEMENT_3D ( 'NONE', #761, #1195, #1338 ) ;
#952 = CIRCLE ( 'NONE', #374, 1.500000000000001332 ) ;
#953 = AXIS2_PLACEMENT_3D ( 'NONE', #85, #1169, #58 ) ;
#954 = AXIS2_PLACEMENT_3D ( 'NONE', #424, #1498, #273 ) ;
#955 = VERTEX_POINT ( 'NONE', #746 ) ;
#956 = AXIS2_PLACEMENT_3D ( 'NONE', #1686, #194, #1571 ) ;
#957 = CARTESIAN_POINT ( 'NONE',  ( 47.00000000000000000, -10.00000000000000178, 0.000000000000000000 ) ) ;
#958 = DIRECTION ( 'NONE',  ( 0.000000000000000000, -1.000000000000000000, 0.000000000000000000 ) ) ;
#959 = CARTESIAN_POINT ( 'NONE',  ( 47.00000000000000000, -10.00000000000000178, 46.99999999999997868 ) ) ;
#960 = DIRECTION ( 'NONE',  ( -0.000000000000000000, -1.000000000000000000, -0.000000000000000000 ) ) ;
#961 = EDGE_CURVE ( 'NONE', #805, #1298, #1204, .T. ) ;
#962 = ORIENTED_EDGE ( 'NONE', *, *, #1617, .T. ) ;
#963 = EDGE_CURVE ( 'NONE', #1328, #487, #1428, .T. ) ;
#964 = COORDINATED_UNIVERSAL_TIME_OFFSET ( 3, 0, .BEHIND. ) ;
#965 = EDGE_LOOP ( 'NONE', ( #1496, #436, #1447, #619 ) ) ;
#966 = DIRECTION ( 'NONE',  ( -0.000000000000000000, 1.000000000000000000, -0.000000000000000000 ) ) ;
#967 = CARTESIAN_POINT ( 'NONE',  ( -47.00000000000000000, 8.000000000000000000, -46.99999999999997868 ) ) ;
#968 = PERSON ( 'UNSPECIFIED', 'UNSPECIFIED', 'UNSPECIFIED', ('UNSPECIFIED'), ('UNSPECIFIED'), ('UNSPECIFIED') ) ;
#969 = DIRECTION ( 'NONE',  ( -0.000000000000000000, 1.000000000000000000, -0.000000000000000000 ) ) ;
#970 = DIRECTION ( 'NONE',  ( 0.000000000000000000, 1.000000000000000000, 0.000000000000000000 ) ) ;
#971 = ORIENTED_EDGE ( 'NONE', *, *, #1596, .F. ) ;
#972 = SECURITY_CLASSIFICATION_LEVEL ( 'unclassified' ) ;
#973 = EDGE_LOOP ( 'NONE', ( #1354, #874, #149, #941 ) ) ;
#974 = EDGE_CURVE ( 'NONE', #501, #1337, #754, .T. ) ;
#975 = LINE ( 'NONE', #1116, #831 ) ;
#976 = FACE_OUTER_BOUND ( 'NONE', #361, .T. ) ;
#977 = ORIENTED_EDGE ( 'NONE', *, *, #1467, .F. ) ;
#978 = CYLINDRICAL_SURFACE ( 'NONE', #1178, 2.000000000000001776 ) ;
#979 = CIRCLE ( 'NONE', #1201, 2.000000000000001776 ) ;
#980 = VECTOR ( 'NONE', #1683, 1000.000000000000000 ) ;
#981 = SHAPE_DEFINITION_REPRESENTATION ( #986, #614 ) ;
#982 = VECTOR ( 'NONE', #1696, 1000.000000000000000 ) ;
#983 = ORIENTED_EDGE ( 'NONE', *, *, #1641, .F. ) ;
#984 = ADVANCED_FACE ( 'NONE', ( #216 ), #1535, .F. ) ;
#985 = CIRCLE ( 'NONE', #1432, 1.250000000000001110 ) ;
#986 = PRODUCT_DEFINITION_SHAPE ( 'NONE', 'NONE',  #1047 ) ;
#987 = DIRECTION ( 'NONE',  ( 0.000000000000000000, 0.000000000000000000, 1.000000000000000000 ) ) ;
#988 = DIRECTION ( 'NONE',  ( -3.926585342962897980E-16, 0.000000000000000000, -1.000000000000000000 ) ) ;
#989 = CARTESIAN_POINT ( 'NONE',  ( 50.99999999999997868, 0.000000000000000000, -84.99999999999997158 ) ) ;
#990 = VERTEX_POINT ( 'NONE', #599 ) ;
#991 = FACE_OUTER_BOUND ( 'NONE', #1613, .T. ) ;
#992 = EDGE_CURVE ( 'NONE', #1466, #661, #806, .T. ) ;
#993 = ORIENTED_EDGE ( 'NONE', *, *, #853, .F. ) ;
#994 = CARTESIAN_POINT ( 'NONE',  ( -47.00000000000000000, -10.00000000000000178, -45.49999999999997868 ) ) ;
#995 = VERTEX_POINT ( 'NONE', #1676 ) ;
#996 = VERTEX_POINT ( 'NONE', #737 ) ;
#997 = CARTESIAN_POINT ( 'NONE',  ( 39.00000000000000000, 8.000000000000000000, 70.99999999999998579 ) ) ;
#998 = DIRECTION ( 'NONE',  ( -3.558407130208837215E-16, 0.000000000000000000, -1.000000000000000000 ) ) ;
#999 = LINE ( 'NONE', #1703, #94 ) ;
#1000 = EDGE_CURVE ( 'NONE', #1024, #1698, #1630, .T. ) ;
#1001 = ORIENTED_EDGE ( 'NONE', *, *, #1240, .F. ) ;
#1002 = DIRECTION ( 'NONE',  ( -0.000000000000000000, 1.000000000000000000, -0.000000000000000000 ) ) ;
#1003 = ORIENTED_EDGE ( 'NONE', *, *, #940, .T. ) ;
#1004 = CIRCLE ( 'NONE', #1370, 4.000000000000003553 ) ;
#1005 = FACE_OUTER_BOUND ( 'NONE', #1558, .T. ) ;
#1006 = VECTOR ( 'NONE', #354, 1000.000000000000000 ) ;
#1007 = CARTESIAN_POINT ( 'NONE',  ( 38.99999999999997868, 8.000000000000000000, -66.99999999999997158 ) ) ;
#1008 = VECTOR ( 'NONE', #410, 1000.000000000000000 ) ;
#1009 = AXIS2_PLACEMENT_3D ( 'NONE', #1514, #1522, #542 ) ;
#1010 = CYLINDRICAL_SURFACE ( 'NONE', #261, 1.500000000000001332 ) ;
#1011 = CIRCLE ( 'NONE', #748, 1.250000000000001110 ) ;
#1012 = ORIENTED_EDGE ( 'NONE', *, *, #782, .T. ) ;
#1013 = DIRECTION ( 'NONE',  ( 0.000000000000000000, -0.000000000000000000, 1.000000000000000000 ) ) ;
#1014 = EDGE_CURVE ( 'NONE', #801, #1231, #999, .T. ) ;
#1015 = ORIENTED_EDGE ( 'NONE', *, *, #1000, .T. ) ;
#1016 = CARTESIAN_POINT ( 'NONE',  ( -47.00000000000000000, 0.000000000000000000, -46.99999999999997868 ) ) ;
#1017 = ORIENTED_EDGE ( 'NONE', *, *, #961, .T. ) ;
#1018 = DIRECTION ( 'NONE',  ( 0.000000000000000000, 0.000000000000000000, 1.000000000000000000 ) ) ;
#1019 = CARTESIAN_POINT ( 'NONE',  ( 47.00000000000000000, 0.000000000000000000, -46.99999999999997868 ) ) ;
#1020 = DIRECTION ( 'NONE',  ( 0.000000000000000000, 1.000000000000000000, 0.000000000000000000 ) ) ;
#1021 = CARTESIAN_POINT ( 'NONE',  ( -47.00000000000000000, 0.000000000000000000, -45.49999999999997868 ) ) ;
#1022 = VERTEX_POINT ( 'NONE', #903 ) ;
#1023 = DIRECTION ( 'NONE',  ( 0.000000000000000000, -1.000000000000000000, 0.000000000000000000 ) ) ;
#1024 = VERTEX_POINT ( 'NONE', #77 ) ;
#1025 = LINE ( 'NONE', #584, #809 ) ;
#1026 = FACE_OUTER_BOUND ( 'NONE', #973, .T. ) ;
#1027 = DIRECTION ( 'NONE',  ( 0.000000000000000000, 1.000000000000000000, 0.000000000000000000 ) ) ;
#1028 = ORIENTED_EDGE ( 'NONE', *, *, #470, .T. ) ;
#1029 = FACE_BOUND ( 'NONE', #1391, .T. ) ;
#1030 = ORIENTED_EDGE ( 'NONE', *, *, #1050, .T. ) ;
#1031 = DIRECTION ( 'NONE',  ( -1.000000000000000000, 0.000000000000000000, 3.061276722312014956E-16 ) ) ;
#1032 = AXIS2_PLACEMENT_3D ( 'NONE', #579, #162, #1091 ) ;
#1033 = EDGE_LOOP ( 'NONE', ( #1532, #714, #1671, #1429 ) ) ;
#1034 = LINE ( 'NONE', #901, #856 ) ;
#1035 = ADVANCED_FACE ( 'NONE', ( #50 ), #1557, .F. ) ;
#1036 = AXIS2_PLACEMENT_3D ( 'NONE', #1193, #786, #802 ) ;
#1037 = DIRECTION ( 'NONE',  ( -0.7071067811865495711, 0.000000000000000000, -0.7071067811865455743 ) ) ;
#1038 = DIRECTION ( 'NONE',  ( 0.000000000000000000, 1.000000000000000000, -0.000000000000000000 ) ) ;
#1039 = CIRCLE ( 'NONE', #1684, 1.500000000000001332 ) ;
#1040 = ORIENTED_EDGE ( 'NONE', *, *, #531, .F. ) ;
#1041 = AXIS2_PLACEMENT_3D ( 'NONE', #18, #568, #413 ) ;
#1042 = FACE_BOUND ( 'NONE', #234, .T. ) ;
#1043 = EDGE_LOOP ( 'NONE', ( #653, #1305, #1713, #1521 ) ) ;
#1044 = LINE ( 'NONE', #345, #1066 ) ;
#1045 = ORIENTED_EDGE ( 'NONE', *, *, #649, .T. ) ;
#1046 = CARTESIAN_POINT ( 'NONE',  ( 47.00000000000000000, -10.00000000000000178, 0.000000000000000000 ) ) ;
#1047 = PRODUCT_DEFINITION ( 'UNKNOWN', '', #744, #389 ) ;
#1048 = CARTESIAN_POINT ( 'NONE',  ( 17.00000000000001421, 125.0695467072830382, 20.50000000000002487 ) ) ;
#1049 = LINE ( 'NONE', #1449, #121 ) ;
#1050 = EDGE_CURVE ( 'NONE', #15, #1122, #314, .T. ) ;
#1051 = VERTEX_POINT ( 'NONE', #1408 ) ;
#1052 = CARTESIAN_POINT ( 'NONE',  ( -39.00000000000000000, 0.000000000000000000, -64.99999999999997158 ) ) ;
#1053 = ORIENTED_EDGE ( 'NONE', *, *, #327, .T. ) ;
#1054 = DIRECTION ( 'NONE',  ( -1.713307136767217343E-16, -0.000000000000000000, -1.000000000000000000 ) ) ;
#1055 = ORIENTED_EDGE ( 'NONE', *, *, #352, .F. ) ;
#1056 = DIRECTION ( 'NONE',  ( 0.000000000000000000, 0.000000000000000000, 1.000000000000000000 ) ) ;
#1057 = CYLINDRICAL_SURFACE ( 'NONE', #399, 1.250000000000001110 ) ;
#1058 = CARTESIAN_POINT ( 'NONE',  ( -17.99999999999996803, 125.0695467072830382, 19.50000000000002842 ) ) ;
#1059 = ORIENTED_EDGE ( 'NONE', *, *, #1238, .T. ) ;
#1060 = FACE_OUTER_BOUND ( 'NONE', #1679, .T. ) ;
#1061 = EDGE_CURVE ( 'NONE', #1259, #1554, #1413, .T. ) ;
#1062 = EDGE_LOOP ( 'NONE', ( #732, #1664 ) ) ;
#1063 = DIRECTION ( 'NONE',  ( 0.000000000000000000, 0.000000000000000000, 1.000000000000000000 ) ) ;
#1064 = DIRECTION ( 'NONE',  ( -0.000000000000000000, 1.000000000000000000, -0.000000000000000000 ) ) ;
#1065 = CARTESIAN_POINT ( 'NONE',  ( -13.34314575050760965, 8.000000000000007105, -19.49999999999996803 ) ) ;
#1066 = VECTOR ( 'NONE', #1054, 1000.000000000000000 ) ;
#1067 = AXIS2_PLACEMENT_3D ( 'NONE', #303, #722, #1264 ) ;
#1068 = ORIENTED_EDGE ( 'NONE', *, *, #71, .F. ) ;
#1069 = DIRECTION ( 'NONE',  ( -0.000000000000000000, -1.000000000000000000, -0.000000000000000000 ) ) ;
#1070 = AXIS2_PLACEMENT_3D ( 'NONE', #813, #1222, #1757 ) ;
#1071 = AXIS2_PLACEMENT_3D ( 'NONE', #1460, #381, #238 ) ;
#1072 = ORIENTED_EDGE ( 'NONE', *, *, #1327, .T. ) ;
#1073 = EDGE_CURVE ( 'NONE', #1266, #1301, #1274, .T. ) ;
#1074 = DIRECTION ( 'NONE',  ( 0.000000000000000000, 0.000000000000000000, 1.000000000000000000 ) ) ;
#1075 = DIRECTION ( 'NONE',  ( 0.000000000000000000, 0.000000000000000000, -1.000000000000000000 ) ) ;
#1076 = DIRECTION ( 'NONE',  ( -0.000000000000000000, 1.000000000000000000, -0.000000000000000000 ) ) ;
#1077 = EDGE_LOOP ( 'NONE', ( #1247, #1111 ) ) ;
#1078 = FACE_OUTER_BOUND ( 'NONE', #296, .T. ) ;
#1079 = PERSON_AND_ORGANIZATION ( #968, #1125 ) ;
#1080 = ORIENTED_EDGE ( 'NONE', *, *, #1367, .F. ) ;
#1081 = CARTESIAN_POINT ( 'NONE',  ( -47.00000000000000000, -10.00000000000000178, 0.000000000000000000 ) ) ;
#1082 = FACE_BOUND ( 'NONE', #1077, .T. ) ;
#1083 = CYLINDRICAL_SURFACE ( 'NONE', #1404, 1.500000000000001332 ) ;
#1084 = DIRECTION ( 'NONE',  ( 1.000000000000000000, -0.000000000000000000, 0.000000000000000000 ) ) ;
#1085 = MECHANICAL_CONTEXT ( 'NONE', #652, 'mechanical' ) ;
#1086 = ORIENTED_EDGE ( 'NONE', *, *, #904, .F. ) ;
#1087 = DIRECTION ( 'NONE',  ( 0.000000000000000000, 0.000000000000000000, -1.000000000000000000 ) ) ;
#1088 = DIRECTION ( 'NONE',  ( 0.000000000000000000, 0.000000000000000000, -1.000000000000000000 ) ) ;
#1089 = EDGE_CURVE ( 'NONE', #1186, #884, #1039, .T. ) ;
#1090 = EDGE_CURVE ( 'NONE', #1723, #182, #331, .T. ) ;
#1091 = DIRECTION ( 'NONE',  ( 0.000000000000000000, 0.000000000000000000, 1.000000000000000000 ) ) ;
#1092 = DIRECTION ( 'NONE',  ( 0.000000000000000000, -1.000000000000000000, 0.000000000000000000 ) ) ;
#1093 = ADVANCED_FACE ( 'NONE', ( #591 ), #1010, .F. ) ;
#1094 = LOCAL_TIME ( 10, 18, 26.00000000000000000, #964 ) ;
#1095 = VECTOR ( 'NONE', #1552, 1000.000000000000000 ) ;
#1096 = VECTOR ( 'NONE', #101, 1000.000000000000000 ) ;
#1097 = AXIS2_PLACEMENT_3D ( 'NONE', #1387, #139, #1088 ) ;
#1098 = DATE_TIME_ROLE ( 'creation_date' ) ;
#1099 = VERTEX_POINT ( 'NONE', #784 ) ;
#1100 = AXIS2_PLACEMENT_3D ( 'NONE', #859, #1130, #75 ) ;
#1101 = DIRECTION ( 'NONE',  ( 0.000000000000000000, 0.000000000000000000, 1.000000000000000000 ) ) ;
#1102 = DIRECTION ( 'NONE',  ( -1.000000000000000000, 0.000000000000000000, -0.000000000000000000 ) ) ;
#1103 = LINE ( 'NONE', #1127, #1601 ) ;
#1104 = ADVANCED_FACE ( 'NONE', ( #100 ), #1476, .F. ) ;
#1105 = ORIENTED_EDGE ( 'NONE', *, *, #419, .T. ) ;
#1106 = DIRECTION ( 'NONE',  ( -0.000000000000000000, 1.000000000000000000, -0.000000000000000000 ) ) ;
#1107 = PLANE ( 'NONE',  #517 ) ;
#1108 = DIRECTION ( 'NONE',  ( -0.000000000000000000, -1.000000000000000000, -0.000000000000000000 ) ) ;
#1109 = CARTESIAN_POINT ( 'NONE',  ( 47.00000000000000000, -10.00000000000000178, 48.49999999999997868 ) ) ;
#1110 = CARTESIAN_POINT ( 'NONE',  ( -13.34314575050760610, 0.000000000000000000, -20.49999999999996803 ) ) ;
#1111 = ORIENTED_EDGE ( 'NONE', *, *, #1131, .T. ) ;
#1112 = EDGE_CURVE ( 'NONE', #587, #1239, #245, .T. ) ;
#1113 = CALENDAR_DATE ( 2026, 19, 8 ) ;
#1114 = VERTEX_POINT ( 'NONE', #395 ) ;
#1115 = LINE ( 'NONE', #1651, #1708 ) ;
#1116 = CARTESIAN_POINT ( 'NONE',  ( -47.00000000000000000, -10.00000000000000178, 45.49999999999997868 ) ) ;
#1117 = DIRECTION ( 'NONE',  ( 0.000000000000000000, 0.000000000000000000, -1.000000000000000000 ) ) ;
#1118 = ORIENTED_EDGE ( 'NONE', *, *, #757, .F. ) ;
#1119 = LINE ( 'NONE', #11, #1543 ) ;
#1120 = VECTOR ( 'NONE', #1497, 1000.000000000000000 ) ;
#1121 = VECTOR ( 'NONE', #1434, 1000.000000000000000 ) ;
#1122 = VERTEX_POINT ( 'NONE', #1326 ) ;
#1123 = AXIS2_PLACEMENT_3D ( 'NONE', #696, #288, #1102 ) ;
#1124 = ADVANCED_FACE ( 'NONE', ( #360 ), #123, .F. ) ;
#1125 = ORGANIZATION ( 'UNSPECIFIED', 'UNSPECIFIED', '' ) ;
#1126 = FACE_OUTER_BOUND ( 'NONE', #305, .T. ) ;
#1127 = CARTESIAN_POINT ( 'NONE',  ( 17.00000000000001421, 0.000000000000000000, 20.50000000000002487 ) ) ;
#1128 = ORIENTED_EDGE ( 'NONE', *, *, #826, .T. ) ;
#1129 = ORIENTED_EDGE ( 'NONE', *, *, #352, .T. ) ;
#1130 = DIRECTION ( 'NONE',  ( 0.000000000000000000, 0.000000000000000000, -1.000000000000000000 ) ) ;
#1131 = EDGE_CURVE ( 'NONE', #516, #427, #1286, .T. ) ;
#1132 = CARTESIAN_POINT ( 'NONE',  ( -47.00000000000000000, 0.000000000000000000, 45.49999999999997868 ) ) ;
#1133 = CARTESIAN_POINT ( 'NONE',  ( 38.99999999999997868, 0.000000000000000000, -66.99999999999997158 ) ) ;
#1134 = ORIENTED_EDGE ( 'NONE', *, *, #1584, .F. ) ;
#1135 = LINE ( 'NONE', #615, #627 ) ;
#1136 = EDGE_CURVE ( 'NONE', #508, #1538, #290, .T. ) ;
#1137 = DIRECTION ( 'NONE',  ( 0.000000000000000000, 0.000000000000000000, 1.000000000000000000 ) ) ;
#1138 = MANIFOLD_SOLID_BREP ( 'Cortar-Extruir5', #715 ) ;
#1139 = ADVANCED_FACE ( 'NONE', ( #1332 ), #1083, .F. ) ;
#1140 = ORIENTED_EDGE ( 'NONE', *, *, #697, .T. ) ;
#1141 = LINE ( 'NONE', #324, #1597 ) ;
#1142 = ORIENTED_EDGE ( 'NONE', *, *, #396, .F. ) ;
#1143 = AXIS2_PLACEMENT_3D ( 'NONE', #1316, #1468, #1075 ) ;
#1144 = CARTESIAN_POINT ( 'NONE',  ( 0.5476783723272899973, 11.53553390593275729, 39.43696155942581782 ) ) ;
#1145 = CIRCLE ( 'NONE', #91, 1.000000000000000888 ) ;
#1146 = EDGE_LOOP ( 'NONE', ( #249, #439, #593, #270 ) ) ;
#1147 = FACE_OUTER_BOUND ( 'NONE', #210, .T. ) ;
#1148 = VECTOR ( 'NONE', #240, 1000.000000000000000 ) ;
#1149 = VECTOR ( 'NONE', #106, 1000.000000000000000 ) ;
#1150 = CARTESIAN_POINT ( 'NONE',  ( 18.00000000000001066, 125.0695467072830382, -19.49999999999996092 ) ) ;
#1151 = CARTESIAN_POINT ( 'NONE',  ( -50.99999999999997158, 8.000000000000000000, -84.99999999999997158 ) ) ;
#1152 = ORIENTED_EDGE ( 'NONE', *, *, #1238, .F. ) ;
#1153 = CARTESIAN_POINT ( 'NONE',  ( -39.00000000000000000, 8.000000000000000000, -64.99999999999997158 ) ) ;
#1154 = VERTEX_POINT ( 'NONE', #1196 ) ;
#1155 = DIRECTION ( 'NONE',  ( 0.000000000000000000, 0.000000000000000000, -1.000000000000000000 ) ) ;
#1156 = ORIENTED_EDGE ( 'NONE', *, *, #974, .T. ) ;
#1157 = CARTESIAN_POINT ( 'NONE',  ( 17.00000000000002132, 125.0695467072830382, 19.50000000000002487 ) ) ;
#1158 = DIRECTION ( 'NONE',  ( 0.000000000000000000, 0.000000000000000000, -1.000000000000000000 ) ) ;
#1159 = LINE ( 'NONE', #207, #982 ) ;
#1160 = ORIENTED_EDGE ( 'NONE', *, *, #523, .T. ) ;
#1161 = FACE_OUTER_BOUND ( 'NONE', #567, .T. ) ;
#1162 = ORIENTED_EDGE ( 'NONE', *, *, #768, .F. ) ;
#1163 = CARTESIAN_POINT ( 'NONE',  ( -17.99999999999996803, 125.0695467072830382, 19.50000000000002842 ) ) ;
#1164 = EDGE_CURVE ( 'NONE', #926, #633, #668, .T. ) ;
#1165 = EDGE_CURVE ( 'NONE', #814, #1691, #112, .T. ) ;
#1166 = ORIENTED_EDGE ( 'NONE', *, *, #232, .T. ) ;
#1167 = DIRECTION ( 'NONE',  ( 0.000000000000000000, 0.000000000000000000, -1.000000000000000000 ) ) ;
#1168 = PLANE ( 'NONE',  #1677 ) ;
#1169 = DIRECTION ( 'NONE',  ( 0.000000000000000000, -1.000000000000000000, 0.000000000000000000 ) ) ;
#1170 = FACE_BOUND ( 'NONE', #1243, .T. ) ;
#1171 = ORIENTED_EDGE ( 'NONE', *, *, #375, .T. ) ;
#1172 = DIRECTION ( 'NONE',  ( 0.000000000000000000, 0.000000000000000000, 1.000000000000000000 ) ) ;
#1173 = AXIS2_PLACEMENT_3D ( 'NONE', #1019, #1668, #1687 ) ;
#1174 = ORIENTED_EDGE ( 'NONE', *, *, #792, .T. ) ;
#1175 = LINE ( 'NONE', #1302, #493 ) ;
#1176 =( GEOMETRIC_REPRESENTATION_CONTEXT ( 3 ) GLOBAL_UNCERTAINTY_ASSIGNED_CONTEXT ( ( #727 ) ) GLOBAL_UNIT_ASSIGNED_CONTEXT ( ( #1752, #34, #440 ) ) REPRESENTATION_CONTEXT ( 'NONE', 'WORKASPACE' ) );
#1177 = ADVANCED_FACE ( 'NONE', ( #939 ), #798, .F. ) ;
#1178 = AXIS2_PLACEMENT_3D ( 'NONE', #1133, #564, #845 ) ;
#1179 = DIRECTION ( 'NONE',  ( 0.000000000000000000, 0.000000000000000000, 1.000000000000000000 ) ) ;
#1180 = CARTESIAN_POINT ( 'NONE',  ( 38.99999999999997868, 0.000000000000000000, -64.99999999999997158 ) ) ;
#1181 = VECTOR ( 'NONE', #1270, 1000.000000000000000 ) ;
#1182 = ORIENTED_EDGE ( 'NONE', *, *, #1290, .F. ) ;
#1183 = CYLINDRICAL_SURFACE ( 'NONE', #857, 4.000000000000003553 ) ;
#1184 = VERTEX_POINT ( 'NONE', #1221 ) ;
#1185 = CARTESIAN_POINT ( 'NONE',  ( 17.00000000000001421, 8.000000000000007105, 20.50000000000002487 ) ) ;
#1186 = VERTEX_POINT ( 'NONE', #1732 ) ;
#1187 = CARTESIAN_POINT ( 'NONE',  ( 0.5476783723269845749, 8.000000000000000000, -47.43696155942565440 ) ) ;
#1188 = CARTESIAN_POINT ( 'NONE',  ( 47.00000000000000000, 8.000000000000000000, 46.99999999999997868 ) ) ;
#1189 = EDGE_CURVE ( 'NONE', #129, #225, #1207, .T. ) ;
#1190 = EDGE_CURVE ( 'NONE', #669, #907, #13, .T. ) ;
#1191 = ORIENTED_EDGE ( 'NONE', *, *, #411, .T. ) ;
#1192 = VERTEX_POINT ( 'NONE', #678 ) ;
#1193 = CARTESIAN_POINT ( 'NONE',  ( 17.00000000000001421, 125.0695467072830382, 20.50000000000002487 ) ) ;
#1194 = EDGE_LOOP ( 'NONE', ( #1414, #1265, #750, #341 ) ) ;
#1195 = DIRECTION ( 'NONE',  ( -0.000000000000000000, -1.000000000000000000, -0.000000000000000000 ) ) ;
#1196 = CARTESIAN_POINT ( 'NONE',  ( -47.00000000000000000, 8.000000000000000000, -48.49999999999997868 ) ) ;
#1197 = EDGE_CURVE ( 'NONE', #1698, #669, #1049, .T. ) ;
#1198 = DIRECTION ( 'NONE',  ( 0.000000000000000000, -1.000000000000000000, 0.000000000000000000 ) ) ;
#1199 = EDGE_LOOP ( 'NONE', ( #765, #86 ) ) ;
#1200 = CARTESIAN_POINT ( 'NONE',  ( 0.5476783723272899973, 0.000000000000000000, 40.68696155942581782 ) ) ;
#1201 = AXIS2_PLACEMENT_3D ( 'NONE', #1350, #1673, #1646 ) ;
#1202 = FACE_OUTER_BOUND ( 'NONE', #1403, .T. ) ;
#1203 = DIRECTION ( 'NONE',  ( 0.7071067811865455743, 0.000000000000000000, -0.7071067811865495711 ) ) ;
#1204 = CIRCLE ( 'NONE', #434, 3.000000000000001332 ) ;
#1205 = ORIENTED_EDGE ( 'NONE', *, *, #1050, .F. ) ;
#1206 = CARTESIAN_POINT ( 'NONE',  ( -17.99999999999998224, 125.0695467072830382, -15.84314575050757234 ) ) ;
#1207 = CIRCLE ( 'NONE', #632, 1.500000000000001332 ) ;
#1208 = EDGE_CURVE ( 'NONE', #1609, #955, #1261, .T. ) ;
#1209 = DATE_AND_TIME ( #700, #1094 ) ;
#1210 = ORIENTED_EDGE ( 'NONE', *, *, #1000, .F. ) ;
#1211 = DIRECTION ( 'NONE',  ( -0.000000000000000000, 1.000000000000000000, -0.000000000000000000 ) ) ;
#1212 = CARTESIAN_POINT ( 'NONE',  ( 55.00000000000002842, 0.000000000000000000, 81.00000000000000000 ) ) ;
#1213 = DIRECTION ( 'NONE',  ( -0.000000000000000000, 1.000000000000000000, -0.000000000000000000 ) ) ;
#1214 = ORIENTED_EDGE ( 'NONE', *, *, #1488, .F. ) ;
#1215 = DIRECTION ( 'NONE',  ( -0.000000000000000000, -1.000000000000000000, -0.000000000000000000 ) ) ;
#1216 = EDGE_LOOP ( 'NONE', ( #391, #928, #573, #1335 ) ) ;
#1217 = EDGE_CURVE ( 'NONE', #1480, #814, #1726, .T. ) ;
#1218 = ORIENTED_EDGE ( 'NONE', *, *, #1512, .F. ) ;
#1219 = DIRECTION ( 'NONE',  ( 1.713307136767217343E-16, 0.000000000000000000, 1.000000000000000000 ) ) ;
#1220 = CARTESIAN_POINT ( 'NONE',  ( 17.00000000000000711, 0.000000000000000000, -19.49999999999996803 ) ) ;
#1221 = CARTESIAN_POINT ( 'NONE',  ( 38.99999999999997868, 0.000000000000000000, -68.99999999999997158 ) ) ;
#1222 = DIRECTION ( 'NONE',  ( -0.000000000000000000, -1.000000000000000000, -0.000000000000000000 ) ) ;
#1223 = EDGE_LOOP ( 'NONE', ( #536, #657 ) ) ;
#1224 = DATE_AND_TIME ( #1113, #1711 ) ;
#1225 = EDGE_LOOP ( 'NONE', ( #1030, #1594 ) ) ;
#1226 = DIRECTION ( 'NONE',  ( -0.000000000000000000, 1.000000000000000000, -0.000000000000000000 ) ) ;
#1227 = DIRECTION ( 'NONE',  ( -0.000000000000000000, -1.000000000000000000, -0.000000000000000000 ) ) ;
#1228 = DIRECTION ( 'NONE',  ( 0.000000000000000000, 0.000000000000000000, -1.000000000000000000 ) ) ;
#1229 = EDGE_CURVE ( 'NONE', #403, #1114, #435, .T. ) ;
#1230 = AXIS2_PLACEMENT_3D ( 'NONE', #465, #585, #728 ) ;
#1231 = VERTEX_POINT ( 'NONE', #1469 ) ;
#1232 = CARTESIAN_POINT ( 'NONE',  ( 39.00000000000000000, -10.00000000000000178, 72.99999999999998579 ) ) ;
#1233 = CIRCLE ( 'NONE', #693, 2.000000000000001776 ) ;
#1234 = CARTESIAN_POINT ( 'NONE',  ( -47.00000000000000000, -10.00000000000000178, 46.99999999999997868 ) ) ;
#1235 = AXIS2_PLACEMENT_3D ( 'NONE', #506, #655, #946 ) ;
#1236 = EDGE_LOOP ( 'NONE', ( #1152, #1508, #10, #1659 ) ) ;
#1237 = DIRECTION ( 'NONE',  ( -0.000000000000000000, 1.000000000000000000, -0.000000000000000000 ) ) ;
#1238 = EDGE_CURVE ( 'NONE', #932, #1589, #1431, .T. ) ;
#1239 = VERTEX_POINT ( 'NONE', #35 ) ;
#1240 = EDGE_CURVE ( 'NONE', #1682, #251, #1715, .T. ) ;
#1241 = DIRECTION ( 'NONE',  ( 2.081668171172166620E-14, 0.000000000000000000, 1.000000000000000000 ) ) ;
#1242 = ORIENTED_EDGE ( 'NONE', *, *, #327, .F. ) ;
#1243 = EDGE_LOOP ( 'NONE', ( #977, #1598 ) ) ;
#1244 = CARTESIAN_POINT ( 'NONE',  ( 0.5476783723272828919, 11.53553390593275729, 48.68696155942581782 ) ) ;
#1245 = CARTESIAN_POINT ( 'NONE',  ( 47.00000000000000000, 0.000000000000000000, -45.49999999999997868 ) ) ;
#1246 = LINE ( 'NONE', #711, #895 ) ;
#1247 = ORIENTED_EDGE ( 'NONE', *, *, #482, .T. ) ;
#1248 = DIRECTION ( 'NONE',  ( 0.000000000000000000, -1.000000000000000000, 0.000000000000000000 ) ) ;
#1249 = ORIENTED_EDGE ( 'NONE', *, *, #684, .T. ) ;
#1250 = EDGE_CURVE ( 'NONE', #501, #1373, #576, .T. ) ;
#1251 = ORIENTED_EDGE ( 'NONE', *, *, #782, .F. ) ;
#1252 = DIRECTION ( 'NONE',  ( -0.000000000000000000, -1.000000000000000000, -0.000000000000000000 ) ) ;
#1253 = LINE ( 'NONE', #1505, #38 ) ;
#1254 = DIRECTION ( 'NONE',  ( 0.000000000000000000, 0.000000000000000000, -1.000000000000000000 ) ) ;
#1255 = VECTOR ( 'NONE', #607, 1000.000000000000000 ) ;
#1256 = VERTEX_POINT ( 'NONE', #301 ) ;
#1257 = CIRCLE ( 'NONE', #743, 2.000000000000001776 ) ;
#1258 = AXIS2_PLACEMENT_3D ( 'NONE', #1295, #608, #1563 ) ;
#1259 = VERTEX_POINT ( 'NONE', #1652 ) ;
#1260 = EDGE_CURVE ( 'NONE', #650, #1154, #663, .T. ) ;
#1261 = CIRCLE ( 'NONE', #925, 3.000000000000001332 ) ;
#1262 = VECTOR ( 'NONE', #513, 1000.000000000000000 ) ;
#1263 = DIRECTION ( 'NONE',  ( -0.000000000000000000, -1.000000000000000000, -0.000000000000000000 ) ) ;
#1264 = DIRECTION ( 'NONE',  ( 0.000000000000000000, 0.000000000000000000, 1.000000000000000000 ) ) ;
#1265 = ORIENTED_EDGE ( 'NONE', *, *, #1310, .T. ) ;
#1266 = VERTEX_POINT ( 'NONE', #562 ) ;
#1267 = ADVANCED_FACE ( 'NONE', ( #1126 ), #1661, .F. ) ;
#1268 = CARTESIAN_POINT ( 'NONE',  ( -47.00000000000000000, 0.000000000000000000, 48.49999999999997868 ) ) ;
#1269 = ADVANCED_FACE ( 'NONE', ( #1527 ), #836, .F. ) ;
#1270 = DIRECTION ( 'NONE',  ( -0.000000000000000000, -1.000000000000000000, -0.000000000000000000 ) ) ;
#1271 = PLANE ( 'NONE',  #1541 ) ;
#1272 = LINE ( 'NONE', #827, #980 ) ;
#1273 = DIRECTION ( 'NONE',  ( -0.000000000000000000, -1.000000000000000000, -0.000000000000000000 ) ) ;
#1274 = LINE ( 'NONE', #1180, #720 ) ;
#1275 = EDGE_CURVE ( 'NONE', #1347, #847, #441, .T. ) ;
#1276 = ORIENTED_EDGE ( 'NONE', *, *, #963, .F. ) ;
#1277 = DIRECTION ( 'NONE',  ( 0.000000000000000000, 0.000000000000000000, -1.000000000000000000 ) ) ;
#1278 = AXIS2_PLACEMENT_3D ( 'NONE', #1611, #99, #387 ) ;
#1279 = ORIENTED_EDGE ( 'NONE', *, *, #1190, .T. ) ;
#1280 = AXIS2_PLACEMENT_3D ( 'NONE', #1308, #356, #1155 ) ;
#1281 = FACE_OUTER_BOUND ( 'NONE', #1756, .T. ) ;
#1282 = CC_DESIGN_APPROVAL ( #1355, ( #744 ) ) ;
#1283 = AXIS2_PLACEMENT_3D ( 'NONE', #821, #1361, #140 ) ;
#1284 = VERTEX_POINT ( 'NONE', #279 ) ;
#1285 = DIRECTION ( 'NONE',  ( -0.000000000000000000, 1.000000000000000000, -0.000000000000000000 ) ) ;
#1286 = CIRCLE ( 'NONE', #552, 2.000000000000001776 ) ;
#1287 = VECTOR ( 'NONE', #1203, 1000.000000000000114 ) ;
#1288 = DIRECTION ( 'NONE',  ( 3.558407130208837215E-16, 0.000000000000000000, 1.000000000000000000 ) ) ;
#1289 = CARTESIAN_POINT ( 'NONE',  ( -16.99999999999997868, 8.000000000000007105, -15.84314575050757590 ) ) ;
#1290 = EDGE_CURVE ( 'NONE', #990, #996, #1572, .T. ) ;
#1291 = DIRECTION ( 'NONE',  ( 0.000000000000000000, 0.000000000000000000, -1.000000000000000000 ) ) ;
#1292 = ORIENTED_EDGE ( 'NONE', *, *, #1420, .T. ) ;
#1293 = FACE_OUTER_BOUND ( 'NONE', #382, .T. ) ;
#1294 = CARTESIAN_POINT ( 'NONE',  ( -16.99999999999996803, 0.000000000000000000, 19.50000000000003553 ) ) ;
#1295 = CARTESIAN_POINT ( 'NONE',  ( 0.5476783723269844639, 11.53553390593275729, -48.68696155942565440 ) ) ;
#1296 = ORIENTED_EDGE ( 'NONE', *, *, #1164, .T. ) ;
#1297 = LINE ( 'NONE', #1577, #1399 ) ;
#1298 = VERTEX_POINT ( 'NONE', #407 ) ;
#1299 = DIRECTION ( 'NONE',  ( 0.000000000000000000, -1.000000000000000000, 0.000000000000000000 ) ) ;
#1300 = EDGE_CURVE ( 'NONE', #1538, #661, #1246, .T. ) ;
#1301 = VERTEX_POINT ( 'NONE', #415 ) ;
#1302 = CARTESIAN_POINT ( 'NONE',  ( -47.00000000000000000, -10.00000000000000178, 3.000000000000001332 ) ) ;
#1303 = FACE_OUTER_BOUND ( 'NONE', #370, .T. ) ;
#1304 = DIRECTION ( 'NONE',  ( 0.000000000000000000, 0.000000000000000000, 1.000000000000000000 ) ) ;
#1305 = ORIENTED_EDGE ( 'NONE', *, *, #1136, .F. ) ;
#1306 = FACE_BOUND ( 'NONE', #445, .T. ) ;
#1307 = ORIENTED_EDGE ( 'NONE', *, *, #432, .F. ) ;
#1308 = CARTESIAN_POINT ( 'NONE',  ( 47.00000000000000000, 8.000000000000000000, -46.99999999999997868 ) ) ;
#1309 = AXIS2_PLACEMENT_3D ( 'NONE', #1294, #43, #1158 ) ;
#1310 = EDGE_CURVE ( 'NONE', #1099, #83, #5, .T. ) ;
#1311 = ORIENTED_EDGE ( 'NONE', *, *, #672, .T. ) ;
#1312 = CARTESIAN_POINT ( 'NONE',  ( -39.00000000000000000, 0.000000000000000000, -68.99999999999997158 ) ) ;
#1313 = VECTOR ( 'NONE', #222, 1000.000000000000000 ) ;
#1314 = CIRCLE ( 'NONE', #455, 1.500000000000001332 ) ;
#1315 = VECTOR ( 'NONE', #1092, 1000.000000000000000 ) ;
#1316 = CARTESIAN_POINT ( 'NONE',  ( -51.00000000000000711, 8.000000000000000000, -80.99999999999997158 ) ) ;
#1317 = DIRECTION ( 'NONE',  ( 0.000000000000000000, 0.000000000000000000, 1.000000000000000000 ) ) ;
#1318 = AXIS2_PLACEMENT_3D ( 'NONE', #161, #1237, #1380 ) ;
#1319 = VECTOR ( 'NONE', #464, 1000.000000000000000 ) ;
#1320 = DIRECTION ( 'NONE',  ( 0.000000000000000000, 0.000000000000000000, 1.000000000000000000 ) ) ;
#1321 = CARTESIAN_POINT ( 'NONE',  ( -47.00000000000000000, -10.00000000000000178, -48.49999999999997868 ) ) ;
#1322 = ORIENTED_EDGE ( 'NONE', *, *, #621, .T. ) ;
#1323 = LINE ( 'NONE', #769, #1717 ) ;
#1324 = EDGE_CURVE ( 'NONE', #669, #1239, #1253, .T. ) ;
#1325 = CARTESIAN_POINT ( 'NONE',  ( -39.00000000000000000, 0.000000000000000000, -64.99999999999997158 ) ) ;
#1326 = CARTESIAN_POINT ( 'NONE',  ( 0.5476783723272901083, 8.000000000000000000, 41.93696155942581782 ) ) ;
#1327 = EDGE_CURVE ( 'NONE', #847, #102, #343, .T. ) ;
#1328 = VERTEX_POINT ( 'NONE', #718 ) ;
#1329 = CARTESIAN_POINT ( 'NONE',  ( -13.34314575050760965, 0.000000000000000000, -19.49999999999996803 ) ) ;
#1330 = ORIENTED_EDGE ( 'NONE', *, *, #1420, .F. ) ;
#1331 = CARTESIAN_POINT ( 'NONE',  ( 18.00000000000002132, 8.000000000000007105, 19.50000000000001776 ) ) ;
#1332 = FACE_OUTER_BOUND ( 'NONE', #335, .T. ) ;
#1333 = ORIENTED_EDGE ( 'NONE', *, *, #940, .F. ) ;
#1334 = DIRECTION ( 'NONE',  ( 0.000000000000000000, 1.000000000000000000, 0.000000000000000000 ) ) ;
#1335 = ORIENTED_EDGE ( 'NONE', *, *, #298, .T. ) ;
#1336 = COORDINATED_UNIVERSAL_TIME_OFFSET ( 3, 0, .BEHIND. ) ;
#1337 = VERTEX_POINT ( 'NONE', #819 ) ;
#1338 = DIRECTION ( 'NONE',  ( 0.000000000000000000, 0.000000000000000000, 1.000000000000000000 ) ) ;
#1339 = DIRECTION ( 'NONE',  ( -1.284980352575413192E-16, 0.000000000000000000, -1.000000000000000000 ) ) ;
#1340 = CIRCLE ( 'NONE', #1280, 1.500000000000001332 ) ;
#1341 = CIRCLE ( 'NONE', #171, 4.000000000000003553 ) ;
#1342 = ORIENTED_EDGE ( 'NONE', *, *, #134, .T. ) ;
#1343 = CARTESIAN_POINT ( 'NONE',  ( 0.5476783723270401971, 11.53553390593275729, -40.68696155942565440 ) ) ;
#1344 = CIRCLE ( 'NONE', #954, 2.000000000000001776 ) ;
#1345 = ADVANCED_FACE ( 'NONE', ( #991 ), #1755, .F. ) ;
#1346 = VECTOR ( 'NONE', #646, 1000.000000000000000 ) ;
#1347 = VERTEX_POINT ( 'NONE', #29 ) ;
#1348 = PERSON_AND_ORGANIZATION ( #968, #1125 ) ;
#1349 = ORIENTED_EDGE ( 'NONE', *, *, #992, .F. ) ;
#1350 = CARTESIAN_POINT ( 'NONE',  ( -39.00000000000000000, 0.000000000000000000, -66.99999999999997158 ) ) ;
#1351 = DIRECTION ( 'NONE',  ( 0.000000000000000000, 1.000000000000000000, 0.000000000000000000 ) ) ;
#1352 = ORIENTED_EDGE ( 'NONE', *, *, #1542, .T. ) ;
#1353 = LINE ( 'NONE', #1206, #1315 ) ;
#1354 = ORIENTED_EDGE ( 'NONE', *, *, #1197, .F. ) ;
#1355 = APPROVAL ( #269, 'UNSPECIFIED' ) ;
#1356 = PERSON_AND_ORGANIZATION ( #968, #1125 ) ;
#1357 = ORIENTED_EDGE ( 'NONE', *, *, #815, .T. ) ;
#1358 = EDGE_CURVE ( 'NONE', #801, #191, #1344, .T. ) ;
#1359 = CYLINDRICAL_SURFACE ( 'NONE', #172, 1.250000000000001110 ) ;
#1360 = CARTESIAN_POINT ( 'NONE',  ( -39.00000000000000000, 0.000000000000000000, -66.99999999999997158 ) ) ;
#1361 = DIRECTION ( 'NONE',  ( 0.000000000000000000, 1.000000000000000000, 0.000000000000000000 ) ) ;
#1362 = ORIENTED_EDGE ( 'NONE', *, *, #1542, .F. ) ;
#1363 = CARTESIAN_POINT ( 'NONE',  ( 0.000000000000000000, 0.000000000000000000, 0.000000000000000000 ) ) ;
#1364 = ORIENTED_EDGE ( 'NONE', *, *, #792, .F. ) ;
#1365 = LINE ( 'NONE', #692, #264 ) ;
#1366 = ADVANCED_FACE ( 'NONE', ( #976 ), #1359, .F. ) ;
#1367 = EDGE_CURVE ( 'NONE', #1154, #650, #694, .T. ) ;
#1368 = CARTESIAN_POINT ( 'NONE',  ( -51.00000000000000711, 8.000000000000000000, -80.99999999999997158 ) ) ;
#1369 = DIRECTION ( 'NONE',  ( 0.000000000000000000, 1.000000000000000000, 0.000000000000000000 ) ) ;
#1370 = AXIS2_PLACEMENT_3D ( 'NONE', #1746, #1442, #105 ) ;
#1371 = CARTESIAN_POINT ( 'NONE',  ( 47.00000000000000000, 8.000000000000000000, -48.49999999999997868 ) ) ;
#1372 = CIRCLE ( 'NONE', #889, 1.250000000000001110 ) ;
#1373 = VERTEX_POINT ( 'NONE', #888 ) ;
#1374 = AXIS2_PLACEMENT_3D ( 'NONE', #390, #775, #923 ) ;
#1375 = VECTOR ( 'NONE', #1694, 1000.000000000000000 ) ;
#1376 = APPROVAL_DATE_TIME ( #421, #1355 ) ;
#1377 = ORIENTED_EDGE ( 'NONE', *, *, #853, .T. ) ;
#1378 = CYLINDRICAL_SURFACE ( 'NONE', #897, 1.250000000000001110 ) ;
#1379 = CYLINDRICAL_SURFACE ( 'NONE', #803, 1.500000000000001332 ) ;
#1380 = DIRECTION ( 'NONE',  ( 0.000000000000000000, 0.000000000000000000, 1.000000000000000000 ) ) ;
#1381 = CARTESIAN_POINT ( 'NONE',  ( -13.34314575050760610, 8.000000000000007105, -20.49999999999996803 ) ) ;
#1382 = ADVANCED_FACE ( 'NONE', ( #606 ), #753, .F. ) ;
#1383 = VERTEX_POINT ( 'NONE', #1268 ) ;
#1384 = DIRECTION ( 'NONE',  ( 0.000000000000000000, 0.000000000000000000, 1.000000000000000000 ) ) ;
#1385 = ORIENTED_EDGE ( 'NONE', *, *, #1014, .T. ) ;
#1386 = DIRECTION ( 'NONE',  ( 0.000000000000000000, -1.000000000000000000, 0.000000000000000000 ) ) ;
#1387 = CARTESIAN_POINT ( 'NONE',  ( 17.00000000000002132, 0.000000000000000000, 19.50000000000002487 ) ) ;
#1388 = FACE_OUTER_BOUND ( 'NONE', #909, .T. ) ;
#1389 = LINE ( 'NONE', #586, #577 ) ;
#1390 = EDGE_CURVE ( 'NONE', #175, #996, #472, .T. ) ;
#1391 = EDGE_LOOP ( 'NONE', ( #1086, #1134 ) ) ;
#1392 = ORIENTED_EDGE ( 'NONE', *, *, #842, .T. ) ;
#1393 = CARTESIAN_POINT ( 'NONE',  ( -50.99999999999995026, 8.000000000000000000, 85.00000000000002842 ) ) ;
#1394 = CARTESIAN_POINT ( 'NONE',  ( 47.00000000000000000, 0.000000000000000000, -46.99999999999997868 ) ) ;
#1395 = CIRCLE ( 'NONE', #1309, 1.000000000000000888 ) ;
#1396 = ORIENTED_EDGE ( 'NONE', *, *, #1734, .F. ) ;
#1397 = DIRECTION ( 'NONE',  ( 0.000000000000000000, 1.000000000000000000, 0.000000000000000000 ) ) ;
#1398 = APPROVAL_PERSON_ORGANIZATION ( #1509, #850, #256 ) ;
#1399 = VECTOR ( 'NONE', #342, 1000.000000000000000 ) ;
#1400 = EDGE_CURVE ( 'NONE', #1051, #618, #1634, .T. ) ;
#1401 = EDGE_CURVE ( 'NONE', #824, #74, #589, .T. ) ;
#1402 = VECTOR ( 'NONE', #1593, 1000.000000000000000 ) ;
#1403 = EDGE_LOOP ( 'NONE', ( #1463, #1650, #95, #817 ) ) ;
#1404 = AXIS2_PLACEMENT_3D ( 'NONE', #369, #1076, #1486 ) ;
#1405 = VECTOR ( 'NONE', #348, 1000.000000000000000 ) ;
#1406 = CARTESIAN_POINT ( 'NONE',  ( 0.5476783723270401971, 8.000000000000000000, -40.68696155942565440 ) ) ;
#1407 = FACE_BOUND ( 'NONE', #1503, .T. ) ;
#1408 = CARTESIAN_POINT ( 'NONE',  ( -39.00000000000000000, 8.000000000000000000, -68.99999999999997158 ) ) ;
#1409 = ORIENTED_EDGE ( 'NONE', *, *, #592, .F. ) ;
#1410 = EDGE_CURVE ( 'NONE', #995, #1099, #14, .T. ) ;
#1411 = DIRECTION ( 'NONE',  ( 0.000000000000000000, 0.000000000000000000, 1.000000000000000000 ) ) ;
#1412 = CARTESIAN_POINT ( 'NONE',  ( 0.5476783723270401971, 0.000000000000000000, -40.68696155942565440 ) ) ;
#1413 = LINE ( 'NONE', #466, #1518 ) ;
#1414 = ORIENTED_EDGE ( 'NONE', *, *, #1617, .F. ) ;
#1415 = DIRECTION ( 'NONE',  ( 0.000000000000000000, 1.000000000000000000, 0.000000000000000000 ) ) ;
#1416 = ORIENTED_EDGE ( 'NONE', *, *, #1358, .F. ) ;
#1417 = CARTESIAN_POINT ( 'NONE',  ( 47.00000000000000000, 0.000000000000000000, 0.000000000000000000 ) ) ;
#1418 = VERTEX_POINT ( 'NONE', #215 ) ;
#1419 = LINE ( 'NONE', #597, #864 ) ;
#1420 = EDGE_CURVE ( 'NONE', #1373, #1192, #1025, .T. ) ;
#1421 = DIRECTION ( 'NONE',  ( 0.000000000000000000, 0.000000000000000000, 1.000000000000000000 ) ) ;
#1422 = CARTESIAN_POINT ( 'NONE',  ( -50.99999999999995026, 8.000000000000000000, 85.00000000000002842 ) ) ;
#1423 = FACE_BOUND ( 'NONE', #1062, .T. ) ;
#1424 = AXIS2_PLACEMENT_3D ( 'NONE', #287, #677, #1101 ) ;
#1425 = ORIENTED_EDGE ( 'NONE', *, *, #1217, .F. ) ;
#1426 = AXIS2_PLACEMENT_3D ( 'NONE', #326, #1722, #1699 ) ;
#1427 = DIRECTION ( 'NONE',  ( -0.000000000000000000, 1.000000000000000000, -0.000000000000000000 ) ) ;
#1428 = CIRCLE ( 'NONE', #404, 4.000000000000003553 ) ;
#1429 = ORIENTED_EDGE ( 'NONE', *, *, #904, .T. ) ;
#1430 = DIRECTION ( 'NONE',  ( 0.000000000000000000, 1.000000000000000000, 0.000000000000000000 ) ) ;
#1431 = CIRCLE ( 'NONE', #578, 3.000000000000001332 ) ;
#1432 = AXIS2_PLACEMENT_3D ( 'NONE', #1562, #1263, #734 ) ;
#1433 = LINE ( 'NONE', #169, #1255 ) ;
#1434 = DIRECTION ( 'NONE',  ( -0.000000000000000000, -1.000000000000000000, -0.000000000000000000 ) ) ;
#1435 = EDGE_CURVE ( 'NONE', #516, #1523, #878, .T. ) ;
#1436 = ORIENTED_EDGE ( 'NONE', *, *, #1586, .T. ) ;
#1437 = CARTESIAN_POINT ( 'NONE',  ( 39.00000000000000000, 0.000000000000000000, 70.99999999999998579 ) ) ;
#1438 = ORIENTED_EDGE ( 'NONE', *, *, #1734, .T. ) ;
#1439 = DIRECTION ( 'NONE',  ( -0.000000000000000000, 1.000000000000000000, -0.000000000000000000 ) ) ;
#1440 = ORIENTED_EDGE ( 'NONE', *, *, #543, .T. ) ;
#1441 = DIRECTION ( 'NONE',  ( 0.000000000000000000, 0.000000000000000000, 1.000000000000000000 ) ) ;
#1442 = DIRECTION ( 'NONE',  ( 0.000000000000000000, 1.000000000000000000, -0.000000000000000000 ) ) ;
#1443 = CARTESIAN_POINT ( 'NONE',  ( 0.5476783723272899973, 8.000000000000000000, 40.68696155942581782 ) ) ;
#1444 = DIRECTION ( 'NONE',  ( 0.000000000000000000, 0.000000000000000000, -1.000000000000000000 ) ) ;
#1445 = EDGE_CURVE ( 'NONE', #158, #74, #1419, .T. ) ;
#1446 = ORIENTED_EDGE ( 'NONE', *, *, #622, .F. ) ;
#1447 = ORIENTED_EDGE ( 'NONE', *, *, #641, .T. ) ;
#1448 = CYLINDRICAL_SURFACE ( 'NONE', #716, 3.000000000000001332 ) ;
#1449 = CARTESIAN_POINT ( 'NONE',  ( -17.70710678118652837, 8.000000000000007105, -16.55025253169412380 ) ) ;
#1450 = ORIENTED_EDGE ( 'NONE', *, *, #177, .F. ) ;
#1451 = FACE_BOUND ( 'NONE', #373, .T. ) ;
#1452 = ORIENTED_EDGE ( 'NONE', *, *, #583, .T. ) ;
#1453 = CARTESIAN_POINT ( 'NONE',  ( 39.00000000000000000, -10.00000000000000178, 72.99999999999998579 ) ) ;
#1454 = EDGE_CURVE ( 'NONE', #1544, #175, #985, .T. ) ;
#1455 = AXIS2_PLACEMENT_3D ( 'NONE', #1150, #483, #998 ) ;
#1456 = EDGE_LOOP ( 'NONE', ( #1003, #293 ) ) ;
#1457 = CARTESIAN_POINT ( 'NONE',  ( 0.5476783723270401971, 8.000000000000000000, -40.68696155942565440 ) ) ;
#1458 = AXIS2_PLACEMENT_3D ( 'NONE', #81, #1588, #1579 ) ;
#1459 = AXIS2_PLACEMENT_3D ( 'NONE', #1343, #1215, #537 ) ;
#1460 = CARTESIAN_POINT ( 'NONE',  ( 47.00000000000000000, 8.000000000000000000, 0.000000000000000000 ) ) ;
#1461 = ORIENTED_EDGE ( 'NONE', *, *, #375, .F. ) ;
#1462 = AXIS2_PLACEMENT_3D ( 'NONE', #1443, #1688, #1304 ) ;
#1463 = ORIENTED_EDGE ( 'NONE', *, *, #961, .F. ) ;
#1464 = CARTESIAN_POINT ( 'NONE',  ( -16.99999999999996092, 0.000000000000000000, 20.50000000000003553 ) ) ;
#1465 = ORIENTED_EDGE ( 'NONE', *, *, #1164, .F. ) ;
#1466 = VERTEX_POINT ( 'NONE', #336 ) ;
#1467 = EDGE_CURVE ( 'NONE', #1301, #364, #635, .T. ) ;
#1468 = DIRECTION ( 'NONE',  ( -0.000000000000000000, -1.000000000000000000, -0.000000000000000000 ) ) ;
#1469 = CARTESIAN_POINT ( 'NONE',  ( -39.00000000000000000, 8.000000000000000000, 74.99999999999998579 ) ) ;
#1470 = ORIENTED_EDGE ( 'NONE', *, *, #1090, .T. ) ;
#1471 = LINE ( 'NONE', #670, #1008 ) ;
#1472 = ORIENTED_EDGE ( 'NONE', *, *, #1275, .T. ) ;
#1473 = ORIENTED_EDGE ( 'NONE', *, *, #1445, .F. ) ;
#1474 = CARTESIAN_POINT ( 'NONE',  ( -39.00000000000000000, 0.000000000000000000, 72.99999999999998579 ) ) ;
#1475 = CARTESIAN_POINT ( 'NONE',  ( -50.99999999999998579, 0.000000000000000000, 81.00000000000002842 ) ) ;
#1476 = CYLINDRICAL_SURFACE ( 'NONE', #1235, 2.000000000000001776 ) ;
#1477 = ADVANCED_FACE ( 'NONE', ( #206 ), #42, .F. ) ;
#1478 = ORIENTED_EDGE ( 'NONE', *, *, #1131, .F. ) ;
#1479 = DIRECTION ( 'NONE',  ( 0.000000000000000000, 0.000000000000000000, -1.000000000000000000 ) ) ;
#1480 = VERTEX_POINT ( 'NONE', #321 ) ;
#1481 = ORIENTED_EDGE ( 'NONE', *, *, #1400, .F. ) ;
#1482 = DIRECTION ( 'NONE',  ( 0.000000000000000000, 0.000000000000000000, 1.000000000000000000 ) ) ;
#1483 = CIRCLE ( 'NONE', #596, 3.000000000000001332 ) ;
#1484 = CARTESIAN_POINT ( 'NONE',  ( 0.5476783723269844639, 11.53553390593275729, -48.68696155942565440 ) ) ;
#1485 = AXIS2_PLACEMENT_3D ( 'NONE', #1674, #869, #1063 ) ;
#1486 = DIRECTION ( 'NONE',  ( 0.000000000000000000, 0.000000000000000000, 1.000000000000000000 ) ) ;
#1487 = AXIS2_PLACEMENT_3D ( 'NONE', #1163, #1560, #219 ) ;
#1488 = EDGE_CURVE ( 'NONE', #1337, #1192, #1034, .T. ) ;
#1489 = ORIENTED_EDGE ( 'NONE', *, *, #1608, .T. ) ;
#1490 = DIRECTION ( 'NONE',  ( -0.000000000000000000, 1.000000000000000000, -0.000000000000000000 ) ) ;
#1491 = VECTOR ( 'NONE', #156, 1000.000000000000000 ) ;
#1492 = ADVANCED_FACE ( 'NONE', ( #1147 ), #742, .F. ) ;
#1493 = AXIS2_PLACEMENT_3D ( 'NONE', #1474, #1581, #358 ) ;
#1494 = ORIENTED_EDGE ( 'NONE', *, *, #447, .T. ) ;
#1495 = APPLICATION_PROTOCOL_DEFINITION ( 'international standard', 'config_control_design', 1994, #47 ) ;
#1496 = ORIENTED_EDGE ( 'NONE', *, *, #1310, .F. ) ;
#1497 = DIRECTION ( 'NONE',  ( -0.000000000000000000, 1.000000000000000000, -0.000000000000000000 ) ) ;
#1498 = DIRECTION ( 'NONE',  ( 0.000000000000000000, 1.000000000000000000, 0.000000000000000000 ) ) ;
#1499 = EDGE_LOOP ( 'NONE', ( #1129, #512 ) ) ;
#1500 = CARTESIAN_POINT ( 'NONE',  ( 47.00000000000000000, 0.000000000000000000, 48.49999999999997868 ) ) ;
#1501 = ADVANCED_FACE ( 'NONE', ( #1293 ), #726, .F. ) ;
#1502 = APPROVAL_DATE_TIME ( #1209, #850 ) ;
#1503 = EDGE_LOOP ( 'NONE', ( #429, #1028 ) ) ;
#1504 = DIRECTION ( 'NONE',  ( -0.000000000000000000, 1.000000000000000000, -0.000000000000000000 ) ) ;
#1505 = CARTESIAN_POINT ( 'NONE',  ( -14.05025253169416288, 125.0695467072830382, -20.20710678118651060 ) ) ;
#1506 = EDGE_LOOP ( 'NONE', ( #1362, #61, #45, #347 ) ) ;
#1507 = DIRECTION ( 'NONE',  ( 0.000000000000000000, -1.000000000000000000, 0.000000000000000000 ) ) ;
#1508 = ORIENTED_EDGE ( 'NONE', *, *, #1692, .T. ) ;
#1509 = PERSON_AND_ORGANIZATION ( #968, #1125 ) ;
#1510 = ORIENTED_EDGE ( 'NONE', *, *, #1410, .T. ) ;
#1511 = FACE_OUTER_BOUND ( 'NONE', #1729, .T. ) ;
#1512 = EDGE_CURVE ( 'NONE', #191, #110, #1135, .T. ) ;
#1513 = CARTESIAN_POINT ( 'NONE',  ( 47.00000000000000000, 8.000000000000000000, 0.000000000000000000 ) ) ;
#1514 = CARTESIAN_POINT ( 'NONE',  ( -47.00000000000000000, 8.000000000000000000, -46.99999999999997868 ) ) ;
#1515 = AXIS2_PLACEMENT_3D ( 'NONE', #1738, #1064, #380 ) ;
#1516 = CARTESIAN_POINT ( 'NONE',  ( -47.00000000000000000, 0.000000000000000000, 0.000000000000000000 ) ) ;
#1517 = CIRCLE ( 'NONE', #924, 1.500000000000001332 ) ;
#1518 = VECTOR ( 'NONE', #626, 1000.000000000000000 ) ;
#1519 = CIRCLE ( 'NONE', #779, 2.000000000000001776 ) ;
#1520 = PRODUCT ( 'PlatinaAluminio 2', 'PlatinaAluminio 2', '', ( #1085 ) ) ;
#1521 = ORIENTED_EDGE ( 'NONE', *, *, #992, .T. ) ;
#1522 = DIRECTION ( 'NONE',  ( 0.000000000000000000, 1.000000000000000000, 0.000000000000000000 ) ) ;
#1523 = VERTEX_POINT ( 'NONE', #997 ) ;
#1524 = FACE_OUTER_BOUND ( 'NONE', #834, .T. ) ;
#1525 = DIRECTION ( 'NONE',  ( 0.000000000000000000, 0.000000000000000000, 1.000000000000000000 ) ) ;
#1526 = VERTEX_POINT ( 'NONE', #1533 ) ;
#1527 = FACE_OUTER_BOUND ( 'NONE', #1146, .T. ) ;
#1528 = EDGE_CURVE ( 'NONE', #364, #1301, #317, .T. ) ;
#1529 = CYLINDRICAL_SURFACE ( 'NONE', #1032, 2.000000000000001776 ) ;
#1530 = DIRECTION ( 'NONE',  ( 0.000000000000000000, 0.000000000000000000, 1.000000000000000000 ) ) ;
#1531 = VERTEX_POINT ( 'NONE', #252 ) ;
#1532 = ORIENTED_EDGE ( 'NONE', *, *, #1435, .F. ) ;
#1533 = CARTESIAN_POINT ( 'NONE',  ( 17.00000000000000000, 0.000000000000000000, -20.49999999999996803 ) ) ;
#1534 = CARTESIAN_POINT ( 'NONE',  ( -17.70710678118652837, 125.0695467072830382, -16.55025253169412380 ) ) ;
#1535 = CYLINDRICAL_SURFACE ( 'NONE', #1258, 1.250000000000001110 ) ;
#1536 = PRODUCT_RELATED_PRODUCT_CATEGORY ( 'detail', '', ( #1520 ) ) ;
#1537 = CIRCLE ( 'NONE', #1173, 1.500000000000001332 ) ;
#1538 = VERTEX_POINT ( 'NONE', #1187 ) ;
#1539 = CARTESIAN_POINT ( 'NONE',  ( -50.99999999999995026, 8.000000000000000000, 85.00000000000002842 ) ) ;
#1540 = LOCAL_TIME ( 10, 18, 26.00000000000000000, #1336 ) ;
#1541 = AXIS2_PLACEMENT_3D ( 'NONE', #1697, #51, #1013 ) ;
#1542 = EDGE_CURVE ( 'NONE', #1685, #1259, #236, .T. ) ;
#1543 = VECTOR ( 'NONE', #988, 1000.000000000000000 ) ;
#1544 = VERTEX_POINT ( 'NONE', #1610 ) ;
#1545 = CARTESIAN_POINT ( 'NONE',  ( -47.00000000000000000, -10.00000000000000178, -46.99999999999997868 ) ) ;
#1546 = VECTOR ( 'NONE', #912, 1000.000000000000000 ) ;
#1547 = CIRCLE ( 'NONE', #1573, 1.250000000000001110 ) ;
#1548 = DIRECTION ( 'NONE',  ( 0.000000000000000000, 1.000000000000000000, 0.000000000000000000 ) ) ;
#1549 = DIRECTION ( 'NONE',  ( -0.000000000000000000, 1.000000000000000000, -0.000000000000000000 ) ) ;
#1550 = CARTESIAN_POINT ( 'NONE',  ( -13.34314575050760610, 125.0695467072830382, -20.49999999999996803 ) ) ;
#1551 = EDGE_LOOP ( 'NONE', ( #550, #538, #1452, #280 ) ) ;
#1552 = DIRECTION ( 'NONE',  ( -0.000000000000000000, 1.000000000000000000, -0.000000000000000000 ) ) ;
#1553 = ADVANCED_FACE ( 'NONE', ( #666 ), #1616, .F. ) ;
#1554 = VERTEX_POINT ( 'NONE', #1331 ) ;
#1555 = CARTESIAN_POINT ( 'NONE',  ( -55.00000000000000000, 0.000000000000000000, -80.99999999999994316 ) ) ;
#1556 = DIRECTION ( 'NONE',  ( 0.000000000000000000, 1.000000000000000000, 0.000000000000000000 ) ) ;
#1557 = CYLINDRICAL_SURFACE ( 'NONE', #524, 1.000000000000000888 ) ;
#1558 = EDGE_LOOP ( 'NONE', ( #31, #1055, #1, #681 ) ) ;
#1559 = EDGE_LOOP ( 'NONE', ( #1377, #1465, #971, #843 ) ) ;
#1560 = DIRECTION ( 'NONE',  ( -1.000000000000000000, 0.000000000000000000, 3.926585342962897980E-16 ) ) ;
#1561 = ORIENTED_EDGE ( 'NONE', *, *, #442, .T. ) ;
#1562 = CARTESIAN_POINT ( 'NONE',  ( 0.5476783723272828919, 8.000000000000000000, 48.68696155942581782 ) ) ;
#1563 = DIRECTION ( 'NONE',  ( 0.000000000000000000, 0.000000000000000000, -1.000000000000000000 ) ) ;
#1564 = FACE_BOUND ( 'NONE', #915, .T. ) ;
#1565 = AXIS2_PLACEMENT_3D ( 'NONE', #902, #1556, #721 ) ;
#1566 = EDGE_LOOP ( 'NONE', ( #1251, #609, #193, #1689 ) ) ;
#1567 = VECTOR ( 'NONE', #1031, 1000.000000000000000 ) ;
#1568 = LINE ( 'NONE', #1321, #1681 ) ;
#1569 = AXIS2_PLACEMENT_3D ( 'NONE', #529, #960, #1614 ) ;
#1570 = VERTEX_POINT ( 'NONE', #796 ) ;
#1571 = DIRECTION ( 'NONE',  ( 0.000000000000000000, 0.000000000000000000, -1.000000000000000000 ) ) ;
#1572 = CIRCLE ( 'NONE', #1657, 1.250000000000001110 ) ;
#1573 = AXIS2_PLACEMENT_3D ( 'NONE', #379, #936, #235 ) ;
#1574 = CARTESIAN_POINT ( 'NONE',  ( -13.34314575050760965, 125.0695467072830382, -19.49999999999996803 ) ) ;
#1575 = EDGE_CURVE ( 'NONE', #1544, #990, #504, .T. ) ;
#1576 = EDGE_LOOP ( 'NONE', ( #1607, #1624, #241, #1470 ) ) ;
#1577 = CARTESIAN_POINT ( 'NONE',  ( -13.34314575050760610, 0.000000000000000000, -20.49999999999996803 ) ) ;
#1578 = ORIENTED_EDGE ( 'NONE', *, *, #699, .T. ) ;
#1579 = DIRECTION ( 'NONE',  ( 0.000000000000000000, 0.000000000000000000, 1.000000000000000000 ) ) ;
#1580 = ORIENTED_EDGE ( 'NONE', *, *, #1727, .T. ) ;
#1581 = DIRECTION ( 'NONE',  ( 0.000000000000000000, 1.000000000000000000, 0.000000000000000000 ) ) ;
#1582 = CARTESIAN_POINT ( 'NONE',  ( -47.00000000000000000, 8.000000000000000000, 0.000000000000000000 ) ) ;
#1583 = DIRECTION ( 'NONE',  ( -0.000000000000000000, 1.000000000000000000, -0.000000000000000000 ) ) ;
#1584 = EDGE_CURVE ( 'NONE', #1523, #882, #1519, .T. ) ;
#1585 = DIRECTION ( 'NONE',  ( 0.000000000000000000, 0.000000000000000000, -1.000000000000000000 ) ) ;
#1586 = EDGE_CURVE ( 'NONE', #1022, #1051, #1745, .T. ) ;
#1587 = ORIENTED_EDGE ( 'NONE', *, *, #699, .F. ) ;
#1588 = DIRECTION ( 'NONE',  ( 0.000000000000000000, 1.000000000000000000, 0.000000000000000000 ) ) ;
#1589 = VERTEX_POINT ( 'NONE', #624 ) ;
#1590 = LINE ( 'NONE', #910, #1313 ) ;
#1591 = CARTESIAN_POINT ( 'NONE',  ( 0.5476783723272899973, 11.53553390593275729, 40.68696155942581782 ) ) ;
#1592 = DIRECTION ( 'NONE',  ( 0.000000000000000000, -1.000000000000000000, 0.000000000000000000 ) ) ;
#1593 = DIRECTION ( 'NONE',  ( -0.000000000000000000, 1.000000000000000000, -0.000000000000000000 ) ) ;
#1594 = ORIENTED_EDGE ( 'NONE', *, *, #507, .T. ) ;
#1595 = AXIS2_PLACEMENT_3D ( 'NONE', #1545, #1504, #262 ) ;
#1596 = EDGE_CURVE ( 'NONE', #40, #926, #1730, .T. ) ;
#1597 = VECTOR ( 'NONE', #731, 1000.000000000000000 ) ;
#1598 = ORIENTED_EDGE ( 'NONE', *, *, #1528, .F. ) ;
#1599 = DIRECTION ( 'NONE',  ( -0.000000000000000000, -1.000000000000000000, -0.000000000000000000 ) ) ;
#1600 = CIRCLE ( 'NONE', #717, 1.000000000000000888 ) ;
#1601 = VECTOR ( 'NONE', #712, 1000.000000000000000 ) ;
#1602 = CYLINDRICAL_SURFACE ( 'NONE', #1143, 4.000000000000003553 ) ;
#1603 = DIRECTION ( 'NONE',  ( 0.000000000000000000, 0.000000000000000000, 1.000000000000000000 ) ) ;
#1604 = AXIS2_PLACEMENT_3D ( 'NONE', #253, #497, #931 ) ;
#1605 = ORIENTED_EDGE ( 'NONE', *, *, #555, .F. ) ;
#1606 = CARTESIAN_POINT ( 'NONE',  ( -14.05025253169416288, 8.000000000000007105, -20.20710678118651060 ) ) ;
#1607 = ORIENTED_EDGE ( 'NONE', *, *, #420, .T. ) ;
#1608 = EDGE_CURVE ( 'NONE', #1531, #325, #174, .T. ) ;
#1609 = VERTEX_POINT ( 'NONE', #104 ) ;
#1610 = CARTESIAN_POINT ( 'NONE',  ( 0.5476783723272828919, 8.000000000000000000, 47.43696155942581782 ) ) ;
#1611 = CARTESIAN_POINT ( 'NONE',  ( -47.00000000000000000, 0.000000000000000000, -46.99999999999997868 ) ) ;
#1612 = DIRECTION ( 'NONE',  ( 0.000000000000000000, 0.000000000000000000, 1.000000000000000000 ) ) ;
#1613 = EDGE_LOOP ( 'NONE', ( #1210, #1045, #1672, #1162 ) ) ;
#1614 = DIRECTION ( 'NONE',  ( 0.000000000000000000, 0.000000000000000000, -1.000000000000000000 ) ) ;
#1615 = ORIENTED_EDGE ( 'NONE', *, *, #1488, .T. ) ;
#1616 = CYLINDRICAL_SURFACE ( 'NONE', #39, 3.000000000000001332 ) ;
#1617 = EDGE_CURVE ( 'NONE', #1099, #995, #346, .T. ) ;
#1618 = DIRECTION ( 'NONE',  ( 0.000000000000000000, 0.000000000000000000, 1.000000000000000000 ) ) ;
#1619 = EDGE_CURVE ( 'NONE', #1298, #955, #1175, .T. ) ;
#1620 = ORIENTED_EDGE ( 'NONE', *, *, #184, .T. ) ;
#1621 = CARTESIAN_POINT ( 'NONE',  ( 0.5476783723270401971, 11.53553390593275729, -41.93696155942566151 ) ) ;
#1622 = ORIENTED_EDGE ( 'NONE', *, *, #97, .T. ) ;
#1623 = DATE_AND_TIME ( #673, #93 ) ;
#1624 = ORIENTED_EDGE ( 'NONE', *, *, #523, .F. ) ;
#1625 = AXIS2_PLACEMENT_3D ( 'NONE', #84, #244, #394 ) ;
#1626 = DIRECTION ( 'NONE',  ( 0.000000000000000000, 0.000000000000000000, 1.000000000000000000 ) ) ;
#1627 = CIRCLE ( 'NONE', #1041, 2.000000000000001776 ) ;
#1628 = DIRECTION ( 'NONE',  ( 0.000000000000000000, -1.000000000000000000, 0.000000000000000000 ) ) ;
#1629 = VECTOR ( 'NONE', #488, 1000.000000000000000 ) ;
#1630 = CIRCLE ( 'NONE', #860, 1.000000000000000888 ) ;
#1631 = EDGE_CURVE ( 'NONE', #175, #1544, #1547, .T. ) ;
#1632 = FACE_OUTER_BOUND ( 'NONE', #1194, .T. ) ;
#1633 = AXIS2_PLACEMENT_3D ( 'NONE', #166, #1647, #1117 ) ;
#1634 = CIRCLE ( 'NONE', #581, 2.000000000000001776 ) ;
#1635 = PERSON_AND_ORGANIZATION_ROLE ( 'creator' ) ;
#1636 = ORIENTED_EDGE ( 'NONE', *, *, #232, .F. ) ;
#1637 = FACE_OUTER_BOUND ( 'NONE', #1216, .T. ) ;
#1638 = CARTESIAN_POINT ( 'NONE',  ( 47.00000000000000000, -10.00000000000000178, -48.49999999999997868 ) ) ;
#1639 = FACE_OUTER_BOUND ( 'NONE', #896, .T. ) ;
#1640 = DIRECTION ( 'NONE',  ( 0.000000000000000000, 0.000000000000000000, -1.000000000000000000 ) ) ;
#1641 = EDGE_CURVE ( 'NONE', #1685, #1526, #1323, .T. ) ;
#1642 = EDGE_CURVE ( 'NONE', #325, #1531, #1011, .T. ) ;
#1643 = CALENDAR_DATE ( 2026, 19, 8 ) ;
#1644 = ORIENTED_EDGE ( 'NONE', *, *, #1189, .T. ) ;
#1645 = CARTESIAN_POINT ( 'NONE',  ( 55.00000000000002842, 8.000000000000000000, 81.00000000000000000 ) ) ;
#1646 = DIRECTION ( 'NONE',  ( 0.000000000000000000, 0.000000000000000000, 1.000000000000000000 ) ) ;
#1647 = DIRECTION ( 'NONE',  ( 0.000000000000000000, 1.000000000000000000, -0.000000000000000000 ) ) ;
#1648 = CARTESIAN_POINT ( 'NONE',  ( -47.00000000000000000, 0.000000000000000000, -3.000000000000001332 ) ) ;
#1649 = APPROVAL_DATE_TIME ( #1224, #723 ) ;
#1650 = ORIENTED_EDGE ( 'NONE', *, *, #1678, .T. ) ;
#1651 = CARTESIAN_POINT ( 'NONE',  ( 47.00000000000000000, -10.00000000000000178, -45.49999999999997868 ) ) ;
#1652 = CARTESIAN_POINT ( 'NONE',  ( 18.00000000000001066, 8.000000000000007105, -19.49999999999996092 ) ) ;
#1653 = AXIS2_PLACEMENT_3D ( 'NONE', #751, #1299, #1291 ) ;
#1654 = EDGE_LOOP ( 'NONE', ( #866, #1409, #1118, #532, #1040, #1693, #67, #239, #1001, #511 ) ) ;
#1655 = CARTESIAN_POINT ( 'NONE',  ( -47.00000000000000000, -10.00000000000000178, -46.99999999999997868 ) ) ;
#1656 = CIRCLE ( 'NONE', #891, 1.500000000000001332 ) ;
#1657 = AXIS2_PLACEMENT_3D ( 'NONE', #841, #433, #686 ) ;
#1658 = AXIS2_PLACEMENT_3D ( 'NONE', #1406, #306, #1441 ) ;
#1659 = ORIENTED_EDGE ( 'NONE', *, *, #386, .F. ) ;
#1660 = ADVANCED_FACE ( 'NONE', ( #1737 ), #1448, .F. ) ;
#1661 = PLANE ( 'NONE',  #1123 ) ;
#1662 = FACE_OUTER_BOUND ( 'NONE', #777, .T. ) ;
#1663 = DIRECTION ( 'NONE',  ( -0.000000000000000000, 1.000000000000000000, -0.000000000000000000 ) ) ;
#1664 = ORIENTED_EDGE ( 'NONE', *, *, #1327, .F. ) ;
#1665 = ORIENTED_EDGE ( 'NONE', *, *, #621, .F. ) ;
#1666 = DIRECTION ( 'NONE',  ( 1.000000000000000000, 0.000000000000000000, 0.000000000000000000 ) ) ;
#1667 = CC_DESIGN_PERSON_AND_ORGANIZATION_ASSIGNMENT ( #1356, #822, ( #1047 ) ) ;
#1668 = DIRECTION ( 'NONE',  ( 0.000000000000000000, 1.000000000000000000, 0.000000000000000000 ) ) ;
#1669 = DIRECTION ( 'NONE',  ( -0.000000000000000000, 1.000000000000000000, -0.000000000000000000 ) ) ;
#1670 = EDGE_CURVE ( 'NONE', #191, #801, #460, .T. ) ;
#1671 = ORIENTED_EDGE ( 'NONE', *, *, #948, .T. ) ;
#1672 = ORIENTED_EDGE ( 'NONE', *, *, #531, .T. ) ;
#1673 = DIRECTION ( 'NONE',  ( 0.000000000000000000, 1.000000000000000000, 0.000000000000000000 ) ) ;
#1674 = CARTESIAN_POINT ( 'NONE',  ( 38.99999999999997868, 8.000000000000000000, -66.99999999999997158 ) ) ;
#1675 = LINE ( 'NONE', #892, #339 ) ;
#1676 = CARTESIAN_POINT ( 'NONE',  ( 0.5476783723270401971, 8.000000000000000000, -41.93696155942566151 ) ) ;
#1677 = AXIS2_PLACEMENT_3D ( 'NONE', #1534, #1037, #187 ) ;
#1678 = EDGE_CURVE ( 'NONE', #805, #1609, #1590, .T. ) ;
#1679 = EDGE_LOOP ( 'NONE', ( #560, #1249, #65, #935 ) ) ;
#1680 = CARTESIAN_POINT ( 'NONE',  ( 51.00000000000002842, 8.000000000000000000, 81.00000000000002842 ) ) ;
#1681 = VECTOR ( 'NONE', #1427, 1000.000000000000000 ) ;
#1682 = VERTEX_POINT ( 'NONE', #1724 ) ;
#1683 = DIRECTION ( 'NONE',  ( -0.000000000000000000, -1.000000000000000000, -0.000000000000000000 ) ) ;
#1684 = AXIS2_PLACEMENT_3D ( 'NONE', #69, #1020, #311 ) ;
#1685 = VERTEX_POINT ( 'NONE', #367 ) ;
#1686 = CARTESIAN_POINT ( 'NONE',  ( -16.99999999999996803, 125.0695467072830382, 19.50000000000003553 ) ) ;
#1687 = DIRECTION ( 'NONE',  ( 0.000000000000000000, 0.000000000000000000, 1.000000000000000000 ) ) ;
#1688 = DIRECTION ( 'NONE',  ( -0.000000000000000000, -1.000000000000000000, -0.000000000000000000 ) ) ;
#1689 = ORIENTED_EDGE ( 'NONE', *, *, #649, .F. ) ;
#1690 = FACE_BOUND ( 'NONE', #242, .T. ) ;
#1691 = VERTEX_POINT ( 'NONE', #781 ) ;
#1692 = EDGE_CURVE ( 'NONE', #932, #403, #136, .T. ) ;
#1693 = ORIENTED_EDGE ( 'NONE', *, *, #1165, .F. ) ;
#1694 = DIRECTION ( 'NONE',  ( -0.000000000000000000, -1.000000000000000000, -0.000000000000000000 ) ) ;
#1695 = CARTESIAN_POINT ( 'NONE',  ( -54.99999999999997868, 0.000000000000000000, 81.00000000000000000 ) ) ;
#1696 = DIRECTION ( 'NONE',  ( -0.000000000000000000, 1.000000000000000000, -0.000000000000000000 ) ) ;
#1697 = CARTESIAN_POINT ( 'NONE',  ( -50.99999999999998579, 8.000000000000000000, 81.00000000000002842 ) ) ;
#1698 = VERTEX_POINT ( 'NONE', #825 ) ;
#1699 = DIRECTION ( 'NONE',  ( 0.000000000000000000, 0.000000000000000000, -1.000000000000000000 ) ) ;
#1700 = ORIENTED_EDGE ( 'NONE', *, *, #1670, .T. ) ;
#1701 = CARTESIAN_POINT ( 'NONE',  ( 0.5476783723272828919, 11.53553390593275729, 49.93696155942581782 ) ) ;
#1702 = DIRECTION ( 'NONE',  ( 0.000000000000000000, -1.000000000000000000, 0.000000000000000000 ) ) ;
#1703 = CARTESIAN_POINT ( 'NONE',  ( -39.00000000000000000, -10.00000000000000178, 74.99999999999998579 ) ) ;
#1704 = ORIENTED_EDGE ( 'NONE', *, *, #157, .F. ) ;
#1705 = CARTESIAN_POINT ( 'NONE',  ( -17.70710678118652837, 0.000000000000000000, -16.55025253169412380 ) ) ;
#1706 = AXIS2_PLACEMENT_3D ( 'NONE', #870, #76, #322 ) ;
#1707 = ORIENTED_EDGE ( 'NONE', *, *, #1400, .T. ) ;
#1708 = VECTOR ( 'NONE', #1106, 1000.000000000000000 ) ;
#1709 = AXIS2_PLACEMENT_3D ( 'NONE', #1417, #73, #620 ) ;
#1710 = CYLINDRICAL_SURFACE ( 'NONE', #1426, 4.000000000000003553 ) ;
#1711 = LOCAL_TIME ( 10, 18, 26.00000000000000000, #566 ) ;
#1712 = VECTOR ( 'NONE', #1669, 1000.000000000000000 ) ;
#1713 = ORIENTED_EDGE ( 'NONE', *, *, #555, .T. ) ;
#1714 = DIRECTION ( 'NONE',  ( -0.000000000000000000, 1.000000000000000000, -0.000000000000000000 ) ) ;
#1715 = CIRCLE ( 'NONE', #1097, 1.000000000000000888 ) ;
#1716 = EDGE_CURVE ( 'NONE', #618, #1051, #1627, .T. ) ;
#1717 = VECTOR ( 'NONE', #243, 1000.000000000000000 ) ;
#1718 = DIRECTION ( 'NONE',  ( 0.000000000000000000, 0.000000000000000000, 1.000000000000000000 ) ) ;
#1719 = DIRECTION ( 'NONE',  ( 0.000000000000000000, 1.000000000000000000, 0.000000000000000000 ) ) ;
#1720 = DIRECTION ( 'NONE',  ( -0.000000000000000000, -1.000000000000000000, -0.000000000000000000 ) ) ;
#1721 = ORIENTED_EDGE ( 'NONE', *, *, #713, .T. ) ;
#1722 = DIRECTION ( 'NONE',  ( -0.000000000000000000, -1.000000000000000000, -0.000000000000000000 ) ) ;
#1723 = VERTEX_POINT ( 'NONE', #1645 ) ;
#1724 = CARTESIAN_POINT ( 'NONE',  ( 18.00000000000002132, 0.000000000000000000, 19.50000000000001776 ) ) ;
#1725 = PLANE ( 'NONE',  #772 ) ;
#1726 = LINE ( 'NONE', #1058, #807 ) ;
#1727 = EDGE_CURVE ( 'NONE', #934, #752, #1365, .T. ) ;
#1728 = LINE ( 'NONE', #509, #1148 ) ;
#1729 = EDGE_LOOP ( 'NONE', ( #218, #780, #265, #384 ) ) ;
#1730 = LINE ( 'NONE', #919, #1346 ) ;
#1731 = FACE_BOUND ( 'NONE', #795, .T. ) ;
#1732 = CARTESIAN_POINT ( 'NONE',  ( 47.00000000000000000, 0.000000000000000000, 45.49999999999997868 ) ) ;
#1733 = CARTESIAN_POINT ( 'NONE',  ( -50.99999999999997158, 0.000000000000000000, -84.99999999999997158 ) ) ;
#1734 = EDGE_CURVE ( 'NONE', #258, #102, #1115, .T. ) ;
#1735 = CIRCLE ( 'NONE', #198, 1.250000000000007994 ) ;
#1736 = EDGE_LOOP ( 'NONE', ( #1636, #1333, #642, #525 ) ) ;
#1737 = FACE_OUTER_BOUND ( 'NONE', #1236, .T. ) ;
#1738 = CARTESIAN_POINT ( 'NONE',  ( -47.00000000000000000, -10.00000000000000178, 0.000000000000000000 ) ) ;
#1739 = DIRECTION ( 'NONE',  ( 1.000000000000000000, 0.000000000000000000, -1.284980352575413192E-16 ) ) ;
#1740 = AXIS2_PLACEMENT_3D ( 'NONE', #1457, #1599, #1482 ) ;
#1741 = CARTESIAN_POINT ( 'NONE',  ( -47.00000000000000000, 8.000000000000000000, -45.49999999999997868 ) ) ;
#1742 = PERSON_AND_ORGANIZATION_ROLE ( 'design_supplier' ) ;
#1743 = ORIENTED_EDGE ( 'NONE', *, *, #1619, .T. ) ;
#1744 = ADVANCED_FACE ( 'NONE', ( #676 ), #259, .F. ) ;
#1745 = LINE ( 'NONE', #1312, #1262 ) ;
#1746 = CARTESIAN_POINT ( 'NONE',  ( 51.00000000000000711, 8.000000000000000000, -80.99999999999997158 ) ) ;
#1747 = CARTESIAN_POINT ( 'NONE',  ( -55.00000000000000000, 8.000000000000000000, -80.99999999999994316 ) ) ;
#1748 = CARTESIAN_POINT ( 'NONE',  ( 38.99999999999997868, 0.000000000000000000, -68.99999999999997158 ) ) ;
#1749 = ORIENTED_EDGE ( 'NONE', *, *, #1358, .T. ) ;
#1750 = COORDINATED_UNIVERSAL_TIME_OFFSET ( 3, 0, .BEHIND. ) ;
#1751 = ORIENTED_EDGE ( 'NONE', *, *, #420, .F. ) ;
#1752 =( LENGTH_UNIT ( ) NAMED_UNIT ( * ) SI_UNIT ( .MILLI., .METRE. ) );
#1753 = ADVANCED_FACE ( 'NONE', ( #1511 ), #1378, .F. ) ;
#1754 = FACE_OUTER_BOUND ( 'NONE', #1736, .T. ) ;
#1755 = CYLINDRICAL_SURFACE ( 'NONE', #861, 1.000000000000000888 ) ;
#1756 = EDGE_LOOP ( 'NONE', ( #605, #202, #113, #1160 ) ) ;
#1757 = DIRECTION ( 'NONE',  ( 0.000000000000000000, 0.000000000000000000, -1.000000000000000000 ) ) ;
ENDSEC;
END-ISO-10303-21;
