ISO-10303-21;
HEADER;
FILE_DESCRIPTION (( 'STEP AP203' ),
    '1' );
FILE_NAME ('PressPlaca+lectorQR.STEP',
    '2026-08-19T13:19:19',
    ( '' ),
    ( '' ),
    'SwSTEP 2.0',
    'SolidWorks 2026',
    '' );
FILE_SCHEMA (( 'CONFIG_CONTROL_DESIGN' ));
ENDSEC;

DATA;
#1 = CARTESIAN_POINT ( 'NONE',  ( 14.90740847058888718, -20.99999999999870681, -12.83000000000000185 ) ) ;
#2 = VERTEX_POINT ( 'NONE', #912 ) ;
#3 = ORIENTED_EDGE ( 'NONE', *, *, #1343, .F. ) ;
#4 = VECTOR ( 'NONE', #1939, 1000.000000000000000 ) ;
#5 = ORIENTED_EDGE ( 'NONE', *, *, #1514, .F. ) ;
#6 = CARTESIAN_POINT ( 'NONE',  ( -11.80009643157006316, -20.99999999999870681, 3.242846118410843470 ) ) ;
#7 = VECTOR ( 'NONE', #807, 1000.000000000000000 ) ;
#8 = EDGE_CURVE ( 'NONE', #2037, #374, #756, .T. ) ;
#9 = LINE ( 'NONE', #393, #761 ) ;
#10 = ORIENTED_EDGE ( 'NONE', *, *, #1606, .F. ) ;
#11 = AXIS2_PLACEMENT_3D ( 'NONE', #2511, #287, #1918 ) ;
#12 = ADVANCED_FACE ( 'NONE', ( #344 ), #1131, .F. ) ;
#13 = VECTOR ( 'NONE', #1337, 1000.000000000000000 ) ;
#14 = VERTEX_POINT ( 'NONE', #2346 ) ;
#15 = APPROVAL_PERSON_ORGANIZATION ( #1000, #1419, #1608 ) ;
#16 = ORIENTED_EDGE ( 'NONE', *, *, #901, .F. ) ;
#17 = DIRECTION ( 'NONE',  ( 0.000000000000000000, -1.000000000000000000, 0.000000000000000000 ) ) ;
#18 = DIRECTION ( 'NONE',  ( -0.000000000000000000, -1.000000000000000000, -0.000000000000000000 ) ) ;
#19 = LINE ( 'NONE', #2458, #1621 ) ;
#20 = ORIENTED_EDGE ( 'NONE', *, *, #1912, .F. ) ;
#21 = DIRECTION ( 'NONE',  ( -0.000000000000000000, 1.000000000000000000, -0.000000000000000000 ) ) ;
#22 = ORIENTED_EDGE ( 'NONE', *, *, #1900, .F. ) ;
#23 = EDGE_CURVE ( 'NONE', #1634, #2, #2146, .T. ) ;
#24 = VERTEX_POINT ( 'NONE', #1342 ) ;
#25 = CARTESIAN_POINT ( 'NONE',  ( -3.252591529411111182, 8.000000000000001776, 13.99999999999999822 ) ) ;
#26 = EDGE_CURVE ( 'NONE', #24, #950, #460, .T. ) ;
#27 = CARTESIAN_POINT ( 'NONE',  ( 25.02536353557232829, 22.00000000000000355, 20.51126332720839329 ) ) ;
#28 = ORIENTED_EDGE ( 'NONE', *, *, #351, .T. ) ;
#29 = CARTESIAN_POINT ( 'NONE',  ( 14.90740847058888718, -20.99999999999870681, -15.02999999999999936 ) ) ;
#30 = DIRECTION ( 'NONE',  ( 0.000000000000000000, 0.000000000000000000, 1.000000000000000000 ) ) ;
#31 = ORIENTED_EDGE ( 'NONE', *, *, #2040, .F. ) ;
#32 = DIRECTION ( 'NONE',  ( -0.7071069313992859318, 0.000000000000000000, 0.7071066309737771283 ) ) ;
#33 = ADVANCED_FACE ( 'NONE', ( #1998 ), #1987, .T. ) ;
#34 = DIRECTION ( 'NONE',  ( 0.000000000000000000, 0.000000000000000000, 1.000000000000000000 ) ) ;
#35 = EDGE_LOOP ( 'NONE', ( #944, #1163, #1341, #1286, #1632, #486, #1129, #1763, #2076, #874, #2173, #514, #1826, #22, #2213, #2328, #2101, #736, #1880, #570 ) ) ;
#36 = FACE_OUTER_BOUND ( 'NONE', #2493, .T. ) ;
#37 = EDGE_LOOP ( 'NONE', ( #743, #2031, #50, #1468 ) ) ;
#38 = EDGE_CURVE ( 'NONE', #56, #80, #1870, .T. ) ;
#39 = VERTEX_POINT ( 'NONE', #1021 ) ;
#40 = CYLINDRICAL_SURFACE ( 'NONE', #54, 2.558020616099736522 ) ;
#41 = DIRECTION ( 'NONE',  ( -2.124329160331740389E-07, 0.000000000000000000, 0.9999999999999773515 ) ) ;
#42 = ADVANCED_FACE ( 'NONE', ( #359 ), #1012, .T. ) ;
#43 = AXIS2_PLACEMENT_3D ( 'NONE', #1328, #2344, #694 ) ;
#44 = ORIENTED_EDGE ( 'NONE', *, *, #795, .F. ) ;
#45 = AXIS2_PLACEMENT_3D ( 'NONE', #1122, #1295, #1936 ) ;
#46 = CARTESIAN_POINT ( 'NONE',  ( -11.80009643157009513, -20.99999999999870681, -10.54078518614983295 ) ) ;
#47 = DIRECTION ( 'NONE',  ( 1.000000000000000000, -0.000000000000000000, 9.130123557772670799E-17 ) ) ;
#48 = VECTOR ( 'NONE', #1187, 1000.000000000000000 ) ;
#49 = VECTOR ( 'NONE', #2206, 1000.000000000000000 ) ;
#50 = ORIENTED_EDGE ( 'NONE', *, *, #617, .T. ) ;
#51 = AXIS2_PLACEMENT_3D ( 'NONE', #454, #2501, #2077 ) ;
#52 = CARTESIAN_POINT ( 'NONE',  ( -12.11131963372038989, 7.000000000000001776, -20.28819831102303439 ) ) ;
#53 = EDGE_LOOP ( 'NONE', ( #2500, #1364 ) ) ;
#54 = AXIS2_PLACEMENT_3D ( 'NONE', #289, #2325, #883 ) ;
#55 = DIRECTION ( 'NONE',  ( -0.000000000000000000, 1.000000000000000000, -0.000000000000000000 ) ) ;
#56 = VERTEX_POINT ( 'NONE', #1806 ) ;
#57 = LOCAL_TIME ( 10, 19, 19.00000000000000000, #1411 ) ;
#58 = ADVANCED_FACE ( 'NONE', ( #1571 ), #370, .T. ) ;
#59 = CARTESIAN_POINT ( 'NONE',  ( 6.647408470588887397, 36.19379364328256088, 13.99999999999999822 ) ) ;
#60 = LINE ( 'NONE', #1667, #1836 ) ;
#61 = CARTESIAN_POINT ( 'NONE',  ( -13.17197989883042197, -20.99999999999870681, -19.84885870812199471 ) ) ;
#62 = ORIENTED_EDGE ( 'NONE', *, *, #679, .T. ) ;
#63 = EDGE_CURVE ( 'NONE', #532, #1118, #588, .T. ) ;
#64 = FACE_OUTER_BOUND ( 'NONE', #1956, .T. ) ;
#65 = ORIENTED_EDGE ( 'NONE', *, *, #1353, .T. ) ;
#66 = LINE ( 'NONE', #1688, #669 ) ;
#67 = CALENDAR_DATE ( 2026, 19, 8 ) ;
#68 = EDGE_LOOP ( 'NONE', ( #666, #2099, #1721, #2602 ) ) ;
#69 = ORIENTED_EDGE ( 'NONE', *, *, #1452, .F. ) ;
#70 = DIRECTION ( 'NONE',  ( 0.000000000000000000, -0.000000000000000000, 1.000000000000000000 ) ) ;
#71 = CC_DESIGN_DATE_AND_TIME_ASSIGNMENT ( #1274, #859, ( #995 ) ) ;
#72 = EDGE_LOOP ( 'NONE', ( #2621, #448, #1949, #1920 ) ) ;
#73 = LINE ( 'NONE', #2319, #1925 ) ;
#74 = EDGE_CURVE ( 'NONE', #1803, #872, #2385, .T. ) ;
#75 = DIRECTION ( 'NONE',  ( -1.000000000000000000, 0.000000000000000000, -0.000000000000000000 ) ) ;
#76 = EDGE_LOOP ( 'NONE', ( #131, #1978, #164, #244 ) ) ;
#77 = CARTESIAN_POINT ( 'NONE',  ( 8.947408470588891660, -20.99999999999870681, -14.00000000000000178 ) ) ;
#78 = ORIENTED_EDGE ( 'NONE', *, *, #1717, .T. ) ;
#79 = DIRECTION ( 'NONE',  ( 0.000000000000000000, 0.000000000000000000, 1.000000000000000000 ) ) ;
#80 = VERTEX_POINT ( 'NONE', #2243 ) ;
#81 = DIRECTION ( 'NONE',  ( -0.000000000000000000, 0.000000000000000000, 1.000000000000000000 ) ) ;
#82 = DIRECTION ( 'NONE',  ( 0.000000000000000000, 0.000000000000000000, -1.000000000000000000 ) ) ;
#83 = ORIENTED_EDGE ( 'NONE', *, *, #1174, .T. ) ;
#84 = DIRECTION ( 'NONE',  ( 0.000000000000000000, -1.000000000000000000, -0.000000000000000000 ) ) ;
#85 = VECTOR ( 'NONE', #457, 1000.000000000000000 ) ;
#86 = DIRECTION ( 'NONE',  ( 0.000000000000000000, 0.000000000000000000, 1.000000000000000000 ) ) ;
#87 = AXIS2_PLACEMENT_3D ( 'NONE', #2415, #1992, #582 ) ;
#88 = ADVANCED_FACE ( 'NONE', ( #1191 ), #1208, .F. ) ;
#89 = AXIS2_PLACEMENT_3D ( 'NONE', #2110, #47, #1913 ) ;
#90 = ORIENTED_EDGE ( 'NONE', *, *, #2448, .T. ) ;
#91 = CYLINDRICAL_SURFACE ( 'NONE', #43, 4.000000000000000000 ) ;
#92 = AXIS2_PLACEMENT_3D ( 'NONE', #2001, #401, #1220 ) ;
#93 = ADVANCED_FACE ( 'NONE', ( #553 ), #1371, .F. ) ;
#94 = ORIENTED_EDGE ( 'NONE', *, *, #26, .T. ) ;
#95 = VECTOR ( 'NONE', #2127, 1000.000000000000000 ) ;
#96 = DIRECTION ( 'NONE',  ( -0.000000000000000000, -1.000000000000000000, -0.000000000000000000 ) ) ;
#97 = VERTEX_POINT ( 'NONE', #385 ) ;
#98 = VECTOR ( 'NONE', #1765, 1000.000000000000000 ) ;
#99 = LINE ( 'NONE', #250, #812 ) ;
#100 = CARTESIAN_POINT ( 'NONE',  ( -20.56328893980571593, 7.000000000000000888, 31.51126332720839684 ) ) ;
#101 = DIRECTION ( 'NONE',  ( 0.000000000000000000, 0.000000000000000000, 1.000000000000000000 ) ) ;
#102 = ORIENTED_EDGE ( 'NONE', *, *, #2357, .T. ) ;
#103 = DIRECTION ( 'NONE',  ( 0.000000000000000000, -1.000000000000000000, 0.000000000000000000 ) ) ;
#104 = DIRECTION ( 'NONE',  ( -0.000000000000000000, -1.000000000000000000, -0.000000000000000000 ) ) ;
#105 = ADVANCED_FACE ( 'NONE', ( #2270 ), #2470, .T. ) ;
#106 = CARTESIAN_POINT ( 'NONE',  ( 15.19740847058888811, -5.999999999998707700, 7.979999999999997762 ) ) ;
#107 = EDGE_CURVE ( 'NONE', #1226, #2156, #1366, .T. ) ;
#108 = EDGE_LOOP ( 'NONE', ( #1252, #2464, #2552, #1908 ) ) ;
#109 = CARTESIAN_POINT ( 'NONE',  ( 13.45464070137347790, 22.00000000000000355, -2.541823215270790914 ) ) ;
#110 = DIRECTION ( 'NONE',  ( -0.000000000000000000, 1.000000000000000000, -0.000000000000000000 ) ) ;
#111 = DIRECTION ( 'NONE',  ( 0.000000000000000000, -0.000000000000000000, 1.000000000000000000 ) ) ;
#112 = DIRECTION ( 'NONE',  ( 0.000000000000000000, 0.000000000000000000, -1.000000000000000000 ) ) ;
#113 = DIRECTION ( 'NONE',  ( -1.000000000000000000, 0.000000000000000000, -0.000000000000000000 ) ) ;
#114 = CARTESIAN_POINT ( 'NONE',  ( 29.02536353557232829, 0.000000000000000000, 0.000000000000000000 ) ) ;
#115 = DIRECTION ( 'NONE',  ( -0.000000000000000000, -1.000000000000000000, -0.000000000000000000 ) ) ;
#116 = DIRECTION ( 'NONE',  ( 0.000000000000000000, 0.000000000000000000, 1.000000000000000000 ) ) ;
#117 = ORIENTED_EDGE ( 'NONE', *, *, #1717, .F. ) ;
#118 = CARTESIAN_POINT ( 'NONE',  ( -5.552591529411107452, 8.000000000000001776, 9.499999999999996447 ) ) ;
#119 = ORIENTED_EDGE ( 'NONE', *, *, #877, .T. ) ;
#120 = LINE ( 'NONE', #2193, #683 ) ;
#121 = ADVANCED_FACE ( 'NONE', ( #1840 ), #827, .T. ) ;
#122 = DIRECTION ( 'NONE',  ( 0.000000000000000000, 0.000000000000000000, -1.000000000000000000 ) ) ;
#123 = LINE ( 'NONE', #2362, #631 ) ;
#124 = VERTEX_POINT ( 'NONE', #52 ) ;
#125 = PLANE ( 'NONE',  #2269 ) ;
#126 = EDGE_CURVE ( 'NONE', #2614, #1370, #262, .T. ) ;
#127 = CYLINDRICAL_SURFACE ( 'NONE', #841, 4.999999999999997335 ) ;
#128 = FACE_OUTER_BOUND ( 'NONE', #2032, .T. ) ;
#129 = VECTOR ( 'NONE', #624, 1000.000000000000000 ) ;
#130 = ORIENTED_EDGE ( 'NONE', *, *, #1996, .T. ) ;
#131 = ORIENTED_EDGE ( 'NONE', *, *, #1623, .F. ) ;
#132 = DIRECTION ( 'NONE',  ( -0.000000000000000000, 1.000000000000000000, -0.000000000000000000 ) ) ;
#133 = CIRCLE ( 'NONE', #677, 2.199999999999998845 ) ;
#134 = FACE_OUTER_BOUND ( 'NONE', #1973, .T. ) ;
#135 = CARTESIAN_POINT ( 'NONE',  ( -15.35812438525120704, -20.99999999999870681, -15.54139525759758378 ) ) ;
#136 = ORIENTED_EDGE ( 'NONE', *, *, #2082, .F. ) ;
#137 = EDGE_CURVE ( 'NONE', #2162, #2521, #817, .T. ) ;
#138 = CARTESIAN_POINT ( 'NONE',  ( -2.604299903631231817E-15, 22.00000000000000355, -20.48816776128164818 ) ) ;
#139 = CARTESIAN_POINT ( 'NONE',  ( 9.947408470588888107, -20.99999999999870681, 9.499999999999996447 ) ) ;
#140 = ORIENTED_EDGE ( 'NONE', *, *, #679, .F. ) ;
#141 = EDGE_CURVE ( 'NONE', #2047, #623, #1146, .T. ) ;
#142 = VECTOR ( 'NONE', #724, 1000.000000000000000 ) ;
#143 = FACE_OUTER_BOUND ( 'NONE', #2425, .T. ) ;
#144 = DIRECTION ( 'NONE',  ( 0.000000000000000000, 1.000000000000000000, -0.000000000000000000 ) ) ;
#145 = DIRECTION ( 'NONE',  ( 0.000000000000000000, 1.000000000000000000, 0.000000000000000000 ) ) ;
#146 = ORIENTED_EDGE ( 'NONE', *, *, #575, .T. ) ;
#147 = CARTESIAN_POINT ( 'NONE',  ( -12.11131995236975634, -20.99999999999870681, -18.78819831102306637 ) ) ;
#148 = DIRECTION ( 'NONE',  ( -0.000000000000000000, 1.000000000000000000, -0.000000000000000000 ) ) ;
#149 = CARTESIAN_POINT ( 'NONE',  ( -12.40126912738153919, -20.99999999999870681, -20.28819837261784897 ) ) ;
#150 = ORIENTED_EDGE ( 'NONE', *, *, #1683, .T. ) ;
#151 = CARTESIAN_POINT ( 'NONE',  ( -25.56328893980571593, 83.29473879334379660, 31.51126332720839684 ) ) ;
#152 = DIRECTION ( 'NONE',  ( -0.000000000000000000, 1.000000000000000000, -0.000000000000000000 ) ) ;
#153 = FACE_OUTER_BOUND ( 'NONE', #655, .T. ) ;
#154 = ORIENTED_EDGE ( 'NONE', *, *, #2143, .F. ) ;
#155 = EDGE_CURVE ( 'NONE', #1601, #833, #1854, .T. ) ;
#156 = CARTESIAN_POINT ( 'NONE',  ( 25.02536353557232829, 17.00000000000000000, -16.48816776128165174 ) ) ;
#157 = EDGE_CURVE ( 'NONE', #395, #992, #1238, .T. ) ;
#158 = CARTESIAN_POINT ( 'NONE',  ( 17.24186837218892876, 9.121320463748251228, 20.31180792457149309 ) ) ;
#159 = ORIENTED_EDGE ( 'NONE', *, *, #197, .T. ) ;
#160 = ORIENTED_EDGE ( 'NONE', *, *, #2539, .F. ) ;
#161 = DIRECTION ( 'NONE',  ( 0.9999999999999774625, -0.000000000000000000, 2.124330830674574562E-07 ) ) ;
#162 = DIRECTION ( 'NONE',  ( 1.000000000000000000, -0.000000000000000000, 1.239088197126290817E-16 ) ) ;
#163 = LINE ( 'NONE', #971, #212 ) ;
#164 = ORIENTED_EDGE ( 'NONE', *, *, #2290, .F. ) ;
#165 = ORIENTED_EDGE ( 'NONE', *, *, #2525, .F. ) ;
#166 = CARTESIAN_POINT ( 'NONE',  ( 6.647408470588887397, -20.99999999999870681, 13.99999999999999822 ) ) ;
#167 = DIRECTION ( 'NONE',  ( 0.000000000000000000, -0.000000000000000000, 1.000000000000000000 ) ) ;
#168 = EDGE_LOOP ( 'NONE', ( #2544, #2628, #1817, #1857 ) ) ;
#169 = LINE ( 'NONE', #1176, #928 ) ;
#170 = EDGE_CURVE ( 'NONE', #861, #1089, #1432, .T. ) ;
#171 = ORIENTED_EDGE ( 'NONE', *, *, #2177, .T. ) ;
#172 = CIRCLE ( 'NONE', #383, 4.000000000000000000 ) ;
#173 = VECTOR ( 'NONE', #700, 1000.000000000000000 ) ;
#174 = APPROVAL_DATE_TIME ( #2410, #536 ) ;
#175 = LINE ( 'NONE', #198, #1922 ) ;
#176 = CIRCLE ( 'NONE', #2179, 2.558020616099738298 ) ;
#177 = ORIENTED_EDGE ( 'NONE', *, *, #1310, .T. ) ;
#178 = CIRCLE ( 'NONE', #469, 2.558020616099729860 ) ;
#179 = CARTESIAN_POINT ( 'NONE',  ( 8.947408470588888107, 8.000000000000000000, 11.25000000000000000 ) ) ;
#180 = CARTESIAN_POINT ( 'NONE',  ( 8.947408470588888107, 22.00000000000000355, 11.25000000000000000 ) ) ;
#181 = CARTESIAN_POINT ( 'NONE',  ( 18.74187630448847486, -20.99999999999870681, -18.78819207543800829 ) ) ;
#182 = AXIS2_PLACEMENT_3D ( 'NONE', #1603, #201, #1015 ) ;
#183 = ORIENTED_EDGE ( 'NONE', *, *, #444, .T. ) ;
#184 = AXIS2_PLACEMENT_3D ( 'NONE', #147, #1945, #739 ) ;
#185 = EDGE_CURVE ( 'NONE', #234, #1464, #2058, .T. ) ;
#186 = VERTEX_POINT ( 'NONE', #419 ) ;
#187 = DIRECTION ( 'NONE',  ( 0.000000000000000000, -1.000000000000000000, 0.000000000000000000 ) ) ;
#188 = DATE_AND_TIME ( #1396, #1076 ) ;
#189 = EDGE_CURVE ( 'NONE', #2096, #532, #1039, .T. ) ;
#190 = ORIENTED_EDGE ( 'NONE', *, *, #1554, .T. ) ;
#191 = EDGE_LOOP ( 'NONE', ( #749, #1161, #1211, #165 ) ) ;
#192 = CARTESIAN_POINT ( 'NONE',  ( 17.24186837218892876, 7.000000000000001776, 20.31180792457149309 ) ) ;
#193 = CARTESIAN_POINT ( 'NONE',  ( -11.80009643157009513, 22.00000000000000355, -7.982764570050093766 ) ) ;
#194 = EDGE_LOOP ( 'NONE', ( #1843, #265, #221, #1855 ) ) ;
#195 = CARTESIAN_POINT ( 'NONE',  ( 2.827357753390421724, 7.000000000000000888, -30.58819553809244596 ) ) ;
#196 = ORIENTED_EDGE ( 'NONE', *, *, #481, .F. ) ;
#197 = EDGE_CURVE ( 'NONE', #870, #851, #2456, .T. ) ;
#198 = CARTESIAN_POINT ( 'NONE',  ( 8.947408470588888107, 8.000000000000000000, 13.99999999999999822 ) ) ;
#199 = EDGE_LOOP ( 'NONE', ( #673, #2518 ) ) ;
#200 = EDGE_CURVE ( 'NONE', #2273, #1697, #66, .T. ) ;
#201 = DIRECTION ( 'NONE',  ( 0.000000000000000000, 1.000000000000000000, 0.000000000000000000 ) ) ;
#202 = CARTESIAN_POINT ( 'NONE',  ( -5.552591529411106563, 8.000000000000001776, -11.25000000000000000 ) ) ;
#203 = ORIENTED_EDGE ( 'NONE', *, *, #332, .F. ) ;
#204 = ADVANCED_FACE ( 'NONE', ( #1048 ), #2281, .T. ) ;
#205 = LINE ( 'NONE', #610, #2598 ) ;
#206 = ORIENTED_EDGE ( 'NONE', *, *, #1736, .F. ) ;
#207 = VECTOR ( 'NONE', #704, 1000.000000000000000 ) ;
#208 =( LENGTH_UNIT ( ) NAMED_UNIT ( * ) SI_UNIT ( .MILLI., .METRE. ) );
#209 = CARTESIAN_POINT ( 'NONE',  ( -12.11131963372038989, 9.121320463748251228, -20.28819831102303439 ) ) ;
#210 = ORIENTED_EDGE ( 'NONE', *, *, #23, .T. ) ;
#211 = LINE ( 'NONE', #1640, #2608 ) ;
#212 = VECTOR ( 'NONE', #1646, 1000.000000000000114 ) ;
#213 = AXIS2_PLACEMENT_3D ( 'NONE', #474, #641, #1635 ) ;
#214 = ADVANCED_FACE ( 'NONE', ( #36 ), #840, .T. ) ;
#215 = VERTEX_POINT ( 'NONE', #1462 ) ;
#216 = CIRCLE ( 'NONE', #2433, 5.000000000000000888 ) ;
#217 = CARTESIAN_POINT ( 'NONE',  ( 14.90740847058888718, -20.99999999999870681, -15.02999999999999936 ) ) ;
#218 = ADVANCED_FACE ( 'NONE', ( #1260 ), #246, .F. ) ;
#219 = DIRECTION ( 'NONE',  ( 0.000000000000000000, -0.000000000000000000, 1.000000000000000000 ) ) ;
#220 = CARTESIAN_POINT ( 'NONE',  ( 14.90740847058888718, -5.999999999998707700, -17.23000000000000043 ) ) ;
#221 = ORIENTED_EDGE ( 'NONE', *, *, #876, .T. ) ;
#222 = CARTESIAN_POINT ( 'NONE',  ( -11.80009643157006316, 6.999999999999999112, 3.242846118410843470 ) ) ;
#223 = ORIENTED_EDGE ( 'NONE', *, *, #318, .T. ) ;
#224 = DIRECTION ( 'NONE',  ( 0.000000000000000000, -0.000000000000000000, 1.000000000000000000 ) ) ;
#225 = PLANE ( 'NONE',  #1583 ) ;
#226 = ORIENTED_EDGE ( 'NONE', *, *, #2577, .T. ) ;
#227 = DIRECTION ( 'NONE',  ( -1.000000000000000000, 0.000000000000000000, 0.000000000000000000 ) ) ;
#228 = DIRECTION ( 'NONE',  ( 0.000000000000000000, 1.000000000000000000, 0.000000000000000000 ) ) ;
#229 = VERTEX_POINT ( 'NONE', #1728 ) ;
#230 = ADVANCED_FACE ( 'NONE', ( #537 ), #1499, .T. ) ;
#231 = CARTESIAN_POINT ( 'NONE',  ( 29.02536353557232829, 7.000000000000000888, -36.48816776128165174 ) ) ;
#232 = EDGE_CURVE ( 'NONE', #1249, #857, #719, .T. ) ;
#233 = DIRECTION ( 'NONE',  ( 0.000000000000000000, -1.000000000000000000, 0.000000000000000000 ) ) ;
#234 = VERTEX_POINT ( 'NONE', #1301 ) ;
#235 = EDGE_CURVE ( 'NONE', #606, #992, #1940, .T. ) ;
#236 = DIRECTION ( 'NONE',  ( -1.000000000000000000, 0.000000000000000000, 1.271123867187779531E-16 ) ) ;
#237 = VERTEX_POINT ( 'NONE', #2168 ) ;
#238 = DIRECTION ( 'NONE',  ( 0.000000000000000000, 0.000000000000000000, 1.000000000000000000 ) ) ;
#239 = CARTESIAN_POINT ( 'NONE',  ( 8.947408470588888107, 8.000000000000000000, -9.500000000000000000 ) ) ;
#240 = VERTEX_POINT ( 'NONE', #77 ) ;
#241 = DESIGN_CONTEXT ( 'detailed design', #2059, 'design' ) ;
#242 = CARTESIAN_POINT ( 'NONE',  ( -6.552591529411110116, -20.99999999999870681, 9.499999999999996447 ) ) ;
#243 = DIRECTION ( 'NONE',  ( -0.000000000000000000, -1.000000000000000000, -0.000000000000000000 ) ) ;
#244 = ORIENTED_EDGE ( 'NONE', *, *, #1017, .F. ) ;
#245 = EDGE_CURVE ( 'NONE', #472, #97, #2124, .T. ) ;
#246 = CYLINDRICAL_SURFACE ( 'NONE', #1782, 3.599999999999999201 ) ;
#247 = ORIENTED_EDGE ( 'NONE', *, *, #1814, .T. ) ;
#248 = ORIENTED_EDGE ( 'NONE', *, *, #1554, .F. ) ;
#249 = AXIS2_PLACEMENT_3D ( 'NONE', #1087, #1738, #286 ) ;
#250 = CARTESIAN_POINT ( 'NONE',  ( -5.552591529411112781, -20.99999999999870681, 11.25000000000000000 ) ) ;
#251 = FACE_OUTER_BOUND ( 'NONE', #825, .T. ) ;
#252 = VECTOR ( 'NONE', #1521, 1000.000000000000000 ) ;
#253 = FACE_OUTER_BOUND ( 'NONE', #515, .T. ) ;
#254 = ORIENTED_EDGE ( 'NONE', *, *, #63, .T. ) ;
#255 = AXIS2_PLACEMENT_3D ( 'NONE', #2138, #919, #310 ) ;
#256 = DIRECTION ( 'NONE',  ( 0.000000000000000000, 0.000000000000000000, -1.000000000000000000 ) ) ;
#257 = FACE_OUTER_BOUND ( 'NONE', #456, .T. ) ;
#258 = VECTOR ( 'NONE', #786, 1000.000000000000000 ) ;
#259 = VECTOR ( 'NONE', #2144, 1000.000000000000114 ) ;
#260 = ORIENTED_EDGE ( 'NONE', *, *, #2562, .F. ) ;
#261 = VECTOR ( 'NONE', #2604, 1000.000000000000000 ) ;
#262 = LINE ( 'NONE', #1078, #2075 ) ;
#263 = ADVANCED_FACE ( 'NONE', ( #1541 ), #1952, .T. ) ;
#264 = VECTOR ( 'NONE', #2298, 1000.000000000000000 ) ;
#265 = ORIENTED_EDGE ( 'NONE', *, *, #2290, .T. ) ;
#266 = DIRECTION ( 'NONE',  ( 0.000000000000000000, 0.000000000000000000, -1.000000000000000000 ) ) ;
#267 = ADVANCED_FACE ( 'NONE', ( #128 ), #1553, .T. ) ;
#268 = DIRECTION ( 'NONE',  ( 0.000000000000000000, 1.000000000000000000, 0.000000000000000000 ) ) ;
#269 = CARTESIAN_POINT ( 'NONE',  ( 6.647408470588887397, 8.000000000000000000, 13.99999999999999822 ) ) ;
#270 = ORIENTED_EDGE ( 'NONE', *, *, #1833, .T. ) ;
#271 = DIRECTION ( 'NONE',  ( 0.000000000000000000, 0.000000000000000000, 1.000000000000000000 ) ) ;
#272 = FACE_BOUND ( 'NONE', #1593, .T. ) ;
#273 = EDGE_LOOP ( 'NONE', ( #150, #765, #579, #1336 ) ) ;
#274 = CARTESIAN_POINT ( 'NONE',  ( 15.94383877443887521, -13.49999999999870681, 5.531236679159371228 ) ) ;
#275 = PLANE ( 'NONE',  #1490 ) ;
#276 = ORIENTED_EDGE ( 'NONE', *, *, #2230, .T. ) ;
#277 = PLANE ( 'NONE',  #2048 ) ;
#278 = CYLINDRICAL_SURFACE ( 'NONE', #676, 2.558020616099738298 ) ;
#279 = FACE_OUTER_BOUND ( 'NONE', #839, .T. ) ;
#280 = ORIENTED_EDGE ( 'NONE', *, *, #729, .T. ) ;
#281 = ADVANCED_FACE ( 'NONE', ( #527 ), #91, .T. ) ;
#282 = FACE_OUTER_BOUND ( 'NONE', #327, .T. ) ;
#283 = EDGE_CURVE ( 'NONE', #759, #773, #1928, .T. ) ;
#284 = CARTESIAN_POINT ( 'NONE',  ( -5.552591529411107452, 8.000000000000001776, -9.500000000000001776 ) ) ;
#285 = ORIENTED_EDGE ( 'NONE', *, *, #1251, .T. ) ;
#286 = DIRECTION ( 'NONE',  ( -0.9999999999999773515, 0.000000000000000000, -2.124329164306479022E-07 ) ) ;
#287 = DIRECTION ( 'NONE',  ( 0.000000000000000000, 0.000000000000000000, 1.000000000000000000 ) ) ;
#288 = VERTEX_POINT ( 'NONE', #1351 ) ;
#289 = CARTESIAN_POINT ( 'NONE',  ( 13.45464070137347790, 6.999999999999999112, 6.120611284515575790 ) ) ;
#290 = CARTESIAN_POINT ( 'NONE',  ( 17.24186837218892876, -20.99999999999870681, 20.31180792457054451 ) ) ;
#291 = ORIENTED_EDGE ( 'NONE', *, *, #915, .T. ) ;
#292 = DIRECTION ( 'NONE',  ( 1.000000000000000000, -0.000000000000000000, 0.000000000000000000 ) ) ;
#293 = EDGE_CURVE ( 'NONE', #1249, #1065, #680, .T. ) ;
#294 = CARTESIAN_POINT ( 'NONE',  ( -3.252591529411110294, -20.99999999999870681, 13.99999999999999822 ) ) ;
#295 = VECTOR ( 'NONE', #1492, 1000.000000000000000 ) ;
#296 = EDGE_CURVE ( 'NONE', #2096, #1108, #2112, .T. ) ;
#297 = AXIS2_PLACEMENT_3D ( 'NONE', #1574, #560, #2027 ) ;
#298 = PLANE ( 'NONE',  #848 ) ;
#299 = CARTESIAN_POINT ( 'NONE',  ( -13.17197989883042197, 9.121320463748251228, -19.84885870812199471 ) ) ;
#300 = CARTESIAN_POINT ( 'NONE',  ( -3.252591529411111182, 48.50000000000000000, 11.25000000000000000 ) ) ;
#301 = ORIENTED_EDGE ( 'NONE', *, *, #1293, .F. ) ;
#302 = VECTOR ( 'NONE', #271, 1000.000000000000000 ) ;
#303 = ORIENTED_EDGE ( 'NONE', *, *, #425, .T. ) ;
#304 = CIRCLE ( 'NONE', #896, 2.199999999999998845 ) ;
#305 = DIRECTION ( 'NONE',  ( 0.000000000000000000, 0.000000000000000000, 1.000000000000000000 ) ) ;
#306 = DIRECTION ( 'NONE',  ( -1.369518533665900558E-16, 0.000000000000000000, 1.000000000000000000 ) ) ;
#307 = DIRECTION ( 'NONE',  ( -1.000000000000000000, 0.000000000000000000, -0.000000000000000000 ) ) ;
#308 = VERTEX_POINT ( 'NONE', #1718 ) ;
#309 = CARTESIAN_POINT ( 'NONE',  ( -5.552591529411110116, 8.000000000000001776, 11.25000000000000000 ) ) ;
#310 = DIRECTION ( 'NONE',  ( 0.000000000000000000, 0.000000000000000000, 1.000000000000000000 ) ) ;
#311 = EDGE_CURVE ( 'NONE', #2381, #316, #2171, .T. ) ;
#312 = CARTESIAN_POINT ( 'NONE',  ( 6.647408470588887397, 8.000000000000000000, 13.99999999999999822 ) ) ;
#313 = EDGE_CURVE ( 'NONE', #1941, #1611, #1871, .T. ) ;
#314 = ORIENTED_EDGE ( 'NONE', *, *, #396, .T. ) ;
#315 = CARTESIAN_POINT ( 'NONE',  ( 8.947408470588888107, 8.000000000000000000, 11.25000000000000000 ) ) ;
#316 = VERTEX_POINT ( 'NONE', #2333 ) ;
#317 = CARTESIAN_POINT ( 'NONE',  ( -5.552591529411111004, -20.99999999999870681, 9.499999999999996447 ) ) ;
#318 = EDGE_CURVE ( 'NONE', #1089, #1415, #2383, .T. ) ;
#319 = LINE ( 'NONE', #752, #1248 ) ;
#320 = PLANE ( 'NONE',  #766 ) ;
#321 = CARTESIAN_POINT ( 'NONE',  ( 29.02536353557232829, 0.000000000000000000, 31.51126332720839684 ) ) ;
#322 = VERTEX_POINT ( 'NONE', #934 ) ;
#323 = CYLINDRICAL_SURFACE ( 'NONE', #768, 3.599999999999999201 ) ;
#324 = DIRECTION ( 'NONE',  ( 0.000000000000000000, 0.000000000000000000, 1.000000000000000000 ) ) ;
#325 = DIRECTION ( 'NONE',  ( -0.000000000000000000, -1.000000000000000000, -0.000000000000000000 ) ) ;
#326 = EDGE_LOOP ( 'NONE', ( #28, #1567, #1725, #824 ) ) ;
#327 = EDGE_LOOP ( 'NONE', ( #2060, #146, #2242, #524, #1622, #1899, #2111, #119 ) ) ;
#328 = EDGE_CURVE ( 'NONE', #1415, #991, #2535, .T. ) ;
#329 = VERTEX_POINT ( 'NONE', #312 ) ;
#330 = DIRECTION ( 'NONE',  ( 0.000000000000000000, 1.000000000000000000, 0.000000000000000000 ) ) ;
#331 = CARTESIAN_POINT ( 'NONE',  ( -21.56328893980571593, 17.00000000000000000, 20.51126332720840040 ) ) ;
#332 = EDGE_CURVE ( 'NONE', #870, #2203, #760, .T. ) ;
#333 = DIRECTION ( 'NONE',  ( -0.000000000000000000, -1.000000000000000000, -0.000000000000000000 ) ) ;
#334 = ORIENTED_EDGE ( 'NONE', *, *, #1683, .F. ) ;
#335 = DIRECTION ( 'NONE',  ( 0.000000000000000000, 0.000000000000000000, -1.000000000000000000 ) ) ;
#336 = DIRECTION ( 'NONE',  ( 0.000000000000000000, 0.000000000000000000, 1.000000000000000000 ) ) ;
#337 = DIRECTION ( 'NONE',  ( 0.000000000000000000, 0.000000000000000000, -1.000000000000000000 ) ) ;
#338 = ORIENTED_EDGE ( 'NONE', *, *, #296, .T. ) ;
#339 = CIRCLE ( 'NONE', #1270, 3.599999999999999201 ) ;
#340 = AXIS2_PLACEMENT_3D ( 'NONE', #2238, #1216, #1580 ) ;
#341 = CARTESIAN_POINT ( 'NONE',  ( -20.56328893980571593, 0.000000000000000000, -31.48816776128165174 ) ) ;
#342 = ORIENTED_EDGE ( 'NONE', *, *, #189, .T. ) ;
#343 = VECTOR ( 'NONE', #96, 1000.000000000000000 ) ;
#344 = FACE_OUTER_BOUND ( 'NONE', #68, .T. ) ;
#345 = DIRECTION ( 'NONE',  ( 0.000000000000000000, 0.000000000000000000, 1.000000000000000000 ) ) ;
#346 = VECTOR ( 'NONE', #1901, 1000.000000000000000 ) ;
#347 = DIRECTION ( 'NONE',  ( -0.000000000000000000, -1.000000000000000000, -0.000000000000000000 ) ) ;
#348 = DIRECTION ( 'NONE',  ( -0.000000000000000000, 1.000000000000000000, -0.000000000000000000 ) ) ;
#349 = LINE ( 'NONE', #149, #1239 ) ;
#350 = EDGE_LOOP ( 'NONE', ( #1498, #2497, #1551, #701 ) ) ;
#351 = EDGE_CURVE ( 'NONE', #1185, #39, #1753, .T. ) ;
#352 = DIRECTION ( 'NONE',  ( 0.000000000000000000, 0.000000000000000000, -1.000000000000000000 ) ) ;
#353 = LINE ( 'NONE', #1535, #1018 ) ;
#354 = LINE ( 'NONE', #2589, #593 ) ;
#355 = ORIENTED_EDGE ( 'NONE', *, *, #1699, .F. ) ;
#356 = EDGE_CURVE ( 'NONE', #1941, #2586, #1995, .T. ) ;
#357 = DIRECTION ( 'NONE',  ( 0.000000000000000000, -1.000000000000000000, 0.000000000000000000 ) ) ;
#358 = VERTEX_POINT ( 'NONE', #1159 ) ;
#359 = FACE_OUTER_BOUND ( 'NONE', #789, .T. ) ;
#360 = LINE ( 'NONE', #520, #98 ) ;
#361 = FACE_OUTER_BOUND ( 'NONE', #1352, .T. ) ;
#362 = DIRECTION ( 'NONE',  ( 0.000000000000000000, -1.000000000000000000, 0.000000000000000000 ) ) ;
#363 = CARTESIAN_POINT ( 'NONE',  ( -11.51062046810096717, -20.99999999999870681, 15.03182617984501590 ) ) ;
#364 = VERTEX_POINT ( 'NONE', #1971 ) ;
#365 = CARTESIAN_POINT ( 'NONE',  ( 8.947408470588888107, 36.19379364328256088, 9.499999999999996447 ) ) ;
#366 = EDGE_CURVE ( 'NONE', #833, #565, #2304, .T. ) ;
#367 = VERTEX_POINT ( 'NONE', #1188 ) ;
#368 = EDGE_CURVE ( 'NONE', #2523, #379, #172, .T. ) ;
#369 = DIRECTION ( 'NONE',  ( 0.000000000000000000, 1.000000000000000000, 0.000000000000000000 ) ) ;
#370 = PLANE ( 'NONE',  #1058 ) ;
#371 = CARTESIAN_POINT ( 'NONE',  ( -12.40126912738153919, 6.999999999999999112, -20.28819837261784897 ) ) ;
#372 = CARTESIAN_POINT ( 'NONE',  ( 15.19740847058888811, -5.999999999998707700, 7.979999999999997762 ) ) ;
#373 = CARTESIAN_POINT ( 'NONE',  ( -5.552591529411107452, -20.99999999999870681, -9.500000000000001776 ) ) ;
#374 = VERTEX_POINT ( 'NONE', #1762 ) ;
#375 = CARTESIAN_POINT ( 'NONE',  ( 15.19740847058888811, -20.99999999999870681, 7.979999999999997762 ) ) ;
#376 = VERTEX_POINT ( 'NONE', #2579 ) ;
#377 = DIRECTION ( 'NONE',  ( 0.000000000000000000, 1.000000000000000000, -0.000000000000000000 ) ) ;
#378 = LINE ( 'NONE', #1199, #258 ) ;
#379 = VERTEX_POINT ( 'NONE', #777 ) ;
#380 = EDGE_CURVE ( 'NONE', #364, #466, #963, .T. ) ;
#381 = ADVANCED_FACE ( 'NONE', ( #2382 ), #748, .T. ) ;
#382 = VERTEX_POINT ( 'NONE', #981 ) ;
#383 = AXIS2_PLACEMENT_3D ( 'NONE', #156, #1984, #2609 ) ;
#384 = EDGE_LOOP ( 'NONE', ( #1628, #1831, #796, #2145 ) ) ;
#385 = CARTESIAN_POINT ( 'NONE',  ( -3.252591529411106741, -20.99999999999870681, -14.00000000000000178 ) ) ;
#386 = VECTOR ( 'NONE', #1846, 1000.000000000000000 ) ;
#387 = APPROVAL_STATUS ( 'not_yet_approved' ) ;
#388 = CARTESIAN_POINT ( 'NONE',  ( 25.02536353557232829, 17.00000000000000000, 16.51126332720839329 ) ) ;
#389 = AXIS2_PLACEMENT_3D ( 'NONE', #2041, #219, #979 ) ;
#390 = EDGE_LOOP ( 'NONE', ( #291, #177, #1418, #154 ) ) ;
#391 = CIRCLE ( 'NONE', #1024, 4.999999999999997335 ) ;
#392 = DIRECTION ( 'NONE',  ( -9.130123557772670799E-17, -0.000000000000000000, 1.000000000000000000 ) ) ;
#393 = CARTESIAN_POINT ( 'NONE',  ( 13.45464070137347790, 6.999999999999999112, -2.541823215270790914 ) ) ;
#394 = AXIS2_PLACEMENT_3D ( 'NONE', #1469, #103, #2491 ) ;
#395 = VERTEX_POINT ( 'NONE', #762 ) ;
#396 = EDGE_CURVE ( 'NONE', #374, #2037, #2218, .T. ) ;
#397 = ORIENTED_EDGE ( 'NONE', *, *, #910, .T. ) ;
#398 = EDGE_CURVE ( 'NONE', #1501, #1697, #169, .T. ) ;
#399 = CARTESIAN_POINT ( 'NONE',  ( 17.24187630448997410, 9.121320463748251228, -18.78819207543801895 ) ) ;
#400 = ORIENTED_EDGE ( 'NONE', *, *, #157, .T. ) ;
#401 = DIRECTION ( 'NONE',  ( -0.000000000000000000, -1.000000000000000000, -0.000000000000000000 ) ) ;
#402 = EDGE_CURVE ( 'NONE', #1811, #2057, #339, .T. ) ;
#403 = ORIENTED_EDGE ( 'NONE', *, *, #444, .F. ) ;
#404 = LINE ( 'NONE', #810, #723 ) ;
#405 = DIRECTION ( 'NONE',  ( 0.000000000000000000, 0.000000000000000000, 1.000000000000000000 ) ) ;
#406 = ORIENTED_EDGE ( 'NONE', *, *, #733, .T. ) ;
#407 = ORIENTED_EDGE ( 'NONE', *, *, #2157, .T. ) ;
#408 = ORIENTED_EDGE ( 'NONE', *, *, #984, .T. ) ;
#409 = CARTESIAN_POINT ( 'NONE',  ( 8.947408470588888107, 48.50000000000000000, 11.25000000000000000 ) ) ;
#410 = PLANE ( 'NONE',  #2231 ) ;
#411 = FACE_OUTER_BOUND ( 'NONE', #1445, .T. ) ;
#412 = EDGE_LOOP ( 'NONE', ( #551, #1985, #653, #1670, #505, #612, #2311, #247 ) ) ;
#413 = CARTESIAN_POINT ( 'NONE',  ( -11.80009643157009513, 6.999999999999999112, -5.424743953950355468 ) ) ;
#414 = ADVANCED_FACE ( 'NONE', ( #2151 ), #127, .T. ) ;
#415 = CARTESIAN_POINT ( 'NONE',  ( -5.552591529411112781, -20.99999999999870681, 11.25000000000000000 ) ) ;
#416 = LINE ( 'NONE', #1008, #804 ) ;
#417 = ORIENTED_EDGE ( 'NONE', *, *, #2432, .T. ) ;
#418 = ORIENTED_EDGE ( 'NONE', *, *, #2025, .T. ) ;
#419 = CARTESIAN_POINT ( 'NONE',  ( 29.02536353557232829, 22.00000000000000000, -16.48816776128165529 ) ) ;
#420 = AXIS2_PLACEMENT_3D ( 'NONE', #106, #512, #908 ) ;
#421 = PERSON_AND_ORGANIZATION ( #1719, #1164 ) ;
#422 = DIRECTION ( 'NONE',  ( 0.000000000000000000, 0.000000000000000000, -1.000000000000000000 ) ) ;
#423 = AXIS2_PLACEMENT_3D ( 'NONE', #1467, #835, #2463 ) ;
#424 = VERTEX_POINT ( 'NONE', #1760 ) ;
#425 = EDGE_CURVE ( 'NONE', #1042, #2119, #1954, .T. ) ;
#426 = LINE ( 'NONE', #2052, #1327 ) ;
#427 = AXIS2_PLACEMENT_3D ( 'NONE', #1834, #1850, #1393 ) ;
#428 = ORIENTED_EDGE ( 'NONE', *, *, #2513, .F. ) ;
#429 = EDGE_CURVE ( 'NONE', #382, #668, #497, .T. ) ;
#430 = VECTOR ( 'NONE', #1121, 1000.000000000000000 ) ;
#431 = CIRCLE ( 'NONE', #2558, 2.558020616099736522 ) ;
#432 = LINE ( 'NONE', #2434, #2128 ) ;
#433 = EDGE_CURVE ( 'NONE', #1425, #2324, #1150, .T. ) ;
#434 = AXIS2_PLACEMENT_3D ( 'NONE', #1572, #954, #345 ) ;
#435 = DIRECTION ( 'NONE',  ( 0.000000000000000000, 0.000000000000000000, -1.000000000000000000 ) ) ;
#436 = ORIENTED_EDGE ( 'NONE', *, *, #2042, .F. ) ;
#437 = DIRECTION ( 'NONE',  ( -0.000000000000000000, 1.000000000000000000, -0.000000000000000000 ) ) ;
#438 = PERSON_AND_ORGANIZATION_ROLE ( 'classification_officer' ) ;
#439 = EDGE_LOOP ( 'NONE', ( #904, #1652, #223 ) ) ;
#440 = ORIENTED_EDGE ( 'NONE', *, *, #2539, .T. ) ;
#441 = CARTESIAN_POINT ( 'NONE',  ( 8.947408470588888107, -20.99999999999870681, 11.25000000000000000 ) ) ;
#442 = CARTESIAN_POINT ( 'NONE',  ( -20.56328893980571593, 0.000000000000000000, 31.51126332720839684 ) ) ;
#443 = ORIENTED_EDGE ( 'NONE', *, *, #1814, .F. ) ;
#444 = EDGE_CURVE ( 'NONE', #2020, #2368, #353, .T. ) ;
#445 = EDGE_CURVE ( 'NONE', #792, #97, #2331, .T. ) ;
#446 = VERTEX_POINT ( 'NONE', #1137 ) ;
#447 = DIRECTION ( 'NONE',  ( 0.000000000000000000, -1.000000000000000000, 0.000000000000000000 ) ) ;
#448 = ORIENTED_EDGE ( 'NONE', *, *, #283, .T. ) ;
#449 = ORIENTED_EDGE ( 'NONE', *, *, #1130, .F. ) ;
#450 = FACE_OUTER_BOUND ( 'NONE', #479, .T. ) ;
#451 = FACE_OUTER_BOUND ( 'NONE', #108, .T. ) ;
#452 = CARTESIAN_POINT ( 'NONE',  ( -20.56328893980571948, 7.000000000000000888, 36.51126332720839684 ) ) ;
#453 = ORIENTED_EDGE ( 'NONE', *, *, #2088, .T. ) ;
#454 = CARTESIAN_POINT ( 'NONE',  ( -11.80009643157006316, 22.00000000000000355, 5.800866734510581324 ) ) ;
#455 = ADVANCED_FACE ( 'NONE', ( #1323 ), #2366, .F. ) ;
#456 = EDGE_LOOP ( 'NONE', ( #443, #1055, #1004, #1262, #1040, #2455, #791, #1243 ) ) ;
#457 = DIRECTION ( 'NONE',  ( 0.000000000000000000, 1.000000000000000000, 0.000000000000000000 ) ) ;
#458 = EDGE_CURVE ( 'NONE', #1185, #489, #1309, .T. ) ;
#459 = EDGE_LOOP ( 'NONE', ( #1135, #171, #1993, #1853 ) ) ;
#460 = CIRCLE ( 'NONE', #1522, 2.199999999999998845 ) ;
#461 = ORIENTED_EDGE ( 'NONE', *, *, #2153, .F. ) ;
#462 = VECTOR ( 'NONE', #1311, 1000.000000000000000 ) ;
#463 = DIRECTION ( 'NONE',  ( -1.156482317317871478E-16, 0.000000000000000000, 1.000000000000000000 ) ) ;
#464 = AXIS2_PLACEMENT_3D ( 'NONE', #442, #622, #2053 ) ;
#465 = CARTESIAN_POINT ( 'NONE',  ( -11.51062046810096717, -11.19999999999870788, 17.23182617984501164 ) ) ;
#466 = VERTEX_POINT ( 'NONE', #2561 ) ;
#467 = CIRCLE ( 'NONE', #634, 2.558020616099736522 ) ;
#468 = PLANE ( 'NONE',  #1244 ) ;
#469 = AXIS2_PLACEMENT_3D ( 'NONE', #864, #657, #1681 ) ;
#470 = AXIS2_PLACEMENT_3D ( 'NONE', #918, #744, #352 ) ;
#471 = CC_DESIGN_PERSON_AND_ORGANIZATION_ASSIGNMENT ( #1892, #1701, ( #2189 ) ) ;
#472 = VERTEX_POINT ( 'NONE', #716 ) ;
#473 = AXIS2_PLACEMENT_3D ( 'NONE', #1005, #1390, #1815 ) ;
#474 = CARTESIAN_POINT ( 'NONE',  ( -21.56328893980571593, 83.29473879334379660, 16.51126332720840040 ) ) ;
#475 = EDGE_LOOP ( 'NONE', ( #2255, #535, #2373, #2223 ) ) ;
#476 = VECTOR ( 'NONE', #2617, 1000.000000000000000 ) ;
#477 = EDGE_CURVE ( 'NONE', #2364, #367, #2121, .T. ) ;
#478 = CARTESIAN_POINT ( 'NONE',  ( 13.45464070137347790, -5.999999999998707700, 6.120611284515575790 ) ) ;
#479 = EDGE_LOOP ( 'NONE', ( #1493, #2379, #2490, #627 ) ) ;
#480 = DIRECTION ( 'NONE',  ( 0.000000000000000000, 0.000000000000000000, -1.000000000000000000 ) ) ;
#481 = EDGE_CURVE ( 'NONE', #2047, #1795, #1727, .T. ) ;
#482 = FACE_OUTER_BOUND ( 'NONE', #1412, .T. ) ;
#483 = ORIENTED_EDGE ( 'NONE', *, *, #1982, .T. ) ;
#484 = PLANE ( 'NONE',  #809 ) ;
#485 = FACE_OUTER_BOUND ( 'NONE', #561, .T. ) ;
#486 = ORIENTED_EDGE ( 'NONE', *, *, #1153, .F. ) ;
#487 = DIRECTION ( 'NONE',  ( -1.000000000000000000, 0.000000000000000000, 0.000000000000000000 ) ) ;
#488 = CARTESIAN_POINT ( 'NONE',  ( 8.947408470588891660, 36.19379364328256088, -14.00000000000000178 ) ) ;
#489 = VERTEX_POINT ( 'NONE', #139 ) ;
#490 = ADVANCED_FACE ( 'NONE', ( #1171 ), #1550, .F. ) ;
#491 = DIRECTION ( 'NONE',  ( 0.000000000000000000, -1.000000000000000000, 0.000000000000000000 ) ) ;
#492 = DIRECTION ( 'NONE',  ( -0.000000000000000000, 1.000000000000000000, 0.000000000000000000 ) ) ;
#493 = CARTESIAN_POINT ( 'NONE',  ( -25.56328893980571593, 7.000000000000000888, 31.51126332720839684 ) ) ;
#494 = ORIENTED_EDGE ( 'NONE', *, *, #1130, .T. ) ;
#495 = EDGE_CURVE ( 'NONE', #1650, #668, #946, .T. ) ;
#496 = CARTESIAN_POINT ( 'NONE',  ( 8.947408470588888107, 8.000000000000000000, -11.25000000000000000 ) ) ;
#497 = LINE ( 'NONE', #508, #800 ) ;
#498 = CARTESIAN_POINT ( 'NONE',  ( 17.94186940041698719, 61.56190177292780419, 20.31180807326939330 ) ) ;
#499 = CARTESIAN_POINT ( 'NONE',  ( -3.252591529411111182, 8.000000000000001776, 11.25000000000000000 ) ) ;
#500 = ORIENTED_EDGE ( 'NONE', *, *, #1381, .F. ) ;
#501 = LINE ( 'NONE', #1934, #1669 ) ;
#502 = CARTESIAN_POINT ( 'NONE',  ( 2.827357753390421280, 12.20000000000000284, -28.48819553809244809 ) ) ;
#503 = CARTESIAN_POINT ( 'NONE',  ( 18.74186831699887179, 7.000000000000000888, 18.81180792457128703 ) ) ;
#504 = ADVANCED_FACE ( 'NONE', ( #2341 ), #1510, .F. ) ;
#505 = ORIENTED_EDGE ( 'NONE', *, *, #1460, .T. ) ;
#506 = FACE_OUTER_BOUND ( 'NONE', #1969, .T. ) ;
#507 = AXIS2_PLACEMENT_3D ( 'NONE', #341, #1566, #1775 ) ;
#508 = CARTESIAN_POINT ( 'NONE',  ( 0.000000000000000000, 17.00000000000000000, -36.48816776128165174 ) ) ;
#509 = CIRCLE ( 'NONE', #1700, 4.000000000000000000 ) ;
#510 = CIRCLE ( 'NONE', #1365, 2.558020616099736522 ) ;
#511 = EDGE_CURVE ( 'NONE', #1910, #792, #1125, .T. ) ;
#512 = DIRECTION ( 'NONE',  ( 0.000000000000000000, -1.000000000000000000, 0.000000000000000000 ) ) ;
#513 = AXIS2_PLACEMENT_3D ( 'NONE', #630, #2272, #1050 ) ;
#514 = ORIENTED_EDGE ( 'NONE', *, *, #2357, .F. ) ;
#515 = EDGE_LOOP ( 'NONE', ( #1512, #2472, #2585, #1758 ) ) ;
#516 = VECTOR ( 'NONE', #750, 1000.000000000000000 ) ;
#517 = DIRECTION ( 'NONE',  ( 0.000000000000000000, 0.000000000000000000, 1.000000000000000000 ) ) ;
#518 = ORIENTED_EDGE ( 'NONE', *, *, #1619, .T. ) ;
#519 = AXIS2_PLACEMENT_3D ( 'NONE', #2159, #330, #305 ) ;
#520 = CARTESIAN_POINT ( 'NONE',  ( -5.552591529411106563, 8.000000000000001776, -11.25000000000000000 ) ) ;
#521 = DIRECTION ( 'NONE',  ( 1.239088197126290817E-16, 0.000000000000000000, -1.000000000000000000 ) ) ;
#522 = FACE_BOUND ( 'NONE', #53, .T. ) ;
#523 = AXIS2_PLACEMENT_3D ( 'NONE', #940, #1332, #2376 ) ;
#524 = ORIENTED_EDGE ( 'NONE', *, *, #1458, .T. ) ;
#525 = CARTESIAN_POINT ( 'NONE',  ( 13.45464070137347790, 22.00000000000000355, 3.562590668415839268 ) ) ;
#526 = CARTESIAN_POINT ( 'NONE',  ( 2.827343996733970855, 1.060303038032997192, 30.61180446190593329 ) ) ;
#527 = FACE_OUTER_BOUND ( 'NONE', #1038, .T. ) ;
#528 = DIRECTION ( 'NONE',  ( -0.000000000000000000, 1.000000000000000000, -0.000000000000000000 ) ) ;
#529 = FACE_OUTER_BOUND ( 'NONE', #813, .T. ) ;
#530 = CARTESIAN_POINT ( 'NONE',  ( -20.56328893980568395, 17.00000000000000000, 36.51126332720839684 ) ) ;
#531 = CARTESIAN_POINT ( 'NONE',  ( -6.552591529411110116, 27.00000000000000355, 9.499999999999996447 ) ) ;
#532 = VERTEX_POINT ( 'NONE', #1737 ) ;
#533 = DIRECTION ( 'NONE',  ( -0.7071066309737772393, 0.000000000000000000, -0.7071069313992860428 ) ) ;
#534 = CARTESIAN_POINT ( 'NONE',  ( -5.552591529411106563, 27.00000000000000355, -14.00000000000000178 ) ) ;
#535 = ORIENTED_EDGE ( 'NONE', *, *, #200, .T. ) ;
#536 = APPROVAL ( #387, 'UNSPECIFIED' ) ;
#537 = FACE_OUTER_BOUND ( 'NONE', #350, .T. ) ;
#538 = EDGE_CURVE ( 'NONE', #1611, #358, #2547, .T. ) ;
#539 = DIRECTION ( 'NONE',  ( 0.000000000000000000, 1.000000000000000000, 0.000000000000000000 ) ) ;
#540 = FACE_BOUND ( 'NONE', #2287, .T. ) ;
#541 = FACE_OUTER_BOUND ( 'NONE', #1847, .T. ) ;
#542 = DIRECTION ( 'NONE',  ( -0.000000000000000000, 1.000000000000000000, -0.000000000000000000 ) ) ;
#543 = CARTESIAN_POINT ( 'NONE',  ( 13.45464070137347790, 22.00000000000000355, 6.120611284515575790 ) ) ;
#544 = ORIENTED_EDGE ( 'NONE', *, *, #2094, .T. ) ;
#545 = VECTOR ( 'NONE', #890, 1000.000000000000000 ) ;
#546 = VECTOR ( 'NONE', #1198, 1000.000000000000000 ) ;
#547 = CARTESIAN_POINT ( 'NONE',  ( -11.51062046810096717, -11.19999999999870788, 15.03182617984501590 ) ) ;
#548 = AXIS2_PLACEMENT_3D ( 'NONE', #625, #2378, #2391 ) ;
#549 = AXIS2_PLACEMENT_3D ( 'NONE', #2084, #17, #2309 ) ;
#550 = DIRECTION ( 'NONE',  ( 1.000000000000000000, 0.000000000000000000, 0.000000000000000000 ) ) ;
#551 = ORIENTED_EDGE ( 'NONE', *, *, #2153, .T. ) ;
#552 = AXIS2_PLACEMENT_3D ( 'NONE', #388, #1436, #2423 ) ;
#553 = FACE_OUTER_BOUND ( 'NONE', #2200, .T. ) ;
#554 = CARTESIAN_POINT ( 'NONE',  ( -11.80009643157006316, 22.00000000000000355, 3.242846118410843470 ) ) ;
#555 = ADVANCED_FACE ( 'NONE', ( #958 ), #1184, .T. ) ;
#556 = AXIS2_PLACEMENT_3D ( 'NONE', #714, #1124, #1594 ) ;
#557 = DIRECTION ( 'NONE',  ( 0.000000000000000000, -1.000000000000000000, 0.000000000000000000 ) ) ;
#558 = CARTESIAN_POINT ( 'NONE',  ( -11.80009643157009513, -20.99999999999870681, -7.982764570050093766 ) ) ;
#559 = ORIENTED_EDGE ( 'NONE', *, *, #232, .F. ) ;
#560 = DIRECTION ( 'NONE',  ( 0.000000000000000000, -1.000000000000000000, 0.000000000000000000 ) ) ;
#561 = EDGE_LOOP ( 'NONE', ( #1383, #1296, #276, #500 ) ) ;
#562 = AXIS2_PLACEMENT_3D ( 'NONE', #873, #2316, #480 ) ;
#563 = DIRECTION ( 'NONE',  ( 1.000000000000000000, 0.000000000000000000, -0.000000000000000000 ) ) ;
#564 = PLANE ( 'NONE',  #423 ) ;
#565 = VERTEX_POINT ( 'NONE', #1829 ) ;
#566 = DIRECTION ( 'NONE',  ( 0.000000000000000000, 0.000000000000000000, -1.000000000000000000 ) ) ;
#567 =( NAMED_UNIT ( * ) PLANE_ANGLE_UNIT ( ) SI_UNIT ( $, .RADIAN. ) );
#568 = CARTESIAN_POINT ( 'NONE',  ( -6.552591529411110116, 27.00000000000000355, 9.499999999999996447 ) ) ;
#569 = ORIENTED_EDGE ( 'NONE', *, *, #1251, .F. ) ;
#570 = ORIENTED_EDGE ( 'NONE', *, *, #1189, .F. ) ;
#571 = EDGE_CURVE ( 'NONE', #1108, #1634, #1596, .T. ) ;
#572 = DIRECTION ( 'NONE',  ( 0.000000000000000000, -1.000000000000000000, 0.000000000000000000 ) ) ;
#573 = DIRECTION ( 'NONE',  ( 0.000000000000000000, -1.000000000000000000, 0.000000000000000000 ) ) ;
#574 = ORIENTED_EDGE ( 'NONE', *, *, #1686, .T. ) ;
#575 = EDGE_CURVE ( 'NONE', #1597, #229, #1203, .T. ) ;
#576 = DIRECTION ( 'NONE',  ( 0.000000000000000000, 1.000000000000000000, 0.000000000000000000 ) ) ;
#577 = CARTESIAN_POINT ( 'NONE',  ( 0.000000000000000000, 0.000000000000000000, 0.000000000000000000 ) ) ;
#578 = DIRECTION ( 'NONE',  ( 0.000000000000000000, 1.000000000000000000, 0.000000000000000000 ) ) ;
#579 = ORIENTED_EDGE ( 'NONE', *, *, #2259, .T. ) ;
#580 = DIRECTION ( 'NONE',  ( 0.000000000000000000, 0.000000000000000000, 1.000000000000000000 ) ) ;
#581 = EDGE_CURVE ( 'NONE', #1062, #1981, #1772, .T. ) ;
#582 = DIRECTION ( 'NONE',  ( 0.000000000000000000, 0.000000000000000000, -1.000000000000000000 ) ) ;
#583 = ORIENTED_EDGE ( 'NONE', *, *, #1633, .T. ) ;
#584 = CARTESIAN_POINT ( 'NONE',  ( 8.947408470588888107, 8.000000000000000000, 13.99999999999999822 ) ) ;
#585 = AXIS2_PLACEMENT_3D ( 'NONE', #2068, #447, #1863 ) ;
#586 = EDGE_CURVE ( 'NONE', #2324, #1811, #1615, .T. ) ;
#587 = AXIS2_PLACEMENT_3D ( 'NONE', #996, #1391, #2442 ) ;
#588 = LINE ( 'NONE', #1422, #2505 ) ;
#589 = CIRCLE ( 'NONE', #2080, 2.558020616099729860 ) ;
#590 = CARTESIAN_POINT ( 'NONE',  ( 8.947408470588888107, 48.50000000000000000, -11.25000000000000000 ) ) ;
#591 = VERTEX_POINT ( 'NONE', #2407 ) ;
#592 = DIRECTION ( 'NONE',  ( 1.000000000000000000, 0.000000000000000000, -0.000000000000000000 ) ) ;
#593 = VECTOR ( 'NONE', #1172, 1000.000000000000000 ) ;
#594 = VERTEX_POINT ( 'NONE', #2019 ) ;
#595 = VECTOR ( 'NONE', #592, 1000.000000000000000 ) ;
#596 = LINE ( 'NONE', #1417, #1162 ) ;
#597 = FACE_OUTER_BOUND ( 'NONE', #2486, .T. ) ;
#598 = CIRCLE ( 'NONE', #2135, 5.000000000000000888 ) ;
#599 = ORIENTED_EDGE ( 'NONE', *, *, #311, .F. ) ;
#600 = AXIS2_PLACEMENT_3D ( 'NONE', #1680, #70, #1921 ) ;
#601 = EDGE_CURVE ( 'NONE', #1962, #424, #1604, .T. ) ;
#602 = ORIENTED_EDGE ( 'NONE', *, *, #2197, .F. ) ;
#603 = ADVANCED_FACE ( 'NONE', ( #2428, #1427 ), #1379, .T. ) ;
#604 = CARTESIAN_POINT ( 'NONE',  ( -5.552591529411111004, -20.99999999999870681, 9.499999999999996447 ) ) ;
#605 = DIRECTION ( 'NONE',  ( 0.000000000000000000, 0.000000000000000000, 1.000000000000000000 ) ) ;
#606 = VERTEX_POINT ( 'NONE', #180 ) ;
#607 = CARTESIAN_POINT ( 'NONE',  ( -25.56328893980571593, 22.00000000000000355, 16.51126332720840395 ) ) ;
#608 = DIRECTION ( 'NONE',  ( 1.156482317317871478E-16, 0.000000000000000000, -1.000000000000000000 ) ) ;
#609 = ORIENTED_EDGE ( 'NONE', *, *, #1833, .F. ) ;
#610 = CARTESIAN_POINT ( 'NONE',  ( 13.45464070137347790, 6.999999999999999112, 3.562590668415839268 ) ) ;
#611 = CC_DESIGN_PERSON_AND_ORGANIZATION_ASSIGNMENT ( #421, #968, ( #1820 ) ) ;
#612 = ORIENTED_EDGE ( 'NONE', *, *, #2577, .F. ) ;
#613 = DIRECTION ( 'NONE',  ( 0.000000000000000000, 0.000000000000000000, 1.000000000000000000 ) ) ;
#614 = FACE_OUTER_BOUND ( 'NONE', #459, .T. ) ;
#615 = EDGE_LOOP ( 'NONE', ( #1659, #1259, #1151, #1431 ) ) ;
#616 = CARTESIAN_POINT ( 'NONE',  ( -5.552591529411107452, 8.000000000000001776, -9.500000000000001776 ) ) ;
#617 = EDGE_CURVE ( 'NONE', #80, #2444, #9, .T. ) ;
#618 = CARTESIAN_POINT ( 'NONE',  ( -25.56328893980571593, 83.29473879334379660, -16.48816776128164108 ) ) ;
#619 = ORIENTED_EDGE ( 'NONE', *, *, #1460, .F. ) ;
#620 = DIRECTION ( 'NONE',  ( 1.000000000000000000, -0.000000000000000000, -0.000000000000000000 ) ) ;
#621 = EDGE_CURVE ( 'NONE', #1677, #1548, #802, .T. ) ;
#622 = DIRECTION ( 'NONE',  ( 0.000000000000000000, -1.000000000000000000, 0.000000000000000000 ) ) ;
#623 = VERTEX_POINT ( 'NONE', #1007 ) ;
#624 = DIRECTION ( 'NONE',  ( 1.000000000000000000, 0.000000000000000000, 0.000000000000000000 ) ) ;
#625 = CARTESIAN_POINT ( 'NONE',  ( 2.827357753390421280, 7.000000000000000888, -28.48819553809244809 ) ) ;
#626 = AXIS2_PLACEMENT_3D ( 'NONE', #967, #187, #2204 ) ;
#627 = ORIENTED_EDGE ( 'NONE', *, *, #1799, .F. ) ;
#628 = CARTESIAN_POINT ( 'NONE',  ( 18.74186831699869060, 9.121320463748251228, 18.81180792457128703 ) ) ;
#629 = AXIS2_PLACEMENT_3D ( 'NONE', #2446, #1891, #613 ) ;
#630 = CARTESIAN_POINT ( 'NONE',  ( -11.80009643157006316, -20.99999999999870681, 5.800866734510581324 ) ) ;
#631 = VECTOR ( 'NONE', #1744, 1000.000000000000000 ) ;
#632 = ORIENTED_EDGE ( 'NONE', *, *, #2016, .F. ) ;
#633 = CYLINDRICAL_SURFACE ( 'NONE', #2514, 2.199999999999998845 ) ;
#634 = AXIS2_PLACEMENT_3D ( 'NONE', #1194, #2267, #990 ) ;
#635 = ORIENTED_EDGE ( 'NONE', *, *, #703, .F. ) ;
#636 = VECTOR ( 'NONE', #2377, 1000.000000000000000 ) ;
#637 = EDGE_CURVE ( 'NONE', #2119, #1042, #2465, .T. ) ;
#638 = VECTOR ( 'NONE', #2247, 1000.000000000000000 ) ;
#639 = VECTOR ( 'NONE', #2336, 1000.000000000000000 ) ;
#640 = ORIENTED_EDGE ( 'NONE', *, *, #366, .T. ) ;
#641 = DIRECTION ( 'NONE',  ( 0.000000000000000000, -1.000000000000000000, 0.000000000000000000 ) ) ;
#642 = ORIENTED_EDGE ( 'NONE', *, *, #826, .T. ) ;
#643 = LINE ( 'NONE', #1290, #763 ) ;
#644 = ORIENTED_EDGE ( 'NONE', *, *, #1094, .F. ) ;
#645 = LINE ( 'NONE', #1653, #264 ) ;
#646 = DIRECTION ( 'NONE',  ( 0.000000000000000000, 0.000000000000000000, 1.000000000000000000 ) ) ;
#647 = LINE ( 'NONE', #1265, #1832 ) ;
#648 = ADVANCED_FACE ( 'NONE', ( #597 ), #757, .F. ) ;
#649 = DIRECTION ( 'NONE',  ( -0.000000000000000000, 1.000000000000000000, -0.000000000000000000 ) ) ;
#650 = EDGE_CURVE ( 'NONE', #2573, #288, #2595, .T. ) ;
#651 = EDGE_LOOP ( 'NONE', ( #808, #1559 ) ) ;
#652 = CARTESIAN_POINT ( 'NONE',  ( 2.827343996733970855, 12.20000000000000284, 28.51180446190593187 ) ) ;
#653 = ORIENTED_EDGE ( 'NONE', *, *, #832, .T. ) ;
#654 = DIRECTION ( 'NONE',  ( -0.000000000000000000, -1.000000000000000000, -0.000000000000000000 ) ) ;
#655 = EDGE_LOOP ( 'NONE', ( #1643, #899, #90, #1266 ) ) ;
#656 = CARTESIAN_POINT ( 'NONE',  ( 17.24186831699867994, 9.121320463748251228, 18.81180792457130124 ) ) ;
#657 = DIRECTION ( 'NONE',  ( 0.000000000000000000, 1.000000000000000000, 0.000000000000000000 ) ) ;
#658 = LINE ( 'NONE', #465, #295 ) ;
#659 = VERTEX_POINT ( 'NONE', #2030 ) ;
#660 = CARTESIAN_POINT ( 'NONE',  ( -16.62380965847795977, -20.99999999999870681, -16.39703041503866743 ) ) ;
#661 = EDGE_CURVE ( 'NONE', #2590, #395, #2395, .T. ) ;
#662 = ADVANCED_FACE ( 'NONE', ( #1631 ), #564, .F. ) ;
#663 = EDGE_LOOP ( 'NONE', ( #2268, #602, #2277, #559 ) ) ;
#664 = DIRECTION ( 'NONE',  ( 0.000000000000000000, -0.000000000000000000, -1.000000000000000000 ) ) ;
#665 = SHAPE_DEFINITION_REPRESENTATION ( #1416, #692 ) ;
#666 = ORIENTED_EDGE ( 'NONE', *, *, #898, .F. ) ;
#667 = CARTESIAN_POINT ( 'NONE',  ( 2.827343996733970855, 12.20000000000000284, 28.51180446190593187 ) ) ;
#668 = VERTEX_POINT ( 'NONE', #2074 ) ;
#669 = VECTOR ( 'NONE', #1060, 1000.000000000000000 ) ;
#670 = CARTESIAN_POINT ( 'NONE',  ( 0.000000000000000000, 8.000000000000001776, 0.000000000000000000 ) ) ;
#671 = CIRCLE ( 'NONE', #45, 5.000000000000000888 ) ;
#672 = LINE ( 'NONE', #269, #386 ) ;
#673 = ORIENTED_EDGE ( 'NONE', *, *, #2479, .F. ) ;
#674 = AXIS2_PLACEMENT_3D ( 'NONE', #363, #2412, #973 ) ;
#675 = CARTESIAN_POINT ( 'NONE',  ( 24.02536353557233184, 7.000000000000000888, -36.48816776128165174 ) ) ;
#676 = AXIS2_PLACEMENT_3D ( 'NONE', #2285, #2337, #884 ) ;
#677 = AXIS2_PLACEMENT_3D ( 'NONE', #217, #2431, #1033 ) ;
#678 = ORIENTED_EDGE ( 'NONE', *, *, #1732, .F. ) ;
#679 = EDGE_CURVE ( 'NONE', #2374, #872, #1236, .T. ) ;
#680 = LINE ( 'NONE', #1100, #2078 ) ;
#681 = COORDINATED_UNIVERSAL_TIME_OFFSET ( 3, 0, .BEHIND. ) ;
#682 = ORIENTED_EDGE ( 'NONE', *, *, #1589, .T. ) ;
#683 = VECTOR ( 'NONE', #132, 1000.000000000000000 ) ;
#684 = ORIENTED_EDGE ( 'NONE', *, *, #2436, .T. ) ;
#685 = FACE_OUTER_BOUND ( 'NONE', #801, .T. ) ;
#686 = PLANE ( 'NONE',  #2266 ) ;
#687 = FACE_OUTER_BOUND ( 'NONE', #1195, .T. ) ;
#688 = ORIENTED_EDGE ( 'NONE', *, *, #1914, .T. ) ;
#689 = UNCERTAINTY_MEASURE_WITH_UNIT (LENGTH_MEASURE( 1.000000000000000082E-05 ), #208, 'distance_accuracy_value', 'NONE');
#690 = DIRECTION ( 'NONE',  ( -0.000000000000000000, -0.000000000000000000, -1.000000000000000000 ) ) ;
#691 = DIRECTION ( 'NONE',  ( 0.000000000000000000, 1.000000000000000000, 0.000000000000000000 ) ) ;
#692 = ADVANCED_BREP_SHAPE_REPRESENTATION ( 'PressPlaca+lectorQR', ( #2072, #1329 ), #2139 ) ;
#693 = CARTESIAN_POINT ( 'NONE',  ( -15.35812438525120704, 7.000000000000000888, -15.54139525759758378 ) ) ;
#694 = DIRECTION ( 'NONE',  ( 0.000000000000000000, 0.000000000000000000, 1.000000000000000000 ) ) ;
#695 = LINE ( 'NONE', #951, #95 ) ;
#696 = FACE_OUTER_BOUND ( 'NONE', #412, .T. ) ;
#697 = ORIENTED_EDGE ( 'NONE', *, *, #2170, .F. ) ;
#698 = DIRECTION ( 'NONE',  ( 0.000000000000000000, 0.000000000000000000, -1.000000000000000000 ) ) ;
#699 = EDGE_CURVE ( 'NONE', #80, #56, #589, .T. ) ;
#700 = DIRECTION ( 'NONE',  ( 0.000000000000000000, -1.000000000000000000, -0.000000000000000000 ) ) ;
#701 = ORIENTED_EDGE ( 'NONE', *, *, #2601, .F. ) ;
#702 = CARTESIAN_POINT ( 'NONE',  ( 17.24187630448997410, 7.000000000000000888, -20.28819207543801895 ) ) ;
#703 = EDGE_CURVE ( 'NONE', #1710, #857, #672, .T. ) ;
#704 = DIRECTION ( 'NONE',  ( 1.000000000000000000, -0.000000000000000000, -0.000000000000000000 ) ) ;
#705 = CARTESIAN_POINT ( 'NONE',  ( 12.70549194685359851, -13.49999999999870681, 8.566474243880346506 ) ) ;
#706 = ORIENTED_EDGE ( 'NONE', *, *, #1982, .F. ) ;
#707 = ORIENTED_EDGE ( 'NONE', *, *, #2416, .F. ) ;
#708 = DIRECTION ( 'NONE',  ( -0.000000000000000000, -1.000000000000000000, -0.000000000000000000 ) ) ;
#709 = CARTESIAN_POINT ( 'NONE',  ( 29.02536353557232829, 7.000000000000000888, 31.51126332720839684 ) ) ;
#710 = LINE ( 'NONE', #1529, #2125 ) ;
#711 = AXIS2_PLACEMENT_3D ( 'NONE', #1730, #528, #1524 ) ;
#712 = ORIENTED_EDGE ( 'NONE', *, *, #1247, .F. ) ;
#713 = EDGE_CURVE ( 'NONE', #829, #851, #2264, .T. ) ;
#714 = CARTESIAN_POINT ( 'NONE',  ( 14.90740847058888718, -5.999999999998707700, -15.02999999999999936 ) ) ;
#715 = VECTOR ( 'NONE', #1648, 1000.000000000000000 ) ;
#716 = CARTESIAN_POINT ( 'NONE',  ( -3.252591529411107629, 8.000000000000001776, -14.00000000000000178 ) ) ;
#717 = AXIS2_PLACEMENT_3D ( 'NONE', #1346, #333, #1149 ) ;
#718 = AXIS2_PLACEMENT_3D ( 'NONE', #2481, #1268, #2079 ) ;
#719 = LINE ( 'NONE', #2507, #462 ) ;
#720 = CIRCLE ( 'NONE', #2554, 4.000000000000000000 ) ;
#721 = AXIS2_PLACEMENT_3D ( 'NONE', #2587, #2365, #2394 ) ;
#722 = ORIENTED_EDGE ( 'NONE', *, *, #650, .T. ) ;
#723 = VECTOR ( 'NONE', #227, 1000.000000000000000 ) ;
#724 = DIRECTION ( 'NONE',  ( -0.000000000000000000, 1.000000000000000000, -0.000000000000000000 ) ) ;
#725 = CARTESIAN_POINT ( 'NONE',  ( 29.02536353557232829, 17.00000000000000000, 0.000000000000000000 ) ) ;
#726 = CARTESIAN_POINT ( 'NONE',  ( 2.827357753390421724, 12.20000000000000284, -30.58819553809244596 ) ) ;
#727 = VERTEX_POINT ( 'NONE', #452 ) ;
#728 = CARTESIAN_POINT ( 'NONE',  ( -16.85813183170387219, 6.999999999999999112, 19.51180068059871431 ) ) ;
#729 = EDGE_CURVE ( 'NONE', #2037, #1677, #658, .T. ) ;
#730 = CARTESIAN_POINT ( 'NONE',  ( 2.827343996733970855, 12.20000000000000284, 32.11180446190593329 ) ) ;
#731 = DIRECTION ( 'NONE',  ( -0.000000000000000000, -1.000000000000000000, -0.000000000000000000 ) ) ;
#732 = VERTEX_POINT ( 'NONE', #1641 ) ;
#733 = EDGE_CURVE ( 'NONE', #229, #833, #1083, .T. ) ;
#734 = CARTESIAN_POINT ( 'NONE',  ( -11.80009643157009513, -20.99999999999870681, -5.424743953950355468 ) ) ;
#735 = CARTESIAN_POINT ( 'NONE',  ( 9.947408470588888107, 8.000000000000000000, 9.499999999999996447 ) ) ;
#736 = ORIENTED_EDGE ( 'NONE', *, *, #477, .F. ) ;
#737 = FACE_OUTER_BOUND ( 'NONE', #2103, .T. ) ;
#738 = DIRECTION ( 'NONE',  ( 0.000000000000000000, -1.000000000000000000, 0.000000000000000000 ) ) ;
#739 = DIRECTION ( 'NONE',  ( 0.000000000000000000, 0.000000000000000000, 1.000000000000000000 ) ) ;
#740 = DIRECTION ( 'NONE',  ( 1.239088197126290817E-16, 0.000000000000000000, -1.000000000000000000 ) ) ;
#741 = LINE ( 'NONE', #2327, #2006 ) ;
#742 = ORIENTED_EDGE ( 'NONE', *, *, #1694, .F. ) ;
#743 = ORIENTED_EDGE ( 'NONE', *, *, #818, .F. ) ;
#744 = DIRECTION ( 'NONE',  ( 0.000000000000000000, 1.000000000000000000, 0.000000000000000000 ) ) ;
#745 = CARTESIAN_POINT ( 'NONE',  ( 24.02536353557232829, 0.000000000000000000, 31.51126332720839684 ) ) ;
#746 = ORIENTED_EDGE ( 'NONE', *, *, #1002, .F. ) ;
#747 = CARTESIAN_POINT ( 'NONE',  ( -16.85813168300090226, -20.99999999999870681, 18.81180102049079750 ) ) ;
#748 = CYLINDRICAL_SURFACE ( 'NONE', #507, 5.000000000000000888 ) ;
#749 = ORIENTED_EDGE ( 'NONE', *, *, #1736, .T. ) ;
#750 = DIRECTION ( 'NONE',  ( 0.000000000000000000, 1.000000000000000000, 0.000000000000000000 ) ) ;
#751 = ADVANCED_FACE ( 'NONE', ( #253 ), #2451, .T. ) ;
#752 = CARTESIAN_POINT ( 'NONE',  ( 9.947408470588889884, 36.19379364328256088, -9.500000000000000000 ) ) ;
#753 = CARTESIAN_POINT ( 'NONE',  ( -15.35813168300089870, -20.99999999999870681, 18.81180099924835503 ) ) ;
#754 = ORIENTED_EDGE ( 'NONE', *, *, #1272, .T. ) ;
#755 = DIRECTION ( 'NONE',  ( 0.000000000000000000, 0.000000000000000000, 1.000000000000000000 ) ) ;
#756 = CIRCLE ( 'NONE', #1442, 2.199999999999998845 ) ;
#757 = PLANE ( 'NONE',  #340 ) ;
#758 = DIRECTION ( 'NONE',  ( 0.000000000000000000, 0.000000000000000000, 1.000000000000000000 ) ) ;
#759 = VERTEX_POINT ( 'NONE', #1668 ) ;
#760 = CIRCLE ( 'NONE', #1915, 1.500000000000192069 ) ;
#761 = VECTOR ( 'NONE', #152, 1000.000000000000000 ) ;
#762 = CARTESIAN_POINT ( 'NONE',  ( -5.552591529411106563, 22.00000000000000355, -11.25000000000000000 ) ) ;
#763 = VECTOR ( 'NONE', #55, 1000.000000000000000 ) ;
#764 = EDGE_CURVE ( 'NONE', #2208, #983, #509, .T. ) ;
#765 = ORIENTED_EDGE ( 'NONE', *, *, #458, .T. ) ;
#766 = AXIS2_PLACEMENT_3D ( 'NONE', #2570, #1946, #740 ) ;
#767 = CARTESIAN_POINT ( 'NONE',  ( 2.827357753390421724, 1.060303038032997192, -30.58819553809244596 ) ) ;
#768 = AXIS2_PLACEMENT_3D ( 'NONE', #1378, #945, #1991 ) ;
#769 = CARTESIAN_POINT ( 'NONE',  ( -3.252591529411107629, 8.000000000000001776, -11.25000000000000000 ) ) ;
#770 = EDGE_CURVE ( 'NONE', #1281, #1981, #1655, .T. ) ;
#771 = LINE ( 'NONE', #1387, #1157 ) ;
#772 = VERTEX_POINT ( 'NONE', #2275 ) ;
#773 = VERTEX_POINT ( 'NONE', #61 ) ;
#774 = DIRECTION ( 'NONE',  ( 6.781507017804154364E-16, 0.000000000000000000, -1.000000000000000000 ) ) ;
#775 = LOCAL_TIME ( 10, 19, 19.00000000000000000, #681 ) ;
#776 = ORIENTED_EDGE ( 'NONE', *, *, #1619, .F. ) ;
#777 = CARTESIAN_POINT ( 'NONE',  ( 29.02536353557232829, 17.00000000000000000, -16.48816776128165174 ) ) ;
#778 = EDGE_CURVE ( 'NONE', #2063, #2096, #1054, .T. ) ;
#779 = PERSON_AND_ORGANIZATION_ROLE ( 'creator' ) ;
#780 = CARTESIAN_POINT ( 'NONE',  ( -3.252591529411110294, 27.00000000000000355, 13.99999999999999822 ) ) ;
#781 = ORIENTED_EDGE ( 'NONE', *, *, #2276, .F. ) ;
#782 = ORIENTED_EDGE ( 'NONE', *, *, #778, .T. ) ;
#783 = EDGE_CURVE ( 'NONE', #1234, #2186, #647, .T. ) ;
#784 = CARTESIAN_POINT ( 'NONE',  ( 17.24187628324891719, -20.99999999999870681, -20.28819207543801895 ) ) ;
#785 = DIRECTION ( 'NONE',  ( -0.000000000000000000, 1.000000000000000000, -0.000000000000000000 ) ) ;
#786 = DIRECTION ( 'NONE',  ( 1.000000000000000000, -0.000000000000000000, -0.000000000000000000 ) ) ;
#787 = ORIENTED_EDGE ( 'NONE', *, *, #1695, .F. ) ;
#788 = LINE ( 'NONE', #1588, #2051 ) ;
#789 = EDGE_LOOP ( 'NONE', ( #619, #2233, #2252, #938 ) ) ;
#790 = FACE_OUTER_BOUND ( 'NONE', #1624, .T. ) ;
#791 = ORIENTED_EDGE ( 'NONE', *, *, #1654, .T. ) ;
#792 = VERTEX_POINT ( 'NONE', #1477 ) ;
#793 = CARTESIAN_POINT ( 'NONE',  ( -11.80009643157009513, 6.999999999999999112, -7.982764570050093766 ) ) ;
#794 = DIRECTION ( 'NONE',  ( 0.000000000000000000, 1.000000000000000000, 0.000000000000000000 ) ) ;
#795 = EDGE_CURVE ( 'NONE', #2155, #1710, #2300, .T. ) ;
#796 = ORIENTED_EDGE ( 'NONE', *, *, #481, .T. ) ;
#797 = CARTESIAN_POINT ( 'NONE',  ( 29.02536353557232829, 17.00000000000000000, 0.000000000000000000 ) ) ;
#798 = ADVANCED_FACE ( 'NONE', ( #482 ), #2117, .F. ) ;
#799 = CARTESIAN_POINT ( 'NONE',  ( 15.94383877443887521, -5.999999999998707700, 5.531236679159371228 ) ) ;
#800 = VECTOR ( 'NONE', #1349, 1000.000000000000000 ) ;
#801 = EDGE_LOOP ( 'NONE', ( #2126, #1389, #1434, #2537, #2067, #2526 ) ) ;
#802 = CIRCLE ( 'NONE', #1154, 2.199999999999998845 ) ;
#803 = EDGE_LOOP ( 'NONE', ( #2210, #2449, #16 ) ) ;
#804 = VECTOR ( 'NONE', #1030, 1000.000000000000000 ) ;
#805 = PLANE ( 'NONE',  #2131 ) ;
#806 = CIRCLE ( 'NONE', #2182, 2.558020616099729860 ) ;
#807 = DIRECTION ( 'NONE',  ( -0.000000000000000000, -1.000000000000000000, -0.000000000000000000 ) ) ;
#808 = ORIENTED_EDGE ( 'NONE', *, *, #650, .F. ) ;
#809 = AXIS2_PLACEMENT_3D ( 'NONE', #1257, #84, #256 ) ;
#810 = CARTESIAN_POINT ( 'NONE',  ( 8.947408470588888107, -20.99999999999870681, 13.99999999999999822 ) ) ;
#811 = DIRECTION ( 'NONE',  ( 0.000000000000000000, 1.000000000000000000, 0.000000000000000000 ) ) ;
#812 = VECTOR ( 'NONE', #2284, 1000.000000000000000 ) ;
#813 = EDGE_LOOP ( 'NONE', ( #1532, #355, #2164, #62 ) ) ;
#814 = VECTOR ( 'NONE', #698, 1000.000000000000000 ) ;
#815 = ADVANCED_FACE ( 'NONE', ( #687, #2542, #927, #522, #1507, #2161 ), #2338, .T. ) ;
#816 = ORIENTED_EDGE ( 'NONE', *, *, #1929, .T. ) ;
#817 = LINE ( 'NONE', #222, #2419 ) ;
#818 = EDGE_CURVE ( 'NONE', #56, #1200, #123, .T. ) ;
#819 = DIRECTION ( 'NONE',  ( -0.000000000000000000, -1.000000000000000000, -0.000000000000000000 ) ) ;
#820 = DIRECTION ( 'NONE',  ( -0.000000000000000000, 1.000000000000000000, -0.000000000000000000 ) ) ;
#821 = VERTEX_POINT ( 'NONE', #493 ) ;
#822 = DIRECTION ( 'NONE',  ( 0.000000000000000000, 0.000000000000000000, 1.000000000000000000 ) ) ;
#823 = CARTESIAN_POINT ( 'NONE',  ( 13.45464070137347790, -20.99999999999870681, -5.099843831370520775 ) ) ;
#824 = ORIENTED_EDGE ( 'NONE', *, *, #458, .F. ) ;
#825 = EDGE_LOOP ( 'NONE', ( #1392, #1178, #2192, #1032 ) ) ;
#826 = EDGE_CURVE ( 'NONE', #367, #1108, #741, .T. ) ;
#827 = PLANE ( 'NONE',  #549 ) ;
#828 = PERSON_AND_ORGANIZATION ( #1719, #1164 ) ;
#829 = VERTEX_POINT ( 'NONE', #290 ) ;
#830 = LINE ( 'NONE', #2256, #1965 ) ;
#831 = DIRECTION ( 'NONE',  ( 0.000000000000000000, 1.000000000000000000, 0.000000000000000000 ) ) ;
#832 = EDGE_CURVE ( 'NONE', #668, #2020, #671, .T. ) ;
#833 = VERTEX_POINT ( 'NONE', #2107 ) ;
#834 = FACE_OUTER_BOUND ( 'NONE', #1271, .T. ) ;
#835 = DIRECTION ( 'NONE',  ( -1.000000000000000000, 0.000000000000000000, -1.239088197126290817E-16 ) ) ;
#836 = EDGE_LOOP ( 'NONE', ( #428, #254, #2580, #2616 ) ) ;
#837 = LINE ( 'NONE', #1657, #2469 ) ;
#838 = CARTESIAN_POINT ( 'NONE',  ( -21.56328893980571593, 22.00000000000000355, 20.51126332720840040 ) ) ;
#839 = EDGE_LOOP ( 'NONE', ( #2236, #1792, #1420, #1288 ) ) ;
#840 = PLANE ( 'NONE',  #1525 ) ;
#841 = AXIS2_PLACEMENT_3D ( 'NONE', #745, #1111, #324 ) ;
#842 = ADVANCED_FACE ( 'NONE', ( #279 ), #1134, .F. ) ;
#843 = LINE ( 'NONE', #1931, #1536 ) ;
#844 = CIRCLE ( 'NONE', #717, 4.999999999999997335 ) ;
#845 = ORIENTED_EDGE ( 'NONE', *, *, #1729, .T. ) ;
#846 = CARTESIAN_POINT ( 'NONE',  ( -25.56328893980571593, 7.000000000000000888, -31.48816776128165174 ) ) ;
#847 = ADVANCED_FACE ( 'NONE', ( #2350 ), #2556, .F. ) ;
#848 = AXIS2_PLACEMENT_3D ( 'NONE', #1483, #2306, #2467 ) ;
#849 = DIRECTION ( 'NONE',  ( 1.000000000000000000, 0.000000000000000000, 0.000000000000000000 ) ) ;
#850 = CARTESIAN_POINT ( 'NONE',  ( -5.552591529411110116, 8.000000000000001776, 11.25000000000000000 ) ) ;
#851 = VERTEX_POINT ( 'NONE', #916 ) ;
#852 = VECTOR ( 'NONE', #492, 1000.000000000000000 ) ;
#853 = DIRECTION ( 'NONE',  ( -0.000000000000000000, -1.000000000000000000, -0.000000000000000000 ) ) ;
#854 = VECTOR ( 'NONE', #905, 1000.000000000000000 ) ;
#855 = DIRECTION ( 'NONE',  ( -1.000000000000000000, 0.000000000000000000, 0.000000000000000000 ) ) ;
#856 = APPROVAL_PERSON_ORGANIZATION ( #1219, #536, #2205 ) ;
#857 = VERTEX_POINT ( 'NONE', #1319 ) ;
#858 = DIRECTION ( 'NONE',  ( 1.000000000000000000, -0.000000000000000000, -0.000000000000000000 ) ) ;
#859 = DATE_TIME_ROLE ( 'classification_date' ) ;
#860 = ORIENTED_EDGE ( 'NONE', *, *, #2069, .F. ) ;
#861 = VERTEX_POINT ( 'NONE', #1724 ) ;
#862 = EDGE_CURVE ( 'NONE', #727, #229, #710, .T. ) ;
#863 = PLANE ( 'NONE',  #600 ) ;
#864 = CARTESIAN_POINT ( 'NONE',  ( 13.45464070137347790, 22.00000000000000355, -5.099843831370520775 ) ) ;
#865 = ORIENTED_EDGE ( 'NONE', *, *, #1080, .F. ) ;
#866 = CYLINDRICAL_SURFACE ( 'NONE', #2606, 2.558020616099736522 ) ;
#867 = EDGE_CURVE ( 'NONE', #565, #1597, #1734, .T. ) ;
#868 = VERTEX_POINT ( 'NONE', #1948 ) ;
#869 = DIRECTION ( 'NONE',  ( 1.000000000000000000, 0.000000000000000000, 0.000000000000000000 ) ) ;
#870 = VERTEX_POINT ( 'NONE', #503 ) ;
#871 = CARTESIAN_POINT ( 'NONE',  ( 6.647408470588890950, 8.000000000000000000, -13.99999999999999822 ) ) ;
#872 = VERTEX_POINT ( 'NONE', #726 ) ;
#873 = CARTESIAN_POINT ( 'NONE',  ( -12.11131995236975634, 9.121320463748251228, -18.78819831102306637 ) ) ;
#874 = ORIENTED_EDGE ( 'NONE', *, *, #2088, .F. ) ;
#875 = DIRECTION ( 'NONE',  ( -1.000000000000000000, 0.000000000000000000, 1.271123867187779531E-16 ) ) ;
#876 = EDGE_CURVE ( 'NONE', #2614, #2, #1547, .T. ) ;
#877 = EDGE_CURVE ( 'NONE', #1860, #2263, #844, .T. ) ;
#878 = ORIENTED_EDGE ( 'NONE', *, *, #1358, .F. ) ;
#879 = DIRECTION ( 'NONE',  ( -0.000000000000000000, -1.000000000000000000, -0.000000000000000000 ) ) ;
#880 = ORIENTED_EDGE ( 'NONE', *, *, #571, .T. ) ;
#881 = EDGE_LOOP ( 'NONE', ( #5, #160 ) ) ;
#882 = VECTOR ( 'NONE', #2190, 1000.000000000000000 ) ;
#883 = DIRECTION ( 'NONE',  ( 0.000000000000000000, 0.000000000000000000, 1.000000000000000000 ) ) ;
#884 = DIRECTION ( 'NONE',  ( 0.000000000000000000, 0.000000000000000000, 1.000000000000000000 ) ) ;
#885 = VECTOR ( 'NONE', #2477, 1000.000000000000000 ) ;
#886 = DIRECTION ( 'NONE',  ( 0.000000000000000000, 1.000000000000000000, 0.000000000000000000 ) ) ;
#887 = VERTEX_POINT ( 'NONE', #1961 ) ;
#888 = VECTOR ( 'NONE', #654, 1000.000000000000000 ) ;
#889 = FACE_BOUND ( 'NONE', #1277, .T. ) ;
#890 = DIRECTION ( 'NONE',  ( -0.000000000000000000, -1.000000000000000000, -0.000000000000000000 ) ) ;
#891 = AXIS2_PLACEMENT_3D ( 'NONE', #372, #1414, #1041 ) ;
#892 = EDGE_CURVE ( 'NONE', #376, #1981, #1318, .T. ) ;
#893 = VECTOR ( 'NONE', #2250, 1000.000000000000000 ) ;
#894 = DIRECTION ( 'NONE',  ( 0.000000000000000000, 0.000000000000000000, 1.000000000000000000 ) ) ;
#895 = ORIENTED_EDGE ( 'NONE', *, *, #1996, .F. ) ;
#896 = AXIS2_PLACEMENT_3D ( 'NONE', #29, #2029, #2209 ) ;
#897 = CARTESIAN_POINT ( 'NONE',  ( -15.35813168300089870, 9.121320463748251228, 18.81180099924835503 ) ) ;
#898 = EDGE_CURVE ( 'NONE', #1803, #2195, #2009, .T. ) ;
#899 = ORIENTED_EDGE ( 'NONE', *, *, #2562, .T. ) ;
#900 = ORIENTED_EDGE ( 'NONE', *, *, #1575, .T. ) ;
#901 = EDGE_CURVE ( 'NONE', #991, #1932, #467, .T. ) ;
#902 = CYLINDRICAL_SURFACE ( 'NONE', #1285, 2.100000000000000977 ) ;
#903 = CARTESIAN_POINT ( 'NONE',  ( -11.51062046810096717, -11.19999999999870788, 15.03182617984501590 ) ) ;
#904 = ORIENTED_EDGE ( 'NONE', *, *, #1307, .T. ) ;
#905 = DIRECTION ( 'NONE',  ( 1.369518533665900558E-16, 0.000000000000000000, -1.000000000000000000 ) ) ;
#906 = CARTESIAN_POINT ( 'NONE',  ( -5.552591529411107452, 27.00000000000000355, -9.500000000000001776 ) ) ;
#907 = CARTESIAN_POINT ( 'NONE',  ( 9.947408470588888107, 8.000000000000000000, 9.499999999999996447 ) ) ;
#908 = DIRECTION ( 'NONE',  ( 0.000000000000000000, 0.000000000000000000, -1.000000000000000000 ) ) ;
#909 = VERTEX_POINT ( 'NONE', #1376 ) ;
#910 = EDGE_CURVE ( 'NONE', #1932, #861, #2305, .T. ) ;
#911 = FACE_BOUND ( 'NONE', #1930, .T. ) ;
#912 = CARTESIAN_POINT ( 'NONE',  ( -6.552591529411110116, -20.99999999999870681, 9.499999999999996447 ) ) ;
#913 = FACE_OUTER_BOUND ( 'NONE', #168, .T. ) ;
#914 = DIRECTION ( 'NONE',  ( -0.000000000000000000, 0.000000000000000000, -1.000000000000000000 ) ) ;
#915 = EDGE_CURVE ( 'NONE', #1047, #1877, #1960, .T. ) ;
#916 = CARTESIAN_POINT ( 'NONE',  ( 18.74186831699869060, -20.99999999999870681, 18.81180792457128703 ) ) ;
#917 = EDGE_LOOP ( 'NONE', ( #900, #1095, #583, #494, #2392, #1212, #2320, #640 ) ) ;
#918 = CARTESIAN_POINT ( 'NONE',  ( 2.827343996733970855, 7.000000000000000888, 28.51180446190593187 ) ) ;
#919 = DIRECTION ( 'NONE',  ( -0.000000000000000000, 1.000000000000000000, -0.000000000000000000 ) ) ;
#920 = CYLINDRICAL_SURFACE ( 'NONE', #1320, 1.499999999999999556 ) ;
#921 = DIRECTION ( 'NONE',  ( 0.000000000000000000, 0.000000000000000000, 1.000000000000000000 ) ) ;
#922 = ORIENTED_EDGE ( 'NONE', *, *, #1613, .F. ) ;
#923 = ORIENTED_EDGE ( 'NONE', *, *, #1947, .T. ) ;
#924 = ADVANCED_FACE ( 'NONE', ( #541 ), #2180, .T. ) ;
#925 = LINE ( 'NONE', #1755, #142 ) ;
#926 = DIRECTION ( 'NONE',  ( 0.000000000000000000, 0.000000000000000000, 1.000000000000000000 ) ) ;
#927 = FACE_BOUND ( 'NONE', #199, .T. ) ;
#928 = VECTOR ( 'NONE', #1382, 1000.000000000000000 ) ;
#929 = LINE ( 'NONE', #138, #1881 ) ;
#930 = VECTOR ( 'NONE', #1246, 1000.000000000000000 ) ;
#931 = CARTESIAN_POINT ( 'NONE',  ( -5.552591529411107452, 27.00000000000000355, -9.500000000000001776 ) ) ;
#932 = AXIS2_PLACEMENT_3D ( 'NONE', #1046, #348, #34 ) ;
#933 = AXIS2_PLACEMENT_3D ( 'NONE', #1181, #233, #1444 ) ;
#934 = CARTESIAN_POINT ( 'NONE',  ( -15.35813168300089515, 7.000000000000000888, 20.31180099924835858 ) ) ;
#935 = AXIS2_PLACEMENT_3D ( 'NONE', #502, #268, #1505 ) ;
#936 = DIRECTION ( 'NONE',  ( 0.000000000000000000, 0.000000000000000000, 1.000000000000000000 ) ) ;
#937 = CIRCLE ( 'NONE', #470, 2.100000000000000977 ) ;
#938 = ORIENTED_EDGE ( 'NONE', *, *, #185, .F. ) ;
#939 = VECTOR ( 'NONE', #1556, 1000.000000000000000 ) ;
#940 = CARTESIAN_POINT ( 'NONE',  ( 2.827343996733970855, 12.20000000000000284, 28.51180446190593187 ) ) ;
#941 = DIRECTION ( 'NONE',  ( 0.000000000000000000, 0.000000000000000000, 1.000000000000000000 ) ) ;
#942 = DIRECTION ( 'NONE',  ( -0.000000000000000000, 1.000000000000000000, -0.000000000000000000 ) ) ;
#943 = CC_DESIGN_PERSON_AND_ORGANIZATION_ASSIGNMENT ( #1463, #2495, ( #2189 ) ) ;
#944 = ORIENTED_EDGE ( 'NONE', *, *, #2278, .F. ) ;
#945 = DIRECTION ( 'NONE',  ( -0.000000000000000000, 1.000000000000000000, -0.000000000000000000 ) ) ;
#946 = LINE ( 'NONE', #2520, #1406 ) ;
#947 = VERTEX_POINT ( 'NONE', #1852 ) ;
#948 = PLANE ( 'NONE',  #1109 ) ;
#949 = CARTESIAN_POINT ( 'NONE',  ( 2.827343996733971299, 1.060303038032997192, 26.41180446190593045 ) ) ;
#950 = VERTEX_POINT ( 'NONE', #220 ) ;
#951 = CARTESIAN_POINT ( 'NONE',  ( 6.647408470588887397, 8.000000000000000000, 13.99999999999999822 ) ) ;
#952 = EDGE_LOOP ( 'NONE', ( #2054, #2468, #190, #997 ) ) ;
#953 = ORIENTED_EDGE ( 'NONE', *, *, #107, .F. ) ;
#954 = DIRECTION ( 'NONE',  ( -0.000000000000000000, 1.000000000000000000, -0.000000000000000000 ) ) ;
#955 = FACE_BOUND ( 'NONE', #2181, .T. ) ;
#956 = DIRECTION ( 'NONE',  ( 0.000000000000000000, -1.000000000000000000, 0.000000000000000000 ) ) ;
#957 = CARTESIAN_POINT ( 'NONE',  ( 9.947408470588888107, -20.99999999999870681, 9.499999999999996447 ) ) ;
#958 = FACE_OUTER_BOUND ( 'NONE', #2249, .T. ) ;
#959 = CYLINDRICAL_SURFACE ( 'NONE', #2551, 3.599999999999999201 ) ;
#960 = EDGE_LOOP ( 'NONE', ( #140, #697 ) ) ;
#961 = EDGE_CURVE ( 'NONE', #870, #909, #163, .T. ) ;
#962 = DIRECTION ( 'NONE',  ( 0.000000000000000000, 0.000000000000000000, 1.000000000000000000 ) ) ;
#963 = LINE ( 'NONE', #2400, #1201 ) ;
#964 = ADVANCED_FACE ( 'NONE', ( #1037 ), #2454, .F. ) ;
#965 = LINE ( 'NONE', #2536, #259 ) ;
#966 = VERTEX_POINT ( 'NONE', #373 ) ;
#967 = CARTESIAN_POINT ( 'NONE',  ( 13.45464070137347790, -20.99999999999870681, -5.099843831370520775 ) ) ;
#968 = PERSON_AND_ORGANIZATION_ROLE ( 'design_owner' ) ;
#969 = PLANE ( 'NONE',  #2225 ) ;
#970 = APPLICATION_CONTEXT ( 'configuration controlled 3d designs of mechanical parts and assemblies' ) ;
#971 = CARTESIAN_POINT ( 'NONE',  ( 18.74187645318590612, 6.999999999999999112, -19.48819337129282303 ) ) ;
#972 = ORIENTED_EDGE ( 'NONE', *, *, #1293, .T. ) ;
#973 = DIRECTION ( 'NONE',  ( 0.000000000000000000, 0.000000000000000000, -1.000000000000000000 ) ) ;
#974 = ORIENTED_EDGE ( 'NONE', *, *, #366, .F. ) ;
#975 = LINE ( 'NONE', #1784, #261 ) ;
#976 = CARTESIAN_POINT ( 'NONE',  ( 13.45464070137347790, 22.00000000000000355, 6.120611284515575790 ) ) ;
#977 = ORIENTED_EDGE ( 'NONE', *, *, #2564, .F. ) ;
#978 = VECTOR ( 'NONE', #879, 1000.000000000000000 ) ;
#979 = DIRECTION ( 'NONE',  ( 1.000000000000000000, 0.000000000000000000, -0.000000000000000000 ) ) ;
#980 = VECTOR ( 'NONE', #2133, 1000.000000000000000 ) ;
#981 = CARTESIAN_POINT ( 'NONE',  ( 24.02536353557232829, 17.00000000000000000, -36.48816776128165174 ) ) ;
#982 = CIRCLE ( 'NONE', #2390, 1.499999999999999556 ) ;
#983 = VERTEX_POINT ( 'NONE', #838 ) ;
#984 = EDGE_CURVE ( 'NONE', #1587, #772, #1779, .T. ) ;
#985 = VECTOR ( 'NONE', #1810, 1000.000000000000000 ) ;
#986 = DIRECTION ( 'NONE',  ( -0.000000000000000000, -1.000000000000000000, -0.000000000000000000 ) ) ;
#987 = PERSON_AND_ORGANIZATION ( #1719, #1164 ) ;
#988 = CIRCLE ( 'NONE', #182, 4.000000000000000000 ) ;
#989 = CARTESIAN_POINT ( 'NONE',  ( -11.51062046810096717, -11.19999999999870788, 12.83182617984501661 ) ) ;
#990 = DIRECTION ( 'NONE',  ( 0.000000000000000000, 0.000000000000000000, -1.000000000000000000 ) ) ;
#991 = VERTEX_POINT ( 'NONE', #1767 ) ;
#992 = VERTEX_POINT ( 'NONE', #2599 ) ;
#993 = VECTOR ( 'NONE', #2426, 1000.000000000000000 ) ;
#994 = CARTESIAN_POINT ( 'NONE',  ( 2.827357753390421280, 12.20000000000000284, -28.48819553809244809 ) ) ;
#995 = SECURITY_CLASSIFICATION ( '', '', #1906 ) ;
#996 = CARTESIAN_POINT ( 'NONE',  ( 24.02536353557232829, 7.000000000000000888, 31.51126332720839684 ) ) ;
#997 = ORIENTED_EDGE ( 'NONE', *, *, #2529, .F. ) ;
#998 = DIRECTION ( 'NONE',  ( -0.000000000000000000, -1.000000000000000000, -0.000000000000000000 ) ) ;
#999 = ORIENTED_EDGE ( 'NONE', *, *, #1878, .T. ) ;
#1000 = PERSON_AND_ORGANIZATION ( #1719, #1164 ) ;
#1001 = EDGE_LOOP ( 'NONE', ( #644, #397, #2318, #632, #1231, #303 ) ) ;
#1002 = EDGE_CURVE ( 'NONE', #1910, #2590, #771, .T. ) ;
#1003 = ORIENTED_EDGE ( 'NONE', *, *, #898, .T. ) ;
#1004 = ORIENTED_EDGE ( 'NONE', *, *, #1486, .T. ) ;
#1005 = CARTESIAN_POINT ( 'NONE',  ( 2.827343996733970855, 17.00000000000000000, 28.51180446190593187 ) ) ;
#1006 = EDGE_CURVE ( 'NONE', #1281, #2620, #982, .T. ) ;
#1007 = CARTESIAN_POINT ( 'NONE',  ( 2.827343996733971299, 12.20000000000000284, 24.91180446190593401 ) ) ;
#1008 = CARTESIAN_POINT ( 'NONE',  ( 6.647408470588887397, -20.99999999999870681, 13.99999999999999822 ) ) ;
#1009 = ORIENTED_EDGE ( 'NONE', *, *, #1002, .T. ) ;
#1010 = CARTESIAN_POINT ( 'NONE',  ( 2.827357753390421280, 17.00000000000000000, -24.88819553809244667 ) ) ;
#1011 = ORIENTED_EDGE ( 'NONE', *, *, #877, .F. ) ;
#1012 = CYLINDRICAL_SURFACE ( 'NONE', #1999, 4.000000000000000000 ) ;
#1013 = ORIENTED_EDGE ( 'NONE', *, *, #661, .T. ) ;
#1014 = ADVANCED_FACE ( 'NONE', ( #272, #1715 ), #298, .T. ) ;
#1015 = DIRECTION ( 'NONE',  ( 0.000000000000000000, 0.000000000000000000, 1.000000000000000000 ) ) ;
#1016 = ORIENTED_EDGE ( 'NONE', *, *, #1720, .T. ) ;
#1017 = EDGE_CURVE ( 'NONE', #1488, #1234, #1497, .T. ) ;
#1018 = VECTOR ( 'NONE', #104, 1000.000000000000000 ) ;
#1019 = AXIS2_PLACEMENT_3D ( 'NONE', #1107, #1923, #307 ) ;
#1020 = ORIENTED_EDGE ( 'NONE', *, *, #368, .F. ) ;
#1021 = CARTESIAN_POINT ( 'NONE',  ( 9.947408470588889884, 8.000000000000000000, -9.500000000000000000 ) ) ;
#1022 = VECTOR ( 'NONE', #2615, 1000.000000000000000 ) ;
#1023 = DIRECTION ( 'NONE',  ( -0.000000000000000000, -1.000000000000000000, -0.000000000000000000 ) ) ;
#1024 = AXIS2_PLACEMENT_3D ( 'NONE', #2132, #2194, #926 ) ;
#1025 = LINE ( 'NONE', #618, #888 ) ;
#1026 = ORIENTED_EDGE ( 'NONE', *, *, #1818, .F. ) ;
#1027 = AXIS2_PLACEMENT_3D ( 'NONE', #2567, #2524, #2172 ) ;
#1028 = DIRECTION ( 'NONE',  ( 0.000000000000000000, 0.000000000000000000, 1.000000000000000000 ) ) ;
#1029 = DIRECTION ( 'NONE',  ( 0.000000000000000000, 0.000000000000000000, 1.000000000000000000 ) ) ;
#1030 = DIRECTION ( 'NONE',  ( 1.239088197126290817E-16, 0.000000000000000000, -1.000000000000000000 ) ) ;
#1031 = AXIS2_PLACEMENT_3D ( 'NONE', #1690, #2115, #81 ) ;
#1032 = ORIENTED_EDGE ( 'NONE', *, *, #1994, .F. ) ;
#1033 = DIRECTION ( 'NONE',  ( 0.000000000000000000, 0.000000000000000000, -1.000000000000000000 ) ) ;
#1034 = LOCAL_TIME ( 10, 19, 19.00000000000000000, #2508 ) ;
#1035 = ADVANCED_FACE ( 'NONE', ( #1674 ), #2291, .F. ) ;
#1036 = ADVANCED_FACE ( 'NONE', ( #485 ), #1299, .F. ) ;
#1037 = FACE_OUTER_BOUND ( 'NONE', #191, .T. ) ;
#1038 = EDGE_LOOP ( 'NONE', ( #1020, #865, #678, #2017 ) ) ;
#1039 = LINE ( 'NONE', #25, #715 ) ;
#1040 = ORIENTED_EDGE ( 'NONE', *, *, #1575, .F. ) ;
#1041 = DIRECTION ( 'NONE',  ( 0.000000000000000000, 0.000000000000000000, -1.000000000000000000 ) ) ;
#1042 = VERTEX_POINT ( 'NONE', #2578 ) ;
#1043 = CARTESIAN_POINT ( 'NONE',  ( 8.947408470588888107, 8.000000000000000000, 13.99999999999999822 ) ) ;
#1044 = EDGE_LOOP ( 'NONE', ( #1225, #2307, #1754, #2413 ) ) ;
#1045 = EDGE_CURVE ( 'NONE', #1944, #2156, #1138, .T. ) ;
#1046 = CARTESIAN_POINT ( 'NONE',  ( -11.80009643157006316, 6.999999999999999112, 5.800866734510581324 ) ) ;
#1047 = VERTEX_POINT ( 'NONE', #734 ) ;
#1048 = FACE_OUTER_BOUND ( 'NONE', #76, .T. ) ;
#1049 = VERTEX_POINT ( 'NONE', #2534 ) ;
#1050 = DIRECTION ( 'NONE',  ( 0.000000000000000000, 0.000000000000000000, -1.000000000000000000 ) ) ;
#1051 = ORIENTED_EDGE ( 'NONE', *, *, #867, .F. ) ;
#1052 = DIRECTION ( 'NONE',  ( -1.000000000000000000, 0.000000000000000000, -1.156482317317871478E-16 ) ) ;
#1053 = CARTESIAN_POINT ( 'NONE',  ( 12.70549194685359851, -5.999999999998707700, 8.566474243880346506 ) ) ;
#1054 = LINE ( 'NONE', #850, #885 ) ;
#1055 = ORIENTED_EDGE ( 'NONE', *, *, #1421, .T. ) ;
#1056 = DIRECTION ( 'NONE',  ( 0.000000000000000000, 0.000000000000000000, -1.000000000000000000 ) ) ;
#1057 = ADVANCED_FACE ( 'NONE', ( #143 ), #948, .F. ) ;
#1058 = AXIS2_PLACEMENT_3D ( 'NONE', #1227, #161, #1395 ) ;
#1059 = ORIENTED_EDGE ( 'NONE', *, *, #155, .F. ) ;
#1060 = DIRECTION ( 'NONE',  ( -0.000000000000000000, -1.000000000000000000, -0.000000000000000000 ) ) ;
#1061 = VECTOR ( 'NONE', #869, 1000.000000000000000 ) ;
#1062 = VERTEX_POINT ( 'NONE', #747 ) ;
#1063 = ADVANCED_FACE ( 'NONE', ( #1564 ), #2188, .F. ) ;
#1064 = AXIS2_PLACEMENT_3D ( 'NONE', #976, #2605, #1401 ) ;
#1065 = VERTEX_POINT ( 'NONE', #2021 ) ;
#1066 = DIRECTION ( 'NONE',  ( -1.000000000000000000, 0.000000000000000000, 0.000000000000000000 ) ) ;
#1067 = AXIS2_PLACEMENT_3D ( 'NONE', #2056, #2251, #435 ) ;
#1068 = EDGE_CURVE ( 'NONE', #322, #947, #1533, .T. ) ;
#1069 = DIRECTION ( 'NONE',  ( 0.000000000000000000, 0.000000000000000000, -1.000000000000000000 ) ) ;
#1070 = ORIENTED_EDGE ( 'NONE', *, *, #1452, .T. ) ;
#1071 = AXIS2_PLACEMENT_3D ( 'NONE', #1294, #1491, #2488 ) ;
#1072 = CARTESIAN_POINT ( 'NONE',  ( 2.827343996733971299, 7.000000000000000888, 26.41180446190593045 ) ) ;
#1073 = CIRCLE ( 'NONE', #1586, 1.500000000000001332 ) ;
#1074 = AXIS2_PLACEMENT_3D ( 'NONE', #1104, #1052, #463 ) ;
#1075 = DIRECTION ( 'NONE',  ( 0.000000000000000000, 0.000000000000000000, -1.000000000000000000 ) ) ;
#1076 = LOCAL_TIME ( 10, 19, 19.00000000000000000, #1599 ) ;
#1077 = EDGE_LOOP ( 'NONE', ( #1523, #1675, #248, #1474, #1306, #923, #707, #1156, #953, #2422 ) ) ;
#1078 = CARTESIAN_POINT ( 'NONE',  ( -5.552591529411107452, 8.000000000000001776, 9.499999999999996447 ) ) ;
#1079 = ORIENTED_EDGE ( 'NONE', *, *, #1228, .T. ) ;
#1080 = EDGE_CURVE ( 'NONE', #446, #2523, #432, .T. ) ;
#1081 = CARTESIAN_POINT ( 'NONE',  ( 14.90740847058888718, -5.999999999998707700, -15.02999999999999936 ) ) ;
#1082 = CARTESIAN_POINT ( 'NONE',  ( 8.947408470588888107, 8.000000000000000000, -9.500000000000000000 ) ) ;
#1083 = LINE ( 'NONE', #1682, #930 ) ;
#1084 = VERTEX_POINT ( 'NONE', #1 ) ;
#1085 = LINE ( 'NONE', #1495, #346 ) ;
#1086 = ORIENTED_EDGE ( 'NONE', *, *, #1405, .F. ) ;
#1087 = CARTESIAN_POINT ( 'NONE',  ( -12.40126912738153919, 61.56190177292780419, -20.28819837261784897 ) ) ;
#1088 = APPROVAL_DATE_TIME ( #1876, #1419 ) ;
#1089 = VERTEX_POINT ( 'NONE', #799 ) ;
#1090 = DIRECTION ( 'NONE',  ( 0.000000000000000000, 1.000000000000000000, -0.000000000000000000 ) ) ;
#1091 = ORIENTED_EDGE ( 'NONE', *, *, #8, .F. ) ;
#1092 = CARTESIAN_POINT ( 'NONE',  ( 2.607235636138801710E-15, 17.00000000000000000, 20.51126332720839684 ) ) ;
#1093 = CARTESIAN_POINT ( 'NONE',  ( 2.827343996733970855, 1.060303038032997192, 28.51180446190593187 ) ) ;
#1094 = EDGE_CURVE ( 'NONE', #1932, #2119, #205, .T. ) ;
#1095 = ORIENTED_EDGE ( 'NONE', *, *, #1818, .T. ) ;
#1096 = CARTESIAN_POINT ( 'NONE',  ( 8.947408470588888107, 22.00000000000000355, -11.25000000000000000 ) ) ;
#1097 = ADVANCED_FACE ( 'NONE', ( #1202 ), #1429, .F. ) ;
#1098 = EDGE_CURVE ( 'NONE', #329, #2273, #1607, .T. ) ;
#1099 = ORIENTED_EDGE ( 'NONE', *, *, #2612, .T. ) ;
#1100 = CARTESIAN_POINT ( 'NONE',  ( 6.647408470588887397, -20.99999999999870681, 13.99999999999999822 ) ) ;
#1101 = CLOSED_SHELL ( 'NONE', ( #1435, #490, #847, #12, #1169, #1595, #2457, #2330, #964, #1407, #2308, #815, #1141, #381, #1471, #2122, #267, #58, #230, #1862, #2212, #1063, #1903, #504, #88, #1035, #1057, #1602, #2372, #1664, #1538, #1565, #1097, #455, #1506, #2618, #93, #204, #2375, #1517, #1372, #414, #751, #555, #263, #1186, #2389, #33, #2384, #2405, #1014, #1883, #1377, #42, #281, #105, #1636, #603, #218, #1326, #2066, #2482, #1570, #798, #2289, #2313, #2014, #121, #1671, #2369, #1943, #648, #1036, #924, #662, #214, #2055, #1127, #842 ) ) ;
#1102 = ORIENTED_EDGE ( 'NONE', *, *, #107, .T. ) ;
#1103 = AXIS2_PLACEMENT_3D ( 'NONE', #498, #1905, #2565 ) ;
#1104 = CARTESIAN_POINT ( 'NONE',  ( -5.552591529411112781, 27.00000000000000355, 11.25000000000000000 ) ) ;
#1105 = CARTESIAN_POINT ( 'NONE',  ( -16.85813183170387219, 61.56190177292780419, 19.51180068059871431 ) ) ;
#1106 = AXIS2_PLACEMENT_3D ( 'NONE', #2262, #1439, #1859 ) ;
#1107 = CARTESIAN_POINT ( 'NONE',  ( 8.947408470588888107, 36.19379364328256088, -9.500000000000000000 ) ) ;
#1108 = VERTEX_POINT ( 'NONE', #2502 ) ;
#1109 = AXIS2_PLACEMENT_3D ( 'NONE', #2370, #2141, #1126 ) ;
#1110 = FACE_OUTER_BOUND ( 'NONE', #1975, .T. ) ;
#1111 = DIRECTION ( 'NONE',  ( 0.000000000000000000, 1.000000000000000000, 0.000000000000000000 ) ) ;
#1112 = CARTESIAN_POINT ( 'NONE',  ( 2.827357753390421280, 12.20000000000000284, -28.48819553809244809 ) ) ;
#1113 = VECTOR ( 'NONE', #849, 1000.000000000000000 ) ;
#1114 = VECTOR ( 'NONE', #392, 1000.000000000000000 ) ;
#1115 = DIRECTION ( 'NONE',  ( 0.000000000000000000, 1.000000000000000000, 0.000000000000000000 ) ) ;
#1116 = EDGE_CURVE ( 'NONE', #1860, #1650, #1902, .T. ) ;
#1117 = CARTESIAN_POINT ( 'NONE',  ( 25.02536353557232829, 17.00000000000000000, 20.51126332720839329 ) ) ;
#1118 = VERTEX_POINT ( 'NONE', #2279 ) ;
#1119 = ORIENTED_EDGE ( 'NONE', *, *, #1623, .T. ) ;
#1120 = CARTESIAN_POINT ( 'NONE',  ( -3.252591529411110294, 27.00000000000000355, 13.99999999999999822 ) ) ;
#1121 = DIRECTION ( 'NONE',  ( -0.000000000000000000, -1.000000000000000000, -0.000000000000000000 ) ) ;
#1122 = CARTESIAN_POINT ( 'NONE',  ( -20.56328893980571593, 17.00000000000000000, -31.48816776128165174 ) ) ;
#1123 = ORIENTED_EDGE ( 'NONE', *, *, #2025, .F. ) ;
#1124 = DIRECTION ( 'NONE',  ( 0.000000000000000000, -1.000000000000000000, 0.000000000000000000 ) ) ;
#1125 = LINE ( 'NONE', #534, #4 ) ;
#1126 = DIRECTION ( 'NONE',  ( 0.000000000000000000, 0.000000000000000000, -1.000000000000000000 ) ) ;
#1127 = ADVANCED_FACE ( 'NONE', ( #1480 ), #1470, .F. ) ;
#1128 = CARTESIAN_POINT ( 'NONE',  ( 17.24186831699867994, 7.000000000000000888, 18.81180792457130124 ) ) ;
#1129 = ORIENTED_EDGE ( 'NONE', *, *, #2230, .F. ) ;
#1130 = EDGE_CURVE ( 'NONE', #1582, #364, #1746, .T. ) ;
#1131 = CYLINDRICAL_SURFACE ( 'NONE', #711, 2.100000000000000977 ) ;
#1132 = LINE ( 'NONE', #2527, #814 ) ;
#1133 = DIRECTION ( 'NONE',  ( -1.000000000000000000, 0.000000000000000000, 0.000000000000000000 ) ) ;
#1134 = PLANE ( 'NONE',  #1019 ) ;
#1135 = ORIENTED_EDGE ( 'NONE', *, *, #245, .F. ) ;
#1136 = CARTESIAN_POINT ( 'NONE',  ( 17.24187630448997410, 7.000000000000000888, -18.78819207543801895 ) ) ;
#1137 = CARTESIAN_POINT ( 'NONE',  ( 25.02536353557232829, 22.00000000000000355, -20.48816776128165174 ) ) ;
#1138 = LINE ( 'NONE', #1751, #48 ) ;
#1139 = CARTESIAN_POINT ( 'NONE',  ( 25.02536353557232829, 22.00000000000000355, 16.51126332720839329 ) ) ;
#1140 = ORIENTED_EDGE ( 'NONE', *, *, #1153, .T. ) ;
#1141 = ADVANCED_FACE ( 'NONE', ( #257 ), #2332, .T. ) ;
#1142 = LINE ( 'NONE', #315, #1494 ) ;
#1143 = ORIENTED_EDGE ( 'NONE', *, *, #538, .T. ) ;
#1144 = DIRECTION ( 'NONE',  ( 0.000000000000000000, 1.000000000000000000, 0.000000000000000000 ) ) ;
#1145 = CARTESIAN_POINT ( 'NONE',  ( 14.90740847058888718, -5.999999999998707700, -15.02999999999999936 ) ) ;
#1146 = CIRCLE ( 'NONE', #629, 3.599999999999999201 ) ;
#1147 = DIRECTION ( 'NONE',  ( 0.000000000000000000, 0.000000000000000000, 1.000000000000000000 ) ) ;
#1148 = FACE_BOUND ( 'NONE', #1398, .T. ) ;
#1149 = DIRECTION ( 'NONE',  ( 0.000000000000000000, 0.000000000000000000, -1.000000000000000000 ) ) ;
#1150 = CIRCLE ( 'NONE', #1828, 3.599999999999999201 ) ;
#1151 = ORIENTED_EDGE ( 'NONE', *, *, #2525, .T. ) ;
#1152 = CARTESIAN_POINT ( 'NONE',  ( -12.11131995236975634, -20.99999999999870681, -20.28819831102309834 ) ) ;
#1153 = EDGE_CURVE ( 'NONE', #240, #2129, #354, .T. ) ;
#1154 = AXIS2_PLACEMENT_3D ( 'NONE', #1786, #573, #2588 ) ;
#1155 = DIRECTION ( 'NONE',  ( 0.000000000000000000, 1.000000000000000000, 0.000000000000000000 ) ) ;
#1156 = ORIENTED_EDGE ( 'NONE', *, *, #1247, .T. ) ;
#1157 = VECTOR ( 'NONE', #894, 1000.000000000000000 ) ;
#1158 = AXIS2_PLACEMENT_3D ( 'NONE', #1989, #914, #1133 ) ;
#1159 = CARTESIAN_POINT ( 'NONE',  ( 2.827343996733970855, 12.20000000000000284, 30.61180446190593329 ) ) ;
#1160 = VECTOR ( 'NONE', #1972, 1000.000000000000000 ) ;
#1161 = ORIENTED_EDGE ( 'NONE', *, *, #137, .T. ) ;
#1162 = VECTOR ( 'NONE', #620, 1000.000000000000000 ) ;
#1163 = ORIENTED_EDGE ( 'NONE', *, *, #398, .F. ) ;
#1164 = ORGANIZATION ( 'UNSPECIFIED', 'UNSPECIFIED', '' ) ;
#1165 = LINE ( 'NONE', #1731, #639 ) ;
#1166 = CARTESIAN_POINT ( 'NONE',  ( 2.827343996733970855, 12.20000000000000284, 28.51180446190593187 ) ) ;
#1167 = CARTESIAN_POINT ( 'NONE',  ( -3.252591529411107629, 48.50000000000000000, -11.25000000000000000 ) ) ;
#1168 = ORIENTED_EDGE ( 'NONE', *, *, #2201, .T. ) ;
#1169 = ADVANCED_FACE ( 'NONE', ( #153 ), #959, .F. ) ;
#1170 = CARTESIAN_POINT ( 'NONE',  ( 8.947408470588888107, -20.99999999999870681, -9.500000000000000000 ) ) ;
#1171 = FACE_OUTER_BOUND ( 'NONE', #2070, .T. ) ;
#1172 = DIRECTION ( 'NONE',  ( 0.000000000000000000, 0.000000000000000000, 1.000000000000000000 ) ) ;
#1173 = ORIENTED_EDGE ( 'NONE', *, *, #2354, .T. ) ;
#1174 = EDGE_CURVE ( 'NONE', #1488, #966, #2152, .T. ) ;
#1175 = CARTESIAN_POINT ( 'NONE',  ( -11.80009643157006316, 6.999999999999999112, 5.800866734510581324 ) ) ;
#1176 = CARTESIAN_POINT ( 'NONE',  ( 8.947408470588888107, -20.99999999999870681, -11.25000000000000000 ) ) ;
#1177 = ORIENTED_EDGE ( 'NONE', *, *, #661, .F. ) ;
#1178 = ORIENTED_EDGE ( 'NONE', *, *, #1552, .T. ) ;
#1179 = DIRECTION ( 'NONE',  ( -0.000000000000000000, -1.000000000000000000, 0.000000000000000000 ) ) ;
#1180 = CARTESIAN_POINT ( 'NONE',  ( -11.51062046810096717, -20.99999999999870681, 12.83182617984501661 ) ) ;
#1181 = CARTESIAN_POINT ( 'NONE',  ( 0.000000000000000000, 8.000000000000001776, 0.000000000000000000 ) ) ;
#1182 = ORIENTED_EDGE ( 'NONE', *, *, #356, .F. ) ;
#1183 = CARTESIAN_POINT ( 'NONE',  ( 2.827357753390421724, 17.00000000000000000, -32.08819553809244240 ) ) ;
#1184 = CYLINDRICAL_SURFACE ( 'NONE', #87, 4.999999999999997335 ) ;
#1185 = VERTEX_POINT ( 'NONE', #907 ) ;
#1186 = ADVANCED_FACE ( 'NONE', ( #1520 ), #920, .T. ) ;
#1187 = DIRECTION ( 'NONE',  ( -0.000000000000000000, -1.000000000000000000, -0.000000000000000000 ) ) ;
#1188 = CARTESIAN_POINT ( 'NONE',  ( -3.252591529411109406, -20.99999999999870681, 13.99999999999999822 ) ) ;
#1189 = EDGE_CURVE ( 'NONE', #2087, #424, #416, .T. ) ;
#1190 = ORIENTED_EDGE ( 'NONE', *, *, #1116, .T. ) ;
#1191 = FACE_OUTER_BOUND ( 'NONE', #2538, .T. ) ;
#1192 = COORDINATED_UNIVERSAL_TIME_OFFSET ( 3, 0, .BEHIND. ) ;
#1193 = CARTESIAN_POINT ( 'NONE',  ( 8.947408470588888107, 8.000000000000000000, 9.499999999999996447 ) ) ;
#1194 = CARTESIAN_POINT ( 'NONE',  ( 13.45464070137347790, -20.99999999999870681, 6.120611284515575790 ) ) ;
#1195 = EDGE_LOOP ( 'NONE', ( #418, #407, #2404, #1687, #2008, #2483, #2282, #1740 ) ) ;
#1196 = ORIENTED_EDGE ( 'NONE', *, *, #313, .F. ) ;
#1197 = DIRECTION ( 'NONE',  ( 0.000000000000000000, -0.000000000000000000, -1.000000000000000000 ) ) ;
#1198 = DIRECTION ( 'NONE',  ( 0.000000000000000000, -1.000000000000000000, 0.000000000000000000 ) ) ;
#1199 = CARTESIAN_POINT ( 'NONE',  ( -5.552591529411107452, -20.99999999999870681, -9.500000000000001776 ) ) ;
#1200 = VERTEX_POINT ( 'NONE', #1642 ) ;
#1201 = VECTOR ( 'NONE', #1368, 1000.000000000000000 ) ;
#1202 = FACE_OUTER_BOUND ( 'NONE', #1217, .T. ) ;
#1203 = CIRCLE ( 'NONE', #587, 5.000000000000000888 ) ;
#1204 = EDGE_CURVE ( 'NONE', #947, #1062, #1816, .T. ) ;
#1205 = VECTOR ( 'NONE', #1359, 1000.000000000000000 ) ;
#1206 = ORIENTED_EDGE ( 'NONE', *, *, #2211, .F. ) ;
#1207 = AXIS2_PLACEMENT_3D ( 'NONE', #1166, #1333, #2555 ) ;
#1208 = PLANE ( 'NONE',  #2301 ) ;
#1209 = DATE_TIME_ROLE ( 'creation_date' ) ;
#1210 = VECTOR ( 'NONE', #690, 1000.000000000000000 ) ;
#1211 = ORIENTED_EDGE ( 'NONE', *, *, #1933, .T. ) ;
#1212 = ORIENTED_EDGE ( 'NONE', *, *, #1530, .T. ) ;
#1213 = AXIS2_PLACEMENT_3D ( 'NONE', #793, #21, #822 ) ;
#1214 = CARTESIAN_POINT ( 'NONE',  ( 8.947408470588888107, -20.99999999999870681, -9.500000000000000000 ) ) ;
#1215 = LOCAL_TIME ( 10, 19, 19.00000000000000000, #1192 ) ;
#1216 = DIRECTION ( 'NONE',  ( -1.000000000000000000, 0.000000000000000000, -1.239088197126290817E-16 ) ) ;
#1217 = EDGE_LOOP ( 'NONE', ( #2292, #1924, #688, #210 ) ) ;
#1218 = EDGE_CURVE ( 'NONE', #2186, #966, #378, .T. ) ;
#1219 = PERSON_AND_ORGANIZATION ( #1719, #1164 ) ;
#1220 = DIRECTION ( 'NONE',  ( 0.000000000000000000, 0.000000000000000000, -1.000000000000000000 ) ) ;
#1221 = ORIENTED_EDGE ( 'NONE', *, *, #2069, .T. ) ;
#1222 = CARTESIAN_POINT ( 'NONE',  ( 29.02536353557232829, 7.000000000000000888, -31.48816776128165174 ) ) ;
#1223 = CARTESIAN_POINT ( 'NONE',  ( 6.647408470588887397, 48.50000000000000000, 11.25000000000000000 ) ) ;
#1224 = CARTESIAN_POINT ( 'NONE',  ( 24.02536353557232829, 0.000000000000000000, -36.48816776128165174 ) ) ;
#1225 = ORIENTED_EDGE ( 'NONE', *, *, #1174, .F. ) ;
#1226 = VERTEX_POINT ( 'NONE', #181 ) ;
#1227 = CARTESIAN_POINT ( 'NONE',  ( 18.74187645318590612, 61.56190177292780419, -19.48819337129282303 ) ) ;
#1228 = EDGE_CURVE ( 'NONE', #382, #1860, #1402, .T. ) ;
#1229 = CARTESIAN_POINT ( 'NONE',  ( -5.552591529411106563, 8.000000000000001776, -11.25000000000000000 ) ) ;
#1230 = DIRECTION ( 'NONE',  ( 1.000000000000000000, 0.000000000000000000, -0.000000000000000000 ) ) ;
#1231 = ORIENTED_EDGE ( 'NONE', *, *, #2104, .T. ) ;
#1232 = EDGE_CURVE ( 'NONE', #591, #606, #2363, .T. ) ;
#1233 = LINE ( 'NONE', #1612, #993 ) ;
#1234 = VERTEX_POINT ( 'NONE', #2163 ) ;
#1235 = DIRECTION ( 'NONE',  ( -0.000000000000000000, -1.000000000000000000, 0.000000000000000000 ) ) ;
#1236 = CIRCLE ( 'NONE', #1658, 2.100000000000000977 ) ;
#1237 = ORIENTED_EDGE ( 'NONE', *, *, #729, .F. ) ;
#1238 = LINE ( 'NONE', #2494, #2343 ) ;
#1239 = VECTOR ( 'NONE', #2543, 1000.000000000000227 ) ;
#1240 = LINE ( 'NONE', #590, #2015 ) ;
#1241 = LINE ( 'NONE', #2623, #1708 ) ;
#1242 = CIRCLE ( 'NONE', #92, 4.999999999999997335 ) ;
#1243 = ORIENTED_EDGE ( 'NONE', *, *, #1849, .T. ) ;
#1244 = AXIS2_PLACEMENT_3D ( 'NONE', #2340, #1672, #875 ) ;
#1245 = CARTESIAN_POINT ( 'NONE',  ( 2.827357753390421280, 7.000000000000000888, -26.38819553809244667 ) ) ;
#1246 = DIRECTION ( 'NONE',  ( 0.000000000000000000, 1.000000000000000000, 0.000000000000000000 ) ) ;
#1247 = EDGE_CURVE ( 'NONE', #2013, #2156, #349, .T. ) ;
#1248 = VECTOR ( 'NONE', #2176, 1000.000000000000000 ) ;
#1249 = VERTEX_POINT ( 'NONE', #1335 ) ;
#1250 = DIRECTION ( 'NONE',  ( 0.000000000000000000, 0.000000000000000000, 1.000000000000000000 ) ) ;
#1251 = EDGE_CURVE ( 'NONE', #909, #1226, #1531, .T. ) ;
#1252 = ORIENTED_EDGE ( 'NONE', *, *, #2094, .F. ) ;
#1253 = ORIENTED_EDGE ( 'NONE', *, *, #1552, .F. ) ;
#1254 = ORIENTED_EDGE ( 'NONE', *, *, #1745, .T. ) ;
#1255 = DIRECTION ( 'NONE',  ( -0.000000000000000000, -1.000000000000000000, -0.000000000000000000 ) ) ;
#1256 = VERTEX_POINT ( 'NONE', #1812 ) ;
#1257 = CARTESIAN_POINT ( 'NONE',  ( 0.000000000000000000, 7.000000000000000888, 0.000000000000000000 ) ) ;
#1258 = EDGE_CURVE ( 'NONE', #861, #991, #1487, .T. ) ;
#1259 = ORIENTED_EDGE ( 'NONE', *, *, #1343, .T. ) ;
#1260 = FACE_OUTER_BOUND ( 'NONE', #384, .T. ) ;
#1261 = ORIENTED_EDGE ( 'NONE', *, *, #1699, .T. ) ;
#1262 = ORIENTED_EDGE ( 'NONE', *, *, #2492, .T. ) ;
#1263 = PLANE ( 'NONE',  #1794 ) ;
#1264 = DIRECTION ( 'NONE',  ( 0.000000000000000000, 0.000000000000000000, 1.000000000000000000 ) ) ;
#1265 = CARTESIAN_POINT ( 'NONE',  ( -6.552591529411107452, 27.00000000000000355, -9.500000000000001776 ) ) ;
#1266 = ORIENTED_EDGE ( 'NONE', *, *, #586, .F. ) ;
#1267 = LINE ( 'NONE', #1096, #2435 ) ;
#1268 = DIRECTION ( 'NONE',  ( -0.000000000000000000, -1.000000000000000000, 0.000000000000000000 ) ) ;
#1269 = CARTESIAN_POINT ( 'NONE',  ( 8.947408470588888107, 48.50000000000000000, -11.25000000000000000 ) ) ;
#1270 = AXIS2_PLACEMENT_3D ( 'NONE', #2202, #369, #336 ) ;
#1271 = EDGE_LOOP ( 'NONE', ( #314, #2335 ) ) ;
#1272 = EDGE_CURVE ( 'NONE', #1548, #1677, #1704, .T. ) ;
#1273 = VECTOR ( 'NONE', #811, 1000.000000000000000 ) ;
#1274 = DATE_AND_TIME ( #1649, #775 ) ;
#1275 = EDGE_CURVE ( 'NONE', #288, #2573, #176, .T. ) ;
#1276 = AXIS2_PLACEMENT_3D ( 'NONE', #1175, #1983, #962 ) ;
#1277 = EDGE_LOOP ( 'NONE', ( #1291, #2626 ) ) ;
#1278 = DIRECTION ( 'NONE',  ( -0.000000000000000000, -1.000000000000000000, -0.000000000000000000 ) ) ;
#1279 = LINE ( 'NONE', #1466, #1113 ) ;
#1280 = CARTESIAN_POINT ( 'NONE',  ( 8.947408470588891660, 8.000000000000000000, -14.00000000000000178 ) ) ;
#1281 = VERTEX_POINT ( 'NONE', #2002 ) ;
#1282 = CIRCLE ( 'NONE', #1207, 2.100000000000000977 ) ;
#1283 = CARTESIAN_POINT ( 'NONE',  ( 6.647408470588887397, 8.000000000000000000, 11.25000000000000000 ) ) ;
#1284 = CIRCLE ( 'NONE', #1413, 2.199999999999998845 ) ;
#1285 = AXIS2_PLACEMENT_3D ( 'NONE', #2387, #1722, #1147 ) ;
#1286 = ORIENTED_EDGE ( 'NONE', *, *, #2140, .F. ) ;
#1287 = DIRECTION ( 'NONE',  ( 0.000000000000000000, 0.000000000000000000, -1.000000000000000000 ) ) ;
#1288 = ORIENTED_EDGE ( 'NONE', *, *, #2445, .F. ) ;
#1289 = EDGE_CURVE ( 'NONE', #2208, #732, #1592, .T. ) ;
#1290 = CARTESIAN_POINT ( 'NONE',  ( -11.80009643157009513, 6.999999999999999112, -10.54078518614983295 ) ) ;
#1291 = ORIENTED_EDGE ( 'NONE', *, *, #2082, .T. ) ;
#1292 = LINE ( 'NONE', #441, #2187 ) ;
#1293 = EDGE_CURVE ( 'NONE', #1877, #1047, #2504, .T. ) ;
#1294 = CARTESIAN_POINT ( 'NONE',  ( 14.90740847058888718, -5.999999999998707700, -15.02999999999999936 ) ) ;
#1295 = DIRECTION ( 'NONE',  ( 0.000000000000000000, 1.000000000000000000, -0.000000000000000000 ) ) ;
#1296 = ORIENTED_EDGE ( 'NONE', *, *, #2197, .T. ) ;
#1297 = DIRECTION ( 'NONE',  ( -0.000000000000000000, -1.000000000000000000, -0.000000000000000000 ) ) ;
#1298 = EDGE_CURVE ( 'NONE', #2381, #983, #1825, .T. ) ;
#1299 = PLANE ( 'NONE',  #2427 ) ;
#1300 = ORIENTED_EDGE ( 'NONE', *, *, #1045, .F. ) ;
#1301 = CARTESIAN_POINT ( 'NONE',  ( -21.56328893980571593, 17.00000000000000000, -20.48816776128164463 ) ) ;
#1302 = ORIENTED_EDGE ( 'NONE', *, *, #402, .F. ) ;
#1303 = LINE ( 'NONE', #1476, #2228 ) ;
#1304 = DIRECTION ( 'NONE',  ( 0.000000000000000000, 0.000000000000000000, -1.000000000000000000 ) ) ;
#1305 = CARTESIAN_POINT ( 'NONE',  ( 8.947408470588888107, 22.00000000000000355, 11.25000000000000000 ) ) ;
#1306 = ORIENTED_EDGE ( 'NONE', *, *, #892, .F. ) ;
#1307 = EDGE_CURVE ( 'NONE', #1415, #1049, #510, .T. ) ;
#1308 = DIRECTION ( 'NONE',  ( 0.000000000000000000, 0.000000000000000000, 1.000000000000000000 ) ) ;
#1309 = LINE ( 'NONE', #1748, #545 ) ;
#1310 = EDGE_CURVE ( 'NONE', #1877, #288, #643, .T. ) ;
#1311 = DIRECTION ( 'NONE',  ( 0.000000000000000000, 1.000000000000000000, 0.000000000000000000 ) ) ;
#1312 = VECTOR ( 'NONE', #2409, 1000.000000000000000 ) ;
#1313 = DIRECTION ( 'NONE',  ( -1.000000000000000000, 0.000000000000000000, 0.000000000000000000 ) ) ;
#1314 = ORIENTED_EDGE ( 'NONE', *, *, #351, .F. ) ;
#1315 = VECTOR ( 'NONE', #1340, 1000.000000000000000 ) ;
#1316 = CARTESIAN_POINT ( 'NONE',  ( 2.827357753390421280, 17.00000000000000000, -28.48819553809244809 ) ) ;
#1317 = CARTESIAN_POINT ( 'NONE',  ( -21.56328893980571593, 22.00000000000000355, -20.48816776128164463 ) ) ;
#1318 = CIRCLE ( 'NONE', #2221, 1.499999999999999556 ) ;
#1319 = CARTESIAN_POINT ( 'NONE',  ( 6.647408470588890950, 8.000000000000000000, -11.25000000000000000 ) ) ;
#1320 = AXIS2_PLACEMENT_3D ( 'NONE', #2563, #731, #2367 ) ;
#1321 = LINE ( 'NONE', #728, #1968 ) ;
#1322 = EDGE_CURVE ( 'NONE', #732, #14, #1025, .T. ) ;
#1323 = FACE_OUTER_BOUND ( 'NONE', #1044, .T. ) ;
#1324 = CIRCLE ( 'NONE', #1662, 3.599999999999999201 ) ;
#1325 = AXIS2_PLACEMENT_3D ( 'NONE', #1848, #1235, #1250 ) ;
#1326 = ADVANCED_FACE ( 'NONE', ( #2257, #2049 ), #225, .T. ) ;
#1327 = VECTOR ( 'NONE', #1426, 1000.000000000000000 ) ;
#1328 = CARTESIAN_POINT ( 'NONE',  ( 25.02536353557232829, 0.000000000000000000, -16.48816776128165174 ) ) ;
#1329 = AXIS2_PLACEMENT_3D ( 'NONE', #577, #1626, #2622 ) ;
#1330 = EDGE_LOOP ( 'NONE', ( #2167, #574, #1360, #1837 ) ) ;
#1331 = CARTESIAN_POINT ( 'NONE',  ( -11.51062046810096717, -11.19999999999870788, 15.03182617984501590 ) ) ;
#1332 = DIRECTION ( 'NONE',  ( 0.000000000000000000, 1.000000000000000000, 0.000000000000000000 ) ) ;
#1333 = DIRECTION ( 'NONE',  ( 0.000000000000000000, 1.000000000000000000, 0.000000000000000000 ) ) ;
#1334 = DIRECTION ( 'NONE',  ( -1.000000000000000000, 0.000000000000000000, 0.000000000000000000 ) ) ;
#1335 = CARTESIAN_POINT ( 'NONE',  ( 6.647408470588890950, -20.99999999999870681, -11.25000000000000000 ) ) ;
#1336 = ORIENTED_EDGE ( 'NONE', *, *, #2201, .F. ) ;
#1337 = DIRECTION ( 'NONE',  ( -1.000000000000000000, 0.000000000000000000, 0.000000000000000000 ) ) ;
#1338 = DIRECTION ( 'NONE',  ( -0.000000000000000000, 1.000000000000000000, -0.000000000000000000 ) ) ;
#1339 = CARTESIAN_POINT ( 'NONE',  ( 8.947408470588891660, 36.19379364328256088, -14.00000000000000178 ) ) ;
#1340 = DIRECTION ( 'NONE',  ( -0.000000000000000000, -1.000000000000000000, -0.000000000000000000 ) ) ;
#1341 = ORIENTED_EDGE ( 'NONE', *, *, #2259, .F. ) ;
#1342 = CARTESIAN_POINT ( 'NONE',  ( 14.90740847058888718, -5.999999999998707700, -12.83000000000000185 ) ) ;
#1343 = EDGE_CURVE ( 'NONE', #2162, #887, #2265, .T. ) ;
#1344 = LINE ( 'NONE', #1374, #939 ) ;
#1345 = FACE_BOUND ( 'NONE', #35, .T. ) ;
#1346 = CARTESIAN_POINT ( 'NONE',  ( 24.02536353557232829, 7.000000000000000888, -31.48816776128165174 ) ) ;
#1347 = DIRECTION ( 'NONE',  ( -0.000000000000000000, 0.000000000000000000, 1.000000000000000000 ) ) ;
#1348 = LINE ( 'NONE', #151, #1711 ) ;
#1349 = DIRECTION ( 'NONE',  ( -1.000000000000000000, 0.000000000000000000, 0.000000000000000000 ) ) ;
#1350 = EDGE_LOOP ( 'NONE', ( #1503, #999, #1974, #1873 ) ) ;
#1351 = CARTESIAN_POINT ( 'NONE',  ( -11.80009643157009513, 22.00000000000000355, -10.54078518614983295 ) ) ;
#1352 = EDGE_LOOP ( 'NONE', ( #2169, #816, #1768, #453 ) ) ;
#1353 = EDGE_CURVE ( 'NONE', #2063, #992, #843, .T. ) ;
#1354 = ORIENTED_EDGE ( 'NONE', *, *, #621, .T. ) ;
#1355 = ORIENTED_EDGE ( 'NONE', *, *, #586, .T. ) ;
#1356 = CARTESIAN_POINT ( 'NONE',  ( -2.604299903631231817E-15, 17.00000000000000000, -20.48816776128164818 ) ) ;
#1357 = DIRECTION ( 'NONE',  ( -1.000000000000000000, 0.000000000000000000, -1.369518533665900558E-16 ) ) ;
#1358 = EDGE_CURVE ( 'NONE', #2444, #1200, #806, .T. ) ;
#1359 = DIRECTION ( 'NONE',  ( 0.000000000000000000, -1.000000000000000000, 0.000000000000000000 ) ) ;
#1360 = ORIENTED_EDGE ( 'NONE', *, *, #2416, .T. ) ;
#1361 = DIRECTION ( 'NONE',  ( -1.000000000000000000, 0.000000000000000000, 1.271123867187779531E-16 ) ) ;
#1362 = AXIS2_PLACEMENT_3D ( 'NONE', #1558, #886, #111 ) ;
#1363 = CARTESIAN_POINT ( 'NONE',  ( 2.827357753390421280, 12.20000000000000284, -28.48819553809244809 ) ) ;
#1364 = ORIENTED_EDGE ( 'NONE', *, *, #637, .F. ) ;
#1365 = AXIS2_PLACEMENT_3D ( 'NONE', #478, #820, #1678 ) ;
#1366 = CIRCLE ( 'NONE', #1705, 1.500000000000001332 ) ;
#1367 = AXIS2_PLACEMENT_3D ( 'NONE', #1557, #1742, #1935 ) ;
#1368 = DIRECTION ( 'NONE',  ( 0.000000000000000000, 0.000000000000000000, 1.000000000000000000 ) ) ;
#1369 = VECTOR ( 'NONE', #1441, 1000.000000000000000 ) ;
#1370 = VERTEX_POINT ( 'NONE', #118 ) ;
#1371 = PLANE ( 'NONE',  #1482 ) ;
#1372 = ADVANCED_FACE ( 'NONE', ( #737 ), #2102, .T. ) ;
#1373 = CC_DESIGN_SECURITY_CLASSIFICATION ( #995, ( #2189 ) ) ;
#1374 = CARTESIAN_POINT ( 'NONE',  ( -20.56328893980571593, 0.000000000000000000, 36.51126332720839684 ) ) ;
#1375 = FACE_BOUND ( 'NONE', #2108, .T. ) ;
#1376 = CARTESIAN_POINT ( 'NONE',  ( 18.74187630448997766, 7.000000000000001776, -18.78819207543800829 ) ) ;
#1377 = ADVANCED_FACE ( 'NONE', ( #911, #696 ), #275, .T. ) ;
#1378 = CARTESIAN_POINT ( 'NONE',  ( 2.827357753390421280, 12.20000000000000284, -28.48819553809244809 ) ) ;
#1379 = PLANE ( 'NONE',  #2550 ) ;
#1380 = ORIENTED_EDGE ( 'NONE', *, *, #1481, .T. ) ;
#1381 = EDGE_CURVE ( 'NONE', #2155, #240, #1703, .T. ) ;
#1382 = DIRECTION ( 'NONE',  ( 0.000000000000000000, 0.000000000000000000, 1.000000000000000000 ) ) ;
#1383 = ORIENTED_EDGE ( 'NONE', *, *, #795, .T. ) ;
#1384 = DIRECTION ( 'NONE',  ( 0.000000000000000000, -0.000000000000000000, 1.000000000000000000 ) ) ;
#1385 = APPLICATION_PROTOCOL_DEFINITION ( 'international standard', 'config_control_design', 1994, #2059 ) ;
#1386 = CARTESIAN_POINT ( 'NONE',  ( 2.827343996733970855, 7.000000000000000888, 30.61180446190593329 ) ) ;
#1387 = CARTESIAN_POINT ( 'NONE',  ( -5.552591529411106563, 8.000000000000001776, -14.00000000000000178 ) ) ;
#1388 = EDGE_LOOP ( 'NONE', ( #117, #1937, #1953, #196 ) ) ;
#1389 = ORIENTED_EDGE ( 'NONE', *, *, #1094, .T. ) ;
#1390 = DIRECTION ( 'NONE',  ( 0.000000000000000000, 1.000000000000000000, 0.000000000000000000 ) ) ;
#1391 = DIRECTION ( 'NONE',  ( -0.000000000000000000, -1.000000000000000000, -0.000000000000000000 ) ) ;
#1392 = ORIENTED_EDGE ( 'NONE', *, *, #26, .F. ) ;
#1393 = DIRECTION ( 'NONE',  ( 0.000000000000000000, 0.000000000000000000, -1.000000000000000000 ) ) ;
#1394 = ORIENTED_EDGE ( 'NONE', *, *, #1994, .T. ) ;
#1395 = DIRECTION ( 'NONE',  ( 2.124330830674574297E-07, 0.000000000000000000, -0.9999999999999773515 ) ) ;
#1396 = CALENDAR_DATE ( 2026, 19, 8 ) ;
#1397 = LINE ( 'NONE', #27, #49 ) ;
#1398 = EDGE_LOOP ( 'NONE', ( #609, #781 ) ) ;
#1399 = CARTESIAN_POINT ( 'NONE',  ( -6.552591529411107452, -20.99999999999870681, -9.500000000000001776 ) ) ;
#1400 = VECTOR ( 'NONE', #487, 1000.000000000000000 ) ;
#1401 = DIRECTION ( 'NONE',  ( 0.000000000000000000, 0.000000000000000000, 1.000000000000000000 ) ) ;
#1402 = LINE ( 'NONE', #1224, #1205 ) ;
#1403 = ORIENTED_EDGE ( 'NONE', *, *, #170, .F. ) ;
#1404 = AXIS2_PLACEMENT_3D ( 'NONE', #547, #357, #566 ) ;
#1405 = EDGE_CURVE ( 'NONE', #39, #1484, #2116, .T. ) ;
#1406 = VECTOR ( 'NONE', #691, 1000.000000000000000 ) ;
#1407 = ADVANCED_FACE ( 'NONE', ( #2326 ), #278, .F. ) ;
#1408 = VECTOR ( 'NONE', #2239, 1000.000000000000000 ) ;
#1409 = ORIENTED_EDGE ( 'NONE', *, *, #2612, .F. ) ;
#1410 = VECTOR ( 'NONE', #347, 1000.000000000000000 ) ;
#1411 = COORDINATED_UNIVERSAL_TIME_OFFSET ( 3, 0, .BEHIND. ) ;
#1412 = EDGE_LOOP ( 'NONE', ( #1237, #2624, #518, #754 ) ) ;
#1413 = AXIS2_PLACEMENT_3D ( 'NONE', #1938, #1979, #335 ) ;
#1414 = DIRECTION ( 'NONE',  ( -0.000000000000000000, -1.000000000000000000, -0.000000000000000000 ) ) ;
#1415 = VERTEX_POINT ( 'NONE', #1053 ) ;
#1416 = PRODUCT_DEFINITION_SHAPE ( 'NONE', 'NONE',  #2503 ) ;
#1417 = CARTESIAN_POINT ( 'NONE',  ( 8.947408470588891660, -20.99999999999870681, -14.00000000000000178 ) ) ;
#1418 = ORIENTED_EDGE ( 'NONE', *, *, #1275, .T. ) ;
#1419 = APPROVAL ( #1808, 'UNSPECIFIED' ) ;
#1420 = ORIENTED_EDGE ( 'NONE', *, *, #2184, .T. ) ;
#1421 = EDGE_CURVE ( 'NONE', #379, #186, #2516, .T. ) ;
#1422 = CARTESIAN_POINT ( 'NONE',  ( -3.252591529411111182, 8.000000000000001776, 11.25000000000000000 ) ) ;
#1423 = DIRECTION ( 'NONE',  ( -0.9999999999999773515, 0.000000000000000000, -2.124329164306479022E-07 ) ) ;
#1424 = CARTESIAN_POINT ( 'NONE',  ( 2.827357753390421280, 7.000000000000000888, -28.48819553809244809 ) ) ;
#1425 = VERTEX_POINT ( 'NONE', #2499 ) ;
#1426 = DIRECTION ( 'NONE',  ( -1.000000000000000000, -0.000000000000000000, -0.000000000000000000 ) ) ;
#1427 = FACE_OUTER_BOUND ( 'NONE', #2196, .T. ) ;
#1428 = EDGE_LOOP ( 'NONE', ( #1702, #1009, #1013, #400, #2397, #782, #338, #880, #1692, #1119, #83, #102 ) ) ;
#1429 = PLANE ( 'NONE',  #389 ) ;
#1430 = DIRECTION ( 'NONE',  ( 0.000000000000000000, 0.000000000000000000, -1.000000000000000000 ) ) ;
#1431 = ORIENTED_EDGE ( 'NONE', *, *, #2479, .T. ) ;
#1432 = LINE ( 'NONE', #274, #2123 ) ;
#1433 = LINE ( 'NONE', #1841, #2098 ) ;
#1434 = ORIENTED_EDGE ( 'NONE', *, *, #637, .T. ) ;
#1435 = ADVANCED_FACE ( 'NONE', ( #251 ), #1884, .F. ) ;
#1436 = DIRECTION ( 'NONE',  ( 0.000000000000000000, -1.000000000000000000, 0.000000000000000000 ) ) ;
#1437 = ORIENTED_EDGE ( 'NONE', *, *, #232, .T. ) ;
#1438 = LINE ( 'NONE', #2038, #476 ) ;
#1439 = DIRECTION ( 'NONE',  ( -0.000000000000000000, 1.000000000000000000, -0.000000000000000000 ) ) ;
#1440 = ORIENTED_EDGE ( 'NONE', *, *, #356, .T. ) ;
#1441 = DIRECTION ( 'NONE',  ( -0.000000000000000000, 1.000000000000000000, -0.000000000000000000 ) ) ;
#1442 = AXIS2_PLACEMENT_3D ( 'NONE', #1331, #2174, #2114 ) ;
#1443 = AXIS2_PLACEMENT_3D ( 'NONE', #193, #2007, #405 ) ;
#1444 = DIRECTION ( 'NONE',  ( 0.000000000000000000, -0.000000000000000000, -1.000000000000000000 ) ) ;
#1445 = EDGE_LOOP ( 'NONE', ( #1026, #2572, #599, #922 ) ) ;
#1446 = DIRECTION ( 'NONE',  ( -0.000000000000000000, -1.000000000000000000, -0.000000000000000000 ) ) ;
#1447 = VECTOR ( 'NONE', #1347, 1000.000000000000000 ) ;
#1448 = APPROVAL_ROLE ( '' ) ;
#1449 = ORIENTED_EDGE ( 'NONE', *, *, #961, .T. ) ;
#1450 = AXIS2_PLACEMENT_3D ( 'NONE', #2584, #557, #2026 ) ;
#1451 = ORIENTED_EDGE ( 'NONE', *, *, #1749, .T. ) ;
#1452 = EDGE_CURVE ( 'NONE', #2324, #1425, #2089, .T. ) ;
#1453 = VECTOR ( 'NONE', #32, 1000.000000000000114 ) ;
#1454 = DIRECTION ( 'NONE',  ( -0.000000000000000000, -1.000000000000000000, -0.000000000000000000 ) ) ;
#1455 = CARTESIAN_POINT ( 'NONE',  ( 2.827357753390421280, 12.20000000000000284, -28.48819553809244809 ) ) ;
#1456 = VECTOR ( 'NONE', #1179, 1000.000000000000000 ) ;
#1457 = ORIENTED_EDGE ( 'NONE', *, *, #1232, .F. ) ;
#1458 = EDGE_CURVE ( 'NONE', #727, #821, #216, .T. ) ;
#1459 = CARTESIAN_POINT ( 'NONE',  ( -16.62380965847795622, 6.999999999999999112, -16.39703041503866388 ) ) ;
#1460 = EDGE_CURVE ( 'NONE', #14, #234, #720, .T. ) ;
#1461 = ORIENTED_EDGE ( 'NONE', *, *, #538, .F. ) ;
#1462 = CARTESIAN_POINT ( 'NONE',  ( 9.947408470588891660, -20.99999999999870681, -9.499999999999998224 ) ) ;
#1463 = PERSON_AND_ORGANIZATION ( #1719, #1164 ) ;
#1464 = VERTEX_POINT ( 'NONE', #1317 ) ;
#1465 = FACE_OUTER_BOUND ( 'NONE', #2246, .T. ) ;
#1466 = CARTESIAN_POINT ( 'NONE',  ( -5.052591529411112781, -20.99999999999870681, -11.25000000000000000 ) ) ;
#1467 = CARTESIAN_POINT ( 'NONE',  ( 6.647408470588887397, 36.19379364328256088, 13.99999999999999822 ) ) ;
#1468 = ORIENTED_EDGE ( 'NONE', *, *, #1358, .T. ) ;
#1469 = CARTESIAN_POINT ( 'NONE',  ( 0.000000000000000000, 8.000000000000001776, 0.000000000000000000 ) ) ;
#1470 = PLANE ( 'NONE',  #89 ) ;
#1471 = ADVANCED_FACE ( 'NONE', ( #451 ), #686, .T. ) ;
#1472 = ORIENTED_EDGE ( 'NONE', *, *, #1045, .T. ) ;
#1473 = DIRECTION ( 'NONE',  ( -0.000000000000000000, 1.000000000000000000, -0.000000000000000000 ) ) ;
#1474 = ORIENTED_EDGE ( 'NONE', *, *, #581, .T. ) ;
#1475 = EDGE_LOOP ( 'NONE', ( #2557, #1516, #742, #403 ) ) ;
#1476 = CARTESIAN_POINT ( 'NONE',  ( -6.552591529411110116, 8.000000000000001776, -9.500000000000001776 ) ) ;
#1477 = CARTESIAN_POINT ( 'NONE',  ( -5.552591529411105675, -20.99999999999870681, -14.00000000000000178 ) ) ;
#1478 = ORIENTED_EDGE ( 'NONE', *, *, #1228, .F. ) ;
#1479 = PLANE ( 'NONE',  #394 ) ;
#1480 = FACE_OUTER_BOUND ( 'NONE', #326, .T. ) ;
#1481 = EDGE_CURVE ( 'NONE', #772, #1249, #1279, .T. ) ;
#1482 = AXIS2_PLACEMENT_3D ( 'NONE', #2611, #576, #2214 ) ;
#1483 = CARTESIAN_POINT ( 'NONE',  ( 0.000000000000000000, 17.00000000000000000, 0.000000000000000000 ) ) ;
#1484 = VERTEX_POINT ( 'NONE', #1082 ) ;
#1485 = DIRECTION ( 'NONE',  ( 0.000000000000000000, 1.000000000000000000, 0.000000000000000000 ) ) ;
#1486 = EDGE_CURVE ( 'NONE', #186, #316, #60, .T. ) ;
#1487 = CIRCLE ( 'NONE', #1835, 2.559999999999999609 ) ;
#1488 = VERTEX_POINT ( 'NONE', #2093 ) ;
#1489 = FACE_OUTER_BOUND ( 'NONE', #1330, .T. ) ;
#1490 = AXIS2_PLACEMENT_3D ( 'NONE', #2113, #1090, #79 ) ;
#1491 = DIRECTION ( 'NONE',  ( -0.000000000000000000, -1.000000000000000000, -0.000000000000000000 ) ) ;
#1492 = DIRECTION ( 'NONE',  ( -0.000000000000000000, -1.000000000000000000, -0.000000000000000000 ) ) ;
#1493 = ORIENTED_EDGE ( 'NONE', *, *, #63, .F. ) ;
#1494 = VECTOR ( 'NONE', #550, 1000.000000000000000 ) ;
#1495 = CARTESIAN_POINT ( 'NONE',  ( 8.947408470588888107, 48.50000000000000000, 11.25000000000000000 ) ) ;
#1496 = VECTOR ( 'NONE', #1423, 1000.000000000000114 ) ;
#1497 = LINE ( 'NONE', #284, #1919 ) ;
#1498 = ORIENTED_EDGE ( 'NONE', *, *, #1745, .F. ) ;
#1499 = PLANE ( 'NONE',  #1103 ) ;
#1500 = PERSON_AND_ORGANIZATION ( #1719, #1164 ) ;
#1501 = VERTEX_POINT ( 'NONE', #2073 ) ;
#1502 = EDGE_CURVE ( 'NONE', #1200, #2444, #178, .T. ) ;
#1503 = ORIENTED_EDGE ( 'NONE', *, *, #157, .F. ) ;
#1504 = FACE_OUTER_BOUND ( 'NONE', #1886, .T. ) ;
#1505 = DIRECTION ( 'NONE',  ( 0.000000000000000000, 0.000000000000000000, 1.000000000000000000 ) ) ;
#1506 = ADVANCED_FACE ( 'NONE', ( #361 ), #969, .F. ) ;
#1507 = FACE_BOUND ( 'NONE', #2258, .T. ) ;
#1508 = ORIENTED_EDGE ( 'NONE', *, *, #2042, .T. ) ;
#1509 = CARTESIAN_POINT ( 'NONE',  ( 13.45464070137347790, -20.99999999999870681, 3.562590668415839268 ) ) ;
#1510 = CYLINDRICAL_SURFACE ( 'NONE', #255, 2.558020616099729860 ) ;
#1511 = DIRECTION ( 'NONE',  ( 0.000000000000000000, 0.000000000000000000, -1.000000000000000000 ) ) ;
#1512 = ORIENTED_EDGE ( 'NONE', *, *, #1530, .F. ) ;
#1513 = ORIENTED_EDGE ( 'NONE', *, *, #862, .T. ) ;
#1514 = EDGE_CURVE ( 'NONE', #358, #2586, #1282, .T. ) ;
#1515 = CARTESIAN_POINT ( 'NONE',  ( -11.80009643157009513, 22.00000000000000355, -5.424743953950355468 ) ) ;
#1516 = ORIENTED_EDGE ( 'NONE', *, *, #495, .F. ) ;
#1517 = ADVANCED_FACE ( 'NONE', ( #2148 ), #2388, .T. ) ;
#1518 = LINE ( 'NONE', #660, #1625 ) ;
#1519 = DIRECTION ( 'NONE',  ( -0.000000000000000000, -1.000000000000000000, -0.000000000000000000 ) ) ;
#1520 = FACE_OUTER_BOUND ( 'NONE', #2359, .T. ) ;
#1521 = DIRECTION ( 'NONE',  ( -0.000000000000000000, -1.000000000000000000, -0.000000000000000000 ) ) ;
#1522 = AXIS2_PLACEMENT_3D ( 'NONE', #1145, #738, #1796 ) ;
#1523 = ORIENTED_EDGE ( 'NONE', *, *, #713, .F. ) ;
#1524 = DIRECTION ( 'NONE',  ( 0.000000000000000000, 0.000000000000000000, 1.000000000000000000 ) ) ;
#1525 = AXIS2_PLACEMENT_3D ( 'NONE', #2484, #1660, #664 ) ;
#1526 = DIRECTION ( 'NONE',  ( 0.000000000000000000, 0.000000000000000000, -1.000000000000000000 ) ) ;
#1527 = LINE ( 'NONE', #1778, #1410 ) ;
#1528 = VECTOR ( 'NONE', #608, 1000.000000000000000 ) ;
#1529 = CARTESIAN_POINT ( 'NONE',  ( -25.56328893980571593, 7.000000000000000888, 36.51126332720839684 ) ) ;
#1530 = EDGE_CURVE ( 'NONE', #466, #1601, #391, .T. ) ;
#1531 = LINE ( 'NONE', #1610, #7 ) ;
#1532 = ORIENTED_EDGE ( 'NONE', *, *, #74, .F. ) ;
#1533 = CIRCLE ( 'NONE', #427, 1.500000000000004885 ) ;
#1534 = CARTESIAN_POINT ( 'NONE',  ( -5.552591529411110116, 8.000000000000001776, 13.99999999999999822 ) ) ;
#1535 = CARTESIAN_POINT ( 'NONE',  ( -25.56328893980571593, 83.29473879334379660, -31.48816776128165174 ) ) ;
#1536 = VECTOR ( 'NONE', #2323, 1000.000000000000000 ) ;
#1537 = CIRCLE ( 'NONE', #2227, 4.000000000000000000 ) ;
#1538 = ADVANCED_FACE ( 'NONE', ( #2349 ), #320, .F. ) ;
#1539 = DIRECTION ( 'NONE',  ( 0.000000000000000000, 0.000000000000000000, -1.000000000000000000 ) ) ;
#1540 = VECTOR ( 'NONE', #1454, 1000.000000000000000 ) ;
#1541 = FACE_OUTER_BOUND ( 'NONE', #952, .T. ) ;
#1542 = DIRECTION ( 'NONE',  ( 0.000000000000000000, 1.000000000000000000, 0.000000000000000000 ) ) ;
#1543 = CARTESIAN_POINT ( 'NONE',  ( 13.45464070137347790, 22.00000000000000355, -5.099843831370520775 ) ) ;
#1544 = DIRECTION ( 'NONE',  ( -1.000000000000000000, 0.000000000000000000, 0.000000000000000000 ) ) ;
#1545 = DIRECTION ( 'NONE',  ( -1.000000000000000000, 0.000000000000000000, 1.271123867187779531E-16 ) ) ;
#1546 = FACE_OUTER_BOUND ( 'NONE', #1388, .T. ) ;
#1547 = LINE ( 'NONE', #531, #980 ) ;
#1548 = VERTEX_POINT ( 'NONE', #1180 ) ;
#1549 = CARTESIAN_POINT ( 'NONE',  ( -16.62380965847795622, 61.56190177292780419, -16.39703041503866388 ) ) ;
#1550 = CYLINDRICAL_SURFACE ( 'NONE', #2345, 2.199999999999998845 ) ;
#1551 = ORIENTED_EDGE ( 'NONE', *, *, #2529, .T. ) ;
#1552 = EDGE_CURVE ( 'NONE', #24, #1084, #1527, .T. ) ;
#1553 = PLANE ( 'NONE',  #249 ) ;
#1554 = EDGE_CURVE ( 'NONE', #1062, #868, #1584, .T. ) ;
#1555 = LINE ( 'NONE', #300, #2510 ) ;
#1556 = DIRECTION ( 'NONE',  ( 0.000000000000000000, -1.000000000000000000, 0.000000000000000000 ) ) ;
#1557 = CARTESIAN_POINT ( 'NONE',  ( 2.827343996733970855, 1.060303038032997192, 28.51180446190593187 ) ) ;
#1558 = CARTESIAN_POINT ( 'NONE',  ( 0.000000000000000000, 22.00000000000000355, 0.000000000000000000 ) ) ;
#1559 = ORIENTED_EDGE ( 'NONE', *, *, #1275, .F. ) ;
#1560 = ORIENTED_EDGE ( 'NONE', *, *, #621, .F. ) ;
#1561 = DIRECTION ( 'NONE',  ( -0.000000000000000000, 1.000000000000000000, -0.000000000000000000 ) ) ;
#1562 = DIRECTION ( 'NONE',  ( 0.000000000000000000, 0.000000000000000000, -1.000000000000000000 ) ) ;
#1563 = ORIENTED_EDGE ( 'NONE', *, *, #2226, .T. ) ;
#1564 = FACE_OUTER_BOUND ( 'NONE', #615, .T. ) ;
#1565 = ADVANCED_FACE ( 'NONE', ( #1573 ), #2597, .F. ) ;
#1566 = DIRECTION ( 'NONE',  ( 0.000000000000000000, 1.000000000000000000, 0.000000000000000000 ) ) ;
#1567 = ORIENTED_EDGE ( 'NONE', *, *, #2445, .T. ) ;
#1568 = CARTESIAN_POINT ( 'NONE',  ( 2.827343996733970855, 17.00000000000000000, 32.11180446190593329 ) ) ;
#1569 = EDGE_LOOP ( 'NONE', ( #1990, #1254, #1890, #2600 ) ) ;
#1570 = ADVANCED_FACE ( 'NONE', ( #134 ), #1733, .F. ) ;
#1571 = FACE_OUTER_BOUND ( 'NONE', #2441, .T. ) ;
#1572 = CARTESIAN_POINT ( 'NONE',  ( 13.45464070137347790, 6.999999999999999112, -5.099843831370520775 ) ) ;
#1573 = FACE_OUTER_BOUND ( 'NONE', #194, .T. ) ;
#1574 = CARTESIAN_POINT ( 'NONE',  ( -11.80009643157009513, -20.99999999999870681, -7.982764570050093766 ) ) ;
#1575 = EDGE_CURVE ( 'NONE', #565, #594, #1977, .T. ) ;
#1576 = AXIS2_PLACEMENT_3D ( 'NONE', #1139, #1115, #921 ) ;
#1577 = ORIENTED_EDGE ( 'NONE', *, *, #915, .F. ) ;
#1578 = DIRECTION ( 'NONE',  ( -0.000000000000000000, -1.000000000000000000, -0.000000000000000000 ) ) ;
#1579 = VECTOR ( 'NONE', #2619, 1000.000000000000227 ) ;
#1580 = DIRECTION ( 'NONE',  ( -1.239088197126290817E-16, 0.000000000000000000, 1.000000000000000000 ) ) ;
#1581 = DIRECTION ( 'NONE',  ( -0.000000000000000000, -1.000000000000000000, -0.000000000000000000 ) ) ;
#1582 = VERTEX_POINT ( 'NONE', #331 ) ;
#1583 = AXIS2_PLACEMENT_3D ( 'NONE', #2296, #831, #2459 ) ;
#1584 = CIRCLE ( 'NONE', #2430, 1.500000000000004885 ) ;
#1585 = DIRECTION ( 'NONE',  ( -0.000000000000000000, 1.000000000000000000, -0.000000000000000000 ) ) ;
#1586 = AXIS2_PLACEMENT_3D ( 'NONE', #1136, #1578, #112 ) ;
#1587 = VERTEX_POINT ( 'NONE', #769 ) ;
#1588 = CARTESIAN_POINT ( 'NONE',  ( -16.41878433171186913, 9.121320463748251228, -16.60205565469651745 ) ) ;
#1589 = EDGE_CURVE ( 'NONE', #983, #1582, #1590, .T. ) ;
#1590 = LINE ( 'NONE', #2402, #430 ) ;
#1591 = ORIENTED_EDGE ( 'NONE', *, *, #1830, .T. ) ;
#1592 = LINE ( 'NONE', #2235, #1022 ) ;
#1593 = EDGE_LOOP ( 'NONE', ( #31, #1206 ) ) ;
#1594 = DIRECTION ( 'NONE',  ( 0.000000000000000000, -0.000000000000000000, -1.000000000000000000 ) ) ;
#1595 = ADVANCED_FACE ( 'NONE', ( #1546 ), #2361, .F. ) ;
#1596 = LINE ( 'NONE', #415, #1528 ) ;
#1597 = VERTEX_POINT ( 'NONE', #709 ) ;
#1598 = DIRECTION ( 'NONE',  ( -0.000000000000000000, 1.000000000000000000, -0.000000000000000000 ) ) ;
#1599 = COORDINATED_UNIVERSAL_TIME_OFFSET ( 3, 0, .BEHIND. ) ;
#1600 = CARTESIAN_POINT ( 'NONE',  ( 8.947408470588888107, -20.99999999999870681, 13.99999999999999822 ) ) ;
#1601 = VERTEX_POINT ( 'NONE', #530 ) ;
#1602 = ADVANCED_FACE ( 'NONE', ( #1345, #2160, #1148, #1959, #1756, #1375, #540, #955 ), #1766, .T. ) ;
#1603 = CARTESIAN_POINT ( 'NONE',  ( -21.56328893980571593, 22.00000000000000355, -16.48816776128164463 ) ) ;
#1604 = LINE ( 'NONE', #1223, #546 ) ;
#1605 = ORIENTED_EDGE ( 'NONE', *, *, #1849, .F. ) ;
#1606 = EDGE_CURVE ( 'NONE', #1226, #851, #19, .T. ) ;
#1607 = LINE ( 'NONE', #584, #129 ) ;
#1608 = APPROVAL_ROLE ( '' ) ;
#1609 = LINE ( 'NONE', #989, #1789 ) ;
#1610 = CARTESIAN_POINT ( 'NONE',  ( 18.74187630448997766, 9.121320463748251228, -18.78819207543800829 ) ) ;
#1611 = VERTEX_POINT ( 'NONE', #1386 ) ;
#1612 = CARTESIAN_POINT ( 'NONE',  ( 8.947408470588888107, 8.000000000000000000, -9.500000000000000000 ) ) ;
#1613 = EDGE_CURVE ( 'NONE', #1800, #2381, #1397, .T. ) ;
#1614 = AXIS2_PLACEMENT_3D ( 'NONE', #1790, #144, #2593 ) ;
#1615 = LINE ( 'NONE', #1980, #1785 ) ;
#1616 = EDGE_LOOP ( 'NONE', ( #974, #2295, #1805, #1051 ) ) ;
#1617 = VECTOR ( 'NONE', #1898, 1000.000000000000000 ) ;
#1618 = LINE ( 'NONE', #1459, #1453 ) ;
#1619 = EDGE_CURVE ( 'NONE', #374, #1548, #1609, .T. ) ;
#1620 = AXIS2_PLACEMENT_3D ( 'NONE', #114, #1951, #337 ) ;
#1621 = VECTOR ( 'NONE', #2440, 1000.000000000000114 ) ;
#1622 = ORIENTED_EDGE ( 'NONE', *, *, #2545, .T. ) ;
#1623 = EDGE_CURVE ( 'NONE', #1370, #1488, #1638, .T. ) ;
#1624 = EDGE_LOOP ( 'NONE', ( #1838, #2219, #2438, #1403 ) ) ;
#1625 = VECTOR ( 'NONE', #2303, 1000.000000000000114 ) ;
#1626 = DIRECTION ( 'NONE',  ( 0.000000000000000000, 0.000000000000000000, 1.000000000000000000 ) ) ;
#1627 = CIRCLE ( 'NONE', #1027, 2.558020616099738298 ) ;
#1628 = ORIENTED_EDGE ( 'NONE', *, *, #1851, .F. ) ;
#1629 = PLANE ( 'NONE',  #1970 ) ;
#1630 = APPROVAL_PERSON_ORGANIZATION ( #1500, #1645, #1448 ) ;
#1631 = FACE_OUTER_BOUND ( 'NONE', #663, .T. ) ;
#1632 = ORIENTED_EDGE ( 'NONE', *, *, #2184, .F. ) ;
#1633 = EDGE_CURVE ( 'NONE', #1800, #1582, #830, .T. ) ;
#1634 = VERTEX_POINT ( 'NONE', #604 ) ;
#1635 = DIRECTION ( 'NONE',  ( 0.000000000000000000, 0.000000000000000000, -1.000000000000000000 ) ) ;
#1636 = ADVANCED_FACE ( 'NONE', ( #411 ), #2411, .T. ) ;
#1637 = MECHANICAL_CONTEXT ( 'NONE', #970, 'mechanical' ) ;
#1638 = LINE ( 'NONE', #616, #985 ) ;
#1639 = ORIENTED_EDGE ( 'NONE', *, *, #1310, .F. ) ;
#1640 = CARTESIAN_POINT ( 'NONE',  ( 8.947408470588888107, 36.19379364328256088, 9.499999999999996447 ) ) ;
#1641 = CARTESIAN_POINT ( 'NONE',  ( -25.56328893980571593, 22.00000000000000355, -16.48816776128164463 ) ) ;
#1642 = CARTESIAN_POINT ( 'NONE',  ( 13.45464070137347790, 22.00000000000000355, -7.657864447470250191 ) ) ;
#1643 = ORIENTED_EDGE ( 'NONE', *, *, #433, .F. ) ;
#1644 = LINE ( 'NONE', #2453, #1369 ) ;
#1645 = APPROVAL ( #2086, 'UNSPECIFIED' ) ;
#1646 = DIRECTION ( 'NONE',  ( 2.124330830674574297E-07, 0.000000000000000000, -0.9999999999999773515 ) ) ;
#1647 = VERTEX_POINT ( 'NONE', #1824 ) ;
#1648 = DIRECTION ( 'NONE',  ( 1.000000000000000000, -0.000000000000000000, -0.000000000000000000 ) ) ;
#1649 = CALENDAR_DATE ( 2026, 19, 8 ) ;
#1650 = VERTEX_POINT ( 'NONE', #2234 ) ;
#1651 = CYLINDRICAL_SURFACE ( 'NONE', #891, 2.559999999999999609 ) ;
#1652 = ORIENTED_EDGE ( 'NONE', *, *, #2016, .T. ) ;
#1653 = CARTESIAN_POINT ( 'NONE',  ( 2.827357753390421280, 1.060303038032997192, -26.38819553809244667 ) ) ;
#1654 = EDGE_CURVE ( 'NONE', #1597, #2263, #1241, .T. ) ;
#1655 = LINE ( 'NONE', #1885, #1617 ) ;
#1656 = ORIENTED_EDGE ( 'NONE', *, *, #601, .F. ) ;
#1657 = CARTESIAN_POINT ( 'NONE',  ( 2.827343996733971299, 12.20000000000000284, 24.91180446190593401 ) ) ;
#1658 = AXIS2_PLACEMENT_3D ( 'NONE', #1455, #1691, #1029 ) ;
#1659 = ORIENTED_EDGE ( 'NONE', *, *, #137, .F. ) ;
#1660 = DIRECTION ( 'NONE',  ( 0.000000000000000000, -1.000000000000000000, 0.000000000000000000 ) ) ;
#1661 = VECTOR ( 'NONE', #236, 1000.000000000000000 ) ;
#1662 = AXIS2_PLACEMENT_3D ( 'NONE', #667, #1542, #116 ) ;
#1663 = ORIENTED_EDGE ( 'NONE', *, *, #1068, .F. ) ;
#1664 = ADVANCED_FACE ( 'NONE', ( #2245 ), #805, .F. ) ;
#1665 = CIRCLE ( 'NONE', #2091, 2.100000000000000977 ) ;
#1666 = CARTESIAN_POINT ( 'NONE',  ( 25.02536353557232829, 22.00000000000000355, 20.51126332720839329 ) ) ;
#1667 = CARTESIAN_POINT ( 'NONE',  ( 29.02536353557232829, 22.00000000000000000, 17.26126332720838974 ) ) ;
#1668 = CARTESIAN_POINT ( 'NONE',  ( -13.17197989883042197, 7.000000000000000888, -19.84885870812199471 ) ) ;
#1669 = VECTOR ( 'NONE', #1526, 1000.000000000000000 ) ;
#1670 = ORIENTED_EDGE ( 'NONE', *, *, #1964, .T. ) ;
#1671 = ADVANCED_FACE ( 'NONE', ( #790 ), #1651, .F. ) ;
#1672 = DIRECTION ( 'NONE',  ( -1.271123867187779531E-16, 0.000000000000000000, -1.000000000000000000 ) ) ;
#1673 = CIRCLE ( 'NONE', #523, 2.100000000000000977 ) ;
#1674 = FACE_OUTER_BOUND ( 'NONE', #1963, .T. ) ;
#1675 = ORIENTED_EDGE ( 'NONE', *, *, #2601, .T. ) ;
#1676 = CARTESIAN_POINT ( 'NONE',  ( 0.000000000000000000, 17.00000000000000000, 36.51126332720839684 ) ) ;
#1677 = VERTEX_POINT ( 'NONE', #2036 ) ;
#1678 = DIRECTION ( 'NONE',  ( 0.000000000000000000, 0.000000000000000000, -1.000000000000000000 ) ) ;
#1679 = ORIENTED_EDGE ( 'NONE', *, *, #764, .F. ) ;
#1680 = CARTESIAN_POINT ( 'NONE',  ( 8.947408470588888107, 36.19379364328256088, 13.99999999999999822 ) ) ;
#1681 = DIRECTION ( 'NONE',  ( 0.000000000000000000, 0.000000000000000000, 1.000000000000000000 ) ) ;
#1682 = CARTESIAN_POINT ( 'NONE',  ( 24.02536353557232829, 0.000000000000000000, 36.51126332720839684 ) ) ;
#1683 = EDGE_CURVE ( 'NONE', #237, #1185, #1856, .T. ) ;
#1684 = EDGE_LOOP ( 'NONE', ( #1196, #1440, #440, #1461 ) ) ;
#1685 = DIRECTION ( 'NONE',  ( -0.000000000000000000, -1.000000000000000000, -0.000000000000000000 ) ) ;
#1686 = EDGE_CURVE ( 'NONE', #124, #2013, #1798, .T. ) ;
#1687 = ORIENTED_EDGE ( 'NONE', *, *, #764, .T. ) ;
#1688 = CARTESIAN_POINT ( 'NONE',  ( 8.947408470588888107, 36.19379364328256088, 13.99999999999999822 ) ) ;
#1689 = ORIENTED_EDGE ( 'NONE', *, *, #1799, .T. ) ;
#1690 = CARTESIAN_POINT ( 'NONE',  ( -25.56328893980571593, 83.29473879334379660, 17.26126332720838974 ) ) ;
#1691 = DIRECTION ( 'NONE',  ( 0.000000000000000000, 1.000000000000000000, 0.000000000000000000 ) ) ;
#1692 = ORIENTED_EDGE ( 'NONE', *, *, #1914, .F. ) ;
#1693 = FACE_BOUND ( 'NONE', #2283, .T. ) ;
#1694 = EDGE_CURVE ( 'NONE', #2368, #1650, #1242, .T. ) ;
#1695 = EDGE_CURVE ( 'NONE', #2273, #2158, #175, .T. ) ;
#1696 = AXIS2_PLACEMENT_3D ( 'NONE', #906, #1562, #113 ) ;
#1697 = VERTEX_POINT ( 'NONE', #1600 ) ;
#1698 = CARTESIAN_POINT ( 'NONE',  ( -3.252591529411106741, 27.00000000000000355, -14.00000000000000178 ) ) ;
#1699 = EDGE_CURVE ( 'NONE', #2195, #1803, #2466, .T. ) ;
#1700 = AXIS2_PLACEMENT_3D ( 'NONE', #2095, #228, #30 ) ;
#1701 = PERSON_AND_ORGANIZATION_ROLE ( 'design_supplier' ) ;
#1702 = ORIENTED_EDGE ( 'NONE', *, *, #511, .F. ) ;
#1703 = LINE ( 'NONE', #488, #343 ) ;
#1704 = CIRCLE ( 'NONE', #674, 2.199999999999998845 ) ;
#1705 = AXIS2_PLACEMENT_3D ( 'NONE', #2046, #437, #1287 ) ;
#1706 = EDGE_LOOP ( 'NONE', ( #1508, #94 ) ) ;
#1707 = DIRECTION ( 'NONE',  ( 0.000000000000000000, -0.000000000000000000, -1.000000000000000000 ) ) ;
#1708 = VECTOR ( 'NONE', #422, 1000.000000000000000 ) ;
#1709 = DIRECTION ( 'NONE',  ( -0.000000000000000000, 1.000000000000000000, -0.000000000000000000 ) ) ;
#1710 = VERTEX_POINT ( 'NONE', #871 ) ;
#1711 = VECTOR ( 'NONE', #542, 1000.000000000000000 ) ;
#1712 = FACE_OUTER_BOUND ( 'NONE', #1001, .T. ) ;
#1713 = DIRECTION ( 'NONE',  ( -0.000000000000000000, 1.000000000000000000, -0.000000000000000000 ) ) ;
#1714 = CC_DESIGN_APPROVAL ( #536, ( #2503 ) ) ;
#1715 = FACE_OUTER_BOUND ( 'NONE', #917, .T. ) ;
#1716 = ORIENTED_EDGE ( 'NONE', *, *, #1729, .F. ) ;
#1717 = EDGE_CURVE ( 'NONE', #623, #2047, #1324, .T. ) ;
#1718 = CARTESIAN_POINT ( 'NONE',  ( -11.80009643157006316, 22.00000000000000355, 8.358887350610320510 ) ) ;
#1719 = PERSON ( 'UNSPECIFIED', 'UNSPECIFIED', 'UNSPECIFIED', ('UNSPECIFIED'), ('UNSPECIFIED'), ('UNSPECIFIED') ) ;
#1720 = EDGE_CURVE ( 'NONE', #322, #2203, #965, .T. ) ;
#1721 = ORIENTED_EDGE ( 'NONE', *, *, #2170, .T. ) ;
#1722 = DIRECTION ( 'NONE',  ( -0.000000000000000000, 1.000000000000000000, -0.000000000000000000 ) ) ;
#1723 = DIRECTION ( 'NONE',  ( -0.000000000000000000, -1.000000000000000000, -0.000000000000000000 ) ) ;
#1724 = CARTESIAN_POINT ( 'NONE',  ( 15.94383877443887521, -20.99999999999870681, 5.531236679159371228 ) ) ;
#1725 = ORIENTED_EDGE ( 'NONE', *, *, #2140, .T. ) ;
#1726 = LINE ( 'NONE', #1887, #2352 ) ;
#1727 = LINE ( 'NONE', #730, #1743 ) ;
#1728 = CARTESIAN_POINT ( 'NONE',  ( 24.02536353557231052, 7.000000000000000888, 36.51126332720839684 ) ) ;
#1729 = EDGE_CURVE ( 'NONE', #1962, #2158, #1142, .T. ) ;
#1730 = CARTESIAN_POINT ( 'NONE',  ( 2.827357753390421280, 1.060303038032997192, -28.48819553809244809 ) ) ;
#1731 = CARTESIAN_POINT ( 'NONE',  ( -15.35813168300089515, 9.121320463748251228, 20.31180099924836213 ) ) ;
#1732 = EDGE_CURVE ( 'NONE', #186, #446, #1537, .T. ) ;
#1733 = CYLINDRICAL_SURFACE ( 'NONE', #1367, 2.100000000000000977 ) ;
#1734 = LINE ( 'NONE', #321, #173 ) ;
#1735 = DIRECTION ( 'NONE',  ( -2.124329160331740389E-07, 0.000000000000000000, 0.9999999999999773515 ) ) ;
#1736 = EDGE_CURVE ( 'NONE', #887, #2162, #1627, .T. ) ;
#1737 = CARTESIAN_POINT ( 'NONE',  ( -3.252591529411111182, 8.000000000000001776, 13.99999999999999822 ) ) ;
#1738 = DIRECTION ( 'NONE',  ( 2.124329164306479287E-07, 0.000000000000000000, -0.9999999999999774625 ) ) ;
#1739 = DIRECTION ( 'NONE',  ( 0.000000000000000000, 1.000000000000000000, 0.000000000000000000 ) ) ;
#1740 = ORIENTED_EDGE ( 'NONE', *, *, #1732, .T. ) ;
#1741 = LINE ( 'NONE', #2553, #2317 ) ;
#1742 = DIRECTION ( 'NONE',  ( -0.000000000000000000, 1.000000000000000000, -0.000000000000000000 ) ) ;
#1743 = VECTOR ( 'NONE', #1713, 1000.000000000000000 ) ;
#1744 = DIRECTION ( 'NONE',  ( -0.000000000000000000, 1.000000000000000000, -0.000000000000000000 ) ) ;
#1745 = EDGE_CURVE ( 'NONE', #2203, #829, #1955, .T. ) ;
#1746 = CIRCLE ( 'NONE', #718, 4.000000000000000000 ) ;
#1747 = CARTESIAN_POINT ( 'NONE',  ( 13.45464070137347790, -5.999999999998707700, 6.120611284515575790 ) ) ;
#1748 = CARTESIAN_POINT ( 'NONE',  ( 9.947408470588888107, 36.19379364328256088, 9.499999999999996447 ) ) ;
#1749 = EDGE_CURVE ( 'NONE', #2364, #1118, #1555, .T. ) ;
#1750 = VECTOR ( 'NONE', #1771, 1000.000000000000000 ) ;
#1751 = CARTESIAN_POINT ( 'NONE',  ( 17.24187628324891719, 9.121320463748251228, -20.28819207543801895 ) ) ;
#1752 = CIRCLE ( 'NONE', #473, 3.599999999999999201 ) ;
#1753 = LINE ( 'NONE', #735, #882 ) ;
#1754 = ORIENTED_EDGE ( 'NONE', *, *, #783, .T. ) ;
#1755 = CARTESIAN_POINT ( 'NONE',  ( 2.827357753390421724, 12.20000000000000284, -32.08819553809244240 ) ) ;
#1756 = FACE_OUTER_BOUND ( 'NONE', #1077, .T. ) ;
#1757 = DIRECTION ( 'NONE',  ( -1.000000000000000000, 0.000000000000000000, 0.000000000000000000 ) ) ;
#1758 = ORIENTED_EDGE ( 'NONE', *, *, #2418, .F. ) ;
#1759 = LINE ( 'NONE', #2353, #1750 ) ;
#1760 = CARTESIAN_POINT ( 'NONE',  ( 6.647408470588887397, -20.99999999999870681, 11.25000000000000000 ) ) ;
#1761 = EDGE_LOOP ( 'NONE', ( #1070, #2061 ) ) ;
#1762 = CARTESIAN_POINT ( 'NONE',  ( -11.51062046810096717, -11.19999999999870788, 12.83182617984501661 ) ) ;
#1763 = ORIENTED_EDGE ( 'NONE', *, *, #293, .F. ) ;
#1764 = EDGE_LOOP ( 'NONE', ( #1916, #342, #2531, #642 ) ) ;
#1765 = DIRECTION ( 'NONE',  ( 1.000000000000000000, 0.000000000000000000, 0.000000000000000000 ) ) ;
#1766 = PLANE ( 'NONE',  #1450 ) ;
#1767 = CARTESIAN_POINT ( 'NONE',  ( 12.70549194685359851, -20.99999999999870681, 8.566474243880346506 ) ) ;
#1768 = ORIENTED_EDGE ( 'NONE', *, *, #245, .T. ) ;
#1769 = DIRECTION ( 'NONE',  ( 0.000000000000000000, -1.000000000000000000, 0.000000000000000000 ) ) ;
#1770 = EDGE_LOOP ( 'NONE', ( #2351, #1560 ) ) ;
#1771 = DIRECTION ( 'NONE',  ( -0.000000000000000000, 1.000000000000000000, -0.000000000000000000 ) ) ;
#1772 = LINE ( 'NONE', #2222, #1579 ) ;
#1773 = DIRECTION ( 'NONE',  ( -0.000000000000000000, 1.000000000000000000, -0.000000000000000000 ) ) ;
#1774 = ORIENTED_EDGE ( 'NONE', *, *, #1298, .T. ) ;
#1775 = DIRECTION ( 'NONE',  ( 0.000000000000000000, 0.000000000000000000, 1.000000000000000000 ) ) ;
#1776 = EDGE_CURVE ( 'NONE', #1962, #329, #695, .T. ) ;
#1777 = DIRECTION ( 'NONE',  ( -0.000000000000000000, -0.000000000000000000, -1.000000000000000000 ) ) ;
#1778 = CARTESIAN_POINT ( 'NONE',  ( 14.90740847058888718, -5.999999999998707700, -12.83000000000000185 ) ) ;
#1779 = LINE ( 'NONE', #1167, #1875 ) ;
#1780 = ORIENTED_EDGE ( 'NONE', *, *, #1080, .T. ) ;
#1781 = DIRECTION ( 'NONE',  ( 0.000000000000000000, 1.000000000000000000, 0.000000000000000000 ) ) ;
#1782 = AXIS2_PLACEMENT_3D ( 'NONE', #652, #1473, #2293 ) ;
#1783 = ORIENTED_EDGE ( 'NONE', *, *, #2143, .T. ) ;
#1784 = CARTESIAN_POINT ( 'NONE',  ( -3.252591529411110294, -20.99999999999870681, 13.99999999999999822 ) ) ;
#1785 = VECTOR ( 'NONE', #785, 1000.000000000000000 ) ;
#1786 = CARTESIAN_POINT ( 'NONE',  ( -11.51062046810096717, -20.99999999999870681, 15.03182617984501590 ) ) ;
#1787 = ORIENTED_EDGE ( 'NONE', *, *, #961, .F. ) ;
#1788 = VECTOR ( 'NONE', #2065, 1000.000000000000000 ) ;
#1789 = VECTOR ( 'NONE', #819, 1000.000000000000000 ) ;
#1790 = CARTESIAN_POINT ( 'NONE',  ( 24.02536353557232829, 17.00000000000000000, 31.51126332720839684 ) ) ;
#1791 = AXIS2_PLACEMENT_3D ( 'NONE', #365, #755, #563 ) ;
#1792 = ORIENTED_EDGE ( 'NONE', *, *, #2564, .T. ) ;
#1793 = EDGE_CURVE ( 'NONE', #364, #2208, #2334, .T. ) ;
#1794 = AXIS2_PLACEMENT_3D ( 'NONE', #670, #491, #1707 ) ;
#1795 = VERTEX_POINT ( 'NONE', #1568 ) ;
#1796 = DIRECTION ( 'NONE',  ( 0.000000000000000000, 0.000000000000000000, -1.000000000000000000 ) ) ;
#1797 = DIRECTION ( 'NONE',  ( -0.000000000000000000, -1.000000000000000000, -0.000000000000000000 ) ) ;
#1798 = LINE ( 'NONE', #209, #2393 ) ;
#1799 = EDGE_CURVE ( 'NONE', #1118, #2063, #2191, .T. ) ;
#1800 = VERTEX_POINT ( 'NONE', #1117 ) ;
#1801 = ORIENTED_EDGE ( 'NONE', *, *, #1098, .F. ) ;
#1802 = DIRECTION ( 'NONE',  ( 1.000000000000000000, 0.000000000000000000, 0.000000000000000000 ) ) ;
#1803 = VERTEX_POINT ( 'NONE', #195 ) ;
#1804 = ORIENTED_EDGE ( 'NONE', *, *, #1793, .T. ) ;
#1805 = ORIENTED_EDGE ( 'NONE', *, *, #575, .F. ) ;
#1806 = CARTESIAN_POINT ( 'NONE',  ( 13.45464070137347790, -20.99999999999870681, -7.657864447470250191 ) ) ;
#1807 = CC_DESIGN_PERSON_AND_ORGANIZATION_ASSIGNMENT ( #987, #779, ( #2503 ) ) ;
#1808 = APPROVAL_STATUS ( 'not_yet_approved' ) ;
#1809 = ORIENTED_EDGE ( 'NONE', *, *, #770, .F. ) ;
#1810 = DIRECTION ( 'NONE',  ( -0.000000000000000000, -0.000000000000000000, -1.000000000000000000 ) ) ;
#1811 = VERTEX_POINT ( 'NONE', #1010 ) ;
#1812 = CARTESIAN_POINT ( 'NONE',  ( 29.02536353557232829, 17.00000000000000000, -31.48816776128165174 ) ) ;
#1813 = ORIENTED_EDGE ( 'NONE', *, *, #1006, .F. ) ;
#1814 = EDGE_CURVE ( 'NONE', #379, #1256, #1819, .T. ) ;
#1815 = DIRECTION ( 'NONE',  ( 0.000000000000000000, 0.000000000000000000, 1.000000000000000000 ) ) ;
#1816 = LINE ( 'NONE', #2199, #1408 ) ;
#1817 = ORIENTED_EDGE ( 'NONE', *, *, #1502, .T. ) ;
#1818 = EDGE_CURVE ( 'NONE', #594, #1800, #2396, .T. ) ;
#1819 = LINE ( 'NONE', #797, #893 ) ;
#1820 = PRODUCT ( 'PressPlaca+lectorQR', 'PressPlaca+lectorQR', '', ( #1637 ) ) ;
#1821 = ORIENTED_EDGE ( 'NONE', *, *, #601, .T. ) ;
#1822 = DIRECTION ( 'NONE',  ( 0.000000000000000000, 1.000000000000000000, 0.000000000000000000 ) ) ;
#1823 =( NAMED_UNIT ( * ) SI_UNIT ( $, .STERADIAN. ) SOLID_ANGLE_UNIT ( ) );
#1824 = CARTESIAN_POINT ( 'NONE',  ( 2.827343996733971299, 17.00000000000000000, 24.91180446190593401 ) ) ;
#1825 = LINE ( 'NONE', #1894, #1661 ) ;
#1826 = ORIENTED_EDGE ( 'NONE', *, *, #1218, .F. ) ;
#1827 = LINE ( 'NONE', #1214, #2315 ) ;
#1828 = AXIS2_PLACEMENT_3D ( 'NONE', #1363, #2575, #1967 ) ;
#1829 = CARTESIAN_POINT ( 'NONE',  ( 29.02536353557232829, 17.00000000000000000, 31.51126332720839684 ) ) ;
#1830 = EDGE_CURVE ( 'NONE', #759, #2620, #1618, .T. ) ;
#1831 = ORIENTED_EDGE ( 'NONE', *, *, #141, .F. ) ;
#1832 = VECTOR ( 'NONE', #2489, 1000.000000000000000 ) ;
#1833 = EDGE_CURVE ( 'NONE', #659, #1084, #133, .T. ) ;
#1834 = CARTESIAN_POINT ( 'NONE',  ( -15.35813168300089870, 7.000000000000000888, 18.81180099924835503 ) ) ;
#1835 = AXIS2_PLACEMENT_3D ( 'NONE', #375, #1769, #2625 ) ;
#1836 = VECTOR ( 'NONE', #1264, 1000.000000000000000 ) ;
#1837 = ORIENTED_EDGE ( 'NONE', *, *, #283, .F. ) ;
#1838 = ORIENTED_EDGE ( 'NONE', *, *, #1258, .T. ) ;
#1839 = CIRCLE ( 'NONE', #51, 2.558020616099739186 ) ;
#1840 = FACE_OUTER_BOUND ( 'NONE', #439, .T. ) ;
#1841 = CARTESIAN_POINT ( 'NONE',  ( 17.94186940041698719, -20.99999999999870681, 20.31180807327400117 ) ) ;
#1842 = DIRECTION ( 'NONE',  ( 0.000000000000000000, 0.000000000000000000, -1.000000000000000000 ) ) ;
#1843 = ORIENTED_EDGE ( 'NONE', *, *, #783, .F. ) ;
#1844 = VECTOR ( 'NONE', #1545, 1000.000000000000000 ) ;
#1845 = DIRECTION ( 'NONE',  ( -0.000000000000000000, -1.000000000000000000, -0.000000000000000000 ) ) ;
#1846 = DIRECTION ( 'NONE',  ( -1.239088197126290817E-16, 0.000000000000000000, 1.000000000000000000 ) ) ;
#1847 = EDGE_LOOP ( 'NONE', ( #130, #635, #44, #2050 ) ) ;
#1848 = CARTESIAN_POINT ( 'NONE',  ( 25.02536353557232829, 17.00000000000000000, 16.51126332720839329 ) ) ;
#1849 = EDGE_CURVE ( 'NONE', #2263, #1256, #1644, .T. ) ;
#1850 = DIRECTION ( 'NONE',  ( -0.000000000000000000, -1.000000000000000000, -0.000000000000000000 ) ) ;
#1851 = EDGE_CURVE ( 'NONE', #623, #1647, #837, .T. ) ;
#1852 = CARTESIAN_POINT ( 'NONE',  ( -16.85813168300090581, 7.000000000000001776, 18.81180102049079750 ) ) ;
#1853 = ORIENTED_EDGE ( 'NONE', *, *, #445, .T. ) ;
#1854 = LINE ( 'NONE', #1676, #1061 ) ;
#1855 = ORIENTED_EDGE ( 'NONE', *, *, #1900, .T. ) ;
#1856 = LINE ( 'NONE', #1193, #595 ) ;
#1857 = ORIENTED_EDGE ( 'NONE', *, *, #617, .F. ) ;
#1858 = DIRECTION ( 'NONE',  ( -0.000000000000000000, -1.000000000000000000, -0.000000000000000000 ) ) ;
#1859 = DIRECTION ( 'NONE',  ( 0.000000000000000000, 0.000000000000000000, 1.000000000000000000 ) ) ;
#1860 = VERTEX_POINT ( 'NONE', #675 ) ;
#1861 = ORIENTED_EDGE ( 'NONE', *, *, #2448, .F. ) ;
#1862 = ADVANCED_FACE ( 'NONE', ( #1693, #889, #2532, #282 ), #484, .T. ) ;
#1863 = DIRECTION ( 'NONE',  ( 0.000000000000000000, -0.000000000000000000, -1.000000000000000000 ) ) ;
#1864 = ORIENTED_EDGE ( 'NONE', *, *, #235, .F. ) ;
#1865 = ORIENTED_EDGE ( 'NONE', *, *, #2011, .T. ) ;
#1866 = FACE_OUTER_BOUND ( 'NONE', #475, .T. ) ;
#1867 = CARTESIAN_POINT ( 'NONE',  ( -21.56328893980571593, 17.00000000000000000, -16.48816776128164463 ) ) ;
#1868 = ORIENTED_EDGE ( 'NONE', *, *, #2342, .T. ) ;
#1869 = LINE ( 'NONE', #2480, #1210 ) ;
#1870 = CIRCLE ( 'NONE', #626, 2.558020616099729860 ) ;
#1871 = CIRCLE ( 'NONE', #2462, 2.100000000000000977 ) ;
#1872 = AXIS2_PLACEMENT_3D ( 'NONE', #1093, #1709, #101 ) ;
#1873 = ORIENTED_EDGE ( 'NONE', *, *, #235, .T. ) ;
#1874 = DIRECTION ( 'NONE',  ( -1.156482317317871478E-16, 0.000000000000000000, 1.000000000000000000 ) ) ;
#1875 = VECTOR ( 'NONE', #956, 1000.000000000000000 ) ;
#1876 = DATE_AND_TIME ( #2232, #57 ) ;
#1877 = VERTEX_POINT ( 'NONE', #46 ) ;
#1878 = EDGE_CURVE ( 'NONE', #395, #591, #1267, .T. ) ;
#1879 = AXIS2_PLACEMENT_3D ( 'NONE', #1424, #578, #1842 ) ;
#1880 = ORIENTED_EDGE ( 'NONE', *, *, #2342, .F. ) ;
#1881 = VECTOR ( 'NONE', #1361, 1000.000000000000000 ) ;
#1882 = DIRECTION ( 'NONE',  ( 0.000000000000000000, 0.000000000000000000, -1.000000000000000000 ) ) ;
#1883 = ADVANCED_FACE ( 'NONE', ( #1110 ), #468, .T. ) ;
#1884 = CYLINDRICAL_SURFACE ( 'NONE', #1071, 2.199999999999998845 ) ;
#1885 = CARTESIAN_POINT ( 'NONE',  ( -16.85812438525117329, 9.121320463748251228, -15.54139557624695200 ) ) ;
#1886 = EDGE_LOOP ( 'NONE', ( #1253, #436, #1394, #270 ) ) ;
#1887 = CARTESIAN_POINT ( 'NONE',  ( -5.552591529411111004, 27.00000000000000355, 9.499999999999996447 ) ) ;
#1888 = CC_DESIGN_APPROVAL ( #1419, ( #2189 ) ) ;
#1889 = DIRECTION ( 'NONE',  ( 0.000000000000000000, 0.000000000000000000, -1.000000000000000000 ) ) ;
#1890 = ORIENTED_EDGE ( 'NONE', *, *, #713, .T. ) ;
#1891 = DIRECTION ( 'NONE',  ( 0.000000000000000000, 1.000000000000000000, 0.000000000000000000 ) ) ;
#1892 = PERSON_AND_ORGANIZATION ( #1719, #1164 ) ;
#1893 = ORIENTED_EDGE ( 'NONE', *, *, #1964, .F. ) ;
#1894 = CARTESIAN_POINT ( 'NONE',  ( 2.607235636138801710E-15, 22.00000000000000355, 20.51126332720839684 ) ) ;
#1895 = ORIENTED_EDGE ( 'NONE', *, *, #185, .T. ) ;
#1896 = CC_DESIGN_DATE_AND_TIME_ASSIGNMENT ( #188, #1209, ( #2503 ) ) ;
#1897 = CARTESIAN_POINT ( 'NONE',  ( 2.827357753390421280, 12.20000000000000284, -26.38819553809244667 ) ) ;
#1898 = DIRECTION ( 'NONE',  ( -0.000000000000000000, -1.000000000000000000, -0.000000000000000000 ) ) ;
#1899 = ORIENTED_EDGE ( 'NONE', *, *, #1694, .T. ) ;
#1900 = EDGE_CURVE ( 'NONE', #2, #2186, #2064, .T. ) ;
#1901 = DIRECTION ( 'NONE',  ( -0.000000000000000000, -1.000000000000000000, -0.000000000000000000 ) ) ;
#1902 = LINE ( 'NONE', #231, #1788 ) ;
#1903 = ADVANCED_FACE ( 'NONE', ( #1712 ), #866, .F. ) ;
#1904 = ORIENTED_EDGE ( 'NONE', *, *, #1878, .F. ) ;
#1905 = DIRECTION ( 'NONE',  ( -2.124330606390560373E-07, 0.000000000000000000, 0.9999999999999774625 ) ) ;
#1906 = SECURITY_CLASSIFICATION_LEVEL ( 'unclassified' ) ;
#1907 = ORIENTED_EDGE ( 'NONE', *, *, #1514, .T. ) ;
#1908 = ORIENTED_EDGE ( 'NONE', *, *, #1204, .F. ) ;
#1909 = DIRECTION ( 'NONE',  ( -1.271123867187779531E-16, 0.000000000000000000, -1.000000000000000000 ) ) ;
#1910 = VERTEX_POINT ( 'NONE', #2120 ) ;
#1911 = CARTESIAN_POINT ( 'NONE',  ( 13.45464070137347790, 6.999999999999999112, 6.120611284515575790 ) ) ;
#1912 = EDGE_CURVE ( 'NONE', #759, #124, #2012, .T. ) ;
#1913 = DIRECTION ( 'NONE',  ( 9.130123557772670799E-17, 0.000000000000000000, -1.000000000000000000 ) ) ;
#1914 = EDGE_CURVE ( 'NONE', #1370, #1634, #1726, .T. ) ;
#1915 = AXIS2_PLACEMENT_3D ( 'NONE', #1128, #115, #2358 ) ;
#1916 = ORIENTED_EDGE ( 'NONE', *, *, #296, .F. ) ;
#1917 = CARTESIAN_POINT ( 'NONE',  ( -5.552591529411110116, 27.00000000000000355, 13.99999999999999822 ) ) ;
#1918 = DIRECTION ( 'NONE',  ( 1.000000000000000000, 0.000000000000000000, -0.000000000000000000 ) ) ;
#1919 = VECTOR ( 'NONE', #855, 1000.000000000000000 ) ;
#1920 = ORIENTED_EDGE ( 'NONE', *, *, #2591, .F. ) ;
#1921 = DIRECTION ( 'NONE',  ( 1.000000000000000000, 0.000000000000000000, -0.000000000000000000 ) ) ;
#1922 = VECTOR ( 'NONE', #2613, 1000.000000000000000 ) ;
#1923 = DIRECTION ( 'NONE',  ( 0.000000000000000000, 0.000000000000000000, -1.000000000000000000 ) ) ;
#1924 = ORIENTED_EDGE ( 'NONE', *, *, #126, .T. ) ;
#1925 = VECTOR ( 'NONE', #1297, 1000.000000000000000 ) ;
#1926 = DIRECTION ( 'NONE',  ( -0.000000000000000000, 1.000000000000000000, -0.000000000000000000 ) ) ;
#1927 = CARTESIAN_POINT ( 'NONE',  ( -3.252591529411106741, -20.99999999999870681, -14.00000000000000178 ) ) ;
#1928 = LINE ( 'NONE', #299, #978 ) ;
#1929 = EDGE_CURVE ( 'NONE', #1587, #472, #1869, .T. ) ;
#1930 = EDGE_LOOP ( 'NONE', ( #1302, #1861 ) ) ;
#1931 = CARTESIAN_POINT ( 'NONE',  ( -5.552591529411110116, 8.000000000000001776, 11.25000000000000000 ) ) ;
#1932 = VERTEX_POINT ( 'NONE', #1509 ) ;
#1933 = EDGE_CURVE ( 'NONE', #2521, #308, #1839, .T. ) ;
#1934 = CARTESIAN_POINT ( 'NONE',  ( 8.947408470588888107, 8.000000000000000000, 11.25000000000000000 ) ) ;
#1935 = DIRECTION ( 'NONE',  ( 0.000000000000000000, 0.000000000000000000, 1.000000000000000000 ) ) ;
#1936 = DIRECTION ( 'NONE',  ( 0.000000000000000000, 0.000000000000000000, 1.000000000000000000 ) ) ;
#1937 = ORIENTED_EDGE ( 'NONE', *, *, #1851, .T. ) ;
#1938 = CARTESIAN_POINT ( 'NONE',  ( 14.90740847058888718, -5.999999999998707700, -15.02999999999999936 ) ) ;
#1939 = DIRECTION ( 'NONE',  ( -0.000000000000000000, -1.000000000000000000, -0.000000000000000000 ) ) ;
#1940 = LINE ( 'NONE', #2154, #1400 ) ;
#1941 = VERTEX_POINT ( 'NONE', #1072 ) ;
#1942 = CARTESIAN_POINT ( 'NONE',  ( 25.02536353557232829, 22.00000000000000355, -16.48816776128165174 ) ) ;
#1943 = ADVANCED_FACE ( 'NONE', ( #64 ), #1479, .T. ) ;
#1944 = VERTEX_POINT ( 'NONE', #702 ) ;
#1945 = DIRECTION ( 'NONE',  ( -0.000000000000000000, 1.000000000000000000, -0.000000000000000000 ) ) ;
#1946 = DIRECTION ( 'NONE',  ( 1.000000000000000000, -0.000000000000000000, 1.239088197126290817E-16 ) ) ;
#1947 = EDGE_CURVE ( 'NONE', #376, #773, #1518, .T. ) ;
#1948 = CARTESIAN_POINT ( 'NONE',  ( -15.35813168300089515, -20.99999999999870681, 20.31180099924836213 ) ) ;
#1949 = ORIENTED_EDGE ( 'NONE', *, *, #1947, .F. ) ;
#1950 = FACE_OUTER_BOUND ( 'NONE', #72, .T. ) ;
#1951 = DIRECTION ( 'NONE',  ( 1.000000000000000000, 0.000000000000000000, 0.000000000000000000 ) ) ;
#1952 = CYLINDRICAL_SURFACE ( 'NONE', #2548, 1.500000000000004885 ) ;
#1953 = ORIENTED_EDGE ( 'NONE', *, *, #2211, .T. ) ;
#1954 = CIRCLE ( 'NONE', #2594, 2.558020616099736522 ) ;
#1955 = LINE ( 'NONE', #158, #1160 ) ;
#1956 = EDGE_LOOP ( 'NONE', ( #845, #787, #1801, #2576 ) ) ;
#1957 = VECTOR ( 'NONE', #1338, 1000.000000000000000 ) ;
#1958 = DIRECTION ( 'NONE',  ( -0.000000000000000000, -1.000000000000000000, -0.000000000000000000 ) ) ;
#1959 = FACE_BOUND ( 'NONE', #1770, .T. ) ;
#1960 = CIRCLE ( 'NONE', #2224, 2.558020616099738298 ) ;
#1961 = CARTESIAN_POINT ( 'NONE',  ( -11.80009643157006316, -20.99999999999870681, 8.358887350610320510 ) ) ;
#1962 = VERTEX_POINT ( 'NONE', #1283 ) ;
#1963 = EDGE_LOOP ( 'NONE', ( #1380, #1437, #895, #2207, #1904, #1177, #684, #408 ) ) ;
#1964 = EDGE_CURVE ( 'NONE', #2020, #14, #2329, .T. ) ;
#1965 = VECTOR ( 'NONE', #2447, 1000.000000000000000 ) ;
#1966 = CARTESIAN_POINT ( 'NONE',  ( -25.56328893980571593, 17.00000000000000000, -31.48816776128165174 ) ) ;
#1967 = DIRECTION ( 'NONE',  ( 0.000000000000000000, 0.000000000000000000, 1.000000000000000000 ) ) ;
#1968 = VECTOR ( 'NONE', #1735, 1000.000000000000114 ) ;
#1969 = EDGE_LOOP ( 'NONE', ( #260, #69, #1355, #2566 ) ) ;
#1970 = AXIS2_PLACEMENT_3D ( 'NONE', #2406, #572, #1197 ) ;
#1971 = CARTESIAN_POINT ( 'NONE',  ( -25.56328893980571593, 17.00000000000000000, 16.51126332720840040 ) ) ;
#1972 = DIRECTION ( 'NONE',  ( -0.000000000000000000, -1.000000000000000000, -0.000000000000000000 ) ) ;
#1973 = EDGE_LOOP ( 'NONE', ( #1182, #136, #1143, #1907 ) ) ;
#1974 = ORIENTED_EDGE ( 'NONE', *, *, #1232, .T. ) ;
#1975 = EDGE_LOOP ( 'NONE', ( #226, #1895, #1123, #1780 ) ) ;
#1976 = DIRECTION ( 'NONE',  ( 0.000000000000000000, 0.000000000000000000, 1.000000000000000000 ) ) ;
#1977 = LINE ( 'NONE', #725, #636 ) ;
#1978 = ORIENTED_EDGE ( 'NONE', *, *, #126, .F. ) ;
#1979 = DIRECTION ( 'NONE',  ( 0.000000000000000000, -1.000000000000000000, 0.000000000000000000 ) ) ;
#1980 = CARTESIAN_POINT ( 'NONE',  ( 2.827357753390421280, 12.20000000000000284, -24.88819553809244667 ) ) ;
#1981 = VERTEX_POINT ( 'NONE', #2519 ) ;
#1982 = EDGE_CURVE ( 'NONE', #606, #2158, #1085, .T. ) ;
#1983 = DIRECTION ( 'NONE',  ( -0.000000000000000000, 1.000000000000000000, -0.000000000000000000 ) ) ;
#1984 = DIRECTION ( 'NONE',  ( -0.000000000000000000, -1.000000000000000000, 0.000000000000000000 ) ) ;
#1985 = ORIENTED_EDGE ( 'NONE', *, *, #429, .T. ) ;
#1986 = ORIENTED_EDGE ( 'NONE', *, *, #1776, .T. ) ;
#1987 = CYLINDRICAL_SURFACE ( 'NONE', #2215, 1.500000000000001332 ) ;
#1988 = LINE ( 'NONE', #1120, #2355 ) ;
#1989 = CARTESIAN_POINT ( 'NONE',  ( 0.000000000000000000, 0.000000000000000000, -36.48816776128165174 ) ) ;
#1990 = ORIENTED_EDGE ( 'NONE', *, *, #332, .T. ) ;
#1991 = DIRECTION ( 'NONE',  ( 0.000000000000000000, 0.000000000000000000, 1.000000000000000000 ) ) ;
#1992 = DIRECTION ( 'NONE',  ( 0.000000000000000000, -1.000000000000000000, 0.000000000000000000 ) ) ;
#1993 = ORIENTED_EDGE ( 'NONE', *, *, #511, .T. ) ;
#1994 = EDGE_CURVE ( 'NONE', #950, #659, #73, .T. ) ;
#1995 = LINE ( 'NONE', #949, #2261 ) ;
#1996 = EDGE_CURVE ( 'NONE', #2044, #857, #2109, .T. ) ;
#1997 = EDGE_LOOP ( 'NONE', ( #449, #2022, #1679, #2485 ) ) ;
#1998 = FACE_OUTER_BOUND ( 'NONE', #2297, .T. ) ;
#1999 = AXIS2_PLACEMENT_3D ( 'NONE', #2582, #1822, #2439 ) ;
#2000 = CALENDAR_DATE ( 2026, 19, 8 ) ;
#2001 = CARTESIAN_POINT ( 'NONE',  ( -20.56328893980571593, 7.000000000000000888, -31.48816776128165174 ) ) ;
#2002 = CARTESIAN_POINT ( 'NONE',  ( -16.85812438525117329, 7.000000000000000888, -15.54139557624695200 ) ) ;
#2003 = VECTOR ( 'NONE', #1446, 1000.000000000000000 ) ;
#2004 = ORIENTED_EDGE ( 'NONE', *, *, #2591, .T. ) ;
#2005 = LINE ( 'NONE', #413, #638 ) ;
#2006 = VECTOR ( 'NONE', #1334, 1000.000000000000000 ) ;
#2007 = DIRECTION ( 'NONE',  ( 0.000000000000000000, 1.000000000000000000, 0.000000000000000000 ) ) ;
#2008 = ORIENTED_EDGE ( 'NONE', *, *, #1298, .F. ) ;
#2009 = CIRCLE ( 'NONE', #548, 2.100000000000000977 ) ;
#2010 = AXIS2_PLACEMENT_3D ( 'NONE', #568, #1357, #306 ) ;
#2011 = EDGE_CURVE ( 'NONE', #821, #466, #1348, .T. ) ;
#2012 = CIRCLE ( 'NONE', #2312, 1.500000000000001332 ) ;
#2013 = VERTEX_POINT ( 'NONE', #1152 ) ;
#2014 = ADVANCED_FACE ( 'NONE', ( #2546 ), #2136, .T. ) ;
#2015 = VECTOR ( 'NONE', #18, 1000.000000000000000 ) ;
#2016 = EDGE_CURVE ( 'NONE', #1049, #1089, #431, .T. ) ;
#2017 = ORIENTED_EDGE ( 'NONE', *, *, #1421, .F. ) ;
#2018 = CARTESIAN_POINT ( 'NONE',  ( 6.647408470588890950, 36.19379364328256088, -14.00000000000000178 ) ) ;
#2019 = CARTESIAN_POINT ( 'NONE',  ( 29.02536353557232829, 17.00000000000000000, 16.51126332720839329 ) ) ;
#2020 = VERTEX_POINT ( 'NONE', #1966 ) ;
#2021 = CARTESIAN_POINT ( 'NONE',  ( 6.647408470588890950, -20.99999999999870681, -14.00000000000000178 ) ) ;
#2022 = ORIENTED_EDGE ( 'NONE', *, *, #1589, .F. ) ;
#2023 = DIRECTION ( 'NONE',  ( 0.000000000000000000, 0.000000000000000000, -1.000000000000000000 ) ) ;
#2024 = DIRECTION ( 'NONE',  ( 0.000000000000000000, 0.000000000000000000, -1.000000000000000000 ) ) ;
#2025 = EDGE_CURVE ( 'NONE', #446, #1464, #929, .T. ) ;
#2026 = DIRECTION ( 'NONE',  ( 0.000000000000000000, -0.000000000000000000, -1.000000000000000000 ) ) ;
#2027 = DIRECTION ( 'NONE',  ( 0.000000000000000000, 0.000000000000000000, -1.000000000000000000 ) ) ;
#2028 = ORIENTED_EDGE ( 'NONE', *, *, #1613, .T. ) ;
#2029 = DIRECTION ( 'NONE',  ( 0.000000000000000000, -1.000000000000000000, 0.000000000000000000 ) ) ;
#2030 = CARTESIAN_POINT ( 'NONE',  ( 14.90740847058888718, -20.99999999999870681, -17.23000000000000043 ) ) ;
#2031 = ORIENTED_EDGE ( 'NONE', *, *, #38, .T. ) ;
#2032 = EDGE_LOOP ( 'NONE', ( #1409, #1472, #712, #2610 ) ) ;
#2033 = ORIENTED_EDGE ( 'NONE', *, *, #1189, .T. ) ;
#2034 = DIRECTION ( 'NONE',  ( 1.000000000000000000, 0.000000000000000000, -0.000000000000000000 ) ) ;
#2035 = CARTESIAN_POINT ( 'NONE',  ( -3.252591529411106741, 27.00000000000000355, -14.00000000000000178 ) ) ;
#2036 = CARTESIAN_POINT ( 'NONE',  ( -11.51062046810096717, -20.99999999999870681, 17.23182617984501519 ) ) ;
#2037 = VERTEX_POINT ( 'NONE', #2165 ) ;
#2038 = CARTESIAN_POINT ( 'NONE',  ( -5.552591529411106563, 8.000000000000001776, -14.00000000000000178 ) ) ;
#2039 = ORIENTED_EDGE ( 'NONE', *, *, #699, .F. ) ;
#2040 = EDGE_CURVE ( 'NONE', #1795, #1647, #2045, .T. ) ;
#2041 = CARTESIAN_POINT ( 'NONE',  ( -5.552591529411111004, 27.00000000000000355, 9.499999999999996447 ) ) ;
#2042 = EDGE_CURVE ( 'NONE', #950, #24, #1284, .T. ) ;
#2043 = DIRECTION ( 'NONE',  ( 0.000000000000000000, 0.000000000000000000, -1.000000000000000000 ) ) ;
#2044 = VERTEX_POINT ( 'NONE', #2559 ) ;
#2045 = CIRCLE ( 'NONE', #721, 3.599999999999999201 ) ;
#2046 = CARTESIAN_POINT ( 'NONE',  ( 17.24187630448997410, -20.99999999999870681, -18.78819207543801895 ) ) ;
#2047 = VERTEX_POINT ( 'NONE', #2150 ) ;
#2048 = AXIS2_PLACEMENT_3D ( 'NONE', #1092, #1909, #2583 ) ;
#2049 = FACE_OUTER_BOUND ( 'NONE', #1761, .T. ) ;
#2050 = ORIENTED_EDGE ( 'NONE', *, *, #2226, .F. ) ;
#2051 = VECTOR ( 'NONE', #1797, 1000.000000000000000 ) ;
#2052 = CARTESIAN_POINT ( 'NONE',  ( 8.947408470588888107, -20.99999999999870681, 9.499999999999996447 ) ) ;
#2053 = DIRECTION ( 'NONE',  ( 0.000000000000000000, 0.000000000000000000, -1.000000000000000000 ) ) ;
#2054 = ORIENTED_EDGE ( 'NONE', *, *, #1068, .T. ) ;
#2055 = ADVANCED_FACE ( 'NONE', ( #2183 ), #2198, .F. ) ;
#2056 = CARTESIAN_POINT ( 'NONE',  ( 13.45464070137347790, -20.99999999999870681, 6.120611284515575790 ) ) ;
#2057 = VERTEX_POINT ( 'NONE', #1183 ) ;
#2058 = LINE ( 'NONE', #2253, #85 ) ;
#2059 = APPLICATION_CONTEXT ( 'configuration controlled 3d designs of mechanical parts and assemblies' ) ;
#2060 = ORIENTED_EDGE ( 'NONE', *, *, #1654, .F. ) ;
#2061 = ORIENTED_EDGE ( 'NONE', *, *, #433, .T. ) ;
#2062 = FACE_OUTER_BOUND ( 'NONE', #1428, .T. ) ;
#2063 = VERTEX_POINT ( 'NONE', #309 ) ;
#2064 = LINE ( 'NONE', #242, #854 ) ;
#2065 = DIRECTION ( 'NONE',  ( -1.000000000000000000, 0.000000000000000000, 0.000000000000000000 ) ) ;
#2066 = ADVANCED_FACE ( 'NONE', ( #506 ), #323, .F. ) ;
#2067 = ORIENTED_EDGE ( 'NONE', *, *, #1307, .F. ) ;
#2068 = CARTESIAN_POINT ( 'NONE',  ( 0.000000000000000000, 8.000000000000001776, 0.000000000000000000 ) ) ;
#2069 = EDGE_CURVE ( 'NONE', #1944, #909, #1073, .T. ) ;
#2070 = EDGE_LOOP ( 'NONE', ( #1091, #280, #1354, #776 ) ) ;
#2071 = PLANE ( 'NONE',  #1074 ) ;
#2072 = MANIFOLD_SOLID_BREP ( 'Cortar-Extruir37', #1101 ) ;
#2073 = CARTESIAN_POINT ( 'NONE',  ( 8.947408470588888107, -20.99999999999870681, 9.499999999999996447 ) ) ;
#2074 = CARTESIAN_POINT ( 'NONE',  ( -20.56328893980571948, 17.00000000000000000, -36.48816776128165174 ) ) ;
#2075 = VECTOR ( 'NONE', #858, 1000.000000000000000 ) ;
#2076 = ORIENTED_EDGE ( 'NONE', *, *, #1481, .F. ) ;
#2077 = DIRECTION ( 'NONE',  ( 0.000000000000000000, 0.000000000000000000, 1.000000000000000000 ) ) ;
#2078 = VECTOR ( 'NONE', #2321, 1000.000000000000000 ) ;
#2079 = DIRECTION ( 'NONE',  ( 0.000000000000000000, 0.000000000000000000, 1.000000000000000000 ) ) ;
#2080 = AXIS2_PLACEMENT_3D ( 'NONE', #823, #2286, #1069 ) ;
#2081 = AXIS2_PLACEMENT_3D ( 'NONE', #1269, #1889, #75 ) ;
#2082 = EDGE_CURVE ( 'NONE', #1611, #1941, #937, .T. ) ;
#2083 = ORIENTED_EDGE ( 'NONE', *, *, #2629, .T. ) ;
#2084 = CARTESIAN_POINT ( 'NONE',  ( 15.19740847058888811, -5.999999999998707700, 7.979999999999997762 ) ) ;
#2085 = VECTOR ( 'NONE', #1581, 1000.000000000000000 ) ;
#2086 = APPROVAL_STATUS ( 'not_yet_approved' ) ;
#2087 = VERTEX_POINT ( 'NONE', #166 ) ;
#2088 = EDGE_CURVE ( 'NONE', #97, #772, #975, .T. ) ;
#2089 = CIRCLE ( 'NONE', #935, 3.599999999999999201 ) ;
#2090 = ORIENTED_EDGE ( 'NONE', *, *, #1381, .T. ) ;
#2091 = AXIS2_PLACEMENT_3D ( 'NONE', #994, #2627, #1028 ) ;
#2092 = CYLINDRICAL_SURFACE ( 'NONE', #562, 1.500000000000001332 ) ;
#2093 = CARTESIAN_POINT ( 'NONE',  ( -5.552591529411107452, 8.000000000000001776, -9.500000000000001776 ) ) ;
#2094 = EDGE_CURVE ( 'NONE', #1281, #947, #1321, .T. ) ;
#2095 = CARTESIAN_POINT ( 'NONE',  ( -21.56328893980571593, 22.00000000000000711, 16.51126332720840040 ) ) ;
#2096 = VERTEX_POINT ( 'NONE', #1534 ) ;
#2097 = CARTESIAN_POINT ( 'NONE',  ( -25.56328893980571593, 17.00000000000000000, 0.000000000000000000 ) ) ;
#2098 = VECTOR ( 'NONE', #2596, 1000.000000000000227 ) ;
#2099 = ORIENTED_EDGE ( 'NONE', *, *, #74, .T. ) ;
#2100 = DIRECTION ( 'NONE',  ( -0.000000000000000000, 1.000000000000000000, -0.000000000000000000 ) ) ;
#2101 = ORIENTED_EDGE ( 'NONE', *, *, #826, .F. ) ;
#2102 = PLANE ( 'NONE',  #11 ) ;
#2103 = EDGE_LOOP ( 'NONE', ( #1059, #2443, #1513, #406 ) ) ;
#2104 = EDGE_CURVE ( 'NONE', #1049, #1042, #1759, .T. ) ;
#2105 = FACE_OUTER_BOUND ( 'NONE', #2322, .T. ) ;
#2106 = DIRECTION ( 'NONE',  ( -0.000000000000000000, -1.000000000000000000, 0.000000000000000000 ) ) ;
#2107 = CARTESIAN_POINT ( 'NONE',  ( 24.02536353557232829, 17.00000000000000000, 36.51126332720839684 ) ) ;
#2108 = EDGE_LOOP ( 'NONE', ( #1577, #301 ) ) ;
#2109 = LINE ( 'NONE', #496, #13 ) ;
#2110 = CARTESIAN_POINT ( 'NONE',  ( 9.947408470588888107, 36.19379364328256088, 9.499999999999996447 ) ) ;
#2111 = ORIENTED_EDGE ( 'NONE', *, *, #1116, .F. ) ;
#2112 = LINE ( 'NONE', #1917, #2420 ) ;
#2113 = CARTESIAN_POINT ( 'NONE',  ( 0.000000000000000000, 17.00000000000000000, 0.000000000000000000 ) ) ;
#2114 = DIRECTION ( 'NONE',  ( 0.000000000000000000, 0.000000000000000000, -1.000000000000000000 ) ) ;
#2115 = DIRECTION ( 'NONE',  ( -1.000000000000000000, 0.000000000000000000, -0.000000000000000000 ) ) ;
#2116 = LINE ( 'NONE', #239, #2348 ) ;
#2117 = CYLINDRICAL_SURFACE ( 'NONE', #2175, 2.199999999999998845 ) ;
#2118 = CC_DESIGN_PERSON_AND_ORGANIZATION_ASSIGNMENT ( #828, #438, ( #995 ) ) ;
#2119 = VERTEX_POINT ( 'NONE', #525 ) ;
#2120 = CARTESIAN_POINT ( 'NONE',  ( -5.552591529411106563, 8.000000000000000000, -14.00000000000000178 ) ) ;
#2121 = LINE ( 'NONE', #294, #2424 ) ;
#2122 = ADVANCED_FACE ( 'NONE', ( #1950 ), #125, .T. ) ;
#2123 = VECTOR ( 'NONE', #1485, 1000.000000000000000 ) ;
#2124 = LINE ( 'NONE', #1698, #252 ) ;
#2125 = VECTOR ( 'NONE', #2530, 1000.000000000000000 ) ;
#2126 = ORIENTED_EDGE ( 'NONE', *, *, #901, .T. ) ;
#2127 = DIRECTION ( 'NONE',  ( -1.239088197126290817E-16, 0.000000000000000000, 1.000000000000000000 ) ) ;
#2128 = VECTOR ( 'NONE', #998, 1000.000000000000000 ) ;
#2129 = VERTEX_POINT ( 'NONE', #1170 ) ;
#2130 = CARTESIAN_POINT ( 'NONE',  ( 29.02536353557232829, 17.00000000000000000, 16.51126332720839329 ) ) ;
#2131 = AXIS2_PLACEMENT_3D ( 'NONE', #780, #224, #1230 ) ;
#2132 = CARTESIAN_POINT ( 'NONE',  ( -20.56328893980571593, 17.00000000000000000, 31.51126332720839684 ) ) ;
#2133 = DIRECTION ( 'NONE',  ( -0.000000000000000000, -1.000000000000000000, -0.000000000000000000 ) ) ;
#2134 = ORIENTED_EDGE ( 'NONE', *, *, #1006, .T. ) ;
#2135 = AXIS2_PLACEMENT_3D ( 'NONE', #2414, #377, #580 ) ;
#2136 = PLANE ( 'NONE',  #556 ) ;
#2137 = VECTOR ( 'NONE', #1858, 1000.000000000000000 ) ;
#2138 = CARTESIAN_POINT ( 'NONE',  ( 13.45464070137347790, 6.999999999999999112, -5.099843831370520775 ) ) ;
#2139 =( GEOMETRIC_REPRESENTATION_CONTEXT ( 3 ) GLOBAL_UNCERTAINTY_ASSIGNED_CONTEXT ( ( #689 ) ) GLOBAL_UNIT_ASSIGNED_CONTEXT ( ( #208, #567, #1823 ) ) REPRESENTATION_CONTEXT ( 'NONE', 'WORKASPACE' ) );
#2140 = EDGE_CURVE ( 'NONE', #215, #489, #2380, .T. ) ;
#2141 = DIRECTION ( 'NONE',  ( 1.000000000000000000, -0.000000000000000000, 0.000000000000000000 ) ) ;
#2142 = DIRECTION ( 'NONE',  ( 0.000000000000000000, 1.000000000000000000, 0.000000000000000000 ) ) ;
#2143 = EDGE_CURVE ( 'NONE', #1047, #2573, #2005, .T. ) ;
#2144 = DIRECTION ( 'NONE',  ( 0.9999999999999773515, 0.000000000000000000, 2.124330606390560108E-07 ) ) ;
#2145 = ORIENTED_EDGE ( 'NONE', *, *, #2040, .T. ) ;
#2146 = LINE ( 'NONE', #317, #2592 ) ;
#2147 = LINE ( 'NONE', #2130, #1456 ) ;
#2148 = FACE_OUTER_BOUND ( 'NONE', #2417, .T. ) ;
#2149 = ORIENTED_EDGE ( 'NONE', *, *, #1322, .T. ) ;
#2150 = CARTESIAN_POINT ( 'NONE',  ( 2.827343996733970855, 12.20000000000000284, 32.11180446190593329 ) ) ;
#2151 = FACE_OUTER_BOUND ( 'NONE', #1616, .T. ) ;
#2152 = LINE ( 'NONE', #931, #2085 ) ;
#2153 = EDGE_CURVE ( 'NONE', #1256, #382, #598, .T. ) ;
#2154 = CARTESIAN_POINT ( 'NONE',  ( 8.947408470588888107, 22.00000000000000355, 11.25000000000000000 ) ) ;
#2155 = VERTEX_POINT ( 'NONE', #2237 ) ;
#2156 = VERTEX_POINT ( 'NONE', #784 ) ;
#2157 = EDGE_CURVE ( 'NONE', #1464, #732, #988, .T. ) ;
#2158 = VERTEX_POINT ( 'NONE', #179 ) ;
#2159 = CARTESIAN_POINT ( 'NONE',  ( -11.80009643157006316, 22.00000000000000355, 5.800866734510581324 ) ) ;
#2160 = FACE_BOUND ( 'NONE', #803, .T. ) ;
#2161 = FACE_BOUND ( 'NONE', #1350, .T. ) ;
#2162 = VERTEX_POINT ( 'NONE', #6 ) ;
#2163 = CARTESIAN_POINT ( 'NONE',  ( -6.552591529411107452, 8.000000000000000000, -9.500000000000001776 ) ) ;
#2164 = ORIENTED_EDGE ( 'NONE', *, *, #2294, .T. ) ;
#2165 = CARTESIAN_POINT ( 'NONE',  ( -11.51062046810096717, -11.19999999999870788, 17.23182617984501519 ) ) ;
#2166 = DIRECTION ( 'NONE',  ( -1.239088197126290817E-16, -0.000000000000000000, 1.000000000000000000 ) ) ;
#2167 = ORIENTED_EDGE ( 'NONE', *, *, #1912, .T. ) ;
#2168 = CARTESIAN_POINT ( 'NONE',  ( 8.947408470588888107, 8.000000000000000000, 9.499999999999996447 ) ) ;
#2169 = ORIENTED_EDGE ( 'NONE', *, *, #984, .F. ) ;
#2170 = EDGE_CURVE ( 'NONE', #872, #2374, #1665, .T. ) ;
#2171 = CIRCLE ( 'NONE', #1576, 4.000000000000000000 ) ;
#2172 = DIRECTION ( 'NONE',  ( 0.000000000000000000, 0.000000000000000000, -1.000000000000000000 ) ) ;
#2173 = ORIENTED_EDGE ( 'NONE', *, *, #445, .F. ) ;
#2174 = DIRECTION ( 'NONE',  ( 0.000000000000000000, -1.000000000000000000, 0.000000000000000000 ) ) ;
#2175 = AXIS2_PLACEMENT_3D ( 'NONE', #903, #2571, #82 ) ;
#2176 = DIRECTION ( 'NONE',  ( -0.000000000000000000, -1.000000000000000000, -0.000000000000000000 ) ) ;
#2177 = EDGE_CURVE ( 'NONE', #472, #1910, #1438, .T. ) ;
#2178 = CARTESIAN_POINT ( 'NONE',  ( -3.252591529411110294, 27.00000000000000355, 13.99999999999999822 ) ) ;
#2179 = AXIS2_PLACEMENT_3D ( 'NONE', #2217, #1781, #605 ) ;
#2180 = PLANE ( 'NONE',  #933 ) ;
#2181 = EDGE_LOOP ( 'NONE', ( #2039, #2314 ) ) ;
#2182 = AXIS2_PLACEMENT_3D ( 'NONE', #1543, #1144, #517 ) ;
#2183 = FACE_OUTER_BOUND ( 'NONE', #273, .T. ) ;
#2184 = EDGE_CURVE ( 'NONE', #2129, #215, #1827, .T. ) ;
#2185 = VECTOR ( 'NONE', #1313, 1000.000000000000000 ) ;
#2186 = VERTEX_POINT ( 'NONE', #1399 ) ;
#2187 = VECTOR ( 'NONE', #1066, 1000.000000000000000 ) ;
#2188 = CYLINDRICAL_SURFACE ( 'NONE', #1276, 2.558020616099739186 ) ;
#2189 = PRODUCT_DEFINITION_FORMATION_WITH_SPECIFIED_SOURCE ( 'ANY', '', #1820, .NOT_KNOWN. ) ;
#2190 = DIRECTION ( 'NONE',  ( 9.130123557772670799E-17, 0.000000000000000000, -1.000000000000000000 ) ) ;
#2191 = LINE ( 'NONE', #499, #2185 ) ;
#2192 = ORIENTED_EDGE ( 'NONE', *, *, #2276, .T. ) ;
#2193 = CARTESIAN_POINT ( 'NONE',  ( -11.80009643157006316, 6.999999999999999112, 8.358887350610320510 ) ) ;
#2194 = DIRECTION ( 'NONE',  ( 0.000000000000000000, 1.000000000000000000, -0.000000000000000000 ) ) ;
#2195 = VERTEX_POINT ( 'NONE', #1245 ) ;
#2196 = EDGE_LOOP ( 'NONE', ( #2240, #78 ) ) ;
#2197 = EDGE_CURVE ( 'NONE', #1710, #1065, #2220, .T. ) ;
#2198 = PLANE ( 'NONE',  #1791 ) ;
#2199 = CARTESIAN_POINT ( 'NONE',  ( -16.85813168300090581, 9.121320463748251228, 18.81180102049079750 ) ) ;
#2200 = EDGE_LOOP ( 'NONE', ( #746, #2568, #2403, #2339 ) ) ;
#2201 = EDGE_CURVE ( 'NONE', #237, #1501, #211, .T. ) ;
#2202 = CARTESIAN_POINT ( 'NONE',  ( 2.827357753390421280, 17.00000000000000000, -28.48819553809244809 ) ) ;
#2203 = VERTEX_POINT ( 'NONE', #192 ) ;
#2204 = DIRECTION ( 'NONE',  ( 0.000000000000000000, 0.000000000000000000, -1.000000000000000000 ) ) ;
#2205 = APPROVAL_ROLE ( '' ) ;
#2206 = DIRECTION ( 'NONE',  ( 0.000000000000000000, 1.000000000000000000, 0.000000000000000000 ) ) ;
#2207 = ORIENTED_EDGE ( 'NONE', *, *, #2629, .F. ) ;
#2208 = VERTEX_POINT ( 'NONE', #607 ) ;
#2209 = DIRECTION ( 'NONE',  ( 0.000000000000000000, 0.000000000000000000, -1.000000000000000000 ) ) ;
#2210 = ORIENTED_EDGE ( 'NONE', *, *, #1258, .F. ) ;
#2211 = EDGE_CURVE ( 'NONE', #1647, #1795, #1752, .T. ) ;
#2212 = ADVANCED_FACE ( 'NONE', ( #2450 ), #2260, .F. ) ;
#2213 = ORIENTED_EDGE ( 'NONE', *, *, #23, .F. ) ;
#2214 = DIRECTION ( 'NONE',  ( 0.000000000000000000, -0.000000000000000000, 1.000000000000000000 ) ) ;
#2215 = AXIS2_PLACEMENT_3D ( 'NONE', #399, #986, #2023 ) ;
#2216 = CARTESIAN_POINT ( 'NONE',  ( -6.552591529411110116, 8.000000000000001776, 9.499999999999996447 ) ) ;
#2217 = CARTESIAN_POINT ( 'NONE',  ( -11.80009643157009513, 22.00000000000000355, -7.982764570050093766 ) ) ;
#2218 = CIRCLE ( 'NONE', #1404, 2.199999999999998845 ) ;
#2219 = ORIENTED_EDGE ( 'NONE', *, *, #328, .F. ) ;
#2220 = LINE ( 'NONE', #2018, #2137 ) ;
#2221 = AXIS2_PLACEMENT_3D ( 'NONE', #135, #942, #1430 ) ;
#2222 = CARTESIAN_POINT ( 'NONE',  ( -16.85813183170387219, -20.99999999999870681, 19.51180068059871431 ) ) ;
#2223 = ORIENTED_EDGE ( 'NONE', *, *, #2354, .F. ) ;
#2224 = AXIS2_PLACEMENT_3D ( 'NONE', #558, #362, #2043 ) ;
#2225 = AXIS2_PLACEMENT_3D ( 'NONE', #2178, #162, #521 ) ;
#2226 = EDGE_CURVE ( 'NONE', #2044, #2155, #1233, .T. ) ;
#2227 = AXIS2_PLACEMENT_3D ( 'NONE', #1942, #1739, #936 ) ;
#2228 = VECTOR ( 'NONE', #238, 1000.000000000000000 ) ;
#2229 = ORIENTED_EDGE ( 'NONE', *, *, #2432, .F. ) ;
#2230 = EDGE_CURVE ( 'NONE', #1065, #240, #596, .T. ) ;
#2231 = AXIS2_PLACEMENT_3D ( 'NONE', #2035, #2024, #2421 ) ;
#2232 = CALENDAR_DATE ( 2026, 19, 8 ) ;
#2233 = ORIENTED_EDGE ( 'NONE', *, *, #1322, .F. ) ;
#2234 = CARTESIAN_POINT ( 'NONE',  ( -20.56328893980569816, 7.000000000000000888, -36.48816776128165174 ) ) ;
#2235 = CARTESIAN_POINT ( 'NONE',  ( -25.56328893980571593, 22.00000000000000355, -10.08816776128166737 ) ) ;
#2236 = ORIENTED_EDGE ( 'NONE', *, *, #1405, .T. ) ;
#2237 = CARTESIAN_POINT ( 'NONE',  ( 8.947408470588891660, 8.000000000000000000, -14.00000000000000178 ) ) ;
#2238 = CARTESIAN_POINT ( 'NONE',  ( 6.647408470588887397, 36.19379364328256088, 13.99999999999999822 ) ) ;
#2239 = DIRECTION ( 'NONE',  ( -0.000000000000000000, -1.000000000000000000, -0.000000000000000000 ) ) ;
#2240 = ORIENTED_EDGE ( 'NONE', *, *, #141, .T. ) ;
#2241 = PRODUCT_RELATED_PRODUCT_CATEGORY ( 'detail', '', ( #1820 ) ) ;
#2242 = ORIENTED_EDGE ( 'NONE', *, *, #862, .F. ) ;
#2243 = CARTESIAN_POINT ( 'NONE',  ( 13.45464070137347790, -20.99999999999870681, -2.541823215270790914 ) ) ;
#2244 = CARTESIAN_POINT ( 'NONE',  ( -16.41878433171186913, 7.000000000000001776, -16.60205565469651745 ) ) ;
#2245 = FACE_OUTER_BOUND ( 'NONE', #1764, .T. ) ;
#2246 = EDGE_LOOP ( 'NONE', ( #2509, #2149, #1893, #183, #2429, #1865, #2607, #1804 ) ) ;
#2247 = DIRECTION ( 'NONE',  ( -0.000000000000000000, 1.000000000000000000, -0.000000000000000000 ) ) ;
#2248 = CARTESIAN_POINT ( 'NONE',  ( 2.827343996733970855, 12.20000000000000284, 28.51180446190593187 ) ) ;
#2249 = EDGE_LOOP ( 'NONE', ( #1478, #461, #1605, #1011 ) ) ;
#2250 = DIRECTION ( 'NONE',  ( 0.000000000000000000, -0.000000000000000000, -1.000000000000000000 ) ) ;
#2251 = DIRECTION ( 'NONE',  ( 0.000000000000000000, -1.000000000000000000, 0.000000000000000000 ) ) ;
#2252 = ORIENTED_EDGE ( 'NONE', *, *, #2157, .F. ) ;
#2253 = CARTESIAN_POINT ( 'NONE',  ( -21.56328893980571593, 17.00000000000000000, -20.48816776128164463 ) ) ;
#2254 = APPLICATION_PROTOCOL_DEFINITION ( 'international standard', 'config_control_design', 1994, #970 ) ;
#2255 = ORIENTED_EDGE ( 'NONE', *, *, #1098, .T. ) ;
#2256 = CARTESIAN_POINT ( 'NONE',  ( 2.607235636138801710E-15, 17.00000000000000000, 20.51126332720839684 ) ) ;
#2257 = FACE_BOUND ( 'NONE', #960, .T. ) ;
#2258 = EDGE_LOOP ( 'NONE', ( #878, #2302 ) ) ;
#2259 = EDGE_CURVE ( 'NONE', #489, #1501, #426, .T. ) ;
#2260 = CYLINDRICAL_SURFACE ( 'NONE', #1213, 2.558020616099738298 ) ;
#2261 = VECTOR ( 'NONE', #1585, 1000.000000000000000 ) ;
#2262 = CARTESIAN_POINT ( 'NONE',  ( 17.24186831699867994, -20.99999999999870681, 18.81180792457130124 ) ) ;
#2263 = VERTEX_POINT ( 'NONE', #1222 ) ;
#2264 = CIRCLE ( 'NONE', #1106, 1.500000000000192069 ) ;
#2265 = CIRCLE ( 'NONE', #513, 2.558020616099738298 ) ;
#2266 = AXIS2_PLACEMENT_3D ( 'NONE', #1105, #2528, #41 ) ;
#2267 = DIRECTION ( 'NONE',  ( 0.000000000000000000, -1.000000000000000000, 0.000000000000000000 ) ) ;
#2268 = ORIENTED_EDGE ( 'NONE', *, *, #293, .T. ) ;
#2269 = AXIS2_PLACEMENT_3D ( 'NONE', #1549, #533, #2574 ) ;
#2270 = FACE_OUTER_BOUND ( 'NONE', #1997, .T. ) ;
#2271 = CIRCLE ( 'NONE', #519, 2.558020616099739186 ) ;
#2272 = DIRECTION ( 'NONE',  ( 0.000000000000000000, -1.000000000000000000, 0.000000000000000000 ) ) ;
#2273 = VERTEX_POINT ( 'NONE', #1043 ) ;
#2274 = CARTESIAN_POINT ( 'NONE',  ( -3.252591529411109850, -20.99999999999870681, 11.25000000000000000 ) ) ;
#2275 = CARTESIAN_POINT ( 'NONE',  ( -3.252591529411107185, -20.99999999999870681, -11.25000000000000000 ) ) ;
#2276 = EDGE_CURVE ( 'NONE', #1084, #659, #304, .T. ) ;
#2277 = ORIENTED_EDGE ( 'NONE', *, *, #703, .T. ) ;
#2278 = EDGE_CURVE ( 'NONE', #1697, #2087, #404, .T. ) ;
#2279 = CARTESIAN_POINT ( 'NONE',  ( -3.252591529411111182, 8.000000000000000000, 11.25000000000000000 ) ) ;
#2280 = EDGE_LOOP ( 'NONE', ( #1639, #972, #1783, #722 ) ) ;
#2281 = PLANE ( 'NONE',  #585 ) ;
#2282 = ORIENTED_EDGE ( 'NONE', *, *, #1486, .F. ) ;
#2283 = EDGE_LOOP ( 'NONE', ( #1261, #1003 ) ) ;
#2284 = DIRECTION ( 'NONE',  ( 1.156482317317871478E-16, 0.000000000000000000, -1.000000000000000000 ) ) ;
#2285 = CARTESIAN_POINT ( 'NONE',  ( -11.80009643157009513, 6.999999999999999112, -7.982764570050093766 ) ) ;
#2286 = DIRECTION ( 'NONE',  ( 0.000000000000000000, -1.000000000000000000, 0.000000000000000000 ) ) ;
#2287 = EDGE_LOOP ( 'NONE', ( #206, #3 ) ) ;
#2288 = CARTESIAN_POINT ( 'NONE',  ( -12.11131995236975634, 7.000000000000000888, -18.78819831102306637 ) ) ;
#2289 = ADVANCED_FACE ( 'NONE', ( #834 ), #1629, .T. ) ;
#2290 = EDGE_CURVE ( 'NONE', #1234, #2614, #1303, .T. ) ;
#2291 = PLANE ( 'NONE',  #2081 ) ;
#2292 = ORIENTED_EDGE ( 'NONE', *, *, #876, .F. ) ;
#2293 = DIRECTION ( 'NONE',  ( 0.000000000000000000, 0.000000000000000000, 1.000000000000000000 ) ) ;
#2294 = EDGE_CURVE ( 'NONE', #2195, #2374, #645, .T. ) ;
#2295 = ORIENTED_EDGE ( 'NONE', *, *, #733, .F. ) ;
#2296 = CARTESIAN_POINT ( 'NONE',  ( 2.827357753390421280, 12.20000000000000284, -28.48819553809244809 ) ) ;
#2297 = EDGE_LOOP ( 'NONE', ( #1221, #285, #1102, #1300 ) ) ;
#2298 = DIRECTION ( 'NONE',  ( -0.000000000000000000, 1.000000000000000000, -0.000000000000000000 ) ) ;
#2299 = DIRECTION ( 'NONE',  ( -1.000000000000000000, 0.000000000000000000, 0.000000000000000000 ) ) ;
#2300 = LINE ( 'NONE', #1280, #2386 ) ;
#2301 = AXIS2_PLACEMENT_3D ( 'NONE', #409, #1384, #2034 ) ;
#2302 = ORIENTED_EDGE ( 'NONE', *, *, #1502, .F. ) ;
#2303 = DIRECTION ( 'NONE',  ( 0.7071069313992867089, 0.000000000000000000, -0.7071066309737764621 ) ) ;
#2304 = CIRCLE ( 'NONE', #1614, 4.999999999999997335 ) ;
#2305 = CIRCLE ( 'NONE', #1067, 2.558020616099736522 ) ;
#2306 = DIRECTION ( 'NONE',  ( 0.000000000000000000, 1.000000000000000000, -0.000000000000000000 ) ) ;
#2307 = ORIENTED_EDGE ( 'NONE', *, *, #1017, .T. ) ;
#2308 = ADVANCED_FACE ( 'NONE', ( #1465 ), #2461, .T. ) ;
#2309 = DIRECTION ( 'NONE',  ( 0.000000000000000000, -0.000000000000000000, -1.000000000000000000 ) ) ;
#2310 = APPROVAL_DATE_TIME ( #2471, #1645 ) ;
#2311 = ORIENTED_EDGE ( 'NONE', *, *, #368, .T. ) ;
#2312 = AXIS2_PLACEMENT_3D ( 'NONE', #2288, #1685, #1056 ) ;
#2313 = ADVANCED_FACE ( 'NONE', ( #1504 ), #633, .F. ) ;
#2314 = ORIENTED_EDGE ( 'NONE', *, *, #38, .F. ) ;
#2315 = VECTOR ( 'NONE', #1802, 1000.000000000000000 ) ;
#2316 = DIRECTION ( 'NONE',  ( -0.000000000000000000, -1.000000000000000000, -0.000000000000000000 ) ) ;
#2317 = VECTOR ( 'NONE', #708, 1000.000000000000000 ) ;
#2318 = ORIENTED_EDGE ( 'NONE', *, *, #170, .T. ) ;
#2319 = CARTESIAN_POINT ( 'NONE',  ( 14.90740847058888718, -5.999999999998707700, -17.23000000000000043 ) ) ;
#2320 = ORIENTED_EDGE ( 'NONE', *, *, #155, .T. ) ;
#2321 = DIRECTION ( 'NONE',  ( 1.239088197126290817E-16, 0.000000000000000000, -1.000000000000000000 ) ) ;
#2322 = EDGE_LOOP ( 'NONE', ( #1774, #682, #2506, #2028 ) ) ;
#2323 = DIRECTION ( 'NONE',  ( 0.000000000000000000, 1.000000000000000000, 0.000000000000000000 ) ) ;
#2324 = VERTEX_POINT ( 'NONE', #2515 ) ;
#2325 = DIRECTION ( 'NONE',  ( -0.000000000000000000, 1.000000000000000000, -0.000000000000000000 ) ) ;
#2326 = FACE_OUTER_BOUND ( 'NONE', #390, .T. ) ;
#2327 = CARTESIAN_POINT ( 'NONE',  ( -3.252591529411110294, -20.99999999999870681, 13.99999999999999822 ) ) ;
#2328 = ORIENTED_EDGE ( 'NONE', *, *, #571, .F. ) ;
#2329 = LINE ( 'NONE', #2097, #302 ) ;
#2330 = ADVANCED_FACE ( 'NONE', ( #685 ), #40, .F. ) ;
#2331 = LINE ( 'NONE', #1927, #207 ) ;
#2332 = PLANE ( 'NONE',  #1620 ) ;
#2333 = CARTESIAN_POINT ( 'NONE',  ( 29.02536353557232829, 22.00000000000000000, 16.51126332720839329 ) ) ;
#2334 = LINE ( 'NONE', #2581, #516 ) ;
#2335 = ORIENTED_EDGE ( 'NONE', *, *, #8, .T. ) ;
#2336 = DIRECTION ( 'NONE',  ( -0.000000000000000000, -1.000000000000000000, -0.000000000000000000 ) ) ;
#2337 = DIRECTION ( 'NONE',  ( -0.000000000000000000, 1.000000000000000000, -0.000000000000000000 ) ) ;
#2338 = PLANE ( 'NONE',  #1362 ) ;
#2339 = ORIENTED_EDGE ( 'NONE', *, *, #2436, .F. ) ;
#2340 = CARTESIAN_POINT ( 'NONE',  ( -2.604299903631231817E-15, 17.00000000000000000, -20.48816776128164818 ) ) ;
#2341 = FACE_OUTER_BOUND ( 'NONE', #37, .T. ) ;
#2342 = EDGE_CURVE ( 'NONE', #424, #2364, #1292, .T. ) ;
#2343 = VECTOR ( 'NONE', #1874, 1000.000000000000000 ) ;
#2344 = DIRECTION ( 'NONE',  ( 0.000000000000000000, 1.000000000000000000, 0.000000000000000000 ) ) ;
#2345 = AXIS2_PLACEMENT_3D ( 'NONE', #2533, #1519, #2356 ) ;
#2346 = CARTESIAN_POINT ( 'NONE',  ( -25.56328893980571593, 17.00000000000000000, -16.48816776128164463 ) ) ;
#2347 = LINE ( 'NONE', #1356, #1844 ) ;
#2348 = VECTOR ( 'NONE', #2299, 1000.000000000000000 ) ;
#2349 = FACE_OUTER_BOUND ( 'NONE', #836, .T. ) ;
#2350 = FACE_OUTER_BOUND ( 'NONE', #1684, .T. ) ;
#2351 = ORIENTED_EDGE ( 'NONE', *, *, #1272, .F. ) ;
#2352 = VECTOR ( 'NONE', #853, 1000.000000000000000 ) ;
#2353 = CARTESIAN_POINT ( 'NONE',  ( 13.45464070137347790, 6.999999999999999112, 8.678631900615313199 ) ) ;
#2354 = EDGE_CURVE ( 'NONE', #329, #2087, #2487, .T. ) ;
#2355 = VECTOR ( 'NONE', #1958, 1000.000000000000000 ) ;
#2356 = DIRECTION ( 'NONE',  ( 0.000000000000000000, 0.000000000000000000, -1.000000000000000000 ) ) ;
#2357 = EDGE_CURVE ( 'NONE', #966, #792, #99, .T. ) ;
#2358 = DIRECTION ( 'NONE',  ( 0.000000000000000000, 0.000000000000000000, -1.000000000000000000 ) ) ;
#2359 = EDGE_LOOP ( 'NONE', ( #2134, #2004, #2408, #1809 ) ) ;
#2360 = CARTESIAN_POINT ( 'NONE',  ( 2.827343996733971299, 12.20000000000000284, 26.41180446190593045 ) ) ;
#2361 = CYLINDRICAL_SURFACE ( 'NONE', #2603, 3.599999999999999201 ) ;
#2362 = CARTESIAN_POINT ( 'NONE',  ( 13.45464070137347790, 6.999999999999999112, -7.657864447470250191 ) ) ;
#2363 = LINE ( 'NONE', #1305, #1447 ) ;
#2364 = VERTEX_POINT ( 'NONE', #2274 ) ;
#2365 = DIRECTION ( 'NONE',  ( 0.000000000000000000, 1.000000000000000000, 0.000000000000000000 ) ) ;
#2366 = PLANE ( 'NONE',  #1696 ) ;
#2367 = DIRECTION ( 'NONE',  ( 0.000000000000000000, 0.000000000000000000, -1.000000000000000000 ) ) ;
#2368 = VERTEX_POINT ( 'NONE', #846 ) ;
#2369 = ADVANCED_FACE ( 'NONE', ( #1866 ), #863, .F. ) ;
#2370 = CARTESIAN_POINT ( 'NONE',  ( 8.947408470588888107, 48.50000000000000000, 11.25000000000000000 ) ) ;
#2371 = DIRECTION ( 'NONE',  ( 0.000000000000000000, 0.000000000000000000, -1.000000000000000000 ) ) ;
#2372 = ADVANCED_FACE ( 'NONE', ( #2062 ), #2071, .F. ) ;
#2373 = ORIENTED_EDGE ( 'NONE', *, *, #2278, .T. ) ;
#2374 = VERTEX_POINT ( 'NONE', #1897 ) ;
#2375 = ADVANCED_FACE ( 'NONE', ( #450 ), #1263, .T. ) ;
#2376 = DIRECTION ( 'NONE',  ( 0.000000000000000000, 0.000000000000000000, 1.000000000000000000 ) ) ;
#2377 = DIRECTION ( 'NONE',  ( 0.000000000000000000, -0.000000000000000000, -1.000000000000000000 ) ) ;
#2378 = DIRECTION ( 'NONE',  ( 0.000000000000000000, 1.000000000000000000, 0.000000000000000000 ) ) ;
#2379 = ORIENTED_EDGE ( 'NONE', *, *, #189, .F. ) ;
#2380 = LINE ( 'NONE', #957, #1114 ) ;
#2381 = VERTEX_POINT ( 'NONE', #1666 ) ;
#2382 = FACE_OUTER_BOUND ( 'NONE', #1475, .T. ) ;
#2383 = CIRCLE ( 'NONE', #420, 2.559999999999999609 ) ;
#2384 = ADVANCED_FACE ( 'NONE', ( #2498 ), #2475, .T. ) ;
#2385 = LINE ( 'NONE', #767, #1312 ) ;
#2386 = VECTOR ( 'NONE', #1757, 1000.000000000000000 ) ;
#2387 = CARTESIAN_POINT ( 'NONE',  ( 2.827357753390421280, 1.060303038032997192, -28.48819553809244809 ) ) ;
#2388 = PLANE ( 'NONE',  #1158 ) ;
#2389 = ADVANCED_FACE ( 'NONE', ( #1489 ), #2092, .T. ) ;
#2390 = AXIS2_PLACEMENT_3D ( 'NONE', #693, #243, #1075 ) ;
#2391 = DIRECTION ( 'NONE',  ( 0.000000000000000000, 0.000000000000000000, -1.000000000000000000 ) ) ;
#2392 = ORIENTED_EDGE ( 'NONE', *, *, #380, .T. ) ;
#2393 = VECTOR ( 'NONE', #1023, 1000.000000000000000 ) ;
#2394 = DIRECTION ( 'NONE',  ( 0.000000000000000000, 0.000000000000000000, 1.000000000000000000 ) ) ;
#2395 = LINE ( 'NONE', #202, #1273 ) ;
#2396 = CIRCLE ( 'NONE', #1325, 4.000000000000000000 ) ;
#2397 = ORIENTED_EDGE ( 'NONE', *, *, #1353, .F. ) ;
#2398 = CIRCLE ( 'NONE', #184, 1.500000000000001332 ) ;
#2399 = DIRECTION ( 'NONE',  ( -1.000000000000000000, 0.000000000000000000, -0.000000000000000000 ) ) ;
#2400 = CARTESIAN_POINT ( 'NONE',  ( -25.56328893980571593, 17.00000000000000000, 0.000000000000000000 ) ) ;
#2401 = LINE ( 'NONE', #371, #1496 ) ;
#2402 = CARTESIAN_POINT ( 'NONE',  ( -21.56328893980571593, 17.00000000000000000, 20.51126332720840040 ) ) ;
#2403 = ORIENTED_EDGE ( 'NONE', *, *, #1929, .F. ) ;
#2404 = ORIENTED_EDGE ( 'NONE', *, *, #1289, .F. ) ;
#2405 = ADVANCED_FACE ( 'NONE', ( #2105 ), #277, .F. ) ;
#2406 = CARTESIAN_POINT ( 'NONE',  ( -11.51062046810096717, -11.19999999999870788, 15.03182617984501590 ) ) ;
#2407 = CARTESIAN_POINT ( 'NONE',  ( 8.947408470588888107, 22.00000000000000355, -11.25000000000000000 ) ) ;
#2408 = ORIENTED_EDGE ( 'NONE', *, *, #892, .T. ) ;
#2409 = DIRECTION ( 'NONE',  ( -0.000000000000000000, 1.000000000000000000, -0.000000000000000000 ) ) ;
#2410 = DATE_AND_TIME ( #2000, #1215 ) ;
#2411 = CYLINDRICAL_SURFACE ( 'NONE', #552, 4.000000000000000000 ) ;
#2412 = DIRECTION ( 'NONE',  ( 0.000000000000000000, -1.000000000000000000, 0.000000000000000000 ) ) ;
#2413 = ORIENTED_EDGE ( 'NONE', *, *, #1218, .T. ) ;
#2414 = CARTESIAN_POINT ( 'NONE',  ( 24.02536353557232829, 17.00000000000000000, -31.48816776128165174 ) ) ;
#2415 = CARTESIAN_POINT ( 'NONE',  ( 24.02536353557232829, 0.000000000000000000, -31.48816776128165174 ) ) ;
#2416 = EDGE_CURVE ( 'NONE', #2013, #773, #2398, .T. ) ;
#2417 = EDGE_LOOP ( 'NONE', ( #2452, #1079, #1190, #2460 ) ) ;
#2418 = EDGE_CURVE ( 'NONE', #1601, #727, #1344, .T. ) ;
#2419 = VECTOR ( 'NONE', #2100, 1000.000000000000000 ) ;
#2420 = VECTOR ( 'NONE', #2549, 1000.000000000000000 ) ;
#2421 = DIRECTION ( 'NONE',  ( -1.000000000000000000, 0.000000000000000000, -0.000000000000000000 ) ) ;
#2422 = ORIENTED_EDGE ( 'NONE', *, *, #1606, .T. ) ;
#2423 = DIRECTION ( 'NONE',  ( 0.000000000000000000, 0.000000000000000000, -1.000000000000000000 ) ) ;
#2424 = VECTOR ( 'NONE', #2166, 1000.000000000000000 ) ;
#2425 = EDGE_LOOP ( 'NONE', ( #2478, #2512, #2496, #706, #1457, #2083, #1563, #2090, #1140, #977, #2229, #1168 ) ) ;
#2426 = DIRECTION ( 'NONE',  ( 7.709882115452472250E-16, 0.000000000000000000, -1.000000000000000000 ) ) ;
#2427 = AXIS2_PLACEMENT_3D ( 'NONE', #1339, #1539, #2399 ) ;
#2428 = FACE_BOUND ( 'NONE', #881, .T. ) ;
#2429 = ORIENTED_EDGE ( 'NONE', *, *, #2545, .F. ) ;
#2430 = AXIS2_PLACEMENT_3D ( 'NONE', #753, #110, #122 ) ;
#2431 = DIRECTION ( 'NONE',  ( 0.000000000000000000, -1.000000000000000000, 0.000000000000000000 ) ) ;
#2432 = EDGE_CURVE ( 'NONE', #237, #1484, #501, .T. ) ;
#2433 = AXIS2_PLACEMENT_3D ( 'NONE', #100, #1723, #1304 ) ;
#2434 = CARTESIAN_POINT ( 'NONE',  ( 25.02536353557232829, 17.00000000000000000, -20.48816776128165174 ) ) ;
#2435 = VECTOR ( 'NONE', #292, 1000.000000000000000 ) ;
#2436 = EDGE_CURVE ( 'NONE', #2590, #1587, #360, .T. ) ;
#2437 = CIRCLE ( 'NONE', #2560, 3.599999999999999201 ) ;
#2438 = ORIENTED_EDGE ( 'NONE', *, *, #318, .F. ) ;
#2439 = DIRECTION ( 'NONE',  ( 0.000000000000000000, 0.000000000000000000, 1.000000000000000000 ) ) ;
#2440 = DIRECTION ( 'NONE',  ( -2.124332397263248236E-07, 0.000000000000000000, 0.9999999999999773515 ) ) ;
#2441 = EDGE_LOOP ( 'NONE', ( #1787, #159, #10, #569 ) ) ;
#2442 = DIRECTION ( 'NONE',  ( 0.000000000000000000, 0.000000000000000000, -1.000000000000000000 ) ) ;
#2443 = ORIENTED_EDGE ( 'NONE', *, *, #2418, .T. ) ;
#2444 = VERTEX_POINT ( 'NONE', #109 ) ;
#2445 = EDGE_CURVE ( 'NONE', #39, #215, #319, .T. ) ;
#2446 = CARTESIAN_POINT ( 'NONE',  ( 2.827343996733970855, 12.20000000000000284, 28.51180446190593187 ) ) ;
#2447 = DIRECTION ( 'NONE',  ( -1.000000000000000000, 0.000000000000000000, 1.271123867187779531E-16 ) ) ;
#2448 = EDGE_CURVE ( 'NONE', #2057, #1811, #2437, .T. ) ;
#2449 = ORIENTED_EDGE ( 'NONE', *, *, #910, .F. ) ;
#2450 = FACE_OUTER_BOUND ( 'NONE', #2280, .T. ) ;
#2451 = CYLINDRICAL_SURFACE ( 'NONE', #464, 5.000000000000000888 ) ;
#2452 = ORIENTED_EDGE ( 'NONE', *, *, #429, .F. ) ;
#2453 = CARTESIAN_POINT ( 'NONE',  ( 29.02536353557232829, 0.000000000000000000, -31.48816776128165174 ) ) ;
#2454 = CYLINDRICAL_SURFACE ( 'NONE', #932, 2.558020616099739186 ) ;
#2455 = ORIENTED_EDGE ( 'NONE', *, *, #867, .T. ) ;
#2456 = LINE ( 'NONE', #628, #2003 ) ;
#2457 = ADVANCED_FACE ( 'NONE', ( #913 ), #2569, .F. ) ;
#2458 = CARTESIAN_POINT ( 'NONE',  ( 18.74187645319201678, -20.99999999999870681, -19.48819337129282303 ) ) ;
#2459 = DIRECTION ( 'NONE',  ( 0.000000000000000000, -0.000000000000000000, 1.000000000000000000 ) ) ;
#2460 = ORIENTED_EDGE ( 'NONE', *, *, #495, .T. ) ;
#2461 = PLANE ( 'NONE',  #1031 ) ;
#2462 = AXIS2_PLACEMENT_3D ( 'NONE', #2522, #2142, #1511 ) ;
#2463 = DIRECTION ( 'NONE',  ( -1.239088197126290817E-16, 0.000000000000000000, 1.000000000000000000 ) ) ;
#2464 = ORIENTED_EDGE ( 'NONE', *, *, #770, .T. ) ;
#2465 = CIRCLE ( 'NONE', #1064, 2.558020616099736522 ) ;
#2466 = CIRCLE ( 'NONE', #1879, 2.100000000000000977 ) ;
#2467 = DIRECTION ( 'NONE',  ( 0.000000000000000000, 0.000000000000000000, 1.000000000000000000 ) ) ;
#2468 = ORIENTED_EDGE ( 'NONE', *, *, #1204, .T. ) ;
#2469 = VECTOR ( 'NONE', #649, 1000.000000000000000 ) ;
#2470 = CYLINDRICAL_SURFACE ( 'NONE', #213, 4.000000000000000000 ) ;
#2471 = DATE_AND_TIME ( #67, #1034 ) ;
#2472 = ORIENTED_EDGE ( 'NONE', *, *, #2011, .F. ) ;
#2473 = AXIS2_PLACEMENT_3D ( 'NONE', #656, #1278, #266 ) ;
#2474 = EDGE_LOOP ( 'NONE', ( #1813, #544, #1663, #1016, #203, #1449, #860, #1099, #20, #1591 ) ) ;
#2475 = CYLINDRICAL_SURFACE ( 'NONE', #2473, 1.500000000000192069 ) ;
#2476 = CARTESIAN_POINT ( 'NONE',  ( 29.02536353557232829, 0.000000000000000000, -16.48816776128165174 ) ) ;
#2477 = DIRECTION ( 'NONE',  ( 0.000000000000000000, 0.000000000000000000, 1.000000000000000000 ) ) ;
#2478 = ORIENTED_EDGE ( 'NONE', *, *, #398, .T. ) ;
#2479 = EDGE_CURVE ( 'NONE', #308, #2521, #2271, .T. ) ;
#2480 = CARTESIAN_POINT ( 'NONE',  ( -3.252591529411107629, 8.000000000000001776, -14.00000000000000178 ) ) ;
#2481 = CARTESIAN_POINT ( 'NONE',  ( -21.56328893980571593, 17.00000000000000000, 16.51126332720840040 ) ) ;
#2482 = ADVANCED_FACE ( 'NONE', ( #529 ), #902, .F. ) ;
#2483 = ORIENTED_EDGE ( 'NONE', *, *, #311, .T. ) ;
#2484 = CARTESIAN_POINT ( 'NONE',  ( 0.000000000000000000, 8.000000000000001776, 0.000000000000000000 ) ) ;
#2485 = ORIENTED_EDGE ( 'NONE', *, *, #1793, .F. ) ;
#2486 = EDGE_LOOP ( 'NONE', ( #1986, #1173, #2033, #1656 ) ) ;
#2487 = LINE ( 'NONE', #59, #1540 ) ;
#2488 = DIRECTION ( 'NONE',  ( 0.000000000000000000, 0.000000000000000000, -1.000000000000000000 ) ) ;
#2489 = DIRECTION ( 'NONE',  ( -0.000000000000000000, -1.000000000000000000, -0.000000000000000000 ) ) ;
#2490 = ORIENTED_EDGE ( 'NONE', *, *, #778, .F. ) ;
#2491 = DIRECTION ( 'NONE',  ( 0.000000000000000000, -0.000000000000000000, -1.000000000000000000 ) ) ;
#2492 = EDGE_CURVE ( 'NONE', #316, #594, #2147, .T. ) ;
#2493 = EDGE_LOOP ( 'NONE', ( #417, #1086, #1314, #334 ) ) ;
#2494 = CARTESIAN_POINT ( 'NONE',  ( -5.552591529411111004, 22.00000000000000355, -6.421473919052945939E-16 ) ) ;
#2495 = PERSON_AND_ORGANIZATION_ROLE ( 'creator' ) ;
#2496 = ORIENTED_EDGE ( 'NONE', *, *, #1695, .T. ) ;
#2497 = ORIENTED_EDGE ( 'NONE', *, *, #1720, .F. ) ;
#2498 = FACE_OUTER_BOUND ( 'NONE', #1569, .T. ) ;
#2499 = CARTESIAN_POINT ( 'NONE',  ( 2.827357753390421724, 12.20000000000000284, -32.08819553809244240 ) ) ;
#2500 = ORIENTED_EDGE ( 'NONE', *, *, #425, .F. ) ;
#2501 = DIRECTION ( 'NONE',  ( 0.000000000000000000, 1.000000000000000000, 0.000000000000000000 ) ) ;
#2502 = CARTESIAN_POINT ( 'NONE',  ( -5.552591529411110116, -20.99999999999870681, 13.99999999999999822 ) ) ;
#2503 = PRODUCT_DEFINITION ( 'UNKNOWN', '', #2189, #241 ) ;
#2504 = CIRCLE ( 'NONE', #297, 2.558020616099738298 ) ;
#2505 = VECTOR ( 'NONE', #1777, 1000.000000000000000 ) ;
#2506 = ORIENTED_EDGE ( 'NONE', *, *, #1633, .F. ) ;
#2507 = CARTESIAN_POINT ( 'NONE',  ( 6.647408470588890950, 48.50000000000000000, -11.25000000000000000 ) ) ;
#2508 = COORDINATED_UNIVERSAL_TIME_OFFSET ( 3, 0, .BEHIND. ) ;
#2509 = ORIENTED_EDGE ( 'NONE', *, *, #1289, .T. ) ;
#2510 = VECTOR ( 'NONE', #145, 1000.000000000000000 ) ;
#2511 = CARTESIAN_POINT ( 'NONE',  ( 0.000000000000000000, 0.000000000000000000, 36.51126332720839684 ) ) ;
#2512 = ORIENTED_EDGE ( 'NONE', *, *, #200, .F. ) ;
#2513 = EDGE_CURVE ( 'NONE', #532, #367, #1988, .T. ) ;
#2514 = AXIS2_PLACEMENT_3D ( 'NONE', #1081, #1255, #1882 ) ;
#2515 = CARTESIAN_POINT ( 'NONE',  ( 2.827357753390421280, 12.20000000000000284, -24.88819553809244667 ) ) ;
#2516 = LINE ( 'NONE', #2476, #852 ) ;
#2517 = CC_DESIGN_APPROVAL ( #1645, ( #995 ) ) ;
#2518 = ORIENTED_EDGE ( 'NONE', *, *, #1933, .F. ) ;
#2519 = CARTESIAN_POINT ( 'NONE',  ( -16.85812438525117329, -20.99999999999870681, -15.54139557624695200 ) ) ;
#2520 = CARTESIAN_POINT ( 'NONE',  ( -20.56328893980571593, 0.000000000000000000, -36.48816776128165174 ) ) ;
#2521 = VERTEX_POINT ( 'NONE', #554 ) ;
#2522 = CARTESIAN_POINT ( 'NONE',  ( 2.827343996733970855, 7.000000000000000888, 28.51180446190593187 ) ) ;
#2523 = VERTEX_POINT ( 'NONE', #2540 ) ;
#2524 = DIRECTION ( 'NONE',  ( 0.000000000000000000, -1.000000000000000000, 0.000000000000000000 ) ) ;
#2525 = EDGE_CURVE ( 'NONE', #887, #308, #120, .T. ) ;
#2526 = ORIENTED_EDGE ( 'NONE', *, *, #328, .T. ) ;
#2527 = CARTESIAN_POINT ( 'NONE',  ( -25.56328893980571593, 7.000000000000000888, 17.26126332720838974 ) ) ;
#2528 = DIRECTION ( 'NONE',  ( -0.9999999999999774625, 0.000000000000000000, -2.124329160331740654E-07 ) ) ;
#2529 = EDGE_CURVE ( 'NONE', #322, #868, #1165, .T. ) ;
#2530 = DIRECTION ( 'NONE',  ( 1.000000000000000000, 0.000000000000000000, 0.000000000000000000 ) ) ;
#2531 = ORIENTED_EDGE ( 'NONE', *, *, #2513, .T. ) ;
#2532 = FACE_BOUND ( 'NONE', #2474, .T. ) ;
#2533 = CARTESIAN_POINT ( 'NONE',  ( -11.51062046810096717, -11.19999999999870788, 15.03182617984501590 ) ) ;
#2534 = CARTESIAN_POINT ( 'NONE',  ( 13.45464070137347790, -5.999999999998707700, 8.678631900615313199 ) ) ;
#2535 = LINE ( 'NONE', #705, #1315 ) ;
#2536 = CARTESIAN_POINT ( 'NONE',  ( 17.94186940041698719, 6.999999999999999112, 20.31180807326939330 ) ) ;
#2537 = ORIENTED_EDGE ( 'NONE', *, *, #2104, .F. ) ;
#2538 = EDGE_LOOP ( 'NONE', ( #1716, #1821, #1868, #1451, #1689, #65, #1864, #483 ) ) ;
#2539 = EDGE_CURVE ( 'NONE', #2586, #358, #1673, .T. ) ;
#2540 = CARTESIAN_POINT ( 'NONE',  ( 25.02536353557232829, 17.00000000000000000, -20.48816776128165174 ) ) ;
#2541 = CARTESIAN_POINT ( 'NONE',  ( 2.827343996733970855, 12.20000000000000284, 28.51180446190593187 ) ) ;
#2542 = FACE_BOUND ( 'NONE', #651, .T. ) ;
#2543 = DIRECTION ( 'NONE',  ( 0.9999999999999773515, 0.000000000000000000, 2.124329164306479022E-07 ) ) ;
#2544 = ORIENTED_EDGE ( 'NONE', *, *, #699, .T. ) ;
#2545 = EDGE_CURVE ( 'NONE', #821, #2368, #1132, .T. ) ;
#2546 = FACE_OUTER_BOUND ( 'NONE', #1706, .T. ) ;
#2547 = LINE ( 'NONE', #526, #1957 ) ;
#2548 = AXIS2_PLACEMENT_3D ( 'NONE', #897, #325, #2371 ) ;
#2549 = DIRECTION ( 'NONE',  ( -0.000000000000000000, -1.000000000000000000, -0.000000000000000000 ) ) ;
#2550 = AXIS2_PLACEMENT_3D ( 'NONE', #2248, #794, #167 ) ;
#2551 = AXIS2_PLACEMENT_3D ( 'NONE', #1112, #1773, #758 ) ;
#2552 = ORIENTED_EDGE ( 'NONE', *, *, #581, .F. ) ;
#2553 = CARTESIAN_POINT ( 'NONE',  ( 8.947408470588888107, 36.19379364328256088, -9.500000000000000000 ) ) ;
#2554 = AXIS2_PLACEMENT_3D ( 'NONE', #1867, #2106, #646 ) ;
#2555 = DIRECTION ( 'NONE',  ( 0.000000000000000000, 0.000000000000000000, 1.000000000000000000 ) ) ;
#2556 = CYLINDRICAL_SURFACE ( 'NONE', #1872, 2.100000000000000977 ) ;
#2557 = ORIENTED_EDGE ( 'NONE', *, *, #832, .F. ) ;
#2558 = AXIS2_PLACEMENT_3D ( 'NONE', #1747, #1561, #774 ) ;
#2559 = CARTESIAN_POINT ( 'NONE',  ( 8.947408470588889884, 8.000000000000000000, -11.25000000000000000 ) ) ;
#2560 = AXIS2_PLACEMENT_3D ( 'NONE', #1316, #539, #1976 ) ;
#2561 = CARTESIAN_POINT ( 'NONE',  ( -25.56328893980571593, 17.00000000000000000, 31.51126332720839684 ) ) ;
#2562 = EDGE_CURVE ( 'NONE', #1425, #2057, #925, .T. ) ;
#2563 = CARTESIAN_POINT ( 'NONE',  ( -15.35812438525120704, 9.121320463748251228, -15.54139525759758378 ) ) ;
#2564 = EDGE_CURVE ( 'NONE', #1484, #2129, #1741, .T. ) ;
#2565 = DIRECTION ( 'NONE',  ( 0.9999999999999773515, 0.000000000000000000, 2.124330606390560108E-07 ) ) ;
#2566 = ORIENTED_EDGE ( 'NONE', *, *, #402, .T. ) ;
#2567 = CARTESIAN_POINT ( 'NONE',  ( -11.80009643157006316, -20.99999999999870681, 5.800866734510581324 ) ) ;
#2568 = ORIENTED_EDGE ( 'NONE', *, *, #2177, .F. ) ;
#2569 = CYLINDRICAL_SURFACE ( 'NONE', #434, 2.558020616099729860 ) ;
#2570 = CARTESIAN_POINT ( 'NONE',  ( -3.252591529411110294, 27.00000000000000355, 13.99999999999999822 ) ) ;
#2571 = DIRECTION ( 'NONE',  ( -0.000000000000000000, -1.000000000000000000, -0.000000000000000000 ) ) ;
#2572 = ORIENTED_EDGE ( 'NONE', *, *, #2492, .F. ) ;
#2573 = VERTEX_POINT ( 'NONE', #1515 ) ;
#2574 = DIRECTION ( 'NONE',  ( -0.7071069313992859318, 0.000000000000000000, 0.7071066309737771283 ) ) ;
#2575 = DIRECTION ( 'NONE',  ( 0.000000000000000000, 1.000000000000000000, 0.000000000000000000 ) ) ;
#2576 = ORIENTED_EDGE ( 'NONE', *, *, #1776, .F. ) ;
#2577 = EDGE_CURVE ( 'NONE', #2523, #234, #2347, .T. ) ;
#2578 = CARTESIAN_POINT ( 'NONE',  ( 13.45464070137347790, 22.00000000000000355, 8.678631900615313199 ) ) ;
#2579 = CARTESIAN_POINT ( 'NONE',  ( -16.41878433171187268, -20.99999999999870681, -16.60205565469651745 ) ) ;
#2580 = ORIENTED_EDGE ( 'NONE', *, *, #1749, .F. ) ;
#2581 = CARTESIAN_POINT ( 'NONE',  ( -25.56328893980571593, 22.00000000000000711, 16.51126332720840040 ) ) ;
#2582 = CARTESIAN_POINT ( 'NONE',  ( -21.56328893980571593, 17.00000000000000000, -16.48816776128164463 ) ) ;
#2583 = DIRECTION ( 'NONE',  ( -1.000000000000000000, 0.000000000000000000, 1.271123867187779531E-16 ) ) ;
#2584 = CARTESIAN_POINT ( 'NONE',  ( -16.05813204413680495, -20.99999999999870681, 19.51180106297787731 ) ) ;
#2585 = ORIENTED_EDGE ( 'NONE', *, *, #1458, .F. ) ;
#2586 = VERTEX_POINT ( 'NONE', #2360 ) ;
#2587 = CARTESIAN_POINT ( 'NONE',  ( 2.827343996733970855, 17.00000000000000000, 28.51180446190593187 ) ) ;
#2588 = DIRECTION ( 'NONE',  ( 0.000000000000000000, 0.000000000000000000, -1.000000000000000000 ) ) ;
#2589 = CARTESIAN_POINT ( 'NONE',  ( 8.947408470588888107, -20.99999999999870681, -11.25000000000000000 ) ) ;
#2590 = VERTEX_POINT ( 'NONE', #1229 ) ;
#2591 = EDGE_CURVE ( 'NONE', #2620, #376, #788, .T. ) ;
#2592 = VECTOR ( 'NONE', #1544, 1000.000000000000000 ) ;
#2593 = DIRECTION ( 'NONE',  ( 0.000000000000000000, 0.000000000000000000, 1.000000000000000000 ) ) ;
#2594 = AXIS2_PLACEMENT_3D ( 'NONE', #543, #1155, #86 ) ;
#2595 = CIRCLE ( 'NONE', #1443, 2.558020616099738298 ) ;
#2596 = DIRECTION ( 'NONE',  ( -0.9999999999999773515, 0.000000000000000000, -2.124331961515666496E-07 ) ) ;
#2597 = PLANE ( 'NONE',  #2010 ) ;
#2598 = VECTOR ( 'NONE', #1598, 1000.000000000000000 ) ;
#2599 = CARTESIAN_POINT ( 'NONE',  ( -5.552591529411110116, 22.00000000000000355, 11.25000000000000000 ) ) ;
#2600 = ORIENTED_EDGE ( 'NONE', *, *, #197, .F. ) ;
#2601 = EDGE_CURVE ( 'NONE', #829, #868, #1433, .T. ) ;
#2602 = ORIENTED_EDGE ( 'NONE', *, *, #2294, .F. ) ;
#2603 = AXIS2_PLACEMENT_3D ( 'NONE', #2541, #148, #941 ) ;
#2604 = DIRECTION ( 'NONE',  ( -1.239088197126290817E-16, -0.000000000000000000, 1.000000000000000000 ) ) ;
#2605 = DIRECTION ( 'NONE',  ( 0.000000000000000000, 1.000000000000000000, 0.000000000000000000 ) ) ;
#2606 = AXIS2_PLACEMENT_3D ( 'NONE', #1911, #1926, #1308 ) ;
#2607 = ORIENTED_EDGE ( 'NONE', *, *, #380, .F. ) ;
#2608 = VECTOR ( 'NONE', #1845, 1000.000000000000000 ) ;
#2609 = DIRECTION ( 'NONE',  ( 0.000000000000000000, 0.000000000000000000, 1.000000000000000000 ) ) ;
#2610 = ORIENTED_EDGE ( 'NONE', *, *, #1686, .F. ) ;
#2611 = CARTESIAN_POINT ( 'NONE',  ( 0.000000000000000000, 8.000000000000001776, 0.000000000000000000 ) ) ;
#2612 = EDGE_CURVE ( 'NONE', #1944, #124, #2401, .T. ) ;
#2613 = DIRECTION ( 'NONE',  ( 0.000000000000000000, 0.000000000000000000, -1.000000000000000000 ) ) ;
#2614 = VERTEX_POINT ( 'NONE', #2216 ) ;
#2615 = DIRECTION ( 'NONE',  ( -0.000000000000000000, -0.000000000000000000, -1.000000000000000000 ) ) ;
#2616 = ORIENTED_EDGE ( 'NONE', *, *, #477, .T. ) ;
#2617 = DIRECTION ( 'NONE',  ( -1.000000000000000000, -0.000000000000000000, -0.000000000000000000 ) ) ;
#2618 = ADVANCED_FACE ( 'NONE', ( #614 ), #410, .F. ) ;
#2619 = DIRECTION ( 'NONE',  ( 2.124329160331740389E-07, 0.000000000000000000, -0.9999999999999773515 ) ) ;
#2620 = VERTEX_POINT ( 'NONE', #2244 ) ;
#2621 = ORIENTED_EDGE ( 'NONE', *, *, #1830, .F. ) ;
#2622 = DIRECTION ( 'NONE',  ( 1.000000000000000000, 0.000000000000000000, 0.000000000000000000 ) ) ;
#2623 = CARTESIAN_POINT ( 'NONE',  ( 29.02536353557232829, 7.000000000000000888, 17.26126332720838974 ) ) ;
#2624 = ORIENTED_EDGE ( 'NONE', *, *, #396, .F. ) ;
#2625 = DIRECTION ( 'NONE',  ( 0.000000000000000000, 0.000000000000000000, -1.000000000000000000 ) ) ;
#2626 = ORIENTED_EDGE ( 'NONE', *, *, #313, .T. ) ;
#2627 = DIRECTION ( 'NONE',  ( 0.000000000000000000, 1.000000000000000000, 0.000000000000000000 ) ) ;
#2628 = ORIENTED_EDGE ( 'NONE', *, *, #818, .T. ) ;
#2629 = EDGE_CURVE ( 'NONE', #591, #2044, #1240, .T. ) ;
ENDSEC;
END-ISO-10303-21;
