ISO-10303-21;
HEADER;
FILE_DESCRIPTION (( 'STEP AP203' ),
    '1' );
FILE_NAME ('Tapa jig.STEP',
    '2026-08-19T13:19:55',
    ( '' ),
    ( '' ),
    'SwSTEP 2.0',
    'SolidWorks 2026',
    '' );
FILE_SCHEMA (( 'CONFIG_CONTROL_DESIGN' ));
ENDSEC;

DATA;
#1 = FACE_OUTER_BOUND ( 'NONE', #368, .T. ) ;
#2 = DIRECTION ( 'NONE',  ( -1.000000000000000000, 0.000000000000000000, 0.000000000000000000 ) ) ;
#3 = CARTESIAN_POINT ( 'NONE',  ( 7.835082541021258784, 1.000000000000000000, 2.891336480686500288 ) ) ;
#4 = ORIENTED_EDGE ( 'NONE', *, *, #7386, .T. ) ;
#5 = ORIENTED_EDGE ( 'NONE', *, *, #6849, .F. ) ;
#6 = CARTESIAN_POINT ( 'NONE',  ( -6.215688505626859595, 1.000000000000000000, 0.5176030526561972156 ) ) ;
#7 = CARTESIAN_POINT ( 'NONE',  ( 17.88194459857362162, 1.000000000000000000, 4.869447670711752885 ) ) ;
#8 = CARTESIAN_POINT ( 'NONE',  ( -9.061459440414814992, 3.000000000000000888, 0.4875695976064905457 ) ) ;
#9 = CARTESIAN_POINT ( 'NONE',  ( -7.301000404082678585, 1.000000000000000000, 4.530342895278852922 ) ) ;
#10 = EDGE_CURVE ( 'NONE', #2668, #6170, #10319, .T. ) ;
#11 = CARTESIAN_POINT ( 'NONE',  ( 12.26764173312900397, 3.000000000000000000, 3.300900450731739877 ) ) ;
#12 = CARTESIAN_POINT ( 'NONE',  ( -19.55125476284443309, 2.999999999999998224, 2.401632501044000723 ) ) ;
#13 = PLANE ( 'NONE',  #9030 ) ;
#14 = LINE ( 'NONE', #7348, #6713 ) ;
#15 = CARTESIAN_POINT ( 'NONE',  ( 13.01318466155711739, 2.999999999999999556, 4.179936696246201677 ) ) ;
#16 = DIRECTION ( 'NONE',  ( 0.000000000000000000, 1.000000000000000000, 0.000000000000000000 ) ) ;
#17 = ORIENTED_EDGE ( 'NONE', *, *, #2408, .T. ) ;
#18 = CARTESIAN_POINT ( 'NONE',  ( 8.498255740622653320, 1.000000000000000000, 1.866389899177021583 ) ) ;
#19 = VECTOR ( 'NONE', #2871, 1000.000000000000000 ) ;
#20 = CARTESIAN_POINT ( 'NONE',  ( -19.79424307590062071, 0.9999999999999995559, 2.783228766418658573 ) ) ;
#21 = ORIENTED_EDGE ( 'NONE', *, *, #6399, .F. ) ;
#22 = CARTESIAN_POINT ( 'NONE',  ( -20.24173316239967235, 1.000000000000000000, 2.439196780109299301 ) ) ;
#23 = ADVANCED_FACE ( 'NONE', ( #7076 ), #3028, .T. ) ;
#24 = ORIENTED_EDGE ( 'NONE', *, *, #4123, .F. ) ;
#25 = CARTESIAN_POINT ( 'NONE',  ( -9.854645932411949971, 1.000000000000000888, 0.4053493058654210612 ) ) ;
#26 = CARTESIAN_POINT ( 'NONE',  ( -8.674215256242693073, 2.999999999999999112, 2.908400627384268411 ) ) ;
#27 = CARTESIAN_POINT ( 'NONE',  ( 9.342823038060849683, 1.000000000000000000, 1.707616705562616355 ) ) ;
#28 = CARTESIAN_POINT ( 'NONE',  ( -19.30566268854843415, 3.000000000000000000, 3.569546031552301102 ) ) ;
#29 = CARTESIAN_POINT ( 'NONE',  ( 11.71214649843701139, 1.000000000000000000, 2.438861982513799820 ) ) ;
#30 = VECTOR ( 'NONE', #2447, 1000.000000000000000 ) ;
#31 = VECTOR ( 'NONE', #10427, 1000.000000000000000 ) ;
#32 = CARTESIAN_POINT ( 'NONE',  ( 20.42169807290961359, 1.000000000000000000, 4.530342895278852922 ) ) ;
#33 = EDGE_CURVE ( 'NONE', #8441, #6165, #1437, .T. ) ;
#34 = VERTEX_POINT ( 'NONE', #7125 ) ;
#35 = AXIS2_PLACEMENT_3D ( 'NONE', #9361, #8622, #2066 ) ;
#36 = ORIENTED_EDGE ( 'NONE', *, *, #5366, .T. ) ;
#37 = CARTESIAN_POINT ( 'NONE',  ( -9.798365781489559723, 1.000000000000000000, 0.4045681275118969689 ) ) ;
#38 = CARTESIAN_POINT ( 'NONE',  ( -18.52654208268601366, 1.000000000000001332, 1.301824405050306943 ) ) ;
#39 = CARTESIAN_POINT ( 'NONE',  ( -19.49179543371087675, 1.000000000000000000, 2.853385446503946099 ) ) ;
#40 = VECTOR ( 'NONE', #8314, 1000.000000000000000 ) ;
#41 = VERTEX_POINT ( 'NONE', #10369 ) ;
#42 = EDGE_CURVE ( 'NONE', #2791, #3854, #6277, .T. ) ;
#43 = CARTESIAN_POINT ( 'NONE',  ( 13.10612394757214894, 3.000000000000000000, 3.970848827893331823 ) ) ;
#44 = ADVANCED_FACE ( 'NONE', ( #10424 ), #7875, .T. ) ;
#45 = ORIENTED_EDGE ( 'NONE', *, *, #1597, .F. ) ;
#46 = EDGE_CURVE ( 'NONE', #1361, #667, #2277, .T. ) ;
#47 = ORIENTED_EDGE ( 'NONE', *, *, #4048, .F. ) ;
#48 = CARTESIAN_POINT ( 'NONE',  ( -11.22013319932021069, 1.000000000000000000, 4.754646574862072761 ) ) ;
#49 = CARTESIAN_POINT ( 'NONE',  ( -11.20632168742515056, 3.000000000000000444, 1.945083330585618331 ) ) ;
#50 = CARTESIAN_POINT ( 'NONE',  ( 25.13472047806823895, 1.000000000000000888, 4.880004707769064254 ) ) ;
#51 = CARTESIAN_POINT ( 'NONE',  ( -19.64974726298327923, 3.000000000000000000, 2.797668087054104635 ) ) ;
#52 = CARTESIAN_POINT ( 'NONE',  ( 10.02601730104476374, 1.000000000000000000, 0.8567078280890980668 ) ) ;
#53 = ORIENTED_EDGE ( 'NONE', *, *, #3777, .F. ) ;
#54 = EDGE_CURVE ( 'NONE', #4344, #8712, #3135, .T. ) ;
#55 = VERTEX_POINT ( 'NONE', #2225 ) ;
#56 = LINE ( 'NONE', #2274, #2723 ) ;
#57 = CARTESIAN_POINT ( 'NONE',  ( -9.798365781489559723, 3.000000000000000000, 0.4045681275118969689 ) ) ;
#58 = CARTESIAN_POINT ( 'NONE',  ( 13.03221909665249534, 1.000000000000000000, 1.216090897909032131 ) ) ;
#59 = CARTESIAN_POINT ( 'NONE',  ( 25.44599928915249265, 3.000000000000000000, 1.261617553192167618 ) ) ;
#60 = CARTESIAN_POINT ( 'NONE',  ( -9.090889688806161217, 1.000000000000000444, 3.601216580508361798 ) ) ;
#61 = CARTESIAN_POINT ( 'NONE',  ( -2.408707550180942736, 1.000000000000000000, 0.5176030526561972156 ) ) ;
#62 = CARTESIAN_POINT ( 'NONE',  ( 23.85968106652720522, 1.000000000000000444, 4.470915385896664596 ) ) ;
#63 = DIRECTION ( 'NONE',  ( -0.000000000000000000, 1.000000000000000000, -0.000000000000000000 ) ) ;
#64 = CARTESIAN_POINT ( 'NONE',  ( -10.58077940397276429, 1.000000000000000000, 1.464270550739710908 ) ) ;
#65 = EDGE_LOOP ( 'NONE', ( #2012, #2360, #6021 ) ) ;
#66 = ORIENTED_EDGE ( 'NONE', *, *, #2236, .F. ) ;
#67 = CARTESIAN_POINT ( 'NONE',  ( 25.52228287537541718, 3.000000000000001776, 0.6586402916686563414 ) ) ;
#68 = CARTESIAN_POINT ( 'NONE',  ( -17.76379566275195998, 1.000000000000000000, 0.5176030526561972156 ) ) ;
#69 = VERTEX_POINT ( 'NONE', #5479 ) ;
#70 = CARTESIAN_POINT ( 'NONE',  ( -22.80974536802174057, 1.000000000000000000, 3.503740444497383866 ) ) ;
#71 = VERTEX_POINT ( 'NONE', #10191 ) ;
#72 = ORIENTED_EDGE ( 'NONE', *, *, #230, .F. ) ;
#73 = CARTESIAN_POINT ( 'NONE',  ( 7.564858423098167250, 3.000000000000000000, 0.8567078280890980668 ) ) ;
#74 = VECTOR ( 'NONE', #6686, 1000.000000000000000 ) ;
#75 = CARTESIAN_POINT ( 'NONE',  ( 8.491692300497751589, 1.000000000000000888, 1.956612994352228130 ) ) ;
#76 = CARTESIAN_POINT ( 'NONE',  ( -9.818676744601427586, 3.000000000000000000, 0.7436729029447978201 ) ) ;
#77 = CARTESIAN_POINT ( 'NONE',  ( -8.766411006944771600, 0.9999999999999991118, 0.5669513160472883229 ) ) ;
#78 = CARTESIAN_POINT ( 'NONE',  ( 11.86973204552166905, 1.000000000000000444, 2.432973014260338296 ) ) ;
#79 = EDGE_CURVE ( 'NONE', #9890, #1692, #5461, .T. ) ;
#80 = CARTESIAN_POINT ( 'NONE',  ( -29.50000000000000355, 1.500000000000000000, -10.24999999999999645 ) ) ;
#81 = ORIENTED_EDGE ( 'NONE', *, *, #8282, .T. ) ;
#82 = ORIENTED_EDGE ( 'NONE', *, *, #4830, .F. ) ;
#83 = CARTESIAN_POINT ( 'NONE',  ( -23.39523095685510867, 1.000000000000000000, 0.8567078280890980668 ) ) ;
#84 = CARTESIAN_POINT ( 'NONE',  ( -18.64369425654886214, 1.000000000000000888, 1.077061802592360840 ) ) ;
#85 = FACE_OUTER_BOUND ( 'NONE', #4322, .T. ) ;
#86 = VECTOR ( 'NONE', #4037, 1000.000000000000000 ) ;
#87 = ORIENTED_EDGE ( 'NONE', *, *, #5419, .F. ) ;
#88 = VERTEX_POINT ( 'NONE', #403 ) ;
#89 = ORIENTED_EDGE ( 'NONE', *, *, #8412, .F. ) ;
#90 = VECTOR ( 'NONE', #4864, 1000.000000000000000 ) ;
#91 = VECTOR ( 'NONE', #8879, 1000.000000000000000 ) ;
#92 = DIRECTION ( 'NONE',  ( -1.000000000000000000, 0.000000000000000000, 0.000000000000000000 ) ) ;
#93 = CARTESIAN_POINT ( 'NONE',  ( 26.48937753124154426, 1.000000000000000000, 2.651137264754862333 ) ) ;
#94 = EDGE_CURVE ( 'NONE', #8842, #8821, #1418, .T. ) ;
#95 = CARTESIAN_POINT ( 'NONE',  ( -19.97150904447657638, 3.000000000000000000, 2.778301555542199708 ) ) ;
#96 = ADVANCED_FACE ( 'NONE', ( #507 ), #1257, .T. ) ;
#97 = CARTESIAN_POINT ( 'NONE',  ( -21.56724427678712885, 1.000000000000000000, 0.5176030526561972156 ) ) ;
#98 = EDGE_CURVE ( 'NONE', #1163, #1739, #7052, .T. ) ;
#99 = ORIENTED_EDGE ( 'NONE', *, *, #7975, .F. ) ;
#100 = VECTOR ( 'NONE', #3970, 1000.000000000000000 ) ;
#101 = CIRCLE ( 'NONE', #2465, 2.999999999999997335 ) ;
#102 = ORIENTED_EDGE ( 'NONE', *, *, #9131, .F. ) ;
#103 = DIRECTION ( 'NONE',  ( -0.000000000000000000, 1.000000000000000000, -0.000000000000000000 ) ) ;
#104 = CARTESIAN_POINT ( 'NONE',  ( -19.43568242541142510, 2.999999999999999556, 2.318105955929530282 ) ) ;
#105 = CARTESIAN_POINT ( 'NONE',  ( 12.16573311061225660, 3.000000000000000000, 0.8567078280890980668 ) ) ;
#106 = VECTOR ( 'NONE', #4749, 1000.000000000000000 ) ;
#107 = CARTESIAN_POINT ( 'NONE',  ( 24.56227813823556971, 3.000000000000000444, 0.7450935609599002030 ) ) ;
#108 = ADVANCED_FACE ( 'NONE', ( #10296 ), #7856, .T. ) ;
#109 = CARTESIAN_POINT ( 'NONE',  ( 13.24063612933567313, 1.000000000000000000, 3.337324797882504690 ) ) ;
#110 = DIRECTION ( 'NONE',  ( -0.3651122491676597193, 0.000000000000000000, 0.9309635038537938945 ) ) ;
#111 = DIRECTION ( 'NONE',  ( -0.000000000000000000, 1.000000000000000000, -0.000000000000000000 ) ) ;
#112 = DIRECTION ( 'NONE',  ( 0.7120049190386555926, 0.000000000000000000, -0.7021744763694828251 ) ) ;
#113 = CARTESIAN_POINT ( 'NONE',  ( 4.089034474910937966, 1.000000000000000000, 3.682580956696600794 ) ) ;
#114 = EDGE_CURVE ( 'NONE', #7683, #3658, #5352, .T. ) ;
#115 = ORIENTED_EDGE ( 'NONE', *, *, #8342, .T. ) ;
#116 = ORIENTED_EDGE ( 'NONE', *, *, #7494, .T. ) ;
#117 = VECTOR ( 'NONE', #9808, 1000.000000000000000 ) ;
#118 = CARTESIAN_POINT ( 'NONE',  ( 26.08812579955453614, 2.999999999999999556, 1.188870187776216225 ) ) ;
#119 = CARTESIAN_POINT ( 'NONE',  ( -19.64974726298327923, 1.000000000000000000, 2.797668087054104635 ) ) ;
#120 = ORIENTED_EDGE ( 'NONE', *, *, #286, .T. ) ;
#121 = CARTESIAN_POINT ( 'NONE',  ( -10.47279932624139320, 1.000000000000000888, 1.890479097950270582 ) ) ;
#122 = VERTEX_POINT ( 'NONE', #2950 ) ;
#123 = EDGE_LOOP ( 'NONE', ( #9430, #1355, #6830, #8604 ) ) ;
#124 = CARTESIAN_POINT ( 'NONE',  ( 12.20997814851925867, 2.999999999999999556, 2.217671678630607879 ) ) ;
#125 = CARTESIAN_POINT ( 'NONE',  ( -29.50000000000000000, 1.500000000000000000, 7.250000000000002665 ) ) ;
#126 = PLANE ( 'NONE',  #2404 ) ;
#127 = PLANE ( 'NONE',  #10107 ) ;
#128 = LINE ( 'NONE', #4216, #6235 ) ;
#129 = CARTESIAN_POINT ( 'NONE',  ( 22.20553048534310037, 3.000000000000000000, 4.869447670711752885 ) ) ;
#130 = MANIFOLD_SOLID_BREP ( 'Cortar-Extruir3', #2199 ) ;
#131 = DIRECTION ( 'NONE',  ( 1.000000000000000000, 0.000000000000000000, 0.000000000000000000 ) ) ;
#132 = ORIENTED_EDGE ( 'NONE', *, *, #5233, .T. ) ;
#133 = ORIENTED_EDGE ( 'NONE', *, *, #9692, .F. ) ;
#134 = ADVANCED_FACE ( 'NONE', ( #1313 ), #6203, .T. ) ;
#135 = CARTESIAN_POINT ( 'NONE',  ( 17.19157028594823089, 3.000000000000000000, 3.565030097468902870 ) ) ;
#136 = CARTESIAN_POINT ( 'NONE',  ( -8.379374311563958955, 1.000000000000000000, 3.667791648933866444 ) ) ;
#137 = CARTESIAN_POINT ( 'NONE',  ( -18.69385450515244429, 2.999999999999999112, 1.022267291283002422 ) ) ;
#138 = DIRECTION ( 'NONE',  ( -1.000000000000000000, 0.000000000000000000, 0.000000000000000000 ) ) ;
#139 = ORIENTED_EDGE ( 'NONE', *, *, #9341, .F. ) ;
#140 = CARTESIAN_POINT ( 'NONE',  ( 23.91651047507570382, 2.999999999999999556, 0.4926498878807467618 ) ) ;
#141 = ORIENTED_EDGE ( 'NONE', *, *, #348, .F. ) ;
#142 = ORIENTED_EDGE ( 'NONE', *, *, #3098, .T. ) ;
#143 = CARTESIAN_POINT ( 'NONE',  ( -10.26980866322569419, 3.000000000000000888, 2.868894558604744738 ) ) ;
#144 = EDGE_CURVE ( 'NONE', #696, #8924, #8654, .T. ) ;
#145 = CARTESIAN_POINT ( 'NONE',  ( 25.97454655753508490, 2.999999999999999112, 4.303517705077299027 ) ) ;
#146 = DIRECTION ( 'NONE',  ( 0.000000000000000000, 0.000000000000000000, 1.000000000000000000 ) ) ;
#147 = LINE ( 'NONE', #97, #4674 ) ;
#148 = ORIENTED_EDGE ( 'NONE', *, *, #4555, .F. ) ;
#149 = ORIENTED_EDGE ( 'NONE', *, *, #604, .F. ) ;
#150 = DIRECTION ( 'NONE',  ( 1.000000000000000000, 0.000000000000000000, 0.000000000000000000 ) ) ;
#151 = CARTESIAN_POINT ( 'NONE',  ( 23.76023776411001265, 3.000000000000000000, 1.028188659032164498 ) ) ;
#152 = DIRECTION ( 'NONE',  ( 0.000000000000000000, 0.000000000000000000, 1.000000000000000000 ) ) ;
#153 = EDGE_CURVE ( 'NONE', #7943, #6503, #2900, .T. ) ;
#154 = CARTESIAN_POINT ( 'NONE',  ( -7.736361482958772129, 1.000000000000000000, 4.530342895278852922 ) ) ;
#155 = CARTESIAN_POINT ( 'NONE',  ( -18.35262544849621591, 3.000000000000000444, 3.337324797882506022 ) ) ;
#156 = DIRECTION ( 'NONE',  ( -1.000000000000000000, 0.000000000000000000, 0.000000000000000000 ) ) ;
#157 = DIRECTION ( 'NONE',  ( 1.000000000000000000, 0.000000000000000000, 0.000000000000000000 ) ) ;
#158 = CARTESIAN_POINT ( 'NONE',  ( -18.41492484489912940, 1.000000000000000000, 3.687827551978846596 ) ) ;
#159 = FACE_OUTER_BOUND ( 'NONE', #4907, .T. ) ;
#160 = ORIENTED_EDGE ( 'NONE', *, *, #10355, .F. ) ;
#161 = ORIENTED_EDGE ( 'NONE', *, *, #2149, .F. ) ;
#162 = EDGE_CURVE ( 'NONE', #8182, #4927, #3698, .T. ) ;
#163 = CARTESIAN_POINT ( 'NONE',  ( -26.17430056177004971, 1.000000000000000000, 0.5176030526561972156 ) ) ;
#164 = CARTESIAN_POINT ( 'NONE',  ( -9.160985330976126662, 1.000000000000000000, 4.323667260534014289 ) ) ;
#165 = FACE_OUTER_BOUND ( 'NONE', #4289, .T. ) ;
#166 = ORIENTED_EDGE ( 'NONE', *, *, #7354, .F. ) ;
#167 = CARTESIAN_POINT ( 'NONE',  ( -10.31300132381142376, 0.9999999999999995559, 2.057549249706098315 ) ) ;
#168 = EDGE_CURVE ( 'NONE', #4303, #9985, #9397, .T. ) ;
#169 = ORIENTED_EDGE ( 'NONE', *, *, #2605, .T. ) ;
#170 = ORIENTED_EDGE ( 'NONE', *, *, #7865, .T. ) ;
#171 = ADVANCED_FACE ( 'NONE', ( #6256 ), #3588, .T. ) ;
#172 = CARTESIAN_POINT ( 'NONE',  ( 23.23880820312752604, 3.000000000000000000, 0.8901006348435255289 ) ) ;
#173 = LINE ( 'NONE', #8310, #5704 ) ;
#174 = FACE_OUTER_BOUND ( 'NONE', #4551, .T. ) ;
#175 = PLANE ( 'NONE',  #7409 ) ;
#176 = DIRECTION ( 'NONE',  ( -1.000000000000000000, 0.000000000000000000, 0.000000000000000000 ) ) ;
#177 = CARTESIAN_POINT ( 'NONE',  ( 24.64711424052578792, 0.9999999999999995559, 4.638914090795738687 ) ) ;
#178 = VECTOR ( 'NONE', #10087, 1000.000000000000000 ) ;
#179 = CARTESIAN_POINT ( 'NONE',  ( 14.68076019507293850, 1.000000000000000000, 0.8567078280890980668 ) ) ;
#180 = DIRECTION ( 'NONE',  ( -0.000000000000000000, 0.000000000000000000, 1.000000000000000000 ) ) ;
#181 = ORIENTED_EDGE ( 'NONE', *, *, #3091, .F. ) ;
#182 = ORIENTED_EDGE ( 'NONE', *, *, #4844, .F. ) ;
#183 = VECTOR ( 'NONE', #4484, 1000.000000000000000 ) ;
#184 = VECTOR ( 'NONE', #5766, 1000.000000000000000 ) ;
#185 = DIRECTION ( 'NONE',  ( -0.000000000000000000, 0.000000000000000000, -1.000000000000000000 ) ) ;
#186 = PLANE ( 'NONE',  #6410 ) ;
#187 = DIRECTION ( 'NONE',  ( -0.9992160294541988508, 0.000000000000000000, -0.03958947438127657925 ) ) ;
#188 = CARTESIAN_POINT ( 'NONE',  ( -9.702246176663530619, 3.000000000000001776, 4.630594230804857325 ) ) ;
#189 = ORIENTED_EDGE ( 'NONE', *, *, #6340, .T. ) ;
#190 = VECTOR ( 'NONE', #3412, 1000.000000000000000 ) ;
#191 = ORIENTED_EDGE ( 'NONE', *, *, #6691, .T. ) ;
#192 = ORIENTED_EDGE ( 'NONE', *, *, #7959, .F. ) ;
#193 = CARTESIAN_POINT ( 'NONE',  ( -2.305386563916230980, 1.000000000000000000, 4.869447670711752885 ) ) ;
#194 = CARTESIAN_POINT ( 'NONE',  ( -10.44986999077516998, 1.000000000000000000, 2.792126334554092537 ) ) ;
#195 = B_SPLINE_CURVE_WITH_KNOTS ( 'NONE', 3,
 ( #1240, #9383, #4479, #7737, #444, #6985, #8697, #6933, #2933, #10175, #2880, #6134, #5336, #1300, #5392, #4541, #7794, #3735, #6187 ),
 .UNSPECIFIED., .F., .F.,
 ( 4, 1, 1, 1, 1, 1, 1, 1, 1, 1, 1, 1, 1, 1, 1, 1, 4 ),
 ( 0.000000000000000000, 0.07791803754900959722, 0.1477819428553877878, 0.2088613280379001125, 0.2627656036688398866, 0.3104981514429697165, 0.3537346847223613033, 0.3935221823351586212, 0.4314606622208670972, 0.4704733829520763577, 0.5151238492254696100, 0.5641573409487256052, 0.6206409926532203691, 0.6892878810657772082, 0.7748470262240771955, 0.8783420368318625160, 1.000000000000000000 ),
 .UNSPECIFIED. ) ;
#196 = CARTESIAN_POINT ( 'NONE',  ( 25.36410196855489474, 3.000000000000002220, 4.785453858857152909 ) ) ;
#197 = AXIS2_PLACEMENT_3D ( 'NONE', #4313, #5013, #8260 ) ;
#198 = VECTOR ( 'NONE', #3252, 1000.000000000000000 ) ;
#199 = CARTESIAN_POINT ( 'NONE',  ( -19.35402124490745734, 2.999999999999999556, 3.107636586842205340 ) ) ;
#200 = CARTESIAN_POINT ( 'NONE',  ( -10.24666881344930758, 1.000000000000000444, 2.104287551292391978 ) ) ;
#201 = ORIENTED_EDGE ( 'NONE', *, *, #2949, .T. ) ;
#202 = EDGE_CURVE ( 'NONE', #5265, #4421, #6078, .T. ) ;
#203 = ORIENTED_EDGE ( 'NONE', *, *, #3740, .T. ) ;
#204 = CARTESIAN_POINT ( 'NONE',  ( 0.000000000000000000, 0.000000000000000000, -13.50000000000000178 ) ) ;
#205 = CARTESIAN_POINT ( 'NONE',  ( -18.05079840237616295, 3.000000000000000000, 1.817504691815648776 ) ) ;
#206 = CARTESIAN_POINT ( 'NONE',  ( -0.4853476520224604407, 3.000000000000000000, 0.8567078280890980668 ) ) ;
#207 = DIRECTION ( 'NONE',  ( 0.000000000000000000, 1.000000000000000000, 0.000000000000000000 ) ) ;
#208 = DIRECTION ( 'NONE',  ( 0.000000000000000000, 0.000000000000000000, 1.000000000000000000 ) ) ;
#209 = CARTESIAN_POINT ( 'NONE',  ( 13.13119345916214264, 1.000000000000000000, 3.886163467671329919 ) ) ;
#210 = CARTESIAN_POINT ( 'NONE',  ( 29.49999999999999645, 1.500000000000000000, -7.250000000000002665 ) ) ;
#211 = FACE_OUTER_BOUND ( 'NONE', #8531, .T. ) ;
#212 = CARTESIAN_POINT ( 'NONE',  ( -18.36734889846249885, 1.000000000000000000, 3.432891603450508811 ) ) ;
#213 = CARTESIAN_POINT ( 'NONE',  ( -22.75499407615497205, 1.000000000000000000, 4.925965133283901842 ) ) ;
#214 = ORIENTED_EDGE ( 'NONE', *, *, #6514, .T. ) ;
#215 = ADVANCED_FACE ( 'NONE', ( #2417 ), #3964, .T. ) ;
#216 = ORIENTED_EDGE ( 'NONE', *, *, #461, .T. ) ;
#217 = PLANE ( 'NONE',  #6641 ) ;
#218 = CYLINDRICAL_SURFACE ( 'NONE', #6349, 1.749999999999999778 ) ;
#219 = ORIENTED_EDGE ( 'NONE', *, *, #9215, .T. ) ;
#220 = LINE ( 'NONE', #8256, #9354 ) ;
#221 = VERTEX_POINT ( 'NONE', #5573 ) ;
#222 = ORIENTED_EDGE ( 'NONE', *, *, #2158, .T. ) ;
#223 = CARTESIAN_POINT ( 'NONE',  ( 22.55169994359752650, 3.000000000000000000, 2.733264202555017786 ) ) ;
#224 = CARTESIAN_POINT ( 'NONE',  ( 6.239347308710709861, 1.000000000000000000, 4.869447670711752885 ) ) ;
#225 = CARTESIAN_POINT ( 'NONE',  ( 18.46743018740698972, 1.000000000000000000, 0.8567078280890980668 ) ) ;
#226 = LINE ( 'NONE', #1767, #4858 ) ;
#227 = CARTESIAN_POINT ( 'NONE',  ( 24.95694148021962988, 1.000000000000000444, 4.567787005190035998 ) ) ;
#228 = ADVANCED_FACE ( 'NONE', ( #1633 ), #1461, .T. ) ;
#229 = ADVANCED_FACE ( 'NONE', ( #4979 ), #9526, .T. ) ;
#230 = EDGE_CURVE ( 'NONE', #1583, #4363, #5444, .T. ) ;
#231 = CARTESIAN_POINT ( 'NONE',  ( -6.215688505626859595, 3.000000000000000000, 0.5176030526561972156 ) ) ;
#232 = B_SPLINE_CURVE_WITH_KNOTS ( 'NONE', 3,
 ( #4097, #4049, #9739, #747, #2492, #3197, #6550, #9788, #1703, #1555, #8192, #4951, #7298, #4901, #7132, #4741, #3247, #6448, #1607 ),
 .UNSPECIFIED., .F., .F.,
 ( 4, 1, 1, 1, 1, 1, 1, 1, 1, 1, 1, 1, 1, 1, 1, 1, 4 ),
 ( 0.000000000000000000, 0.07600561040930617351, 0.1488015954922687623, 0.2182908230471056754, 0.2852819469664830687, 0.3499324671923164654, 0.4122332058508024200, 0.4726092666609238435, 0.5315313673322349386, 0.5896284702838786584, 0.6466653464170900589, 0.7038705366348976256, 0.7612227409901662911, 0.8194207600001672809, 0.8782550213991302535, 0.9381232224753928151, 1.000000000000000000 ),
 .UNSPECIFIED. ) ;
#233 = CARTESIAN_POINT ( 'NONE',  ( -6.857691557032376650, 1.000000000000000000, 3.399993643835850676 ) ) ;
#234 = AXIS2_PLACEMENT_3D ( 'NONE', #3337, #6540, #9732 ) ;
#235 = CARTESIAN_POINT ( 'NONE',  ( 24.78217074051227797, 2.999999999999999556, 4.619344043783010889 ) ) ;
#236 = ORIENTED_EDGE ( 'NONE', *, *, #3982, .T. ) ;
#237 = ORIENTED_EDGE ( 'NONE', *, *, #1333, .F. ) ;
#238 = LINE ( 'NONE', #5919, #5519 ) ;
#239 = CARTESIAN_POINT ( 'NONE',  ( -18.81809183529083995, 1.000000000000000000, 0.9398174165483708098 ) ) ;
#240 = CARTESIAN_POINT ( 'NONE',  ( -29.50000000000000000, 0.000000000000000000, 10.25000000000000355 ) ) ;
#241 = CARTESIAN_POINT ( 'NONE',  ( -9.203057008896232460, 3.000000000000000000, 4.381226624863280961 ) ) ;
#242 = VECTOR ( 'NONE', #2519, 1000.000000000000000 ) ;
#243 = EDGE_CURVE ( 'NONE', #5417, #4773, #6829, .T. ) ;
#244 = VERTEX_POINT ( 'NONE', #4595 ) ;
#245 = CARTESIAN_POINT ( 'NONE',  ( 23.55403595003795658, 2.999999999999999112, 0.6547349216804836392 ) ) ;
#246 = EDGE_LOOP ( 'NONE', ( #3769, #1668, #10157, #790 ) ) ;
#247 = EDGE_LOOP ( 'NONE', ( #9864, #8278 ) ) ;
#248 = LINE ( 'NONE', #2576, #6854 ) ;
#249 = CARTESIAN_POINT ( 'NONE',  ( -11.17716467745503550, 0.9999999999999995559, 1.270471429786190543 ) ) ;
#250 = VECTOR ( 'NONE', #8379, 1000.000000000000000 ) ;
#251 = CARTESIAN_POINT ( 'NONE',  ( 17.53400896961382571, 1.000000000000000000, 4.869447670711752885 ) ) ;
#252 = CARTESIAN_POINT ( 'NONE',  ( -12.94921431988692717, 3.000000000000000000, 0.5176030526561972156 ) ) ;
#253 = CARTESIAN_POINT ( 'NONE',  ( 29.50000000000000000, 1.500000000000000000, 10.25000000000000711 ) ) ;
#254 = ORIENTED_EDGE ( 'NONE', *, *, #4445, .F. ) ;
#255 = ORIENTED_EDGE ( 'NONE', *, *, #3262, .F. ) ;
#256 = VECTOR ( 'NONE', #9207, 1000.000000000000000 ) ;
#257 = CARTESIAN_POINT ( 'NONE',  ( 7.564858423098167250, 1.000000000000000000, 2.891336480686500288 ) ) ;
#258 = CIRCLE ( 'NONE', #6198, 3.000000000000002665 ) ;
#259 = CARTESIAN_POINT ( 'NONE',  ( 23.52114037338496644, 3.000000000000000444, 1.456963180161968685 ) ) ;
#260 = LINE ( 'NONE', #3497, #272 ) ;
#261 = CARTESIAN_POINT ( 'NONE',  ( 29.49999999999999645, 1.500000000000000000, -10.25000000000000000 ) ) ;
#262 = CARTESIAN_POINT ( 'NONE',  ( 13.04612866208669253, 1.000000000000000000, 4.117283965022306091 ) ) ;
#263 = CARTESIAN_POINT ( 'NONE',  ( -2.831705434119378140, 1.000000000000000000, 0.9856382895818152079 ) ) ;
#264 = VECTOR ( 'NONE', #1820, 1000.000000000000000 ) ;
#265 = DIRECTION ( 'NONE',  ( 0.7021744763694829361, 0.000000000000000000, 0.7120049190386557036 ) ) ;
#266 = VECTOR ( 'NONE', #2179, 1000.000000000000000 ) ;
#267 = FACE_OUTER_BOUND ( 'NONE', #9047, .T. ) ;
#268 = ORIENTED_EDGE ( 'NONE', *, *, #3585, .T. ) ;
#269 = EDGE_LOOP ( 'NONE', ( #2956, #6626, #5388, #2261 ) ) ;
#270 = CARTESIAN_POINT ( 'NONE',  ( -29.50000000000000000, 0.000000000000000000, 10.25000000000000355 ) ) ;
#271 = CARTESIAN_POINT ( 'NONE',  ( -26.17430056177004971, 1.000000000000000000, 4.869447670711752885 ) ) ;
#272 = VECTOR ( 'NONE', #1902, 1000.000000000000000 ) ;
#273 = ORIENTED_EDGE ( 'NONE', *, *, #3539, .F. ) ;
#274 = VECTOR ( 'NONE', #7644, 1000.000000000000000 ) ;
#275 = CARTESIAN_POINT ( 'NONE',  ( -10.47279932624139320, 3.000000000000000888, 1.890479097950270582 ) ) ;
#276 = VERTEX_POINT ( 'NONE', #1245 ) ;
#277 = ORIENTED_EDGE ( 'NONE', *, *, #6849, .T. ) ;
#278 = CARTESIAN_POINT ( 'NONE',  ( 12.15757915242046394, 3.000000000000000000, 2.318105955929529394 ) ) ;
#279 = CARTESIAN_POINT ( 'NONE',  ( 8.501811982302092119, 3.000000000000000000, 1.817504691815648776 ) ) ;
#280 = CARTESIAN_POINT ( 'NONE',  ( 22.55169994359752650, 1.000000000000000000, 2.733264202555017786 ) ) ;
#281 = ADVANCED_FACE ( 'NONE', ( #4542 ), #495, .T. ) ;
#282 = CARTESIAN_POINT ( 'NONE',  ( 24.05312411700803565, 3.000000000000000888, 4.945853801183409004 ) ) ;
#283 = CARTESIAN_POINT ( 'NONE',  ( 25.55888906315729514, 1.000000000000000000, 3.798974573225435858 ) ) ;
#284 = VECTOR ( 'NONE', #6230, 1000.000000000000000 ) ;
#285 = PLANE ( 'NONE',  #3933 ) ;
#286 = EDGE_CURVE ( 'NONE', #71, #5492, #7795, .T. ) ;
#287 = DIRECTION ( 'NONE',  ( 0.000000000000000000, 0.000000000000000000, 1.000000000000000000 ) ) ;
#288 = VERTEX_POINT ( 'NONE', #2885 ) ;
#289 = ORIENTED_EDGE ( 'NONE', *, *, #1208, .T. ) ;
#290 = VECTOR ( 'NONE', #4398, 1000.000000000000000 ) ;
#291 = CARTESIAN_POINT ( 'NONE',  ( 24.64711424052578792, 0.9999999999999995559, 4.638914090795738687 ) ) ;
#292 = CARTESIAN_POINT ( 'NONE',  ( -11.22587556575787460, 3.000000000000000000, 1.618178573387692332 ) ) ;
#293 = CARTESIAN_POINT ( 'NONE',  ( -19.87989818554063604, 1.000000000000000000, 2.778202476418800249 ) ) ;
#294 = VERTEX_POINT ( 'NONE', #7742 ) ;
#295 = EDGE_CURVE ( 'NONE', #9142, #8269, #447, .T. ) ;
#296 = EDGE_LOOP ( 'NONE', ( #8885, #4054, #5599, #4016 ) ) ;
#297 = EDGE_LOOP ( 'NONE', ( #5473, #2234, #7870, #9549 ) ) ;
#298 = CARTESIAN_POINT ( 'NONE',  ( -11.02361351998558092, 1.000000000000001332, 0.9323596846648448677 ) ) ;
#299 = ADVANCED_FACE ( 'NONE', ( #8430 ), #1143, .T. ) ;
#300 = ADVANCED_FACE ( 'NONE', ( #7847, #9385 ), #6138, .T. ) ;
#301 = CARTESIAN_POINT ( 'NONE',  ( 8.480893173423059039, 3.000000000000001332, 3.413650897609393553 ) ) ;
#302 = PLANE ( 'NONE',  #10113 ) ;
#303 = DIRECTION ( 'NONE',  ( 0.000000000000000000, 0.000000000000000000, 1.000000000000000000 ) ) ;
#304 = ORIENTED_EDGE ( 'NONE', *, *, #4764, .T. ) ;
#305 = EDGE_LOOP ( 'NONE', ( #2517, #1889, #3967, #1740 ) ) ;
#306 = FACE_OUTER_BOUND ( 'NONE', #2135, .T. ) ;
#307 = CARTESIAN_POINT ( 'NONE',  ( 10.61150288987813184, 1.000000000000000000, 4.530342895278852922 ) ) ;
#308 = CARTESIAN_POINT ( 'NONE',  ( -10.71378507215644582, 3.000000000000000888, 4.206093812980380875 ) ) ;
#309 = CARTESIAN_POINT ( 'NONE',  ( 25.51681691869863045, 0.9999999999999995559, 4.703463811059998889 ) ) ;
#310 = LINE ( 'NONE', #3546, #418 ) ;
#311 = LINE ( 'NONE', #6546, #3656 ) ;
#312 = CARTESIAN_POINT ( 'NONE',  ( 24.81440503751280602, 2.999999999999999556, 4.958272281606582510 ) ) ;
#313 = ORIENTED_EDGE ( 'NONE', *, *, #4010, .T. ) ;
#314 = ORIENTED_EDGE ( 'NONE', *, *, #340, .F. ) ;
#315 = CARTESIAN_POINT ( 'NONE',  ( -8.848142561565762065, 1.000000000000000444, 2.755919540229510467 ) ) ;
#316 = CARTESIAN_POINT ( 'NONE',  ( -9.519734650567146517, 1.000000000000000888, 4.589574918017565786 ) ) ;
#317 = PLANE ( 'NONE',  #2935 ) ;
#318 = ORIENTED_EDGE ( 'NONE', *, *, #2617, .T. ) ;
#319 = DIRECTION ( 'NONE',  ( 0.000000000000000000, 0.000000000000000000, 1.000000000000000000 ) ) ;
#320 = ORIENTED_EDGE ( 'NONE', *, *, #9460, .F. ) ;
#321 = ORIENTED_EDGE ( 'NONE', *, *, #6842, .T. ) ;
#322 = CARTESIAN_POINT ( 'NONE',  ( 12.28848197463614689, 3.000000000000000000, 1.704469766671348863 ) ) ;
#323 = CARTESIAN_POINT ( 'NONE',  ( 12.28759888928345667, 1.000000000000000000, 3.569546031552301102 ) ) ;
#324 = CARTESIAN_POINT ( 'NONE',  ( -29.50000000000000000, 1.500000000000000000, 7.250000000000001776 ) ) ;
#325 = CARTESIAN_POINT ( 'NONE',  ( 23.20435249474229167, 3.000000000000000444, 4.513959128188095526 ) ) ;
#326 = CARTESIAN_POINT ( 'NONE',  ( 25.66134533372732207, 0.9999999999999995559, 3.227166580488688652 ) ) ;
#327 = EDGE_CURVE ( 'NONE', #4676, #6839, #1190, .T. ) ;
#328 = DIRECTION ( 'NONE',  ( -1.000000000000000000, 0.000000000000000000, 2.102695122396125972E-16 ) ) ;
#329 = LINE ( 'NONE', #1177, #10379 ) ;
#330 = CARTESIAN_POINT ( 'NONE',  ( -8.309483876854480755, 1.000000000000000000, 4.530342895278852922 ) ) ;
#331 = EDGE_LOOP ( 'NONE', ( #4465, #10404, #4516, #7422, #9053, #10506, #5226, #2783, #4823, #5320, #3902, #1660, #8394, #6085, #6033, #1709, #7888, #5882, #2479, #7288, #10490, #9708, #5727, #9789, #8127, #4929, #9763, #5577, #2772, #7996, #5719, #7030 ) ) ;
#332 = ORIENTED_EDGE ( 'NONE', *, *, #8028, .F. ) ;
#333 = CARTESIAN_POINT ( 'NONE',  ( 24.48035835387214831, 1.000000000000000000, 4.643377820423151725 ) ) ;
#334 = CARTESIAN_POINT ( 'NONE',  ( -4.424791410371853750, 1.000000000000000000, 4.530342895278852922 ) ) ;
#335 = CYLINDRICAL_SURFACE ( 'NONE', #1383, 2.999999999999999112 ) ;
#336 = AXIS2_PLACEMENT_3D ( 'NONE', #80, #7207, #3210 ) ;
#337 = DIRECTION ( 'NONE',  ( 0.000000000000000000, 0.000000000000000000, -1.000000000000000000 ) ) ;
#338 = ORIENTED_EDGE ( 'NONE', *, *, #4705, .F. ) ;
#339 = FACE_OUTER_BOUND ( 'NONE', #10259, .T. ) ;
#340 = EDGE_CURVE ( 'NONE', #5418, #4573, #2087, .T. ) ;
#341 = AXIS2_PLACEMENT_3D ( 'NONE', #5288, #1301, #3742 ) ;
#342 = VERTEX_POINT ( 'NONE', #548 ) ;
#343 = VECTOR ( 'NONE', #7410, 1000.000000000000000 ) ;
#344 = ORIENTED_EDGE ( 'NONE', *, *, #10488, .F. ) ;
#345 = LINE ( 'NONE', #1249, #9624 ) ;
#346 = CARTESIAN_POINT ( 'NONE',  ( 8.433884670108403370, 3.000000000000001332, 3.148281024986630872 ) ) ;
#347 = CARTESIAN_POINT ( 'NONE',  ( -9.818676744601429363, 1.000000000000000000, 0.7436729029447979311 ) ) ;
#348 = EDGE_CURVE ( 'NONE', #10208, #1509, #5339, .T. ) ;
#349 = VECTOR ( 'NONE', #5626, 1000.000000000000000 ) ;
#350 = CARTESIAN_POINT ( 'NONE',  ( 12.25522816617650612, 2.999999999999999112, 3.194677529631569701 ) ) ;
#351 = VECTOR ( 'NONE', #6258, 1000.000000000000000 ) ;
#352 = ORIENTED_EDGE ( 'NONE', *, *, #4764, .F. ) ;
#353 = CARTESIAN_POINT ( 'NONE',  ( -14.79221345095063356, 3.000000000000000000, 2.259047368160571168 ) ) ;
#354 = ADVANCED_FACE ( 'NONE', ( #339 ), #9286, .T. ) ;
#355 = ORIENTED_EDGE ( 'NONE', *, *, #5690, .T. ) ;
#356 = EDGE_CURVE ( 'NONE', #807, #10078, #3664, .T. ) ;
#357 = CARTESIAN_POINT ( 'NONE',  ( -8.401467653979558747, 1.000000000000000444, 3.991589831309842573 ) ) ;
#358 = CARTESIAN_POINT ( 'NONE',  ( -29.50000000000000355, 0.000000000000000000, -10.24999999999999645 ) ) ;
#359 = CARTESIAN_POINT ( 'NONE',  ( -10.33379033659819690, 3.000000000000000000, 4.572430172613428212 ) ) ;
#360 = CARTESIAN_POINT ( 'NONE',  ( 26.09389116372799933, 1.000000000000001776, 4.138396932450556065 ) ) ;
#361 = DIRECTION ( 'NONE',  ( -0.000000000000000000, 1.000000000000000000, -0.000000000000000000 ) ) ;
#362 = CARTESIAN_POINT ( 'NONE',  ( 16.00538822410770834, 1.000000000000000000, 0.5176030526561972156 ) ) ;
#363 = DIRECTION ( 'NONE',  ( 1.224328923806939974E-14, -1.000000000000000000, 5.011483697723297125E-13 ) ) ;
#364 = CARTESIAN_POINT ( 'NONE',  ( 16.96481798065089563, 2.999999999999999556, 4.236238656315622464 ) ) ;
#365 = EDGE_CURVE ( 'NONE', #10451, #9928, #1515, .T. ) ;
#366 = CARTESIAN_POINT ( 'NONE',  ( -15.29645518733653375, 1.000000000000000000, 0.8567078280890980668 ) ) ;
#367 = EDGE_LOOP ( 'NONE', ( #1220, #9965, #3873, #5805 ) ) ;
#368 = EDGE_LOOP ( 'NONE', ( #4972, #5847, #3901, #8135 ) ) ;
#369 = CARTESIAN_POINT ( 'NONE',  ( -9.054349558786238816, 1.000000000000000000, 3.909852102867658274 ) ) ;
#370 = DIRECTION ( 'NONE',  ( 0.000000000000000000, 0.000000000000000000, 1.000000000000000000 ) ) ;
#371 = ORIENTED_EDGE ( 'NONE', *, *, #7093, .T. ) ;
#372 = CARTESIAN_POINT ( 'NONE',  ( 14.09527460623957040, 1.000000000000000000, 4.869447670711752885 ) ) ;
#373 = EDGE_LOOP ( 'NONE', ( #6719, #6463, #5782, #4157 ) ) ;
#374 = ORIENTED_EDGE ( 'NONE', *, *, #5993, .T. ) ;
#375 = LINE ( 'NONE', #9264, #6897 ) ;
#376 = DIRECTION ( 'NONE',  ( 0.000000000000000000, 0.000000000000000000, -1.000000000000000000 ) ) ;
#377 = CARTESIAN_POINT ( 'NONE',  ( 44.50000000000000000, 0.000000000000000000, 13.50000000000000178 ) ) ;
#378 = CARTESIAN_POINT ( 'NONE',  ( 29.50000000000000000, 0.000000000000000000, 8.500000000000007105 ) ) ;
#379 = CARTESIAN_POINT ( 'NONE',  ( 8.875357086489897185, 3.000000000000000000, 1.817504691815648776 ) ) ;
#380 = DIRECTION ( 'NONE',  ( 0.000000000000000000, 0.000000000000000000, -1.000000000000000000 ) ) ;
#381 = LINE ( 'NONE', #2827, #4088 ) ;
#382 = CARTESIAN_POINT ( 'NONE',  ( 25.43692726156337613, 3.000000000000000888, 4.115029550705583183 ) ) ;
#383 = ORIENTED_EDGE ( 'NONE', *, *, #8014, .F. ) ;
#384 = EDGE_LOOP ( 'NONE', ( #10001, #3893, #5194, #9360 ) ) ;
#385 = CARTESIAN_POINT ( 'NONE',  ( 8.704640052861430277, 3.000000000000000888, 0.8768261709491589340 ) ) ;
#386 = DIRECTION ( 'NONE',  ( 1.000000000000000000, 0.000000000000000000, 0.000000000000000000 ) ) ;
#387 = CARTESIAN_POINT ( 'NONE',  ( -10.11440487457426940, 1.000000000000000888, 4.980585770353673780 ) ) ;
#388 = CARTESIAN_POINT ( 'NONE',  ( 23.36592298192842776, 3.000000000000002665, 3.096045352496304304 ) ) ;
#389 = EDGE_CURVE ( 'NONE', #10158, #2942, #9837, .T. ) ;
#390 = DIRECTION ( 'NONE',  ( -1.000000000000000000, 0.000000000000000000, 0.000000000000000000 ) ) ;
#391 = EDGE_LOOP ( 'NONE', ( #2251, #4129, #7913, #6728, #9002, #4567, #2639, #1929, #5236, #2742, #3480, #8106, #3963, #3056 ) ) ;
#392 = CARTESIAN_POINT ( 'NONE',  ( 8.370599719118182236, 3.000000000000000000, 2.432114827456980599 ) ) ;
#393 = CARTESIAN_POINT ( 'NONE',  ( -8.547916922080741386, 3.000000000000000000, 1.760987229243498708 ) ) ;
#394 = VERTEX_POINT ( 'NONE', #4647 ) ;
#395 = EDGE_LOOP ( 'NONE', ( #6289, #10094, #1113, #930 ) ) ;
#396 = CARTESIAN_POINT ( 'NONE',  ( 17.88194459857362162, 1.000000000000000000, 4.530342895278852922 ) ) ;
#397 = DIRECTION ( 'NONE',  ( -1.000000000000000000, 0.000000000000000000, 0.000000000000000000 ) ) ;
#398 = LINE ( 'NONE', #3446, #5456 ) ;
#399 = EDGE_CURVE ( 'NONE', #244, #7071, #4565, .T. ) ;
#400 = CARTESIAN_POINT ( 'NONE',  ( -9.911022903875801759, 3.000000000000000444, 0.7447892801711264443 ) ) ;
#401 = CARTESIAN_POINT ( 'NONE',  ( -0.4853476520224604407, 3.000000000000000000, 3.679931700638531478 ) ) ;
#402 = ORIENTED_EDGE ( 'NONE', *, *, #4785, .T. ) ;
#403 = CARTESIAN_POINT ( 'NONE',  ( 6.824832897544077959, 3.000000000000000000, 0.8567078280890980668 ) ) ;
#404 = ORIENTED_EDGE ( 'NONE', *, *, #5291, .F. ) ;
#405 = SPHERICAL_SURFACE ( 'NONE', #9373, 3.000000000000000000 ) ;
#406 = CARTESIAN_POINT ( 'NONE',  ( 6.824832897544077959, 3.000000000000000000, 4.530342895278852922 ) ) ;
#407 = EDGE_CURVE ( 'NONE', #9085, #4873, #957, .T. ) ;
#408 = DIRECTION ( 'NONE',  ( 0.05071590065957923277, 0.000000000000000000, 0.9987131206809528594 ) ) ;
#409 = CARTESIAN_POINT ( 'NONE',  ( 26.48937753124154781, 1.000000000000000444, 2.651137264754862777 ) ) ;
#410 = FACE_OUTER_BOUND ( 'NONE', #1520, .T. ) ;
#411 = ADVANCED_FACE ( 'NONE', ( #2190 ), #4501, .T. ) ;
#412 = PLANE ( 'NONE',  #4583 ) ;
#413 = CARTESIAN_POINT ( 'NONE',  ( 14.09527460623957040, 1.000000000000000000, 0.5176030526561972156 ) ) ;
#414 = CARTESIAN_POINT ( 'NONE',  ( 16.67138724923329818, 3.000000000000000444, 4.457386317739907788 ) ) ;
#415 = CARTESIAN_POINT ( 'NONE',  ( -10.46956231662969117, 0.9999999999999991118, 1.020100193879948547 ) ) ;
#416 = ORIENTED_EDGE ( 'NONE', *, *, #9204, .T. ) ;
#417 = AXIS2_PLACEMENT_3D ( 'NONE', #5844, #5053, #9994 ) ;
#418 = VECTOR ( 'NONE', #6794, 1000.000000000000000 ) ;
#419 = ORIENTED_EDGE ( 'NONE', *, *, #5276, .T. ) ;
#420 = DIRECTION ( 'NONE',  ( -0.03958947438127656537, 0.000000000000000000, 0.9992160294541987398 ) ) ;
#421 = FACE_OUTER_BOUND ( 'NONE', #6223, .T. ) ;
#422 = EDGE_CURVE ( 'NONE', #4211, #3977, #3231, .T. ) ;
#423 = CARTESIAN_POINT ( 'NONE',  ( -19.36144594739096547, 0.9999999999999995559, 2.151372268722193670 ) ) ;
#424 = ORIENTED_EDGE ( 'NONE', *, *, #3852, .F. ) ;
#425 = ORIENTED_EDGE ( 'NONE', *, *, #3353, .T. ) ;
#426 = VECTOR ( 'NONE', #5831, 1000.000000000000000 ) ;
#427 = LINE ( 'NONE', #5321, #9118 ) ;
#428 = CARTESIAN_POINT ( 'NONE',  ( 23.67792844477752823, 1.000000000000000000, 4.828926583211377022 ) ) ;
#429 = VECTOR ( 'NONE', #6283, 1000.000000000000000 ) ;
#430 = CARTESIAN_POINT ( 'NONE',  ( -10.00957158137393677, 2.999999999999999112, 2.227805776788479353 ) ) ;
#431 = EDGE_CURVE ( 'NONE', #6093, #4662, #10153, .T. ) ;
#432 = LINE ( 'NONE', #2128, #2126 ) ;
#433 = CARTESIAN_POINT ( 'NONE',  ( -7.301000404082678585, 3.000000000000000000, 4.530342895278852922 ) ) ;
#434 = CARTESIAN_POINT ( 'NONE',  ( 6.824832897544077959, 3.000000000000000000, 4.530342895278852922 ) ) ;
#435 = VECTOR ( 'NONE', #9508, 1000.000000000000000 ) ;
#436 = CARTESIAN_POINT ( 'NONE',  ( 14.68076019507293850, 1.000000000000000000, 4.530342895278852922 ) ) ;
#437 = CARTESIAN_POINT ( 'NONE',  ( 12.28848197463614689, 1.000000000000000000, 1.704469766671348863 ) ) ;
#438 = EDGE_LOOP ( 'NONE', ( #9455, #1741, #7797, #2250 ) ) ;
#439 = ORIENTED_EDGE ( 'NONE', *, *, #8820, .F. ) ;
#440 = CARTESIAN_POINT ( 'NONE',  ( 9.318366910679690918, 1.000000000000000000, 1.556693250995875299 ) ) ;
#441 = CARTESIAN_POINT ( 'NONE',  ( 14.09527460623957040, 1.000000000000000000, 4.530342895278852922 ) ) ;
#442 = VECTOR ( 'NONE', #2347, 1000.000000000000000 ) ;
#443 = CARTESIAN_POINT ( 'NONE',  ( 10.02601730104476374, 1.000000000000000000, 0.8567078280890980668 ) ) ;
#444 = CARTESIAN_POINT ( 'NONE',  ( -19.72352953231021999, 1.000000000000000444, 2.432973014260338740 ) ) ;
#445 = CARTESIAN_POINT ( 'NONE',  ( -19.58935809111608961, 0.9999999999999995559, 2.808880362128499009 ) ) ;
#446 = ORIENTED_EDGE ( 'NONE', *, *, #230, .T. ) ;
#447 = LINE ( 'NONE', #8479, #7317 ) ;
#448 = VECTOR ( 'NONE', #5581, 1000.000000000000000 ) ;
#449 = DIRECTION ( 'NONE',  ( 1.000000000000000000, 0.000000000000000000, 0.000000000000000000 ) ) ;
#450 = ORIENTED_EDGE ( 'NONE', *, *, #3725, .F. ) ;
#451 = LINE ( 'NONE', #4284, #8264 ) ;
#452 = CARTESIAN_POINT ( 'NONE',  ( -9.818676744601427586, 1.000000000000000000, 0.7436729029447978201 ) ) ;
#453 = CARTESIAN_POINT ( 'NONE',  ( 20.85970840784377600, 3.000000000000000000, 4.530342895278852922 ) ) ;
#454 = LINE ( 'NONE', #10242, #10441 ) ;
#455 = FACE_OUTER_BOUND ( 'NONE', #7776, .T. ) ;
#456 = ORIENTED_EDGE ( 'NONE', *, *, #1464, .T. ) ;
#457 = DIRECTION ( 'NONE',  ( 0.000000000000000000, 0.000000000000000000, -1.000000000000000000 ) ) ;
#458 = EDGE_LOOP ( 'NONE', ( #7836, #3171, #1226, #6270 ) ) ;
#459 = CARTESIAN_POINT ( 'NONE',  ( 25.04753732946765865, 0.9999999999999995559, 0.8513258063415264365 ) ) ;
#460 = DIRECTION ( 'NONE',  ( 1.000000000000000000, 0.000000000000000000, 0.000000000000000000 ) ) ;
#461 = EDGE_CURVE ( 'NONE', #5464, #5588, #9470, .T. ) ;
#462 = DIRECTION ( 'NONE',  ( 1.000000000000000000, 0.000000000000000000, 0.000000000000000000 ) ) ;
#463 = CARTESIAN_POINT ( 'NONE',  ( -15.35650499131944358, 3.000000000000000000, 4.925965133283901842 ) ) ;
#464 = PLANE ( 'NONE',  #3332 ) ;
#465 = LINE ( 'NONE', #10199, #4161 ) ;
#466 = DIRECTION ( 'NONE',  ( -0.000000000000000000, 1.000000000000000000, 0.000000000000000000 ) ) ;
#467 = DIRECTION ( 'NONE',  ( 1.000000000000000000, 0.000000000000000000, 0.000000000000000000 ) ) ;
#468 = CARTESIAN_POINT ( 'NONE',  ( 16.03188613707180465, 3.000000000000000444, 4.530302022799554074 ) ) ;
#469 = CARTESIAN_POINT ( 'NONE',  ( -10.58077940397276429, 1.000000000000000000, 1.464270550739710908 ) ) ;
#470 = EDGE_LOOP ( 'NONE', ( #4385, #45, #488, #7104 ) ) ;
#471 = ORIENTED_EDGE ( 'NONE', *, *, #6834, .F. ) ;
#472 = CARTESIAN_POINT ( 'NONE',  ( 10.61150288987813184, 3.000000000000000000, 4.530342895278852922 ) ) ;
#473 = EDGE_CURVE ( 'NONE', #1328, #2273, #8563, .T. ) ;
#474 = DIRECTION ( 'NONE',  ( -0.000000000000000000, 1.000000000000000000, -0.000000000000000000 ) ) ;
#475 = CARTESIAN_POINT ( 'NONE',  ( -0.05263582920443654611, 1.000000000000000000, 0.8567078280890980668 ) ) ;
#476 = ORIENTED_EDGE ( 'NONE', *, *, #7307, .T. ) ;
#477 = DIRECTION ( 'NONE',  ( 0.000000000000000000, 0.000000000000000000, 1.000000000000000000 ) ) ;
#478 = DIRECTION ( 'NONE',  ( -1.000000000000000000, 0.000000000000000000, 0.000000000000000000 ) ) ;
#479 = LINE ( 'NONE', #7674, #2562 ) ;
#480 = LINE ( 'NONE', #3722, #4175 ) ;
#481 = PLANE ( 'NONE',  #1556 ) ;
#482 = CARTESIAN_POINT ( 'NONE',  ( 7.866288504040254814, 0.9999999999999995559, 2.552113846982770884 ) ) ;
#483 = EDGE_CURVE ( 'NONE', #3275, #1712, #7341, .T. ) ;
#484 = EDGE_CURVE ( 'NONE', #7368, #1983, #8086, .T. ) ;
#485 = LINE ( 'NONE', #8575, #7678 ) ;
#486 = CARTESIAN_POINT ( 'NONE',  ( -0.05263582920443654611, 3.000000000000000000, 0.8567078280890980668 ) ) ;
#487 = CARTESIAN_POINT ( 'NONE',  ( 25.47972162139294383, 3.000000000000000000, 4.018849064492343359 ) ) ;
#488 = ORIENTED_EDGE ( 'NONE', *, *, #98, .T. ) ;
#489 = ORIENTED_EDGE ( 'NONE', *, *, #1111, .F. ) ;
#490 = CARTESIAN_POINT ( 'NONE',  ( 8.477424180689936861, 2.999999999999998668, 0.8586758358809765124 ) ) ;
#491 = CARTESIAN_POINT ( 'NONE',  ( -5.852740425671333568, 1.000000000000000000, 0.5176030526561972156 ) ) ;
#492 = PLANE ( 'NONE',  #8437 ) ;
#493 = CARTESIAN_POINT ( 'NONE',  ( -24.62978427991550845, 3.000000000000000000, 4.869447670711752885 ) ) ;
#494 = EDGE_CURVE ( 'NONE', #5938, #6314, #3236, .T. ) ;
#495 = PLANE ( 'NONE',  #341 ) ;
#496 = DIRECTION ( 'NONE',  ( -0.000000000000000000, 1.000000000000000000, -0.000000000000000000 ) ) ;
#497 = ORIENTED_EDGE ( 'NONE', *, *, #754, .F. ) ;
#498 = ORIENTED_EDGE ( 'NONE', *, *, #10292, .F. ) ;
#499 = DIRECTION ( 'NONE',  ( 0.000000000000000000, 0.000000000000000000, 1.000000000000000000 ) ) ;
#500 = CARTESIAN_POINT ( 'NONE',  ( 8.480893173423059039, 0.9999999999999995559, 3.413650897609393553 ) ) ;
#501 = CARTESIAN_POINT ( 'NONE',  ( -18.42629394265522791, 3.000000000000000444, 1.763862746716056806 ) ) ;
#502 = DIRECTION ( 'NONE',  ( -1.000000000000000000, 0.000000000000000000, 0.000000000000000000 ) ) ;
#503 = CC_DESIGN_PERSON_AND_ORGANIZATION_ASSIGNMENT ( #9489, #10392, ( #4311 ) ) ;
#504 = CARTESIAN_POINT ( 'NONE',  ( 11.71336339229125656, 1.000000000000000000, 2.778202476418800249 ) ) ;
#505 = ORIENTED_EDGE ( 'NONE', *, *, #9520, .F. ) ;
#506 = AXIS2_PLACEMENT_3D ( 'NONE', #9451, #1363, #6838 ) ;
#507 = FACE_OUTER_BOUND ( 'NONE', #4921, .T. ) ;
#508 = EDGE_LOOP ( 'NONE', ( #5516, #849, #4730, #2624 ) ) ;
#509 = VECTOR ( 'NONE', #3652, 1000.000000000000000 ) ;
#510 = CARTESIAN_POINT ( 'NONE',  ( -29.50000000000000355, 1.500000000000000000, -8.499999999999996447 ) ) ;
#511 = ORIENTED_EDGE ( 'NONE', *, *, #1406, .F. ) ;
#512 = DIRECTION ( 'NONE',  ( 0.000000000000000000, 0.000000000000000000, 1.000000000000000000 ) ) ;
#513 = CARTESIAN_POINT ( 'NONE',  ( 7.866583364143999724, 1.000000000000000000, 2.891418975556117044 ) ) ;
#514 = CARTESIAN_POINT ( 'NONE',  ( 12.16573311061225660, 3.000000000000000000, 0.8567078280890980668 ) ) ;
#515 = DIRECTION ( 'NONE',  ( -1.000000000000000000, 0.000000000000000000, 0.000000000000000000 ) ) ;
#516 = VECTOR ( 'NONE', #8768, 1000.000000000000000 ) ;
#517 = VECTOR ( 'NONE', #1232, 1000.000000000000000 ) ;
#518 = CARTESIAN_POINT ( 'NONE',  ( 12.51884066499095027, 1.000000000000000888, 0.8743308374192215737 ) ) ;
#519 = DIRECTION ( 'NONE',  ( 1.000000000000000000, 0.000000000000000000, 0.000000000000000000 ) ) ;
#520 = LINE ( 'NONE', #571, #1373 ) ;
#521 = EDGE_CURVE ( 'NONE', #2574, #980, #2481, .T. ) ;
#522 = PLANE ( 'NONE',  #10273 ) ;
#523 = ORIENTED_EDGE ( 'NONE', *, *, #7375, .T. ) ;
#524 = VERTEX_POINT ( 'NONE', #2527 ) ;
#525 = CARTESIAN_POINT ( 'NONE',  ( 24.50685091445284414, 1.000000000000000000, 0.7436729029447978201 ) ) ;
#526 = VECTOR ( 'NONE', #4367, 1000.000000000000000 ) ;
#527 = AXIS2_PLACEMENT_3D ( 'NONE', #9036, #3495, #3441 ) ;
#528 = CARTESIAN_POINT ( 'NONE',  ( -11.20632168742515056, 1.000000000000000444, 1.945083330585618331 ) ) ;
#529 = DIRECTION ( 'NONE',  ( -0.000000000000000000, 1.000000000000000000, -0.000000000000000000 ) ) ;
#530 = VERTEX_POINT ( 'NONE', #1742 ) ;
#531 = CARTESIAN_POINT ( 'NONE',  ( -8.923570190545854430, 3.000000000000000444, 1.705590496967267944 ) ) ;
#532 = LINE ( 'NONE', #8462, #3311 ) ;
#533 = CARTESIAN_POINT ( 'NONE',  ( -9.031015280387613586, 3.000000000000000444, 1.221776850391198765 ) ) ;
#534 = DIRECTION ( 'NONE',  ( 0.000000000000000000, 0.000000000000000000, -1.000000000000000000 ) ) ;
#535 = CARTESIAN_POINT ( 'NONE',  ( -25.58881497293668161, 1.000000000000000000, 0.8567078280890980668 ) ) ;
#536 = EDGE_CURVE ( 'NONE', #7508, #10294, #6387, .T. ) ;
#537 = LINE ( 'NONE', #9535, #1881 ) ;
#538 = CARTESIAN_POINT ( 'NONE',  ( 12.01384242994960339, 1.000000000000000000, 4.530342895278852922 ) ) ;
#539 = FACE_OUTER_BOUND ( 'NONE', #373, .T. ) ;
#540 = ORIENTED_EDGE ( 'NONE', *, *, #4063, .T. ) ;
#541 = VERTEX_POINT ( 'NONE', #2381 ) ;
#542 = EDGE_CURVE ( 'NONE', #5141, #5376, #9298, .T. ) ;
#543 = CARTESIAN_POINT ( 'NONE',  ( 9.363703286527382375, 1.000000000000000000, 1.874022154387799066 ) ) ;
#544 = CARTESIAN_POINT ( 'NONE',  ( 19.76291639980298953, 1.000000000000000000, 0.8567078280890980668 ) ) ;
#545 = CARTESIAN_POINT ( 'NONE',  ( 9.262078086243166197, 3.000000000000000444, 1.321808856699682844 ) ) ;
#546 = CARTESIAN_POINT ( 'NONE',  ( 24.42729940537353883, 1.000000000000000000, 4.642172047479538044 ) ) ;
#547 = EDGE_CURVE ( 'NONE', #2091, #8471, #8288, .T. ) ;
#548 = CARTESIAN_POINT ( 'NONE',  ( 20.94536768705469498, 1.000000000000000000, 0.8567078280890980668 ) ) ;
#549 = DIRECTION ( 'NONE',  ( -0.04348561169846389129, 0.000000000000000000, 0.9990540533801013368 ) ) ;
#550 = VERTEX_POINT ( 'NONE', #8442 ) ;
#551 = ORIENTED_EDGE ( 'NONE', *, *, #8613, .F. ) ;
#552 = ADVANCED_FACE ( 'NONE', ( #7649 ), #943, .T. ) ;
#553 = CARTESIAN_POINT ( 'NONE',  ( 23.35767204774794692, 1.000000000000000444, 2.516252528697489943 ) ) ;
#554 = CARTESIAN_POINT ( 'NONE',  ( 22.68318624694626706, 0.9999999999999995559, 3.663234225088514595 ) ) ;
#555 = EDGE_CURVE ( 'NONE', #8011, #6787, #4081, .T. ) ;
#556 = DIRECTION ( 'NONE',  ( -0.9988387810821248713, 0.000000000000000000, 0.04817768577230591154 ) ) ;
#557 = CARTESIAN_POINT ( 'NONE',  ( 12.05612512953315907, 3.000000000000000888, 2.828579219298522851 ) ) ;
#558 = ORIENTED_EDGE ( 'NONE', *, *, #431, .F. ) ;
#559 = CARTESIAN_POINT ( 'NONE',  ( -21.56724427678712885, 1.000000000000000000, 4.869447670711752885 ) ) ;
#560 = EDGE_LOOP ( 'NONE', ( #973, #8136, #6873, #9954 ) ) ;
#561 = CARTESIAN_POINT ( 'NONE',  ( -8.381520123009002177, 2.999999999999999556, 3.856590655477635465 ) ) ;
#562 = ORIENTED_EDGE ( 'NONE', *, *, #4063, .F. ) ;
#563 = ORIENTED_EDGE ( 'NONE', *, *, #7333, .T. ) ;
#564 = CARTESIAN_POINT ( 'NONE',  ( 24.60056614528089725, 3.000000000000000000, 0.4066130785466263720 ) ) ;
#565 = CIRCLE ( 'NONE', #2768, 2.999999999999999112 ) ;
#566 = CARTESIAN_POINT ( 'NONE',  ( 8.500928896949403679, 1.000000000000000000, 3.682580956696600794 ) ) ;
#567 = CARTESIAN_POINT ( 'NONE',  ( -11.22013319932021069, 3.000000000000000444, 4.754646574862072761 ) ) ;
#568 = CARTESIAN_POINT ( 'NONE',  ( 16.53651859550983971, 3.000000000000001332, 4.494710846717205222 ) ) ;
#569 = PLANE ( 'NONE',  #5433 ) ;
#570 = CARTESIAN_POINT ( 'NONE',  ( -11.16561422591572317, 2.999999999999999556, 4.774756783420821549 ) ) ;
#571 = CARTESIAN_POINT ( 'NONE',  ( -13.84024744075097857, 1.000000000000000000, 4.925965133283901842 ) ) ;
#572 = CARTESIAN_POINT ( 'NONE',  ( -10.21876607926225766, 0.9999999999999995559, 0.8120413299455317979 ) ) ;
#573 = ORIENTED_EDGE ( 'NONE', *, *, #8789, .F. ) ;
#574 = AXIS2_PLACEMENT_3D ( 'NONE', #2472, #5729, #882 ) ;
#575 = ORIENTED_EDGE ( 'NONE', *, *, #7844, .F. ) ;
#576 = CARTESIAN_POINT ( 'NONE',  ( -8.433372944419096129, 0.9999999999999995559, 3.311334335300748499 ) ) ;
#577 = CARTESIAN_POINT ( 'NONE',  ( 24.50685091445284414, 3.000000000000000000, 0.7436729029447978201 ) ) ;
#578 = CARTESIAN_POINT ( 'NONE',  ( -10.78205616608536488, 1.000000000000000888, 2.605006170147506239 ) ) ;
#579 = CARTESIAN_POINT ( 'NONE',  ( 12.69946990916673357, 2.999999999999999556, 0.9109072515481143606 ) ) ;
#580 = EDGE_CURVE ( 'NONE', #4690, #8592, #5186, .T. ) ;
#581 = CARTESIAN_POINT ( 'NONE',  ( -15.35650499131944358, 1.000000000000000000, 4.925965133283901842 ) ) ;
#582 = CARTESIAN_POINT ( 'NONE',  ( 12.28848197463614689, 3.000000000000000000, 1.704469766671348863 ) ) ;
#583 = DIRECTION ( 'NONE',  ( 0.000000000000000000, 1.000000000000000000, 0.000000000000000000 ) ) ;
#584 = CARTESIAN_POINT ( 'NONE',  ( -9.077059035404516862, 0.9999999999999991118, 1.130696827639742663 ) ) ;
#585 = DIRECTION ( 'NONE',  ( 1.000000000000000000, 0.000000000000000000, 0.000000000000000000 ) ) ;
#586 = VECTOR ( 'NONE', #9252, 1000.000000000000000 ) ;
#587 = CARTESIAN_POINT ( 'NONE',  ( 23.37963749733824059, 0.9999999999999995559, 2.151334741544307594 ) ) ;
#588 = FACE_OUTER_BOUND ( 'NONE', #6074, .T. ) ;
#589 = CARTESIAN_POINT ( 'NONE',  ( -18.39117709302280801, 0.9999999999999991118, 3.568333582816927141 ) ) ;
#590 = VECTOR ( 'NONE', #7673, 1000.000000000000114 ) ;
#591 = DIRECTION ( 'NONE',  ( 1.000000000000000000, 0.000000000000000000, 0.000000000000000000 ) ) ;
#592 = EDGE_CURVE ( 'NONE', #7850, #342, #1683, .T. ) ;
#593 = ORIENTED_EDGE ( 'NONE', *, *, #4115, .F. ) ;
#594 = ORIENTED_EDGE ( 'NONE', *, *, #5738, .T. ) ;
#595 = CARTESIAN_POINT ( 'NONE',  ( 8.887419442836694827, 2.999999999999999556, 0.9138588979055430883 ) ) ;
#596 = CARTESIAN_POINT ( 'NONE',  ( 17.53400896961382571, 3.000000000000000000, 4.869447670711752885 ) ) ;
#597 = CARTESIAN_POINT ( 'NONE',  ( 9.291664283207463626, 3.000000000000000000, 1.428944609190210269 ) ) ;
#598 = CARTESIAN_POINT ( 'NONE',  ( 24.48035835387214831, 1.000000000000000000, 4.643377820423151725 ) ) ;
#599 = AXIS2_PLACEMENT_3D ( 'NONE', #7969, #3918, #5466 ) ;
#600 = VECTOR ( 'NONE', #4415, 1000.000000000000000 ) ;
#601 = PERSON_AND_ORGANIZATION ( #1315, #746 ) ;
#602 = CARTESIAN_POINT ( 'NONE',  ( -5.794456792393803291, 3.000000000000000000, 4.530342895278852922 ) ) ;
#603 = LINE ( 'NONE', #3689, #8326 ) ;
#604 = EDGE_CURVE ( 'NONE', #9015, #7508, #4026, .T. ) ;
#605 = ORIENTED_EDGE ( 'NONE', *, *, #1333, .T. ) ;
#606 = ORIENTED_EDGE ( 'NONE', *, *, #5580, .T. ) ;
#607 = VECTOR ( 'NONE', #3593, 1000.000000000000000 ) ;
#608 = CARTESIAN_POINT ( 'NONE',  ( 24.46622898822910841, 1.000000000000000000, 4.982482595856052576 ) ) ;
#609 = CARTESIAN_POINT ( 'NONE',  ( 23.67792844477752823, 3.000000000000000444, 4.828926583211377022 ) ) ;
#610 = CARTESIAN_POINT ( 'NONE',  ( -9.918465389455381143, 3.000000000000000444, 4.643377820423152613 ) ) ;
#611 = CARTESIAN_POINT ( 'NONE',  ( -10.17746588149782916, 1.000000000000000444, 4.618772882016020098 ) ) ;
#612 = VERTEX_POINT ( 'NONE', #7274 ) ;
#613 = VECTOR ( 'NONE', #6706, 1000.000000000000000 ) ;
#614 = CARTESIAN_POINT ( 'NONE',  ( 12.97782943076813744, 3.000000000000001776, 4.235810474738924469 ) ) ;
#615 = ORIENTED_EDGE ( 'NONE', *, *, #4014, .T. ) ;
#616 = CARTESIAN_POINT ( 'NONE',  ( 25.34715081508804602, 1.000000000000000888, 1.105216363041718219 ) ) ;
#617 = CARTESIAN_POINT ( 'NONE',  ( -10.65922810852822344, 0.9999999999999995559, 0.6014391550767115291 ) ) ;
#618 = ADVANCED_FACE ( 'NONE', ( #719 ), #5447, .T. ) ;
#619 = EDGE_CURVE ( 'NONE', #6560, #5034, #8644, .T. ) ;
#620 = EDGE_LOOP ( 'NONE', ( #4074, #4039, #10061, #3459 ) ) ;
#621 = CARTESIAN_POINT ( 'NONE',  ( 26.48408698089145474, 1.000000000000000444, 2.409791219588122591 ) ) ;
#622 = CARTESIAN_POINT ( 'NONE',  ( 10.02601730104476374, 1.000000000000000000, 0.8567078280890980668 ) ) ;
#623 = VECTOR ( 'NONE', #4818, 1000.000000000000000 ) ;
#624 = CARTESIAN_POINT ( 'NONE',  ( 24.46622898822910841, 1.000000000000000000, 4.982482595856052576 ) ) ;
#625 = CARTESIAN_POINT ( 'NONE',  ( 17.03408479001010178, 3.000000000000000000, 4.119517972008918782 ) ) ;
#626 = CARTESIAN_POINT ( 'NONE',  ( 17.16916126267859255, 1.000000000000000444, 3.685333279932599737 ) ) ;
#627 = CARTESIAN_POINT ( 'NONE',  ( -11.06275367289554090, 3.000000000000000000, 4.812698568537673083 ) ) ;
#628 = DIRECTION ( 'NONE',  ( -0.000000000000000000, 1.000000000000000000, -0.000000000000000000 ) ) ;
#629 = DIRECTION ( 'NONE',  ( 0.000000000000000000, 0.000000000000000000, -1.000000000000000000 ) ) ;
#630 = VERTEX_POINT ( 'NONE', #5237 ) ;
#631 = EDGE_LOOP ( 'NONE', ( #10183, #1194, #9608 ) ) ;
#632 = CARTESIAN_POINT ( 'NONE',  ( 25.23600702681467922, 3.000000000000000000, 0.9828147729284879563 ) ) ;
#633 = PLANE ( 'NONE',  #7024 ) ;
#634 = DIRECTION ( 'NONE',  ( -0.000000000000000000, 1.000000000000000000, -0.000000000000000000 ) ) ;
#635 = CARTESIAN_POINT ( 'NONE',  ( -5.794456792393803291, 1.000000000000000000, 4.869447670711752885 ) ) ;
#636 = CARTESIAN_POINT ( 'NONE',  ( -9.054665725340386828, 1.000000000000000000, 3.847372704073850791 ) ) ;
#637 = CARTESIAN_POINT ( 'NONE',  ( -19.46842823388445609, 1.000000000000000444, 2.354533257635949894 ) ) ;
#638 = DIRECTION ( 'NONE',  ( -0.000000000000000000, 1.000000000000000000, -0.000000000000000000 ) ) ;
#639 = CARTESIAN_POINT ( 'NONE',  ( 23.44739082628034410, 3.000000000000000444, 3.707936371559186206 ) ) ;
#640 = CARTESIAN_POINT ( 'NONE',  ( 13.15540869418238579, 3.000000000000000000, 3.793105207036271853 ) ) ;
#641 = DIRECTION ( 'NONE',  ( -1.000000000000000000, 0.000000000000000000, 0.000000000000000000 ) ) ;
#642 = ORIENTED_EDGE ( 'NONE', *, *, #7900, .T. ) ;
#643 = CARTESIAN_POINT ( 'NONE',  ( -18.34486582482188410, 3.000000000000000000, 3.286958718691550541 ) ) ;
#644 = DIRECTION ( 'NONE',  ( -0.000000000000000000, 1.000000000000000000, -0.000000000000000000 ) ) ;
#645 = ORIENTED_EDGE ( 'NONE', *, *, #5562, .F. ) ;
#646 = LINE ( 'NONE', #3891, #9521 ) ;
#647 = ORIENTED_EDGE ( 'NONE', *, *, #1455, .T. ) ;
#648 = ORIENTED_EDGE ( 'NONE', *, *, #8298, .F. ) ;
#649 = CARTESIAN_POINT ( 'NONE',  ( -23.39523095685510867, 1.000000000000000000, 0.5176030526561972156 ) ) ;
#650 = LINE ( 'NONE', #8963, #5863 ) ;
#651 = PLANE ( 'NONE',  #9124 ) ;
#652 = CARTESIAN_POINT ( 'NONE',  ( 23.55530197321672858, 1.000000000000000888, 4.051858583906426503 ) ) ;
#653 = EDGE_CURVE ( 'NONE', #7098, #8375, #5340, .T. ) ;
#654 = CARTESIAN_POINT ( 'NONE',  ( 8.217233344373131132, 2.999999999999999556, 2.921035443091956729 ) ) ;
#655 = DIRECTION ( 'NONE',  ( -1.000000000000000000, 0.000000000000000000, 0.000000000000000000 ) ) ;
#656 = EDGE_LOOP ( 'NONE', ( #7671, #4495, #1754, #5853 ) ) ;
#657 = ORIENTED_EDGE ( 'NONE', *, *, #816, .F. ) ;
#658 = CARTESIAN_POINT ( 'NONE',  ( 23.81748925403557848, 3.000000000000000888, 0.9716792390685065062 ) ) ;
#659 = CARTESIAN_POINT ( 'NONE',  ( 23.34935560057314063, 0.9999999999999995559, 4.636509128341351982 ) ) ;
#660 = CARTESIAN_POINT ( 'NONE',  ( -10.46956231662969117, 2.999999999999999112, 1.020100193879948547 ) ) ;
#661 = EDGE_CURVE ( 'NONE', #6785, #9696, #8910, .T. ) ;
#662 = CARTESIAN_POINT ( 'NONE',  ( 7.564858423098167250, 1.000000000000000000, 2.552231705253599880 ) ) ;
#663 = ORIENTED_EDGE ( 'NONE', *, *, #878, .F. ) ;
#664 = CARTESIAN_POINT ( 'NONE',  ( 12.55467694346239860, 2.999999999999999112, 4.493761583039510121 ) ) ;
#665 = ORIENTED_EDGE ( 'NONE', *, *, #8884, .T. ) ;
#666 = CARTESIAN_POINT ( 'NONE',  ( 29.50000000000000000, 1.500000000000000000, 10.25000000000000711 ) ) ;
#667 = VERTEX_POINT ( 'NONE', #10503 ) ;
#668 = PLANE ( 'NONE',  #8385 ) ;
#669 = CARTESIAN_POINT ( 'NONE',  ( -10.26980866322569419, 3.000000000000000888, 2.868894558604744738 ) ) ;
#670 = CARTESIAN_POINT ( 'NONE',  ( 12.26554472100673010, 0.9999999999999995559, 1.966794162330093299 ) ) ;
#671 = ADVANCED_FACE ( 'NONE', ( #1465 ), #3899, .T. ) ;
#672 = CARTESIAN_POINT ( 'NONE',  ( 17.21486189768705444, 3.000000000000000000, 3.430879011084310370 ) ) ;
#673 = CARTESIAN_POINT ( 'NONE',  ( 16.41152928157661250, 0.9999999999999995559, 4.513276874685441697 ) ) ;
#674 = LINE ( 'NONE', #5683, #2106 ) ;
#675 = CARTESIAN_POINT ( 'NONE',  ( 17.22841989764105008, 3.000000000000000000, 3.336451490421854515 ) ) ;
#676 = EDGE_CURVE ( 'NONE', #8653, #3046, #5452, .T. ) ;
#677 = CARTESIAN_POINT ( 'NONE',  ( 4.089034474910937966, 1.000000000000000000, 3.117406330975100115 ) ) ;
#678 = VECTOR ( 'NONE', #2038, 1000.000000000000000 ) ;
#679 = ADVANCED_FACE ( 'NONE', ( #3363 ), #918, .T. ) ;
#680 = ORIENTED_EDGE ( 'NONE', *, *, #5366, .F. ) ;
#681 = ORIENTED_EDGE ( 'NONE', *, *, #6673, .F. ) ;
#682 = PLANE ( 'NONE',  #3414 ) ;
#683 = CARTESIAN_POINT ( 'NONE',  ( -8.766411006944771600, 2.999999999999999556, 0.5669513160472883229 ) ) ;
#684 = CARTESIAN_POINT ( 'NONE',  ( 13.15168764647444455, 1.000000000000000000, 1.663070207060319827 ) ) ;
#685 = VECTOR ( 'NONE', #9014, 999.9999999999998863 ) ;
#686 = CARTESIAN_POINT ( 'NONE',  ( -0.4305963601556900833, 1.000000000000000000, 4.925965133283901842 ) ) ;
#687 = DIRECTION ( 'NONE',  ( 0.000000000000000000, 0.000000000000000000, 1.000000000000000000 ) ) ;
#688 = FACE_BOUND ( 'NONE', #1582, .T. ) ;
#689 = DIRECTION ( 'NONE',  ( 0.000000000000000000, 0.000000000000000000, 1.000000000000000000 ) ) ;
#690 = B_SPLINE_SURFACE_WITH_KNOTS ( 'NONE', 3, 1, ( 
 ( #6891, #1091 ),
 ( #9186, #6036 ),
 ( #10132, #2841 ),
 ( #5190, #2092 ),
 ( #249, #5982 ),
 ( #2680, #1891 ),
 ( #4338, #7595 ),
 ( #298, #9237 ),
 ( #8434, #1146 ),
 ( #4387, #7997 ),
 ( #1564, #9591 ),
 ( #1617, #9747 ),
 ( #2943, #8110 ),
 ( #8054, #810 ),
 ( #1306, #4911 ),
 ( #3152, #4863 ),
 ( #9648, #4546 ),
 ( #25, #6562 ),
 ( #5607, #3304 ) ),
 .UNSPECIFIED., .F., .F., .F.,
 ( 4, 1, 1, 1, 1, 1, 1, 1, 1, 1, 1, 1, 1, 1, 1, 1, 4 ),
 ( 2, 2 ),
 ( 0.000000000000000000, 0.06353028424902233684, 0.1250331663490659717, 0.1847252572246808611, 0.2429917911461267066, 0.3005315754643606008, 0.3569191084157767868, 0.4129412352683994314, 0.4691127945733242766, 0.5267311951353219612, 0.5856771408744658736, 0.6466543944729605808, 0.7102993698859639826, 0.7771723602169038347, 0.8475998901987994438, 0.9217554285689844029, 1.000000000000000000 ),
 ( 0.000000000000000000, 1.000000000000000000 ),
 .UNSPECIFIED. ) ;
#691 = LINE ( 'NONE', #3195, #6385 ) ;
#692 = CARTESIAN_POINT ( 'NONE',  ( 6.239347308710709861, 1.000000000000000000, 4.869447670711752885 ) ) ;
#693 = CARTESIAN_POINT ( 'NONE',  ( -11.22013319932021069, 1.000000000000000000, 4.754646574862072761 ) ) ;
#694 = EDGE_CURVE ( 'NONE', #3977, #4211, #1879, .T. ) ;
#695 = VECTOR ( 'NONE', #5271, 1000.000000000000000 ) ;
#696 = VERTEX_POINT ( 'NONE', #2561 ) ;
#697 = CARTESIAN_POINT ( 'NONE',  ( 26.48758884775925893, 3.000000000000000000, 2.569540520382531668 ) ) ;
#698 = LINE ( 'NONE', #4744, #3422 ) ;
#699 = FACE_OUTER_BOUND ( 'NONE', #8022, .T. ) ;
#700 = ORIENTED_EDGE ( 'NONE', *, *, #5625, .T. ) ;
#701 = B_SPLINE_CURVE_WITH_KNOTS ( 'NONE', 3,
 ( #7426, #3369, #6622, #5818, #4876, #714, #7211, #3167, #7269, #4020, #6420, #9661, #5617, #8123, #8864, #770, #10508, #2413, #5074 ),
 .UNSPECIFIED., .F., .F.,
 ( 4, 1, 1, 1, 1, 1, 1, 1, 1, 1, 1, 1, 1, 1, 1, 1, 4 ),
 ( 0.000000000000000000, 0.1002760215511163261, 0.1884173823291731276, 0.2639066777309093670, 0.3275923252930547092, 0.3832639486679156327, 0.4346089592192474704, 0.4826166254080098139, 0.5272728830494990415, 0.5714626396067599146, 0.6177593964000199778, 0.6673713462046220180, 0.7206851317115922084, 0.7797222101619644130, 0.8458816698827497094, 0.9189213191149459004, 1.000000000000000000 ),
 .UNSPECIFIED. ) ;
#702 = LINE ( 'NONE', #6509, #1298 ) ;
#703 = LINE ( 'NONE', #1565, #8244 ) ;
#704 = AXIS2_PLACEMENT_3D ( 'NONE', #8893, #3085, #9525 ) ;
#705 = VECTOR ( 'NONE', #644, 1000.000000000000000 ) ;
#706 = CARTESIAN_POINT ( 'NONE',  ( 9.092610664187843028, 0.9999999999999995559, 1.029418620841137333 ) ) ;
#707 = CARTESIAN_POINT ( 'NONE',  ( 0.000000000000000000, 1.000000000000000000, 0.000000000000000000 ) ) ;
#708 = DIRECTION ( 'NONE',  ( -1.000000000000000000, 0.000000000000000000, 0.000000000000000000 ) ) ;
#709 = FACE_OUTER_BOUND ( 'NONE', #2345, .T. ) ;
#710 = ORIENTED_EDGE ( 'NONE', *, *, #904, .F. ) ;
#711 = ORIENTED_EDGE ( 'NONE', *, *, #10100, .T. ) ;
#712 = ADVANCED_FACE ( 'NONE', ( #3313 ), #4219, .T. ) ;
#713 = CARTESIAN_POINT ( 'NONE',  ( -20.24173316239967235, 1.000000000000000000, 4.530342895278852922 ) ) ;
#714 = CARTESIAN_POINT ( 'NONE',  ( -18.52654208268601366, 3.000000000000001332, 1.301824405050306943 ) ) ;
#715 = DIRECTION ( 'NONE',  ( 0.000000000000000000, 0.000000000000000000, 1.000000000000000000 ) ) ;
#716 = CARTESIAN_POINT ( 'NONE',  ( -10.76497019624698659, 1.000000000000000000, 4.104986130331195859 ) ) ;
#717 = VERTEX_POINT ( 'NONE', #8418 ) ;
#718 = CARTESIAN_POINT ( 'NONE',  ( 12.22465492200134918, 3.000000000000000888, 4.526377658721216335 ) ) ;
#719 = FACE_OUTER_BOUND ( 'NONE', #1508, .T. ) ;
#720 = CARTESIAN_POINT ( 'NONE',  ( -9.447151901708696897, 2.999999999999999556, 4.935489479441332428 ) ) ;
#721 = ORIENTED_EDGE ( 'NONE', *, *, #3845, .F. ) ;
#722 = VERTEX_POINT ( 'NONE', #486 ) ;
#723 = DIRECTION ( 'NONE',  ( 2.102695122396129669E-16, -0.000000000000000000, 1.000000000000000000 ) ) ;
#724 = CARTESIAN_POINT ( 'NONE',  ( -11.08001109904224712, 3.000000000000000444, 2.281501007197624720 ) ) ;
#725 = ADVANCED_FACE ( 'NONE', ( #4586 ), #6179, .T. ) ;
#726 = CARTESIAN_POINT ( 'NONE',  ( 12.23181563044091646, 0.9999999999999995559, 2.151372268722193670 ) ) ;
#727 = CARTESIAN_POINT ( 'NONE',  ( 16.10344541201522972, 3.000000000000000444, 4.530223176326022561 ) ) ;
#728 = DIRECTION ( 'NONE',  ( -0.000000000000000000, 0.000000000000000000, 1.000000000000000000 ) ) ;
#729 = DIRECTION ( 'NONE',  ( 1.000000000000000000, 0.000000000000000000, 0.000000000000000000 ) ) ;
#730 = CARTESIAN_POINT ( 'NONE',  ( 4.089034474910937966, 3.000000000000000000, 3.682580956696600794 ) ) ;
#731 = CARTESIAN_POINT ( 'NONE',  ( -14.56262736563275517, 1.000000000000000000, 2.841829195285969334 ) ) ;
#732 = ORIENTED_EDGE ( 'NONE', *, *, #8414, .T. ) ;
#733 = ORIENTED_EDGE ( 'NONE', *, *, #327, .F. ) ;
#734 = EDGE_CURVE ( 'NONE', #1888, #5353, #329, .T. ) ;
#735 = VECTOR ( 'NONE', #474, 1000.000000000000000 ) ;
#736 = CARTESIAN_POINT ( 'NONE',  ( -9.535683681315846982, 0.9999999999999995559, 0.7743534183485472067 ) ) ;
#737 = CARTESIAN_POINT ( 'NONE',  ( 24.20505659787279384, 2.999999999999999556, 0.7710678344399278794 ) ) ;
#738 = CARTESIAN_POINT ( 'NONE',  ( 13.17509966873675076, 1.000000000000000000, 1.817504691815648776 ) ) ;
#739 = EDGE_CURVE ( 'NONE', #2741, #5141, #1131, .T. ) ;
#740 = EDGE_CURVE ( 'NONE', #4150, #2651, #3677, .T. ) ;
#741 = DIRECTION ( 'NONE',  ( -0.000000000000000000, 1.000000000000000000, -0.000000000000000000 ) ) ;
#742 = CARTESIAN_POINT ( 'NONE',  ( -19.97150904447657638, 3.000000000000000000, 2.439196780109299301 ) ) ;
#743 = CARTESIAN_POINT ( 'NONE',  ( 29.49999999999999645, 1.500000000000000000, -12.00000000000000000 ) ) ;
#744 = CARTESIAN_POINT ( 'NONE',  ( 23.74820608440468916, 1.000000000000000444, 4.365657919915234331 ) ) ;
#745 = CARTESIAN_POINT ( 'NONE',  ( 19.15447059179969003, 1.000000000000000000, 2.622878533468787410 ) ) ;
#746 = ORGANIZATION ( 'UNSPECIFIED', 'UNSPECIFIED', '' ) ;
#747 = CARTESIAN_POINT ( 'NONE',  ( 22.58440081841251867, 1.000000000000000000, 2.227887622177754157 ) ) ;
#748 = ORIENTED_EDGE ( 'NONE', *, *, #3740, .F. ) ;
#749 = EDGE_CURVE ( 'NONE', #8153, #4065, #381, .T. ) ;
#750 = CARTESIAN_POINT ( 'NONE',  ( -18.41816190909514006, 3.000000000000000000, 1.817504691815648776 ) ) ;
#751 = CARTESIAN_POINT ( 'NONE',  ( 6.239347308710709861, 3.000000000000000000, 4.869447670711752885 ) ) ;
#752 = ORIENTED_EDGE ( 'NONE', *, *, #10299, .T. ) ;
#753 = CARTESIAN_POINT ( 'NONE',  ( -11.22013319932021069, 3.000000000000000000, 4.754646574862072761 ) ) ;
#754 = EDGE_CURVE ( 'NONE', #3403, #3106, #10057, .T. ) ;
#755 = ORIENTED_EDGE ( 'NONE', *, *, #6972, .F. ) ;
#756 = ORIENTED_EDGE ( 'NONE', *, *, #7436, .F. ) ;
#757 = EDGE_CURVE ( 'NONE', #10137, #7359, #9959, .T. ) ;
#758 = AXIS2_PLACEMENT_3D ( 'NONE', #9463, #6796, #6052 ) ;
#759 = DIRECTION ( 'NONE',  ( 0.000000000000000000, 0.000000000000000000, 1.000000000000000000 ) ) ;
#760 = CARTESIAN_POINT ( 'NONE',  ( -18.11349746241714698, 3.000000000000000000, 0.5176030526561972156 ) ) ;
#761 = CYLINDRICAL_SURFACE ( 'NONE', #5706, 2.999999999999997335 ) ;
#762 = CARTESIAN_POINT ( 'NONE',  ( 13.16696763517666291, 0.9999999999999995559, 1.763862746716056362 ) ) ;
#763 = CARTESIAN_POINT ( 'NONE',  ( 12.27830576285648689, 2.999999999999999556, 1.842985950414045115 ) ) ;
#764 = VECTOR ( 'NONE', #4603, 1000.000000000000000 ) ;
#765 = CARTESIAN_POINT ( 'NONE',  ( -14.79221345095063356, 3.000000000000000000, 2.259047368160571168 ) ) ;
#766 = ORIENTED_EDGE ( 'NONE', *, *, #8224, .T. ) ;
#767 = ORIENTED_EDGE ( 'NONE', *, *, #9221, .F. ) ;
#768 = AXIS2_PLACEMENT_3D ( 'NONE', #6998, #5402, #9394 ) ;
#769 = FACE_OUTER_BOUND ( 'NONE', #1364, .T. ) ;
#770 = CARTESIAN_POINT ( 'NONE',  ( -19.18129693839157213, 2.999999999999999556, 0.8648130324602636421 ) ) ;
#771 = VECTOR ( 'NONE', #5065, 1000.000000000000000 ) ;
#772 = CARTESIAN_POINT ( 'NONE',  ( 20.94536768705469498, 1.000000000000000000, 0.8567078280890980668 ) ) ;
#773 = CARTESIAN_POINT ( 'NONE',  ( -21.56724427678712885, 1.000000000000000000, 0.8567078280890980668 ) ) ;
#774 = VERTEX_POINT ( 'NONE', #7676 ) ;
#775 = CARTESIAN_POINT ( 'NONE',  ( 12.97782943076813744, 1.000000000000001332, 4.235810474738924469 ) ) ;
#776 = CIRCLE ( 'NONE', #8091, 2.999999999999997335 ) ;
#777 = CARTESIAN_POINT ( 'NONE',  ( -9.447151901708696897, 0.9999999999999995559, 4.935489479441332428 ) ) ;
#778 = VECTOR ( 'NONE', #1107, 1000.000000000000000 ) ;
#779 = B_SPLINE_SURFACE_WITH_KNOTS ( 'NONE', 3, 1, ( 
 ( #9698, #9164 ),
 ( #7519, #2660 ),
 ( #9219, #6658 ),
 ( #5011, #5116 ),
 ( #9056, #4312 ),
 ( #2551, #9800 ),
 ( #8407, #8259 ),
 ( #5807, #2603 ),
 ( #7414, #4160 ),
 ( #5910, #9005 ),
 ( #3305, #1765 ),
 ( #9901, #1920 ),
 ( #6612, #5857 ),
 ( #9956, #2504 ),
 ( #9113, #1714 ),
 ( #8360, #7566 ),
 ( #75, #5165 ),
 ( #3515, #4263 ),
 ( #964, #279 ) ),
 .UNSPECIFIED., .F., .F., .F.,
 ( 4, 1, 1, 1, 1, 1, 1, 1, 1, 1, 1, 1, 1, 1, 1, 1, 4 ),
 ( 2, 2 ),
 ( 0.000000000000000000, 0.07787292094786968377, 0.1476963732083403091, 0.2087403918140505743, 0.2626134554460765602, 0.3095945281426245033, 0.3532903778341996426, 0.3930548374353033947, 0.4309713499394045022, 0.4699614812751924386, 0.5139711402980120525, 0.5636488854585625097, 0.6194024342821988771, 0.6880095743337663050, 0.7742450341433853023, 0.8776801184072766659, 1.000000000000000000 ),
 ( 0.000000000000000000, 1.000000000000000000 ),
 .UNSPECIFIED. ) ;
#780 = ORIENTED_EDGE ( 'NONE', *, *, #2353, .F. ) ;
#781 = ORIENTED_EDGE ( 'NONE', *, *, #4445, .T. ) ;
#782 = CARTESIAN_POINT ( 'NONE',  ( -8.678320414489038015, 1.000000000000000000, 0.5950162232665486828 ) ) ;
#783 = LINE ( 'NONE', #5520, #1956 ) ;
#784 = CARTESIAN_POINT ( 'NONE',  ( -10.11440487457426940, 1.000000000000000888, 4.980585770353673780 ) ) ;
#785 = CARTESIAN_POINT ( 'NONE',  ( 15.99479119987542575, 3.000000000000000000, 4.530342895278852922 ) ) ;
#786 = CARTESIAN_POINT ( 'NONE',  ( 17.03408479001010178, 1.000000000000000000, 4.119517972008918782 ) ) ;
#787 = CARTESIAN_POINT ( 'NONE',  ( 7.564858423098167250, 3.000000000000000000, 2.552231705253599880 ) ) ;
#788 = AXIS2_PLACEMENT_3D ( 'NONE', #2586, #1105, #3499 ) ;
#789 = CARTESIAN_POINT ( 'NONE',  ( -8.585006506893714473, 3.000000000000000000, 0.6271056363897379304 ) ) ;
#790 = ORIENTED_EDGE ( 'NONE', *, *, #1254, .F. ) ;
#791 = EDGE_CURVE ( 'NONE', #8478, #2035, #7469, .T. ) ;
#792 = EDGE_LOOP ( 'NONE', ( #5758, #6654 ) ) ;
#793 = LINE ( 'NONE', #4893, #6485 ) ;
#794 = CARTESIAN_POINT ( 'NONE',  ( -19.31495581497541281, 2.999999999999999556, 1.842985950414045115 ) ) ;
#795 = VECTOR ( 'NONE', #4667, 1000.000000000000000 ) ;
#796 = PLANE ( 'NONE',  #7237 ) ;
#797 = CARTESIAN_POINT ( 'NONE',  ( 12.17169054821956564, 3.000000000000000000, 2.926070042300680019 ) ) ;
#798 = FACE_OUTER_BOUND ( 'NONE', #1827, .T. ) ;
#799 = LINE ( 'NONE', #9635, #2221 ) ;
#800 = CARTESIAN_POINT ( 'NONE',  ( 15.42078572062702868, 1.000000000000000000, 4.530342895278852922 ) ) ;
#801 = DIRECTION ( 'NONE',  ( -1.000000000000000000, 0.000000000000000000, 0.000000000000000000 ) ) ;
#802 = CARTESIAN_POINT ( 'NONE',  ( -22.37703354520371590, 1.000000000000000000, 4.925965133283901842 ) ) ;
#803 = EDGE_CURVE ( 'NONE', #8861, #7060, #1127, .T. ) ;
#804 = VERTEX_POINT ( 'NONE', #379 ) ;
#805 = CARTESIAN_POINT ( 'NONE',  ( 24.95568646655243228, 2.999999999999999112, 0.4419682782090174622 ) ) ;
#806 = CARTESIAN_POINT ( 'NONE',  ( -19.45325567638793984, 1.000000000000000000, 2.885098251483007470 ) ) ;
#807 = VERTEX_POINT ( 'NONE', #4370 ) ;
#808 = DIRECTION ( 'NONE',  ( 0.000000000000000000, 0.000000000000000000, 1.000000000000000000 ) ) ;
#809 = VERTEX_POINT ( 'NONE', #6764 ) ;
#810 = CARTESIAN_POINT ( 'NONE',  ( -10.41230840843963712, 3.000000000000000000, 0.4929162976039973554 ) ) ;
#811 = CARTESIAN_POINT ( 'NONE',  ( -8.600237625530283481, 3.000000000000000444, 2.996959344072153808 ) ) ;
#812 = LINE ( 'NONE', #9699, #1630 ) ;
#813 = DIRECTION ( 'NONE',  ( 0.000000000000000000, 1.000000000000000000, 0.000000000000000000 ) ) ;
#814 = LINE ( 'NONE', #129, #9266 ) ;
#815 = EDGE_CURVE ( 'NONE', #1592, #4690, #1872, .T. ) ;
#816 = EDGE_CURVE ( 'NONE', #7053, #9085, #9223, .T. ) ;
#817 = EDGE_CURVE ( 'NONE', #10451, #2396, #1923, .T. ) ;
#818 = CARTESIAN_POINT ( 'NONE',  ( -18.34486582482188410, 1.000000000000000000, 3.286958718691550541 ) ) ;
#819 = ORIENTED_EDGE ( 'NONE', *, *, #365, .T. ) ;
#820 = VERTEX_POINT ( 'NONE', #968 ) ;
#821 = CARTESIAN_POINT ( 'NONE',  ( -15.88900545899141825, 1.000000000000000000, 0.5176030526561972156 ) ) ;
#822 = CARTESIAN_POINT ( 'NONE',  ( -18.56104248117939193, 0.9999999999999995559, 1.216090897909032131 ) ) ;
#823 = EDGE_CURVE ( 'NONE', #4536, #2668, #1975, .T. ) ;
#824 = PLANE ( 'NONE',  #6538 ) ;
#825 = VERTEX_POINT ( 'NONE', #5811 ) ;
#826 = CARTESIAN_POINT ( 'NONE',  ( 13.01318466155711739, 2.999999999999999556, 4.179936696246201677 ) ) ;
#827 = ORIENTED_EDGE ( 'NONE', *, *, #2495, .T. ) ;
#828 = ORIENTED_EDGE ( 'NONE', *, *, #2589, .T. ) ;
#829 = DIRECTION ( 'NONE',  ( -0.03127913959601442973, 0.000000000000000000, -0.9995106879999497984 ) ) ;
#830 = CARTESIAN_POINT ( 'NONE',  ( -10.94823174179164660, 2.999999999999999556, 2.459235352443749356 ) ) ;
#831 = CARTESIAN_POINT ( 'NONE',  ( 25.68475403481002317, 3.000000000000000444, 4.585618608975282839 ) ) ;
#832 = APPROVAL ( #7280, 'UNSPECIFIED' ) ;
#833 = CARTESIAN_POINT ( 'NONE',  ( -26.17430056177004971, 3.000000000000000000, 0.8567078280890980668 ) ) ;
#834 = CARTESIAN_POINT ( 'NONE',  ( -21.56724427678712885, 3.000000000000000000, 0.5176030526561972156 ) ) ;
#835 = ORIENTED_EDGE ( 'NONE', *, *, #7354, .T. ) ;
#836 = EDGE_LOOP ( 'NONE', ( #7011, #7001, #6222, #1170 ) ) ;
#837 = CARTESIAN_POINT ( 'NONE',  ( -29.50000000000000000, 1.500000000000000000, 13.25000000000000533 ) ) ;
#838 = CARTESIAN_POINT ( 'NONE',  ( -9.818676744601427586, 1.000000000000000000, 0.7436729029447978201 ) ) ;
#839 = DIRECTION ( 'NONE',  ( -1.000000000000000000, 0.000000000000000000, -2.312964634635743056E-15 ) ) ;
#840 = CARTESIAN_POINT ( 'NONE',  ( 29.50000000000000000, 3.000000000000000000, 7.250000000000005329 ) ) ;
#841 = CARTESIAN_POINT ( 'NONE',  ( 11.62175253335531444, 3.000000000000000000, 2.778301555542199708 ) ) ;
#842 = CARTESIAN_POINT ( 'NONE',  ( 13.01318466155711739, 0.9999999999999995559, 4.179936696246201677 ) ) ;
#843 = LINE ( 'NONE', #4094, #7507 ) ;
#844 = EDGE_CURVE ( 'NONE', #7403, #8011, #5066, .T. ) ;
#845 = VECTOR ( 'NONE', #10450, 1000.000000000000000 ) ;
#846 = CARTESIAN_POINT ( 'NONE',  ( 23.44739082628034410, 1.000000000000000444, 3.707936371559186206 ) ) ;
#847 = CARTESIAN_POINT ( 'NONE',  ( -19.30566268854843415, 1.000000000000000000, 3.569546031552301102 ) ) ;
#848 = CARTESIAN_POINT ( 'NONE',  ( -10.50280534991865444, 3.000000000000000000, 1.079692826900309210 ) ) ;
#849 = ORIENTED_EDGE ( 'NONE', *, *, #4188, .F. ) ;
#850 = CARTESIAN_POINT ( 'NONE',  ( -9.371251489128146872, 3.000000000000000000, 4.522369765452626034 ) ) ;
#851 = AXIS2_PLACEMENT_3D ( 'NONE', #5939, #5090, #1046 ) ;
#852 = VECTOR ( 'NONE', #8354, 1000.000000000000000 ) ;
#853 = CARTESIAN_POINT ( 'NONE',  ( 17.88194459857362162, 1.000000000000000000, 0.8567078280890980668 ) ) ;
#854 = ORIENTED_EDGE ( 'NONE', *, *, #8943, .T. ) ;
#855 = CARTESIAN_POINT ( 'NONE',  ( -10.42609547878750931, 1.000000000000000000, 1.951143521448596152 ) ) ;
#856 = VERTEX_POINT ( 'NONE', #4217 ) ;
#857 = CARTESIAN_POINT ( 'NONE',  ( 11.62175253335531444, 3.000000000000000000, 2.439196780109299301 ) ) ;
#858 = DIRECTION ( 'NONE',  ( -1.000000000000000000, 0.000000000000000000, 0.000000000000000000 ) ) ;
#859 = EDGE_CURVE ( 'NONE', #4084, #4773, #5861, .T. ) ;
#860 = CARTESIAN_POINT ( 'NONE',  ( 8.597213603596058462, 1.000000000000000444, 0.8637452284053669382 ) ) ;
#861 = CARTESIAN_POINT ( 'NONE',  ( -8.678320414489038015, 0.9999999999999995559, 0.5950162232665486828 ) ) ;
#862 = CARTESIAN_POINT ( 'NONE',  ( -5.706148257124818990, 1.000000000000000000, 3.060888868402950713 ) ) ;
#863 = VECTOR ( 'NONE', #6357, 1000.000000000000000 ) ;
#864 = VECTOR ( 'NONE', #944, 1000.000000000000000 ) ;
#865 = ADVANCED_FACE ( 'NONE', ( #8313 ), #1018, .T. ) ;
#866 = VECTOR ( 'NONE', #6596, 1000.000000000000000 ) ;
#867 = DIRECTION ( 'NONE',  ( -0.000000000000000000, 0.000000000000000000, 1.000000000000000000 ) ) ;
#868 = VERTEX_POINT ( 'NONE', #7937 ) ;
#869 = VECTOR ( 'NONE', #8522, 1000.000000000000000 ) ;
#870 = ORIENTED_EDGE ( 'NONE', *, *, #2605, .F. ) ;
#871 = ADVANCED_FACE ( 'NONE', ( #8735 ), #3723, .T. ) ;
#872 = EDGE_CURVE ( 'NONE', #4356, #5936, #4470, .T. ) ;
#873 = CARTESIAN_POINT ( 'NONE',  ( 7.835082541021258784, 3.000000000000000000, 2.891336480686500288 ) ) ;
#874 = CARTESIAN_POINT ( 'NONE',  ( -18.97910393013174613, 3.000000000000000444, 0.8903709949060223394 ) ) ;
#875 = LINE ( 'NONE', #3370, #5345 ) ;
#876 = AXIS2_PLACEMENT_3D ( 'NONE', #1496, #4735, #9577 ) ;
#877 = VERTEX_POINT ( 'NONE', #433 ) ;
#878 = EDGE_CURVE ( 'NONE', #8592, #5001, #9622, .T. ) ;
#879 = APPLICATION_CONTEXT ( 'configuration controlled 3d designs of mechanical parts and assemblies' ) ;
#880 = ORIENTED_EDGE ( 'NONE', *, *, #1649, .T. ) ;
#881 = VERTEX_POINT ( 'NONE', #2129 ) ;
#882 = DIRECTION ( 'NONE',  ( 0.000000000000000000, 0.000000000000000000, 1.000000000000000000 ) ) ;
#883 = CARTESIAN_POINT ( 'NONE',  ( -11.22719788214172887, 3.000000000000000000, 1.663847840447616022 ) ) ;
#884 = EDGE_CURVE ( 'NONE', #2830, #3912, #10163, .T. ) ;
#885 = CARTESIAN_POINT ( 'NONE',  ( 25.03118283199234995, 2.999999999999999556, 4.912392069285636431 ) ) ;
#886 = CARTESIAN_POINT ( 'NONE',  ( -19.37270803100002681, 3.000000000000000444, 3.036129320185670721 ) ) ;
#887 = CARTESIAN_POINT ( 'NONE',  ( -10.54362555966664239, 0.9999999999999995559, 1.748112447363751931 ) ) ;
#888 = ORIENTED_EDGE ( 'NONE', *, *, #2572, .T. ) ;
#889 = EDGE_LOOP ( 'NONE', ( #7085, #573, #6062, #9558 ) ) ;
#890 = DIRECTION ( 'NONE',  ( 0.000000000000000000, 0.000000000000000000, -1.000000000000000000 ) ) ;
#891 = DIRECTION ( 'NONE',  ( 0.000000000000000000, 0.000000000000000000, 1.000000000000000000 ) ) ;
#892 = CARTESIAN_POINT ( 'NONE',  ( -19.79752932827374323, 3.000000000000000888, 2.435825421510390942 ) ) ;
#893 = LINE ( 'NONE', #8291, #8593 ) ;
#894 = CARTESIAN_POINT ( 'NONE',  ( 25.62120573328147444, 2.999999999999999556, 1.831068940234653386 ) ) ;
#895 = CARTESIAN_POINT ( 'NONE',  ( -19.16355575728237781, 3.000000000000000000, 4.512537353597652512 ) ) ;
#896 = CARTESIAN_POINT ( 'NONE',  ( 14.09527460623957040, 1.000000000000000000, 4.530342895278852922 ) ) ;
#897 = CARTESIAN_POINT ( 'NONE',  ( 12.66202707882395018, 3.000000000000000000, 3.569546031552301102 ) ) ;
#898 = PLANE ( 'NONE',  #417 ) ;
#899 = ORIENTED_EDGE ( 'NONE', *, *, #6252, .T. ) ;
#900 = AXIS2_PLACEMENT_3D ( 'NONE', #8509, #5904, #6755 ) ;
#901 = ORIENTED_EDGE ( 'NONE', *, *, #7318, .F. ) ;
#902 = CARTESIAN_POINT ( 'NONE',  ( 8.433884670108403370, 2.999999999999999556, 3.148281024986630872 ) ) ;
#903 = CARTESIAN_POINT ( 'NONE',  ( -9.203057008896232460, 3.000000000000000444, 4.381226624863280961 ) ) ;
#904 = EDGE_CURVE ( 'NONE', #9910, #962, #2923, .T. ) ;
#905 = CARTESIAN_POINT ( 'NONE',  ( -19.37270803100002681, 1.000000000000000444, 3.036129320185670721 ) ) ;
#906 = ORIENTED_EDGE ( 'NONE', *, *, #1945, .F. ) ;
#907 = CARTESIAN_POINT ( 'NONE',  ( -10.24666881344930758, 1.000000000000000444, 2.104287551292391978 ) ) ;
#908 = ORIENTED_EDGE ( 'NONE', *, *, #1455, .F. ) ;
#909 = VERTEX_POINT ( 'NONE', #8633 ) ;
#910 = CARTESIAN_POINT ( 'NONE',  ( 8.501811982302092119, 1.000000000000000000, 1.817504691815648776 ) ) ;
#911 = LOCAL_TIME ( 10, 19, 55.00000000000000000, #3791 ) ;
#912 = PLANE ( 'NONE',  #6880 ) ;
#913 = CARTESIAN_POINT ( 'NONE',  ( -19.42752846721963422, 3.000000000000000000, 0.8567078280890980668 ) ) ;
#914 = CARTESIAN_POINT ( 'NONE',  ( 22.76025675097423573, 3.000000000000000444, 3.863123608128033126 ) ) ;
#915 = CARTESIAN_POINT ( 'NONE',  ( -8.547916922080741386, 1.000000000000000000, 1.760987229243498708 ) ) ;
#916 = CARTESIAN_POINT ( 'NONE',  ( 12.20997814851925867, 2.999999999999999556, 2.217671678630607879 ) ) ;
#917 = EDGE_CURVE ( 'NONE', #7479, #4076, #1392, .T. ) ;
#918 = PLANE ( 'NONE',  #4942 ) ;
#919 = DIRECTION ( 'NONE',  ( 1.000000000000000000, 0.000000000000000000, 0.000000000000000000 ) ) ;
#920 = ORIENTED_EDGE ( 'NONE', *, *, #1016, .T. ) ;
#921 = VERTEX_POINT ( 'NONE', #2074 ) ;
#922 = CARTESIAN_POINT ( 'NONE',  ( -8.758375220123275184, 0.9999999999999995559, 2.829085655164152335 ) ) ;
#923 = CARTESIAN_POINT ( 'NONE',  ( -19.97150904447657638, 1.000000000000000000, 2.439196780109299301 ) ) ;
#924 = CARTESIAN_POINT ( 'NONE',  ( 19.20745571296107812, 1.000000000000000000, 4.530342895278852922 ) ) ;
#925 = VECTOR ( 'NONE', #4820, 1000.000000000000000 ) ;
#926 = ORIENTED_EDGE ( 'NONE', *, *, #8943, .F. ) ;
#927 = CARTESIAN_POINT ( 'NONE',  ( 13.24839575301000849, 3.000000000000000000, 3.286958718691550541 ) ) ;
#928 = EDGE_CURVE ( 'NONE', #5208, #122, #6121, .T. ) ;
#929 = ORIENTED_EDGE ( 'NONE', *, *, #8426, .T. ) ;
#930 = ORIENTED_EDGE ( 'NONE', *, *, #8789, .T. ) ;
#931 = AXIS2_PLACEMENT_3D ( 'NONE', #5063, #10004, #4213 ) ;
#932 = AXIS2_PLACEMENT_3D ( 'NONE', #3683, #10279, #6983 ) ;
#933 = CARTESIAN_POINT ( 'NONE',  ( -2.305386563916230980, 1.000000000000000000, 4.530342895278852922 ) ) ;
#934 = CARTESIAN_POINT ( 'NONE',  ( 26.41834953282058507, 0.9999999999999995559, 3.349478219416311298 ) ) ;
#935 = CARTESIAN_POINT ( 'NONE',  ( 21.40722132651148257, 3.000000000000000000, 0.8567078280890980668 ) ) ;
#936 = EDGE_CURVE ( 'NONE', #4344, #9679, #5325, .T. ) ;
#937 = LINE ( 'NONE', #4287, #7054 ) ;
#938 = ORIENTED_EDGE ( 'NONE', *, *, #8624, .F. ) ;
#939 = AXIS2_PLACEMENT_3D ( 'NONE', #2264, #10303, #2322 ) ;
#940 = AXIS2_PLACEMENT_3D ( 'NONE', #2739, #3750, #8540 ) ;
#941 = EDGE_LOOP ( 'NONE', ( #748, #5527, #3928, #3629 ) ) ;
#942 = EDGE_CURVE ( 'NONE', #4028, #4766, #7023, .T. ) ;
#943 = CYLINDRICAL_SURFACE ( 'NONE', #10020, 2.999999999999999112 ) ;
#944 = DIRECTION ( 'NONE',  ( 0.000000000000000000, 0.000000000000000000, 1.000000000000000000 ) ) ;
#945 = CARTESIAN_POINT ( 'NONE',  ( -12.36372873105355907, 1.000000000000000000, 0.8567078280890980668 ) ) ;
#946 = CARTESIAN_POINT ( 'NONE',  ( 12.69946990916673357, 2.999999999999999556, 0.9109072515481143606 ) ) ;
#947 = AXIS2_PLACEMENT_3D ( 'NONE', #2108, #10144, #8661 ) ;
#948 = CARTESIAN_POINT ( 'NONE',  ( 24.50685091445284414, 3.000000000000000000, 0.7436729029447978201 ) ) ;
#949 = CARTESIAN_POINT ( 'NONE',  ( 12.05093571892849802, 1.000000000000000000, 4.530272260525504358 ) ) ;
#950 = CARTESIAN_POINT ( 'NONE',  ( -44.50000000000000711, 0.000000000000000000, -13.50000000000000178 ) ) ;
#951 = CARTESIAN_POINT ( 'NONE',  ( 24.48035835387214831, 3.000000000000000888, 4.643377820423151725 ) ) ;
#952 = CARTESIAN_POINT ( 'NONE',  ( -18.51667769795008311, 3.000000000000000888, 4.047473746718613263 ) ) ;
#953 = CARTESIAN_POINT ( 'NONE',  ( 24.70109771226613660, 3.000000000000000444, 4.971837580028077852 ) ) ;
#954 = VERTEX_POINT ( 'NONE', #9319 ) ;
#955 = VERTEX_POINT ( 'NONE', #1288 ) ;
#956 = VECTOR ( 'NONE', #3260, 1000.000000000000000 ) ;
#957 = LINE ( 'NONE', #4205, #5779 ) ;
#958 = CARTESIAN_POINT ( 'NONE',  ( 25.59373560121935753, 1.000000000000000888, 1.696203216913106493 ) ) ;
#959 = CARTESIAN_POINT ( 'NONE',  ( -19.49179543371087675, 1.000000000000000000, 2.853385446503946099 ) ) ;
#960 = ORIENTED_EDGE ( 'NONE', *, *, #7263, .F. ) ;
#961 = CARTESIAN_POINT ( 'NONE',  ( -10.42609547878750931, 3.000000000000000000, 1.951143521448596152 ) ) ;
#962 = VERTEX_POINT ( 'NONE', #10269 ) ;
#963 = CARTESIAN_POINT ( 'NONE',  ( 22.97712789708894121, 2.999999999999999556, 1.195222634494041536 ) ) ;
#964 = CARTESIAN_POINT ( 'NONE',  ( 8.501811982302092119, 1.000000000000000000, 1.817504691815648776 ) ) ;
#965 = LINE ( 'NONE', #7568, #3076 ) ;
#966 = CARTESIAN_POINT ( 'NONE',  ( 24.46622898822910841, 3.000000000000000444, 4.982482595856052576 ) ) ;
#967 = CARTESIAN_POINT ( 'NONE',  ( 29.50000000000000000, 0.000000000000000000, 10.25000000000000711 ) ) ;
#968 = CARTESIAN_POINT ( 'NONE',  ( 0.5319666742762407807, 3.000000000000000000, 0.5176030526561972156 ) ) ;
#969 = LINE ( 'NONE', #3059, #10222 ) ;
#970 = DIRECTION ( 'NONE',  ( -0.9309635038537938945, 0.000000000000000000, -0.3651122491676597193 ) ) ;
#971 = CARTESIAN_POINT ( 'NONE',  ( 7.564858423098167250, 1.000000000000000000, 2.552231705253599880 ) ) ;
#972 = ORIENTED_EDGE ( 'NONE', *, *, #7979, .F. ) ;
#973 = ORIENTED_EDGE ( 'NONE', *, *, #6608, .F. ) ;
#974 = CARTESIAN_POINT ( 'NONE',  ( 25.67581495965833582, 1.000000000000000000, 3.054345212737266557 ) ) ;
#975 = CARTESIAN_POINT ( 'NONE',  ( -8.600237625530283481, 1.000000000000000444, 2.996959344072153808 ) ) ;
#976 = CARTESIAN_POINT ( 'NONE',  ( 14.68076019507293850, 1.000000000000000000, 0.8567078280890980668 ) ) ;
#977 = ADVANCED_FACE ( 'NONE', ( #7783 ), #481, .T. ) ;
#978 = CARTESIAN_POINT ( 'NONE',  ( -15.80422926513319659, 1.000000000000000000, 0.8567078280890980668 ) ) ;
#979 = VERTEX_POINT ( 'NONE', #6548 ) ;
#980 = VERTEX_POINT ( 'NONE', #8144 ) ;
#981 = ORIENTED_EDGE ( 'NONE', *, *, #7900, .F. ) ;
#982 = DIRECTION ( 'NONE',  ( 1.000000000000000000, 0.000000000000000000, 0.000000000000000000 ) ) ;
#983 = CARTESIAN_POINT ( 'NONE',  ( -11.13383916137787111, 3.000000000000000444, 2.180745878928317616 ) ) ;
#984 = FACE_OUTER_BOUND ( 'NONE', #7945, .T. ) ;
#985 = EDGE_CURVE ( 'NONE', #41, #2428, #3196, .T. ) ;
#986 = DIRECTION ( 'NONE',  ( -5.890217074961835329E-16, -1.000000000000000000, -1.590334231058253000E-13 ) ) ;
#987 = CARTESIAN_POINT ( 'NONE',  ( -13.92943906137265309, 3.000000000000000000, 0.5176030526561972156 ) ) ;
#988 = ORIENTED_EDGE ( 'NONE', *, *, #4854, .F. ) ;
#989 = ORIENTED_EDGE ( 'NONE', *, *, #5933, .T. ) ;
#990 = ORIENTED_EDGE ( 'NONE', *, *, #10510, .T. ) ;
#991 = CARTESIAN_POINT ( 'NONE',  ( -15.38242673971846131, 1.000000000000000000, 3.788462421217655862 ) ) ;
#992 = CYLINDRICAL_SURFACE ( 'NONE', #2778, 1.749999999999999778 ) ;
#993 = EDGE_CURVE ( 'NONE', #3556, #7429, #10487, .T. ) ;
#994 = DIRECTION ( 'NONE',  ( -0.000000000000000000, -1.000000000000000000, -0.000000000000000000 ) ) ;
#995 = CARTESIAN_POINT ( 'NONE',  ( 29.49999999999999645, 0.000000000000000000, -10.25000000000000000 ) ) ;
#996 = CARTESIAN_POINT ( 'NONE',  ( 12.01384242994960339, 1.000000000000000000, 4.530342895278852922 ) ) ;
#997 = CARTESIAN_POINT ( 'NONE',  ( 29.49999999999999645, 0.000000000000000000, -12.00000000000000000 ) ) ;
#998 = EDGE_CURVE ( 'NONE', #4980, #3819, #5597, .T. ) ;
#999 = ADVANCED_FACE ( 'NONE', ( #7988 ), #2439, .T. ) ;
#1000 = DIRECTION ( 'NONE',  ( 0.000000000000000000, 0.000000000000000000, -1.000000000000000000 ) ) ;
#1001 = FACE_OUTER_BOUND ( 'NONE', #7837, .T. ) ;
#1002 = DIRECTION ( 'NONE',  ( 0.000000000000000000, 0.000000000000000000, 1.000000000000000000 ) ) ;
#1003 = B_SPLINE_CURVE_WITH_KNOTS ( 'NONE', 3,
 ( #1485, #8026, #4032, #4723, #3812, #10519, #1586, #2423, #10469, #7970, #6483, #4832, #3228, #726, #3014, #670, #3123, #5467, #8716 ),
 .UNSPECIFIED., .F., .F.,
 ( 4, 1, 1, 1, 1, 1, 1, 1, 1, 1, 1, 1, 1, 1, 1, 1, 4 ),
 ( 0.000000000000000000, 0.07791803754900959722, 0.1477819428553877878, 0.2088613280378986692, 0.2627656036688398311, 0.3104981514429711043, 0.3537346847223599711, 0.3935221823351585657, 0.4314606622208669862, 0.4704733829520762467, 0.5151238492254702761, 0.5641573409487250501, 0.6206409926532202581, 0.6892878810657775412, 0.7748470262240771955, 0.8783420368318625160, 1.000000000000000000 ),
 .UNSPECIFIED. ) ;
#1004 = ORIENTED_EDGE ( 'NONE', *, *, #9143, .F. ) ;
#1005 = ORIENTED_EDGE ( 'NONE', *, *, #4584, .F. ) ;
#1006 = CARTESIAN_POINT ( 'NONE',  ( -8.943815131388351602, 3.000000000000000444, 2.689521271349570419 ) ) ;
#1007 = CARTESIAN_POINT ( 'NONE',  ( 25.67546806334055276, 1.000000000000000000, 2.303612042174618235 ) ) ;
#1008 = DIRECTION ( 'NONE',  ( -0.000000000000000000, 0.000000000000000000, -1.000000000000000000 ) ) ;
#1009 = ORIENTED_EDGE ( 'NONE', *, *, #4057, .F. ) ;
#1010 = CARTESIAN_POINT ( 'NONE',  ( -10.17354308954369380, 1.000000000000000444, 2.147290961643986584 ) ) ;
#1011 = VERTEX_POINT ( 'NONE', #6447 ) ;
#1012 = ORIENTED_EDGE ( 'NONE', *, *, #6551, .F. ) ;
#1013 = DIRECTION ( 'NONE',  ( 0.5414944875458876927, 0.000000000000000000, 0.8407042999517824189 ) ) ;
#1014 = LINE ( 'NONE', #3462, #2462 ) ;
#1015 = CARTESIAN_POINT ( 'NONE',  ( -25.58881497293668161, 3.000000000000000000, 4.530342895278852922 ) ) ;
#1016 = EDGE_CURVE ( 'NONE', #10276, #1397, #10429, .T. ) ;
#1017 = CARTESIAN_POINT ( 'NONE',  ( 16.00538822410770834, 1.000000000000000000, 0.5176030526561972156 ) ) ;
#1018 = PLANE ( 'NONE',  #2557 ) ;
#1019 = VECTOR ( 'NONE', #3924, 1000.000000000000000 ) ;
#1020 = DIRECTION ( 'NONE',  ( 0.3543688509958618504, 0.000000000000000000, -0.9351057252759564786 ) ) ;
#1021 = PLANE ( 'NONE',  #4769 ) ;
#1022 = VERTEX_POINT ( 'NONE', #9688 ) ;
#1023 = VERTEX_POINT ( 'NONE', #2283 ) ;
#1024 = AXIS2_PLACEMENT_3D ( 'NONE', #1409, #10181, #6140 ) ;
#1025 = VECTOR ( 'NONE', #1507, 1000.000000000000000 ) ;
#1026 = CARTESIAN_POINT ( 'NONE',  ( 25.22007216934677132, 3.000000000000001332, 4.401526122336624880 ) ) ;
#1027 = DIRECTION ( 'NONE',  ( 1.000000000000000000, 0.000000000000000000, 0.000000000000000000 ) ) ;
#1028 = DIRECTION ( 'NONE',  ( -0.000000000000000000, 1.000000000000000000, -0.000000000000000000 ) ) ;
#1029 = CARTESIAN_POINT ( 'NONE',  ( -2.408707550180942736, 3.000000000000000000, 0.5176030526561972156 ) ) ;
#1030 = EDGE_LOOP ( 'NONE', ( #8802, #8704, #2754, #7387 ) ) ;
#1031 = AXIS2_PLACEMENT_3D ( 'NONE', #2666, #9169, #9854 ) ;
#1032 = CARTESIAN_POINT ( 'NONE',  ( 23.10124344137749119, 3.000000000000000888, 1.034432401763113463 ) ) ;
#1033 = AXIS2_PLACEMENT_3D ( 'NONE', #3286, #4939, #1545 ) ;
#1034 = ADVANCED_FACE ( 'NONE', ( #2392 ), #3141, .T. ) ;
#1035 = EDGE_LOOP ( 'NONE', ( #5551, #4720, #4179, #2448 ) ) ;
#1036 = EDGE_LOOP ( 'NONE', ( #6912, #1411, #4375, #3249 ) ) ;
#1037 = LINE ( 'NONE', #1197, #8101 ) ;
#1038 = LINE ( 'NONE', #4234, #10304 ) ;
#1039 = VECTOR ( 'NONE', #6866, 1000.000000000000000 ) ;
#1040 = AXIS2_PLACEMENT_3D ( 'NONE', #436, #6816, #380 ) ;
#1041 = CARTESIAN_POINT ( 'NONE',  ( 19.20745571296107812, 3.000000000000000000, 0.8567078280890980668 ) ) ;
#1042 = DIRECTION ( 'NONE',  ( 0.3640822198545697330, 0.000000000000000000, -0.9313668112971218438 ) ) ;
#1043 = ORIENTED_EDGE ( 'NONE', *, *, #8014, .T. ) ;
#1044 = ORIENTED_EDGE ( 'NONE', *, *, #1329, .T. ) ;
#1045 = ORIENTED_EDGE ( 'NONE', *, *, #8293, .F. ) ;
#1046 = DIRECTION ( 'NONE',  ( 0.000000000000000000, 0.000000000000000000, 1.000000000000000000 ) ) ;
#1047 = DIRECTION ( 'NONE',  ( -0.000000000000000000, 1.000000000000000000, -0.000000000000000000 ) ) ;
#1048 = EDGE_CURVE ( 'NONE', #1150, #5376, #8839, .T. ) ;
#1049 = CARTESIAN_POINT ( 'NONE',  ( -26.17430056177004971, 3.000000000000000000, 4.869447670711752885 ) ) ;
#1050 = DIRECTION ( 'NONE',  ( 0.000000000000000000, 0.000000000000000000, 1.000000000000000000 ) ) ;
#1051 = CARTESIAN_POINT ( 'NONE',  ( 13.61575925972898382, 3.000000000000000000, 3.286958718691550541 ) ) ;
#1052 = CARTESIAN_POINT ( 'NONE',  ( 12.55467694346239860, 0.9999999999999991118, 4.493761583039510121 ) ) ;
#1053 = LINE ( 'NONE', #1698, #8866 ) ;
#1054 = B_SPLINE_CURVE_WITH_KNOTS ( 'NONE', 3,
 ( #966, #9268, #2662, #282, #6660, #5965, #5119, #4966, #325, #8209, #7569, #1822, #914, #3561, #7416, #4314, #6614, #5859, #8362 ),
 .UNSPECIFIED., .F., .F.,
 ( 4, 1, 1, 1, 1, 1, 1, 1, 1, 1, 1, 1, 1, 1, 1, 1, 4 ),
 ( 0.000000000000000000, 0.06405273159572597019, 0.1252566850439893187, 0.1849499021442359281, 0.2431846052884235332, 0.3005386877229878073, 0.3572394914639305807, 0.4141462956081085611, 0.4714216641918499984, 0.5299413419771921152, 0.5897755099876029750, 0.6516444413806204983, 0.7158455718875393892, 0.7827701236750969072, 0.8519232184644267569, 0.9242852073933255364, 0.9999999999999998890 ),
 .UNSPECIFIED. ) ;
#1055 = DIRECTION ( 'NONE',  ( -0.000000000000000000, 0.000000000000000000, -1.000000000000000000 ) ) ;
#1056 = CYLINDRICAL_SURFACE ( 'NONE', #10210, 2.999999999999997335 ) ;
#1057 = CARTESIAN_POINT ( 'NONE',  ( 24.58472231248558870, 2.999999999999999112, 4.981252530551322444 ) ) ;
#1058 = VERTEX_POINT ( 'NONE', #8895 ) ;
#1059 = EDGE_CURVE ( 'NONE', #9366, #6839, #6822, .T. ) ;
#1060 = ORIENTED_EDGE ( 'NONE', *, *, #6399, .T. ) ;
#1061 = CARTESIAN_POINT ( 'NONE',  ( -9.053924829172020239, 3.000000000000000444, 3.882158246404506130 ) ) ;
#1062 = EDGE_CURVE ( 'NONE', #7983, #667, #6338, .T. ) ;
#1063 = EDGE_CURVE ( 'NONE', #4411, #69, #7189, .T. ) ;
#1064 = DIRECTION ( 'NONE',  ( 0.000000000000000000, 0.000000000000000000, 1.000000000000000000 ) ) ;
#1065 = VERTEX_POINT ( 'NONE', #2338 ) ;
#1066 = CARTESIAN_POINT ( 'NONE',  ( -10.51228183656380466, 1.000000000000000000, 1.823436985156899892 ) ) ;
#1067 = ORIENTED_EDGE ( 'NONE', *, *, #3697, .T. ) ;
#1068 = EDGE_LOOP ( 'NONE', ( #8691, #8439, #7177, #8846 ) ) ;
#1069 = LINE ( 'NONE', #4159, #4520 ) ;
#1070 = DIRECTION ( 'NONE',  ( -0.000000000000000000, 1.000000000000000000, -0.000000000000000000 ) ) ;
#1071 = CARTESIAN_POINT ( 'NONE',  ( 29.49999999999999645, 3.000000000000000000, -10.25000000000000000 ) ) ;
#1072 = CARTESIAN_POINT ( 'NONE',  ( -16.41002581707842722, 3.000000000000000000, 0.8567078280890980668 ) ) ;
#1073 = CARTESIAN_POINT ( 'NONE',  ( 25.47972162139294383, 1.000000000000000000, 4.018849064492343359 ) ) ;
#1074 = ADVANCED_FACE ( 'NONE', ( #1554 ), #4799, .T. ) ;
#1075 = ADVANCED_FACE ( 'NONE', ( #1957 ), #1056, .F. ) ;
#1076 = EDGE_CURVE ( 'NONE', #8277, #7745, #8859, .T. ) ;
#1077 = CARTESIAN_POINT ( 'NONE',  ( -7.736361482958772129, 1.000000000000000000, 4.530342895278852922 ) ) ;
#1078 = AXIS2_PLACEMENT_3D ( 'NONE', #1913, #2596, #2702 ) ;
#1079 = DIRECTION ( 'NONE',  ( 0.3640822198545697330, 0.000000000000000000, -0.9313668112971218438 ) ) ;
#1080 = ORIENTED_EDGE ( 'NONE', *, *, #1702, .F. ) ;
#1081 = VERTEX_POINT ( 'NONE', #4298 ) ;
#1082 = CARTESIAN_POINT ( 'NONE',  ( 25.47972162139294383, 1.000000000000000000, 4.018849064492343359 ) ) ;
#1083 = CARTESIAN_POINT ( 'NONE',  ( -18.56104248117939193, 0.9999999999999995559, 1.216090897909032131 ) ) ;
#1084 = PLANE ( 'NONE',  #6484 ) ;
#1085 = CARTESIAN_POINT ( 'NONE',  ( 2.617814277329656658, 1.000000000000000000, 3.117406330975100115 ) ) ;
#1086 = VERTEX_POINT ( 'NONE', #9206 ) ;
#1087 = CARTESIAN_POINT ( 'NONE',  ( 22.86713325294599031, 1.000000000000000444, 1.371728054960297483 ) ) ;
#1088 = VERTEX_POINT ( 'NONE', #1907 ) ;
#1089 = ORIENTED_EDGE ( 'NONE', *, *, #6103, .T. ) ;
#1090 = B_SPLINE_CURVE_WITH_KNOTS ( 'NONE', 3,
 ( #9820, #6586, #9191, #8332, #887, #8283, #5733, #7438, #7543, #8180, #200, #4135, #7489, #9084, #2523, #5780, #1793, #4341, #3379 ),
 .UNSPECIFIED., .F., .F.,
 ( 4, 1, 1, 1, 1, 1, 1, 1, 1, 1, 1, 1, 1, 1, 1, 1, 4 ),
 ( 0.000000000000000000, 0.07235237040185936441, 0.1380375688919818489, 0.1972153271978529798, 0.2520349755549063930, 0.3044172645342217987, 0.3559861307776714390, 0.4083961242618881493, 0.4613879906535187647, 0.5167117459132414270, 0.5742572355450753507, 0.6348889118891604122, 0.6985056260019949503, 0.7663005924529563417, 0.8397975349417134971, 0.9174341506556455972, 0.9999999999999998890 ),
 .UNSPECIFIED. ) ;
#1091 = CARTESIAN_POINT ( 'NONE',  ( -11.22719788214172887, 3.000000000000000000, 1.663847840447616022 ) ) ;
#1092 = AXIS2_PLACEMENT_3D ( 'NONE', #10476, #8933, #1490 ) ;
#1093 = FACE_OUTER_BOUND ( 'NONE', #9628, .T. ) ;
#1094 = LINE ( 'NONE', #7597, #1261 ) ;
#1095 = ADVANCED_FACE ( 'NONE', ( #1001 ), #3060, .T. ) ;
#1096 = CARTESIAN_POINT ( 'NONE',  ( -17.76379566275195998, 1.000000000000000000, 0.8567078280890980668 ) ) ;
#1097 = ORIENTED_EDGE ( 'NONE', *, *, #1283, .T. ) ;
#1098 = VERTEX_POINT ( 'NONE', #9509 ) ;
#1099 = VERTEX_POINT ( 'NONE', #10205 ) ;
#1100 = VECTOR ( 'NONE', #2571, 1000.000000000000000 ) ;
#1101 = FACE_OUTER_BOUND ( 'NONE', #9586, .T. ) ;
#1102 = AXIS2_PLACEMENT_3D ( 'NONE', #9461, #2266, #10412 ) ;
#1103 = CARTESIAN_POINT ( 'NONE',  ( -8.309483876854480755, 1.000000000000000000, 4.869447670711752885 ) ) ;
#1104 = CARTESIAN_POINT ( 'NONE',  ( -10.54159365867407239, 2.999999999999999112, 4.436979001734626671 ) ) ;
#1105 = DIRECTION ( 'NONE',  ( 0.9448531083293001398, 0.000000000000000000, -0.3274944330526244340 ) ) ;
#1106 = CARTESIAN_POINT ( 'NONE',  ( -17.76379566275195998, 1.000000000000000000, 0.5176030526561972156 ) ) ;
#1107 = DIRECTION ( 'NONE',  ( 0.000000000000000000, 0.000000000000000000, -1.000000000000000000 ) ) ;
#1108 = VECTOR ( 'NONE', #1475, 1000.000000000000000 ) ;
#1109 = CARTESIAN_POINT ( 'NONE',  ( -18.65315151733539523, 0.9999999999999991118, 4.285563151067235843 ) ) ;
#1110 = AXIS2_PLACEMENT_3D ( 'NONE', #10389, #2296, #5556 ) ;
#1111 = EDGE_CURVE ( 'NONE', #2219, #394, #1377, .T. ) ;
#1112 = CARTESIAN_POINT ( 'NONE',  ( 25.03118283199234995, 2.999999999999999112, 4.912392069285636431 ) ) ;
#1113 = ORIENTED_EDGE ( 'NONE', *, *, #734, .T. ) ;
#1114 = EDGE_LOOP ( 'NONE', ( #827, #160, #6606, #8994 ) ) ;
#1115 = CARTESIAN_POINT ( 'NONE',  ( -9.372951631001180672, 0.9999999999999995559, 2.479653556785645474 ) ) ;
#1116 = CARTESIAN_POINT ( 'NONE',  ( -9.055183238718937488, 1.000000000000000000, 3.964210950519026611 ) ) ;
#1117 = FACE_OUTER_BOUND ( 'NONE', #5125, .T. ) ;
#1118 = VECTOR ( 'NONE', #408, 1000.000000000000114 ) ;
#1119 = ORIENTED_EDGE ( 'NONE', *, *, #2949, .F. ) ;
#1120 = CARTESIAN_POINT ( 'NONE',  ( -19.36144594739096547, 2.999999999999999556, 2.151372268722193670 ) ) ;
#1121 = EDGE_LOOP ( 'NONE', ( #4988, #7517, #3804, #1593 ) ) ;
#1122 = ORIENTED_EDGE ( 'NONE', *, *, #5640, .T. ) ;
#1123 = DIRECTION ( 'NONE',  ( 0.000000000000000000, 0.000000000000000000, 1.000000000000000000 ) ) ;
#1124 = DIRECTION ( 'NONE',  ( -0.000000000000000000, 1.000000000000000000, -0.000000000000000000 ) ) ;
#1125 = PLANE ( 'NONE',  #5796 ) ;
#1126 = CARTESIAN_POINT ( 'NONE',  ( 18.46743018740698972, 1.000000000000000000, 0.8567078280890980668 ) ) ;
#1127 = LINE ( 'NONE', #1823, #1719 ) ;
#1128 = EDGE_CURVE ( 'NONE', #4421, #6370, #5364, .T. ) ;
#1129 = CIRCLE ( 'NONE', #6402, 1.749999999999999778 ) ;
#1130 = DIRECTION ( 'NONE',  ( -0.000000000000000000, 1.000000000000000000, -0.000000000000000000 ) ) ;
#1131 = LINE ( 'NONE', #6817, #4779 ) ;
#1132 = DIRECTION ( 'NONE',  ( -1.000000000000000000, 0.000000000000000000, 0.000000000000000000 ) ) ;
#1133 = ORIENTED_EDGE ( 'NONE', *, *, #3273, .F. ) ;
#1134 = ORIENTED_EDGE ( 'NONE', *, *, #114, .T. ) ;
#1135 = VECTOR ( 'NONE', #1840, 1000.000000000000000 ) ;
#1136 = CARTESIAN_POINT ( 'NONE',  ( 24.48035835387214831, 3.000000000000000888, 4.643377820423151725 ) ) ;
#1137 = CARTESIAN_POINT ( 'NONE',  ( -9.798365781489559723, 3.000000000000000000, 0.4045681275118969689 ) ) ;
#1138 = FACE_OUTER_BOUND ( 'NONE', #1368, .T. ) ;
#1139 = EDGE_CURVE ( 'NONE', #3316, #3131, #7660, .T. ) ;
#1140 = EDGE_CURVE ( 'NONE', #5668, #4536, #520, .T. ) ;
#1141 = CARTESIAN_POINT ( 'NONE',  ( -19.71756500546343460, 1.000000000000000444, 2.788759618130051354 ) ) ;
#1142 = ORIENTED_EDGE ( 'NONE', *, *, #8214, .T. ) ;
#1143 = PLANE ( 'NONE',  #6122 ) ;
#1144 = ORIENTED_EDGE ( 'NONE', *, *, #8284, .T. ) ;
#1145 = EDGE_LOOP ( 'NONE', ( #6438, #8082, #3164, #5905 ) ) ;
#1146 = CARTESIAN_POINT ( 'NONE',  ( -10.94891226144013530, 2.999999999999999556, 0.8365637306814383001 ) ) ;
#1147 = CARTESIAN_POINT ( 'NONE',  ( 8.269455171091680157, 0.9999999999999995559, 2.940730304043633669 ) ) ;
#1148 = CARTESIAN_POINT ( 'NONE',  ( -9.818676744601427586, 1.000000000000000000, 0.7436729029447978201 ) ) ;
#1149 = CARTESIAN_POINT ( 'NONE',  ( -23.39523095685510867, 3.000000000000000000, 0.8567078280890980668 ) ) ;
#1150 = VERTEX_POINT ( 'NONE', #6909 ) ;
#1151 = ORIENTED_EDGE ( 'NONE', *, *, #2424, .F. ) ;
#1152 = VERTEX_POINT ( 'NONE', #2165 ) ;
#1153 = CARTESIAN_POINT ( 'NONE',  ( -24.73310526618022109, 3.000000000000000000, 0.5176030526561972156 ) ) ;
#1154 = CARTESIAN_POINT ( 'NONE',  ( 21.70217183430989039, 1.000000000000000000, 4.530342895278852922 ) ) ;
#1155 = CARTESIAN_POINT ( 'NONE',  ( -10.88498312306244209, 3.000000000000000000, 3.573173923345490444 ) ) ;
#1156 = DIRECTION ( 'NONE',  ( 0.000000000000000000, 0.000000000000000000, -1.000000000000000000 ) ) ;
#1157 = DIRECTION ( 'NONE',  ( -0.000000000000000000, 0.000000000000000000, -1.000000000000000000 ) ) ;
#1158 = FACE_BOUND ( 'NONE', #8334, .T. ) ;
#1159 = CARTESIAN_POINT ( 'NONE',  ( -17.76379566275195998, 3.000000000000000000, 0.5176030526561972156 ) ) ;
#1160 = CARTESIAN_POINT ( 'NONE',  ( 16.67138724923329818, 1.000000000000000444, 4.457386317739907788 ) ) ;
#1161 = DIRECTION ( 'NONE',  ( 0.000000000000000000, 1.000000000000000000, 0.000000000000000000 ) ) ;
#1162 = EDGE_LOOP ( 'NONE', ( #2064, #8404, #4787, #3493 ) ) ;
#1163 = VERTEX_POINT ( 'NONE', #6218 ) ;
#1164 = CARTESIAN_POINT ( 'NONE',  ( -8.943815131388351602, 1.000000000000000444, 2.689521271349570419 ) ) ;
#1165 = CARTESIAN_POINT ( 'NONE',  ( 25.68441376602529047, 1.000000000000000000, 2.609623335761630525 ) ) ;
#1166 = DIRECTION ( 'NONE',  ( -0.000000000000000000, 1.000000000000000000, -0.000000000000000000 ) ) ;
#1167 = ORIENTED_EDGE ( 'NONE', *, *, #7844, .T. ) ;
#1168 = DIRECTION ( 'NONE',  ( -1.000000000000000000, 0.000000000000000000, 0.000000000000000000 ) ) ;
#1169 = ADVANCED_FACE ( 'NONE', ( #9464 ), #4563, .T. ) ;
#1170 = ORIENTED_EDGE ( 'NONE', *, *, #10008, .T. ) ;
#1171 = DIRECTION ( 'NONE',  ( 1.000000000000000000, 0.000000000000000000, 0.000000000000000000 ) ) ;
#1172 = CARTESIAN_POINT ( 'NONE',  ( 15.42078572062702868, 1.000000000000000000, 4.530342895278852922 ) ) ;
#1173 = CARTESIAN_POINT ( 'NONE',  ( -9.535683681315846982, 0.9999999999999991118, 0.7743534183485472067 ) ) ;
#1174 = CARTESIAN_POINT ( 'NONE',  ( -12.36372873105355907, 3.000000000000000000, 0.8567078280890980668 ) ) ;
#1175 = CARTESIAN_POINT ( 'NONE',  ( 24.88428163351550637, 1.000000000000000000, 4.593217011583174525 ) ) ;
#1176 = CARTESIAN_POINT ( 'NONE',  ( 23.35619069989797580, 3.000000000000001776, 2.715602495501221014 ) ) ;
#1177 = CARTESIAN_POINT ( 'NONE',  ( 14.68076019507293850, 1.000000000000000000, 0.8567078280890980668 ) ) ;
#1178 = CARTESIAN_POINT ( 'NONE',  ( 24.46622898822910841, 1.000000000000000000, 4.982482595856052576 ) ) ;
#1179 = ADVANCED_FACE ( 'NONE', ( #2856 ), #2204, .T. ) ;
#1180 = ORIENTED_EDGE ( 'NONE', *, *, #9176, .F. ) ;
#1181 = ORIENTED_EDGE ( 'NONE', *, *, #1961, .T. ) ;
#1182 = CARTESIAN_POINT ( 'NONE',  ( 19.20745571296107812, 3.000000000000000000, 2.570624962303710070 ) ) ;
#1183 = CARTESIAN_POINT ( 'NONE',  ( 25.22007216934677132, 1.000000000000000444, 4.401526122336624880 ) ) ;
#1184 = CARTESIAN_POINT ( 'NONE',  ( 17.88194459857362162, 3.000000000000000000, 4.530342895278852922 ) ) ;
#1185 = DIRECTION ( 'NONE',  ( -0.03958947438127657231, 0.000000000000000000, 0.9992160294541987398 ) ) ;
#1186 = VECTOR ( 'NONE', #4919, 1000.000000000000000 ) ;
#1187 = CARTESIAN_POINT ( 'NONE',  ( 29.50000000000000000, 1.500000000000000000, 7.250000000000006217 ) ) ;
#1188 = EDGE_LOOP ( 'NONE', ( #7473, #4116, #9140, #289 ) ) ;
#1189 = EDGE_CURVE ( 'NONE', #3607, #9179, #3127, .T. ) ;
#1190 = LINE ( 'NONE', #10233, #6297 ) ;
#1191 = AXIS2_PLACEMENT_3D ( 'NONE', #635, #7183, #8730 ) ;
#1192 = DIRECTION ( 'NONE',  ( -1.000000000000000000, 0.000000000000000000, 0.000000000000000000 ) ) ;
#1193 = ADVANCED_FACE ( 'NONE', ( #9625 ), #10474, .T. ) ;
#1194 = ORIENTED_EDGE ( 'NONE', *, *, #2797, .F. ) ;
#1195 = VECTOR ( 'NONE', #6290, 1000.000000000000000 ) ;
#1196 = VERTEX_POINT ( 'NONE', #730 ) ;
#1197 = CARTESIAN_POINT ( 'NONE',  ( -19.30477960319574393, 1.000000000000000000, 1.704469766671348863 ) ) ;
#1198 = CARTESIAN_POINT ( 'NONE',  ( 8.269455171091680157, 3.000000000000001332, 2.940730304043633669 ) ) ;
#1199 = CARTESIAN_POINT ( 'NONE',  ( -9.090889688806161217, 3.000000000000000444, 3.601216580508361798 ) ) ;
#1200 = CARTESIAN_POINT ( 'NONE',  ( 12.17169054821956564, 1.000000000000000000, 2.926070042300680019 ) ) ;
#1201 = VECTOR ( 'NONE', #9880, 1000.000000000000000 ) ;
#1202 = EDGE_LOOP ( 'NONE', ( #9627, #471, #1560, #36 ) ) ;
#1203 = ADVANCED_FACE ( 'NONE', ( #8720 ), #3975, .T. ) ;
#1204 = CARTESIAN_POINT ( 'NONE',  ( 12.27909595995046210, 1.000000000000000888, 3.428115231736965196 ) ) ;
#1205 = EDGE_LOOP ( 'NONE', ( #8085, #710, #3255, #8511 ) ) ;
#1206 = LINE ( 'NONE', #6840, #5126 ) ;
#1207 = B_SPLINE_CURVE_WITH_KNOTS ( 'NONE', 3,
 ( #996, #949, #2587, #4244, #8989, #4897, #1052, #9992, #9829, #8294, #7550, #2532, #842, #262, #3445, #2694, #209, #9040, #1654, #5896, #3500, #109, #4996 ),
 .UNSPECIFIED., .F., .F.,
 ( 4, 1, 1, 1, 1, 1, 1, 1, 1, 1, 1, 1, 1, 1, 1, 1, 1, 1, 1, 1, 4 ),
 ( 0.000000000000000000, 0.05445261980399008356, 0.1046118189577467383, 0.1504930484045242656, 0.1925539255659355908, 0.2682209170454576408, 0.3356543270214843444, 0.3969297891821619850, 0.4537143701204079949, 0.4824450359937568211, 0.5129567874581103526, 0.5452063008310509273, 0.5794226517806948529, 0.6167630159873342954, 0.6569738746896478521, 0.6998983615773637368, 0.7463318727924305174, 0.7981268172847219011, 0.8580462552437460033, 0.9251868521988152461, 1.000000000000000000 ),
 .UNSPECIFIED. ) ;
#1208 = EDGE_CURVE ( 'NONE', #10433, #3540, #2269, .T. ) ;
#1209 = CARTESIAN_POINT ( 'NONE',  ( 26.48408698089145474, 3.000000000000000444, 2.409791219588122591 ) ) ;
#1210 = VECTOR ( 'NONE', #3193, 1000.000000000000000 ) ;
#1211 = CARTESIAN_POINT ( 'NONE',  ( 9.663069221089239491, 1.000000000000000000, 0.5176030526561972156 ) ) ;
#1212 = VECTOR ( 'NONE', #5171, 1000.000000000000000 ) ;
#1213 = CARTESIAN_POINT ( 'NONE',  ( 26.36146553373197321, 1.000000000000000000, 3.564986377904148185 ) ) ;
#1214 = PLANE ( 'NONE',  #6871 ) ;
#1215 = FACE_OUTER_BOUND ( 'NONE', #1991, .T. ) ;
#1216 = CARTESIAN_POINT ( 'NONE',  ( -11.38438707492051982, 1.000000000000000000, 0.8567078280890980668 ) ) ;
#1217 = CARTESIAN_POINT ( 'NONE',  ( 16.10344541201522972, 1.000000000000000444, 4.530223176326022561 ) ) ;
#1218 = CARTESIAN_POINT ( 'NONE',  ( 11.35152841543222202, 1.000000000000000000, 2.778301555542199708 ) ) ;
#1219 = VERTEX_POINT ( 'NONE', #10415 ) ;
#1220 = ORIENTED_EDGE ( 'NONE', *, *, #8222, .F. ) ;
#1221 = CARTESIAN_POINT ( 'NONE',  ( -9.044908474118761532, 2.999999999999999556, 2.630140754397204184 ) ) ;
#1222 = CARTESIAN_POINT ( 'NONE',  ( 24.90630184285747006, 3.000000000000000444, 0.7945131521445304434 ) ) ;
#1223 = DIRECTION ( 'NONE',  ( -0.5413121073257022298, 0.000000000000000000, -0.8408217423821813252 ) ) ;
#1224 = CARTESIAN_POINT ( 'NONE',  ( -26.17430056177004971, 3.000000000000000000, 4.869447670711752885 ) ) ;
#1225 = ORIENTED_EDGE ( 'NONE', *, *, #8043, .T. ) ;
#1226 = ORIENTED_EDGE ( 'NONE', *, *, #8293, .T. ) ;
#1227 = CARTESIAN_POINT ( 'NONE',  ( -9.127159524360063614, 3.000000000000001332, 1.052032825437329899 ) ) ;
#1228 = FACE_BOUND ( 'NONE', #2615, .T. ) ;
#1229 = CARTESIAN_POINT ( 'NONE',  ( -10.17354308954369380, 3.000000000000000444, 2.147290961643986584 ) ) ;
#1230 = CARTESIAN_POINT ( 'NONE',  ( -21.79243104172303802, 3.000000000000000000, 0.8567078280890980668 ) ) ;
#1231 = DIRECTION ( 'NONE',  ( 0.000000000000000000, 0.000000000000000000, 1.000000000000000000 ) ) ;
#1232 = DIRECTION ( 'NONE',  ( 2.102695122396129669E-16, 0.000000000000000000, 1.000000000000000000 ) ) ;
#1233 = FACE_OUTER_BOUND ( 'NONE', #5606, .T. ) ;
#1234 = LINE ( 'NONE', #437, #8003 ) ;
#1235 = VERTEX_POINT ( 'NONE', #6325 ) ;
#1236 = VERTEX_POINT ( 'NONE', #1429 ) ;
#1237 = CARTESIAN_POINT ( 'NONE',  ( 8.393780830582265651, 0.9999999999999991118, 0.8573848002120053602 ) ) ;
#1238 = DIRECTION ( 'NONE',  ( -0.000000000000000000, 1.000000000000000000, -0.000000000000000000 ) ) ;
#1239 = CARTESIAN_POINT ( 'NONE',  ( -8.917929684857785588, 1.000000000000000000, 1.760987229243498708 ) ) ;
#1240 = CARTESIAN_POINT ( 'NONE',  ( -19.97150904447657638, 1.000000000000000000, 2.439196780109299301 ) ) ;
#1241 = CARTESIAN_POINT ( 'NONE',  ( -19.53713644829873886, 1.000000000000000444, 2.828579219298524183 ) ) ;
#1242 = EDGE_CURVE ( 'NONE', #1888, #1960, #7227, .T. ) ;
#1243 = ORIENTED_EDGE ( 'NONE', *, *, #10375, .T. ) ;
#1244 = VECTOR ( 'NONE', #1223, 1000.000000000000114 ) ;
#1245 = CARTESIAN_POINT ( 'NONE',  ( -17.97750231810290700, 1.000000000000000000, 3.286958718691550541 ) ) ;
#1246 = FACE_OUTER_BOUND ( 'NONE', #2471, .T. ) ;
#1247 = EDGE_LOOP ( 'NONE', ( #5686, #1012, #8357, #7266 ) ) ;
#1248 = ORIENTED_EDGE ( 'NONE', *, *, #3575, .T. ) ;
#1249 = CARTESIAN_POINT ( 'NONE',  ( -11.22013319932021069, 1.000000000000000000, 4.754646574862072761 ) ) ;
#1250 = CARTESIAN_POINT ( 'NONE',  ( 8.156844967428815707, 1.000000000000000888, 2.909806022089236333 ) ) ;
#1251 = DIRECTION ( 'NONE',  ( 1.000000000000000000, 0.000000000000000000, 0.000000000000000000 ) ) ;
#1252 = VECTOR ( 'NONE', #5357, 1000.000000000000000 ) ;
#1253 = CARTESIAN_POINT ( 'NONE',  ( -9.998646913786153334, 0.9999999999999995559, 0.7539693162725685793 ) ) ;
#1254 = EDGE_CURVE ( 'NONE', #4980, #7850, #3869, .T. ) ;
#1255 = CARTESIAN_POINT ( 'NONE',  ( 12.23924033292443525, 3.000000000000000888, 3.107636586842205340 ) ) ;
#1256 = ORIENTED_EDGE ( 'NONE', *, *, #162, .F. ) ;
#1257 = PLANE ( 'NONE',  #1362 ) ;
#1258 = EDGE_LOOP ( 'NONE', ( #2784, #8248, #2369, #9822 ) ) ;
#1259 = FACE_OUTER_BOUND ( 'NONE', #4954, .T. ) ;
#1260 = CARTESIAN_POINT ( 'NONE',  ( 25.34506955612654622, 0.9999999999999995559, 0.5678434014606147384 ) ) ;
#1261 = VECTOR ( 'NONE', #6782, 1000.000000000000000 ) ;
#1262 = CARTESIAN_POINT ( 'NONE',  ( -10.87239469585315454, 2.999999999999999556, 3.687160427903892312 ) ) ;
#1263 = CARTESIAN_POINT ( 'NONE',  ( -0.05263582920443654611, 1.000000000000000000, 0.8567078280890980668 ) ) ;
#1264 = EDGE_CURVE ( 'NONE', #6170, #7217, #8781, .T. ) ;
#1265 = DIRECTION ( 'NONE',  ( -0.000000000000000000, 0.000000000000000000, -1.000000000000000000 ) ) ;
#1266 = DIRECTION ( 'NONE',  ( -0.000000000000000000, 0.000000000000000000, -1.000000000000000000 ) ) ;
#1267 = FACE_OUTER_BOUND ( 'NONE', #1531, .T. ) ;
#1268 = CARTESIAN_POINT ( 'NONE',  ( -18.34486582482188410, 0.9999999999999995559, 3.286958718691550541 ) ) ;
#1269 = EDGE_CURVE ( 'NONE', #6853, #2502, #7974, .T. ) ;
#1270 = CARTESIAN_POINT ( 'NONE',  ( -10.42991468960735268, 1.000000000000000444, 0.9673937377300132479 ) ) ;
#1271 = ADVANCED_FACE ( 'NONE', ( #3359 ), #1125, .T. ) ;
#1272 = ORIENTED_EDGE ( 'NONE', *, *, #3530, .F. ) ;
#1273 = VECTOR ( 'NONE', #1445, 1000.000000000000000 ) ;
#1274 = VECTOR ( 'NONE', #1028, 1000.000000000000000 ) ;
#1275 = ORIENTED_EDGE ( 'NONE', *, *, #521, .T. ) ;
#1276 = CYLINDRICAL_SURFACE ( 'NONE', #10211, 1.749999999999999778 ) ;
#1277 = CARTESIAN_POINT ( 'NONE',  ( 10.02601730104476374, 3.000000000000000000, 0.8567078280890980668 ) ) ;
#1278 = DIRECTION ( 'NONE',  ( 0.000000000000000000, 0.000000000000000000, -1.000000000000000000 ) ) ;
#1279 = VERTEX_POINT ( 'NONE', #280 ) ;
#1280 = ORIENTED_EDGE ( 'NONE', *, *, #2824, .F. ) ;
#1281 = AXIS2_PLACEMENT_3D ( 'NONE', #4538, #9485, #7089 ) ;
#1282 = LINE ( 'NONE', #2975, #7921 ) ;
#1283 = EDGE_CURVE ( 'NONE', #4872, #1099, #9220, .T. ) ;
#1284 = FACE_OUTER_BOUND ( 'NONE', #2099, .T. ) ;
#1285 = AXIS2_PLACEMENT_3D ( 'NONE', #2349, #3154, #10443 ) ;
#1286 = CARTESIAN_POINT ( 'NONE',  ( -10.56545207106236006, 3.000000000000001332, 1.662823230283086096 ) ) ;
#1287 = DIRECTION ( 'NONE',  ( 0.03269279501835024165, 0.000000000000000000, 0.9994654477038653617 ) ) ;
#1288 = CARTESIAN_POINT ( 'NONE',  ( -25.15610315011866049, 1.000000000000000000, 1.196315107176024961 ) ) ;
#1289 = VECTOR ( 'NONE', #634, 1000.000000000000000 ) ;
#1290 = CARTESIAN_POINT ( 'NONE',  ( -25.15610315011866049, 3.000000000000000000, 0.9856382895818152079 ) ) ;
#1291 = AXIS2_PLACEMENT_3D ( 'NONE', #7766, #8664, #467 ) ;
#1292 = DIRECTION ( 'NONE',  ( -0.000000000000000000, 1.000000000000000000, -0.000000000000000000 ) ) ;
#1293 = DIRECTION ( 'NONE',  ( -0.9344491795663243394, 0.000000000000000000, -0.3560965189493199290 ) ) ;
#1294 = ORIENTED_EDGE ( 'NONE', *, *, #2697, .F. ) ;
#1295 = ORIENTED_EDGE ( 'NONE', *, *, #6987, .T. ) ;
#1296 = CARTESIAN_POINT ( 'NONE',  ( 8.597213603596058462, 1.000000000000000000, 0.8637452284053669382 ) ) ;
#1297 = FACE_OUTER_BOUND ( 'NONE', #3691, .T. ) ;
#1298 = VECTOR ( 'NONE', #3747, 1000.000000000000000 ) ;
#1299 = CARTESIAN_POINT ( 'NONE',  ( -10.75608020396089159, 1.000000000000000444, 4.891873859998873364 ) ) ;
#1300 = CARTESIAN_POINT ( 'NONE',  ( -19.36144594739096547, 0.9999999999999995559, 2.151372268722193670 ) ) ;
#1301 = DIRECTION ( 'NONE',  ( -0.000000000000000000, 0.000000000000000000, -1.000000000000000000 ) ) ;
#1302 = VECTOR ( 'NONE', #6892, 1000.000000000000000 ) ;
#1303 = CARTESIAN_POINT ( 'NONE',  ( -8.309483876854480755, 1.000000000000000000, 4.869447670711752885 ) ) ;
#1304 = ORIENTED_EDGE ( 'NONE', *, *, #8615, .T. ) ;
#1305 = ORIENTED_EDGE ( 'NONE', *, *, #8646, .T. ) ;
#1306 = CARTESIAN_POINT ( 'NONE',  ( -10.27330153134023760, 1.000000000000000888, 0.4527733580548121695 ) ) ;
#1307 = EDGE_CURVE ( 'NONE', #717, #288, #2711, .T. ) ;
#1308 = CARTESIAN_POINT ( 'NONE',  ( 8.385020610464170687, 0.9999999999999991118, 3.038221890810187897 ) ) ;
#1309 = CARTESIAN_POINT ( 'NONE',  ( -18.42629394265522791, 1.000000000000000444, 1.763862746716056806 ) ) ;
#1310 = CARTESIAN_POINT ( 'NONE',  ( -10.05004510700616649, 3.000000000000000000, 2.952269370022099437 ) ) ;
#1311 = CARTESIAN_POINT ( 'NONE',  ( 11.94351431484860804, 0.9999999999999991118, 2.797668087054103747 ) ) ;
#1312 = VERTEX_POINT ( 'NONE', #324 ) ;
#1313 = FACE_OUTER_BOUND ( 'NONE', #1202, .T. ) ;
#1314 = ORIENTED_EDGE ( 'NONE', *, *, #6765, .T. ) ;
#1315 = PERSON ( 'UNSPECIFIED', 'UNSPECIFIED', 'UNSPECIFIED', ('UNSPECIFIED'), ('UNSPECIFIED'), ('UNSPECIFIED') ) ;
#1316 = DIRECTION ( 'NONE',  ( 0.000000000000000000, 0.000000000000000000, -1.000000000000000000 ) ) ;
#1317 = ORIENTED_EDGE ( 'NONE', *, *, #1961, .F. ) ;
#1318 = CARTESIAN_POINT ( 'NONE',  ( 25.68553416380621002, 3.000000000000000000, 0.7667259882043128139 ) ) ;
#1319 = CARTESIAN_POINT ( 'NONE',  ( -10.40663558064054328, 2.999999999999998668, 4.536726858100202264 ) ) ;
#1320 = ADVANCED_FACE ( 'NONE', ( #5964 ), #126, .T. ) ;
#1321 = CARTESIAN_POINT ( 'NONE',  ( -6.215688505626859595, 1.000000000000000000, 0.5176030526561972156 ) ) ;
#1322 = DIRECTION ( 'NONE',  ( -1.000000000000000000, 0.000000000000000000, 0.000000000000000000 ) ) ;
#1323 = DIRECTION ( 'NONE',  ( 0.000000000000000000, -0.000000000000000000, 1.000000000000000000 ) ) ;
#1324 = DIRECTION ( 'NONE',  ( 1.000000000000000000, 0.000000000000000000, 0.000000000000000000 ) ) ;
#1325 = CARTESIAN_POINT ( 'NONE',  ( -18.34486582482188410, 3.000000000000000000, 3.286958718691550541 ) ) ;
#1326 = LINE ( 'NONE', #7010, #5698 ) ;
#1327 = VERTEX_POINT ( 'NONE', #1015 ) ;
#1328 = VERTEX_POINT ( 'NONE', #2764 ) ;
#1329 = EDGE_CURVE ( 'NONE', #1088, #7683, #2552, .T. ) ;
#1330 = DIRECTION ( 'NONE',  ( -0.000000000000000000, 1.000000000000000000, -0.000000000000000000 ) ) ;
#1331 = FACE_OUTER_BOUND ( 'NONE', #9572, .T. ) ;
#1332 = FACE_OUTER_BOUND ( 'NONE', #6963, .T. ) ;
#1333 = EDGE_CURVE ( 'NONE', #2779, #71, #5166, .T. ) ;
#1334 = ORIENTED_EDGE ( 'NONE', *, *, #5228, .T. ) ;
#1335 = EDGE_CURVE ( 'NONE', #3620, #9242, #10055, .T. ) ;
#1336 = CARTESIAN_POINT ( 'NONE',  ( -9.798365781489559723, 1.000000000000000000, 0.4045681275118969689 ) ) ;
#1337 = CARTESIAN_POINT ( 'NONE',  ( -15.80422926513319659, 1.000000000000000000, 0.5176030526561972156 ) ) ;
#1338 = PLANE ( 'NONE',  #704 ) ;
#1339 = CARTESIAN_POINT ( 'NONE',  ( 11.62175253335531444, 3.000000000000000000, 2.439196780109299301 ) ) ;
#1340 = CARTESIAN_POINT ( 'NONE',  ( 23.95689777638140683, 1.000000000000000000, 0.8667333859384187544 ) ) ;
#1341 = EDGE_CURVE ( 'NONE', #8797, #10158, #6812, .T. ) ;
#1342 = CARTESIAN_POINT ( 'NONE',  ( 17.53400896961382571, 1.000000000000000000, 4.869447670711752885 ) ) ;
#1343 = DIRECTION ( 'NONE',  ( 1.000000000000000000, 0.000000000000000000, 0.000000000000000000 ) ) ;
#1344 = CARTESIAN_POINT ( 'NONE',  ( 25.33475232499494467, 2.999999999999999556, 4.275649795882336512 ) ) ;
#1345 = VERTEX_POINT ( 'NONE', #9057 ) ;
#1346 = ORIENTED_EDGE ( 'NONE', *, *, #6453, .T. ) ;
#1347 = ADVANCED_FACE ( 'NONE', ( #9902 ), #4214, .T. ) ;
#1348 = CARTESIAN_POINT ( 'NONE',  ( 9.342823038060849683, 2.999999999999999556, 1.707616705562616355 ) ) ;
#1349 = PLANE ( 'NONE',  #8762 ) ;
#1350 = LINE ( 'NONE', #9594, #1812 ) ;
#1351 = CARTESIAN_POINT ( 'NONE',  ( 23.80327416303232724, 3.000000000000003997, 4.421595419360409451 ) ) ;
#1352 = CARTESIAN_POINT ( 'NONE',  ( 2.617814277329656658, 1.000000000000000000, 3.117406330975100115 ) ) ;
#1353 = DIRECTION ( 'NONE',  ( -0.000000000000000000, 1.000000000000000000, -0.000000000000000000 ) ) ;
#1354 = ORIENTED_EDGE ( 'NONE', *, *, #5812, .F. ) ;
#1355 = ORIENTED_EDGE ( 'NONE', *, *, #7963, .F. ) ;
#1356 = VECTOR ( 'NONE', #10504, 1000.000000000000114 ) ;
#1357 = CARTESIAN_POINT ( 'NONE',  ( 23.95689777638140683, 3.000000000000001776, 0.8667333859384187544 ) ) ;
#1358 = CARTESIAN_POINT ( 'NONE',  ( 24.05312411700803565, 3.000000000000001332, 4.945853801183409004 ) ) ;
#1359 = LINE ( 'NONE', #772, #3492 ) ;
#1360 = CARTESIAN_POINT ( 'NONE',  ( 12.17169054821956564, 3.000000000000000000, 2.926070042300680019 ) ) ;
#1361 = VERTEX_POINT ( 'NONE', #1715 ) ;
#1362 = AXIS2_PLACEMENT_3D ( 'NONE', #8603, #7000, #4609 ) ;
#1363 = DIRECTION ( 'NONE',  ( -0.000000000000000000, 0.000000000000000000, 1.000000000000000000 ) ) ;
#1364 = EDGE_LOOP ( 'NONE', ( #3045, #7287, #10465, #6328 ) ) ;
#1365 = VECTOR ( 'NONE', #10270, 1000.000000000000000 ) ;
#1366 = CARTESIAN_POINT ( 'NONE',  ( 25.48678290137935676, 1.000000000000000444, 1.355879009314294059 ) ) ;
#1367 = DIRECTION ( 'NONE',  ( -1.000000000000000000, 0.000000000000000000, 0.000000000000000000 ) ) ;
#1368 = EDGE_LOOP ( 'NONE', ( #1684, #2860, #3348, #4190 ) ) ;
#1369 = PLANE ( 'NONE',  #6528 ) ;
#1370 = CARTESIAN_POINT ( 'NONE',  ( -5.794456792393803291, 3.000000000000000000, 4.869447670711752885 ) ) ;
#1371 = CARTESIAN_POINT ( 'NONE',  ( -10.75608020396089159, 1.000000000000000444, 4.891873859998873364 ) ) ;
#1372 = DIRECTION ( 'NONE',  ( 0.000000000000000000, 0.000000000000000000, 1.000000000000000000 ) ) ;
#1373 = VECTOR ( 'NONE', #7767, 1000.000000000000114 ) ;
#1374 = AXIS2_PLACEMENT_3D ( 'NONE', #3821, #6273, #7772 ) ;
#1375 = CARTESIAN_POINT ( 'NONE',  ( 0.000000000000000000, 0.000000000000000000, 0.000000000000000000 ) ) ;
#1376 = PLANE ( 'NONE',  #7555 ) ;
#1377 = LINE ( 'NONE', #4620, #2384 ) ;
#1378 = DIRECTION ( 'NONE',  ( -1.000000000000000000, 0.000000000000000000, 0.000000000000000000 ) ) ;
#1379 = ORIENTED_EDGE ( 'NONE', *, *, #7523, .F. ) ;
#1380 = EDGE_CURVE ( 'NONE', #1086, #8308, #5117, .T. ) ;
#1381 = ORIENTED_EDGE ( 'NONE', *, *, #9493, .F. ) ;
#1382 = FACE_OUTER_BOUND ( 'NONE', #4249, .T. ) ;
#1383 = AXIS2_PLACEMENT_3D ( 'NONE', #6772, #8273, #6725 ) ;
#1384 = AXIS2_PLACEMENT_3D ( 'NONE', #1743, #1900, #4346 ) ;
#1385 = PLANE ( 'NONE',  #8736 ) ;
#1386 = LINE ( 'NONE', #8039, #6556 ) ;
#1387 = CARTESIAN_POINT ( 'NONE',  ( -25.58881497293668161, 1.000000000000000000, 0.8567078280890980668 ) ) ;
#1388 = CARTESIAN_POINT ( 'NONE',  ( -15.29645518733653375, 3.000000000000000000, 0.8567078280890980668 ) ) ;
#1389 = CARTESIAN_POINT ( 'NONE',  ( 22.05099054862238006, 1.000000000000000000, 0.8567078280890980668 ) ) ;
#1390 = CARTESIAN_POINT ( 'NONE',  ( -9.818676744601427586, 0.9999999999999995559, 0.7436729029447978201 ) ) ;
#1391 = DIRECTION ( 'NONE',  ( -0.000000000000000000, 1.000000000000000000, -0.000000000000000000 ) ) ;
#1392 = LINE ( 'NONE', #4688, #3067 ) ;
#1393 = VECTOR ( 'NONE', #7084, 1000.000000000000000 ) ;
#1394 = EDGE_CURVE ( 'NONE', #7106, #9985, #965, .T. ) ;
#1395 = CARTESIAN_POINT ( 'NONE',  ( 8.147689219420216844, 1.000000000000000444, 2.540072054524911582 ) ) ;
#1396 = CARTESIAN_POINT ( 'NONE',  ( -19.03858463436949222, 1.000000000000000888, 4.493761583039513674 ) ) ;
#1397 = VERTEX_POINT ( 'NONE', #7622 ) ;
#1398 = CARTESIAN_POINT ( 'NONE',  ( 25.52212614929346302, 3.000000000000001332, 3.914468401485362126 ) ) ;
#1399 = ORIENTED_EDGE ( 'NONE', *, *, #6017, .T. ) ;
#1400 = ORIENTED_EDGE ( 'NONE', *, *, #6860, .F. ) ;
#1401 = CARTESIAN_POINT ( 'NONE',  ( 9.144544526312454735, 1.000000000000000444, 1.086293780760209549 ) ) ;
#1402 = FACE_OUTER_BOUND ( 'NONE', #10408, .T. ) ;
#1403 = CARTESIAN_POINT ( 'NONE',  ( 8.875357086489897185, 1.000000000000000000, 3.682580956696600794 ) ) ;
#1404 = CARTESIAN_POINT ( 'NONE',  ( 23.93860996078823433, 3.000000000000003997, 4.524488453156243928 ) ) ;
#1405 = EDGE_CURVE ( 'NONE', #4100, #5814, #9198, .T. ) ;
#1406 = EDGE_CURVE ( 'NONE', #7041, #9253, #2055, .T. ) ;
#1407 = APPROVAL_DATE_TIME ( #1514, #832 ) ;
#1408 = CARTESIAN_POINT ( 'NONE',  ( -9.600554662487034818, 3.000000000000000000, 2.389744000358668519 ) ) ;
#1409 = CARTESIAN_POINT ( 'NONE',  ( 16.00538822410770834, 1.000000000000000000, 0.8567078280890980668 ) ) ;
#1410 = CARTESIAN_POINT ( 'NONE',  ( -20.24173316239967235, 3.000000000000000000, 0.8567078280890980668 ) ) ;
#1411 = ORIENTED_EDGE ( 'NONE', *, *, #2589, .F. ) ;
#1412 = ORIENTED_EDGE ( 'NONE', *, *, #9143, .T. ) ;
#1413 = CARTESIAN_POINT ( 'NONE',  ( 23.45116973413258421, 3.000000000000001776, 1.701847831354362128 ) ) ;
#1414 = CARTESIAN_POINT ( 'NONE',  ( -9.896639726414921512, 3.000000000000000000, 4.981596918225961623 ) ) ;
#1415 = CARTESIAN_POINT ( 'NONE',  ( -25.58881497293668161, 3.000000000000000000, 0.8567078280890980668 ) ) ;
#1416 = CARTESIAN_POINT ( 'NONE',  ( -10.47542966877849580, 3.000000000000000888, 4.491290303619043911 ) ) ;
#1417 = ORIENTED_EDGE ( 'NONE', *, *, #4137, .F. ) ;
#1418 = LINE ( 'NONE', #9296, #5272 ) ;
#1419 = VERTEX_POINT ( 'NONE', #7465 ) ;
#1420 = CARTESIAN_POINT ( 'NONE',  ( 25.68488677494109851, 1.000000000000000000, 2.674097483924798624 ) ) ;
#1421 = CARTESIAN_POINT ( 'NONE',  ( 0.5319666742762407807, 1.000000000000000000, 0.5176030526561972156 ) ) ;
#1422 = VERTEX_POINT ( 'NONE', #2604 ) ;
#1423 = LINE ( 'NONE', #7110, #7027 ) ;
#1424 = CARTESIAN_POINT ( 'NONE',  ( -26.17430056177004971, 3.000000000000000000, 4.530342895278852922 ) ) ;
#1425 = CARTESIAN_POINT ( 'NONE',  ( 18.46743018740698972, 1.000000000000000000, 4.530342895278852922 ) ) ;
#1426 = CARTESIAN_POINT ( 'NONE',  ( 17.06519409956822741, 3.000000000000000444, 4.050360620509755982 ) ) ;
#1427 = CARTESIAN_POINT ( 'NONE',  ( 14.09527460623957040, 1.000000000000000000, 4.869447670711752885 ) ) ;
#1428 = LINE ( 'NONE', #6379, #4483 ) ;
#1429 = CARTESIAN_POINT ( 'NONE',  ( -8.585006506893714473, 3.000000000000000000, 0.6271056363897379304 ) ) ;
#1430 = LINE ( 'NONE', #5472, #4158 ) ;
#1431 = ORIENTED_EDGE ( 'NONE', *, *, #3845, .T. ) ;
#1432 = LOCAL_TIME ( 10, 19, 55.00000000000000000, #5446 ) ;
#1433 = ORIENTED_EDGE ( 'NONE', *, *, #4258, .T. ) ;
#1434 = CARTESIAN_POINT ( 'NONE',  ( 25.48678290137935676, 3.000000000000000444, 1.355879009314294059 ) ) ;
#1435 = DIRECTION ( 'NONE',  ( -0.3383627213242522136, 0.000000000000000000, -0.9410157643833850782 ) ) ;
#1436 = CARTESIAN_POINT ( 'NONE',  ( 13.15168764647444455, 3.000000000000000000, 1.663070207060319827 ) ) ;
#1437 = LINE ( 'NONE', #3879, #3398 ) ;
#1438 = CARTESIAN_POINT ( 'NONE',  ( -9.069593754132407426, 2.999999999999999112, 3.686320505686551563 ) ) ;
#1439 = DIRECTION ( 'NONE',  ( -0.000000000000000000, 1.000000000000000000, -0.000000000000000000 ) ) ;
#1440 = LINE ( 'NONE', #8793, #1210 ) ;
#1441 = ADVANCED_FACE ( 'NONE', ( #174 ), #7242, .T. ) ;
#1442 = DIRECTION ( 'NONE',  ( 1.000000000000000000, 0.000000000000000000, 0.000000000000000000 ) ) ;
#1443 = VECTOR ( 'NONE', #138, 1000.000000000000000 ) ;
#1444 = DIRECTION ( 'NONE',  ( -0.000000000000000000, 1.000000000000000000, -0.000000000000000000 ) ) ;
#1445 = DIRECTION ( 'NONE',  ( 0.000000000000000000, 0.000000000000000000, -1.000000000000000000 ) ) ;
#1446 = ORIENTED_EDGE ( 'NONE', *, *, #9138, .T. ) ;
#1447 = CARTESIAN_POINT ( 'NONE',  ( 8.875357086489897185, 1.000000000000000000, 3.682580956696600794 ) ) ;
#1448 = CARTESIAN_POINT ( 'NONE',  ( -19.27468237950923324, 1.000000000000000444, 4.521118292101938607 ) ) ;
#1449 = VECTOR ( 'NONE', #1042, 1000.000000000000000 ) ;
#1450 = AXIS2_PLACEMENT_3D ( 'NONE', #4033, #4668, #1372 ) ;
#1451 = DIRECTION ( 'NONE',  ( -0.000000000000000000, -1.000000000000000000, -0.000000000000000000 ) ) ;
#1452 = VERTEX_POINT ( 'NONE', #5428 ) ;
#1453 = ORIENTED_EDGE ( 'NONE', *, *, #676, .T. ) ;
#1454 = DIRECTION ( 'NONE',  ( -0.000000000000000000, 0.000000000000000000, 1.000000000000000000 ) ) ;
#1455 = EDGE_CURVE ( 'NONE', #8200, #3773, #7079, .T. ) ;
#1456 = DIRECTION ( 'NONE',  ( -0.000000000000000000, 1.000000000000000000, -0.000000000000000000 ) ) ;
#1457 = DIRECTION ( 'NONE',  ( -0.000000000000000000, 0.000000000000000000, 1.000000000000000000 ) ) ;
#1458 = CARTESIAN_POINT ( 'NONE',  ( 23.74820608440468916, 1.000000000000000444, 4.365657919915234331 ) ) ;
#1459 = AXIS2_PLACEMENT_3D ( 'NONE', #9882, #5047, #2530 ) ;
#1460 = VECTOR ( 'NONE', #9166, 999.9999999999998863 ) ;
#1461 = B_SPLINE_SURFACE_WITH_KNOTS ( 'NONE', 3, 1, ( 
 ( #3855, #6367 ),
 ( #4714, #6425 ),
 ( #3173, #9665 ),
 ( #8871, #718 ),
 ( #3219, #2362 ),
 ( #9609, #5622 ),
 ( #10345, #664 ),
 ( #1682, #8920 ),
 ( #4881, #2468 ),
 ( #8069, #2257 ),
 ( #3911, #7908 ),
 ( #775, #614 ),
 ( #4025, #826 ),
 ( #5512, #6473 ),
 ( #9715, #7326 ),
 ( #7105, #43 ),
 ( #2316, #3271 ),
 ( #6524, #3055 ),
 ( #7162, #5725 ),
 ( #10403, #6313 ),
 ( #8974, #4228 ),
 ( #6675, #4124 ),
 ( #7430, #927 ) ),
 .UNSPECIFIED., .F., .F., .F.,
 ( 4, 1, 1, 1, 1, 1, 1, 1, 1, 1, 1, 1, 1, 1, 1, 1, 1, 1, 1, 1, 4 ),
 ( 2, 2 ),
 ( 0.000000000000000000, 0.05445261980399008356, 0.1046118189577467383, 0.1504930484045242656, 0.1925539255659355908, 0.2682209170454576408, 0.3356543270214843444, 0.3969297891821619850, 0.4537143701204079949, 0.4824450359937568211, 0.5129567874581103526, 0.5452063008310509273, 0.5794226517806948529, 0.6167630159873342954, 0.6569738746896478521, 0.6998983615773637368, 0.7463318727924305174, 0.7981268172847219011, 0.8580462552437460033, 0.9251868521988152461, 1.000000000000000000 ),
 ( 0.000000000000000000, 1.000000000000000000 ),
 .UNSPECIFIED. ) ;
#1462 = PERSON_AND_ORGANIZATION ( #1315, #746 ) ;
#1463 = CARTESIAN_POINT ( 'NONE',  ( 8.478802170368966884, 3.000000000000000000, 2.081001434549757168 ) ) ;
#1464 = EDGE_CURVE ( 'NONE', #4909, #2581, #9267, .T. ) ;
#1465 = FACE_OUTER_BOUND ( 'NONE', #8690, .T. ) ;
#1466 = DIRECTION ( 'NONE',  ( -1.000000000000000000, 0.000000000000000000, 0.000000000000000000 ) ) ;
#1467 = ORIENTED_EDGE ( 'NONE', *, *, #604, .T. ) ;
#1468 = ORIENTED_EDGE ( 'NONE', *, *, #9963, .T. ) ;
#1469 = VECTOR ( 'NONE', #3340, 1000.000000000000000 ) ;
#1470 = EDGE_CURVE ( 'NONE', #10350, #1361, #479, .T. ) ;
#1471 = EDGE_CURVE ( 'NONE', #6863, #4410, #8518, .T. ) ;
#1472 = CARTESIAN_POINT ( 'NONE',  ( 23.39786557476671547, 1.000000000000000444, 1.989553585028247973 ) ) ;
#1473 = CARTESIAN_POINT ( 'NONE',  ( -8.609452922981921219, 3.000000000000000000, 4.458246214461565771 ) ) ;
#1474 = CARTESIAN_POINT ( 'NONE',  ( 8.501811982302092119, 1.000000000000000000, 1.817504691815648776 ) ) ;
#1475 = DIRECTION ( 'NONE',  ( 0.000000000000000000, 0.000000000000000000, -1.000000000000000000 ) ) ;
#1476 = EDGE_LOOP ( 'NONE', ( #352, #5143, #6837, #10171 ) ) ;
#1477 = VECTOR ( 'NONE', #5610, 1000.000000000000000 ) ;
#1478 = EDGE_LOOP ( 'NONE', ( #8174, #8655, #3872, #6057, #9309, #5572, #6142, #9764, #10263, #6537, #7461, #8050, #439, #4556, #8373, #8766, #9102, #9278, #5343, #6959, #9719, #9746, #4405, #6774 ) ) ;
#1479 = EDGE_CURVE ( 'NONE', #55, #9171, #7724, .T. ) ;
#1480 = CARTESIAN_POINT ( 'NONE',  ( -9.854645932411949971, 1.000000000000000888, 0.4053493058654210612 ) ) ;
#1481 = ORIENTED_EDGE ( 'NONE', *, *, #286, .F. ) ;
#1482 = EDGE_LOOP ( 'NONE', ( #3581, #10505, #7668, #8811 ) ) ;
#1483 = PLANE ( 'NONE',  #9244 ) ;
#1484 = CARTESIAN_POINT ( 'NONE',  ( -13.92943906137265309, 1.000000000000000000, 0.8567078280890980668 ) ) ;
#1485 = CARTESIAN_POINT ( 'NONE',  ( 11.62175253335531444, 1.000000000000000000, 2.439196780109299301 ) ) ;
#1486 = DIRECTION ( 'NONE',  ( -1.000000000000000000, 0.000000000000000000, 0.000000000000000000 ) ) ;
#1487 = CARTESIAN_POINT ( 'NONE',  ( 16.87003408636479662, 1.000000000000000444, 4.343055688706876971 ) ) ;
#1488 = CARTESIAN_POINT ( 'NONE',  ( 29.49999999999999645, 1.500000000000000000, -13.24999999999999822 ) ) ;
#1489 = CARTESIAN_POINT ( 'NONE',  ( -15.71238838845345143, 1.000000000000000000, 4.925965133283901842 ) ) ;
#1490 = DIRECTION ( 'NONE',  ( 1.000000000000000000, 0.000000000000000000, 0.000000000000000000 ) ) ;
#1491 = ORIENTED_EDGE ( 'NONE', *, *, #3564, .F. ) ;
#1492 = ORIENTED_EDGE ( 'NONE', *, *, #3856, .T. ) ;
#1493 = CARTESIAN_POINT ( 'NONE',  ( -8.934230277083067051, 1.000000000000000000, 1.600895281218664534 ) ) ;
#1494 = CARTESIAN_POINT ( 'NONE',  ( 17.88194459857362162, 3.000000000000000000, 4.869447670711752885 ) ) ;
#1495 = CARTESIAN_POINT ( 'NONE',  ( 13.12428545357402143, 3.000000000000000444, 1.522905499554296993 ) ) ;
#1496 = CARTESIAN_POINT ( 'NONE',  ( 8.349921301639438909, 1.000000000000000000, 0.8567078280890980668 ) ) ;
#1497 = CARTESIAN_POINT ( 'NONE',  ( -9.323380614845223846, 1.000000000000000444, 3.285329947977353449 ) ) ;
#1498 = CARTESIAN_POINT ( 'NONE',  ( -19.43568242541142510, 2.999999999999999556, 2.318105955929530282 ) ) ;
#1499 = CARTESIAN_POINT ( 'NONE',  ( 24.95568646655243228, 0.9999999999999991118, 0.4419682782090174622 ) ) ;
#1500 = LINE ( 'NONE', #800, #6209 ) ;
#1501 = DIRECTION ( 'NONE',  ( -0.3646645346987750225, 0.000000000000000000, 0.9311389676804024962 ) ) ;
#1502 = CARTESIAN_POINT ( 'NONE',  ( 24.52716187756471200, 1.000000000000000000, 0.4045681275118969689 ) ) ;
#1503 = ORIENTED_EDGE ( 'NONE', *, *, #9784, .T. ) ;
#1504 = CARTESIAN_POINT ( 'NONE',  ( -9.702246176663530619, 3.000000000000002220, 4.630594230804857325 ) ) ;
#1505 = EDGE_CURVE ( 'NONE', #3806, #5134, #3886, .T. ) ;
#1506 = LINE ( 'NONE', #5328, #4615 ) ;
#1507 = DIRECTION ( 'NONE',  ( -1.000000000000000000, 0.000000000000000000, 0.000000000000000000 ) ) ;
#1508 = EDGE_LOOP ( 'NONE', ( #6703, #4066, #7254, #8984 ) ) ;
#1509 = VERTEX_POINT ( 'NONE', #8629 ) ;
#1510 = CARTESIAN_POINT ( 'NONE',  ( 11.65295909506090233, 3.000000000000000000, 2.439081198479338131 ) ) ;
#1511 = CARTESIAN_POINT ( 'NONE',  ( -8.379374311563958955, 3.000000000000000000, 3.667791648933866444 ) ) ;
#1512 = CARTESIAN_POINT ( 'NONE',  ( -22.37703354520371590, 1.000000000000000000, 0.8567078280890980668 ) ) ;
#1513 = DIRECTION ( 'NONE',  ( -0.000000000000000000, 0.000000000000000000, 1.000000000000000000 ) ) ;
#1514 = DATE_AND_TIME ( #6482, #6180 ) ;
#1515 = LINE ( 'NONE', #163, #2715 ) ;
#1516 = ADVANCED_FACE ( 'NONE', ( #8570 ), #1338, .T. ) ;
#1517 = CARTESIAN_POINT ( 'NONE',  ( -10.88498312306244209, 1.000000000000000000, 3.573173923345490444 ) ) ;
#1518 = LINE ( 'NONE', #818, #4760 ) ;
#1519 = ORIENTED_EDGE ( 'NONE', *, *, #4261, .F. ) ;
#1520 = EDGE_LOOP ( 'NONE', ( #8019, #47, #8647, #6437 ) ) ;
#1521 = LINE ( 'NONE', #713, #1977 ) ;
#1522 = CARTESIAN_POINT ( 'NONE',  ( 23.67792844477752823, 1.000000000000000000, 4.828926583211377022 ) ) ;
#1523 = CARTESIAN_POINT ( 'NONE',  ( -10.27927585148884759, 1.000000000000000000, 0.8428726909124105715 ) ) ;
#1524 = DIRECTION ( 'NONE',  ( 1.000000000000000000, 0.000000000000000000, 0.000000000000000000 ) ) ;
#1525 = ORIENTED_EDGE ( 'NONE', *, *, #9724, .T. ) ;
#1526 = EDGE_CURVE ( 'NONE', #4222, #3007, #8208, .T. ) ;
#1527 = EDGE_CURVE ( 'NONE', #5001, #9469, #4045, .T. ) ;
#1528 = CARTESIAN_POINT ( 'NONE',  ( 24.80473311319630625, 0.9999999999999991118, 0.7689486688155826588 ) ) ;
#1529 = CARTESIAN_POINT ( 'NONE',  ( 14.09527460623957040, 1.000000000000000000, 4.530342895278852922 ) ) ;
#1530 = ORIENTED_EDGE ( 'NONE', *, *, #10271, .T. ) ;
#1531 = EDGE_LOOP ( 'NONE', ( #2420, #7744, #9570, #9776 ) ) ;
#1532 = CARTESIAN_POINT ( 'NONE',  ( -15.88900545899141825, 1.000000000000000000, 0.8567078280890980668 ) ) ;
#1533 = FACE_OUTER_BOUND ( 'NONE', #1476, .T. ) ;
#1534 = CARTESIAN_POINT ( 'NONE',  ( 10.61150288987813184, 1.000000000000000000, 0.8567078280890980668 ) ) ;
#1535 = PLANE ( 'NONE',  #7904 ) ;
#1536 = CARTESIAN_POINT ( 'NONE',  ( 16.20615941164940565, 1.000000000000000444, 4.526044445132308525 ) ) ;
#1537 = CARTESIAN_POINT ( 'NONE',  ( 11.35152841543222202, 1.000000000000000000, 2.439196780109299301 ) ) ;
#1538 = DIRECTION ( 'NONE',  ( -0.000000000000000000, 1.000000000000000000, -0.000000000000000000 ) ) ;
#1539 = EDGE_CURVE ( 'NONE', #34, #4411, #4847, .T. ) ;
#1540 = FACE_OUTER_BOUND ( 'NONE', #9946, .T. ) ;
#1541 = AXIS2_PLACEMENT_3D ( 'NONE', #1375, #9407, #1323 ) ;
#1542 = ORIENTED_EDGE ( 'NONE', *, *, #5753, .F. ) ;
#1543 = EDGE_LOOP ( 'NONE', ( #4, #4610, #6239, #1611, #2989, #6360, #6991, #6143, #9797, #7267, #8512, #7701, #7251, #10286, #1525, #1734, #5292, #9794, #10349, #3817, #3253, #9255 ) ) ;
#1544 = EDGE_CURVE ( 'NONE', #3912, #5735, #799, .T. ) ;
#1545 = DIRECTION ( 'NONE',  ( 0.05071590065957925358, 0.000000000000000000, 0.9987131206809528594 ) ) ;
#1546 = CARTESIAN_POINT ( 'NONE',  ( 15.99479119987542575, 3.000000000000000000, 4.530342895278852922 ) ) ;
#1547 = VECTOR ( 'NONE', #7390, 1000.000000000000000 ) ;
#1548 = CARTESIAN_POINT ( 'NONE',  ( 13.12428545357402143, 3.000000000000000444, 1.522905499554296993 ) ) ;
#1549 = CARTESIAN_POINT ( 'NONE',  ( -9.466461459343003426, 3.000000000000000444, 3.191820009055648111 ) ) ;
#1550 = FACE_BOUND ( 'NONE', #6808, .T. ) ;
#1551 = CARTESIAN_POINT ( 'NONE',  ( 26.48937753124154781, 1.000000000000000444, 2.651137264754862777 ) ) ;
#1552 = B_SPLINE_SURFACE_WITH_KNOTS ( 'NONE', 3, 1, ( 
 ( #543, #7032 ),
 ( #10278, #3838 ),
 ( #5229, #1348 ),
 ( #440, #2082 ),
 ( #8582, #5333 ),
 ( #10120, #4590 ),
 ( #8472, #6240 ),
 ( #7791, #2186 ),
 ( #1401, #4641 ),
 ( #7684, #6184 ),
 ( #3785, #8692 ),
 ( #2930, #4476 ),
 ( #10228, #595 ),
 ( #10330, #6023 ),
 ( #9431, #385 ),
 ( #1296, #5279 ),
 ( #1984, #490 ),
 ( #1237, #8526 ),
 ( #2831, #2027 ) ),
 .UNSPECIFIED., .F., .F., .F.,
 ( 4, 1, 1, 1, 1, 1, 1, 1, 1, 1, 1, 1, 1, 1, 1, 1, 4 ),
 ( 2, 2 ),
 ( 0.000000000000000000, 0.1043821991303039293, 0.1948869928041735422, 0.2727773118942711794, 0.3371414730387166103, 0.3931522380494086866, 0.4446051819627394597, 0.4922487988544280157, 0.5372320886340694601, 0.5813700958880529956, 0.6275012034413889328, 0.6765686082940695067, 0.7286796778658441998, 0.7861950240727001438, 0.8507026474885344136, 0.9217139014023788546, 1.000000000000000000 ),
 ( 0.000000000000000000, 1.000000000000000000 ),
 .UNSPECIFIED. ) ;
#1553 = CARTESIAN_POINT ( 'NONE',  ( 23.69490386146360095, 1.000000000000000000, 4.302077428609543119 ) ) ;
#1554 = FACE_OUTER_BOUND ( 'NONE', #6896, .T. ) ;
#1555 = CARTESIAN_POINT ( 'NONE',  ( 23.10124344137749119, 1.000000000000000888, 1.034432401763113463 ) ) ;
#1556 = AXIS2_PLACEMENT_3D ( 'NONE', #2980, #6234, #9479 ) ;
#1557 = ORIENTED_EDGE ( 'NONE', *, *, #884, .T. ) ;
#1558 = VECTOR ( 'NONE', #3541, 1000.000000000000000 ) ;
#1559 = FACE_OUTER_BOUND ( 'NONE', #7247, .T. ) ;
#1560 = ORIENTED_EDGE ( 'NONE', *, *, #5350, .T. ) ;
#1561 = CARTESIAN_POINT ( 'NONE',  ( -9.896639726414921512, 1.000000000000000000, 4.981596918225961623 ) ) ;
#1562 = ORIENTED_EDGE ( 'NONE', *, *, #1059, .F. ) ;
#1563 = ORIENTED_EDGE ( 'NONE', *, *, #1612, .F. ) ;
#1564 = CARTESIAN_POINT ( 'NONE',  ( -10.76686411941692256, 1.000000000000000444, 0.6705196508998534366 ) ) ;
#1565 = CARTESIAN_POINT ( 'NONE',  ( 17.60288962712363414, 1.000000000000000000, 3.286958718691550541 ) ) ;
#1566 = VECTOR ( 'NONE', #7986, 1000.000000000000000 ) ;
#1567 = VECTOR ( 'NONE', #1130, 1000.000000000000000 ) ;
#1568 = DIRECTION ( 'NONE',  ( -0.000000000000000000, 1.000000000000000000, -0.000000000000000000 ) ) ;
#1569 = DIRECTION ( 'NONE',  ( 1.000000000000000000, 0.000000000000000000, 0.000000000000000000 ) ) ;
#1570 = CARTESIAN_POINT ( 'NONE',  ( 12.27830576285648689, 0.9999999999999995559, 1.842985950414045115 ) ) ;
#1571 = DIRECTION ( 'NONE',  ( -1.000000000000000000, 0.000000000000000000, 0.000000000000000000 ) ) ;
#1572 = ORIENTED_EDGE ( 'NONE', *, *, #4196, .T. ) ;
#1573 = ORIENTED_EDGE ( 'NONE', *, *, #2626, .T. ) ;
#1574 = CARTESIAN_POINT ( 'NONE',  ( -20.98175868795376076, 1.000000000000000000, 0.8567078280890980668 ) ) ;
#1575 = FACE_OUTER_BOUND ( 'NONE', #8773, .T. ) ;
#1576 = ADVANCED_FACE ( 'NONE', ( #6498, #7294 ), #13, .T. ) ;
#1577 = CARTESIAN_POINT ( 'NONE',  ( -10.07904037288433230, 2.999999999999999112, 0.7676487947151456881 ) ) ;
#1578 = LINE ( 'NONE', #4822, #5862 ) ;
#1579 = ORIENTED_EDGE ( 'NONE', *, *, #2368, .T. ) ;
#1580 = CARTESIAN_POINT ( 'NONE',  ( 11.94351431484860804, 0.9999999999999991118, 2.797668087054103747 ) ) ;
#1581 = DIRECTION ( 'NONE',  ( -0.000000000000000000, 0.000000000000000000, -1.000000000000000000 ) ) ;
#1582 = EDGE_LOOP ( 'NONE', ( #9499, #7663, #9492, #3568 ) ) ;
#1583 = VERTEX_POINT ( 'NONE', #743 ) ;
#1584 = CARTESIAN_POINT ( 'NONE',  ( -9.798365781489559723, 1.000000000000000000, 0.4045681275118969689 ) ) ;
#1585 = PLANE ( 'NONE',  #6034 ) ;
#1586 = CARTESIAN_POINT ( 'NONE',  ( 11.99214388025303890, 1.000000000000000444, 2.418185134348044052 ) ) ;
#1587 = CARTESIAN_POINT ( 'NONE',  ( -11.25898895483856421, 1.000000000000000000, 3.513028568980150812 ) ) ;
#1588 = EDGE_CURVE ( 'NONE', #9054, #3556, #9736, .T. ) ;
#1589 = CARTESIAN_POINT ( 'NONE',  ( -20.24173316239967235, 1.000000000000000000, 0.8567078280890980668 ) ) ;
#1590 = CARTESIAN_POINT ( 'NONE',  ( -10.11440487457426940, 3.000000000000000888, 4.980585770353673780 ) ) ;
#1591 = CARTESIAN_POINT ( 'NONE',  ( -15.42097022206580270, 3.000000000000000000, 3.888339843873334978 ) ) ;
#1592 = VERTEX_POINT ( 'NONE', #10485 ) ;
#1593 = ORIENTED_EDGE ( 'NONE', *, *, #9042, .T. ) ;
#1594 = VECTOR ( 'NONE', #4255, 1000.000000000000000 ) ;
#1595 = CARTESIAN_POINT ( 'NONE',  ( -9.302945297551509896, 1.000000000000000000, 0.8781975057508946136 ) ) ;
#1596 = CARTESIAN_POINT ( 'NONE',  ( -19.55125476284443309, 2.999999999999998224, 2.401632501044000723 ) ) ;
#1597 = EDGE_CURVE ( 'NONE', #1163, #2574, #1440, .T. ) ;
#1598 = CARTESIAN_POINT ( 'NONE',  ( 12.77516974254105442, 3.000000000000000000, 0.9398174165483703657 ) ) ;
#1599 = CARTESIAN_POINT ( 'NONE',  ( -17.97750231810290700, 1.000000000000000000, 3.286958718691550541 ) ) ;
#1600 = CARTESIAN_POINT ( 'NONE',  ( -19.60111769757886790, 1.000000000000001776, 2.418185134348044496 ) ) ;
#1601 = CARTESIAN_POINT ( 'NONE',  ( 25.96885403664781933, 0.9999999999999991118, 1.032257284310564849 ) ) ;
#1602 = EDGE_CURVE ( 'NONE', #9696, #7043, #843, .T. ) ;
#1603 = EDGE_CURVE ( 'NONE', #8153, #5153, #4738, .T. ) ;
#1604 = CARTESIAN_POINT ( 'NONE',  ( 23.93860996078823433, 1.000000000000000444, 4.524488453156243928 ) ) ;
#1605 = DIRECTION ( 'NONE',  ( -0.03958947438127656537, 0.000000000000000000, 0.9992160294541987398 ) ) ;
#1606 = CC_DESIGN_APPROVAL ( #5717, ( #4311 ) ) ;
#1607 = CARTESIAN_POINT ( 'NONE',  ( 24.52716187756471200, 1.000000000000000000, 0.4045681275118969689 ) ) ;
#1608 = ORIENTED_EDGE ( 'NONE', *, *, #3373, .F. ) ;
#1609 = LINE ( 'NONE', #3298, #2889 ) ;
#1610 = CARTESIAN_POINT ( 'NONE',  ( -19.97150904447657638, 1.000000000000000000, 2.778301555542199708 ) ) ;
#1611 = ORIENTED_EDGE ( 'NONE', *, *, #3522, .T. ) ;
#1612 = EDGE_CURVE ( 'NONE', #4772, #3453, #7347, .T. ) ;
#1613 = CARTESIAN_POINT ( 'NONE',  ( -9.779738897274210530, 1.000000000000000000, 4.979865491215240247 ) ) ;
#1614 = ORIENTED_EDGE ( 'NONE', *, *, #1048, .F. ) ;
#1615 = ORIENTED_EDGE ( 'NONE', *, *, #7386, .F. ) ;
#1616 = CIRCLE ( 'NONE', #10268, 2.999999999999999112 ) ;
#1617 = CARTESIAN_POINT ( 'NONE',  ( -10.65922810852822344, 0.9999999999999995559, 0.6014391550767115291 ) ) ;
#1618 = LINE ( 'NONE', #8155, #2628 ) ;
#1619 = DIRECTION ( 'NONE',  ( -0.000000000000000000, 1.000000000000000000, -0.000000000000000000 ) ) ;
#1620 = CARTESIAN_POINT ( 'NONE',  ( 9.731949878599046144, 1.000000000000000000, 1.874022154387798844 ) ) ;
#1621 = DIRECTION ( 'NONE',  ( -0.000000000000000000, 0.000000000000000000, 1.000000000000000000 ) ) ;
#1622 = AXIS2_PLACEMENT_3D ( 'NONE', #366, #2911, #1378 ) ;
#1623 = VECTOR ( 'NONE', #8640, 1000.000000000000000 ) ;
#1624 = LINE ( 'NONE', #2458, #1186 ) ;
#1625 = ORIENTED_EDGE ( 'NONE', *, *, #9384, .T. ) ;
#1626 = VERTEX_POINT ( 'NONE', #5482 ) ;
#1627 = VECTOR ( 'NONE', #1070, 1000.000000000000000 ) ;
#1628 = CARTESIAN_POINT ( 'NONE',  ( 8.875357086489897185, 1.000000000000000000, 3.682580956696600794 ) ) ;
#1629 = CARTESIAN_POINT ( 'NONE',  ( -19.30025056893421365, 3.000000000000000000, 0.8570062300207605954 ) ) ;
#1630 = VECTOR ( 'NONE', #2452, 1000.000000000000000 ) ;
#1631 = CARTESIAN_POINT ( 'NONE',  ( -19.37270803100002681, 3.000000000000000444, 3.036129320185670721 ) ) ;
#1632 = ORIENTED_EDGE ( 'NONE', *, *, #6583, .F. ) ;
#1633 = FACE_OUTER_BOUND ( 'NONE', #3711, .T. ) ;
#1634 = AXIS2_PLACEMENT_3D ( 'NONE', #8341, #994, #7548 ) ;
#1635 = CARTESIAN_POINT ( 'NONE',  ( -8.900148346182923831, 3.000000000000000888, 4.720852176870995898 ) ) ;
#1636 = AXIS2_PLACEMENT_3D ( 'NONE', #5996, #6954, #2164 ) ;
#1637 = EDGE_CURVE ( 'NONE', #3531, #5705, #9686, .T. ) ;
#1638 = VERTEX_POINT ( 'NONE', #3882 ) ;
#1639 = ORIENTED_EDGE ( 'NONE', *, *, #8237, .F. ) ;
#1640 = CARTESIAN_POINT ( 'NONE',  ( -15.88900545899141825, 1.000000000000000000, 0.8567078280890980668 ) ) ;
#1641 = CARTESIAN_POINT ( 'NONE',  ( -10.12324276508919674, 1.000000000000000444, 2.924499338248641944 ) ) ;
#1642 = CARTESIAN_POINT ( 'NONE',  ( 26.45985560061975761, 3.000000000000000000, 3.124590240838202249 ) ) ;
#1643 = CARTESIAN_POINT ( 'NONE',  ( -6.715514815249311376, 1.000000000000000000, 4.530342895278852922 ) ) ;
#1644 = VECTOR ( 'NONE', #8988, 1000.000000000000227 ) ;
#1645 = LINE ( 'NONE', #6382, #86 ) ;
#1646 = EDGE_LOOP ( 'NONE', ( #2546, #4300, #116, #9877 ) ) ;
#1647 = VERTEX_POINT ( 'NONE', #3938 ) ;
#1648 = FACE_OUTER_BOUND ( 'NONE', #9046, .T. ) ;
#1649 = EDGE_CURVE ( 'NONE', #6777, #8232, #7187, .T. ) ;
#1650 = CARTESIAN_POINT ( 'NONE',  ( -1.070833240855827651, 1.000000000000000000, 0.8567078280890980668 ) ) ;
#1651 = VECTOR ( 'NONE', #1569, 1000.000000000000000 ) ;
#1652 = DIRECTION ( 'NONE',  ( -0.000000000000000000, 1.000000000000000000, -0.000000000000000000 ) ) ;
#1653 = CARTESIAN_POINT ( 'NONE',  ( -9.053924829172020239, 3.000000000000000444, 3.882158246404506130 ) ) ;
#1654 = CARTESIAN_POINT ( 'NONE',  ( 13.17833673293276497, 1.000000000000000000, 3.687827551978846152 ) ) ;
#1655 = CARTESIAN_POINT ( 'NONE',  ( 26.08812579955453614, 0.9999999999999995559, 1.188870187776216225 ) ) ;
#1656 = CARTESIAN_POINT ( 'NONE',  ( 23.35619069989797580, 3.000000000000001776, 2.715602495501221014 ) ) ;
#1657 = CARTESIAN_POINT ( 'NONE',  ( 13.17833673293276497, 3.000000000000000000, 3.687827551978846152 ) ) ;
#1658 = LINE ( 'NONE', #3992, #7044 ) ;
#1659 = EDGE_CURVE ( 'NONE', #6347, #8163, #3138, .T. ) ;
#1660 = ORIENTED_EDGE ( 'NONE', *, *, #3021, .F. ) ;
#1661 = CARTESIAN_POINT ( 'NONE',  ( 26.48408698089145474, 3.000000000000000444, 2.409791219588122591 ) ) ;
#1662 = EDGE_CURVE ( 'NONE', #5513, #5209, #4198, .T. ) ;
#1663 = EDGE_CURVE ( 'NONE', #2988, #5980, #3419, .T. ) ;
#1664 = FACE_OUTER_BOUND ( 'NONE', #560, .T. ) ;
#1665 = ORIENTED_EDGE ( 'NONE', *, *, #9514, .T. ) ;
#1666 = CARTESIAN_POINT ( 'NONE',  ( -18.93123449900794242, 1.000000000000000000, 3.569546031552301102 ) ) ;
#1667 = EDGE_LOOP ( 'NONE', ( #1009, #9921, #8421, #5545 ) ) ;
#1668 = ORIENTED_EDGE ( 'NONE', *, *, #3399, .F. ) ;
#1669 = LINE ( 'NONE', #2293, #10295 ) ;
#1670 = CARTESIAN_POINT ( 'NONE',  ( 7.564858423098167250, 1.000000000000000000, 0.8567078280890980668 ) ) ;
#1671 = CARTESIAN_POINT ( 'NONE',  ( 8.477424180689936861, 0.9999999999999991118, 0.8586758358809765124 ) ) ;
#1672 = CARTESIAN_POINT ( 'NONE',  ( 8.393780830582265651, 2.999999999999999556, 0.8573848002120053602 ) ) ;
#1673 = CARTESIAN_POINT ( 'NONE',  ( 12.12483334394743828, 0.9999999999999986677, 2.354533257635949006 ) ) ;
#1674 = EDGE_CURVE ( 'NONE', #6977, #6193, #1053, .T. ) ;
#1675 = FACE_OUTER_BOUND ( 'NONE', #5757, .T. ) ;
#1676 = VERTEX_POINT ( 'NONE', #997 ) ;
#1677 = ORIENTED_EDGE ( 'NONE', *, *, #8547, .T. ) ;
#1678 = CARTESIAN_POINT ( 'NONE',  ( -9.524142129429215231, 0.9999999999999991118, 2.419929085802563939 ) ) ;
#1679 = CARTESIAN_POINT ( 'NONE',  ( -18.89379166866515902, 3.000000000000000000, 0.9109072515481145826 ) ) ;
#1680 = CARTESIAN_POINT ( 'NONE',  ( -9.371251489128146872, 2.999999999999999556, 4.522369765452626034 ) ) ;
#1681 = VERTEX_POINT ( 'NONE', #9149 ) ;
#1682 = CARTESIAN_POINT ( 'NONE',  ( 12.68932256052373475, 1.000000000000000888, 4.456662392004471229 ) ) ;
#1683 = LINE ( 'NONE', #3174, #349 ) ;
#1684 = ORIENTED_EDGE ( 'NONE', *, *, #6662, .F. ) ;
#1685 = ORIENTED_EDGE ( 'NONE', *, *, #1479, .F. ) ;
#1686 = DIRECTION ( 'NONE',  ( 0.000000000000000000, 1.000000000000000000, 0.000000000000000000 ) ) ;
#1687 = CARTESIAN_POINT ( 'NONE',  ( -11.22719788214172887, 0.9999999999999995559, 1.663847840447616022 ) ) ;
#1688 = CARTESIAN_POINT ( 'NONE',  ( 26.09389116372799933, 1.000000000000001776, 4.138396932450556065 ) ) ;
#1689 = CARTESIAN_POINT ( 'NONE',  ( -9.056078200447577942, 3.000000000000000000, 3.781056107052294557 ) ) ;
#1690 = DIRECTION ( 'NONE',  ( 0.000000000000000000, 0.000000000000000000, 1.000000000000000000 ) ) ;
#1691 = EDGE_LOOP ( 'NONE', ( #7423, #1122, #10440, #2721 ) ) ;
#1692 = VERTEX_POINT ( 'NONE', #7397 ) ;
#1693 = DIRECTION ( 'NONE',  ( 0.000000000000000000, 0.000000000000000000, 1.000000000000000000 ) ) ;
#1694 = CARTESIAN_POINT ( 'NONE',  ( -19.38328342931263037, 3.000000000000000444, 2.217671678630609655 ) ) ;
#1695 = CARTESIAN_POINT ( 'NONE',  ( 12.99515458054793449, 0.9999999999999995559, 1.140584045370327981 ) ) ;
#1696 = CARTESIAN_POINT ( 'NONE',  ( 24.90630184285747006, 3.000000000000000444, 0.7945131521445304434 ) ) ;
#1697 = DIRECTION ( 'NONE',  ( 1.000000000000000000, 0.000000000000000000, 0.000000000000000000 ) ) ;
#1698 = CARTESIAN_POINT ( 'NONE',  ( -0.05263582920443654611, 1.000000000000000000, 4.925965133283901842 ) ) ;
#1699 = VECTOR ( 'NONE', #1466, 1000.000000000000000 ) ;
#1700 = FACE_OUTER_BOUND ( 'NONE', #7166, .T. ) ;
#1701 = CARTESIAN_POINT ( 'NONE',  ( 11.35152841543222202, 1.000000000000000000, 2.778301555542199708 ) ) ;
#1702 = EDGE_CURVE ( 'NONE', #5644, #4100, #3635, .T. ) ;
#1703 = CARTESIAN_POINT ( 'NONE',  ( 22.97712789708894121, 0.9999999999999995559, 1.195222634494041536 ) ) ;
#1704 = ORIENTED_EDGE ( 'NONE', *, *, #1800, .F. ) ;
#1705 = ORIENTED_EDGE ( 'NONE', *, *, #5566, .T. ) ;
#1706 = CARTESIAN_POINT ( 'NONE',  ( -9.918465389455379366, 1.000000000000000000, 4.643377820423151725 ) ) ;
#1707 = VECTOR ( 'NONE', #6342, 1000.000000000000000 ) ;
#1708 = DIRECTION ( 'NONE',  ( 1.000000000000000000, 0.000000000000000000, 0.000000000000000000 ) ) ;
#1709 = ORIENTED_EDGE ( 'NONE', *, *, #461, .F. ) ;
#1710 = CARTESIAN_POINT ( 'NONE',  ( -10.58001346701759715, 2.999999999999999112, 1.499638687624962108 ) ) ;
#1711 = ORIENTED_EDGE ( 'NONE', *, *, #2368, .F. ) ;
#1712 = VERTEX_POINT ( 'NONE', #7448 ) ;
#1713 = FACE_OUTER_BOUND ( 'NONE', #1247, .T. ) ;
#1714 = CARTESIAN_POINT ( 'NONE',  ( 8.463525132896327463, 2.999999999999999556, 2.183379744326750860 ) ) ;
#1715 = CARTESIAN_POINT ( 'NONE',  ( 8.178602743217609827, 3.000000000000000000, 4.869447670711752885 ) ) ;
#1716 = FACE_OUTER_BOUND ( 'NONE', #331, .T. ) ;
#1717 = CARTESIAN_POINT ( 'NONE',  ( -8.846094251801178032, 0.9999999999999995559, 0.5427304553512315444 ) ) ;
#1718 = CARTESIAN_POINT ( 'NONE',  ( 12.18656629714802087, 1.000000000000000888, 2.273266220684173167 ) ) ;
#1719 = VECTOR ( 'NONE', #8363, 1000.000000000000000 ) ;
#1720 = EDGE_CURVE ( 'NONE', #8579, #612, #9885, .T. ) ;
#1721 = VECTOR ( 'NONE', #8189, 1000.000000000000000 ) ;
#1722 = DIRECTION ( 'NONE',  ( -0.000000000000000000, 1.000000000000000000, -0.000000000000000000 ) ) ;
#1723 = ORIENTED_EDGE ( 'NONE', *, *, #494, .F. ) ;
#1724 = AXIS2_PLACEMENT_3D ( 'NONE', #5915, #5864, #328 ) ;
#1725 = EDGE_LOOP ( 'NONE', ( #3115, #1639, #10192, #828 ) ) ;
#1726 = EDGE_CURVE ( 'NONE', #3819, #6371, #398, .T. ) ;
#1727 = CARTESIAN_POINT ( 'NONE',  ( 11.35152841543222202, 1.000000000000000000, 4.530342895278852922 ) ) ;
#1728 = CARTESIAN_POINT ( 'NONE',  ( -19.38365238199717666, 2.999999999999999556, 0.8568106951914036262 ) ) ;
#1729 = EDGE_CURVE ( 'NONE', #1011, #7514, #9095, .T. ) ;
#1730 = ADVANCED_FACE ( 'NONE', ( #2588 ), #6690, .T. ) ;
#1731 = CARTESIAN_POINT ( 'NONE',  ( -9.079186726682008768, 3.000000000000000888, 4.120201999798160486 ) ) ;
#1732 = ORIENTED_EDGE ( 'NONE', *, *, #9556, .T. ) ;
#1733 = ORIENTED_EDGE ( 'NONE', *, *, #8751, .F. ) ;
#1734 = ORIENTED_EDGE ( 'NONE', *, *, #536, .T. ) ;
#1735 = DIRECTION ( 'NONE',  ( -0.000000000000000000, 1.000000000000000000, -0.000000000000000000 ) ) ;
#1736 = CARTESIAN_POINT ( 'NONE',  ( 24.50598734493892294, 1.000000000000000000, 4.982069869017063724 ) ) ;
#1737 = CARTESIAN_POINT ( 'NONE',  ( 8.875357086489897185, 1.000000000000000000, 1.817504691815648776 ) ) ;
#1738 = LINE ( 'NONE', #6681, #426 ) ;
#1739 = VERTEX_POINT ( 'NONE', #2533 ) ;
#1740 = ORIENTED_EDGE ( 'NONE', *, *, #7059, .T. ) ;
#1741 = ORIENTED_EDGE ( 'NONE', *, *, #10334, .F. ) ;
#1742 = CARTESIAN_POINT ( 'NONE',  ( -18.93123449900794242, 1.000000000000000000, 1.704469766671348863 ) ) ;
#1743 = CARTESIAN_POINT ( 'NONE',  ( 29.49999999999999645, 0.000000000000000000, -10.25000000000000000 ) ) ;
#1744 = FACE_OUTER_BOUND ( 'NONE', #5397, .T. ) ;
#1745 = CARTESIAN_POINT ( 'NONE',  ( 12.41196463944031159, 1.000000000000000444, 0.8648130324602640862 ) ) ;
#1746 = EDGE_CURVE ( 'NONE', #1152, #244, #2843, .T. ) ;
#1747 = CARTESIAN_POINT ( 'NONE',  ( 25.68488677494109851, 3.000000000000000000, 2.674097483924798624 ) ) ;
#1748 = CARTESIAN_POINT ( 'NONE',  ( -19.27468237950923324, 3.000000000000000444, 4.521118292101938607 ) ) ;
#1749 = LINE ( 'NONE', #5097, #6981 ) ;
#1750 = PLANE ( 'NONE',  #9951 ) ;
#1751 = CARTESIAN_POINT ( 'NONE',  ( 26.36146553373197321, 3.000000000000000000, 3.564986377904148185 ) ) ;
#1752 = ORIENTED_EDGE ( 'NONE', *, *, #8801, .T. ) ;
#1753 = AXIS2_PLACEMENT_3D ( 'NONE', #6961, #2862, #7015 ) ;
#1754 = ORIENTED_EDGE ( 'NONE', *, *, #5765, .T. ) ;
#1755 = CARTESIAN_POINT ( 'NONE',  ( 8.089023696816937559, 2.999999999999999112, 2.900973612247540245 ) ) ;
#1756 = CARTESIAN_POINT ( 'NONE',  ( -9.918465389455381143, 1.000000000000000444, 4.643377820423152613 ) ) ;
#1757 = CARTESIAN_POINT ( 'NONE',  ( -19.39423652614524585, 1.000000000000000444, 2.975708101488674817 ) ) ;
#1758 = ORIENTED_EDGE ( 'NONE', *, *, #10166, .F. ) ;
#1759 = CARTESIAN_POINT ( 'NONE',  ( -10.56545207106236006, 3.000000000000001332, 1.662823230283086096 ) ) ;
#1760 = EDGE_CURVE ( 'NONE', #9262, #4065, #1749, .T. ) ;
#1761 = ORIENTED_EDGE ( 'NONE', *, *, #4166, .F. ) ;
#1762 = ORIENTED_EDGE ( 'NONE', *, *, #9467, .T. ) ;
#1763 = DIRECTION ( 'NONE',  ( 1.000000000000000000, 0.000000000000000000, 0.000000000000000000 ) ) ;
#1764 = AXIS2_PLACEMENT_3D ( 'NONE', #9978, #5081, #982 ) ;
#1765 = CARTESIAN_POINT ( 'NONE',  ( 8.370599719118182236, 3.000000000000000000, 2.432114827456980599 ) ) ;
#1766 = DIRECTION ( 'NONE',  ( 0.000000000000000000, 1.000000000000000000, 0.000000000000000000 ) ) ;
#1767 = CARTESIAN_POINT ( 'NONE',  ( -15.29645518733653375, 3.000000000000000000, 0.8567078280890980668 ) ) ;
#1768 = CARTESIAN_POINT ( 'NONE',  ( 16.00538822410770834, 3.000000000000000000, 0.8567078280890980668 ) ) ;
#1769 = DIRECTION ( 'NONE',  ( -0.000000000000000000, 1.000000000000000000, -0.000000000000000000 ) ) ;
#1770 = CARTESIAN_POINT ( 'NONE',  ( 24.53694430732786458, 3.000000000000000000, 4.641863124888232939 ) ) ;
#1771 = B_SPLINE_CURVE_WITH_KNOTS ( 'NONE', 3,
 ( #7126, #5480, #4043, #11, #7984, #4092, #6496, #3191, #797, #4896, #4683, #9684, #9633, #2334, #5651, #3083, #3029, #5692, #841 ),
 .UNSPECIFIED., .F., .F.,
 ( 4, 1, 1, 1, 1, 1, 1, 1, 1, 1, 1, 1, 1, 1, 1, 1, 4 ),
 ( 0.000000000000000000, 0.1188560317108969672, 0.2209283741663674028, 0.3063034166759449617, 0.3752570544179836265, 0.4329650820677174994, 0.4834501979423389550, 0.5286374547714883798, 0.5683287474589131527, 0.6069250723128010172, 0.6473812240742733426, 0.6918345839470035896, 0.7401557930960326326, 0.7942715689297643600, 0.8558889846477841790, 0.9244584765722029251, 1.000000000000000000 ),
 .UNSPECIFIED. ) ;
#1772 = ADVANCED_FACE ( 'NONE', ( #9830 ), #1853, .F. ) ;
#1773 = ORIENTED_EDGE ( 'NONE', *, *, #5866, .F. ) ;
#1774 = ORIENTED_EDGE ( 'NONE', *, *, #5112, .F. ) ;
#1775 = CARTESIAN_POINT ( 'NONE',  ( 25.59130995869066183, 3.000000000000000444, 3.672738975962865471 ) ) ;
#1776 = CARTESIAN_POINT ( 'NONE',  ( -5.609008868328936082, 1.000000000000000000, 3.399993643835850676 ) ) ;
#1777 = DIRECTION ( 'NONE',  ( -0.3560965189493198735, 0.000000000000000000, 0.9344491795663243394 ) ) ;
#1778 = CARTESIAN_POINT ( 'NONE',  ( -19.30566268854843415, 3.000000000000000000, 3.569546031552301102 ) ) ;
#1779 = VECTOR ( 'NONE', #7285, 1000.000000000000000 ) ;
#1780 = ORIENTED_EDGE ( 'NONE', *, *, #10475, .T. ) ;
#1781 = EDGE_CURVE ( 'NONE', #2912, #6229, #8295, .T. ) ;
#1782 = CARTESIAN_POINT ( 'NONE',  ( 23.39045654550879760, 1.000000000000001332, 0.7637102919824309000 ) ) ;
#1783 = EDGE_CURVE ( 'NONE', #2540, #6732, #5790, .T. ) ;
#1784 = ORIENTED_EDGE ( 'NONE', *, *, #10039, .T. ) ;
#1785 = EDGE_CURVE ( 'NONE', #5999, #877, #2646, .T. ) ;
#1786 = ORIENTED_EDGE ( 'NONE', *, *, #114, .F. ) ;
#1787 = APPLICATION_PROTOCOL_DEFINITION ( 'international standard', 'config_control_design', 1994, #3797 ) ;
#1788 = VECTOR ( 'NONE', #4187, 1000.000000000000000 ) ;
#1789 = VECTOR ( 'NONE', #3940, 1000.000000000000000 ) ;
#1790 = CARTESIAN_POINT ( 'NONE',  ( -11.13383916137787111, 1.000000000000000000, 2.180745878928317616 ) ) ;
#1791 = CARTESIAN_POINT ( 'NONE',  ( 25.23561860900972675, 0.9999999999999991118, 4.843451134752349674 ) ) ;
#1792 = CARTESIAN_POINT ( 'NONE',  ( -12.94921431988692717, 1.000000000000000000, 0.5176030526561972156 ) ) ;
#1793 = CARTESIAN_POINT ( 'NONE',  ( -9.711385314782553735, 1.000000000000000888, 2.347454290392338105 ) ) ;
#1794 = ORIENTED_EDGE ( 'NONE', *, *, #9906, .F. ) ;
#1795 = VECTOR ( 'NONE', #3190, 1000.000000000000000 ) ;
#1796 = VECTOR ( 'NONE', #5414, 1000.000000000000000 ) ;
#1797 = ORIENTED_EDGE ( 'NONE', *, *, #7459, .T. ) ;
#1798 = ORIENTED_EDGE ( 'NONE', *, *, #5170, .T. ) ;
#1799 = CARTESIAN_POINT ( 'NONE',  ( -2.305386563916230980, 3.000000000000000000, 4.869447670711752885 ) ) ;
#1800 = EDGE_CURVE ( 'NONE', #5936, #5492, #5296, .T. ) ;
#1801 = CARTESIAN_POINT ( 'NONE',  ( -23.39523095685510867, 1.000000000000000000, 0.8567078280890980668 ) ) ;
#1802 = PLANE ( 'NONE',  #7407 ) ;
#1803 = VECTOR ( 'NONE', #5962, 1000.000000000000000 ) ;
#1804 = LINE ( 'NONE', #8389, #1469 ) ;
#1805 = CARTESIAN_POINT ( 'NONE',  ( -9.053924829172020239, 1.000000000000000000, 3.882158246404506130 ) ) ;
#1806 = CARTESIAN_POINT ( 'NONE',  ( -29.50000000000000000, 1.500000000000000000, 10.25000000000000355 ) ) ;
#1807 = CARTESIAN_POINT ( 'NONE',  ( 23.80327416303232724, 3.000000000000000444, 4.421595419360409451 ) ) ;
#1808 = CARTESIAN_POINT ( 'NONE',  ( -18.39117709302280801, 2.999999999999999112, 3.568333582816927141 ) ) ;
#1809 = CARTESIAN_POINT ( 'NONE',  ( 18.46743018740698972, 3.000000000000000000, 4.530342895278852922 ) ) ;
#1810 = ORIENTED_EDGE ( 'NONE', *, *, #1264, .F. ) ;
#1811 = ORIENTED_EDGE ( 'NONE', *, *, #9257, .T. ) ;
#1812 = VECTOR ( 'NONE', #3952, 1000.000000000000000 ) ;
#1813 = CARTESIAN_POINT ( 'NONE',  ( 25.52717868510590193, 2.999999999999999556, 1.458660507624061964 ) ) ;
#1814 = PLANE ( 'NONE',  #900 ) ;
#1815 = ORIENTED_EDGE ( 'NONE', *, *, #6602, .T. ) ;
#1816 = DIRECTION ( 'NONE',  ( -0.000000000000000000, 1.000000000000000000, -0.000000000000000000 ) ) ;
#1817 = VERTEX_POINT ( 'NONE', #4491 ) ;
#1818 = ORIENTED_EDGE ( 'NONE', *, *, #9650, .T. ) ;
#1819 = CARTESIAN_POINT ( 'NONE',  ( 22.62869783674947399, 3.000000000000000444, 1.992541336923313589 ) ) ;
#1820 = DIRECTION ( 'NONE',  ( -1.000000000000000000, 0.000000000000000000, 0.000000000000000000 ) ) ;
#1821 = CARTESIAN_POINT ( 'NONE',  ( -8.923570190545854430, 3.000000000000000444, 1.705590496967267944 ) ) ;
#1822 = CARTESIAN_POINT ( 'NONE',  ( 22.84844005488908891, 2.999999999999999112, 4.049741033959676884 ) ) ;
#1823 = CARTESIAN_POINT ( 'NONE',  ( -11.38438707492051982, 1.000000000000000000, 0.5176030526561972156 ) ) ;
#1824 = ADVANCED_FACE ( 'NONE', ( #9783 ), #5628, .T. ) ;
#1825 = FACE_OUTER_BOUND ( 'NONE', #1114, .T. ) ;
#1826 = CARTESIAN_POINT ( 'NONE',  ( 21.70217183430989039, 1.000000000000000000, 4.530342895278852922 ) ) ;
#1827 = EDGE_LOOP ( 'NONE', ( #5775, #5747, #5263, #17 ) ) ;
#1828 = ORIENTED_EDGE ( 'NONE', *, *, #6145, .T. ) ;
#1829 = CARTESIAN_POINT ( 'NONE',  ( 24.64711424052578792, 3.000000000000000444, 4.638914090795738687 ) ) ;
#1830 = DIRECTION ( 'NONE',  ( -0.000000000000000000, 1.000000000000000000, -0.000000000000000000 ) ) ;
#1831 = CARTESIAN_POINT ( 'NONE',  ( 13.61575925972898382, 1.000000000000000000, 3.286958718691550541 ) ) ;
#1832 = CARTESIAN_POINT ( 'NONE',  ( -19.35402124490745734, 0.9999999999999995559, 3.107636586842205340 ) ) ;
#1833 = EDGE_CURVE ( 'NONE', #4837, #7139, #4265, .T. ) ;
#1834 = EDGE_LOOP ( 'NONE', ( #4422, #7018, #647, #5070, #313, #203, #5175, #3554, #7804, #1944, #9999, #5055, #3808, #4238, #2122, #4458 ) ) ;
#1835 = CARTESIAN_POINT ( 'NONE',  ( 22.97712789708894121, 0.9999999999999995559, 1.195222634494041536 ) ) ;
#1836 = EDGE_LOOP ( 'NONE', ( #1815, #5023 ) ) ;
#1837 = VERTEX_POINT ( 'NONE', #7801 ) ;
#1838 = DIRECTION ( 'NONE',  ( -0.000000000000000000, 1.000000000000000000, -0.000000000000000000 ) ) ;
#1839 = DIRECTION ( 'NONE',  ( 1.000000000000000000, 0.000000000000000000, 0.000000000000000000 ) ) ;
#1840 = DIRECTION ( 'NONE',  ( 1.000000000000000000, 0.000000000000000000, 0.000000000000000000 ) ) ;
#1841 = FACE_OUTER_BOUND ( 'NONE', #5087, .T. ) ;
#1842 = EDGE_CURVE ( 'NONE', #8308, #6732, #7100, .T. ) ;
#1843 = DIRECTION ( 'NONE',  ( -0.000000000000000000, 1.000000000000000000, -0.000000000000000000 ) ) ;
#1844 = ADVANCED_FACE ( 'NONE', ( #3694 ), #3160, .T. ) ;
#1845 = ORIENTED_EDGE ( 'NONE', *, *, #7262, .T. ) ;
#1846 = ORIENTED_EDGE ( 'NONE', *, *, #3476, .T. ) ;
#1847 = LINE ( 'NONE', #1948, #6804 ) ;
#1848 = CARTESIAN_POINT ( 'NONE',  ( 23.48266078780462607, 3.000000000000000000, 1.573735654662437700 ) ) ;
#1849 = CARTESIAN_POINT ( 'NONE',  ( -29.50000000000000000, 3.000000000000000000, 10.25000000000000355 ) ) ;
#1850 = DIRECTION ( 'NONE',  ( 0.000000000000000000, 0.000000000000000000, 1.000000000000000000 ) ) ;
#1851 = EDGE_CURVE ( 'NONE', #7060, #10012, #4976, .T. ) ;
#1852 = CARTESIAN_POINT ( 'NONE',  ( -9.162473303338506625, 1.000000000000001332, 3.457607013403359186 ) ) ;
#1853 = CYLINDRICAL_SURFACE ( 'NONE', #8178, 3.000000000000000888 ) ;
#1854 = CARTESIAN_POINT ( 'NONE',  ( 24.17903725478165811, 3.000000000000000000, 4.618108606478303457 ) ) ;
#1855 = CARTESIAN_POINT ( 'NONE',  ( -18.90393901730816140, 0.9999999999999986677, 4.456662392004465900 ) ) ;
#1856 = EDGE_CURVE ( 'NONE', #3754, #3717, #5671, .T. ) ;
#1857 = CARTESIAN_POINT ( 'NONE',  ( 14.68076019507293850, 3.000000000000000000, 0.8567078280890980668 ) ) ;
#1858 = ADVANCED_FACE ( 'NONE', ( #1575 ), #9071, .T. ) ;
#1859 = ORIENTED_EDGE ( 'NONE', *, *, #3472, .F. ) ;
#1860 = ORIENTED_EDGE ( 'NONE', *, *, #985, .F. ) ;
#1861 = CARTESIAN_POINT ( 'NONE',  ( -9.807233455650781195, 0.9999999999999995559, 4.641648661422394184 ) ) ;
#1862 = DIRECTION ( 'NONE',  ( -0.000000000000000000, 1.000000000000000000, -0.000000000000000000 ) ) ;
#1863 = VERTEX_POINT ( 'NONE', #923 ) ;
#1864 = CARTESIAN_POINT ( 'NONE',  ( -5.794456792393803291, 1.000000000000000000, 4.530342895278852922 ) ) ;
#1865 = ORIENTED_EDGE ( 'NONE', *, *, #6413, .F. ) ;
#1866 = ORIENTED_EDGE ( 'NONE', *, *, #3799, .T. ) ;
#1867 = LINE ( 'NONE', #7413, #1803 ) ;
#1868 = CARTESIAN_POINT ( 'NONE',  ( -21.56724427678712885, 1.000000000000000000, 4.530342895278852922 ) ) ;
#1869 = CARTESIAN_POINT ( 'NONE',  ( 14.09527460623957040, 3.000000000000000000, 4.869447670711752885 ) ) ;
#1870 = CARTESIAN_POINT ( 'NONE',  ( 22.05099054862238006, 1.000000000000000000, 0.5176030526561972156 ) ) ;
#1871 = CARTESIAN_POINT ( 'NONE',  ( 24.78217074051227797, 0.9999999999999995559, 4.619344043783010889 ) ) ;
#1872 = B_SPLINE_CURVE_WITH_KNOTS ( 'NONE', 3,
 ( #2663, #9905, #177, #1871, #1175, #227, #5120, #5016, #8263, #7624, #3562, #6616, #6016, #4416, #1073, #2767, #283, #5168, #6814, #9061, #326, #7570, #10007, #2713, #5966 ),
 .UNSPECIFIED., .F., .F.,
 ( 4, 1, 1, 1, 1, 1, 1, 1, 1, 1, 1, 1, 1, 1, 1, 1, 1, 1, 1, 1, 1, 1, 4 ),
 ( 0.000000000000000000, 0.06448938839655436739, 0.1255575134416277161, 0.1550159331573098542, 0.1845144492595710006, 0.2131984287760897157, 0.2424959141935214835, 0.2721827266784883625, 0.3026425042650704444, 0.3341968617465679303, 0.3670600942811068079, 0.4017756436483518323, 0.4390645000417434107, 0.4789948743957289645, 0.5216104137784945971, 0.5674470549350242310, 0.6170055250904779021, 0.6701068820359408207, 0.7268652713299360579, 0.7880006413874761639, 0.8539800987268270083, 0.9245026789484418472, 1.000000000000000000 ),
 .UNSPECIFIED. ) ;
#1873 = AXIS2_PLACEMENT_3D ( 'NONE', #7013, #8726, #4731 ) ;
#1874 = VECTOR ( 'NONE', #3794, 1000.000000000000000 ) ;
#1875 = CARTESIAN_POINT ( 'NONE',  ( -11.22013319932021069, 3.000000000000000000, 4.754646574862072761 ) ) ;
#1876 = CARTESIAN_POINT ( 'NONE',  ( -25.15610315011866049, 1.000000000000000000, 0.9856382895818152079 ) ) ;
#1877 = ORIENTED_EDGE ( 'NONE', *, *, #5753, .T. ) ;
#1878 = ORIENTED_EDGE ( 'NONE', *, *, #2727, .T. ) ;
#1879 = CIRCLE ( 'NONE', #1031, 2.999999999999997335 ) ;
#1880 = EDGE_CURVE ( 'NONE', #8713, #1088, #701, .T. ) ;
#1881 = VECTOR ( 'NONE', #5327, 1000.000000000000000 ) ;
#1882 = CARTESIAN_POINT ( 'NONE',  ( 24.88428163351550637, 1.000000000000000000, 4.593217011583174525 ) ) ;
#1883 = CARTESIAN_POINT ( 'NONE',  ( -11.22327313124426951, 2.999999999999998668, 1.528297453968157527 ) ) ;
#1884 = CARTESIAN_POINT ( 'NONE',  ( 23.35746407580213102, 1.000000000000000444, 2.910554590546484022 ) ) ;
#1885 = CARTESIAN_POINT ( 'NONE',  ( -9.818676744601427586, 3.000000000000000000, 0.7436729029447978201 ) ) ;
#1886 = ORIENTED_EDGE ( 'NONE', *, *, #4376, .F. ) ;
#1887 = CARTESIAN_POINT ( 'NONE',  ( 24.52716187756471200, 3.000000000000000000, 0.4045681275118969689 ) ) ;
#1888 = VERTEX_POINT ( 'NONE', #976 ) ;
#1889 = ORIENTED_EDGE ( 'NONE', *, *, #1637, .F. ) ;
#1890 = LINE ( 'NONE', #5826, #9412 ) ;
#1891 = CARTESIAN_POINT ( 'NONE',  ( -11.13757387848401059, 2.999999999999998668, 1.150490703512686785 ) ) ;
#1892 = EDGE_CURVE ( 'NONE', #979, #10170, #1933, .T. ) ;
#1893 = LINE ( 'NONE', #8378, #7762 ) ;
#1894 = VECTOR ( 'NONE', #6237, 1000.000000000000000 ) ;
#1895 = CARTESIAN_POINT ( 'NONE',  ( -19.49179543371087675, 3.000000000000000000, 2.853385446503946099 ) ) ;
#1896 = CARTESIAN_POINT ( 'NONE',  ( -8.378364534364289185, 3.000000000000000000, 3.717021285451505008 ) ) ;
#1897 = ORIENTED_EDGE ( 'NONE', *, *, #7552, .T. ) ;
#1898 = ORIENTED_EDGE ( 'NONE', *, *, #3997, .T. ) ;
#1899 = ORIENTED_EDGE ( 'NONE', *, *, #7979, .T. ) ;
#1900 = DIRECTION ( 'NONE',  ( -0.000000000000000000, 1.000000000000000000, -0.000000000000000000 ) ) ;
#1901 = PLANE ( 'NONE',  #9748 ) ;
#1902 = DIRECTION ( 'NONE',  ( -0.000000000000000000, 1.000000000000000000, -0.000000000000000000 ) ) ;
#1903 = ADVANCED_FACE ( 'NONE', ( #5027 ), #1084, .T. ) ;
#1904 = CARTESIAN_POINT ( 'NONE',  ( -9.671192583726053726, 3.000000000000001776, 3.095678596713600239 ) ) ;
#1905 = DIRECTION ( 'NONE',  ( -0.000000000000000000, 1.000000000000000000, -0.000000000000000000 ) ) ;
#1906 = PLANE ( 'NONE',  #3485 ) ;
#1907 = CARTESIAN_POINT ( 'NONE',  ( -19.42752846721963422, 3.000000000000000000, 0.8567078280890980668 ) ) ;
#1908 = CARTESIAN_POINT ( 'NONE',  ( -21.56724427678712885, 1.000000000000000000, 0.5176030526561972156 ) ) ;
#1909 = ORIENTED_EDGE ( 'NONE', *, *, #7790, .F. ) ;
#1910 = VERTEX_POINT ( 'NONE', #7476 ) ;
#1911 = ADVANCED_FACE ( 'NONE', ( #4326 ), #335, .T. ) ;
#1912 = CARTESIAN_POINT ( 'NONE',  ( -9.702246176663530619, 1.000000000000001776, 4.630594230804857325 ) ) ;
#1913 = CARTESIAN_POINT ( 'NONE',  ( -22.75499407615497205, 1.000000000000000000, 4.925965133283901842 ) ) ;
#1914 = ORIENTED_EDGE ( 'NONE', *, *, #399, .F. ) ;
#1915 = CARTESIAN_POINT ( 'NONE',  ( -10.57855217314943452, 0.9999999999999995559, 1.567115835985998906 ) ) ;
#1916 = ORIENTED_EDGE ( 'NONE', *, *, #5410, .F. ) ;
#1917 = VERTEX_POINT ( 'NONE', #7583 ) ;
#1918 = ADVANCED_FACE ( 'NONE', ( #1138 ), #7633, .T. ) ;
#1919 = CARTESIAN_POINT ( 'NONE',  ( 20.42169807290961359, 1.000000000000000000, 4.869447670711752885 ) ) ;
#1920 = CARTESIAN_POINT ( 'NONE',  ( 8.400430953540601209, 2.999999999999999556, 2.387777593008959975 ) ) ;
#1921 = DIRECTION ( 'NONE',  ( 1.000000000000000000, 0.000000000000000000, 0.000000000000000000 ) ) ;
#1922 = DIRECTION ( 'NONE',  ( -0.000000000000000000, 1.000000000000000000, -0.000000000000000000 ) ) ;
#1923 = LINE ( 'NONE', #5222, #3239 ) ;
#1924 = ADVANCED_FACE ( 'NONE', ( #10015 ), #5130, .T. ) ;
#1925 = CARTESIAN_POINT ( 'NONE',  ( 15.42078572062702868, 1.000000000000000000, 0.8567078280890980668 ) ) ;
#1926 = CARTESIAN_POINT ( 'NONE',  ( -10.09429808773728254, 1.000000000000000000, 4.632897637755710285 ) ) ;
#1927 = AXIS2_PLACEMENT_3D ( 'NONE', #3553, #7559, #1064 ) ;
#1928 = CARTESIAN_POINT ( 'NONE',  ( -11.22013319932021069, 1.000000000000000000, 4.754646574862072761 ) ) ;
#1929 = ORIENTED_EDGE ( 'NONE', *, *, #8541, .F. ) ;
#1930 = ORIENTED_EDGE ( 'NONE', *, *, #10112, .T. ) ;
#1931 = CARTESIAN_POINT ( 'NONE',  ( 25.38668979599460584, 1.000000000000000000, 4.199590450984603152 ) ) ;
#1932 = CARTESIAN_POINT ( 'NONE',  ( -18.41816190909514006, 1.000000000000000000, 1.817504691815648776 ) ) ;
#1933 = LINE ( 'NONE', #10065, #5967 ) ;
#1934 = FACE_OUTER_BOUND ( 'NONE', #7615, .T. ) ;
#1935 = VERTEX_POINT ( 'NONE', #7532 ) ;
#1936 = CARTESIAN_POINT ( 'NONE',  ( 8.147689219420216844, 3.000000000000000444, 2.540072054524911582 ) ) ;
#1937 = ORIENTED_EDGE ( 'NONE', *, *, #3668, .T. ) ;
#1938 = VERTEX_POINT ( 'NONE', #6026 ) ;
#1939 = CARTESIAN_POINT ( 'NONE',  ( 26.48937753124154781, 1.000000000000000444, 2.651137264754862777 ) ) ;
#1940 = CIRCLE ( 'NONE', #2449, 1.749999999999999778 ) ;
#1941 = CARTESIAN_POINT ( 'NONE',  ( 8.217233344373131132, 3.000000000000001332, 2.921035443091956729 ) ) ;
#1942 = FACE_OUTER_BOUND ( 'NONE', #458, .T. ) ;
#1943 = FACE_OUTER_BOUND ( 'NONE', #3605, .T. ) ;
#1944 = ORIENTED_EDGE ( 'NONE', *, *, #4555, .T. ) ;
#1945 = EDGE_CURVE ( 'NONE', #979, #4712, #8476, .T. ) ;
#1946 = ORIENTED_EDGE ( 'NONE', *, *, #5914, .T. ) ;
#1947 = AXIS2_PLACEMENT_3D ( 'NONE', #2451, #1454, #3257 ) ;
#1948 = CARTESIAN_POINT ( 'NONE',  ( 10.02601730104476374, 3.000000000000000000, 0.5176030526561972156 ) ) ;
#1949 = AXIS2_PLACEMENT_3D ( 'NONE', #4867, #1621, #8115 ) ;
#1950 = LINE ( 'NONE', #307, #8220 ) ;
#1951 = CARTESIAN_POINT ( 'NONE',  ( 29.49999999999999645, 3.000000000000000000, -13.24999999999999822 ) ) ;
#1952 = DIRECTION ( 'NONE',  ( 0.000000000000000000, 0.000000000000000000, 1.000000000000000000 ) ) ;
#1953 = PLANE ( 'NONE',  #1102 ) ;
#1954 = DIRECTION ( 'NONE',  ( -1.000000000000000000, 0.000000000000000000, 0.000000000000000000 ) ) ;
#1955 = CARTESIAN_POINT ( 'NONE',  ( -18.04020137814388747, 3.000000000000000000, 4.869447670711752885 ) ) ;
#1956 = VECTOR ( 'NONE', #6212, 1000.000000000000000 ) ;
#1957 = FACE_OUTER_BOUND ( 'NONE', #1030, .T. ) ;
#1958 = VECTOR ( 'NONE', #2553, 1000.000000000000000 ) ;
#1959 = CARTESIAN_POINT ( 'NONE',  ( 25.51681691869863045, 2.999999999999999556, 4.703463811059998889 ) ) ;
#1960 = VERTEX_POINT ( 'NONE', #8320 ) ;
#1961 = EDGE_CURVE ( 'NONE', #7562, #541, #5976, .T. ) ;
#1962 = ORIENTED_EDGE ( 'NONE', *, *, #3074, .F. ) ;
#1963 = CARTESIAN_POINT ( 'NONE',  ( -8.478968700718318985, 3.000000000000000000, 3.197184805061430435 ) ) ;
#1964 = CARTESIAN_POINT ( 'NONE',  ( 25.68488677494109851, 3.000000000000000000, 2.674097483924798624 ) ) ;
#1965 = DIRECTION ( 'NONE',  ( 1.000000000000000000, 0.000000000000000000, 0.000000000000000000 ) ) ;
#1966 = AXIS2_PLACEMENT_3D ( 'NONE', #3558, #10003, #1123 ) ;
#1967 = VERTEX_POINT ( 'NONE', #10124 ) ;
#1968 = LINE ( 'NONE', #6060, #2469 ) ;
#1969 = VERTEX_POINT ( 'NONE', #9283 ) ;
#1970 = ORIENTED_EDGE ( 'NONE', *, *, #5645, .F. ) ;
#1971 = CARTESIAN_POINT ( 'NONE',  ( -9.181574283952356197, 2.999999999999999112, 0.9838606808076973964 ) ) ;
#1972 = CARTESIAN_POINT ( 'NONE',  ( 23.50788934461330371, 1.000000000000000000, 4.741164859199463066 ) ) ;
#1973 = DIRECTION ( 'NONE',  ( 1.000000000000000000, 0.000000000000000000, 0.000000000000000000 ) ) ;
#1974 = LINE ( 'NONE', #1174, #600 ) ;
#1975 = LINE ( 'NONE', #2555, #190 ) ;
#1976 = ADVANCED_FACE ( 'NONE', ( #6079 ), #9969, .F. ) ;
#1977 = VECTOR ( 'NONE', #8012, 1000.000000000000000 ) ;
#1978 = EDGE_CURVE ( 'NONE', #4017, #7429, #2834, .T. ) ;
#1979 = LINE ( 'NONE', #231, #5289 ) ;
#1980 = DIRECTION ( 'NONE',  ( -0.000000000000000000, 1.000000000000000000, -0.000000000000000000 ) ) ;
#1981 = CARTESIAN_POINT ( 'NONE',  ( 20.85970840784377600, 3.000000000000000000, 4.530342895278852922 ) ) ;
#1982 = ORIENTED_EDGE ( 'NONE', *, *, #7169, .F. ) ;
#1983 = VERTEX_POINT ( 'NONE', #3624 ) ;
#1984 = CARTESIAN_POINT ( 'NONE',  ( 8.477424180689936861, 0.9999999999999986677, 0.8586758358809765124 ) ) ;
#1985 = CARTESIAN_POINT ( 'NONE',  ( 25.68438289660281626, 0.9999999999999991118, 2.740334818108340453 ) ) ;
#1986 = CARTESIAN_POINT ( 'NONE',  ( -10.94891226144013530, 2.999999999999999556, 0.8365637306814383001 ) ) ;
#1987 = CARTESIAN_POINT ( 'NONE',  ( 23.35662530295501682, 1.000000000000000000, 2.782139624252222720 ) ) ;
#1988 = EDGE_CURVE ( 'NONE', #1910, #825, #8425, .T. ) ;
#1989 = CARTESIAN_POINT ( 'NONE',  ( -19.94000281247495110, 3.000000000000000000, 2.778267480871526196 ) ) ;
#1990 = ADVANCED_FACE ( 'NONE', ( #3573 ), #10195, .T. ) ;
#1991 = EDGE_LOOP ( 'NONE', ( #1704, #680, #605, #120 ) ) ;
#1992 = CARTESIAN_POINT ( 'NONE',  ( 8.299614280578850867, 3.000000000000000000, 2.495554149515990083 ) ) ;
#1993 = ORIENTED_EDGE ( 'NONE', *, *, #4368, .F. ) ;
#1994 = ORIENTED_EDGE ( 'NONE', *, *, #3449, .F. ) ;
#1995 = DIRECTION ( 'NONE',  ( 0.000000000000000000, 0.000000000000000000, -1.000000000000000000 ) ) ;
#1996 = CARTESIAN_POINT ( 'NONE',  ( 8.012375095946479675, 1.000000000000000000, 2.895101878346926672 ) ) ;
#1997 = DIRECTION ( 'NONE',  ( 0.000000000000000000, 0.000000000000000000, 1.000000000000000000 ) ) ;
#1998 = DIRECTION ( 'NONE',  ( 0.6626825061456427246, 0.000000000000000000, 0.7489004580373350706 ) ) ;
#1999 = VERTEX_POINT ( 'NONE', #493 ) ;
#2000 = DIRECTION ( 'NONE',  ( 0.000000000000000000, 0.000000000000000000, 1.000000000000000000 ) ) ;
#2001 = ORIENTED_EDGE ( 'NONE', *, *, #4242, .F. ) ;
#2002 = LINE ( 'NONE', #7704, #5788 ) ;
#2003 = CARTESIAN_POINT ( 'NONE',  ( 25.15630044913239871, 3.000000000000001332, 0.4940512262889900641 ) ) ;
#2004 = LINE ( 'NONE', #1211, #1118 ) ;
#2005 = CARTESIAN_POINT ( 'NONE',  ( 25.23561860900972675, 0.9999999999999991118, 4.843451134752349674 ) ) ;
#2006 = CARTESIAN_POINT ( 'NONE',  ( -14.53788486937595792, 1.000000000000000000, 0.8567078280890980668 ) ) ;
#2007 = DIRECTION ( 'NONE',  ( -0.3646645346987750225, 0.000000000000000000, 0.9311389676804024962 ) ) ;
#2008 = FACE_OUTER_BOUND ( 'NONE', #9155, .T. ) ;
#2009 = CARTESIAN_POINT ( 'NONE',  ( 16.78775351402216387, 0.9999999999999995559, 4.403585411360850799 ) ) ;
#2010 = FACE_OUTER_BOUND ( 'NONE', #5217, .T. ) ;
#2011 = ORIENTED_EDGE ( 'NONE', *, *, #6421, .F. ) ;
#2012 = ORIENTED_EDGE ( 'NONE', *, *, #7579, .T. ) ;
#2013 = CARTESIAN_POINT ( 'NONE',  ( -15.42097022206580270, 1.000000000000000000, 3.888339843873334978 ) ) ;
#2014 = LINE ( 'NONE', #5261, #1244 ) ;
#2015 = DIRECTION ( 'NONE',  ( 0.000000000000000000, 0.000000000000000000, 1.000000000000000000 ) ) ;
#2016 = ORIENTED_EDGE ( 'NONE', *, *, #9795, .F. ) ;
#2017 = DIRECTION ( 'NONE',  ( -0.000000000000000000, 1.000000000000000000, -0.000000000000000000 ) ) ;
#2018 = CARTESIAN_POINT ( 'NONE',  ( 18.46743018740698972, 1.000000000000000000, 0.8567078280890980668 ) ) ;
#2019 = CARTESIAN_POINT ( 'NONE',  ( -10.47279932624139320, 3.000000000000000888, 1.890479097950270582 ) ) ;
#2020 = EDGE_CURVE ( 'NONE', #5549, #10350, #7143, .T. ) ;
#2021 = DIRECTION ( 'NONE',  ( -1.000000000000000000, 0.000000000000000000, 0.000000000000000000 ) ) ;
#2022 = CARTESIAN_POINT ( 'NONE',  ( 23.45116973413258421, 1.000000000000000000, 1.701847831354362128 ) ) ;
#2023 = FACE_OUTER_BOUND ( 'NONE', #384, .T. ) ;
#2024 = CARTESIAN_POINT ( 'NONE',  ( -8.401467653979558747, 1.000000000000000444, 3.991589831309842573 ) ) ;
#2025 = ORIENTED_EDGE ( 'NONE', *, *, #653, .F. ) ;
#2026 = ORIENTED_EDGE ( 'NONE', *, *, #98, .F. ) ;
#2027 = CARTESIAN_POINT ( 'NONE',  ( 8.349921301639438909, 2.999999999999999556, 0.8567078280890980668 ) ) ;
#2028 = EDGE_CURVE ( 'NONE', #1863, #4136, #195, .T. ) ;
#2029 = DIRECTION ( 'NONE',  ( -0.3274944330526244896, 0.000000000000000000, -0.9448531083293001398 ) ) ;
#2030 = CARTESIAN_POINT ( 'NONE',  ( -11.06275367289554090, 1.000000000000000000, 4.812698568537673083 ) ) ;
#2031 = CARTESIAN_POINT ( 'NONE',  ( 24.17903725478165811, 1.000000000000000000, 4.618108606478303457 ) ) ;
#2032 = VECTOR ( 'NONE', #7848, 1000.000000000000000 ) ;
#2033 = CARTESIAN_POINT ( 'NONE',  ( -19.64974726298327923, 3.000000000000000000, 2.797668087054104635 ) ) ;
#2034 = PRODUCT_DEFINITION_SHAPE ( 'NONE', 'NONE',  #10395 ) ;
#2035 = VERTEX_POINT ( 'NONE', #7843 ) ;
#2036 = CARTESIAN_POINT ( 'NONE',  ( 8.463525132896327463, 2.999999999999999556, 2.183379744326750860 ) ) ;
#2037 = EDGE_CURVE ( 'NONE', #9928, #8490, #3789, .T. ) ;
#2038 = DIRECTION ( 'NONE',  ( 0.000000000000000000, 0.000000000000000000, -1.000000000000000000 ) ) ;
#2039 = VERTEX_POINT ( 'NONE', #2189 ) ;
#2040 = VECTOR ( 'NONE', #2926, 1000.000000000000000 ) ;
#2041 = ORIENTED_EDGE ( 'NONE', *, *, #9716, .T. ) ;
#2042 = FACE_OUTER_BOUND ( 'NONE', #3270, .T. ) ;
#2043 = ADVANCED_FACE ( 'NONE', ( #5443 ), #2407, .T. ) ;
#2044 = CARTESIAN_POINT ( 'NONE',  ( 24.46622898822910841, 3.000000000000000444, 4.982482595856052576 ) ) ;
#2045 = CARTESIAN_POINT ( 'NONE',  ( -6.857691557032376650, 3.000000000000000000, 3.399993643835850676 ) ) ;
#2046 = CARTESIAN_POINT ( 'NONE',  ( -10.58077940397276429, 3.000000000000000000, 1.464270550739710908 ) ) ;
#2047 = AXIS2_PLACEMENT_3D ( 'NONE', #4096, #3990, #1501 ) ;
#2048 = CARTESIAN_POINT ( 'NONE',  ( 15.99479119987542575, 1.000000000000000000, 4.530342895278852922 ) ) ;
#2049 = ORIENTED_EDGE ( 'NONE', *, *, #6783, .F. ) ;
#2050 = CARTESIAN_POINT ( 'NONE',  ( 12.10146614412101407, 1.000000000000000000, 2.853385446503947431 ) ) ;
#2051 = ORIENTED_EDGE ( 'NONE', *, *, #6330, .F. ) ;
#2052 = CARTESIAN_POINT ( 'NONE',  ( -20.24173316239967235, 1.000000000000000000, 4.530342895278852922 ) ) ;
#2053 = ORIENTED_EDGE ( 'NONE', *, *, #3082, .F. ) ;
#2054 = LINE ( 'NONE', #7809, #8743 ) ;
#2055 = CIRCLE ( 'NONE', #197, 1.749999999999999778 ) ;
#2056 = DIRECTION ( 'NONE',  ( -0.000000000000000000, 1.000000000000000000, -0.000000000000000000 ) ) ;
#2057 = VECTOR ( 'NONE', #2183, 1000.000000000000000 ) ;
#2058 = LINE ( 'NONE', #6213, #5724 ) ;
#2059 = LINE ( 'NONE', #1106, #9427 ) ;
#2060 = FACE_OUTER_BOUND ( 'NONE', #7440, .T. ) ;
#2061 = PLANE ( 'NONE',  #5028 ) ;
#2062 = CARTESIAN_POINT ( 'NONE',  ( 16.30044113844387255, 1.000000000000000444, 4.522282285698207893 ) ) ;
#2063 = CARTESIAN_POINT ( 'NONE',  ( -10.07904037288433230, 0.9999999999999991118, 0.7676487947151456881 ) ) ;
#2064 = ORIENTED_EDGE ( 'NONE', *, *, #7818, .F. ) ;
#2065 = VERTEX_POINT ( 'NONE', #5763 ) ;
#2066 = DIRECTION ( 'NONE',  ( -1.000000000000000000, 0.000000000000000000, 0.000000000000000000 ) ) ;
#2067 = FACE_OUTER_BOUND ( 'NONE', #10076, .T. ) ;
#2068 = CARTESIAN_POINT ( 'NONE',  ( -1.070833240855827651, 1.000000000000000000, 0.5176030526561972156 ) ) ;
#2069 = ORIENTED_EDGE ( 'NONE', *, *, #473, .T. ) ;
#2070 = CARTESIAN_POINT ( 'NONE',  ( -6.715514815249311376, 1.000000000000000000, 4.869447670711752885 ) ) ;
#2071 = CARTESIAN_POINT ( 'NONE',  ( 22.84844005488908891, 0.9999999999999991118, 4.049741033959676884 ) ) ;
#2072 = CARTESIAN_POINT ( 'NONE',  ( -9.600554662487034818, 3.000000000000000000, 2.389744000358668519 ) ) ;
#2073 = CARTESIAN_POINT ( 'NONE',  ( -2.408707550180942736, 1.000000000000000000, 0.5176030526561972156 ) ) ;
#2074 = CARTESIAN_POINT ( 'NONE',  ( 9.663069221089239491, 1.000000000000000000, 0.5176030526561972156 ) ) ;
#2075 = PLANE ( 'NONE',  #6298 ) ;
#2076 = EDGE_CURVE ( 'NONE', #1397, #9945, #814, .T. ) ;
#2077 = PLANE ( 'NONE',  #4791 ) ;
#2078 = DIRECTION ( 'NONE',  ( 0.000000000000000000, 0.000000000000000000, -1.000000000000000000 ) ) ;
#2079 = CARTESIAN_POINT ( 'NONE',  ( 13.54246317545572609, 3.000000000000000000, 1.817504691815648776 ) ) ;
#2080 = EDGE_LOOP ( 'NONE', ( #7924, #7560, #2650, #4707 ) ) ;
#2081 = ORIENTED_EDGE ( 'NONE', *, *, #243, .F. ) ;
#2082 = CARTESIAN_POINT ( 'NONE',  ( 9.318366910679690918, 3.000000000000000000, 1.556693250995875299 ) ) ;
#2083 = LINE ( 'NONE', #3787, #10282 ) ;
#2084 = FACE_OUTER_BOUND ( 'NONE', #2080, .T. ) ;
#2085 = CARTESIAN_POINT ( 'NONE',  ( 23.85968106652720522, 1.000000000000000444, 4.470915385896664596 ) ) ;
#2086 = VECTOR ( 'NONE', #7667, 1000.000000000000000 ) ;
#2087 = LINE ( 'NONE', #10283, #5098 ) ;
#2088 = EDGE_CURVE ( 'NONE', #4136, #10140, #4753, .T. ) ;
#2089 = LINE ( 'NONE', #4434, #2882 ) ;
#2090 = ORIENTED_EDGE ( 'NONE', *, *, #1781, .F. ) ;
#2091 = VERTEX_POINT ( 'NONE', #6513 ) ;
#2092 = CARTESIAN_POINT ( 'NONE',  ( -11.20675482336135431, 3.000000000000001776, 1.396247664346837336 ) ) ;
#2093 = CARTESIAN_POINT ( 'NONE',  ( 8.497960429726964193, 1.000000000000000444, 3.633107970313574242 ) ) ;
#2094 = CARTESIAN_POINT ( 'NONE',  ( -9.447151901708696897, 2.999999999999999556, 4.935489479441332428 ) ) ;
#2095 = CC_DESIGN_APPROVAL ( #9293, ( #4991 ) ) ;
#2096 = CARTESIAN_POINT ( 'NONE',  ( 11.35152841543222202, 1.000000000000000000, 0.8567078280890980668 ) ) ;
#2097 = EDGE_CURVE ( 'NONE', #6958, #9122, #8058, .T. ) ;
#2098 = CARTESIAN_POINT ( 'NONE',  ( 11.79901850193126478, 3.000000000000000444, 2.783228766418659461 ) ) ;
#2099 = EDGE_LOOP ( 'NONE', ( #7592, #5, #766, #1845 ) ) ;
#2100 = DIRECTION ( 'NONE',  ( -0.000000000000000000, 0.000000000000000000, 1.000000000000000000 ) ) ;
#2101 = EDGE_CURVE ( 'NONE', #221, #5417, #9752, .T. ) ;
#2102 = ORIENTED_EDGE ( 'NONE', *, *, #4128, .F. ) ;
#2103 = ADVANCED_FACE ( 'NONE', ( #9804 ), #3953, .T. ) ;
#2104 = CARTESIAN_POINT ( 'NONE',  ( -8.538720075129671017, 3.000000000000000888, 4.353007122258223838 ) ) ;
#2105 = CARTESIAN_POINT ( 'NONE',  ( 25.83432413246131887, 1.000000000000000888, 0.8916346381211691652 ) ) ;
#2106 = VECTOR ( 'NONE', #2, 1000.000000000000000 ) ;
#2107 = CARTESIAN_POINT ( 'NONE',  ( 8.156844967428815707, 1.000000000000000888, 2.909806022089236333 ) ) ;
#2108 = CARTESIAN_POINT ( 'NONE',  ( -15.35650499131944358, 1.000000000000000000, 4.925965133283901842 ) ) ;
#2109 = CARTESIAN_POINT ( 'NONE',  ( -9.548701102278871033, 1.000000000000000000, 3.149286145352545585 ) ) ;
#2110 = DIRECTION ( 'NONE',  ( -1.000000000000000000, 0.000000000000000000, 0.000000000000000000 ) ) ;
#2111 = LINE ( 'NONE', #1955, #4869 ) ;
#2112 = CARTESIAN_POINT ( 'NONE',  ( 16.53651859550983971, 3.000000000000001332, 4.494710846717205222 ) ) ;
#2113 = CARTESIAN_POINT ( 'NONE',  ( 0.000000000000000000, 1.000000000000000000, 0.000000000000000000 ) ) ;
#2114 = ORIENTED_EDGE ( 'NONE', *, *, #7263, .T. ) ;
#2115 = VECTOR ( 'NONE', #390, 1000.000000000000000 ) ;
#2116 = VECTOR ( 'NONE', #8158, 1000.000000000000000 ) ;
#2117 = ORIENTED_EDGE ( 'NONE', *, *, #3436, .T. ) ;
#2118 = ADVANCED_FACE ( 'NONE', ( #4165 ), #2303, .T. ) ;
#2119 = DIRECTION ( 'NONE',  ( 0.000000000000000000, 3.180668462116503475E-13, -1.000000000000000000 ) ) ;
#2120 = DIRECTION ( 'NONE',  ( 1.000000000000000000, 0.000000000000000000, 0.000000000000000000 ) ) ;
#2121 = LINE ( 'NONE', #3772, #5715 ) ;
#2122 = ORIENTED_EDGE ( 'NONE', *, *, #5019, .T. ) ;
#2123 = VECTOR ( 'NONE', #9592, 1000.000000000000000 ) ;
#2124 = CARTESIAN_POINT ( 'NONE',  ( -9.766453369688756325, 3.000000000000000444, 0.7455016046435782862 ) ) ;
#2125 = FACE_OUTER_BOUND ( 'NONE', #4805, .T. ) ;
#2126 = VECTOR ( 'NONE', #534, 1000.000000000000000 ) ;
#2127 = CARTESIAN_POINT ( 'NONE',  ( -10.37313141568610853, 3.000000000000001332, 2.006829514094805589 ) ) ;
#2128 = CARTESIAN_POINT ( 'NONE',  ( 6.239347308710709861, 1.000000000000000000, 0.8567078280890980668 ) ) ;
#2129 = CARTESIAN_POINT ( 'NONE',  ( -22.37703354520371590, 1.000000000000000000, 0.8567078280890980668 ) ) ;
#2130 = CARTESIAN_POINT ( 'NONE',  ( 8.204919260810159543, 1.000000000000000444, 2.530629363991823588 ) ) ;
#2131 = AXIS2_PLACEMENT_3D ( 'NONE', #5778, #986, #7487 ) ;
#2132 = CARTESIAN_POINT ( 'NONE',  ( 25.68488677494109851, 3.000000000000000000, 2.674097483924798624 ) ) ;
#2133 = CARTESIAN_POINT ( 'NONE',  ( 25.68488677494109851, 3.000000000000000000, 2.674097483924798624 ) ) ;
#2134 = ORIENTED_EDGE ( 'NONE', *, *, #4570, .T. ) ;
#2135 = EDGE_LOOP ( 'NONE', ( #8233, #8221, #7087, #1665 ) ) ;
#2136 = CARTESIAN_POINT ( 'NONE',  ( -9.372951631001180672, 2.999999999999999556, 2.479653556785645474 ) ) ;
#2137 = CARTESIAN_POINT ( 'NONE',  ( -13.84024744075097857, 3.000000000000000000, 4.925965133283901842 ) ) ;
#2138 = VECTOR ( 'NONE', #9112, 1000.000000000000000 ) ;
#2139 = CARTESIAN_POINT ( 'NONE',  ( 9.363703286527380598, 3.000000000000000000, 1.874022154387798844 ) ) ;
#2140 = CARTESIAN_POINT ( 'NONE',  ( 23.74820608440468916, 3.000000000000003997, 4.365657919915234331 ) ) ;
#2141 = EDGE_CURVE ( 'NONE', #3151, #3355, #5531, .T. ) ;
#2142 = DIRECTION ( 'NONE',  ( -0.000000000000000000, 0.000000000000000000, 1.000000000000000000 ) ) ;
#2143 = VECTOR ( 'NONE', #2297, 1000.000000000000000 ) ;
#2144 = DIRECTION ( 'NONE',  ( 0.04817768577230589072, 0.000000000000000000, 0.9988387810821247603 ) ) ;
#2145 = ORIENTED_EDGE ( 'NONE', *, *, #580, .F. ) ;
#2146 = VERTEX_POINT ( 'NONE', #6748 ) ;
#2147 = CARTESIAN_POINT ( 'NONE',  ( 23.76023776411001265, 3.000000000000001776, 1.028188659032164498 ) ) ;
#2148 = CARTESIAN_POINT ( 'NONE',  ( 23.50788934461330371, 3.000000000000000444, 4.741164859199463066 ) ) ;
#2149 = EDGE_CURVE ( 'NONE', #9647, #4676, #1207, .T. ) ;
#2150 = CARTESIAN_POINT ( 'NONE',  ( 22.05099054862238006, 1.000000000000000000, 0.8567078280890980668 ) ) ;
#2151 = CARTESIAN_POINT ( 'NONE',  ( 11.94351431484860804, 2.999999999999999112, 2.797668087054103747 ) ) ;
#2152 = VERTEX_POINT ( 'NONE', #7346 ) ;
#2153 = CARTESIAN_POINT ( 'NONE',  ( 8.501811982302092119, 1.000000000000000000, 1.817504691815648776 ) ) ;
#2154 = ORIENTED_EDGE ( 'NONE', *, *, #8473, .T. ) ;
#2155 = LINE ( 'NONE', #6045, #8018 ) ;
#2156 = ORIENTED_EDGE ( 'NONE', *, *, #859, .F. ) ;
#2157 = CARTESIAN_POINT ( 'NONE',  ( 25.96885403664781933, 0.9999999999999991118, 1.032257284310564849 ) ) ;
#2158 = EDGE_CURVE ( 'NONE', #5927, #1327, #5840, .T. ) ;
#2159 = LINE ( 'NONE', #10410, #2804 ) ;
#2160 = DIRECTION ( 'NONE',  ( -0.000000000000000000, 0.000000000000000000, 1.000000000000000000 ) ) ;
#2161 = CARTESIAN_POINT ( 'NONE',  ( 16.96481798065089563, 2.999999999999999556, 4.236238656315622464 ) ) ;
#2162 = EDGE_CURVE ( 'NONE', #5208, #3009, #8580, .T. ) ;
#2163 = CARTESIAN_POINT ( 'NONE',  ( 12.99515458054793449, 0.9999999999999995559, 1.140584045370327981 ) ) ;
#2164 = DIRECTION ( 'NONE',  ( 1.000000000000000000, 0.000000000000000000, 0.000000000000000000 ) ) ;
#2165 = CARTESIAN_POINT ( 'NONE',  ( 8.875357086489897185, 3.000000000000000000, 3.682580956696600794 ) ) ;
#2166 = CARTESIAN_POINT ( 'NONE',  ( -9.998646913786153334, 1.000000000000000000, 0.7539693162725685793 ) ) ;
#2167 = VERTEX_POINT ( 'NONE', #8499 ) ;
#2168 = ORIENTED_EDGE ( 'NONE', *, *, #3157, .T. ) ;
#2169 = DIRECTION ( 'NONE',  ( -1.178043414992431555E-15, -1.000000000000000000, -3.180668462116503475E-13 ) ) ;
#2170 = CARTESIAN_POINT ( 'NONE',  ( -10.68855478418893412, 1.000000000000000444, 2.667244926333973698 ) ) ;
#2171 = ADVANCED_FACE ( 'NONE', ( #4506 ), #1214, .T. ) ;
#2172 = CARTESIAN_POINT ( 'NONE',  ( 17.88194459857362162, 3.000000000000000000, 0.8567078280890980668 ) ) ;
#2173 = ORIENTED_EDGE ( 'NONE', *, *, #791, .T. ) ;
#2174 = CARTESIAN_POINT ( 'NONE',  ( -8.957410849246047135, 3.000000000000000000, 1.454292061810731118 ) ) ;
#2175 = FACE_OUTER_BOUND ( 'NONE', #9615, .T. ) ;
#2176 = CARTESIAN_POINT ( 'NONE',  ( -9.181574283952356197, 2.999999999999999112, 0.9838606808076973964 ) ) ;
#2177 = EDGE_CURVE ( 'NONE', #10337, #4745, #10086, .T. ) ;
#2178 = EDGE_CURVE ( 'NONE', #9696, #9814, #2059, .T. ) ;
#2179 = DIRECTION ( 'NONE',  ( -1.000000000000000000, 0.000000000000000000, 0.000000000000000000 ) ) ;
#2180 = CARTESIAN_POINT ( 'NONE',  ( 23.35669602541469203, 1.000000000000000444, 2.647599139649710942 ) ) ;
#2181 = B_SPLINE_CURVE_WITH_KNOTS ( 'NONE', 3,
 ( #5638, #4035, #1590, #2425, #8881, #8827, #5470, #4781, #627, #570, #10414 ),
 .UNSPECIFIED., .F., .F.,
 ( 4, 1, 1, 1, 1, 1, 1, 1, 4 ),
 ( 0.000000000000000000, 0.1211392141976207898, 0.2459859179580826116, 0.3727011087425523561, 0.5016122113174443786, 0.6272122548229364103, 0.7452192091565270626, 0.8649590464748557750, 1.000000000000000000 ),
 .UNSPECIFIED. ) ;
#2182 = LINE ( 'NONE', #3035, #9703 ) ;
#2183 = DIRECTION ( 'NONE',  ( 0.000000000000000000, 0.000000000000000000, -1.000000000000000000 ) ) ;
#2184 = CARTESIAN_POINT ( 'NONE',  ( -0.4853476520224604407, 1.000000000000000000, 3.679931700638531478 ) ) ;
#2185 = EDGE_LOOP ( 'NONE', ( #8285, #657, #201, #6742 ) ) ;
#2186 = CARTESIAN_POINT ( 'NONE',  ( 9.189458997564798892, 2.999999999999999556, 1.153614644881796769 ) ) ;
#2187 = DIRECTION ( 'NONE',  ( -0.000000000000000000, 0.000000000000000000, 1.000000000000000000 ) ) ;
#2188 = CARTESIAN_POINT ( 'NONE',  ( 9.144544526312454735, 3.000000000000000888, 1.086293780760209549 ) ) ;
#2189 = CARTESIAN_POINT ( 'NONE',  ( -29.50000000000000000, 3.000000000000000000, 7.250000000000001776 ) ) ;
#2190 = FACE_OUTER_BOUND ( 'NONE', #6965, .T. ) ;
#2191 = PLANE ( 'NONE',  #2534 ) ;
#2192 = EDGE_CURVE ( 'NONE', #4588, #10131, #4453, .T. ) ;
#2193 = ORIENTED_EDGE ( 'NONE', *, *, #5084, .F. ) ;
#2194 = LINE ( 'NONE', #608, #7598 ) ;
#2195 = CARTESIAN_POINT ( 'NONE',  ( -9.608908720351811539, 2.999999999999999556, 4.962510296036357182 ) ) ;
#2196 = FACE_OUTER_BOUND ( 'NONE', #6304, .T. ) ;
#2197 = CARTESIAN_POINT ( 'NONE',  ( -10.76497019624698659, 3.000000000000000000, 4.104986130331195859 ) ) ;
#2198 = ORIENTED_EDGE ( 'NONE', *, *, #803, .F. ) ;
#2199 = CLOSED_SHELL ( 'NONE', ( #5726, #8464, #2664, #6343, #8737, #10042, #8867, #6056, #10238, #9839, #9020, #1976, #5368, #7511, #7506, #5973, #1911, #6901, #9197, #552, #9447, #6244, #44, #8104, #8071, #5157, #108, #3736, #2270, #6979, #4634, #10178, #7891, #7524, #6139, #5223, #9770, #4036, #4388, #3542, #2205, #8882, #4071, #4974, #8758, #3793, #2539, #2118, #171, #9436, #3401, #4891, #10071, #999, #10374, #228, #9636, #1918, #2171, #5300, #7119, #2435, #5241, #8746, #1193, #1924, #215, #5682, #6191, #3724, #5293, #1179, #1858, #7805, #8545, #7627, #1730, #9364, #9246, #9331, #6992, #2782, #618, #10435, #3416, #1824, #229, #10314, #6923, #5031, #6996, #8752, #2486, #1990, #7512, #5423, #7042, #2939, #5286, #9068, #9888, #5100, #5439, #5695, #8995, #6478, #9835, #1074, #9753, #6381, #3330, #4492, #3338, #9758, #6147, #134, #7585, #712, #4383, #10446, #9838, #4418, #4202, #9272, #4902, #8721, #6593, #6069, #6200, #7444, #2927, #5935, #1441, #3874, #8521, #411, #9233, #6789, #7051, #6650, #9596, #6721, #9119, #9595, #9654, #4521, #6462, #10341, #8562, #2308, #9976, #4389, #725, #5305, #5923, #3194, #7965, #4460, #10164, #7127, #3415, #6663, #3383, #8275, #8914, #4480, #7617, #9984, #5431, #6356, #4973, #6010, #4067, #3205, #5983, #7586, #1095, #7320, #6533, #7778, #865, #1903, #1169, #1203, #4916, #7639, #3996, #8350, #1844, #9922, #8810, #6720, #354, #10421, #299, #4331, #977, #23, #8051, #5623, #2611, #679, #5043, #3466, #2894, #5748, #8145, #9400, #6776, #2559, #7365, #1347, #1034, #9972, #2765, #2043, #8226, #3394, #2934, #8300, #9188, #1271, #9705, #5474, #4509, #4860, #3321, #8891, #3168, #2103, #3666, #2737, #10432, #2361, #671, #9813, #4070, #7192, #96, #2222, #9853, #2570, #871, #281, #10284, #3047, #6354, #3209, #8857, #10165, #1320, #6737, #10436, #7295, #1516, #1576, #1772, #8953, #1075, #300, #5206, #8103, #5541 ) ) ;
#2200 = CARTESIAN_POINT ( 'NONE',  ( 2.617814277329656658, 1.000000000000000000, 3.117406330975100115 ) ) ;
#2201 = ORIENTED_EDGE ( 'NONE', *, *, #1662, .T. ) ;
#2202 = VECTOR ( 'NONE', #8151, 1000.000000000000000 ) ;
#2203 = LINE ( 'NONE', #5463, #3923 ) ;
#2204 = B_SPLINE_SURFACE_WITH_KNOTS ( 'NONE', 3, 1, ( 
 ( #8503, #4512 ),
 ( #3018, #468 ),
 ( #1217, #9409 ),
 ( #2910, #7815 ),
 ( #2062, #6851 ),
 ( #3598, #3766 ),
 ( #6162, #2112 ),
 ( #1160, #414 ),
 ( #2009, #3709 ),
 ( #6955, #8617 ),
 ( #7009, #8665 ),
 ( #7068, #364 ),
 ( #10148, #3655 ),
 ( #10089, #9306 ),
 ( #5205, #6268 ),
 ( #9357, #2805 ),
 ( #6053, #4456 ),
 ( #7711, #5312 ),
 ( #3184, #4782 ),
 ( #8032, #9677 ),
 ( #4671, #7175 ),
 ( #2216, #675 ),
 ( #2376, #6380 ) ),
 .UNSPECIFIED., .F., .F., .F.,
 ( 4, 1, 1, 1, 1, 1, 1, 1, 1, 1, 1, 1, 1, 1, 1, 1, 1, 1, 1, 1, 4 ),
 ( 2, 2 ),
 ( 0.000000000000000000, 0.05428929598478418606, 0.1047286490146557281, 0.1504499381100052047, 0.1923846589336328239, 0.2678246967407568180, 0.3350558486417993809, 0.3965367468883817526, 0.4544445314142640524, 0.4833888049762273265, 0.5140733444694640664, 0.5458632359729187478, 0.5798023796480007430, 0.6162445685783489724, 0.6567379554430964328, 0.7000725160901994926, 0.7477261995079984569, 0.8007212242042107686, 0.8603785384412736548, 0.9268195005322752422, 1.000000000000000000 ),
 ( 0.000000000000000000, 1.000000000000000000 ),
 .UNSPECIFIED. ) ;
#2205 = ADVANCED_FACE ( 'NONE', ( #5149 ), #6906, .T. ) ;
#2206 = B_SPLINE_CURVE_WITH_KNOTS ( 'NONE', 3,
 ( #10317, #9472, #4462, #6168, #5373, #2170, #578, #8728, #6274, #5421, #9576, #5477, #7718, #528, #8672, #5317, #2971 ),
 .UNSPECIFIED., .F., .F.,
 ( 4, 1, 1, 1, 1, 1, 1, 1, 1, 1, 1, 1, 1, 1, 4 ),
 ( 0.000000000000000000, 0.1238071927480441092, 0.2479029094113033849, 0.3095345549928606443, 0.3694199971329020227, 0.4284304070736499881, 0.4870335451365956358, 0.5446519998364410808, 0.6025331768359948326, 0.6608972724705228785, 0.7204615426232469089, 0.7827995310441078214, 0.8494200352866424497, 0.9217182191543340508, 1.000000000000000000 ),
 .UNSPECIFIED. ) ;
#2207 = ORIENTED_EDGE ( 'NONE', *, *, #6453, .F. ) ;
#2208 = FACE_OUTER_BOUND ( 'NONE', #8147, .T. ) ;
#2209 = CARTESIAN_POINT ( 'NONE',  ( 29.50000000000000000, 1.500000000000000000, 13.25000000000000888 ) ) ;
#2210 = CARTESIAN_POINT ( 'NONE',  ( -11.22013319932021069, 1.000000000000000000, 4.754646574862072761 ) ) ;
#2211 = CARTESIAN_POINT ( 'NONE',  ( 17.16916126267859255, 3.000000000000000444, 3.685333279932599737 ) ) ;
#2212 = VECTOR ( 'NONE', #8411, 1000.000000000000000 ) ;
#2213 = AXIS2_PLACEMENT_3D ( 'NONE', #6329, #8184, #4789 ) ;
#2214 = DIRECTION ( 'NONE',  ( 1.000000000000000000, 0.000000000000000000, 0.000000000000000000 ) ) ;
#2215 = CARTESIAN_POINT ( 'NONE',  ( 2.617814277329656658, 3.000000000000000000, 3.682580956696600794 ) ) ;
#2216 = CARTESIAN_POINT ( 'NONE',  ( 17.22841989764105008, 1.000000000000000000, 3.336451490421854515 ) ) ;
#2217 = DIRECTION ( 'NONE',  ( 0.9313668112971219548, 0.000000000000000000, 0.3640822198545697330 ) ) ;
#2218 = VERTEX_POINT ( 'NONE', #9406 ) ;
#2219 = VERTEX_POINT ( 'NONE', #7708 ) ;
#2220 = LINE ( 'NONE', #2013, #10381 ) ;
#2221 = VECTOR ( 'NONE', #5540, 1000.000000000000000 ) ;
#2222 = ADVANCED_FACE ( 'NONE', ( #410 ), #3705, .T. ) ;
#2223 = DIRECTION ( 'NONE',  ( -0.000000000000000000, 0.000000000000000000, 1.000000000000000000 ) ) ;
#2224 = CARTESIAN_POINT ( 'NONE',  ( -22.37703354520371590, 1.000000000000000000, 4.925965133283901842 ) ) ;
#2225 = CARTESIAN_POINT ( 'NONE',  ( -29.50000000000000355, 0.000000000000000000, -8.499999999999996447 ) ) ;
#2226 = LINE ( 'NONE', #7292, #6227 ) ;
#2227 = PLANE ( 'NONE',  #8767 ) ;
#2228 = CARTESIAN_POINT ( 'NONE',  ( 26.45940167184184943, 0.9999999999999995559, 2.175803204293461857 ) ) ;
#2229 = CARTESIAN_POINT ( 'NONE',  ( 23.39637421977929677, 3.000000000000000444, 3.426278208015506976 ) ) ;
#2230 = CARTESIAN_POINT ( 'NONE',  ( 24.50685091445284414, 1.000000000000000000, 0.7436729029447978201 ) ) ;
#2231 = CARTESIAN_POINT ( 'NONE',  ( -5.794456792393803291, 1.000000000000000000, 4.869447670711752885 ) ) ;
#2232 = VECTOR ( 'NONE', #9089, 1000.000000000000000 ) ;
#2233 = EDGE_CURVE ( 'NONE', #1917, #4150, #5253, .T. ) ;
#2234 = ORIENTED_EDGE ( 'NONE', *, *, #3280, .F. ) ;
#2235 = CARTESIAN_POINT ( 'NONE',  ( -47.50000000000000711, 3.000000000000000000, -13.50000000000000178 ) ) ;
#2236 = EDGE_CURVE ( 'NONE', #34, #3453, #8612, .T. ) ;
#2237 = EDGE_CURVE ( 'NONE', #5438, #4872, #6102, .T. ) ;
#2238 = DIRECTION ( 'NONE',  ( -0.000000000000000000, 1.000000000000000000, -0.000000000000000000 ) ) ;
#2239 = LINE ( 'NONE', #4694, #7490 ) ;
#2240 = ORIENTED_EDGE ( 'NONE', *, *, #8414, .F. ) ;
#2241 = ORIENTED_EDGE ( 'NONE', *, *, #7262, .F. ) ;
#2242 = DIRECTION ( 'NONE',  ( 1.000000000000000000, 0.000000000000000000, 0.000000000000000000 ) ) ;
#2243 = CARTESIAN_POINT ( 'NONE',  ( -18.05079840237616295, 1.000000000000000000, 1.817504691815648776 ) ) ;
#2244 = CARTESIAN_POINT ( 'NONE',  ( 8.704640052861430277, 3.000000000000001332, 0.8768261709491589340 ) ) ;
#2245 = CARTESIAN_POINT ( 'NONE',  ( 24.32567872454506741, 1.000000000000000444, 4.639862701536545231 ) ) ;
#2246 = PERSON_AND_ORGANIZATION ( #1315, #746 ) ;
#2247 = CARTESIAN_POINT ( 'NONE',  ( -21.79243104172303802, 1.000000000000000000, 0.8567078280890980668 ) ) ;
#2248 = DIRECTION ( 'NONE',  ( -0.000000000000000000, 0.000000000000000000, -1.000000000000000000 ) ) ;
#2249 = CARTESIAN_POINT ( 'NONE',  ( 47.49999999999999289, 0.000000000000000000, -16.50000000000000000 ) ) ;
#2250 = ORIENTED_EDGE ( 'NONE', *, *, #4983, .T. ) ;
#2251 = ORIENTED_EDGE ( 'NONE', *, *, #3144, .F. ) ;
#2252 = DIRECTION ( 'NONE',  ( 1.000000000000000000, 0.000000000000000000, 0.000000000000000000 ) ) ;
#2253 = CARTESIAN_POINT ( 'NONE',  ( -18.44157393135744982, 1.000000000000000000, 1.663070207060320271 ) ) ;
#2254 = LINE ( 'NONE', #1474, #764 ) ;
#2255 = FACE_OUTER_BOUND ( 'NONE', #9512, .T. ) ;
#2256 = EDGE_LOOP ( 'NONE', ( #7229, #4638, #3538, #1304 ) ) ;
#2257 = CARTESIAN_POINT ( 'NONE',  ( 12.88531321572567556, 3.000000000000000888, 4.342725688669729855 ) ) ;
#2258 = ORIENTED_EDGE ( 'NONE', *, *, #3858, .T. ) ;
#2259 = CARTESIAN_POINT ( 'NONE',  ( -9.896639726414921512, 1.000000000000000000, 4.981596918225961623 ) ) ;
#2260 = ORIENTED_EDGE ( 'NONE', *, *, #791, .F. ) ;
#2261 = ORIENTED_EDGE ( 'NONE', *, *, #6421, .T. ) ;
#2262 = CARTESIAN_POINT ( 'NONE',  ( 15.42078572062702868, 1.000000000000000000, 0.8567078280890980668 ) ) ;
#2263 = VECTOR ( 'NONE', #6581, 1000.000000000000000 ) ;
#2264 = CARTESIAN_POINT ( 'NONE',  ( 44.50000000000000000, 0.000000000000000000, -9.356993294662777756E-15 ) ) ;
#2265 = CARTESIAN_POINT ( 'NONE',  ( -10.00856191101844139, 3.000000000000000444, 4.981856705850977285 ) ) ;
#2266 = DIRECTION ( 'NONE',  ( 0.9329410091492781332, 0.000000000000000000, 0.3600292674874177590 ) ) ;
#2267 = DIRECTION ( 'NONE',  ( -0.000000000000000000, 0.000000000000000000, 1.000000000000000000 ) ) ;
#2268 = LINE ( 'NONE', #10472, #9107 ) ;
#2269 = LINE ( 'NONE', #2327, #8683 ) ;
#2270 = ADVANCED_FACE ( 'NONE', ( #9353 ), #2907, .T. ) ;
#2271 = CARTESIAN_POINT ( 'NONE',  ( 7.564858423098167250, 3.000000000000000000, 0.8567078280890980668 ) ) ;
#2272 = ORIENTED_EDGE ( 'NONE', *, *, #993, .F. ) ;
#2273 = VERTEX_POINT ( 'NONE', #4351 ) ;
#2274 = CARTESIAN_POINT ( 'NONE',  ( -9.600554662487034818, 1.000000000000000000, 2.389744000358668519 ) ) ;
#2275 = DIRECTION ( 'NONE',  ( 0.000000000000000000, 0.000000000000000000, 1.000000000000000000 ) ) ;
#2276 = CARTESIAN_POINT ( 'NONE',  ( -15.35650499131944358, 1.000000000000000000, 4.925965133283901842 ) ) ;
#2277 = LINE ( 'NONE', #5535, #7656 ) ;
#2278 = CARTESIAN_POINT ( 'NONE',  ( -9.090889688806161217, 1.000000000000000444, 3.601216580508361798 ) ) ;
#2279 = CARTESIAN_POINT ( 'NONE',  ( -19.46842823388445609, 3.000000000000000444, 2.354533257635949894 ) ) ;
#2280 = CARTESIAN_POINT ( 'NONE',  ( -18.93123449900794242, 1.000000000000000000, 3.569546031552301102 ) ) ;
#2281 = CARTESIAN_POINT ( 'NONE',  ( 23.69490386146360095, 3.000000000000000000, 4.302077428609543119 ) ) ;
#2282 = AXIS2_PLACEMENT_3D ( 'NONE', #5235, #3686, #4481 ) ;
#2283 = CARTESIAN_POINT ( 'NONE',  ( -13.92943906137265309, 1.000000000000000000, 0.5176030526561972156 ) ) ;
#2284 = EDGE_CURVE ( 'NONE', #3731, #6787, #465, .T. ) ;
#2285 = CARTESIAN_POINT ( 'NONE',  ( -10.38549258535672415, 3.000000000000000000, 0.9199379481197612618 ) ) ;
#2286 = ORIENTED_EDGE ( 'NONE', *, *, #2525, .F. ) ;
#2287 = CARTESIAN_POINT ( 'NONE',  ( 19.20745571296107812, 3.000000000000000000, 4.530342895278852922 ) ) ;
#2288 = DIRECTION ( 'NONE',  ( 1.000000000000000000, 0.000000000000000000, 0.000000000000000000 ) ) ;
#2289 = CIRCLE ( 'NONE', #9435, 3.000000000000000888 ) ;
#2290 = AXIS2_PLACEMENT_3D ( 'NONE', #6174, #3613, #1287 ) ;
#2291 = LINE ( 'NONE', #1666, #4254 ) ;
#2292 = ORIENTED_EDGE ( 'NONE', *, *, #9075, .T. ) ;
#2293 = CARTESIAN_POINT ( 'NONE',  ( -6.149457104175120037, 1.000000000000000000, 1.541098976423727285 ) ) ;
#2294 = EDGE_CURVE ( 'NONE', #3512, #5814, #7006, .T. ) ;
#2295 = DIRECTION ( 'NONE',  ( 0.000000000000000000, 0.000000000000000000, -1.000000000000000000 ) ) ;
#2296 = DIRECTION ( 'NONE',  ( 0.000000000000000000, 1.000000000000000000, 0.000000000000000000 ) ) ;
#2297 = DIRECTION ( 'NONE',  ( 1.000000000000000000, 0.000000000000000000, 0.000000000000000000 ) ) ;
#2298 = CARTESIAN_POINT ( 'NONE',  ( 12.08631997278138925, 1.000000000000000888, 2.381727230399814044 ) ) ;
#2299 = EDGE_CURVE ( 'NONE', #1592, #3315, #310, .T. ) ;
#2300 = EDGE_CURVE ( 'NONE', #1638, #8817, #9767, .T. ) ;
#2301 = VECTOR ( 'NONE', #10518, 1000.000000000000000 ) ;
#2302 = AXIS2_PLACEMENT_3D ( 'NONE', #7115, #729, #4726 ) ;
#2303 = B_SPLINE_SURFACE_WITH_KNOTS ( 'NONE', 3, 1, ( 
 ( #2454, #4112 ),
 ( #3156, #5714 ),
 ( #29, #7364 ),
 ( #9008, #8966 ),
 ( #78, #9701 ),
 ( #4061, #5559 ),
 ( #4008, #4813 ),
 ( #8001, #6412 ),
 ( #2298, #7310 ),
 ( #1673, #4915 ),
 ( #6566, #2507 ),
 ( #1718, #4968 ),
 ( #8211, #916 ),
 ( #7418, #8808 ),
 ( #7205, #9653 ),
 ( #2351, #8854 ),
 ( #1570, #763 ),
 ( #7260, #10501 ),
 ( #3208, #6459 ) ),
 .UNSPECIFIED., .F., .F., .F.,
 ( 4, 1, 1, 1, 1, 1, 1, 1, 1, 1, 1, 1, 1, 1, 1, 1, 4 ),
 ( 2, 2 ),
 ( 0.000000000000000000, 0.07791803754900959722, 0.1477819428553877878, 0.2088613280378986692, 0.2627656036688398311, 0.3104981514429711043, 0.3537346847223599711, 0.3935221823351585657, 0.4314606622208669862, 0.4704733829520762467, 0.5151238492254702761, 0.5641573409487250501, 0.6206409926532202581, 0.6892878810657775412, 0.7748470262240771955, 0.8783420368318625160, 1.000000000000000000 ),
 ( 0.000000000000000000, 1.000000000000000000 ),
 .UNSPECIFIED. ) ;
#2304 = DIRECTION ( 'NONE',  ( 1.000000000000000000, 0.000000000000000000, 0.000000000000000000 ) ) ;
#2305 = VERTEX_POINT ( 'NONE', #5995 ) ;
#2306 = ORIENTED_EDGE ( 'NONE', *, *, #2097, .F. ) ;
#2307 = AXIS2_PLACEMENT_3D ( 'NONE', #1599, #8140, #2387 ) ;
#2308 = ADVANCED_FACE ( 'NONE', ( #9250 ), #1953, .T. ) ;
#2309 = CARTESIAN_POINT ( 'NONE',  ( 23.35619069989797580, 3.000000000000001776, 2.715602495501221014 ) ) ;
#2310 = CARTESIAN_POINT ( 'NONE',  ( -8.900148346182923831, 3.000000000000000888, 4.720852176870995898 ) ) ;
#2311 = EDGE_CURVE ( 'NONE', #10131, #1938, #3612, .T. ) ;
#2312 = DIRECTION ( 'NONE',  ( -0.000000000000000000, 1.000000000000000000, -0.000000000000000000 ) ) ;
#2313 = CARTESIAN_POINT ( 'NONE',  ( -10.09429808773728254, 1.000000000000000000, 4.632897637755710285 ) ) ;
#2314 = ORIENTED_EDGE ( 'NONE', *, *, #7879, .F. ) ;
#2315 = VECTOR ( 'NONE', #6565, 1000.000000000000000 ) ;
#2316 = CARTESIAN_POINT ( 'NONE',  ( 13.13119345916214264, 0.9999999999999995559, 3.886163467671329919 ) ) ;
#2317 = EDGE_LOOP ( 'NONE', ( #3994, #4117, #4952, #6109 ) ) ;
#2318 = LINE ( 'NONE', #1925, #1567 ) ;
#2319 = ORIENTED_EDGE ( 'NONE', *, *, #5819, .F. ) ;
#2320 = ORIENTED_EDGE ( 'NONE', *, *, #2676, .F. ) ;
#2321 = PLANE ( 'NONE',  #9917 ) ;
#2322 = DIRECTION ( 'NONE',  ( 1.000000000000000000, 0.000000000000000000, -2.102695122396125972E-16 ) ) ;
#2323 = CARTESIAN_POINT ( 'NONE',  ( 8.875357086489897185, 3.000000000000000000, 1.817504691815648776 ) ) ;
#2324 = DIRECTION ( 'NONE',  ( 1.000000000000000000, 0.000000000000000000, 0.000000000000000000 ) ) ;
#2325 = CARTESIAN_POINT ( 'NONE',  ( 17.22841989764105008, 1.000000000000000000, 3.336451490421854515 ) ) ;
#2326 = CARTESIAN_POINT ( 'NONE',  ( -8.547916922080741386, 1.000000000000000000, 1.760987229243498708 ) ) ;
#2327 = CARTESIAN_POINT ( 'NONE',  ( -15.88900545899141825, 1.000000000000000000, 0.8567078280890980668 ) ) ;
#2328 = DIRECTION ( 'NONE',  ( -0.000000000000000000, 1.000000000000000000, -0.000000000000000000 ) ) ;
#2329 = VERTEX_POINT ( 'NONE', #5582 ) ;
#2330 = ORIENTED_EDGE ( 'NONE', *, *, #3019, .T. ) ;
#2331 = CARTESIAN_POINT ( 'NONE',  ( -21.56724427678712885, 1.000000000000000000, 4.530342895278852922 ) ) ;
#2332 = CARTESIAN_POINT ( 'NONE',  ( 22.05099054862238006, 3.000000000000000000, 0.8567078280890980668 ) ) ;
#2333 = CARTESIAN_POINT ( 'NONE',  ( -20.24173316239967235, 1.000000000000000000, 4.530342895278852922 ) ) ;
#2334 = CARTESIAN_POINT ( 'NONE',  ( 11.94351431484860804, 2.999999999999999112, 2.797668087054103747 ) ) ;
#2335 = DIRECTION ( 'NONE',  ( 1.000000000000000000, 0.000000000000000000, 0.000000000000000000 ) ) ;
#2336 = CARTESIAN_POINT ( 'NONE',  ( -29.50000000000000000, 1.500000000000000000, 10.25000000000000355 ) ) ;
#2337 = CARTESIAN_POINT ( 'NONE',  ( 23.47884525686108859, 1.000000000000000000, 3.833050282060540326 ) ) ;
#2338 = CARTESIAN_POINT ( 'NONE',  ( 19.20745571296107812, 3.000000000000000000, 0.8567078280890980668 ) ) ;
#2339 = DIRECTION ( 'NONE',  ( -0.000000000000000000, 1.000000000000000000, -0.000000000000000000 ) ) ;
#2340 = ORIENTED_EDGE ( 'NONE', *, *, #9203, .T. ) ;
#2341 = CARTESIAN_POINT ( 'NONE',  ( 26.48937753124154781, 3.000000000000000444, 2.651137264754862777 ) ) ;
#2342 = LINE ( 'NONE', #2398, #6843 ) ;
#2343 = FACE_OUTER_BOUND ( 'NONE', #4106, .T. ) ;
#2344 = EDGE_CURVE ( 'NONE', #2597, #7732, #3124, .T. ) ;
#2345 = EDGE_LOOP ( 'NONE', ( #5033, #10098, #456, #6249 ) ) ;
#2346 = EDGE_LOOP ( 'NONE', ( #4706, #2524, #2069, #7031 ) ) ;
#2347 = DIRECTION ( 'NONE',  ( 0.000000000000000000, 0.000000000000000000, 1.000000000000000000 ) ) ;
#2348 = CARTESIAN_POINT ( 'NONE',  ( -2.831705434119378140, 3.000000000000000000, 4.530342895278852922 ) ) ;
#2349 = CARTESIAN_POINT ( 'NONE',  ( 0.000000000000000000, 1.000000000000000000, 0.000000000000000000 ) ) ;
#2350 = DIRECTION ( 'NONE',  ( 0.000000000000000000, 0.000000000000000000, 1.000000000000000000 ) ) ;
#2351 = CARTESIAN_POINT ( 'NONE',  ( 12.26554472100673010, 0.9999999999999995559, 1.966794162330093299 ) ) ;
#2352 = CARTESIAN_POINT ( 'NONE',  ( 7.564858423098167250, 1.000000000000000000, 4.530342895278852922 ) ) ;
#2353 = EDGE_CURVE ( 'NONE', #3731, #7403, #5182, .T. ) ;
#2354 = ORIENTED_EDGE ( 'NONE', *, *, #10271, .F. ) ;
#2355 = ORIENTED_EDGE ( 'NONE', *, *, #6206, .T. ) ;
#2356 = CARTESIAN_POINT ( 'NONE',  ( 24.50685091445284414, 1.000000000000000000, 0.7436729029447978201 ) ) ;
#2357 = CARTESIAN_POINT ( 'NONE',  ( -18.49668315904281712, 2.999999999999999556, 1.403068762679275716 ) ) ;
#2358 = CARTESIAN_POINT ( 'NONE',  ( 29.50000000000000000, 1.500000000000000000, 10.25000000000000711 ) ) ;
#2359 = DIRECTION ( 'NONE',  ( 0.000000000000000000, 0.000000000000000000, -1.000000000000000000 ) ) ;
#2360 = ORIENTED_EDGE ( 'NONE', *, *, #7318, .T. ) ;
#2361 = ADVANCED_FACE ( 'NONE', ( #7282 ), #1535, .T. ) ;
#2362 = CARTESIAN_POINT ( 'NONE',  ( 12.31857919832265580, 2.999999999999999112, 4.521118292101936831 ) ) ;
#2363 = CARTESIAN_POINT ( 'NONE',  ( -9.896639726414921512, 3.000000000000000000, 4.981596918225961623 ) ) ;
#2364 = B_SPLINE_CURVE_WITH_KNOTS ( 'NONE', 3,
 ( #1756, #2701, #1861, #1912, #5212, #316, #6004, #3552, #4406, #10048, #5954, #164, #5156, #2595, #2542, #5107, #1116, #369, #4359 ),
 .UNSPECIFIED., .F., .F.,
 ( 4, 1, 1, 1, 1, 1, 1, 1, 1, 1, 1, 1, 1, 1, 1, 1, 4 ),
 ( 0.000000000000000000, 0.08652257043540262371, 0.1667042134671045395, 0.2402188074088150160, 0.3079021864400591779, 0.3713918509552572855, 0.4310608069547385846, 0.4881429176619158095, 0.5433356383025890191, 0.5974095826461202074, 0.6511834842920858346, 0.7051700884385282420, 0.7601956259869737664, 0.8174742333534246175, 0.8762438633042212155, 0.9369507479616191459, 1.000000000000000000 ),
 .UNSPECIFIED. ) ;
#2365 = EDGE_CURVE ( 'NONE', #5511, #2651, #7918, .T. ) ;
#2366 = ORIENTED_EDGE ( 'NONE', *, *, #9320, .F. ) ;
#2367 = VECTOR ( 'NONE', #4812, 1000.000000000000000 ) ;
#2368 = EDGE_CURVE ( 'NONE', #2065, #1999, #4724, .T. ) ;
#2369 = ORIENTED_EDGE ( 'NONE', *, *, #7784, .T. ) ;
#2370 = CARTESIAN_POINT ( 'NONE',  ( -9.509661980821348948, 1.000000000000001332, 0.4182370147186526554 ) ) ;
#2371 = CARTESIAN_POINT ( 'NONE',  ( -3.849902845770769133, 1.000000000000000000, 0.8567078280890980668 ) ) ;
#2372 = CARTESIAN_POINT ( 'NONE',  ( -10.75608020396089159, 3.000000000000000888, 4.891873859998873364 ) ) ;
#2373 = CARTESIAN_POINT ( 'NONE',  ( 16.20615941164940565, 3.000000000000000444, 4.526044445132308525 ) ) ;
#2374 = CARTESIAN_POINT ( 'NONE',  ( 16.92632703447605280, 1.000000000000000888, 4.285593984574692428 ) ) ;
#2375 = LINE ( 'NONE', #5932, #5873 ) ;
#2376 = CARTESIAN_POINT ( 'NONE',  ( 17.23552612040466059, 1.000000000000000000, 3.286958718691550541 ) ) ;
#2377 = LINE ( 'NONE', #3128, #3303 ) ;
#2378 = VECTOR ( 'NONE', #2838, 1000.000000000000000 ) ;
#2379 = ORIENTED_EDGE ( 'NONE', *, *, #2981, .F. ) ;
#2380 = ORIENTED_EDGE ( 'NONE', *, *, #10, .F. ) ;
#2381 = CARTESIAN_POINT ( 'NONE',  ( 16.00538822410770834, 3.000000000000000000, 0.5176030526561972156 ) ) ;
#2382 = CARTESIAN_POINT ( 'NONE',  ( -8.957410849246047135, 1.000000000000000000, 1.454292061810731118 ) ) ;
#2383 = CARTESIAN_POINT ( 'NONE',  ( -25.58881497293668161, 3.000000000000000000, 4.530342895278852922 ) ) ;
#2384 = VECTOR ( 'NONE', #10256, 1000.000000000000000 ) ;
#2385 = CARTESIAN_POINT ( 'NONE',  ( 12.61415764770014825, 3.000000000000000444, 0.8903709949060225615 ) ) ;
#2386 = VECTOR ( 'NONE', #9644, 1000.000000000000000 ) ;
#2387 = DIRECTION ( 'NONE',  ( -0.03958947438127657231, 0.000000000000000000, 0.9992160294541987398 ) ) ;
#2388 = LINE ( 'NONE', #4846, #3317 ) ;
#2389 = CARTESIAN_POINT ( 'NONE',  ( -19.97150904447657638, 1.000000000000000000, 2.778301555542199708 ) ) ;
#2390 = B_SPLINE_SURFACE_WITH_KNOTS ( 'NONE', 3, 1, ( 
 ( #2656, #3301 ),
 ( #6559, #1710 ),
 ( #1915, #2499 ),
 ( #5161, #1759 ),
 ( #5756, #9001 ),
 ( #1066, #4959 ),
 ( #121, #275 ),
 ( #855, #961 ),
 ( #8201, #4104 ),
 ( #167, #2598 ),
 ( #907, #3458 ),
 ( #1010, #4155 ),
 ( #5007, #5059 ),
 ( #9160, #6607 ),
 ( #8306, #9842 ),
 ( #4308, #3510 ),
 ( #7515, #2547 ),
 ( #4209, #5803 ),
 ( #9052, #9897 ) ),
 .UNSPECIFIED., .F., .F., .F.,
 ( 4, 1, 1, 1, 1, 1, 1, 1, 1, 1, 1, 1, 1, 1, 1, 1, 4 ),
 ( 2, 2 ),
 ( 0.000000000000000000, 0.07235237040185936441, 0.1380375688919818489, 0.1972153271978529798, 0.2520349755549063930, 0.3044172645342217987, 0.3559861307776714390, 0.4083961242618881493, 0.4613879906535187647, 0.5167117459132414270, 0.5742572355450753507, 0.6348889118891604122, 0.6985056260019949503, 0.7663005924529563417, 0.8397975349417134971, 0.9174341506556455972, 0.9999999999999998890 ),
 ( 0.000000000000000000, 1.000000000000000000 ),
 .UNSPECIFIED. ) ;
#2391 = CARTESIAN_POINT ( 'NONE',  ( 7.564858423098167250, 1.000000000000000000, 2.552231705253599880 ) ) ;
#2392 = FACE_OUTER_BOUND ( 'NONE', #8870, .T. ) ;
#2393 = LINE ( 'NONE', #64, #2622 ) ;
#2394 = VECTOR ( 'NONE', #8142, 1000.000000000000000 ) ;
#2395 = CC_DESIGN_DATE_AND_TIME_ASSIGNMENT ( #6136, #6189, ( #10395 ) ) ;
#2396 = VERTEX_POINT ( 'NONE', #8027 ) ;
#2397 = CARTESIAN_POINT ( 'NONE',  ( 8.445401416139189266, 1.000000000000000444, 2.265977583963593833 ) ) ;
#2398 = CARTESIAN_POINT ( 'NONE',  ( -13.48436404361697249, 1.000000000000000000, 4.925965133283901842 ) ) ;
#2399 = CARTESIAN_POINT ( 'NONE',  ( -5.852740425671333568, 1.000000000000000000, 0.5176030526561972156 ) ) ;
#2400 = ORIENTED_EDGE ( 'NONE', *, *, #5752, .T. ) ;
#2401 = ORIENTED_EDGE ( 'NONE', *, *, #4965, .T. ) ;
#2402 = CARTESIAN_POINT ( 'NONE',  ( 17.88194459857362162, 1.000000000000000000, 0.5176030526561972156 ) ) ;
#2403 = CARTESIAN_POINT ( 'NONE',  ( -18.04020137814388747, 1.000000000000000000, 4.869447670711752885 ) ) ;
#2404 = AXIS2_PLACEMENT_3D ( 'NONE', #9847, #10005, #1921 ) ;
#2405 = CARTESIAN_POINT ( 'NONE',  ( 8.887419442836694827, 1.000000000000000000, 0.9138588979055430883 ) ) ;
#2406 = CARTESIAN_POINT ( 'NONE',  ( -8.846094251801178032, 3.000000000000000000, 0.5427304553512315444 ) ) ;
#2407 = PLANE ( 'NONE',  #8927 ) ;
#2408 = EDGE_CURVE ( 'NONE', #8121, #3551, #7224, .T. ) ;
#2409 = CARTESIAN_POINT ( 'NONE',  ( 8.349921301639438909, 3.000000000000000000, 0.8567078280890980668 ) ) ;
#2410 = ORIENTED_EDGE ( 'NONE', *, *, #5696, .F. ) ;
#2411 = ORIENTED_EDGE ( 'NONE', *, *, #7449, .F. ) ;
#2412 = CARTESIAN_POINT ( 'NONE',  ( -12.94921431988692717, 1.000000000000000000, 0.8567078280890980668 ) ) ;
#2413 = CARTESIAN_POINT ( 'NONE',  ( -19.38365238199717666, 2.999999999999999556, 0.8568106951914036262 ) ) ;
#2414 = CARTESIAN_POINT ( 'NONE',  ( -19.42157102961232340, 1.000000000000000444, 2.926070042300680907 ) ) ;
#2415 = EDGE_CURVE ( 'NONE', #9133, #3717, #6264, .T. ) ;
#2416 = VERTEX_POINT ( 'NONE', #1587 ) ;
#2417 = FACE_OUTER_BOUND ( 'NONE', #5875, .T. ) ;
#2418 = CARTESIAN_POINT ( 'NONE',  ( -8.900148346182923831, 1.000000000000000888, 4.720852176870995898 ) ) ;
#2419 = ORIENTED_EDGE ( 'NONE', *, *, #4654, .F. ) ;
#2420 = ORIENTED_EDGE ( 'NONE', *, *, #4090, .F. ) ;
#2421 = LINE ( 'NONE', #6429, #5835 ) ;
#2422 = CARTESIAN_POINT ( 'NONE',  ( -18.93123449900794242, 1.000000000000000000, 3.569546031552301102 ) ) ;
#2423 = CARTESIAN_POINT ( 'NONE',  ( 12.04200681498744352, 0.9999999999999995559, 2.401632501044000723 ) ) ;
#2424 = EDGE_CURVE ( 'NONE', #8375, #9065, #4833, .T. ) ;
#2425 = CARTESIAN_POINT ( 'NONE',  ( -10.27436204985414747, 3.000000000000000000, 4.968322691085958809 ) ) ;
#2426 = CARTESIAN_POINT ( 'NONE',  ( 19.76291639980298953, 1.000000000000000000, 4.869447670711752885 ) ) ;
#2427 = EDGE_CURVE ( 'NONE', #2538, #550, #7864, .T. ) ;
#2428 = VERTEX_POINT ( 'NONE', #7064 ) ;
#2429 = ORIENTED_EDGE ( 'NONE', *, *, #5234, .T. ) ;
#2430 = VECTOR ( 'NONE', #9881, 999.9999999999998863 ) ;
#2431 = CARTESIAN_POINT ( 'NONE',  ( -9.239931233456765369, 1.000000000000000000, 0.9259262817990883132 ) ) ;
#2432 = CARTESIAN_POINT ( 'NONE',  ( -19.34308798459224121, 3.000000000000000888, 2.068887076129901637 ) ) ;
#2433 = DIRECTION ( 'NONE',  ( 1.000000000000000000, 0.000000000000000000, 0.000000000000000000 ) ) ;
#2434 = DIRECTION ( 'NONE',  ( -1.000000000000000000, 0.000000000000000000, 0.000000000000000000 ) ) ;
#2435 = ADVANCED_FACE ( 'NONE', ( #3015 ), #9506, .T. ) ;
#2436 = FACE_BOUND ( 'NONE', #9857, .T. ) ;
#2437 = CARTESIAN_POINT ( 'NONE',  ( 25.83432413246131887, 1.000000000000000888, 0.8916346381211691652 ) ) ;
#2438 = CARTESIAN_POINT ( 'NONE',  ( 24.48035835387214831, 1.000000000000001554, 4.643377820423151725 ) ) ;
#2439 = PLANE ( 'NONE',  #5621 ) ;
#2440 = AXIS2_PLACEMENT_3D ( 'NONE', #2262, #5517, #8774 ) ;
#2441 = CARTESIAN_POINT ( 'NONE',  ( -11.25898895483856421, 1.000000000000000000, 3.513028568980150812 ) ) ;
#2442 = EDGE_CURVE ( 'NONE', #9977, #1058, #7580, .T. ) ;
#2443 = ORIENTED_EDGE ( 'NONE', *, *, #8396, .F. ) ;
#2444 = LINE ( 'NONE', #8798, #4417 ) ;
#2445 = LINE ( 'NONE', #4905, #10419 ) ;
#2446 = EDGE_LOOP ( 'NONE', ( #425, #318, #6801, #8536, #7798, #3001, #7339, #6164, #5060, #9761, #6828, #7806, #5405, #5917, #6883, #2848, #304, #7967, #6194, #5239, #9194, #191, #2575, #7638, #4272, #8676 ) ) ;
#2447 = DIRECTION ( 'NONE',  ( 1.000000000000000000, 0.000000000000000000, 0.000000000000000000 ) ) ;
#2448 = ORIENTED_EDGE ( 'NONE', *, *, #10334, .T. ) ;
#2449 = AXIS2_PLACEMENT_3D ( 'NONE', #10431, #16, #10378 ) ;
#2450 = LINE ( 'NONE', #8850, #5032 ) ;
#2451 = CARTESIAN_POINT ( 'NONE',  ( -7.301000404082678585, 1.000000000000000000, 4.530342895278852922 ) ) ;
#2452 = DIRECTION ( 'NONE',  ( 1.000000000000000000, 0.000000000000000000, 0.000000000000000000 ) ) ;
#2453 = CARTESIAN_POINT ( 'NONE',  ( -9.207767489737589628, 3.000000000000000444, 0.4594738653863474354 ) ) ;
#2454 = CARTESIAN_POINT ( 'NONE',  ( 11.62175253335531444, 1.000000000000000000, 2.439196780109299301 ) ) ;
#2455 = AXIS2_PLACEMENT_3D ( 'NONE', #1172, #6811, #6172 ) ;
#2456 = VECTOR ( 'NONE', #2747, 1000.000000000000000 ) ;
#2457 = CARTESIAN_POINT ( 'NONE',  ( -10.66152868048349589, 0.9999999999999991118, 4.295204135835745340 ) ) ;
#2458 = CARTESIAN_POINT ( 'NONE',  ( 12.66202707882395018, 1.000000000000000000, 3.569546031552301102 ) ) ;
#2459 = ORIENTED_EDGE ( 'NONE', *, *, #7436, .T. ) ;
#2460 = ORIENTED_EDGE ( 'NONE', *, *, #6886, .T. ) ;
#2461 = EDGE_CURVE ( 'NONE', #9087, #3118, #5177, .T. ) ;
#2462 = VECTOR ( 'NONE', #3610, 1000.000000000000000 ) ;
#2463 = CARTESIAN_POINT ( 'NONE',  ( -8.378364534364289185, 1.000000000000000000, 3.717021285451505008 ) ) ;
#2464 = CARTESIAN_POINT ( 'NONE',  ( -18.59810699728395633, 1.000000000000000000, 1.140584045370328203 ) ) ;
#2465 = AXIS2_PLACEMENT_3D ( 'NONE', #4811, #5809, #5912 ) ;
#2466 = CARTESIAN_POINT ( 'NONE',  ( -19.33803341165538114, 1.000000000000000444, 3.194677529631570589 ) ) ;
#2467 = VERTEX_POINT ( 'NONE', #4425 ) ;
#2468 = CARTESIAN_POINT ( 'NONE',  ( 12.80455826509177086, 2.999999999999999112, 4.403059106809581458 ) ) ;
#2469 = VECTOR ( 'NONE', #1168, 1000.000000000000000 ) ;
#2470 = ORIENTED_EDGE ( 'NONE', *, *, #6418, .T. ) ;
#2471 = EDGE_LOOP ( 'NONE', ( #9501, #7528, #9379, #5248 ) ) ;
#2472 = CARTESIAN_POINT ( 'NONE',  ( 4.089034474910937966, 1.000000000000000000, 3.117406330975100115 ) ) ;
#2473 = CARTESIAN_POINT ( 'NONE',  ( -11.22602310410480975, 3.000000000000000000, 1.713354379143753103 ) ) ;
#2474 = EDGE_CURVE ( 'NONE', #5054, #1692, #238, .T. ) ;
#2475 = CARTESIAN_POINT ( 'NONE',  ( 25.68475403481002317, 1.000000000000000000, 4.585618608975282839 ) ) ;
#2476 = LINE ( 'NONE', #9083, #10463 ) ;
#2477 = CIRCLE ( 'NONE', #8780, 2.999999999999999112 ) ;
#2478 = LINE ( 'NONE', #987, #3148 ) ;
#2479 = ORIENTED_EDGE ( 'NONE', *, *, #8159, .F. ) ;
#2480 = ORIENTED_EDGE ( 'NONE', *, *, #8480, .T. ) ;
#2481 = LINE ( 'NONE', #8183, #4253 ) ;
#2482 = LINE ( 'NONE', #5532, #5450 ) ;
#2483 = PLANE ( 'NONE',  #234 ) ;
#2484 = VECTOR ( 'NONE', #4643, 1000.000000000000000 ) ;
#2485 = CARTESIAN_POINT ( 'NONE',  ( 12.20960919583471238, 0.9999999999999991118, 0.8568106951914036262 ) ) ;
#2486 = ADVANCED_FACE ( 'NONE', ( #3367 ), #7057, .T. ) ;
#2487 = CARTESIAN_POINT ( 'NONE',  ( 24.97899674238236045, 3.000000000000000000, 0.8192331345818593125 ) ) ;
#2488 = CARTESIAN_POINT ( 'NONE',  ( -9.323380614845223846, 1.000000000000000444, 3.285329947977353449 ) ) ;
#2489 = CARTESIAN_POINT ( 'NONE',  ( 24.46622898822910841, 1.000000000000000000, 4.982482595856052576 ) ) ;
#2490 = CARTESIAN_POINT ( 'NONE',  ( -15.80422926513319659, 3.000000000000000000, 0.5176030526561972156 ) ) ;
#2491 = DIRECTION ( 'NONE',  ( -0.000000000000000000, 1.000000000000000000, -0.000000000000000000 ) ) ;
#2492 = CARTESIAN_POINT ( 'NONE',  ( 22.62869783674947399, 1.000000000000000444, 1.992541336923313589 ) ) ;
#2493 = ORIENTED_EDGE ( 'NONE', *, *, #676, .F. ) ;
#2494 = ORIENTED_EDGE ( 'NONE', *, *, #9692, .T. ) ;
#2495 = EDGE_CURVE ( 'NONE', #2657, #5888, #258, .T. ) ;
#2496 = CARTESIAN_POINT ( 'NONE',  ( 25.68553416380621002, 3.000000000000000000, 0.7667259882043128139 ) ) ;
#2497 = DIRECTION ( 'NONE',  ( -1.000000000000000000, 0.000000000000000000, 0.000000000000000000 ) ) ;
#2498 = ORIENTED_EDGE ( 'NONE', *, *, #3681, .T. ) ;
#2499 = CARTESIAN_POINT ( 'NONE',  ( -10.57855217314943452, 2.999999999999999556, 1.567115835985998906 ) ) ;
#2500 = EDGE_CURVE ( 'NONE', #5958, #244, #8748, .T. ) ;
#2501 = EDGE_LOOP ( 'NONE', ( #3431, #2515, #4474, #4256 ) ) ;
#2502 = VERTEX_POINT ( 'NONE', #596 ) ;
#2503 = LINE ( 'NONE', #7799, #3165 ) ;
#2504 = CARTESIAN_POINT ( 'NONE',  ( 8.445401416139189266, 3.000000000000000444, 2.265977583963593833 ) ) ;
#2505 = PLANE ( 'NONE',  #1285 ) ;
#2506 = CARTESIAN_POINT ( 'NONE',  ( -8.585006506893714473, 3.000000000000000000, 0.6271056363897379304 ) ) ;
#2507 = CARTESIAN_POINT ( 'NONE',  ( 12.15757915242046394, 3.000000000000000000, 2.318105955929529394 ) ) ;
#2508 = CARTESIAN_POINT ( 'NONE',  ( -10.40663558064054328, 0.9999999999999986677, 4.536726858100202264 ) ) ;
#2509 = LINE ( 'NONE', #8315, #685 ) ;
#2510 = ORIENTED_EDGE ( 'NONE', *, *, #8364, .F. ) ;
#2511 = VERTEX_POINT ( 'NONE', #7841 ) ;
#2512 = CARTESIAN_POINT ( 'NONE',  ( 6.824832897544077959, 1.000000000000000000, 4.530342895278852922 ) ) ;
#2513 = CARTESIAN_POINT ( 'NONE',  ( -19.42752846721963422, 1.000000000000000000, 0.8567078280890980668 ) ) ;
#2514 = DIRECTION ( 'NONE',  ( -0.000000000000000000, 1.000000000000000000, -0.000000000000000000 ) ) ;
#2515 = ORIENTED_EDGE ( 'NONE', *, *, #54, .F. ) ;
#2516 = CARTESIAN_POINT ( 'NONE',  ( 23.55403595003795658, 0.9999999999999991118, 0.6547349216804836392 ) ) ;
#2517 = ORIENTED_EDGE ( 'NONE', *, *, #4570, .F. ) ;
#2518 = ORIENTED_EDGE ( 'NONE', *, *, #6715, .T. ) ;
#2519 = DIRECTION ( 'NONE',  ( -0.000000000000000000, 1.000000000000000000, -0.000000000000000000 ) ) ;
#2520 = CARTESIAN_POINT ( 'NONE',  ( -11.01760135825140097, 2.999999999999999556, 2.373644929673635495 ) ) ;
#2521 = CARTESIAN_POINT ( 'NONE',  ( 24.70109771226613660, 3.000000000000000888, 4.971837580028077852 ) ) ;
#2522 = PLANE ( 'NONE',  #7213 ) ;
#2523 = CARTESIAN_POINT ( 'NONE',  ( -9.916718559845611125, 1.000000000000000888, 2.265275464492449764 ) ) ;
#2524 = ORIENTED_EDGE ( 'NONE', *, *, #8473, .F. ) ;
#2525 = EDGE_CURVE ( 'NONE', #8441, #2582, #2878, .T. ) ;
#2526 = VERTEX_POINT ( 'NONE', #4477 ) ;
#2527 = CARTESIAN_POINT ( 'NONE',  ( -5.852740425671333568, 3.000000000000000000, 0.5176030526561972156 ) ) ;
#2528 = CARTESIAN_POINT ( 'NONE',  ( 14.09527460623957040, 1.000000000000000000, 0.8567078280890980668 ) ) ;
#2529 = CARTESIAN_POINT ( 'NONE',  ( -9.752130262821776086, 2.999999999999999556, 0.4052792018291355158 ) ) ;
#2530 = DIRECTION ( 'NONE',  ( -1.000000000000000000, 0.000000000000000000, 0.000000000000000000 ) ) ;
#2531 = DIRECTION ( 'NONE',  ( -1.000000000000000000, 0.000000000000000000, 0.000000000000000000 ) ) ;
#2532 = CARTESIAN_POINT ( 'NONE',  ( 12.97782943076813744, 1.000000000000001776, 4.235810474738924469 ) ) ;
#2533 = CARTESIAN_POINT ( 'NONE',  ( 10.02601730104476374, 1.000000000000000000, 4.530342895278852922 ) ) ;
#2534 = AXIS2_PLACEMENT_3D ( 'NONE', #7897, #2887, #8481 ) ;
#2535 = CARTESIAN_POINT ( 'NONE',  ( 24.48035835387214831, 3.000000000000000888, 4.643377820423151725 ) ) ;
#2536 = CARTESIAN_POINT ( 'NONE',  ( 29.49999999999999645, 1.500000000000000000, -10.25000000000000000 ) ) ;
#2537 = LINE ( 'NONE', #4355, #9426 ) ;
#2538 = VERTEX_POINT ( 'NONE', #4642 ) ;
#2539 = ADVANCED_FACE ( 'NONE', ( #1297 ), #9327, .T. ) ;
#2540 = VERTEX_POINT ( 'NONE', #6185 ) ;
#2541 = CARTESIAN_POINT ( 'NONE',  ( 8.500928896949403679, 3.000000000000000000, 3.682580956696600794 ) ) ;
#2542 = CARTESIAN_POINT ( 'NONE',  ( -9.079186726682008768, 1.000000000000000888, 4.120201999798160486 ) ) ;
#2543 = VECTOR ( 'NONE', #4677, 1000.000000000000000 ) ;
#2544 = VECTOR ( 'NONE', #10223, 1000.000000000000000 ) ;
#2545 = CARTESIAN_POINT ( 'NONE',  ( -19.32561984470288152, 1.000000000000000000, 3.300900450731739433 ) ) ;
#2546 = ORIENTED_EDGE ( 'NONE', *, *, #6177, .F. ) ;
#2547 = CARTESIAN_POINT ( 'NONE',  ( -9.711385314782553735, 3.000000000000000888, 2.347454290392338105 ) ) ;
#2548 = VERTEX_POINT ( 'NONE', #6876 ) ;
#2549 = ORIENTED_EDGE ( 'NONE', *, *, #8265, .F. ) ;
#2550 = CARTESIAN_POINT ( 'NONE',  ( 22.55323575531527780, 3.000000000000000000, 2.646349136040741179 ) ) ;
#2551 = CARTESIAN_POINT ( 'NONE',  ( 8.147689219420216844, 1.000000000000000444, 2.540072054524911582 ) ) ;
#2552 = LINE ( 'NONE', #913, #8693 ) ;
#2553 = DIRECTION ( 'NONE',  ( -1.000000000000000000, 0.000000000000000000, 0.000000000000000000 ) ) ;
#2554 = CARTESIAN_POINT ( 'NONE',  ( -8.617049573744257174, 3.000000000000000444, 0.6160864514000765624 ) ) ;
#2555 = CARTESIAN_POINT ( 'NONE',  ( -14.51050922344257188, 1.000000000000000000, 2.705005471268942863 ) ) ;
#2556 = EDGE_CURVE ( 'NONE', #9918, #1967, #3622, .T. ) ;
#2557 = AXIS2_PLACEMENT_3D ( 'NONE', #6711, #7081, #4633 ) ;
#2558 = VECTOR ( 'NONE', #9454, 1000.000000000000000 ) ;
#2559 = ADVANCED_FACE ( 'NONE', ( #7735 ), #1349, .T. ) ;
#2560 = EDGE_CURVE ( 'NONE', #7646, #7411, #4591, .T. ) ;
#2561 = CARTESIAN_POINT ( 'NONE',  ( -21.56724427678712885, 1.000000000000000000, 4.869447670711752885 ) ) ;
#2562 = VECTOR ( 'NONE', #6968, 1000.000000000000000 ) ;
#2563 = CARTESIAN_POINT ( 'NONE',  ( 24.48035835387214831, 3.000000000000000888, 4.643377820423151725 ) ) ;
#2564 = ORIENTED_EDGE ( 'NONE', *, *, #4705, .T. ) ;
#2565 = VECTOR ( 'NONE', #7679, 1000.000000000000000 ) ;
#2566 = EDGE_LOOP ( 'NONE', ( #563, #7703 ) ) ;
#2567 = CARTESIAN_POINT ( 'NONE',  ( 25.15920374137640891, 3.000000000000000444, 4.454390306850833703 ) ) ;
#2568 = DIRECTION ( 'NONE',  ( -0.000000000000000000, 1.000000000000000000, -0.000000000000000000 ) ) ;
#2569 = CARTESIAN_POINT ( 'NONE',  ( -19.42752846721963422, 3.000000000000000000, 0.8567078280890980668 ) ) ;
#2570 = ADVANCED_FACE ( 'NONE', ( #4698 ), #10331, .T. ) ;
#2571 = DIRECTION ( 'NONE',  ( -0.000000000000000000, 1.000000000000000000, -0.000000000000000000 ) ) ;
#2572 = EDGE_CURVE ( 'NONE', #9890, #809, #10121, .T. ) ;
#2573 = VERTEX_POINT ( 'NONE', #9432 ) ;
#2574 = VERTEX_POINT ( 'NONE', #5441 ) ;
#2575 = ORIENTED_EDGE ( 'NONE', *, *, #9540, .T. ) ;
#2576 = CARTESIAN_POINT ( 'NONE',  ( 16.00538822410770834, 1.000000000000000000, 0.5176030526561972156 ) ) ;
#2577 = CARTESIAN_POINT ( 'NONE',  ( -10.94823174179164660, 0.9999999999999991118, 2.459235352443749356 ) ) ;
#2578 = CARTESIAN_POINT ( 'NONE',  ( 25.83757187864366145, 1.000000000000000000, 4.452777858189640448 ) ) ;
#2579 = LINE ( 'NONE', #1792, #4513 ) ;
#2580 = CARTESIAN_POINT ( 'NONE',  ( 29.49999999999999645, 0.000000000000000000, -12.00000000000000000 ) ) ;
#2581 = VERTEX_POINT ( 'NONE', #6132 ) ;
#2582 = VERTEX_POINT ( 'NONE', #8695 ) ;
#2583 = CARTESIAN_POINT ( 'NONE',  ( -18.93123449900794242, 1.000000000000000000, 1.704469766671348863 ) ) ;
#2584 = CARTESIAN_POINT ( 'NONE',  ( 23.39786557476671547, 3.000000000000000444, 1.989553585028247973 ) ) ;
#2585 = DIRECTION ( 'NONE',  ( 0.000000000000000000, 0.000000000000000000, 1.000000000000000000 ) ) ;
#2586 = CARTESIAN_POINT ( 'NONE',  ( -13.84024744075097857, 1.000000000000000000, 4.925965133283901842 ) ) ;
#2587 = CARTESIAN_POINT ( 'NONE',  ( 12.12219760577940519, 0.9999999999999995559, 4.530136560350635833 ) ) ;
#2588 = FACE_OUTER_BOUND ( 'NONE', #9532, .T. ) ;
#2589 = EDGE_CURVE ( 'NONE', #1058, #7304, #2083, .T. ) ;
#2590 = LINE ( 'NONE', #5101, #6188 ) ;
#2591 = CARTESIAN_POINT ( 'NONE',  ( -18.43785288364949793, 0.9999999999999995559, 3.793105207036272297 ) ) ;
#2592 = CARTESIAN_POINT ( 'NONE',  ( 26.48517441730874822, 3.000000000000000000, 2.890741513595036061 ) ) ;
#2593 = ORIENTED_EDGE ( 'NONE', *, *, #6070, .F. ) ;
#2594 = ORIENTED_EDGE ( 'NONE', *, *, #4843, .T. ) ;
#2595 = CARTESIAN_POINT ( 'NONE',  ( -9.100014565228578434, 0.9999999999999995559, 4.192518350896984991 ) ) ;
#2596 = DIRECTION ( 'NONE',  ( 0.8408217423821814362, 0.000000000000000000, -0.5413121073257021187 ) ) ;
#2597 = VERTEX_POINT ( 'NONE', #441 ) ;
#2598 = CARTESIAN_POINT ( 'NONE',  ( -10.31300132381142376, 2.999999999999999556, 2.057549249706098315 ) ) ;
#2599 = EDGE_LOOP ( 'NONE', ( #10236, #4537, #6470, #189 ) ) ;
#2600 = ORIENTED_EDGE ( 'NONE', *, *, #9520, .T. ) ;
#2601 = CYLINDRICAL_SURFACE ( 'NONE', #1966, 3.000000000000000888 ) ;
#2602 = AXIS2_PLACEMENT_3D ( 'NONE', #1640, #6527, #4130 ) ;
#2603 = CARTESIAN_POINT ( 'NONE',  ( 8.255269012416466268, 3.000000000000000000, 2.515981768257304907 ) ) ;
#2604 = CARTESIAN_POINT ( 'NONE',  ( -25.58881497293668161, 1.000000000000000000, 4.530342895278852922 ) ) ;
#2605 = EDGE_CURVE ( 'NONE', #1681, #8862, #7033, .T. ) ;
#2606 = DIRECTION ( 'NONE',  ( 0.000000000000000000, 0.000000000000000000, -1.000000000000000000 ) ) ;
#2607 = CARTESIAN_POINT ( 'NONE',  ( 16.00538822410770834, 3.000000000000000000, 0.8567078280890980668 ) ) ;
#2608 = DIRECTION ( 'NONE',  ( -0.000000000000000000, 1.000000000000000000, -0.000000000000000000 ) ) ;
#2609 = CARTESIAN_POINT ( 'NONE',  ( -9.020067540867495737, 2.999999999999999556, 4.790782976660087122 ) ) ;
#2610 = VECTOR ( 'NONE', #10457, 1000.000000000000000 ) ;
#2611 = ADVANCED_FACE ( 'NONE', ( #1402 ), #5496, .T. ) ;
#2612 = CARTESIAN_POINT ( 'NONE',  ( -10.33379033659819690, 1.000000000000000000, 4.572430172613428212 ) ) ;
#2613 = CARTESIAN_POINT ( 'NONE',  ( 7.564858423098167250, 1.000000000000000000, 0.8567078280890980668 ) ) ;
#2614 = ORIENTED_EDGE ( 'NONE', *, *, #7523, .T. ) ;
#2615 = EDGE_LOOP ( 'NONE', ( #2410, #7458 ) ) ;
#2616 = EDGE_CURVE ( 'NONE', #3212, #1022, #10230, .T. ) ;
#2617 = EDGE_CURVE ( 'NONE', #3481, #2152, #5334, .T. ) ;
#2618 = CARTESIAN_POINT ( 'NONE',  ( 25.33475232499494467, 3.000000000000000444, 4.275649795882336512 ) ) ;
#2619 = CARTESIAN_POINT ( 'NONE',  ( 10.02601730104476374, 1.000000000000000000, 4.530342895278852922 ) ) ;
#2620 = CARTESIAN_POINT ( 'NONE',  ( 23.37727362081860605, 3.000000000000003553, 3.267900142626859239 ) ) ;
#2621 = CARTESIAN_POINT ( 'NONE',  ( 19.76291639980298953, 1.000000000000000000, 0.8567078280890980668 ) ) ;
#2622 = VECTOR ( 'NONE', #5656, 1000.000000000000000 ) ;
#2623 = AXIS2_PLACEMENT_3D ( 'NONE', #240, #2672, #6671 ) ;
#2624 = ORIENTED_EDGE ( 'NONE', *, *, #8942, .T. ) ;
#2625 = CARTESIAN_POINT ( 'NONE',  ( 22.55323575531527780, 3.000000000000000000, 2.646349136040741179 ) ) ;
#2626 = EDGE_CURVE ( 'NONE', #9087, #7462, #5281, .T. ) ;
#2627 = EDGE_LOOP ( 'NONE', ( #9336, #10402, #9483, #5331 ) ) ;
#2628 = VECTOR ( 'NONE', #2242, 1000.000000000000000 ) ;
#2629 = VECTOR ( 'NONE', #6120, 1000.000000000000000 ) ;
#2630 = DIRECTION ( 'NONE',  ( -0.000000000000000000, 1.000000000000000000, -0.000000000000000000 ) ) ;
#2631 = EDGE_CURVE ( 'NONE', #3854, #34, #5390, .T. ) ;
#2632 = EDGE_CURVE ( 'NONE', #1023, #1022, #7257, .T. ) ;
#2633 = DIRECTION ( 'NONE',  ( 0.000000000000000000, 0.000000000000000000, 1.000000000000000000 ) ) ;
#2634 = CARTESIAN_POINT ( 'NONE',  ( -19.31416561788143227, 3.000000000000000888, 3.428115231736965196 ) ) ;
#2635 = CARTESIAN_POINT ( 'NONE',  ( -2.831705434119379916, 3.000000000000000000, 1.196315107176024961 ) ) ;
#2636 = VERTEX_POINT ( 'NONE', #10499 ) ;
#2637 = VECTOR ( 'NONE', #6276, 1000.000000000000000 ) ;
#2638 = VECTOR ( 'NONE', #8436, 1000.000000000000000 ) ;
#2639 = ORIENTED_EDGE ( 'NONE', *, *, #734, .F. ) ;
#2640 = LINE ( 'NONE', #9195, #7840 ) ;
#2641 = CARTESIAN_POINT ( 'NONE',  ( 23.56250174575686884, 3.000000000000000000, 1.350426277338754533 ) ) ;
#2642 = CARTESIAN_POINT ( 'NONE',  ( 12.29301100889767362, 0.9999999999999995559, 0.8570062300207600403 ) ) ;
#2643 = AXIS2_PLACEMENT_3D ( 'NONE', #3534, #3486, #8377 ) ;
#2644 = FACE_OUTER_BOUND ( 'NONE', #3718, .T. ) ;
#2645 = CARTESIAN_POINT ( 'NONE',  ( -9.056078200447577942, 1.000000000000000000, 3.781056107052294557 ) ) ;
#2646 = LINE ( 'NONE', #2045, #3577 ) ;
#2647 = PLANE ( 'NONE',  #8084 ) ;
#2648 = CARTESIAN_POINT ( 'NONE',  ( -18.46206811866975528, 1.000000000000000888, 3.886163467671330807 ) ) ;
#2649 = CARTESIAN_POINT ( 'NONE',  ( 25.97454655753508490, 2.999999999999998668, 4.303517705077299027 ) ) ;
#2650 = ORIENTED_EDGE ( 'NONE', *, *, #4529, .T. ) ;
#2651 = VERTEX_POINT ( 'NONE', #6351 ) ;
#2652 = VECTOR ( 'NONE', #2350, 1000.000000000000000 ) ;
#2653 = FACE_OUTER_BOUND ( 'NONE', #9429, .T. ) ;
#2654 = FACE_OUTER_BOUND ( 'NONE', #5832, .T. ) ;
#2655 = ORIENTED_EDGE ( 'NONE', *, *, #2883, .T. ) ;
#2656 = CARTESIAN_POINT ( 'NONE',  ( -10.58077940397276429, 1.000000000000000000, 1.464270550739710908 ) ) ;
#2657 = VERTEX_POINT ( 'NONE', #3895 ) ;
#2658 = ORIENTED_EDGE ( 'NONE', *, *, #9067, .T. ) ;
#2659 = CARTESIAN_POINT ( 'NONE',  ( 12.28491225676971865, 3.000000000000000000, 1.753059920512656245 ) ) ;
#2660 = CARTESIAN_POINT ( 'NONE',  ( 7.866288504040254814, 2.999999999999999556, 2.552113846982770884 ) ) ;
#2661 = DIRECTION ( 'NONE',  ( 0.000000000000000000, 0.000000000000000000, 1.000000000000000000 ) ) ;
#2662 = CARTESIAN_POINT ( 'NONE',  ( 24.25618671311602270, 2.999999999999999556, 4.977629488456701168 ) ) ;
#2663 = CARTESIAN_POINT ( 'NONE',  ( 24.48035835387214831, 1.000000000000001554, 4.643377820423151725 ) ) ;
#2664 = ADVANCED_FACE ( 'NONE', ( #6457 ), #761, .F. ) ;
#2665 = FACE_OUTER_BOUND ( 'NONE', #889, .T. ) ;
#2666 = CARTESIAN_POINT ( 'NONE',  ( -29.50000000000000355, 3.000000000000000000, -10.24999999999999645 ) ) ;
#2667 = CARTESIAN_POINT ( 'NONE',  ( 24.95694148021962988, 3.000000000000000444, 4.567787005190035998 ) ) ;
#2668 = VERTEX_POINT ( 'NONE', #8907 ) ;
#2669 = ORIENTED_EDGE ( 'NONE', *, *, #6476, .F. ) ;
#2670 = DIRECTION ( 'NONE',  ( 1.000000000000000000, 0.000000000000000000, 0.000000000000000000 ) ) ;
#2671 = PLANE ( 'NONE',  #9631 ) ;
#2672 = DIRECTION ( 'NONE',  ( -0.000000000000000000, 1.000000000000000000, -0.000000000000000000 ) ) ;
#2673 = DIRECTION ( 'NONE',  ( -0.000000000000000000, 1.000000000000000000, -0.000000000000000000 ) ) ;
#2674 = EDGE_LOOP ( 'NONE', ( #3957, #133, #2874, #5833, #2198, #2928, #4230, #6424, #3380, #9811, #9755, #9111, #10418, #6587, #1379, #2319, #4758, #8305, #3038, #5802, #4827, #3326, #981, #1810, #2380, #5937 ) ) ;
#2675 = CARTESIAN_POINT ( 'NONE',  ( 23.73004452280684262, 3.000000000000000444, 0.5642858197028067790 ) ) ;
#2676 = EDGE_CURVE ( 'NONE', #3316, #5437, #6146, .T. ) ;
#2677 = ORIENTED_EDGE ( 'NONE', *, *, #3856, .F. ) ;
#2678 = ORIENTED_EDGE ( 'NONE', *, *, #1603, .T. ) ;
#2679 = CARTESIAN_POINT ( 'NONE',  ( -17.97750231810290700, 1.000000000000000000, 3.286958718691550541 ) ) ;
#2680 = CARTESIAN_POINT ( 'NONE',  ( -11.13757387848401059, 0.9999999999999986677, 1.150490703512686785 ) ) ;
#2681 = CARTESIAN_POINT ( 'NONE',  ( 26.48937753124154426, 3.000000000000000444, 2.651137264754862333 ) ) ;
#2682 = CARTESIAN_POINT ( 'NONE',  ( 19.20745571296107812, 1.000000000000000000, 4.530342895278852922 ) ) ;
#2683 = EDGE_CURVE ( 'NONE', #6839, #9242, #812, .T. ) ;
#2684 = LINE ( 'NONE', #8380, #8935 ) ;
#2685 = ORIENTED_EDGE ( 'NONE', *, *, #3906, .T. ) ;
#2686 = ORIENTED_EDGE ( 'NONE', *, *, #4651, .F. ) ;
#2687 = EDGE_CURVE ( 'NONE', #1938, #5795, #4751, .T. ) ;
#2688 = ORIENTED_EDGE ( 'NONE', *, *, #5500, .T. ) ;
#2689 = EDGE_CURVE ( 'NONE', #881, #4229, #4059, .T. ) ;
#2690 = DIRECTION ( 'NONE',  ( 0.000000000000000000, 1.000000000000000000, 0.000000000000000000 ) ) ;
#2691 = CARTESIAN_POINT ( 'NONE',  ( 23.37963749733824059, 2.999999999999999556, 2.151334741544307594 ) ) ;
#2692 = CARTESIAN_POINT ( 'NONE',  ( -10.89162544811958888, 3.000000000000000000, 3.513028568980150812 ) ) ;
#2693 = CARTESIAN_POINT ( 'NONE',  ( -9.839178555403929494, 0.9999999999999991118, 3.030511211401000882 ) ) ;
#2694 = CARTESIAN_POINT ( 'NONE',  ( 13.10612394757214894, 1.000000000000000000, 3.970848827893331823 ) ) ;
#2695 = CARTESIAN_POINT ( 'NONE',  ( -24.62978427991550845, 1.000000000000000000, 4.530342895278852922 ) ) ;
#2696 = DIRECTION ( 'NONE',  ( -0.000000000000000000, 1.000000000000000000, -0.000000000000000000 ) ) ;
#2697 = EDGE_CURVE ( 'NONE', #3356, #1647, #650, .T. ) ;
#2698 = CARTESIAN_POINT ( 'NONE',  ( 0.000000000000000000, 1.000000000000000000, 0.000000000000000000 ) ) ;
#2699 = ORIENTED_EDGE ( 'NONE', *, *, #817, .T. ) ;
#2700 = ORIENTED_EDGE ( 'NONE', *, *, #2192, .T. ) ;
#2701 = CARTESIAN_POINT ( 'NONE',  ( -9.880459643463755270, 1.000000000000000000, 4.642787001082750997 ) ) ;
#2702 = DIRECTION ( 'NONE',  ( -0.5413121073257021187, 0.000000000000000000, -0.8408217423821814362 ) ) ;
#2703 = EDGE_LOOP ( 'NONE', ( #7817, #149, #476, #371 ) ) ;
#2704 = DESIGN_CONTEXT ( 'detailed design', #879, 'design' ) ;
#2705 = CARTESIAN_POINT ( 'NONE',  ( 29.50000000000000000, 1.500000000000000000, 10.25000000000000711 ) ) ;
#2706 = ORIENTED_EDGE ( 'NONE', *, *, #10084, .T. ) ;
#2707 = VECTOR ( 'NONE', #8119, 1000.000000000000000 ) ;
#2708 = ORIENTED_EDGE ( 'NONE', *, *, #757, .T. ) ;
#2709 = CARTESIAN_POINT ( 'NONE',  ( 22.55624252327287138, 3.000000000000000000, 2.476189321521869768 ) ) ;
#2710 = CARTESIAN_POINT ( 'NONE',  ( -9.053924829172020239, 1.000000000000000000, 3.882158246404506130 ) ) ;
#2711 = LINE ( 'NONE', #9114, #6815 ) ;
#2712 = LINE ( 'NONE', #3360, #8416 ) ;
#2713 = CARTESIAN_POINT ( 'NONE',  ( 25.68438289660281626, 0.9999999999999991118, 2.740334818108340453 ) ) ;
#2714 = PRODUCT_RELATED_PRODUCT_CATEGORY ( 'detail', '', ( #3739 ) ) ;
#2715 = VECTOR ( 'NONE', #4756, 1000.000000000000000 ) ;
#2716 = VECTOR ( 'NONE', #287, 1000.000000000000000 ) ;
#2717 = B_SPLINE_CURVE_WITH_KNOTS ( 'NONE', 3,
 ( #4102, #6505, #6555, #2545, #8198, #3351, #905, #1757, #4153, #806, #959, #6605, #5602, #119, #8149, #20, #6451, #9840, #1610 ),
 .UNSPECIFIED., .F., .F.,
 ( 4, 1, 1, 1, 1, 1, 1, 1, 1, 1, 1, 1, 1, 1, 1, 1, 4 ),
 ( 0.000000000000000000, 0.1188560317108968839, 0.2209283741663673195, 0.3063034166759448507, 0.3752570544179837930, 0.4329650820677176659, 0.4834501979423395657, 0.5286374547714883798, 0.5683287474589122645, 0.6069250723128001290, 0.6473812240742748969, 0.6918345839470025904, 0.7401557930960328546, 0.7942715689297659143, 0.8558889846477829577, 0.9244584765722029251, 1.000000000000000000 ),
 .UNSPECIFIED. ) ;
#2718 = CARTESIAN_POINT ( 'NONE',  ( 12.01384242994960339, 3.000000000000000000, 4.530342895278852922 ) ) ;
#2719 = CARTESIAN_POINT ( 'NONE',  ( 2.617814277329656658, 1.000000000000000000, 3.117406330975100115 ) ) ;
#2720 = VERTEX_POINT ( 'NONE', #3100 ) ;
#2721 = ORIENTED_EDGE ( 'NONE', *, *, #8169, .T. ) ;
#2722 = AXIS2_PLACEMENT_3D ( 'NONE', #7116, #3070, #8828 ) ;
#2723 = VECTOR ( 'NONE', #9777, 1000.000000000000000 ) ;
#2724 = CARTESIAN_POINT ( 'NONE',  ( 25.68340834195393896, 3.000000000000000444, 2.868444913451641654 ) ) ;
#2725 = CARTESIAN_POINT ( 'NONE',  ( -18.44157393135744982, 1.000000000000000000, 1.663070207060320271 ) ) ;
#2726 = DIRECTION ( 'NONE',  ( -0.9988387810821249824, 0.000000000000000000, 0.04817768577230324700 ) ) ;
#2727 = EDGE_CURVE ( 'NONE', #9310, #820, #6511, .T. ) ;
#2728 = CARTESIAN_POINT ( 'NONE',  ( -9.998646913786153334, 3.000000000000000000, 0.7539693162725685793 ) ) ;
#2729 = VERTEX_POINT ( 'NONE', #4110 ) ;
#2730 = AXIS2_PLACEMENT_3D ( 'NONE', #1831, #187, #1185 ) ;
#2731 = CARTESIAN_POINT ( 'NONE',  ( 24.11251116858458943, 1.000000000000000888, 0.4413603842508688757 ) ) ;
#2732 = VECTOR ( 'NONE', #5406, 1000.000000000000227 ) ;
#2733 = ORIENTED_EDGE ( 'NONE', *, *, #942, .T. ) ;
#2734 = VERTEX_POINT ( 'NONE', #76 ) ;
#2735 = CARTESIAN_POINT ( 'NONE',  ( -20.98175868795376076, 1.000000000000000000, 0.8567078280890980668 ) ) ;
#2736 = CARTESIAN_POINT ( 'NONE',  ( 8.500928896949403679, 1.000000000000000000, 3.682580956696600794 ) ) ;
#2737 = ADVANCED_FACE ( 'NONE', ( #1716, #6564 ), #2505, .F. ) ;
#2738 = AXIS2_PLACEMENT_3D ( 'NONE', #7136, #8799, #5490 ) ;
#2739 = CARTESIAN_POINT ( 'NONE',  ( -44.50000000000000000, 0.000000000000000000, 13.50000000000000178 ) ) ;
#2740 = CARTESIAN_POINT ( 'NONE',  ( 11.65325876535694505, 3.000000000000000000, 2.778267480871526196 ) ) ;
#2741 = VERTEX_POINT ( 'NONE', #7948 ) ;
#2742 = ORIENTED_EDGE ( 'NONE', *, *, #6765, .F. ) ;
#2743 = CARTESIAN_POINT ( 'NONE',  ( -15.35650499131944358, 3.000000000000000000, 4.925965133283901842 ) ) ;
#2744 = DIRECTION ( 'NONE',  ( 1.000000000000000000, 0.000000000000000000, 0.000000000000000000 ) ) ;
#2745 = CARTESIAN_POINT ( 'NONE',  ( 8.468637111884067536, 1.000000000000000000, 3.307113751131650403 ) ) ;
#2746 = CARTESIAN_POINT ( 'NONE',  ( 25.13472047806823895, 1.000000000000000888, 4.880004707769064254 ) ) ;
#2747 = DIRECTION ( 'NONE',  ( 1.000000000000000000, 0.000000000000000000, 0.000000000000000000 ) ) ;
#2748 = EDGE_CURVE ( 'NONE', #1312, #1328, #4685, .T. ) ;
#2749 = EDGE_CURVE ( 'NONE', #4536, #2152, #6409, .T. ) ;
#2750 = FACE_OUTER_BOUND ( 'NONE', #8901, .T. ) ;
#2751 = CARTESIAN_POINT ( 'NONE',  ( -18.54713291574519829, 0.9999999999999995559, 4.117283965022305203 ) ) ;
#2752 = CARTESIAN_POINT ( 'NONE',  ( 26.45985560061975761, 2.999999999999999556, 3.124590240838202249 ) ) ;
#2753 = ORIENTED_EDGE ( 'NONE', *, *, #1062, .F. ) ;
#2754 = ORIENTED_EDGE ( 'NONE', *, *, #1702, .T. ) ;
#2755 = FACE_OUTER_BOUND ( 'NONE', #6095, .T. ) ;
#2756 = CARTESIAN_POINT ( 'NONE',  ( -7.301000404082678585, 1.000000000000000000, 4.530342895278852922 ) ) ;
#2757 = ORIENTED_EDGE ( 'NONE', *, *, #5672, .T. ) ;
#2758 = EDGE_CURVE ( 'NONE', #3512, #5644, #101, .T. ) ;
#2759 = CARTESIAN_POINT ( 'NONE',  ( -19.32771685682514828, 2.999999999999999112, 1.966794162330093743 ) ) ;
#2760 = ORIENTED_EDGE ( 'NONE', *, *, #2560, .F. ) ;
#2761 = EDGE_LOOP ( 'NONE', ( #7648, #3430, #5079, #2114 ) ) ;
#2762 = PLANE ( 'NONE',  #9791 ) ;
#2763 = CARTESIAN_POINT ( 'NONE',  ( 10.02601730104476374, 1.000000000000000000, 4.869447670711752885 ) ) ;
#2764 = CARTESIAN_POINT ( 'NONE',  ( -29.50000000000000000, 1.500000000000000000, 13.25000000000000533 ) ) ;
#2765 = ADVANCED_FACE ( 'NONE', ( #9059 ), #127, .T. ) ;
#2766 = PLANE ( 'NONE',  #5529 ) ;
#2767 = CARTESIAN_POINT ( 'NONE',  ( 25.52212614929346302, 1.000000000000001332, 3.914468401485362126 ) ) ;
#2768 = AXIS2_PLACEMENT_3D ( 'NONE', #7393, #839, #9778 ) ;
#2769 = CYLINDRICAL_SURFACE ( 'NONE', #1724, 3.000000000000002665 ) ;
#2770 = AXIS2_PLACEMENT_3D ( 'NONE', #5703, #8955, #6653 ) ;
#2771 = FACE_OUTER_BOUND ( 'NONE', #8225, .T. ) ;
#2772 = ORIENTED_EDGE ( 'NONE', *, *, #7058, .F. ) ;
#2773 = ORIENTED_EDGE ( 'NONE', *, *, #803, .T. ) ;
#2774 = CARTESIAN_POINT ( 'NONE',  ( 25.61929933295277451, 1.000000000000000000, 3.535656431951958556 ) ) ;
#2775 = CARTESIAN_POINT ( 'NONE',  ( -18.75196886656671680, 1.000000000000000000, 0.9773725912188430121 ) ) ;
#2776 = CARTESIAN_POINT ( 'NONE',  ( 23.35619069989797580, 3.000000000000003553, 2.715602495501221014 ) ) ;
#2777 = FACE_OUTER_BOUND ( 'NONE', #3094, .T. ) ;
#2778 = AXIS2_PLACEMENT_3D ( 'NONE', #358, #6841, #4240 ) ;
#2779 = VERTEX_POINT ( 'NONE', #1126 ) ;
#2780 = B_SPLINE_CURVE_WITH_KNOTS ( 'NONE', 3,
 ( #10507, #1678, #4118, #8217, #6621, #4224, #5026, #922, #5073, #975, #3215, #5769, #7425, #4068, #9018, #136, #2463 ),
 .UNSPECIFIED., .F., .F.,
 ( 4, 1, 1, 1, 1, 1, 1, 1, 1, 1, 1, 1, 1, 1, 4 ),
 ( 0.000000000000000000, 0.1262398501323558908, 0.2497792587054943059, 0.3104630011863722672, 0.3702723291363821390, 0.4297454927963625382, 0.4892255359431978423, 0.5480884185899599359, 0.6071594695723415702, 0.6661213238177599028, 0.7262258060637390988, 0.7885478093474028727, 0.8544827426704089124, 0.9243979171317566745, 1.000000000000000000 ),
 .UNSPECIFIED. ) ;
#2781 = CARTESIAN_POINT ( 'NONE',  ( 8.204919260810159543, 3.000000000000000444, 2.530629363991823588 ) ) ;
#2782 = ADVANCED_FACE ( 'NONE', ( #9903 ), #2766, .T. ) ;
#2783 = ORIENTED_EDGE ( 'NONE', *, *, #7896, .F. ) ;
#2784 = ORIENTED_EDGE ( 'NONE', *, *, #1726, .F. ) ;
#2785 = FACE_OUTER_BOUND ( 'NONE', #4436, .T. ) ;
#2786 = VECTOR ( 'NONE', #7428, 1000.000000000000000 ) ;
#2787 = CARTESIAN_POINT ( 'NONE',  ( 8.353335897871016158, 3.000000000000002220, 2.997250043292686517 ) ) ;
#2788 = VECTOR ( 'NONE', #2670, 1000.000000000000000 ) ;
#2789 = CARTESIAN_POINT ( 'NONE',  ( -9.262835248342902617, 3.000000000000000000, 3.337926324490566365 ) ) ;
#2790 = CARTESIAN_POINT ( 'NONE',  ( -10.88498312306244209, 3.000000000000000000, 3.573173923345490444 ) ) ;
#2791 = VERTEX_POINT ( 'NONE', #8410 ) ;
#2792 = CARTESIAN_POINT ( 'NONE',  ( 12.28462457845294864, 0.9999999999999995559, 3.520073768149426741 ) ) ;
#2793 = ORIENTED_EDGE ( 'NONE', *, *, #9273, .T. ) ;
#2794 = VECTOR ( 'NONE', #1439, 1000.000000000000000 ) ;
#2795 = CARTESIAN_POINT ( 'NONE',  ( -8.433956844907349648, 1.000000000000000000, 4.119596023893453030 ) ) ;
#2796 = VECTOR ( 'NONE', #2853, 1000.000000000000000 ) ;
#2797 = EDGE_CURVE ( 'NONE', #2219, #221, #2712, .T. ) ;
#2798 = DIRECTION ( 'NONE',  ( 0.000000000000000000, 0.000000000000000000, -1.000000000000000000 ) ) ;
#2799 = CARTESIAN_POINT ( 'NONE',  ( -9.956438059621044445, 1.000000000000000444, 4.982482595856053464 ) ) ;
#2800 = CARTESIAN_POINT ( 'NONE',  ( 25.83757187864366145, 1.000000000000000000, 4.452777858189640448 ) ) ;
#2801 = CARTESIAN_POINT ( 'NONE',  ( 44.49999999999999289, 0.000000000000000000, -13.50000000000000178 ) ) ;
#2802 = CARTESIAN_POINT ( 'NONE',  ( 12.61415764770014825, 1.000000000000000444, 0.8903709949060225615 ) ) ;
#2803 = LINE ( 'NONE', #5362, #6220 ) ;
#2804 = VECTOR ( 'NONE', #8660, 1000.000000000000000 ) ;
#2805 = CARTESIAN_POINT ( 'NONE',  ( 17.09383286865483598, 2.999999999999999556, 3.973295837340786285 ) ) ;
#2806 = VECTOR ( 'NONE', #6015, 1000.000000000000000 ) ;
#2807 = CARTESIAN_POINT ( 'NONE',  ( 7.835082541021258784, 1.000000000000000000, 2.891336480686500288 ) ) ;
#2808 = ORIENTED_EDGE ( 'NONE', *, *, #2683, .T. ) ;
#2809 = VERTEX_POINT ( 'NONE', #6763 ) ;
#2810 = CARTESIAN_POINT ( 'NONE',  ( -9.187552471655417108, 1.000000000000001776, 2.560143902878455169 ) ) ;
#2811 = CARTESIAN_POINT ( 'NONE',  ( 25.44599928915249265, 1.000000000000000000, 1.261617553192167618 ) ) ;
#2812 = EDGE_CURVE ( 'NONE', #10102, #3439, #8312, .T. ) ;
#2813 = LINE ( 'NONE', #8456, #9573 ) ;
#2814 = VECTOR ( 'NONE', #8484, 1000.000000000000000 ) ;
#2815 = DIRECTION ( 'NONE',  ( -0.3504818732153974215, 0.000000000000000000, -0.9365695150641120126 ) ) ;
#2816 = ORIENTED_EDGE ( 'NONE', *, *, #3798, .T. ) ;
#2817 = ORIENTED_EDGE ( 'NONE', *, *, #2192, .F. ) ;
#2818 = FACE_OUTER_BOUND ( 'NONE', #1482, .T. ) ;
#2819 = CARTESIAN_POINT ( 'NONE',  ( 14.09527460623957040, 1.000000000000000000, 0.8567078280890980668 ) ) ;
#2820 = CARTESIAN_POINT ( 'NONE',  ( -10.57855217314943452, 2.999999999999999556, 1.567115835985998906 ) ) ;
#2821 = PLANE ( 'NONE',  #2290 ) ;
#2822 = CARTESIAN_POINT ( 'NONE',  ( 24.06471137498595425, 1.000000000000000000, 0.8117920928198715247 ) ) ;
#2823 = VECTOR ( 'NONE', #4875, 1000.000000000000000 ) ;
#2824 = EDGE_CURVE ( 'NONE', #10344, #10235, #3410, .T. ) ;
#2825 = EDGE_CURVE ( 'NONE', #6454, #8842, #4163, .T. ) ;
#2826 = CARTESIAN_POINT ( 'NONE',  ( -12.94921431988692717, 1.000000000000000000, 0.5176030526561972156 ) ) ;
#2827 = CARTESIAN_POINT ( 'NONE',  ( -2.408707550180942736, 1.000000000000000000, 0.5176030526561972156 ) ) ;
#2828 = CARTESIAN_POINT ( 'NONE',  ( -8.379430978470766789, 1.000000000000000000, 3.764189325670674879 ) ) ;
#2829 = ORIENTED_EDGE ( 'NONE', *, *, #9012, .F. ) ;
#2830 = VERTEX_POINT ( 'NONE', #1870 ) ;
#2831 = CARTESIAN_POINT ( 'NONE',  ( 8.349921301639438909, 0.9999999999999995559, 0.8567078280890980668 ) ) ;
#2832 = DIRECTION ( 'NONE',  ( -0.000000000000000000, 1.000000000000000000, -0.000000000000000000 ) ) ;
#2833 = CARTESIAN_POINT ( 'NONE',  ( -18.64369425654886214, 1.000000000000000888, 1.077061802592360840 ) ) ;
#2834 = LINE ( 'NONE', #9175, #6549 ) ;
#2835 = CARTESIAN_POINT ( 'NONE',  ( -19.49179543371087675, 3.000000000000000000, 2.853385446503946099 ) ) ;
#2836 = ORIENTED_EDGE ( 'NONE', *, *, #7775, .T. ) ;
#2837 = CARTESIAN_POINT ( 'NONE',  ( 7.866288504040254814, 2.999999999999999556, 2.552113846982770884 ) ) ;
#2838 = DIRECTION ( 'NONE',  ( -0.000000000000000000, 1.000000000000000000, -0.000000000000000000 ) ) ;
#2839 = ORIENTED_EDGE ( 'NONE', *, *, #2344, .T. ) ;
#2840 = ORIENTED_EDGE ( 'NONE', *, *, #6522, .F. ) ;
#2841 = CARTESIAN_POINT ( 'NONE',  ( -11.22327313124426951, 2.999999999999998668, 1.528297453968157527 ) ) ;
#2842 = PLANE ( 'NONE',  #10128 ) ;
#2843 = LINE ( 'NONE', #5897, #5121 ) ;
#2844 = CARTESIAN_POINT ( 'NONE',  ( -29.50000000000000355, 1.500000000000000000, -13.24999999999999467 ) ) ;
#2845 = FACE_OUTER_BOUND ( 'NONE', #8432, .T. ) ;
#2846 = EDGE_LOOP ( 'NONE', ( #5961, #9590, #9172, #3641 ) ) ;
#2847 = CARTESIAN_POINT ( 'NONE',  ( 12.19902505168664852, 0.9999999999999995559, 2.975708101488673929 ) ) ;
#2848 = ORIENTED_EDGE ( 'NONE', *, *, #2616, .T. ) ;
#2849 = ORIENTED_EDGE ( 'NONE', *, *, #10201, .T. ) ;
#2850 = CARTESIAN_POINT ( 'NONE',  ( 25.52228287537541718, 3.000000000000001776, 0.6586402916686563414 ) ) ;
#2851 = LINE ( 'NONE', #463, #4682 ) ;
#2852 = LINE ( 'NONE', #7606, #290 ) ;
#2853 = DIRECTION ( 'NONE',  ( -0.000000000000000000, 1.000000000000000000, -0.000000000000000000 ) ) ;
#2854 = CARTESIAN_POINT ( 'NONE',  ( 18.46743018740698972, 1.000000000000000000, 0.8567078280890980668 ) ) ;
#2855 = PLANE ( 'NONE',  #3979 ) ;
#2856 = FACE_OUTER_BOUND ( 'NONE', #269, .T. ) ;
#2857 = EDGE_CURVE ( 'NONE', #5435, #856, #3464, .T. ) ;
#2858 = CARTESIAN_POINT ( 'NONE',  ( 19.76291639980298953, 1.000000000000000000, 4.530342895278852922 ) ) ;
#2859 = ORIENTED_EDGE ( 'NONE', *, *, #7450, .F. ) ;
#2860 = ORIENTED_EDGE ( 'NONE', *, *, #1335, .F. ) ;
#2861 = LINE ( 'NONE', #8564, #3753 ) ;
#2862 = DIRECTION ( 'NONE',  ( -0.000000000000000000, 0.000000000000000000, -1.000000000000000000 ) ) ;
#2863 = CARTESIAN_POINT ( 'NONE',  ( -19.30477960319574393, 3.000000000000000000, 1.704469766671348863 ) ) ;
#2864 = ORIENTED_EDGE ( 'NONE', *, *, #356, .F. ) ;
#2865 = CARTESIAN_POINT ( 'NONE',  ( 10.02601730104476374, 1.000000000000000000, 4.530342895278852922 ) ) ;
#2866 = CARTESIAN_POINT ( 'NONE',  ( 22.58266480330298975, 1.000000000000000444, 3.221198120507450025 ) ) ;
#2867 = CARTESIAN_POINT ( 'NONE',  ( -9.817822778822833385, 2.999999999999999112, 2.306069895633426903 ) ) ;
#2868 = LINE ( 'NONE', #378, #9605 ) ;
#2869 = CARTESIAN_POINT ( 'NONE',  ( -25.58881497293668161, 1.000000000000000000, 4.530342895278852922 ) ) ;
#2870 = EDGE_CURVE ( 'NONE', #6503, #6314, #226, .T. ) ;
#2871 = DIRECTION ( 'NONE',  ( -0.000000000000000000, 1.000000000000000000, -0.000000000000000000 ) ) ;
#2872 = CARTESIAN_POINT ( 'NONE',  ( -18.46206811866975528, 1.000000000000001332, 3.886163467671330807 ) ) ;
#2873 = CARTESIAN_POINT ( 'NONE',  ( 25.68340834195393896, 2.999999999999999556, 2.868444913451641654 ) ) ;
#2874 = ORIENTED_EDGE ( 'NONE', *, *, #6281, .F. ) ;
#2875 = EDGE_LOOP ( 'NONE', ( #551, #3862, #4282, #8973 ) ) ;
#2876 = EDGE_CURVE ( 'NONE', #6821, #8128, #1054, .T. ) ;
#2877 = CARTESIAN_POINT ( 'NONE',  ( -9.044908474118761532, 2.999999999999999556, 2.630140754397204184 ) ) ;
#2878 = LINE ( 'NONE', #7792, #7567 ) ;
#2879 = CARTESIAN_POINT ( 'NONE',  ( -10.65922810852822344, 2.999999999999999556, 0.6014391550767115291 ) ) ;
#2880 = CARTESIAN_POINT ( 'NONE',  ( -19.43568242541142510, 0.9999999999999995559, 2.318105955929530282 ) ) ;
#2881 = EDGE_CURVE ( 'NONE', #962, #2574, #9848, .T. ) ;
#2882 = VECTOR ( 'NONE', #9491, 1000.000000000000000 ) ;
#2883 = EDGE_CURVE ( 'NONE', #1345, #820, #8261, .T. ) ;
#2884 = ORIENTED_EDGE ( 'NONE', *, *, #7375, .F. ) ;
#2885 = CARTESIAN_POINT ( 'NONE',  ( -7.301000404082678585, 1.000000000000000000, 4.530342895278852922 ) ) ;
#2886 = VECTOR ( 'NONE', #5394, 1000.000000000000000 ) ;
#2887 = DIRECTION ( 'NONE',  ( -0.000000000000000000, 0.000000000000000000, -1.000000000000000000 ) ) ;
#2888 = ORIENTED_EDGE ( 'NONE', *, *, #7571, .F. ) ;
#2889 = VECTOR ( 'NONE', #6403, 1000.000000000000000 ) ;
#2890 = ORIENTED_EDGE ( 'NONE', *, *, #9534, .F. ) ;
#2891 = DIRECTION ( 'NONE',  ( -0.000000000000000000, 1.000000000000000000, -0.000000000000000000 ) ) ;
#2892 = CARTESIAN_POINT ( 'NONE',  ( 8.314796147015306005, 1.000000000000000888, 2.965537469886755595 ) ) ;
#2893 = CARTESIAN_POINT ( 'NONE',  ( 23.34935560057314063, 3.000000000000000000, 4.636509128341351982 ) ) ;
#2894 = ADVANCED_FACE ( 'NONE', ( #7467 ), #175, .T. ) ;
#2895 = CARTESIAN_POINT ( 'NONE',  ( -22.37703354520371590, 1.000000000000000000, 4.925965133283901842 ) ) ;
#2896 = VECTOR ( 'NONE', #63, 1000.000000000000000 ) ;
#2897 = CARTESIAN_POINT ( 'NONE',  ( 12.00390348671580654, 3.000000000000000444, 2.808880362128500341 ) ) ;
#2898 = AXIS2_PLACEMENT_3D ( 'NONE', #5892, #2690, #8235 ) ;
#2899 = ORIENTED_EDGE ( 'NONE', *, *, #2233, .T. ) ;
#2900 = LINE ( 'NONE', #353, #3910 ) ;
#2901 = VERTEX_POINT ( 'NONE', #1339 ) ;
#2902 = CARTESIAN_POINT ( 'NONE',  ( -8.538720075129671017, 1.000000000000000888, 4.353007122258223838 ) ) ;
#2903 = DIRECTION ( 'NONE',  ( -0.000000000000000000, 1.000000000000000000, -0.000000000000000000 ) ) ;
#2904 = VECTOR ( 'NONE', #6445, 1000.000000000000000 ) ;
#2905 = CARTESIAN_POINT ( 'NONE',  ( 8.385020610464170687, 0.9999999999999991118, 3.038221890810187897 ) ) ;
#2906 = CARTESIAN_POINT ( 'NONE',  ( 24.92422457763044719, 1.000000000000000444, 4.937430849396977628 ) ) ;
#2907 = PLANE ( 'NONE',  #4851 ) ;
#2908 = CARTESIAN_POINT ( 'NONE',  ( 12.94956732128303045, 1.000000000000000000, 1.077061802592360618 ) ) ;
#2909 = DIRECTION ( 'NONE',  ( -1.000000000000000000, 0.000000000000000000, 0.000000000000000000 ) ) ;
#2910 = CARTESIAN_POINT ( 'NONE',  ( 16.20615941164940565, 1.000000000000000444, 4.526044445132308525 ) ) ;
#2911 = DIRECTION ( 'NONE',  ( -0.000000000000000000, 0.000000000000000000, -1.000000000000000000 ) ) ;
#2912 = VERTEX_POINT ( 'NONE', #7782 ) ;
#2913 = VERTEX_POINT ( 'NONE', #7675 ) ;
#2914 = CARTESIAN_POINT ( 'NONE',  ( 24.67105980181035818, 1.000000000000000444, 0.7478817493573469699 ) ) ;
#2915 = LINE ( 'NONE', #1277, #8550 ) ;
#2916 = CARTESIAN_POINT ( 'NONE',  ( -3.849902845770769133, 1.000000000000000000, 0.8567078280890980668 ) ) ;
#2917 = EDGE_CURVE ( 'NONE', #5071, #6259, #480, .T. ) ;
#2918 = ORIENTED_EDGE ( 'NONE', *, *, #2097, .T. ) ;
#2919 = CARTESIAN_POINT ( 'NONE',  ( -9.077059035404516862, 2.999999999999999556, 1.130696827639742663 ) ) ;
#2920 = CARTESIAN_POINT ( 'NONE',  ( 22.62500528370865283, 1.000000000000000888, 3.448564464744350744 ) ) ;
#2921 = CARTESIAN_POINT ( 'NONE',  ( -9.438578756603153153, 1.000000000000000888, 0.8062166138689065287 ) ) ;
#2922 = CARTESIAN_POINT ( 'NONE',  ( 11.35152841543222202, 1.000000000000000000, 2.439196780109299301 ) ) ;
#2923 = LINE ( 'NONE', #3831, #9531 ) ;
#2924 = CARTESIAN_POINT ( 'NONE',  ( -47.50000000000000711, 0.000000000000000000, -16.50000000000000000 ) ) ;
#2925 = LINE ( 'NONE', #7194, #1393 ) ;
#2926 = DIRECTION ( 'NONE',  ( -0.000000000000000000, 1.000000000000000000, -0.000000000000000000 ) ) ;
#2927 = ADVANCED_FACE ( 'NONE', ( #7022 ), #2821, .T. ) ;
#2928 = ORIENTED_EDGE ( 'NONE', *, *, #8448, .F. ) ;
#2929 = ORIENTED_EDGE ( 'NONE', *, *, #5567, .F. ) ;
#2930 = CARTESIAN_POINT ( 'NONE',  ( 8.964914330331462011, 0.9999999999999995559, 0.9431588549970280067 ) ) ;
#2931 = DIRECTION ( 'NONE',  ( 1.000000000000000000, 0.000000000000000000, 0.000000000000000000 ) ) ;
#2932 = DIRECTION ( 'NONE',  ( -1.000000000000000000, 0.000000000000000000, 0.000000000000000000 ) ) ;
#2933 = CARTESIAN_POINT ( 'NONE',  ( -19.50694160505050689, 1.000000000000000444, 2.381727230399813600 ) ) ;
#2934 = ADVANCED_FACE ( 'NONE', ( #2979 ), #6921, .T. ) ;
#2935 = AXIS2_PLACEMENT_3D ( 'NONE', #271, #1965, #5110 ) ;
#2936 = CALENDAR_DATE ( 2026, 19, 8 ) ;
#2937 = DIRECTION ( 'NONE',  ( 0.000000000000000000, 1.000000000000000000, 0.000000000000000000 ) ) ;
#2938 = LINE ( 'NONE', #6885, #8493 ) ;
#2939 = ADVANCED_FACE ( 'NONE', ( #5221 ), #10219, .T. ) ;
#2940 = ORIENTED_EDGE ( 'NONE', *, *, #6736, .T. ) ;
#2941 = EDGE_CURVE ( 'NONE', #3494, #5587, #3032, .T. ) ;
#2942 = VERTEX_POINT ( 'NONE', #1230 ) ;
#2943 = CARTESIAN_POINT ( 'NONE',  ( -10.54106040243585518, 1.000000000000000444, 0.5421522088346251156 ) ) ;
#2944 = CARTESIAN_POINT ( 'NONE',  ( 20.50294192535707793, 1.000000000000000000, 0.5176030526561972156 ) ) ;
#2945 = CARTESIAN_POINT ( 'NONE',  ( 22.58266480330298975, 3.000000000000000888, 3.221198120507450025 ) ) ;
#2946 = LINE ( 'NONE', #3695, #4320 ) ;
#2947 = LINE ( 'NONE', #401, #7739 ) ;
#2948 = ORIENTED_EDGE ( 'NONE', *, *, #5879, .T. ) ;
#2949 = EDGE_CURVE ( 'NONE', #7053, #7098, #9421, .T. ) ;
#2950 = CARTESIAN_POINT ( 'NONE',  ( -9.053924829172020239, 3.000000000000000000, 3.882158246404506130 ) ) ;
#2951 = EDGE_LOOP ( 'NONE', ( #6359, #1982, #9289, #1780 ) ) ;
#2952 = CARTESIAN_POINT ( 'NONE',  ( 25.56346950632910975, 1.000000000000000888, 1.571775080233409616 ) ) ;
#2953 = CARTESIAN_POINT ( 'NONE',  ( -8.378364534364289185, 1.000000000000000000, 3.717021285451505008 ) ) ;
#2954 = EDGE_CURVE ( 'NONE', #6401, #10078, #8680, .T. ) ;
#2955 = EDGE_CURVE ( 'NONE', #2729, #4545, #432, .T. ) ;
#2956 = ORIENTED_EDGE ( 'NONE', *, *, #2311, .F. ) ;
#2957 = CARTESIAN_POINT ( 'NONE',  ( 24.52716187756471200, 3.000000000000000000, 0.4045681275118969689 ) ) ;
#2958 = VECTOR ( 'NONE', #5524, 1000.000000000000000 ) ;
#2959 = CARTESIAN_POINT ( 'NONE',  ( -8.547916922080741386, 1.000000000000000000, 1.760987229243498708 ) ) ;
#2960 = CARTESIAN_POINT ( 'NONE',  ( 13.17509966873675076, 1.000000000000000000, 1.817504691815648776 ) ) ;
#2961 = LINE ( 'NONE', #7065, #509 ) ;
#2962 = DIRECTION ( 'NONE',  ( -1.000000000000000000, 0.000000000000000000, 0.000000000000000000 ) ) ;
#2963 = CARTESIAN_POINT ( 'NONE',  ( -18.36734889846249885, 3.000000000000000444, 3.432891603450508811 ) ) ;
#2964 = CARTESIAN_POINT ( 'NONE',  ( 0.000000000000000000, 1.000000000000000000, 0.000000000000000000 ) ) ;
#2965 = ORIENTED_EDGE ( 'NONE', *, *, #1785, .T. ) ;
#2966 = AXIS2_PLACEMENT_3D ( 'NONE', #2964, #8558, #7713 ) ;
#2967 = AXIS2_PLACEMENT_3D ( 'NONE', #9486, #3839, #2931 ) ;
#2968 = ORIENTED_EDGE ( 'NONE', *, *, #5291, .T. ) ;
#2969 = CARTESIAN_POINT ( 'NONE',  ( -8.401112170930957745, 1.000000000000000444, 3.436494865115138353 ) ) ;
#2970 = CARTESIAN_POINT ( 'NONE',  ( 44.49999999999999289, 0.000000000000000000, -16.50000000000000000 ) ) ;
#2971 = CARTESIAN_POINT ( 'NONE',  ( -11.22719788214172887, 1.000000000000000000, 1.663847840447616022 ) ) ;
#2972 = CARTESIAN_POINT ( 'NONE',  ( -8.309483876854480755, 1.000000000000000000, 4.530342895278852922 ) ) ;
#2973 = ORIENTED_EDGE ( 'NONE', *, *, #1800, .T. ) ;
#2974 = VECTOR ( 'NONE', #8639, 1000.000000000000000 ) ;
#2975 = CARTESIAN_POINT ( 'NONE',  ( 17.23552612040466059, 1.000000000000000000, 3.286958718691550541 ) ) ;
#2976 = DIRECTION ( 'NONE',  ( -0.000000000000000000, 0.000000000000000000, -1.000000000000000000 ) ) ;
#2977 = AXIS2_PLACEMENT_3D ( 'NONE', #8583, #2187, #4539 ) ;
#2978 = DIRECTION ( 'NONE',  ( -0.000000000000000000, -0.000000000000000000, -1.000000000000000000 ) ) ;
#2979 = FACE_OUTER_BOUND ( 'NONE', #3352, .T. ) ;
#2980 = CARTESIAN_POINT ( 'NONE',  ( -3.826059541248139961, 1.000000000000000000, 4.869447670711752885 ) ) ;
#2981 = EDGE_CURVE ( 'NONE', #9253, #6935, #2868, .T. ) ;
#2982 = VECTOR ( 'NONE', #7653, 1000.000000000000000 ) ;
#2983 = CARTESIAN_POINT ( 'NONE',  ( 11.35152841543222202, 1.000000000000000000, 2.439196780109299301 ) ) ;
#2984 = VECTOR ( 'NONE', #6631, 1000.000000000000000 ) ;
#2985 = DIRECTION ( 'NONE',  ( -1.000000000000000000, 0.000000000000000000, 0.000000000000000000 ) ) ;
#2986 = DIRECTION ( 'NONE',  ( 1.000000000000000000, 0.000000000000000000, 0.000000000000000000 ) ) ;
#2987 = CARTESIAN_POINT ( 'NONE',  ( 25.61929933295277451, 3.000000000000000000, 3.535656431951958556 ) ) ;
#2988 = VERTEX_POINT ( 'NONE', #10267 ) ;
#2989 = ORIENTED_EDGE ( 'NONE', *, *, #356, .T. ) ;
#2990 = PLANE ( 'NONE',  #1281 ) ;
#2991 = CARTESIAN_POINT ( 'NONE',  ( -3.264417256937402367, 1.000000000000000000, 0.8567078280890980668 ) ) ;
#2992 = VECTOR ( 'NONE', #5137, 1000.000000000000000 ) ;
#2993 = CARTESIAN_POINT ( 'NONE',  ( 12.66202707882395018, 3.000000000000000000, 1.704469766671348863 ) ) ;
#2994 = CARTESIAN_POINT ( 'NONE',  ( -24.73310526618022109, 1.000000000000000000, 0.5176030526561972156 ) ) ;
#2995 = EDGE_CURVE ( 'NONE', #10477, #4323, #5380, .T. ) ;
#2996 = PERSON_AND_ORGANIZATION ( #1315, #746 ) ;
#2997 = CARTESIAN_POINT ( 'NONE',  ( 8.009068049376359966, 3.000000000000000000, 2.548882372620766557 ) ) ;
#2998 = VECTOR ( 'NONE', #4390, 1000.000000000000000 ) ;
#2999 = LINE ( 'NONE', #4597, #2032 ) ;
#3000 = ORIENTED_EDGE ( 'NONE', *, *, #1139, .T. ) ;
#3001 = ORIENTED_EDGE ( 'NONE', *, *, #431, .T. ) ;
#3002 = CARTESIAN_POINT ( 'NONE',  ( 23.35767204774794692, 3.000000000000002220, 2.516252528697489943 ) ) ;
#3003 = CARTESIAN_POINT ( 'NONE',  ( 22.62500528370865283, 3.000000000000001332, 3.448564464744350744 ) ) ;
#3004 = CARTESIAN_POINT ( 'NONE',  ( -10.58077940397276429, 0.9999999999999995559, 1.464270550739710908 ) ) ;
#3005 = EDGE_CURVE ( 'NONE', #877, #3607, #4578, .T. ) ;
#3006 = CARTESIAN_POINT ( 'NONE',  ( -10.66152868048349589, 0.9999999999999991118, 4.295204135835745340 ) ) ;
#3007 = VERTEX_POINT ( 'NONE', #7828 ) ;
#3008 = DIRECTION ( 'NONE',  ( -0.000000000000000000, 1.000000000000000000, -0.000000000000000000 ) ) ;
#3009 = VERTEX_POINT ( 'NONE', #5270 ) ;
#3010 = CARTESIAN_POINT ( 'NONE',  ( -8.790763508416727490, 3.000000000000000000, 4.642748277372645838 ) ) ;
#3011 = ORIENTED_EDGE ( 'NONE', *, *, #10509, .T. ) ;
#3012 = CARTESIAN_POINT ( 'NONE',  ( 17.23552612040466059, 1.000000000000000000, 3.286958718691550541 ) ) ;
#3013 = CYLINDRICAL_SURFACE ( 'NONE', #939, 3.000000000000002665 ) ;
#3014 = CARTESIAN_POINT ( 'NONE',  ( 12.25017359323966026, 1.000000000000000444, 2.068887076129902525 ) ) ;
#3015 = FACE_OUTER_BOUND ( 'NONE', #7544, .T. ) ;
#3016 = DIRECTION ( 'NONE',  ( 0.000000000000000000, 0.000000000000000000, -1.000000000000000000 ) ) ;
#3017 = DIRECTION ( 'NONE',  ( -0.000000000000000000, 1.000000000000000000, -0.000000000000000000 ) ) ;
#3018 = CARTESIAN_POINT ( 'NONE',  ( 16.03188613707180465, 1.000000000000000444, 4.530302022799554074 ) ) ;
#3019 = EDGE_CURVE ( 'NONE', #8923, #7106, #3778, .T. ) ;
#3020 = CARTESIAN_POINT ( 'NONE',  ( 9.731949878599046144, 1.000000000000000000, 1.874022154387798844 ) ) ;
#3021 = EDGE_CURVE ( 'NONE', #5978, #10137, #6233, .T. ) ;
#3022 = ORIENTED_EDGE ( 'NONE', *, *, #3530, .T. ) ;
#3023 = ORIENTED_EDGE ( 'NONE', *, *, #1341, .T. ) ;
#3024 = CARTESIAN_POINT ( 'NONE',  ( -8.379374311563958955, 1.000000000000000000, 3.667791648933866444 ) ) ;
#3025 = CARTESIAN_POINT ( 'NONE',  ( 25.17658983925884186, 0.9999999999999995559, 0.9318541291256466907 ) ) ;
#3026 = CARTESIAN_POINT ( 'NONE',  ( -4.424791410371853750, 1.000000000000000000, 4.530342895278852922 ) ) ;
#3027 = CARTESIAN_POINT ( 'NONE',  ( -2.305386563916230980, 3.000000000000000000, 4.869447670711752885 ) ) ;
#3028 = PLANE ( 'NONE',  #1191 ) ;
#3029 = CARTESIAN_POINT ( 'NONE',  ( 11.71336339229125656, 3.000000000000000000, 2.778202476418800249 ) ) ;
#3030 = CARTESIAN_POINT ( 'NONE',  ( -19.88111507939487765, 0.9999999999999995559, 2.438861982513799820 ) ) ;
#3031 = CARTESIAN_POINT ( 'NONE',  ( -9.662888327093858365, 1.000000000000000444, 0.7491281333703071477 ) ) ;
#3032 = LINE ( 'NONE', #2922, #8246 ) ;
#3033 = CARTESIAN_POINT ( 'NONE',  ( 24.35331087910834569, 0.9999999999999995559, 0.7483367397997449100 ) ) ;
#3034 = CARTESIAN_POINT ( 'NONE',  ( -19.87989818554063604, 3.000000000000000000, 2.778202476418800249 ) ) ;
#3035 = CARTESIAN_POINT ( 'NONE',  ( -0.4305963601556900833, 1.000000000000000000, 4.925965133283901842 ) ) ;
#3036 = FACE_OUTER_BOUND ( 'NONE', #10277, .T. ) ;
#3037 = CARTESIAN_POINT ( 'NONE',  ( -8.609452922981921219, 1.000000000000000000, 4.458246214461565771 ) ) ;
#3038 = ORIENTED_EDGE ( 'NONE', *, *, #7714, .F. ) ;
#3039 = B_SPLINE_CURVE_WITH_KNOTS ( 'NONE', 3,
 ( #857, #1510, #8904, #10496, #4108, #7360, #9697, #9218, #6760, #7620, #278, #3460, #124, #9955, #5806, #5759, #5062, #2659, #322 ),
 .UNSPECIFIED., .F., .F.,
 ( 4, 1, 1, 1, 1, 1, 1, 1, 1, 1, 1, 1, 1, 1, 1, 1, 4 ),
 ( 0.000000000000000000, 0.07791803754900959722, 0.1477819428553877878, 0.2088613280378986692, 0.2627656036688398311, 0.3104981514429711043, 0.3537346847223599711, 0.3935221823351585657, 0.4314606622208669862, 0.4704733829520762467, 0.5151238492254702761, 0.5641573409487250501, 0.6206409926532202581, 0.6892878810657775412, 0.7748470262240771955, 0.8783420368318625160, 1.000000000000000000 ),
 .UNSPECIFIED. ) ;
#3040 = PLANE ( 'NONE',  #1947 ) ;
#3041 = DIRECTION ( 'NONE',  ( -1.000000000000000000, 0.000000000000000000, 0.000000000000000000 ) ) ;
#3042 = CARTESIAN_POINT ( 'NONE',  ( 8.887419442836694827, 3.000000000000000000, 0.9138588979055430883 ) ) ;
#3043 = CARTESIAN_POINT ( 'NONE',  ( 23.47884525686108859, 3.000000000000003553, 3.833050282060540326 ) ) ;
#3044 = CARTESIAN_POINT ( 'NONE',  ( 2.617814277329656658, 1.000000000000000000, 3.682580956696600794 ) ) ;
#3045 = ORIENTED_EDGE ( 'NONE', *, *, #9729, .F. ) ;
#3046 = VERTEX_POINT ( 'NONE', #4632 ) ;
#3047 = ADVANCED_FACE ( 'NONE', ( #10110 ), #8516, .T. ) ;
#3048 = VECTOR ( 'NONE', #7796, 1000.000000000000000 ) ;
#3049 = CARTESIAN_POINT ( 'NONE',  ( 23.56250174575686884, 3.000000000000001776, 1.350426277338754533 ) ) ;
#3050 = CARTESIAN_POINT ( 'NONE',  ( -8.379430978470766789, 3.000000000000000000, 3.764189325670674879 ) ) ;
#3051 = CARTESIAN_POINT ( 'NONE',  ( -10.55308854331909174, 2.999999999999999556, 1.217005621111833413 ) ) ;
#3052 = CARTESIAN_POINT ( 'NONE',  ( -10.84367253380018425, 1.000000000000001332, 3.846893358847731648 ) ) ;
#3053 = ORIENTED_EDGE ( 'NONE', *, *, #5486, .F. ) ;
#3054 = VECTOR ( 'NONE', #4628, 1000.000000000000000 ) ;
#3055 = CARTESIAN_POINT ( 'NONE',  ( 13.15540869418238579, 3.000000000000000000, 3.793105207036271853 ) ) ;
#3056 = ORIENTED_EDGE ( 'NONE', *, *, #7636, .F. ) ;
#3057 = AXIS2_PLACEMENT_3D ( 'NONE', #8800, #9589, #6346 ) ;
#3058 = CARTESIAN_POINT ( 'NONE',  ( 25.17658983925884186, 0.9999999999999995559, 0.9318541291256466907 ) ) ;
#3059 = CARTESIAN_POINT ( 'NONE',  ( 17.88194459857362162, 3.000000000000000000, 4.530342895278852922 ) ) ;
#3060 = B_SPLINE_SURFACE_WITH_KNOTS ( 'NONE', 3, 1, ( 
 ( #5792, #3448 ),
 ( #6693, #9151 ),
 ( #9098, #3502 ),
 ( #8191, #9887 ),
 ( #5899, #6750 ),
 ( #5948, #9942 ),
 ( #5151, #4146 ),
 ( #1855, #9044 ),
 ( #3346, #5102 ),
 ( #8392, #3548 ),
 ( #1109, #4354 ),
 ( #7609, #4999 ),
 ( #8245, #6797 ),
 ( #2751, #5997 ),
 ( #6598, #952 ),
 ( #4200, #4247 ),
 ( #2648, #7452 ),
 ( #2591, #3391 ),
 ( #158, #6646 ),
 ( #5843, #1808 ),
 ( #212, #2963 ),
 ( #5415, #4402 ),
 ( #1268, #1325 ) ),
 .UNSPECIFIED., .F., .F., .F.,
 ( 4, 1, 1, 1, 1, 1, 1, 1, 1, 1, 1, 1, 1, 1, 1, 1, 1, 1, 1, 1, 4 ),
 ( 2, 2 ),
 ( 0.000000000000000000, 0.05445261980399006274, 0.1046118189577475294, 0.1504930484045242101, 0.1925539255659346471, 0.2682209170454575298, 0.3356543270214834007, 0.3969297891821625401, 0.4537143701204078283, 0.4824450359937572097, 0.5129567874581103526, 0.5452063008310508163, 0.5794226517806947419, 0.6167630159873341844, 0.6569738746896480741, 0.6998983615773639588, 0.7463318727924305174, 0.7981268172847219011, 0.8580462552437457813, 0.9251868521988153571, 1.000000000000000000 ),
 ( 0.000000000000000000, 1.000000000000000000 ),
 .UNSPECIFIED. ) ;
#3061 = ORIENTED_EDGE ( 'NONE', *, *, #10095, .F. ) ;
#3062 = LINE ( 'NONE', #48, #3294 ) ;
#3063 = DIRECTION ( 'NONE',  ( -0.000000000000000000, 0.000000000000000000, -1.000000000000000000 ) ) ;
#3064 = EDGE_CURVE ( 'NONE', #221, #4084, #7080, .T. ) ;
#3065 = CARTESIAN_POINT ( 'NONE',  ( -11.06275367289554090, 3.000000000000000444, 4.812698568537673083 ) ) ;
#3066 = DIRECTION ( 'NONE',  ( 1.000000000000000000, 0.000000000000000000, 0.000000000000000000 ) ) ;
#3067 = VECTOR ( 'NONE', #7829, 1000.000000000000000 ) ;
#3068 = FACE_OUTER_BOUND ( 'NONE', #5304, .T. ) ;
#3069 = CARTESIAN_POINT ( 'NONE',  ( 13.61575925972898382, 1.000000000000000000, 3.286958718691550541 ) ) ;
#3070 = DIRECTION ( 'NONE',  ( -0.000000000000000000, 0.000000000000000000, -1.000000000000000000 ) ) ;
#3071 = CARTESIAN_POINT ( 'NONE',  ( 13.47976411541474739, 1.000000000000000000, 0.5176030526561972156 ) ) ;
#3072 = ORIENTED_EDGE ( 'NONE', *, *, #6914, .F. ) ;
#3073 = ORIENTED_EDGE ( 'NONE', *, *, #5350, .F. ) ;
#3074 = EDGE_CURVE ( 'NONE', #9773, #2035, #1974, .T. ) ;
#3075 = FACE_OUTER_BOUND ( 'NONE', #2256, .T. ) ;
#3076 = VECTOR ( 'NONE', #7415, 1000.000000000000000 ) ;
#3077 = VECTOR ( 'NONE', #5801, 1000.000000000000000 ) ;
#3078 = LINE ( 'NONE', #8786, #4133 ) ;
#3079 = FACE_OUTER_BOUND ( 'NONE', #1145, .T. ) ;
#3080 = EDGE_CURVE ( 'NONE', #9645, #3355, #691, .T. ) ;
#3081 = DIRECTION ( 'NONE',  ( 1.000000000000000000, 0.000000000000000000, 0.000000000000000000 ) ) ;
#3082 = EDGE_CURVE ( 'NONE', #3912, #5435, #5596, .T. ) ;
#3083 = CARTESIAN_POINT ( 'NONE',  ( 11.79901850193126478, 3.000000000000000444, 2.783228766418659461 ) ) ;
#3084 = CARTESIAN_POINT ( 'NONE',  ( -21.56724427678712885, 3.000000000000000000, 0.8567078280890980668 ) ) ;
#3085 = DIRECTION ( 'NONE',  ( 0.000000000000000000, 1.000000000000000000, 0.000000000000000000 ) ) ;
#3086 = CARTESIAN_POINT ( 'NONE',  ( 23.59857442565744634, 3.000000000000000000, 4.145586935131274409 ) ) ;
#3087 = CARTESIAN_POINT ( 'NONE',  ( 13.24839575301000849, 3.000000000000000000, 3.286958718691550541 ) ) ;
#3088 = AXIS2_PLACEMENT_3D ( 'NONE', #4277, #2726, #3426 ) ;
#3089 = DIRECTION ( 'NONE',  ( 1.000000000000000000, 0.000000000000000000, 0.000000000000000000 ) ) ;
#3090 = EDGE_LOOP ( 'NONE', ( #139, #8125, #374, #1946 ) ) ;
#3091 = EDGE_CURVE ( 'NONE', #5001, #1592, #7286, .T. ) ;
#3092 = CARTESIAN_POINT ( 'NONE',  ( -10.89162544811958888, 1.000000000000000000, 3.513028568980150812 ) ) ;
#3093 = CARTESIAN_POINT ( 'NONE',  ( 13.24839575301000849, 1.000000000000000000, 3.286958718691550541 ) ) ;
#3094 = EDGE_LOOP ( 'NONE', ( #10329, #3053, #8669, #7670 ) ) ;
#3095 = CARTESIAN_POINT ( 'NONE',  ( -9.918465389455381143, 3.000000000000000444, 4.643377820423152613 ) ) ;
#3096 = EDGE_LOOP ( 'NONE', ( #2145, #3107, #181, #663 ) ) ;
#3097 = ORIENTED_EDGE ( 'NONE', *, *, #10151, .T. ) ;
#3098 = EDGE_CURVE ( 'NONE', #4766, #612, #6446, .T. ) ;
#3099 = LINE ( 'NONE', #6350, #5528 ) ;
#3100 = CARTESIAN_POINT ( 'NONE',  ( -8.585006506893714473, 1.000000000000000000, 0.6271056363897379304 ) ) ;
#3101 = DIRECTION ( 'NONE',  ( 0.000000000000000000, 0.000000000000000000, 1.000000000000000000 ) ) ;
#3102 = CARTESIAN_POINT ( 'NONE',  ( 23.80327416303232724, 1.000000000000000444, 4.421595419360409451 ) ) ;
#3103 = COORDINATED_UNIVERSAL_TIME_OFFSET ( 3, 0, .BEHIND. ) ;
#3104 = CARTESIAN_POINT ( 'NONE',  ( -9.524142129429215231, 2.999999999999999112, 2.419929085802563939 ) ) ;
#3105 = CARTESIAN_POINT ( 'NONE',  ( -5.852740425671333568, 3.000000000000000000, 0.5176030526561972156 ) ) ;
#3106 = VERTEX_POINT ( 'NONE', #7936 ) ;
#3107 = ORIENTED_EDGE ( 'NONE', *, *, #815, .F. ) ;
#3108 = CARTESIAN_POINT ( 'NONE',  ( 23.36519253361190351, 3.000000000000001776, 2.326525803422627270 ) ) ;
#3109 = CARTESIAN_POINT ( 'NONE',  ( 22.84844005488908891, 2.999999999999999556, 4.049741033959676884 ) ) ;
#3110 = CARTESIAN_POINT ( 'NONE',  ( -10.42991468960735268, 3.000000000000000444, 0.9673937377300132479 ) ) ;
#3111 = CIRCLE ( 'NONE', #4301, 2.999999999999999112 ) ;
#3112 = CARTESIAN_POINT ( 'NONE',  ( -10.09429808773728254, 3.000000000000000000, 4.632897637755710285 ) ) ;
#3113 = ORIENTED_EDGE ( 'NONE', *, *, #7761, .F. ) ;
#3114 = EDGE_CURVE ( 'NONE', #4909, #3145, #10428, .T. ) ;
#3115 = ORIENTED_EDGE ( 'NONE', *, *, #6514, .F. ) ;
#3116 = DIRECTION ( 'NONE',  ( 0.000000000000000000, 0.000000000000000000, 1.000000000000000000 ) ) ;
#3117 = EDGE_LOOP ( 'NONE', ( #7198, #2241, #3198, #5564 ) ) ;
#3118 = VERTEX_POINT ( 'NONE', #8894 ) ;
#3119 = DIRECTION ( 'NONE',  ( -0.000000000000000000, 0.000000000000000000, -1.000000000000000000 ) ) ;
#3120 = LOCAL_TIME ( 10, 19, 55.00000000000000000, #3103 ) ;
#3121 = CARTESIAN_POINT ( 'NONE',  ( -10.59037670148716792, 2.999999999999999556, 2.725686100971175474 ) ) ;
#3122 = PERSON_AND_ORGANIZATION ( #1315, #746 ) ;
#3123 = CARTESIAN_POINT ( 'NONE',  ( 12.27830576285648689, 0.9999999999999995559, 1.842985950414045115 ) ) ;
#3124 = LINE ( 'NONE', #3181, #5348 ) ;
#3125 = LINE ( 'NONE', #4669, #1019 ) ;
#3126 = CARTESIAN_POINT ( 'NONE',  ( -13.84024744075097857, 3.000000000000000000, 4.925965133283901842 ) ) ;
#3127 = LINE ( 'NONE', #5585, #5108 ) ;
#3128 = CARTESIAN_POINT ( 'NONE',  ( 2.617814277329656658, 3.000000000000000000, 3.117406330975100115 ) ) ;
#3129 = ORIENTED_EDGE ( 'NONE', *, *, #754, .T. ) ;
#3130 = EDGE_CURVE ( 'NONE', #8924, #5259, #8097, .T. ) ;
#3131 = VERTEX_POINT ( 'NONE', #7987 ) ;
#3132 = FACE_BOUND ( 'NONE', #7109, .T. ) ;
#3133 = LINE ( 'NONE', #6389, #8725 ) ;
#3134 = CARTESIAN_POINT ( 'NONE',  ( 12.51884066499095027, 3.000000000000000888, 0.8743308374192215737 ) ) ;
#3135 = LINE ( 'NONE', #1387, #3054 ) ;
#3136 = CARTESIAN_POINT ( 'NONE',  ( -9.466461459343003426, 1.000000000000000000, 3.191820009055648111 ) ) ;
#3137 = FACE_BOUND ( 'NONE', #8982, .T. ) ;
#3138 = LINE ( 'NONE', #5841, #1721 ) ;
#3139 = CARTESIAN_POINT ( 'NONE',  ( 23.41873886537875293, 2.999999999999999556, 3.572865961964251547 ) ) ;
#3140 = VECTOR ( 'NONE', #6773, 1000.000000000000000 ) ;
#3141 = PLANE ( 'NONE',  #2047 ) ;
#3142 = VECTOR ( 'NONE', #5309, 1000.000000000000000 ) ;
#3143 = DIRECTION ( 'NONE',  ( -1.000000000000000000, 0.000000000000000000, 0.000000000000000000 ) ) ;
#3144 = EDGE_CURVE ( 'NONE', #1452, #3948, #1500, .T. ) ;
#3145 = VERTEX_POINT ( 'NONE', #4899 ) ;
#3146 = CARTESIAN_POINT ( 'NONE',  ( 25.34506955612654622, 2.999999999999999556, 0.5678434014606147384 ) ) ;
#3147 = CARTESIAN_POINT ( 'NONE',  ( -8.309483876854480755, 3.000000000000000000, 4.530342895278852922 ) ) ;
#3148 = VECTOR ( 'NONE', #1690, 1000.000000000000000 ) ;
#3149 = VECTOR ( 'NONE', #8948, 1000.000000000000000 ) ;
#3150 = DIRECTION ( 'NONE',  ( 0.000000000000000000, 1.000000000000000000, 0.000000000000000000 ) ) ;
#3151 = VERTEX_POINT ( 'NONE', #4046 ) ;
#3152 = CARTESIAN_POINT ( 'NONE',  ( -10.12359230069153071, 0.9999999999999991118, 0.4254863007247368101 ) ) ;
#3153 = CARTESIAN_POINT ( 'NONE',  ( -15.29645518733653375, 1.000000000000000000, 0.8567078280890980668 ) ) ;
#3154 = DIRECTION ( 'NONE',  ( 0.000000000000000000, -1.000000000000000000, 0.000000000000000000 ) ) ;
#3155 = CARTESIAN_POINT ( 'NONE',  ( -18.41816190909514006, 1.000000000000000000, 1.817504691815648776 ) ) ;
#3156 = CARTESIAN_POINT ( 'NONE',  ( 11.65295909506090233, 1.000000000000000000, 2.439081198479338131 ) ) ;
#3157 = EDGE_CURVE ( 'NONE', #5153, #9022, #14, .T. ) ;
#3158 = CIRCLE ( 'NONE', #4343, 1.749999999999999778 ) ;
#3159 = VECTOR ( 'NONE', #6324, 1000.000000000000000 ) ;
#3160 = B_SPLINE_SURFACE_WITH_KNOTS ( 'NONE', 3, 1, ( 
 ( #9392, #8597 ),
 ( #1309, #501 ),
 ( #2253, #3749 ),
 ( #3216, #3319 ),
 ( #6519, #2357 ),
 ( #38, #3268 ),
 ( #822, #8916 ),
 ( #2464, #8013 ),
 ( #84, #5721 ),
 ( #9019, #137 ),
 ( #8971, #4923 ),
 ( #3959, #6468 ),
 ( #4819, #1679 ),
 ( #8167, #874 ),
 ( #4119, #4069 ),
 ( #6574, #7370 ),
 ( #9711, #1629 ),
 ( #9809, #1728 ),
 ( #2513, #2569 ) ),
 .UNSPECIFIED., .F., .F., .F.,
 ( 4, 1, 1, 1, 1, 1, 1, 1, 1, 1, 1, 1, 1, 1, 1, 1, 4 ),
 ( 2, 2 ),
 ( 0.000000000000000000, 0.1002760215511163261, 0.1884173823291731276, 0.2639066777309093670, 0.3275923252930547092, 0.3832639486679156327, 0.4346089592192474704, 0.4826166254080098139, 0.5272728830494990415, 0.5714626396067599146, 0.6177593964000199778, 0.6673713462046220180, 0.7206851317115922084, 0.7797222101619644130, 0.8458816698827497094, 0.9189213191149459004, 1.000000000000000000 ),
 ( 0.000000000000000000, 1.000000000000000000 ),
 .UNSPECIFIED. ) ;
#3161 = EDGE_CURVE ( 'NONE', #9469, #3315, #3706, .T. ) ;
#3162 = CARTESIAN_POINT ( 'NONE',  ( -8.585006506893714473, 1.000000000000000000, 0.6271056363897379304 ) ) ;
#3163 = EDGE_LOOP ( 'NONE', ( #3061, #10246, #5240 ) ) ;
#3164 = ORIENTED_EDGE ( 'NONE', *, *, #1988, .T. ) ;
#3165 = VECTOR ( 'NONE', #499, 1000.000000000000000 ) ;
#3166 = CARTESIAN_POINT ( 'NONE',  ( -13.92943906137265309, 1.000000000000000000, 0.8567078280890980668 ) ) ;
#3167 = CARTESIAN_POINT ( 'NONE',  ( -18.59810699728395633, 3.000000000000000000, 1.140584045370328203 ) ) ;
#3168 = ADVANCED_FACE ( 'NONE', ( #6749 ), #8991, .T. ) ;
#3169 = LINE ( 'NONE', #5618, #925 ) ;
#3170 = DIRECTION ( 'NONE',  ( -0.000000000000000000, 1.000000000000000000, -0.000000000000000000 ) ) ;
#3171 = ORIENTED_EDGE ( 'NONE', *, *, #6798, .F. ) ;
#3172 = AXIS2_PLACEMENT_3D ( 'NONE', #6573, #6670, #4922 ) ;
#3173 = CARTESIAN_POINT ( 'NONE',  ( 12.12219760577940519, 0.9999999999999991118, 4.530136560350635833 ) ) ;
#3174 = CARTESIAN_POINT ( 'NONE',  ( 19.15447059179969003, 1.000000000000000000, 2.622878533468787410 ) ) ;
#3175 = PLANE ( 'NONE',  #7509 ) ;
#3176 = ORIENTED_EDGE ( 'NONE', *, *, #9341, .T. ) ;
#3177 = ORIENTED_EDGE ( 'NONE', *, *, #8884, .F. ) ;
#3178 = CARTESIAN_POINT ( 'NONE',  ( -19.42752846721963422, 1.000000000000000000, 0.8567078280890980668 ) ) ;
#3179 = CARTESIAN_POINT ( 'NONE',  ( 18.46743018740698972, 3.000000000000000000, 0.8567078280890980668 ) ) ;
#3180 = FACE_OUTER_BOUND ( 'NONE', #3523, .T. ) ;
#3181 = CARTESIAN_POINT ( 'NONE',  ( 14.09527460623957040, 1.000000000000000000, 4.530342895278852922 ) ) ;
#3182 = FACE_OUTER_BOUND ( 'NONE', #9468, .T. ) ;
#3183 = DIRECTION ( 'NONE',  ( 0.000000000000000000, 0.000000000000000000, -1.000000000000000000 ) ) ;
#3184 = CARTESIAN_POINT ( 'NONE',  ( 17.16916126267859255, 1.000000000000000444, 3.685333279932599737 ) ) ;
#3185 = CARTESIAN_POINT ( 'NONE',  ( -25.15610315011866049, 3.000000000000000000, 1.196315107176024961 ) ) ;
#3186 = VERTEX_POINT ( 'NONE', #897 ) ;
#3187 = ORIENTED_EDGE ( 'NONE', *, *, #10044, .T. ) ;
#3188 = CARTESIAN_POINT ( 'NONE',  ( -8.309483876854480755, 1.000000000000000000, 4.869447670711752885 ) ) ;
#3189 = LINE ( 'NONE', #2332, #5674 ) ;
#3190 = DIRECTION ( 'NONE',  ( -0.000000000000000000, 1.000000000000000000, -0.000000000000000000 ) ) ;
#3191 = CARTESIAN_POINT ( 'NONE',  ( 12.19902505168664852, 2.999999999999999556, 2.975708101488673929 ) ) ;
#3192 = CARTESIAN_POINT ( 'NONE',  ( -19.79752932827374323, 1.000000000000000888, 2.435825421510390942 ) ) ;
#3193 = DIRECTION ( 'NONE',  ( -0.000000000000000000, 1.000000000000000000, -0.000000000000000000 ) ) ;
#3194 = ADVANCED_FACE ( 'NONE', ( #211 ), #2647, .T. ) ;
#3195 = CARTESIAN_POINT ( 'NONE',  ( -18.34486582482188410, 1.000000000000000000, 3.286958718691550541 ) ) ;
#3196 = LINE ( 'NONE', #4047, #9190 ) ;
#3197 = CARTESIAN_POINT ( 'NONE',  ( 22.69240215282320250, 0.9999999999999991118, 1.771229238330354283 ) ) ;
#3198 = ORIENTED_EDGE ( 'NONE', *, *, #4645, .T. ) ;
#3199 = CARTESIAN_POINT ( 'NONE',  ( -9.251950759810240399, 3.000000000000000888, 4.433732937813585906 ) ) ;
#3200 = FACE_OUTER_BOUND ( 'NONE', #6183, .T. ) ;
#3201 = LINE ( 'NONE', #7196, #1025 ) ;
#3202 = ORIENTED_EDGE ( 'NONE', *, *, #4854, .T. ) ;
#3203 = CARTESIAN_POINT ( 'NONE',  ( -15.71238838845345143, 3.000000000000000000, 4.925965133283901842 ) ) ;
#3204 = CARTESIAN_POINT ( 'NONE',  ( 11.35152841543222202, 3.000000000000000000, 4.530342895278852922 ) ) ;
#3205 = ADVANCED_FACE ( 'NONE', ( #1700 ), #1906, .T. ) ;
#3206 = CARTESIAN_POINT ( 'NONE',  ( 9.189458997564798892, 1.000000000000000000, 1.153614644881796769 ) ) ;
#3207 = CARTESIAN_POINT ( 'NONE',  ( 13.06671949514588604, 1.000000000000000444, 1.301824405050306721 ) ) ;
#3208 = CARTESIAN_POINT ( 'NONE',  ( 12.28848197463614689, 1.000000000000000000, 1.704469766671348863 ) ) ;
#3209 = ADVANCED_FACE ( 'NONE', ( #5947 ), #9150, .T. ) ;
#3210 = DIRECTION ( 'NONE',  ( 0.000000000000000000, 0.000000000000000000, 1.000000000000000000 ) ) ;
#3211 = EDGE_LOOP ( 'NONE', ( #4807, #4937, #3023, #3509 ) ) ;
#3212 = VERTEX_POINT ( 'NONE', #2490 ) ;
#3213 = EDGE_CURVE ( 'NONE', #8062, #10385, #4949, .T. ) ;
#3214 = EDGE_CURVE ( 'NONE', #8232, #10344, #4246, .T. ) ;
#3215 = CARTESIAN_POINT ( 'NONE',  ( -8.535340745937313400, 1.000000000000000444, 3.093224662254209001 ) ) ;
#3216 = CARTESIAN_POINT ( 'NONE',  ( -18.46897612425787116, 1.000000000000000888, 1.522905499554297215 ) ) ;
#3217 = CARTESIAN_POINT ( 'NONE',  ( -10.42991468960735268, 1.000000000000000000, 0.9673937377300132479 ) ) ;
#3218 = ORIENTED_EDGE ( 'NONE', *, *, #2727, .F. ) ;
#3219 = CARTESIAN_POINT ( 'NONE',  ( 12.31857919832265580, 0.9999999999999986677, 4.521118292101936831 ) ) ;
#3220 = EDGE_CURVE ( 'NONE', #7690, #8182, #8391, .T. ) ;
#3221 = CARTESIAN_POINT ( 'NONE',  ( -9.956438059621044445, 3.000000000000000444, 4.982482595856053464 ) ) ;
#3222 = ORIENTED_EDGE ( 'NONE', *, *, #3511, .F. ) ;
#3223 = EDGE_LOOP ( 'NONE', ( #82, #7163, #1142, #4639 ) ) ;
#3224 = DIRECTION ( 'NONE',  ( -0.000000000000000000, 1.000000000000000000, -0.000000000000000000 ) ) ;
#3225 = FACE_OUTER_BOUND ( 'NONE', #5867, .T. ) ;
#3226 = COORDINATED_UNIVERSAL_TIME_OFFSET ( 3, 0, .BEHIND. ) ;
#3227 = EDGE_CURVE ( 'NONE', #2305, #2729, #2590, .T. ) ;
#3228 = CARTESIAN_POINT ( 'NONE',  ( 12.20997814851925867, 0.9999999999999995559, 2.217671678630607879 ) ) ;
#3229 = DIRECTION ( 'NONE',  ( -1.000000000000000000, 0.000000000000000000, 0.000000000000000000 ) ) ;
#3230 = CARTESIAN_POINT ( 'NONE',  ( 22.05099054862238006, 3.000000000000000000, 0.5176030526561972156 ) ) ;
#3231 = CIRCLE ( 'NONE', #1873, 2.999999999999997335 ) ;
#3232 = LINE ( 'NONE', #8883, #7729 ) ;
#3233 = AXIS2_PLACEMENT_3D ( 'NONE', #6486, #728, #2214 ) ;
#3234 = EDGE_LOOP ( 'NONE', ( #4838, #7276, #2968, #3848 ) ) ;
#3235 = ORIENTED_EDGE ( 'NONE', *, *, #8284, .F. ) ;
#3236 = LINE ( 'NONE', #9730, #8855 ) ;
#3237 = CARTESIAN_POINT ( 'NONE',  ( -9.766453369688756325, 1.000000000000000444, 0.7455016046435782862 ) ) ;
#3238 = DIRECTION ( 'NONE',  ( 0.000000000000000000, 0.000000000000000000, 1.000000000000000000 ) ) ;
#3239 = VECTOR ( 'NONE', #9269, 1000.000000000000000 ) ;
#3240 = CARTESIAN_POINT ( 'NONE',  ( 2.617814277329656658, 3.000000000000000000, 3.682580956696600794 ) ) ;
#3241 = VECTOR ( 'NONE', #7025, 1000.000000000000000 ) ;
#3242 = CARTESIAN_POINT ( 'NONE',  ( 13.47976411541474739, 3.000000000000000000, 0.5176030526561972156 ) ) ;
#3243 = CARTESIAN_POINT ( 'NONE',  ( -19.50694160505050689, 3.000000000000000444, 2.381727230399813600 ) ) ;
#3244 = DIRECTION ( 'NONE',  ( 0.000000000000000000, -0.000000000000000000, 1.000000000000000000 ) ) ;
#3245 = DIRECTION ( 'NONE',  ( -0.000000000000000000, 1.000000000000000000, -0.000000000000000000 ) ) ;
#3246 = CARTESIAN_POINT ( 'NONE',  ( 13.13119345916214264, 3.000000000000000000, 3.886163467671329919 ) ) ;
#3247 = CARTESIAN_POINT ( 'NONE',  ( 24.31720848257732470, 1.000000000000000000, 0.4108632037807701254 ) ) ;
#3248 = AXIS2_PLACEMENT_3D ( 'NONE', #377, #2978, #3611 ) ;
#3249 = ORIENTED_EDGE ( 'NONE', *, *, #8682, .T. ) ;
#3250 = AXIS2_PLACEMENT_3D ( 'NONE', #7717, #2169, #2119 ) ;
#3251 = CARTESIAN_POINT ( 'NONE',  ( -9.880459643463755270, 1.000000000000000000, 4.642787001082750997 ) ) ;
#3252 = DIRECTION ( 'NONE',  ( 0.000000000000000000, 0.000000000000000000, -1.000000000000000000 ) ) ;
#3253 = ORIENTED_EDGE ( 'NONE', *, *, #5337, .T. ) ;
#3254 = CARTESIAN_POINT ( 'NONE',  ( -23.39523095685510867, 1.000000000000000000, 0.5176030526561972156 ) ) ;
#3255 = ORIENTED_EDGE ( 'NONE', *, *, #4128, .T. ) ;
#3256 = DIRECTION ( 'NONE',  ( -0.03958947438127656537, 0.000000000000000000, 0.9992160294541987398 ) ) ;
#3257 = DIRECTION ( 'NONE',  ( 1.000000000000000000, 0.000000000000000000, 0.000000000000000000 ) ) ;
#3258 = AXIS2_PLACEMENT_3D ( 'NONE', #4319, #10114, #3676 ) ;
#3259 = CARTESIAN_POINT ( 'NONE',  ( 9.356420457849846883, 1.000000000000000444, 1.815981543580654334 ) ) ;
#3260 = DIRECTION ( 'NONE',  ( 1.000000000000000000, 0.000000000000000000, 0.000000000000000000 ) ) ;
#3261 = DIRECTION ( 'NONE',  ( -0.000000000000000000, 0.000000000000000000, -1.000000000000000000 ) ) ;
#3262 = EDGE_CURVE ( 'NONE', #10301, #10276, #9940, .T. ) ;
#3263 = CARTESIAN_POINT ( 'NONE',  ( -10.76497019624698659, 1.000000000000000000, 4.104986130331195859 ) ) ;
#3264 = DIRECTION ( 'NONE',  ( 0.3352591657633355871, 0.000000000000000000, 0.9421259426274558590 ) ) ;
#3265 = ORIENTED_EDGE ( 'NONE', *, *, #9666, .F. ) ;
#3266 = ORIENTED_EDGE ( 'NONE', *, *, #1526, .T. ) ;
#3267 = DIRECTION ( 'NONE',  ( -0.000000000000000000, 1.000000000000000000, -0.000000000000000000 ) ) ;
#3268 = CARTESIAN_POINT ( 'NONE',  ( -18.52654208268601366, 3.000000000000001332, 1.301824405050306943 ) ) ;
#3269 = CARTESIAN_POINT ( 'NONE',  ( -9.054349558786238816, 3.000000000000000000, 3.909852102867658274 ) ) ;
#3270 = EDGE_LOOP ( 'NONE', ( #4334, #5971, #929, #6040 ) ) ;
#3271 = CARTESIAN_POINT ( 'NONE',  ( 13.13119345916214264, 3.000000000000000000, 3.886163467671329919 ) ) ;
#3272 = EDGE_CURVE ( 'NONE', #6651, #2657, #1616, .T. ) ;
#3273 = EDGE_CURVE ( 'NONE', #4612, #5511, #311, .T. ) ;
#3274 = ORIENTED_EDGE ( 'NONE', *, *, #7261, .T. ) ;
#3275 = VERTEX_POINT ( 'NONE', #5744 ) ;
#3276 = CARTESIAN_POINT ( 'NONE',  ( -8.617049573744257174, 1.000000000000000444, 0.6160864514000765624 ) ) ;
#3277 = CARTESIAN_POINT ( 'NONE',  ( -11.22376334412701304, 0.9999999999999983347, 1.808583342631972846 ) ) ;
#3278 = CARTESIAN_POINT ( 'NONE',  ( 26.48796157159425135, 3.000000000000000000, 2.731855977857389206 ) ) ;
#3279 = DIRECTION ( 'NONE',  ( -0.000000000000000000, 1.000000000000000000, -0.000000000000000000 ) ) ;
#3280 = EDGE_CURVE ( 'NONE', #2729, #6347, #4145, .T. ) ;
#3281 = CARTESIAN_POINT ( 'NONE',  ( -17.76379566275195998, 3.000000000000000000, 0.8567078280890980668 ) ) ;
#3282 = ORIENTED_EDGE ( 'NONE', *, *, #8983, .T. ) ;
#3283 = EDGE_CURVE ( 'NONE', #3009, #3956, #6645, .T. ) ;
#3284 = ORIENTED_EDGE ( 'NONE', *, *, #3227, .F. ) ;
#3285 = AXIS2_PLACEMENT_3D ( 'NONE', #8387, #8238, #7547 ) ;
#3286 = CARTESIAN_POINT ( 'NONE',  ( 9.663069221089239491, 1.000000000000000000, 0.5176030526561972156 ) ) ;
#3287 = CARTESIAN_POINT ( 'NONE',  ( 8.501811982302092119, 3.000000000000000000, 1.817504691815648776 ) ) ;
#3288 = CARTESIAN_POINT ( 'NONE',  ( 12.69946990916673357, 0.9999999999999995559, 0.9109072515481143606 ) ) ;
#3289 = CARTESIAN_POINT ( 'NONE',  ( 25.29254565642498775, 3.000000000000000000, 1.040551845415055521 ) ) ;
#3290 = CARTESIAN_POINT ( 'NONE',  ( -9.207920875148065676, 1.000000000000001332, 3.394226357147187567 ) ) ;
#3291 = DIRECTION ( 'NONE',  ( -0.000000000000000000, 1.000000000000000000, -0.000000000000000000 ) ) ;
#3292 = CARTESIAN_POINT ( 'NONE',  ( 23.37727362081860605, 3.000000000000000000, 3.267900142626859239 ) ) ;
#3293 = CARTESIAN_POINT ( 'NONE',  ( 12.05093571892849802, 3.000000000000000000, 4.530272260525504358 ) ) ;
#3294 = VECTOR ( 'NONE', #829, 1000.000000000000000 ) ;
#3295 = LINE ( 'NONE', #8796, #8576 ) ;
#3296 = ORIENTED_EDGE ( 'NONE', *, *, #6551, .T. ) ;
#3297 = ORIENTED_EDGE ( 'NONE', *, *, #592, .F. ) ;
#3298 = CARTESIAN_POINT ( 'NONE',  ( 12.66202707882395018, 1.000000000000000000, 3.569546031552301102 ) ) ;
#3299 = CARTESIAN_POINT ( 'NONE',  ( -12.36372873105355907, 1.000000000000000000, 0.8567078280890980668 ) ) ;
#3300 = ORIENTED_EDGE ( 'NONE', *, *, #6543, .F. ) ;
#3301 = CARTESIAN_POINT ( 'NONE',  ( -10.58077940397276429, 3.000000000000000000, 1.464270550739710908 ) ) ;
#3302 = ORIENTED_EDGE ( 'NONE', *, *, #4126, .F. ) ;
#3303 = VECTOR ( 'NONE', #6436, 1000.000000000000000 ) ;
#3304 = CARTESIAN_POINT ( 'NONE',  ( -9.798365781489559723, 3.000000000000000000, 0.4045681275118969689 ) ) ;
#3305 = CARTESIAN_POINT ( 'NONE',  ( 8.370599719118182236, 1.000000000000000000, 2.432114827456980599 ) ) ;
#3306 = CARTESIAN_POINT ( 'NONE',  ( 0.5319666742762407807, 1.000000000000000000, 0.5176030526561972156 ) ) ;
#3307 = CARTESIAN_POINT ( 'NONE',  ( -29.50000000000000000, 0.000000000000000000, 8.500000000000003553 ) ) ;
#3308 = CARTESIAN_POINT ( 'NONE',  ( -19.30477960319574393, 1.000000000000000000, 1.704469766671348863 ) ) ;
#3309 = B_SPLINE_CURVE_WITH_KNOTS ( 'NONE', 3,
 ( #610, #4121, #4226, #188, #8170, #3427, #7533, #1680, #8917, #5029, #241, #7371, #9810, #4925, #1731, #9021, #6520, #3269, #5874 ),
 .UNSPECIFIED., .F., .F.,
 ( 4, 1, 1, 1, 1, 1, 1, 1, 1, 1, 1, 1, 1, 1, 1, 1, 4 ),
 ( 0.000000000000000000, 0.08652257043540262371, 0.1667042134671045395, 0.2402188074088150160, 0.3079021864400591779, 0.3713918509552572855, 0.4310608069547385846, 0.4881429176619158095, 0.5433356383025890191, 0.5974095826461202074, 0.6511834842920858346, 0.7051700884385282420, 0.7601956259869737664, 0.8174742333534246175, 0.8762438633042212155, 0.9369507479616191459, 1.000000000000000000 ),
 .UNSPECIFIED. ) ;
#3310 = CC_DESIGN_PERSON_AND_ORGANIZATION_ASSIGNMENT ( #9546, #10335, ( #4991 ) ) ;
#3311 = VECTOR ( 'NONE', #376, 1000.000000000000000 ) ;
#3312 = VECTOR ( 'NONE', #4617, 1000.000000000000114 ) ;
#3313 = FACE_OUTER_BOUND ( 'NONE', #6743, .T. ) ;
#3314 = LINE ( 'NONE', #6358, #10016 ) ;
#3315 = VERTEX_POINT ( 'NONE', #2535 ) ;
#3316 = VERTEX_POINT ( 'NONE', #5791 ) ;
#3317 = VECTOR ( 'NONE', #9524, 1000.000000000000000 ) ;
#3318 = DIRECTION ( 'NONE',  ( 0.000000000000000000, 0.000000000000000000, -1.000000000000000000 ) ) ;
#3319 = CARTESIAN_POINT ( 'NONE',  ( -18.46897612425787116, 3.000000000000000888, 1.522905499554297215 ) ) ;
#3320 = VECTOR ( 'NONE', #3733, 1000.000000000000000 ) ;
#3321 = ADVANCED_FACE ( 'NONE', ( #9043 ), #1750, .T. ) ;
#3322 = CARTESIAN_POINT ( 'NONE',  ( -19.97150904447657638, 3.000000000000000000, 2.439196780109299301 ) ) ;
#3323 = ORIENTED_EDGE ( 'NONE', *, *, #1048, .T. ) ;
#3324 = CARTESIAN_POINT ( 'NONE',  ( 22.69240215282320250, 0.9999999999999991118, 1.771229238330354283 ) ) ;
#3325 = AXIS2_PLACEMENT_3D ( 'NONE', #9799, #7200, #759 ) ;
#3326 = ORIENTED_EDGE ( 'NONE', *, *, #661, .F. ) ;
#3327 = ORIENTED_EDGE ( 'NONE', *, *, #6471, .F. ) ;
#3328 = DIRECTION ( 'NONE',  ( -0.000000000000000000, 0.000000000000000000, -1.000000000000000000 ) ) ;
#3329 = CARTESIAN_POINT ( 'NONE',  ( 24.92422457763044719, 3.000000000000000888, 4.937430849396977628 ) ) ;
#3330 = ADVANCED_FACE ( 'NONE', ( #2008 ), #8555, .T. ) ;
#3331 = DIRECTION ( 'NONE',  ( -1.000000000000000000, 0.000000000000000000, 0.000000000000000000 ) ) ;
#3332 = AXIS2_PLACEMENT_3D ( 'NONE', #1321, #2160, #8446 ) ;
#3333 = LINE ( 'NONE', #2580, #3484 ) ;
#3334 = ORIENTED_EDGE ( 'NONE', *, *, #5019, .F. ) ;
#3335 = EDGE_LOOP ( 'NONE', ( #2354, #5299, #1412, #2940 ) ) ;
#3336 = CARTESIAN_POINT ( 'NONE',  ( -23.39523095685510867, 3.000000000000000000, 0.5176030526561972156 ) ) ;
#3337 = CARTESIAN_POINT ( 'NONE',  ( 11.62175253335531444, 1.000000000000000000, 2.778301555542199708 ) ) ;
#3338 = ADVANCED_FACE ( 'NONE', ( #4562 ), #1376, .T. ) ;
#3339 = CYLINDRICAL_SURFACE ( 'NONE', #5363, 2.999999999999997335 ) ;
#3340 = DIRECTION ( 'NONE',  ( 0.000000000000000000, 0.000000000000000000, -1.000000000000000000 ) ) ;
#3341 = CARTESIAN_POINT ( 'NONE',  ( -18.41492484489912940, 3.000000000000000444, 3.687827551978846596 ) ) ;
#3342 = DIRECTION ( 'NONE',  ( 1.000000000000000000, 0.000000000000000000, 0.000000000000000000 ) ) ;
#3343 = EDGE_CURVE ( 'NONE', #2428, #1419, #2111, .T. ) ;
#3344 = EDGE_CURVE ( 'NONE', #5424, #9310, #7814, .T. ) ;
#3345 = DIRECTION ( 'NONE',  ( 1.000000000000000000, 0.000000000000000000, 0.000000000000000000 ) ) ;
#3346 = CARTESIAN_POINT ( 'NONE',  ( -18.78870331274011463, 1.000000000000000000, 4.403059106809585010 ) ) ;
#3347 = DIRECTION ( 'NONE',  ( 1.000000000000000000, 0.000000000000000000, 0.000000000000000000 ) ) ;
#3348 = ORIENTED_EDGE ( 'NONE', *, *, #6219, .T. ) ;
#3349 = EDGE_LOOP ( 'NONE', ( #5160, #972, #9389, #9076 ) ) ;
#3350 = CARTESIAN_POINT ( 'NONE',  ( 14.68076019507293850, 3.000000000000000000, 4.530342895278852922 ) ) ;
#3351 = CARTESIAN_POINT ( 'NONE',  ( -19.35402124490745734, 0.9999999999999995559, 3.107636586842205340 ) ) ;
#3352 = EDGE_LOOP ( 'NONE', ( #5675, #8546, #2678, #2168 ) ) ;
#3353 = EDGE_CURVE ( 'NONE', #3717, #3481, #3765, .T. ) ;
#3354 = DIRECTION ( 'NONE',  ( 0.000000000000000000, 0.000000000000000000, 1.000000000000000000 ) ) ;
#3355 = VERTEX_POINT ( 'NONE', #5311 ) ;
#3356 = VERTEX_POINT ( 'NONE', #413 ) ;
#3357 = PLANE ( 'NONE',  #9281 ) ;
#3358 = DIRECTION ( 'NONE',  ( 1.000000000000000000, 0.000000000000000000, 0.000000000000000000 ) ) ;
#3359 = FACE_OUTER_BOUND ( 'NONE', #8819, .T. ) ;
#3360 = CARTESIAN_POINT ( 'NONE',  ( -6.744656631888076070, 1.000000000000000000, 3.060888868402950713 ) ) ;
#3361 = CARTESIAN_POINT ( 'NONE',  ( 11.35152841543222202, 1.000000000000000000, 4.530342895278852922 ) ) ;
#3362 = DIRECTION ( 'NONE',  ( -1.000000000000000000, 0.000000000000000000, 0.000000000000000000 ) ) ;
#3363 = FACE_OUTER_BOUND ( 'NONE', #7097, .T. ) ;
#3364 = LINE ( 'NONE', #4373, #6973 ) ;
#3365 = ORIENTED_EDGE ( 'NONE', *, *, #10008, .F. ) ;
#3366 = ORIENTED_EDGE ( 'NONE', *, *, #6709, .T. ) ;
#3367 = FACE_OUTER_BOUND ( 'NONE', #367, .T. ) ;
#3368 = CARTESIAN_POINT ( 'NONE',  ( -22.37703354520371590, 3.000000000000000000, 4.925965133283901842 ) ) ;
#3369 = CARTESIAN_POINT ( 'NONE',  ( -18.42629394265522791, 3.000000000000000444, 1.763862746716056806 ) ) ;
#3370 = CARTESIAN_POINT ( 'NONE',  ( 19.76291639980298953, 1.000000000000000000, 4.869447670711752885 ) ) ;
#3371 = ORIENTED_EDGE ( 'NONE', *, *, #4115, .T. ) ;
#3372 = CARTESIAN_POINT ( 'NONE',  ( 24.45641187611447975, 0.9999999999999995559, 0.4066894395067746637 ) ) ;
#3373 = EDGE_CURVE ( 'NONE', #9065, #4475, #2803, .T. ) ;
#3374 = ORIENTED_EDGE ( 'NONE', *, *, #4801, .F. ) ;
#3375 = ORIENTED_EDGE ( 'NONE', *, *, #4719, .T. ) ;
#3376 = CARTESIAN_POINT ( 'NONE',  ( -10.86826180106036688, 0.9999999999999991118, 2.535201172056706476 ) ) ;
#3377 = CARTESIAN_POINT ( 'NONE',  ( 25.51681691869863045, 0.9999999999999995559, 4.703463811059998889 ) ) ;
#3378 = DIRECTION ( 'NONE',  ( 0.000000000000000000, 0.000000000000000000, 1.000000000000000000 ) ) ;
#3379 = CARTESIAN_POINT ( 'NONE',  ( -9.600554662487034818, 1.000000000000000000, 2.389744000358668519 ) ) ;
#3380 = ORIENTED_EDGE ( 'NONE', *, *, #8214, .F. ) ;
#3381 = ORIENTED_EDGE ( 'NONE', *, *, #872, .T. ) ;
#3382 = LINE ( 'NONE', #5940, #4606 ) ;
#3383 = ADVANCED_FACE ( 'NONE', ( #1267 ), #8616, .T. ) ;
#3384 = CARTESIAN_POINT ( 'NONE',  ( 23.35669602541469203, 3.000000000000000444, 2.647599139649710942 ) ) ;
#3385 = DIRECTION ( 'NONE',  ( 0.000000000000000000, 0.000000000000000000, -1.000000000000000000 ) ) ;
#3386 = DIRECTION ( 'NONE',  ( -0.000000000000000000, -1.000000000000000000, -0.000000000000000000 ) ) ;
#3387 = CARTESIAN_POINT ( 'NONE',  ( -19.03858463436949222, 3.000000000000000888, 4.493761583039513674 ) ) ;
#3388 = DIRECTION ( 'NONE',  ( 1.000000000000000000, 0.000000000000000000, 0.000000000000000000 ) ) ;
#3389 = VECTOR ( 'NONE', #496, 1000.000000000000000 ) ;
#3390 = DIRECTION ( 'NONE',  ( -0.000000000000000000, -1.000000000000000000, -0.000000000000000000 ) ) ;
#3391 = CARTESIAN_POINT ( 'NONE',  ( -18.43785288364949793, 3.000000000000000000, 3.793105207036272297 ) ) ;
#3392 = DIRECTION ( 'NONE',  ( 0.000000000000000000, -1.000000000000000000, 0.000000000000000000 ) ) ;
#3393 = ORIENTED_EDGE ( 'NONE', *, *, #9666, .T. ) ;
#3394 = ADVANCED_FACE ( 'NONE', ( #10088 ), #7659, .T. ) ;
#3395 = ORIENTED_EDGE ( 'NONE', *, *, #5112, .T. ) ;
#3396 = CARTESIAN_POINT ( 'NONE',  ( 7.926664030235387237, 3.000000000000000000, 2.891576315784858409 ) ) ;
#3397 = CARTESIAN_POINT ( 'NONE',  ( -9.053924829172020239, 1.000000000000000000, 3.882158246404506130 ) ) ;
#3398 = VECTOR ( 'NONE', #3081, 1000.000000000000000 ) ;
#3399 = EDGE_CURVE ( 'NONE', #7411, #1065, #7008, .T. ) ;
#3400 = VECTOR ( 'NONE', #8689, 1000.000000000000227 ) ;
#3401 = ADVANCED_FACE ( 'NONE', ( #9251 ), #4455, .T. ) ;
#3402 = FACE_OUTER_BOUND ( 'NONE', #2703, .T. ) ;
#3403 = VERTEX_POINT ( 'NONE', #9305 ) ;
#3404 = LINE ( 'NONE', #4257, #4936 ) ;
#3405 = ORIENTED_EDGE ( 'NONE', *, *, #8929, .T. ) ;
#3406 = ORIENTED_EDGE ( 'NONE', *, *, #2415, .T. ) ;
#3407 = CARTESIAN_POINT ( 'NONE',  ( 23.39045654550879760, 3.000000000000001332, 0.7637102919824309000 ) ) ;
#3408 = DIRECTION ( 'NONE',  ( 0.04817768577230324006, 0.000000000000000000, 0.9988387810821248713 ) ) ;
#3409 = CARTESIAN_POINT ( 'NONE',  ( -8.917929684857787365, 1.000000000000000000, 1.760987229243498930 ) ) ;
#3410 = LINE ( 'NONE', #10006, #2806 ) ;
#3411 = LINE ( 'NONE', #3361, #1651 ) ;
#3412 = DIRECTION ( 'NONE',  ( -0.3559644245142030705, 0.000000000000000000, 0.9344995069449059111 ) ) ;
#3413 = AXIS2_PLACEMENT_3D ( 'NONE', #6460, #2248, #8118 ) ;
#3414 = AXIS2_PLACEMENT_3D ( 'NONE', #7179, #10420, #6388 ) ;
#3415 = ADVANCED_FACE ( 'NONE', ( #2750 ), #7710, .T. ) ;
#3416 = ADVANCED_FACE ( 'NONE', ( #10147 ), #2855, .F. ) ;
#3417 = FACE_OUTER_BOUND ( 'NONE', #395, .T. ) ;
#3418 = CARTESIAN_POINT ( 'NONE',  ( 17.88194459857362162, 1.000000000000000000, 0.8567078280890980668 ) ) ;
#3419 = CIRCLE ( 'NONE', #10035, 2.999999999999999112 ) ;
#3420 = CARTESIAN_POINT ( 'NONE',  ( 22.55169994359752650, 3.000000000000000000, 2.733264202555017786 ) ) ;
#3421 = ORIENTED_EDGE ( 'NONE', *, *, #8820, .T. ) ;
#3422 = VECTOR ( 'NONE', #2238, 1000.000000000000000 ) ;
#3423 = ORIENTED_EDGE ( 'NONE', *, *, #54, .T. ) ;
#3424 = CARTESIAN_POINT ( 'NONE',  ( 25.52212614929346302, 3.000000000000002220, 3.914468401485362126 ) ) ;
#3425 = LINE ( 'NONE', #1727, #6740 ) ;
#3426 = DIRECTION ( 'NONE',  ( 0.04817768577230324006, 0.000000000000000000, 0.9988387810821248713 ) ) ;
#3427 = CARTESIAN_POINT ( 'NONE',  ( -9.519734650567146517, 3.000000000000000888, 4.589574918017565786 ) ) ;
#3428 = ORIENTED_EDGE ( 'NONE', *, *, #3064, .T. ) ;
#3429 = CARTESIAN_POINT ( 'NONE',  ( 22.55624252327287138, 1.000000000000000000, 2.476189321521869768 ) ) ;
#3430 = ORIENTED_EDGE ( 'NONE', *, *, #1842, .F. ) ;
#3431 = ORIENTED_EDGE ( 'NONE', *, *, #3997, .F. ) ;
#3432 =( NAMED_UNIT ( * ) PLANE_ANGLE_UNIT ( ) SI_UNIT ( $, .RADIAN. ) );
#3433 = CARTESIAN_POINT ( 'NONE',  ( -16.41002581707842722, 1.000000000000000000, 0.8567078280890980668 ) ) ;
#3434 = CARTESIAN_POINT ( 'NONE',  ( 25.03118283199234995, 0.9999999999999991118, 4.912392069285636431 ) ) ;
#3435 = LINE ( 'NONE', #2682, #2984 ) ;
#3436 = EDGE_CURVE ( 'NONE', #2526, #3658, #3653, .T. ) ;
#3437 = CARTESIAN_POINT ( 'NONE',  ( 13.17509966873675076, 1.000000000000000000, 1.817504691815648776 ) ) ;
#3438 = ORIENTED_EDGE ( 'NONE', *, *, #6925, .T. ) ;
#3439 = VERTEX_POINT ( 'NONE', #6105 ) ;
#3440 = ORIENTED_EDGE ( 'NONE', *, *, #4316, .T. ) ;
#3441 = DIRECTION ( 'NONE',  ( 0.000000000000000000, 0.000000000000000000, -1.000000000000000000 ) ) ;
#3442 = LINE ( 'NONE', #5092, #6521 ) ;
#3443 = CARTESIAN_POINT ( 'NONE',  ( -29.50000000000000000, 1.500000000000000000, 10.25000000000000355 ) ) ;
#3444 = LINE ( 'NONE', #9937, #607 ) ;
#3445 = CARTESIAN_POINT ( 'NONE',  ( 13.07658387988181303, 1.000000000000000888, 4.047473746718613263 ) ) ;
#3446 = CARTESIAN_POINT ( 'NONE',  ( 20.94536768705469498, 3.000000000000000000, 0.8567078280890980668 ) ) ;
#3447 = DIRECTION ( 'NONE',  ( -1.000000000000000000, 0.000000000000000000, 0.000000000000000000 ) ) ;
#3448 = CARTESIAN_POINT ( 'NONE',  ( -19.57941914788229099, 3.000000000000000444, 4.530342895278852922 ) ) ;
#3449 = EDGE_CURVE ( 'NONE', #9814, #1235, #8450, .T. ) ;
#3450 = LINE ( 'NONE', #9045, #256 ) ;
#3451 = EDGE_LOOP ( 'NONE', ( #5661, #6506, #2849, #2201 ) ) ;
#3452 = VECTOR ( 'NONE', #5649, 1000.000000000000000 ) ;
#3453 = VERTEX_POINT ( 'NONE', #6850 ) ;
#3454 = CARTESIAN_POINT ( 'NONE',  ( -8.848142561565762065, 3.000000000000000444, 2.755919540229510467 ) ) ;
#3455 = CARTESIAN_POINT ( 'NONE',  ( -9.079186726682008768, 3.000000000000001332, 4.120201999798160486 ) ) ;
#3456 = CARTESIAN_POINT ( 'NONE',  ( 29.50000000000000000, 0.000000000000000000, 10.25000000000000711 ) ) ;
#3457 = ORIENTED_EDGE ( 'NONE', *, *, #94, .F. ) ;
#3458 = CARTESIAN_POINT ( 'NONE',  ( -10.24666881344930758, 3.000000000000000444, 2.104287551292391978 ) ) ;
#3459 = ORIENTED_EDGE ( 'NONE', *, *, #4233, .F. ) ;
#3460 = CARTESIAN_POINT ( 'NONE',  ( 12.18656629714802087, 3.000000000000000888, 2.273266220684173167 ) ) ;
#3461 = VECTOR ( 'NONE', #7705, 1000.000000000000000 ) ;
#3462 = CARTESIAN_POINT ( 'NONE',  ( 19.76291639980298953, 1.000000000000000000, 0.5176030526561972156 ) ) ;
#3463 = DIRECTION ( 'NONE',  ( -0.3367472620445069453, 0.000000000000000000, -0.9415950730040637540 ) ) ;
#3464 = LINE ( 'NONE', #6710, #7912 ) ;
#3465 = DIRECTION ( 'NONE',  ( -0.3367472620445069453, 0.000000000000000000, -0.9415950730040637540 ) ) ;
#3466 = ADVANCED_FACE ( 'NONE', ( #6908 ), #2061, .T. ) ;
#3467 = DIRECTION ( 'NONE',  ( 0.000000000000000000, 0.000000000000000000, 1.000000000000000000 ) ) ;
#3468 = VECTOR ( 'NONE', #3378, 1000.000000000000000 ) ;
#3469 = LINE ( 'NONE', #9855, #8675 ) ;
#3470 = ORIENTED_EDGE ( 'NONE', *, *, #4123, .T. ) ;
#3471 = ORIENTED_EDGE ( 'NONE', *, *, #5876, .F. ) ;
#3472 = EDGE_CURVE ( 'NONE', #7139, #8353, #2181, .T. ) ;
#3473 = CARTESIAN_POINT ( 'NONE',  ( -44.50000000000000000, 0.000000000000000000, 13.50000000000000178 ) ) ;
#3474 = CARTESIAN_POINT ( 'NONE',  ( -19.07442091284094587, 1.000000000000000444, 0.8743308374192219068 ) ) ;
#3475 = DIRECTION ( 'NONE',  ( 0.000000000000000000, 0.000000000000000000, -1.000000000000000000 ) ) ;
#3476 = EDGE_CURVE ( 'NONE', #2511, #10344, #6434, .T. ) ;
#3477 = EDGE_CURVE ( 'NONE', #4076, #3131, #674, .T. ) ;
#3478 = CARTESIAN_POINT ( 'NONE',  ( -19.39423652614524585, 1.000000000000000444, 2.975708101488674817 ) ) ;
#3479 = VECTOR ( 'NONE', #5794, 1000.000000000000000 ) ;
#3480 = ORIENTED_EDGE ( 'NONE', *, *, #5555, .F. ) ;
#3481 = VERTEX_POINT ( 'NONE', #3126 ) ;
#3482 = ORIENTED_EDGE ( 'NONE', *, *, #7525, .T. ) ;
#3483 = CARTESIAN_POINT ( 'NONE',  ( -8.378364534364289185, 1.000000000000000000, 3.717021285451505008 ) ) ;
#3484 = VECTOR ( 'NONE', #5887, 1000.000000000000000 ) ;
#3485 = AXIS2_PLACEMENT_3D ( 'NONE', #5898, #8346, #4199 ) ;
#3486 = DIRECTION ( 'NONE',  ( -0.000000000000000000, 0.000000000000000000, -1.000000000000000000 ) ) ;
#3487 = CARTESIAN_POINT ( 'NONE',  ( -5.852740425671333568, 1.000000000000000000, 0.5176030526561972156 ) ) ;
#3488 = DIRECTION ( 'NONE',  ( -1.000000000000000000, 0.000000000000000000, 0.000000000000000000 ) ) ;
#3489 = DIRECTION ( 'NONE',  ( 0.000000000000000000, 1.000000000000000000, 0.000000000000000000 ) ) ;
#3490 = ORIENTED_EDGE ( 'NONE', *, *, #6925, .F. ) ;
#3491 = VECTOR ( 'NONE', #8732, 1000.000000000000000 ) ;
#3492 = VECTOR ( 'NONE', #2312, 1000.000000000000000 ) ;
#3493 = ORIENTED_EDGE ( 'NONE', *, *, #5601, .T. ) ;
#3494 = VERTEX_POINT ( 'NONE', #1537 ) ;
#3495 = DIRECTION ( 'NONE',  ( 1.000000000000000000, 0.000000000000000000, 0.000000000000000000 ) ) ;
#3496 = CARTESIAN_POINT ( 'NONE',  ( 23.60720857954030905, 3.000000000000000444, 1.254477764195123246 ) ) ;
#3497 = CARTESIAN_POINT ( 'NONE',  ( 20.50294192535707793, 1.000000000000000000, 0.8567078280890980668 ) ) ;
#3498 = AXIS2_PLACEMENT_3D ( 'NONE', #6144, #1995, #6087 ) ;
#3499 = DIRECTION ( 'NONE',  ( -0.3274944330526244340, 0.000000000000000000, -0.9448531083293001398 ) ) ;
#3500 = CARTESIAN_POINT ( 'NONE',  ( 13.22591267936939019, 1.000000000000000444, 3.432891603450507922 ) ) ;
#3501 = DIRECTION ( 'NONE',  ( -1.000000000000000000, 0.000000000000000000, 0.000000000000000000 ) ) ;
#3502 = CARTESIAN_POINT ( 'NONE',  ( -19.47106397205248740, 3.000000000000001332, 4.530136560350635833 ) ) ;
#3503 = CARTESIAN_POINT ( 'NONE',  ( 25.36410196855489474, 3.000000000000001776, 4.785453858857152909 ) ) ;
#3504 = ORIENTED_EDGE ( 'NONE', *, *, #5398, .F. ) ;
#3505 = ORIENTED_EDGE ( 'NONE', *, *, #4529, .F. ) ;
#3506 = VECTOR ( 'NONE', #10444, 1000.000000000000000 ) ;
#3507 = CARTESIAN_POINT ( 'NONE',  ( -9.127788376423110250, 1.000000000000000444, 4.260157537709805986 ) ) ;
#3508 = CARTESIAN_POINT ( 'NONE',  ( -17.76379566275195998, 3.000000000000000000, 0.5176030526561972156 ) ) ;
#3509 = ORIENTED_EDGE ( 'NONE', *, *, #389, .T. ) ;
#3510 = CARTESIAN_POINT ( 'NONE',  ( -9.817822778822833385, 2.999999999999999112, 2.306069895633426903 ) ) ;
#3511 = EDGE_CURVE ( 'NONE', #3046, #8335, #1428, .T. ) ;
#3512 = VERTEX_POINT ( 'NONE', #1488 ) ;
#3513 = EDGE_LOOP ( 'NONE', ( #332, #10091, #1060, #4497 ) ) ;
#3514 = CARTESIAN_POINT ( 'NONE',  ( 20.50294192535707793, 3.000000000000000000, 0.8567078280890980668 ) ) ;
#3515 = CARTESIAN_POINT ( 'NONE',  ( 8.498255740622653320, 1.000000000000000000, 1.866389899177021583 ) ) ;
#3516 = CARTESIAN_POINT ( 'NONE',  ( -1.070833240855827651, 1.000000000000000000, 0.8567078280890980668 ) ) ;
#3517 = CARTESIAN_POINT ( 'NONE',  ( 13.55306019968800513, 3.000000000000000000, 4.869447670711752885 ) ) ;
#3518 = DIRECTION ( 'NONE',  ( -0.000000000000000000, 1.000000000000000000, -0.000000000000000000 ) ) ;
#3519 = B_SPLINE_CURVE_WITH_KNOTS ( 'NONE', 3,
 ( #2563, #1770, #5021, #235, #8267, #2667, #4220, #5916, #9170, #8578, #10169, #1344, #4420, #382, #487, #1398, #7787, #4587, #2987, #6238, #10225, #3729, #2873, #7731, #2133 ),
 .UNSPECIFIED., .F., .F.,
 ( 4, 1, 1, 1, 1, 1, 1, 1, 1, 1, 1, 1, 1, 1, 1, 1, 1, 1, 1, 1, 1, 1, 4 ),
 ( 0.000000000000000000, 0.06448938839655436739, 0.1255575134416277161, 0.1550159331573098542, 0.1845144492595710006, 0.2131984287760897157, 0.2424959141935214835, 0.2721827266784883625, 0.3026425042650704444, 0.3341968617465679303, 0.3670600942811068079, 0.4017756436483518323, 0.4390645000417434107, 0.4789948743957289645, 0.5216104137784945971, 0.5674470549350242310, 0.6170055250904779021, 0.6701068820359408207, 0.7268652713299360579, 0.7880006413874761639, 0.8539800987268270083, 0.9245026789484418472, 1.000000000000000000 ),
 .UNSPECIFIED. ) ;
#3520 = CARTESIAN_POINT ( 'NONE',  ( -1.070833240855827651, 3.000000000000000000, 0.8567078280890980668 ) ) ;
#3521 = FACE_BOUND ( 'NONE', #4978, .T. ) ;
#3522 = EDGE_CURVE ( 'NONE', #3145, #807, #9623, .T. ) ;
#3523 = EDGE_LOOP ( 'NONE', ( #1859, #3471, #7412, #1828 ) ) ;
#3524 = VERTEX_POINT ( 'NONE', #3230 ) ;
#3525 = DIRECTION ( 'NONE',  ( 0.04817768577230589072, 0.000000000000000000, 0.9988387810821247603 ) ) ;
#3526 = CARTESIAN_POINT ( 'NONE',  ( -10.86323266523290343, 3.000000000000000000, 0.7492613044424394353 ) ) ;
#3527 = DIRECTION ( 'NONE',  ( 1.000000000000000000, 0.000000000000000000, 0.000000000000000000 ) ) ;
#3528 = LINE ( 'NONE', #5284, #8395 ) ;
#3529 = ORIENTED_EDGE ( 'NONE', *, *, #10029, .F. ) ;
#3530 = EDGE_CURVE ( 'NONE', #1452, #4588, #6487, .T. ) ;
#3531 = VERTEX_POINT ( 'NONE', #5584 ) ;
#3532 = ORIENTED_EDGE ( 'NONE', *, *, #6265, .T. ) ;
#3533 = DIRECTION ( 'NONE',  ( -0.000000000000000000, 1.000000000000000000, -0.000000000000000000 ) ) ;
#3534 = CARTESIAN_POINT ( 'NONE',  ( 8.178602743217609827, 1.000000000000000000, 4.869447670711752885 ) ) ;
#3535 = CARTESIAN_POINT ( 'NONE',  ( 8.156844967428815707, 3.000000000000002665, 2.909806022089236333 ) ) ;
#3536 = CARTESIAN_POINT ( 'NONE',  ( -11.93366616429360505, 3.000000000000000000, 0.8567078280890980668 ) ) ;
#3537 = CARTESIAN_POINT ( 'NONE',  ( -20.24173316239967235, 1.000000000000000000, 0.8567078280890980668 ) ) ;
#3538 = ORIENTED_EDGE ( 'NONE', *, *, #42, .T. ) ;
#3539 = EDGE_CURVE ( 'NONE', #4342, #3943, #8719, .T. ) ;
#3540 = VERTEX_POINT ( 'NONE', #8080 ) ;
#3541 = DIRECTION ( 'NONE',  ( 0.000000000000000000, 0.000000000000000000, -1.000000000000000000 ) ) ;
#3542 = ADVANCED_FACE ( 'NONE', ( #9723 ), #8932, .T. ) ;
#3543 = CARTESIAN_POINT ( 'NONE',  ( 23.45116973413258421, 3.000000000000000000, 1.701847831354362128 ) ) ;
#3544 = CARTESIAN_POINT ( 'NONE',  ( -9.918465389455381143, 3.000000000000000444, 4.643377820423152613 ) ) ;
#3545 = CARTESIAN_POINT ( 'NONE',  ( 25.36410196855489474, 1.000000000000001776, 4.785453858857152909 ) ) ;
#3546 = CARTESIAN_POINT ( 'NONE',  ( 24.48035835387214831, 1.000000000000000000, 4.643377820423151725 ) ) ;
#3547 = DIRECTION ( 'NONE',  ( -0.000000000000000000, 1.000000000000000000, -0.000000000000000000 ) ) ;
#3548 = CARTESIAN_POINT ( 'NONE',  ( -18.70794836210622591, 3.000000000000000444, 4.342725688669728079 ) ) ;
#3549 = CARTESIAN_POINT ( 'NONE',  ( 24.92422457763044719, 3.000000000000000444, 4.937430849396977628 ) ) ;
#3550 = ORIENTED_EDGE ( 'NONE', *, *, #1880, .T. ) ;
#3551 = VERTEX_POINT ( 'NONE', #4888 ) ;
#3552 = CARTESIAN_POINT ( 'NONE',  ( -9.371251489128146872, 0.9999999999999995559, 4.522369765452626034 ) ) ;
#3553 = CARTESIAN_POINT ( 'NONE',  ( 29.50000000000000000, 3.000000000000000000, 10.25000000000000711 ) ) ;
#3554 = ORIENTED_EDGE ( 'NONE', *, *, #7232, .T. ) ;
#3555 = CARTESIAN_POINT ( 'NONE',  ( 11.35152841543222202, 3.000000000000000000, 2.439196780109299301 ) ) ;
#3556 = VERTEX_POINT ( 'NONE', #3974 ) ;
#3557 = ORIENTED_EDGE ( 'NONE', *, *, #3220, .T. ) ;
#3558 = CARTESIAN_POINT ( 'NONE',  ( -29.50000000000000000, 1.500000000000000000, 10.25000000000000355 ) ) ;
#3559 = CARTESIAN_POINT ( 'NONE',  ( 23.34935560057314063, 0.9999999999999995559, 4.636509128341351982 ) ) ;
#3560 = CARTESIAN_POINT ( 'NONE',  ( 13.61575925972898382, 1.000000000000000000, 3.286958718691550541 ) ) ;
#3561 = CARTESIAN_POINT ( 'NONE',  ( 22.68318624694626706, 2.999999999999999556, 3.663234225088514595 ) ) ;
#3562 = CARTESIAN_POINT ( 'NONE',  ( 25.27843288629603435, 0.9999999999999995559, 4.342108198961294185 ) ) ;
#3563 = VECTOR ( 'NONE', #3875, 1000.000000000000000 ) ;
#3564 = EDGE_CURVE ( 'NONE', #6229, #722, #9567, .T. ) ;
#3565 = CIRCLE ( 'NONE', #4083, 3.000000000000000888 ) ;
#3566 = DIRECTION ( 'NONE',  ( -0.000000000000000000, 1.000000000000000000, -0.000000000000000000 ) ) ;
#3567 = DIRECTION ( 'NONE',  ( 0.000000000000000000, -0.000000000000000000, 1.000000000000000000 ) ) ;
#3568 = ORIENTED_EDGE ( 'NONE', *, *, #8698, .T. ) ;
#3569 = EDGE_LOOP ( 'NONE', ( #8459, #733, #3282, #7563 ) ) ;
#3570 = VECTOR ( 'NONE', #9438, 1000.000000000000000 ) ;
#3571 = CARTESIAN_POINT ( 'NONE',  ( 25.33475232499494467, 0.9999999999999995559, 4.275649795882336512 ) ) ;
#3572 = LINE ( 'NONE', #334, #8270 ) ;
#3573 = FACE_OUTER_BOUND ( 'NONE', #296, .T. ) ;
#3574 = LINE ( 'NONE', #1187, #10447 ) ;
#3575 = EDGE_CURVE ( 'NONE', #5588, #8153, #7226, .T. ) ;
#3576 = ORIENTED_EDGE ( 'NONE', *, *, #8043, .F. ) ;
#3577 = VECTOR ( 'NONE', #110, 999.9999999999998863 ) ;
#3578 = DIRECTION ( 'NONE',  ( 1.000000000000000000, 0.000000000000000000, 0.000000000000000000 ) ) ;
#3579 = AXIS2_PLACEMENT_3D ( 'NONE', #7406, #3998, #10437 ) ;
#3580 = ORIENTED_EDGE ( 'NONE', *, *, #2749, .T. ) ;
#3581 = ORIENTED_EDGE ( 'NONE', *, *, #6002, .F. ) ;
#3582 = DIRECTION ( 'NONE',  ( -0.000000000000000000, 0.000000000000000000, 1.000000000000000000 ) ) ;
#3583 = CARTESIAN_POINT ( 'NONE',  ( 8.497960429726964193, 3.000000000000002220, 3.633107970313574242 ) ) ;
#3584 = CARTESIAN_POINT ( 'NONE',  ( -9.850198761613610188, 0.9999999999999995559, 0.7440539741468582546 ) ) ;
#3585 = EDGE_CURVE ( 'NONE', #717, #5999, #7973, .T. ) ;
#3586 = CARTESIAN_POINT ( 'NONE',  ( 12.14000590144394565, 0.9999999999999995559, 2.885098251483007914 ) ) ;
#3587 = ORIENTED_EDGE ( 'NONE', *, *, #2748, .F. ) ;
#3588 = PLANE ( 'NONE',  #506 ) ;
#3589 = ORIENTED_EDGE ( 'NONE', *, *, #6635, .T. ) ;
#3590 = DIRECTION ( 'NONE',  ( 0.000000000000000000, 0.000000000000000000, 1.000000000000000000 ) ) ;
#3591 = CARTESIAN_POINT ( 'NONE',  ( 23.36519253361190351, 3.000000000000000000, 2.326525803422627270 ) ) ;
#3592 = DIRECTION ( 'NONE',  ( -1.000000000000000000, 0.000000000000000000, 0.000000000000000000 ) ) ;
#3593 = DIRECTION ( 'NONE',  ( 0.000000000000000000, 0.000000000000000000, -1.000000000000000000 ) ) ;
#3594 = EDGE_CURVE ( 'NONE', #2538, #1397, #9676, .T. ) ;
#3595 = CARTESIAN_POINT ( 'NONE',  ( -2.831705434119378140, 1.000000000000000000, 4.530342895278852922 ) ) ;
#3596 = CARTESIAN_POINT ( 'NONE',  ( -11.22719788214172887, 1.000000000000000000, 1.663847840447616022 ) ) ;
#3597 = CARTESIAN_POINT ( 'NONE',  ( -20.24173316239967235, 1.000000000000000000, 2.439196780109299301 ) ) ;
#3598 = CARTESIAN_POINT ( 'NONE',  ( 16.41152928157661250, 0.9999999999999995559, 4.513276874685441697 ) ) ;
#3599 = CARTESIAN_POINT ( 'NONE',  ( -10.27927585148884759, 1.000000000000000444, 0.8428726909124105715 ) ) ;
#3600 = ORIENTED_EDGE ( 'NONE', *, *, #9465, .F. ) ;
#3601 = ORIENTED_EDGE ( 'NONE', *, *, #9915, .T. ) ;
#3602 = CARTESIAN_POINT ( 'NONE',  ( -9.187552471655417108, 3.000000000000001776, 2.560143902878455169 ) ) ;
#3603 = CARTESIAN_POINT ( 'NONE',  ( 25.67546806334055276, 3.000000000000000000, 2.303612042174618235 ) ) ;
#3604 = FACE_OUTER_BOUND ( 'NONE', #6523, .T. ) ;
#3605 = EDGE_LOOP ( 'NONE', ( #4055, #8724, #1453, #7618 ) ) ;
#3606 = CARTESIAN_POINT ( 'NONE',  ( -19.34308798459224121, 1.000000000000000888, 2.068887076129901637 ) ) ;
#3607 = VERTEX_POINT ( 'NONE', #7174 ) ;
#3608 = VERTEX_POINT ( 'NONE', #2215 ) ;
#3609 = DIRECTION ( 'NONE',  ( 0.000000000000000000, 0.000000000000000000, 1.000000000000000000 ) ) ;
#3610 = DIRECTION ( 'NONE',  ( 0.000000000000000000, 0.000000000000000000, 1.000000000000000000 ) ) ;
#3611 = DIRECTION ( 'NONE',  ( 1.000000000000000000, -1.776356839400248887E-15, 0.000000000000000000 ) ) ;
#3612 = B_SPLINE_CURVE_WITH_KNOTS ( 'NONE', 3,
 ( #785, #7172, #727, #2373, #5635, #9620, #568, #3972, #6322, #5468, #7971, #2161, #8777, #625, #1426, #8717, #8662, #10306, #2211, #135, #672, #5412, #5522 ),
 .UNSPECIFIED., .F., .F.,
 ( 4, 1, 1, 1, 1, 1, 1, 1, 1, 1, 1, 1, 1, 1, 1, 1, 1, 1, 1, 1, 4 ),
 ( 0.000000000000000000, 0.05428929598478418606, 0.1047286490146557281, 0.1504499381100052047, 0.1923846589336328239, 0.2678246967407568180, 0.3350558486417993809, 0.3965367468883817526, 0.4544445314142640524, 0.4833888049762273265, 0.5140733444694640664, 0.5458632359729187478, 0.5798023796480007430, 0.6162445685783489724, 0.6567379554430964328, 0.7000725160901994926, 0.7477261995079984569, 0.8007212242042107686, 0.8603785384412736548, 0.9268195005322752422, 1.000000000000000000 ),
 .UNSPECIFIED. ) ;
#3613 = DIRECTION ( 'NONE',  ( -0.9994654477038654727, 0.000000000000000000, 0.03269279501835024859 ) ) ;
#3614 = CARTESIAN_POINT ( 'NONE',  ( 23.36519253361190351, 1.000000000000000000, 2.326525803422627270 ) ) ;
#3615 = CIRCLE ( 'NONE', #1927, 3.000000000000000888 ) ;
#3616 = DIRECTION ( 'NONE',  ( -1.000000000000000000, 0.000000000000000000, 0.000000000000000000 ) ) ;
#3617 = VECTOR ( 'NONE', #3533, 1000.000000000000000 ) ;
#3618 = CARTESIAN_POINT ( 'NONE',  ( -19.97150904447657638, 3.000000000000000000, 2.778301555542199708 ) ) ;
#3619 = ORIENTED_EDGE ( 'NONE', *, *, #10, .T. ) ;
#3620 = VERTEX_POINT ( 'NONE', #3069 ) ;
#3621 = LINE ( 'NONE', #6875, #2974 ) ;
#3622 = LINE ( 'NONE', #2991, #9943 ) ;
#3623 = CARTESIAN_POINT ( 'NONE',  ( -10.27436204985414747, 1.000000000000000000, 4.968322691085958809 ) ) ;
#3624 = CARTESIAN_POINT ( 'NONE',  ( -6.215688505626859595, 3.000000000000000000, 0.5176030526561972156 ) ) ;
#3625 = CARTESIAN_POINT ( 'NONE',  ( 13.55306019968800513, 1.000000000000000000, 4.869447670711752885 ) ) ;
#3626 = ORIENTED_EDGE ( 'NONE', *, *, #9514, .F. ) ;
#3627 = CARTESIAN_POINT ( 'NONE',  ( 7.835082541021258784, 3.000000000000000000, 2.552231705253599880 ) ) ;
#3628 = CARTESIAN_POINT ( 'NONE',  ( -23.39523095685510867, 3.000000000000000000, 0.8567078280890980668 ) ) ;
#3629 = ORIENTED_EDGE ( 'NONE', *, *, #3283, .T. ) ;
#3630 = ORIENTED_EDGE ( 'NONE', *, *, #8586, .F. ) ;
#3631 = CARTESIAN_POINT ( 'NONE',  ( -0.05263582920443654611, 3.000000000000000000, 4.925965133283901842 ) ) ;
#3632 = EDGE_CURVE ( 'NONE', #5492, #5951, #2268, .T. ) ;
#3633 = VECTOR ( 'NONE', #5998, 1000.000000000000000 ) ;
#3634 = CARTESIAN_POINT ( 'NONE',  ( 24.46622898822910841, 1.000000000000000000, 4.982482595856052576 ) ) ;
#3635 = LINE ( 'NONE', #210, #10221 ) ;
#3636 = VECTOR ( 'NONE', #4560, 1000.000000000000114 ) ;
#3637 = DIRECTION ( 'NONE',  ( 1.000000000000000000, 0.000000000000000000, 0.000000000000000000 ) ) ;
#3638 = DIRECTION ( 'NONE',  ( 0.000000000000000000, 0.000000000000000000, -1.000000000000000000 ) ) ;
#3639 = ORIENTED_EDGE ( 'NONE', *, *, #9875, .T. ) ;
#3640 = CARTESIAN_POINT ( 'NONE',  ( 12.25522816617650612, 0.9999999999999991118, 3.194677529631569701 ) ) ;
#3641 = ORIENTED_EDGE ( 'NONE', *, *, #10029, .T. ) ;
#3642 = VECTOR ( 'NONE', #5040, 1000.000000000000000 ) ;
#3643 = CARTESIAN_POINT ( 'NONE',  ( 25.11350570418628081, 1.000000000000000888, 0.8886405164851840510 ) ) ;
#3644 = CARTESIAN_POINT ( 'NONE',  ( -7.736361482958772129, 1.000000000000000000, 4.530342895278852922 ) ) ;
#3645 = VECTOR ( 'NONE', #10162, 1000.000000000000000 ) ;
#3646 = B_SPLINE_SURFACE_WITH_KNOTS ( 'NONE', 3, 1, ( 
 ( #10142, #2957 ),
 ( #7003, #564 ),
 ( #8714, #9456 ),
 ( #3809, #9402 ),
 ( #3759, #2003 ),
 ( #1260, #4613 ),
 ( #6211, #2850 ),
 ( #8607, #1318 ),
 ( #2105, #6949 ),
 ( #2157, #5250 ),
 ( #10196, #5408 ),
 ( #6099, #4502 ),
 ( #8659, #7861 ),
 ( #7061, #6261 ),
 ( #9502, #8496 ),
 ( #4664, #7915 ),
 ( #621, #1209 ),
 ( #4450, #9350 ),
 ( #7759, #3702 ) ),
 .UNSPECIFIED., .F., .F., .F.,
 ( 4, 1, 1, 1, 1, 1, 1, 1, 1, 1, 1, 1, 1, 1, 1, 1, 4 ),
 ( 2, 2 ),
 ( 0.000000000000000000, 0.06559408185157503124, 0.1288912892828458778, 0.1900959190728805648, 0.2504914847697015667, 0.3096851782489950522, 0.3677755724606046606, 0.4251156232802975610, 0.4829940788603618307, 0.5413585461798704479, 0.6007950243478773489, 0.6618728284967907438, 0.7249135667589651222, 0.7899713731254797144, 0.8572124682775732474, 0.9270669876639688889, 1.000000000000000000 ),
 ( 0.000000000000000000, 1.000000000000000000 ),
 .UNSPECIFIED. ) ;
#3647 = LINE ( 'NONE', #5306, #1252 ) ;
#3648 = CARTESIAN_POINT ( 'NONE',  ( 8.353335897871016158, 1.000000000000000444, 2.997250043292686517 ) ) ;
#3649 = EDGE_CURVE ( 'NONE', #8913, #10301, #2375, .T. ) ;
#3650 = DIRECTION ( 'NONE',  ( 1.000000000000000000, 0.000000000000000000, 0.000000000000000000 ) ) ;
#3651 = CARTESIAN_POINT ( 'NONE',  ( -9.466461459343003426, 1.000000000000000000, 3.191820009055648111 ) ) ;
#3652 = DIRECTION ( 'NONE',  ( 0.000000000000000000, 0.000000000000000000, -1.000000000000000000 ) ) ;
#3653 = LINE ( 'NONE', #3597, #1796 ) ;
#3654 = VECTOR ( 'NONE', #8328, 1000.000000000000000 ) ;
#3655 = CARTESIAN_POINT ( 'NONE',  ( 17.00018690991792880, 3.000000000000000000, 4.180604523765087066 ) ) ;
#3656 = VECTOR ( 'NONE', #9786, 1000.000000000000000 ) ;
#3657 = CARTESIAN_POINT ( 'NONE',  ( -13.54882927436333162, 1.000000000000000000, 3.888339843873334978 ) ) ;
#3658 = VERTEX_POINT ( 'NONE', #4184 ) ;
#3659 = ORIENTED_EDGE ( 'NONE', *, *, #3966, .F. ) ;
#3660 = EDGE_CURVE ( 'NONE', #6170, #6128, #5830, .T. ) ;
#3661 = CARTESIAN_POINT ( 'NONE',  ( 25.04753732946765865, 0.9999999999999995559, 0.8513258063415264365 ) ) ;
#3662 = CARTESIAN_POINT ( 'NONE',  ( -20.24173316239967235, 1.000000000000000000, 2.439196780109299301 ) ) ;
#3663 = AXIS2_PLACEMENT_3D ( 'NONE', #4931, #1735, #5082 ) ;
#3664 = B_SPLINE_CURVE_WITH_KNOTS ( 'NONE', 3,
 ( #3627, #2837, #3792, #2997, #6246, #1936, #2781, #6031, #1992, #7691, #392, #6884, #10127, #9334, #2036, #1463, #6603, #5561, #9547 ),
 .UNSPECIFIED., .F., .F.,
 ( 4, 1, 1, 1, 1, 1, 1, 1, 1, 1, 1, 1, 1, 1, 1, 1, 4 ),
 ( 0.000000000000000000, 0.07787292094786968377, 0.1476963732083403091, 0.2087403918140505743, 0.2626134554460765602, 0.3095945281426245033, 0.3532903778341996426, 0.3930548374353033947, 0.4309713499394045022, 0.4699614812751924386, 0.5139711402980120525, 0.5636488854585625097, 0.6194024342821988771, 0.6880095743337663050, 0.7742450341433853023, 0.8776801184072766659, 1.000000000000000000 ),
 .UNSPECIFIED. ) ;
#3665 = CARTESIAN_POINT ( 'NONE',  ( -19.31495581497541281, 0.9999999999999995559, 1.842985950414045115 ) ) ;
#3666 = ADVANCED_FACE ( 'NONE', ( #8281 ), #2522, .T. ) ;
#3667 = EDGE_LOOP ( 'NONE', ( #4050, #3504, #4486, #8812 ) ) ;
#3668 = EDGE_CURVE ( 'NONE', #1065, #4980, #9981, .T. ) ;
#3669 = CARTESIAN_POINT ( 'NONE',  ( 24.45641187611447975, 2.999999999999999556, 0.4066894395067746637 ) ) ;
#3670 = DIRECTION ( 'NONE',  ( -0.5413121073257022298, 0.000000000000000000, -0.8408217423821814362 ) ) ;
#3671 = CARTESIAN_POINT ( 'NONE',  ( -11.25898895483856421, 3.000000000000000000, 3.513028568980150812 ) ) ;
#3672 = DIRECTION ( 'NONE',  ( -0.000000000000000000, 0.000000000000000000, 1.000000000000000000 ) ) ;
#3673 = CARTESIAN_POINT ( 'NONE',  ( 24.45496247705671777, 1.000000000000000444, 0.7452490339267318076 ) ) ;
#3674 = VECTOR ( 'NONE', #4776, 1000.000000000000000 ) ;
#3675 = LINE ( 'NONE', #2235, #9192 ) ;
#3676 = DIRECTION ( 'NONE',  ( 0.000000000000000000, 0.000000000000000000, -1.000000000000000000 ) ) ;
#3677 = LINE ( 'NONE', #7680, #6302 ) ;
#3678 = DIRECTION ( 'NONE',  ( 0.000000000000000000, 0.000000000000000000, 1.000000000000000000 ) ) ;
#3679 = ORIENTED_EDGE ( 'NONE', *, *, #1544, .T. ) ;
#3680 = ORIENTED_EDGE ( 'NONE', *, *, #8448, .T. ) ;
#3681 = EDGE_CURVE ( 'NONE', #4028, #8579, #3435, .T. ) ;
#3682 = CARTESIAN_POINT ( 'NONE',  ( 23.35619069989797580, 1.000000000000000000, 2.715602495501221014 ) ) ;
#3683 = CARTESIAN_POINT ( 'NONE',  ( -5.609008868328936082, 1.000000000000000000, 3.399993643835850676 ) ) ;
#3684 = CARTESIAN_POINT ( 'NONE',  ( -18.59810699728395633, 1.000000000000000000, 1.140584045370328203 ) ) ;
#3685 = CARTESIAN_POINT ( 'NONE',  ( 23.55530197321672858, 3.000000000000004441, 4.051858583906426503 ) ) ;
#3686 = DIRECTION ( 'NONE',  ( -1.000000000000000000, 0.000000000000000000, 0.000000000000000000 ) ) ;
#3687 = ORIENTED_EDGE ( 'NONE', *, *, #168, .T. ) ;
#3688 = CARTESIAN_POINT ( 'NONE',  ( 4.089034474910937966, 1.000000000000000000, 3.682580956696600794 ) ) ;
#3689 = CARTESIAN_POINT ( 'NONE',  ( 20.94536768705469498, 1.000000000000000000, 0.8567078280890980668 ) ) ;
#3690 = VERTEX_POINT ( 'NONE', #9874 ) ;
#3691 = EDGE_LOOP ( 'NONE', ( #4103, #7770, #4259, #6819 ) ) ;
#3692 = FACE_OUTER_BOUND ( 'NONE', #9996, .T. ) ;
#3693 = CARTESIAN_POINT ( 'NONE',  ( 8.385020610464170687, 3.000000000000000888, 3.038221890810187897 ) ) ;
#3694 = FACE_OUTER_BOUND ( 'NONE', #1035, .T. ) ;
#3695 = CARTESIAN_POINT ( 'NONE',  ( -20.98175868795376076, 3.000000000000000000, 0.8567078280890980668 ) ) ;
#3696 = DIRECTION ( 'NONE',  ( -1.000000000000000000, 0.000000000000000000, 0.000000000000000000 ) ) ;
#3697 = EDGE_CURVE ( 'NONE', #9346, #3730, #2579, .T. ) ;
#3698 = LINE ( 'NONE', #2200, #4767 ) ;
#3699 = VERTEX_POINT ( 'NONE', #833 ) ;
#3700 = CARTESIAN_POINT ( 'NONE',  ( 24.97899674238236045, 1.000000000000000000, 0.8192331345818593125 ) ) ;
#3701 = CARTESIAN_POINT ( 'NONE',  ( -8.379430978470766789, 3.000000000000000000, 3.764189325670674879 ) ) ;
#3702 = CARTESIAN_POINT ( 'NONE',  ( 26.48937753124154781, 3.000000000000000444, 2.651137264754862777 ) ) ;
#3703 = CARTESIAN_POINT ( 'NONE',  ( 8.412354809406464184, 1.000000000000001332, 3.087859966983125926 ) ) ;
#3704 = CARTESIAN_POINT ( 'NONE',  ( 26.48517441730874822, 1.000000000000000000, 2.890741513595036061 ) ) ;
#3705 = PLANE ( 'NONE',  #9933 ) ;
#3706 = B_SPLINE_CURVE_WITH_KNOTS ( 'NONE', 3,
 ( #1656, #8143, #4095, #10376, #3292, #2229, #3139, #639, #4739, #7130, #6337, #3086, #9581, #2281, #6397, #1807, #7502, #9886, #7451, #1854, #8296, #9096, #951 ),
 .UNSPECIFIED., .F., .F.,
 ( 4, 1, 1, 1, 1, 1, 1, 1, 1, 1, 1, 1, 1, 1, 1, 1, 1, 1, 1, 1, 4 ),
 ( 0.000000000000000000, 0.07865740116333762300, 0.1518067838031268435, 0.2194964768789018361, 0.2822176648327332504, 0.3403479935648116017, 0.3947457880430360611, 0.4453894513354813012, 0.4928275676971270447, 0.5369028473323916861, 0.5772270896458258083, 0.6147816464283560878, 0.6493382739498534395, 0.6819549017631327814, 0.7127159978674877383, 0.7420832550979729048, 0.7703665046435260733, 0.8253059587992196411, 0.8799070894587727176, 0.9372961930238429273, 1.000000000000000000 ),
 .UNSPECIFIED. ) ;
#3707 = CARTESIAN_POINT ( 'NONE',  ( 8.178602743217609827, 1.000000000000000000, 4.530342895278852922 ) ) ;
#3708 = CARTESIAN_POINT ( 'NONE',  ( 19.20745571296107812, 1.000000000000000000, 0.8567078280890980668 ) ) ;
#3709 = CARTESIAN_POINT ( 'NONE',  ( 16.78775351402216387, 2.999999999999999556, 4.403585411360850799 ) ) ;
#3710 = DIRECTION ( 'NONE',  ( 0.3640822198545697330, 0.000000000000000000, -0.9313668112971219548 ) ) ;
#3711 = EDGE_LOOP ( 'NONE', ( #1562, #5277, #9664, #8276 ) ) ;
#3712 = EDGE_CURVE ( 'NONE', #7041, #909, #2476, .T. ) ;
#3713 = ORIENTED_EDGE ( 'NONE', *, *, #3632, .T. ) ;
#3714 = CARTESIAN_POINT ( 'NONE',  ( 24.80473311319630625, 2.999999999999999112, 0.7689486688155826588 ) ) ;
#3715 = LINE ( 'NONE', #9415, #3961 ) ;
#3716 = CARTESIAN_POINT ( 'NONE',  ( -19.38328342931263037, 3.000000000000000444, 2.217671678630609655 ) ) ;
#3717 = VERTEX_POINT ( 'NONE', #6585 ) ;
#3718 = EDGE_LOOP ( 'NONE', ( #8327, #1005, #4553, #3580 ) ) ;
#3719 = CARTESIAN_POINT ( 'NONE',  ( -9.031015280387613586, 3.000000000000000444, 1.221776850391198765 ) ) ;
#3720 = PLANE ( 'NONE',  #3818 ) ;
#3721 = CARTESIAN_POINT ( 'NONE',  ( -9.127159524360063614, 3.000000000000001332, 1.052032825437329899 ) ) ;
#3722 = CARTESIAN_POINT ( 'NONE',  ( 7.564858423098167250, 1.000000000000000000, 0.8567078280890980668 ) ) ;
#3723 = PLANE ( 'NONE',  #8172 ) ;
#3724 = ADVANCED_FACE ( 'NONE', ( #1841 ), #5037, .F. ) ;
#3725 = EDGE_CURVE ( 'NONE', #7429, #8232, #5488, .T. ) ;
#3726 = EDGE_CURVE ( 'NONE', #8381, #8913, #8330, .T. ) ;
#3727 = CARTESIAN_POINT ( 'NONE',  ( 8.009068049376359966, 1.000000000000000000, 2.548882372620766557 ) ) ;
#3728 = CARTESIAN_POINT ( 'NONE',  ( -18.90393901730816140, 0.9999999999999991118, 4.456662392004465900 ) ) ;
#3729 = CARTESIAN_POINT ( 'NONE',  ( 25.67581495965833582, 3.000000000000000000, 3.054345212737266557 ) ) ;
#3730 = VERTEX_POINT ( 'NONE', #252 ) ;
#3731 = VERTEX_POINT ( 'NONE', #7337 ) ;
#3732 = CARTESIAN_POINT ( 'NONE',  ( -9.600554662487034818, 3.000000000000000000, 2.389744000358668519 ) ) ;
#3733 = DIRECTION ( 'NONE',  ( 0.000000000000000000, 0.000000000000000000, 1.000000000000000000 ) ) ;
#3734 = DIRECTION ( 'NONE',  ( -0.000000000000000000, 1.000000000000000000, -0.000000000000000000 ) ) ;
#3735 = CARTESIAN_POINT ( 'NONE',  ( -19.30834932106217039, 1.000000000000000000, 1.753059920512656245 ) ) ;
#3736 = ADVANCED_FACE ( 'NONE', ( #9031 ), #6532, .T. ) ;
#3737 = VECTOR ( 'NONE', #8491, 1000.000000000000000 ) ;
#3738 = VECTOR ( 'NONE', #10356, 1000.000000000000000 ) ;
#3739 = PRODUCT ( 'Tapa jig', 'Tapa jig', '', ( #4231 ) ) ;
#3740 = EDGE_CURVE ( 'NONE', #122, #3956, #8399, .T. ) ;
#3741 = PERSON_AND_ORGANIZATION_ROLE ( 'creator' ) ;
#3742 = DIRECTION ( 'NONE',  ( -1.000000000000000000, 0.000000000000000000, 0.000000000000000000 ) ) ;
#3743 = VECTOR ( 'NONE', #8556, 1000.000000000000000 ) ;
#3744 = LINE ( 'NONE', #10182, #9011 ) ;
#3745 = VERTEX_POINT ( 'NONE', #7752 ) ;
#3746 = AXIS2_PLACEMENT_3D ( 'NONE', #1342, #9424, #3832 ) ;
#3747 = DIRECTION ( 'NONE',  ( 1.000000000000000000, 0.000000000000000000, 0.000000000000000000 ) ) ;
#3748 = CARTESIAN_POINT ( 'NONE',  ( 29.50000000000000000, 1.500000000000000000, 8.500000000000007105 ) ) ;
#3749 = CARTESIAN_POINT ( 'NONE',  ( -18.44157393135744982, 3.000000000000000000, 1.663070207060320271 ) ) ;
#3750 = DIRECTION ( 'NONE',  ( -1.000000000000000000, 0.000000000000000000, 0.000000000000000000 ) ) ;
#3751 = AXIS2_PLACEMENT_3D ( 'NONE', #8064, #7322, #9862 ) ;
#3752 = LINE ( 'NONE', #7854, #5354 ) ;
#3753 = VECTOR ( 'NONE', #420, 1000.000000000000227 ) ;
#3754 = VERTEX_POINT ( 'NONE', #3536 ) ;
#3755 = ORIENTED_EDGE ( 'NONE', *, *, #3786, .F. ) ;
#3756 = CARTESIAN_POINT ( 'NONE',  ( 25.62120573328147444, 0.9999999999999995559, 1.831068940234653386 ) ) ;
#3757 = FACE_OUTER_BOUND ( 'NONE', #6366, .T. ) ;
#3758 = ORIENTED_EDGE ( 'NONE', *, *, #1674, .T. ) ;
#3759 = CARTESIAN_POINT ( 'NONE',  ( 25.15630044913239871, 1.000000000000001332, 0.4940512262889900641 ) ) ;
#3760 = CARTESIAN_POINT ( 'NONE',  ( 7.835082541021258784, 1.000000000000000000, 2.891336480686500288 ) ) ;
#3761 = AXIS2_PLACEMENT_3D ( 'NONE', #4499, #8656, #3590 ) ;
#3762 = PLANE ( 'NONE',  #5886 ) ;
#3763 = DIRECTION ( 'NONE',  ( -0.000000000000000000, 1.000000000000000000, -0.000000000000000000 ) ) ;
#3764 = SPHERICAL_SURFACE ( 'NONE', #7642, 3.000000000000000000 ) ;
#3765 = LINE ( 'NONE', #9356, #9613 ) ;
#3766 = CARTESIAN_POINT ( 'NONE',  ( 16.41152928157661250, 2.999999999999999556, 4.513276874685441697 ) ) ;
#3767 = FACE_OUTER_BOUND ( 'NONE', #9892, .T. ) ;
#3768 = ORIENTED_EDGE ( 'NONE', *, *, #2474, .F. ) ;
#3769 = ORIENTED_EDGE ( 'NONE', *, *, #3668, .F. ) ;
#3770 = CARTESIAN_POINT ( 'NONE',  ( 25.17658983925884186, 2.999999999999999556, 0.9318541291256466907 ) ) ;
#3771 = DIRECTION ( 'NONE',  ( -0.000000000000000000, 0.000000000000000000, 1.000000000000000000 ) ) ;
#3772 = CARTESIAN_POINT ( 'NONE',  ( -5.186010984390501122, 3.000000000000000000, 4.530342895278852922 ) ) ;
#3773 = VERTEX_POINT ( 'NONE', #6091 ) ;
#3774 = DIRECTION ( 'NONE',  ( -0.000000000000000000, 0.000000000000000000, 1.000000000000000000 ) ) ;
#3775 = DIRECTION ( 'NONE',  ( -0.000000000000000000, 1.000000000000000000, -0.000000000000000000 ) ) ;
#3776 = CARTESIAN_POINT ( 'NONE',  ( -9.302945297551509896, 3.000000000000000000, 0.8781975057508946136 ) ) ;
#3777 = EDGE_CURVE ( 'NONE', #8121, #2830, #8488, .T. ) ;
#3778 = LINE ( 'NONE', #5429, #5018 ) ;
#3779 = DIRECTION ( 'NONE',  ( -1.000000000000000000, 0.000000000000000000, 0.000000000000000000 ) ) ;
#3780 = LINE ( 'NONE', #643, #2544 ) ;
#3781 = CARTESIAN_POINT ( 'NONE',  ( -18.54713291574519829, 1.000000000000000000, 4.117283965022305203 ) ) ;
#3782 = DIRECTION ( 'NONE',  ( 0.000000000000000000, 0.000000000000000000, -1.000000000000000000 ) ) ;
#3783 = ORIENTED_EDGE ( 'NONE', *, *, #2876, .F. ) ;
#3784 = ORIENTED_EDGE ( 'NONE', *, *, #4654, .T. ) ;
#3785 = CARTESIAN_POINT ( 'NONE',  ( 9.032555358976113169, 1.000000000000000000, 0.9827544582580295396 ) ) ;
#3786 = EDGE_CURVE ( 'NONE', #10078, #804, #454, .T. ) ;
#3787 = CARTESIAN_POINT ( 'NONE',  ( 12.66202707882395018, 1.000000000000000000, 1.704469766671348863 ) ) ;
#3788 = CARTESIAN_POINT ( 'NONE',  ( 9.189458997564798892, 3.000000000000000000, 1.153614644881796769 ) ) ;
#3789 = LINE ( 'NONE', #2994, #8236 ) ;
#3790 = AXIS2_PLACEMENT_3D ( 'NONE', #945, #5837, #4993 ) ;
#3791 = COORDINATED_UNIVERSAL_TIME_OFFSET ( 3, 0, .BEHIND. ) ;
#3792 = CARTESIAN_POINT ( 'NONE',  ( 7.925474771927454753, 2.999999999999999112, 2.551890313064404392 ) ) ;
#3793 = ADVANCED_FACE ( 'NONE', ( #1942 ), #302, .T. ) ;
#3794 = DIRECTION ( 'NONE',  ( -0.3559644245142030705, 0.000000000000000000, 0.9344995069449059111 ) ) ;
#3795 = ORIENTED_EDGE ( 'NONE', *, *, #6330, .T. ) ;
#3796 = ORIENTED_EDGE ( 'NONE', *, *, #4713, .F. ) ;
#3797 = APPLICATION_CONTEXT ( 'configuration controlled 3d designs of mechanical parts and assemblies' ) ;
#3798 = EDGE_CURVE ( 'NONE', #9016, #5418, #2946, .T. ) ;
#3799 = EDGE_CURVE ( 'NONE', #6248, #1647, #5244, .T. ) ;
#3800 = CARTESIAN_POINT ( 'NONE',  ( 23.76023776411001265, 1.000000000000000000, 1.028188659032164498 ) ) ;
#3801 = APPROVAL_PERSON_ORGANIZATION ( #3122, #832, #4831 ) ;
#3802 = CARTESIAN_POINT ( 'NONE',  ( 14.09527460623957040, 3.000000000000000000, 4.530342895278852922 ) ) ;
#3803 = CARTESIAN_POINT ( 'NONE',  ( 11.71336339229125656, 3.000000000000000000, 2.778202476418800249 ) ) ;
#3804 = ORIENTED_EDGE ( 'NONE', *, *, #9727, .T. ) ;
#3805 = CARTESIAN_POINT ( 'NONE',  ( -18.05079840237616295, 1.000000000000000000, 1.817504691815648776 ) ) ;
#3806 = VERTEX_POINT ( 'NONE', #2046 ) ;
#3807 = CARTESIAN_POINT ( 'NONE',  ( -8.694783155071231562, 0.9999999999999995559, 4.553826125890351406 ) ) ;
#3808 = ORIENTED_EDGE ( 'NONE', *, *, #4186, .T. ) ;
#3809 = CARTESIAN_POINT ( 'NONE',  ( 24.95568646655243228, 0.9999999999999991118, 0.4419682782090174622 ) ) ;
#3810 = AXIS2_PLACEMENT_3D ( 'NONE', #3657, #2217, #3710 ) ;
#3811 = FACE_OUTER_BOUND ( 'NONE', #8784, .T. ) ;
#3812 = CARTESIAN_POINT ( 'NONE',  ( 11.86973204552166905, 1.000000000000000444, 2.432973014260338296 ) ) ;
#3813 = DIRECTION ( 'NONE',  ( -1.000000000000000000, 0.000000000000000000, 0.000000000000000000 ) ) ;
#3814 = DIRECTION ( 'NONE',  ( -0.000000000000000000, 1.000000000000000000, -0.000000000000000000 ) ) ;
#3815 = CARTESIAN_POINT ( 'NONE',  ( -20.98175868795376076, 1.000000000000000000, 4.530342895278852922 ) ) ;
#3816 = CARTESIAN_POINT ( 'NONE',  ( -10.50280534991865444, 1.000000000000000000, 1.079692826900309210 ) ) ;
#3817 = ORIENTED_EDGE ( 'NONE', *, *, #5501, .T. ) ;
#3818 = AXIS2_PLACEMENT_3D ( 'NONE', #2763, #9419, #6967 ) ;
#3819 = VERTEX_POINT ( 'NONE', #7802 ) ;
#3820 = CARTESIAN_POINT ( 'NONE',  ( -8.401112170930957745, 3.000000000000000444, 3.436494865115138353 ) ) ;
#3821 = CARTESIAN_POINT ( 'NONE',  ( 8.389208143625653591, 1.000000000000000000, 2.403395370021522925 ) ) ;
#3822 = CARTESIAN_POINT ( 'NONE',  ( -3.264417256937402367, 1.000000000000000000, 0.8567078280890980668 ) ) ;
#3823 = CARTESIAN_POINT ( 'NONE',  ( -13.84024744075097857, 1.000000000000000000, 4.925965133283901842 ) ) ;
#3824 = VERTEX_POINT ( 'NONE', #4440 ) ;
#3825 = VECTOR ( 'NONE', #8445, 1000.000000000000114 ) ;
#3826 = CARTESIAN_POINT ( 'NONE',  ( -19.57941914788228743, 1.000000000000000000, 4.530342895278852922 ) ) ;
#3827 = CARTESIAN_POINT ( 'NONE',  ( 7.564858423098167250, 3.000000000000000000, 4.530342895278852922 ) ) ;
#3828 = VECTOR ( 'NONE', #9381, 1000.000000000000000 ) ;
#3829 = CARTESIAN_POINT ( 'NONE',  ( -9.367983765584817490, 0.9999999999999986677, 0.8363692604467057867 ) ) ;
#3830 = DIRECTION ( 'NONE',  ( 1.000000000000000000, 0.000000000000000000, 0.000000000000000000 ) ) ;
#3831 = CARTESIAN_POINT ( 'NONE',  ( 13.55306019968800513, 1.000000000000000000, 4.869447670711752885 ) ) ;
#3832 = DIRECTION ( 'NONE',  ( -1.000000000000000000, 0.000000000000000000, 0.000000000000000000 ) ) ;
#3833 = EDGE_CURVE ( 'NONE', #8277, #4211, #5139, .T. ) ;
#3834 = CARTESIAN_POINT ( 'NONE',  ( -18.61543214706375693, 0.9999999999999991118, 4.235810474738921805 ) ) ;
#3835 = CARTESIAN_POINT ( 'NONE',  ( -29.50000000000000000, 3.000000000000000000, 10.25000000000000355 ) ) ;
#3836 = ORIENTED_EDGE ( 'NONE', *, *, #8116, .T. ) ;
#3837 = ORIENTED_EDGE ( 'NONE', *, *, #6786, .T. ) ;
#3838 = CARTESIAN_POINT ( 'NONE',  ( 9.356420457849846883, 3.000000000000000000, 1.815981543580654334 ) ) ;
#3839 = DIRECTION ( 'NONE',  ( -0.000000000000000000, 0.000000000000000000, 1.000000000000000000 ) ) ;
#3840 = VECTOR ( 'NONE', #5553, 1000.000000000000000 ) ;
#3841 = CARTESIAN_POINT ( 'NONE',  ( -18.34486582482188410, 1.000000000000000000, 3.286958718691550541 ) ) ;
#3842 = CARTESIAN_POINT ( 'NONE',  ( 23.59857442565744634, 1.000000000000000000, 4.145586935131274409 ) ) ;
#3843 = APPROVAL_ROLE ( '' ) ;
#3844 = CARTESIAN_POINT ( 'NONE',  ( 8.468637111884067536, 3.000000000000000000, 3.307113751131650403 ) ) ;
#3845 = EDGE_CURVE ( 'NONE', #3699, #2396, #6942, .T. ) ;
#3846 = VECTOR ( 'NONE', #7811, 1000.000000000000000 ) ;
#3847 = DIRECTION ( 'NONE',  ( -0.9990540533801014478, 0.000000000000000000, -0.04348561169846389823 ) ) ;
#3848 = ORIENTED_EDGE ( 'NONE', *, *, #5486, .T. ) ;
#3849 = CARTESIAN_POINT ( 'NONE',  ( 23.65471714546889359, 1.000000000000000000, 1.168725130775599919 ) ) ;
#3850 = CARTESIAN_POINT ( 'NONE',  ( 22.76025675097423573, 1.000000000000000444, 3.863123608128033126 ) ) ;
#3851 = CARTESIAN_POINT ( 'NONE',  ( -10.55308854331909174, 0.9999999999999991118, 1.217005621111833413 ) ) ;
#3852 = EDGE_CURVE ( 'NONE', #7098, #4873, #1094, .T. ) ;
#3853 = CARTESIAN_POINT ( 'NONE',  ( -9.948514088108566966, 3.000000000000000444, 4.642966663969444241 ) ) ;
#3854 = VERTEX_POINT ( 'NONE', #10027 ) ;
#3855 = CARTESIAN_POINT ( 'NONE',  ( 12.01384242994960516, 1.000000000000000000, 4.530342895278852922 ) ) ;
#3856 = EDGE_CURVE ( 'NONE', #6651, #5888, #4011, .T. ) ;
#3857 = ORIENTED_EDGE ( 'NONE', *, *, #5819, .T. ) ;
#3858 = EDGE_CURVE ( 'NONE', #4229, #7106, #5985, .T. ) ;
#3859 = CARTESIAN_POINT ( 'NONE',  ( 25.29254565642498775, 1.000000000000000000, 1.040551845415055521 ) ) ;
#3860 = FACE_OUTER_BOUND ( 'NONE', #5114, .T. ) ;
#3861 = VERTEX_POINT ( 'NONE', #1148 ) ;
#3862 = ORIENTED_EDGE ( 'NONE', *, *, #3080, .F. ) ;
#3863 = CARTESIAN_POINT ( 'NONE',  ( -26.17430056177004971, 1.000000000000000000, 0.8567078280890980668 ) ) ;
#3864 = LINE ( 'NONE', #8823, #6889 ) ;
#3865 = DIRECTION ( 'NONE',  ( -1.000000000000000000, 0.000000000000000000, 0.000000000000000000 ) ) ;
#3866 = CARTESIAN_POINT ( 'NONE',  ( 20.50294192535707793, 1.000000000000000000, 0.5176030526561972156 ) ) ;
#3867 = CARTESIAN_POINT ( 'NONE',  ( 17.23552612040466059, 1.000000000000000000, 3.286958718691550541 ) ) ;
#3868 = DIRECTION ( 'NONE',  ( -1.000000000000000000, 0.000000000000000000, 0.000000000000000000 ) ) ;
#3869 = LINE ( 'NONE', #10358, #6988 ) ;
#3870 = EDGE_CURVE ( 'NONE', #1235, #3540, #4391, .T. ) ;
#3871 = CARTESIAN_POINT ( 'NONE',  ( 13.24839575301000849, 1.000000000000000000, 3.286958718691550541 ) ) ;
#3872 = ORIENTED_EDGE ( 'NONE', *, *, #7184, .F. ) ;
#3873 = ORIENTED_EDGE ( 'NONE', *, *, #815, .T. ) ;
#3874 = ADVANCED_FACE ( 'NONE', ( #6894 ), #10373, .T. ) ;
#3875 = DIRECTION ( 'NONE',  ( 0.000000000000000000, 0.000000000000000000, -1.000000000000000000 ) ) ;
#3876 = CARTESIAN_POINT ( 'NONE',  ( 24.97899674238236045, 1.000000000000000000, 0.8192331345818593125 ) ) ;
#3877 = CARTESIAN_POINT ( 'NONE',  ( -22.75499407615497205, 3.000000000000000000, 4.925965133283901842 ) ) ;
#3878 = DIRECTION ( 'NONE',  ( 1.000000000000000000, 0.000000000000000000, 0.000000000000000000 ) ) ;
#3879 = CARTESIAN_POINT ( 'NONE',  ( 10.02601730104476374, 1.000000000000000000, 0.5176030526561972156 ) ) ;
#3880 = CARTESIAN_POINT ( 'NONE',  ( -9.207920875148065676, 1.000000000000001332, 3.394226357147187567 ) ) ;
#3881 = CARTESIAN_POINT ( 'NONE',  ( -11.93366616429360505, 1.000000000000000000, 0.8567078280890980668 ) ) ;
#3882 = CARTESIAN_POINT ( 'NONE',  ( 44.50000000000000000, 3.000000000000000000, -13.50000000000000178 ) ) ;
#3883 = CARTESIAN_POINT ( 'NONE',  ( 23.51468964930166905, 0.9999999999999986677, 3.947923091458153344 ) ) ;
#3884 = CARTESIAN_POINT ( 'NONE',  ( 13.22591267936939019, 3.000000000000000444, 3.432891603450507922 ) ) ;
#3885 = CARTESIAN_POINT ( 'NONE',  ( -10.55308854331909174, 2.999999999999999556, 1.217005621111833413 ) ) ;
#3886 = B_SPLINE_CURVE_WITH_KNOTS ( 'NONE', 3,
 ( #10108, #4576, #2820, #1286, #9420, #6065, #2019, #5268, #2127, #8515, #10217, #1229, #4468, #430, #5379, #2867, #6118, #9369, #2072 ),
 .UNSPECIFIED., .F., .F.,
 ( 4, 1, 1, 1, 1, 1, 1, 1, 1, 1, 1, 1, 1, 1, 1, 1, 4 ),
 ( 0.000000000000000000, 0.07235237040185936441, 0.1380375688919818489, 0.1972153271978529798, 0.2520349755549063930, 0.3044172645342217987, 0.3559861307776714390, 0.4083961242618881493, 0.4613879906535187647, 0.5167117459132414270, 0.5742572355450753507, 0.6348889118891604122, 0.6985056260019949503, 0.7663005924529563417, 0.8397975349417134971, 0.9174341506556455972, 0.9999999999999998890 ),
 .UNSPECIFIED. ) ;
#3887 = ORIENTED_EDGE ( 'NONE', *, *, #1602, .T. ) ;
#3888 = CARTESIAN_POINT ( 'NONE',  ( -15.80422926513319659, 1.000000000000000000, 0.5176030526561972156 ) ) ;
#3889 = DIRECTION ( 'NONE',  ( -0.3559644245142030705, 0.000000000000000000, 0.9344995069449059111 ) ) ;
#3890 = ORIENTED_EDGE ( 'NONE', *, *, #917, .F. ) ;
#3891 = CARTESIAN_POINT ( 'NONE',  ( -3.264417256937402367, 1.000000000000000000, 4.530342895278852922 ) ) ;
#3892 = ORIENTED_EDGE ( 'NONE', *, *, #4783, .F. ) ;
#3893 = ORIENTED_EDGE ( 'NONE', *, *, #3993, .F. ) ;
#3894 = CARTESIAN_POINT ( 'NONE',  ( -8.433372944419096129, 2.999999999999999556, 3.311334335300748499 ) ) ;
#3895 = CARTESIAN_POINT ( 'NONE',  ( -47.50000000000000000, 0.000000000000000000, 13.50000000000000178 ) ) ;
#3896 = CARTESIAN_POINT ( 'NONE',  ( -6.215688505626859595, 1.000000000000000000, 0.5176030526561972156 ) ) ;
#3897 = CARTESIAN_POINT ( 'NONE',  ( 24.48035835387214831, 3.000000000000003553, 4.643377820423151725 ) ) ;
#3898 = CARTESIAN_POINT ( 'NONE',  ( -9.524142129429215231, 0.9999999999999991118, 2.419929085802563939 ) ) ;
#3899 = PLANE ( 'NONE',  #3413 ) ;
#3900 = FACE_OUTER_BOUND ( 'NONE', #1121, .T. ) ;
#3901 = ORIENTED_EDGE ( 'NONE', *, *, #7017, .T. ) ;
#3902 = ORIENTED_EDGE ( 'NONE', *, *, #4917, .F. ) ;
#3903 = VECTOR ( 'NONE', #9386, 1000.000000000000000 ) ;
#3904 = CARTESIAN_POINT ( 'NONE',  ( 23.56250174575686884, 1.000000000000000000, 1.350426277338754533 ) ) ;
#3905 = CARTESIAN_POINT ( 'NONE',  ( -8.694783155071231562, 2.999999999999999556, 4.553826125890351406 ) ) ;
#3906 = EDGE_CURVE ( 'NONE', #909, #6935, #8594, .T. ) ;
#3907 = CARTESIAN_POINT ( 'NONE',  ( -10.53129901367654675, 3.000000000000000444, 1.145251677828878156 ) ) ;
#3908 = CARTESIAN_POINT ( 'NONE',  ( -10.84367253380018425, 3.000000000000001332, 3.846893358847731648 ) ) ;
#3909 = ORIENTED_EDGE ( 'NONE', *, *, #4258, .F. ) ;
#3910 = VECTOR ( 'NONE', #4444, 1000.000000000000114 ) ;
#3911 = CARTESIAN_POINT ( 'NONE',  ( 12.94011006049648138, 0.9999999999999983347, 4.285563151067234955 ) ) ;
#3912 = VERTEX_POINT ( 'NONE', #2150 ) ;
#3913 = VECTOR ( 'NONE', #1722, 1000.000000000000000 ) ;
#3914 = DIRECTION ( 'NONE',  ( -0.000000000000000000, -1.000000000000000000, -0.000000000000000000 ) ) ;
#3915 = ORIENTED_EDGE ( 'NONE', *, *, #1307, .T. ) ;
#3916 = ORIENTED_EDGE ( 'NONE', *, *, #5410, .T. ) ;
#3917 = CARTESIAN_POINT ( 'NONE',  ( -21.79243104172303802, 1.000000000000000000, 0.8567078280890980668 ) ) ;
#3918 = DIRECTION ( 'NONE',  ( -1.000000000000000000, 0.000000000000000000, 0.000000000000000000 ) ) ;
#3919 = CARTESIAN_POINT ( 'NONE',  ( -6.715514815249311376, 1.000000000000000000, 4.530342895278852922 ) ) ;
#3920 = CARTESIAN_POINT ( 'NONE',  ( -14.53788486937595792, 3.000000000000000000, 0.8567078280890980668 ) ) ;
#3921 = VECTOR ( 'NONE', #2491, 1000.000000000000000 ) ;
#3922 = EDGE_CURVE ( 'NONE', #342, #3819, #1359, .T. ) ;
#3923 = VECTOR ( 'NONE', #8548, 1000.000000000000000 ) ;
#3924 = DIRECTION ( 'NONE',  ( -1.000000000000000000, 0.000000000000000000, 0.000000000000000000 ) ) ;
#3925 = CARTESIAN_POINT ( 'NONE',  ( 22.20553048534310037, 1.000000000000000000, 4.869447670711752885 ) ) ;
#3926 = CARTESIAN_POINT ( 'NONE',  ( 17.53400896961382571, 1.000000000000000000, 4.869447670711752885 ) ) ;
#3927 = DIRECTION ( 'NONE',  ( -0.000000000000000000, 1.000000000000000000, -0.000000000000000000 ) ) ;
#3928 = ORIENTED_EDGE ( 'NONE', *, *, #2162, .T. ) ;
#3929 = VERTEX_POINT ( 'NONE', #7101 ) ;
#3930 = DIRECTION ( 'NONE',  ( -0.000000000000000000, 1.000000000000000000, -0.000000000000000000 ) ) ;
#3931 = CARTESIAN_POINT ( 'NONE',  ( -8.917929684857785588, 1.000000000000000000, 1.760987229243498708 ) ) ;
#3932 = VECTOR ( 'NONE', #628, 1000.000000000000000 ) ;
#3933 = AXIS2_PLACEMENT_3D ( 'NONE', #1077, #8365, #1020 ) ;
#3934 = CARTESIAN_POINT ( 'NONE',  ( -19.30477960319574393, 3.000000000000000000, 1.704469766671348863 ) ) ;
#3935 = DIRECTION ( 'NONE',  ( -1.000000000000000000, 0.000000000000000000, 0.000000000000000000 ) ) ;
#3936 = CARTESIAN_POINT ( 'NONE',  ( -9.122555800445002916, 2.999999999999999112, 3.525395305459904094 ) ) ;
#3937 = FACE_BOUND ( 'NONE', #1543, .T. ) ;
#3938 = CARTESIAN_POINT ( 'NONE',  ( 14.09527460623957040, 3.000000000000000000, 0.5176030526561972156 ) ) ;
#3939 = EDGE_CURVE ( 'NONE', #1099, #8703, #5570, .T. ) ;
#3940 = DIRECTION ( 'NONE',  ( -1.000000000000000000, 0.000000000000000000, 0.000000000000000000 ) ) ;
#3941 = DIRECTION ( 'NONE',  ( -0.000000000000000000, 1.000000000000000000, -0.000000000000000000 ) ) ;
#3942 = PLANE ( 'NONE',  #4489 ) ;
#3943 = VERTEX_POINT ( 'NONE', #6308 ) ;
#3944 = CARTESIAN_POINT ( 'NONE',  ( 8.491692300497751589, 1.000000000000000888, 1.956612994352228130 ) ) ;
#3945 = DIRECTION ( 'NONE',  ( 0.000000000000000000, 0.000000000000000000, -1.000000000000000000 ) ) ;
#3946 = DIRECTION ( 'NONE',  ( -1.000000000000000000, 0.000000000000000000, 0.000000000000000000 ) ) ;
#3947 = EDGE_LOOP ( 'NONE', ( #21, #2320, #8668, #9971, #1400, #8772, #3284, #8969, #5669, #593, #7789, #4816, #2193, #6333, #89, #1354, #2884, #5227, #8975, #8403, #7351, #9743 ) ) ;
#3948 = VERTEX_POINT ( 'NONE', #10342 ) ;
#3949 = LINE ( 'NONE', #2402, #3840 ) ;
#3950 = DIRECTION ( 'NONE',  ( -0.04348561169846389129, 0.000000000000000000, 0.9990540533801013368 ) ) ;
#3951 = CARTESIAN_POINT ( 'NONE',  ( 9.363703286527380598, 1.000000000000000000, 1.874022154387798844 ) ) ;
#3952 = DIRECTION ( 'NONE',  ( 1.000000000000000000, 0.000000000000000000, 0.000000000000000000 ) ) ;
#3953 = PLANE ( 'NONE',  #1949 ) ;
#3954 = DIRECTION ( 'NONE',  ( -0.000000000000000000, 1.000000000000000000, -0.000000000000000000 ) ) ;
#3955 = LINE ( 'NONE', #4814, #9347 ) ;
#3956 = VERTEX_POINT ( 'NONE', #7905 ) ;
#3957 = ORIENTED_EDGE ( 'NONE', *, *, #1140, .F. ) ;
#3958 = DIRECTION ( 'NONE',  ( -0.000000000000000000, 1.000000000000000000, -0.000000000000000000 ) ) ;
#3959 = CARTESIAN_POINT ( 'NONE',  ( -18.81809183529083995, 1.000000000000000000, 0.9398174165483708098 ) ) ;
#3960 = CARTESIAN_POINT ( 'NONE',  ( -10.27927585148884759, 3.000000000000000444, 0.8428726909124105715 ) ) ;
#3961 = VECTOR ( 'NONE', #8623, 1000.000000000000000 ) ;
#3962 = CARTESIAN_POINT ( 'NONE',  ( -9.948514088108566966, 1.000000000000000444, 4.642966663969444241 ) ) ;
#3963 = ORIENTED_EDGE ( 'NONE', *, *, #5690, .F. ) ;
#3964 = PLANE ( 'NONE',  #10366 ) ;
#3965 = CARTESIAN_POINT ( 'NONE',  ( -10.86323266523290343, 1.000000000000000000, 0.7492613044424394353 ) ) ;
#3966 = EDGE_CURVE ( 'NONE', #55, #3403, #4849, .T. ) ;
#3967 = ORIENTED_EDGE ( 'NONE', *, *, #4503, .T. ) ;
#3968 = ORIENTED_EDGE ( 'NONE', *, *, #7029, .T. ) ;
#3969 = CARTESIAN_POINT ( 'NONE',  ( -9.358294090363779461, 1.000000000000000000, 0.4337943409676880413 ) ) ;
#3970 = DIRECTION ( 'NONE',  ( -0.000000000000000000, 1.000000000000000000, -0.000000000000000000 ) ) ;
#3971 = CARTESIAN_POINT ( 'NONE',  ( -10.27436204985414747, 1.000000000000000000, 4.968322691085958809 ) ) ;
#3972 = CARTESIAN_POINT ( 'NONE',  ( 16.67138724923329818, 3.000000000000000444, 4.457386317739907788 ) ) ;
#3973 = LINE ( 'NONE', #3628, #678 ) ;
#3974 = CARTESIAN_POINT ( 'NONE',  ( -19.30566268854843415, 1.000000000000000000, 3.569546031552301102 ) ) ;
#3975 = PLANE ( 'NONE',  #2722 ) ;
#3976 = CARTESIAN_POINT ( 'NONE',  ( 0.5319666742762407807, 1.000000000000000000, 0.8567078280890980668 ) ) ;
#3977 = VERTEX_POINT ( 'NONE', #9553 ) ;
#3978 = ORIENTED_EDGE ( 'NONE', *, *, #2825, .F. ) ;
#3979 = AXIS2_PLACEMENT_3D ( 'NONE', #6161, #363, #5204 ) ;
#3980 = CARTESIAN_POINT ( 'NONE',  ( -21.56724427678712885, 3.000000000000000000, 4.530342895278852922 ) ) ;
#3981 = PLANE ( 'NONE',  #9867 ) ;
#3982 = EDGE_CURVE ( 'NONE', #6401, #6368, #2254, .T. ) ;
#3983 = CARTESIAN_POINT ( 'NONE',  ( -19.32771685682514828, 2.999999999999999112, 1.966794162330093743 ) ) ;
#3984 = CARTESIAN_POINT ( 'NONE',  ( 13.09657841878907014, 0.9999999999999995559, 1.403068762679275494 ) ) ;
#3985 = CARTESIAN_POINT ( 'NONE',  ( -5.794456792393803291, 3.000000000000000000, 4.530342895278852922 ) ) ;
#3986 = CARTESIAN_POINT ( 'NONE',  ( 20.50294192535707793, 1.000000000000000000, 0.8567078280890980668 ) ) ;
#3987 = CARTESIAN_POINT ( 'NONE',  ( 24.60056614528089725, 1.000000000000000000, 0.4066130785466263720 ) ) ;
#3988 = CARTESIAN_POINT ( 'NONE',  ( 19.76291639980298953, 1.000000000000000000, 4.530342895278852922 ) ) ;
#3989 = VECTOR ( 'NONE', #6623, 1000.000000000000000 ) ;
#3990 = DIRECTION ( 'NONE',  ( -0.9311389676804026072, 0.000000000000000000, -0.3646645346987750780 ) ) ;
#3991 = VECTOR ( 'NONE', #361, 1000.000000000000000 ) ;
#3992 = CARTESIAN_POINT ( 'NONE',  ( -26.17430056177004971, 1.000000000000000000, 4.530342895278852922 ) ) ;
#3993 = EDGE_CURVE ( 'NONE', #7732, #8703, #3169, .T. ) ;
#3994 = ORIENTED_EDGE ( 'NONE', *, *, #6265, .F. ) ;
#3995 = CARTESIAN_POINT ( 'NONE',  ( -9.606169272100341772, 2.999999999999999112, 4.614908118826217986 ) ) ;
#3996 = ADVANCED_FACE ( 'NONE', ( #2196 ), #4021, .T. ) ;
#3997 = EDGE_CURVE ( 'NONE', #8712, #3699, #8707, .T. ) ;
#3998 = DIRECTION ( 'NONE',  ( 1.000000000000000000, 0.000000000000000000, 0.000000000000000000 ) ) ;
#3999 = AXIS2_PLACEMENT_3D ( 'NONE', #8111, #10386, #4058 ) ;
#4000 = ORIENTED_EDGE ( 'NONE', *, *, #5944, .F. ) ;
#4001 = VECTOR ( 'NONE', #1922, 1000.000000000000000 ) ;
#4002 = DIRECTION ( 'NONE',  ( 0.000000000000000000, 0.000000000000000000, 1.000000000000000000 ) ) ;
#4003 = ORIENTED_EDGE ( 'NONE', *, *, #9906, .T. ) ;
#4004 = CARTESIAN_POINT ( 'NONE',  ( 14.09527460623957040, 3.000000000000000000, 0.8567078280890980668 ) ) ;
#4005 = CARTESIAN_POINT ( 'NONE',  ( -8.401112170930957745, 3.000000000000000444, 3.436494865115138353 ) ) ;
#4006 = DIRECTION ( 'NONE',  ( 0.000000000000000000, 0.000000000000000000, 1.000000000000000000 ) ) ;
#4007 = CARTESIAN_POINT ( 'NONE',  ( 13.15168764647444455, 1.000000000000000000, 1.663070207060319827 ) ) ;
#4008 = CARTESIAN_POINT ( 'NONE',  ( 11.99214388025303890, 1.000000000000000444, 2.418185134348044052 ) ) ;
#4009 = AXIS2_PLACEMENT_3D ( 'NONE', #1849, #5787, #2585 ) ;
#4010 = EDGE_CURVE ( 'NONE', #8335, #122, #3309, .T. ) ;
#4011 = CIRCLE ( 'NONE', #940, 2.999999999999999112 ) ;
#4012 = B_SPLINE_SURFACE_WITH_KNOTS ( 'NONE', 3, 1, ( 
 ( #8489, #8438 ),
 ( #4442, #2790 ),
 ( #9294, #7700 ),
 ( #3052, #3908 ),
 ( #7906, #4656 ),
 ( #716, #2197 ),
 ( #10293, #9554 ),
 ( #3006, #6364 ),
 ( #7049, #10512 ),
 ( #7159, #7272 ),
 ( #9607, #1416 ),
 ( #8708, #8868 ),
 ( #10401, #6310 ),
 ( #8764, #6254 ),
 ( #611, #5457 ),
 ( #2313, #3112 ),
 ( #8816, #9497 ),
 ( #3962, #3853 ),
 ( #7103, #10343 ) ),
 .UNSPECIFIED., .F., .F., .F.,
 ( 4, 1, 1, 1, 1, 1, 1, 1, 1, 1, 1, 1, 1, 1, 1, 1, 4 ),
 ( 2, 2 ),
 ( 0.000000000000000000, 0.1079657124785852462, 0.2046148752044482100, 0.2893468577429464950, 0.3638044053655206111, 0.4300543616883470976, 0.4913159445418491256, 0.5479451554639145350, 0.6010746089854676066, 0.6514527169508897986, 0.7004084627384102868, 0.7478643883405347026, 0.7958867993750071701, 0.8445570535209837582, 0.8946467584222832503, 0.9463948280105926036, 0.9999999999999998890 ),
 ( 0.000000000000000000, 1.000000000000000000 ),
 .UNSPECIFIED. ) ;
#4013 = B_SPLINE_CURVE_WITH_KNOTS ( 'NONE', 3,
 ( #3931, #5646, #1493, #2382, #9681, #8887, #8087, #10479, #8036, #2431, #1595, #7122, #8832, #736, #4840, #3237, #838 ),
 .UNSPECIFIED., .F., .F.,
 ( 4, 1, 1, 1, 1, 1, 1, 1, 1, 1, 1, 1, 1, 1, 4 ),
 ( 0.000000000000000000, 0.1087394890442998502, 0.2055085886495631453, 0.2894509722452888179, 0.3625828197876541092, 0.4276220943587262791, 0.4883744837977462283, 0.5443927929735424831, 0.5976410906546504309, 0.6484604344057127712, 0.6985462646128504094, 0.7482147332290527419, 0.7978399409685993371, 0.8980594195624376219, 1.000000000000000000 ),
 .UNSPECIFIED. ) ;
#4014 = EDGE_CURVE ( 'NONE', #2467, #3745, #875, .T. ) ;
#4015 = CARTESIAN_POINT ( 'NONE',  ( 17.88194459857362162, 1.000000000000000000, 4.869447670711752885 ) ) ;
#4016 = ORIENTED_EDGE ( 'NONE', *, *, #2299, .T. ) ;
#4017 = VERTEX_POINT ( 'NONE', #4977 ) ;
#4018 = CIRCLE ( 'NONE', #3498, 3.000000000000002665 ) ;
#4019 = CARTESIAN_POINT ( 'NONE',  ( 23.45116973413258421, 1.000000000000000000, 1.701847831354362128 ) ) ;
#4020 = CARTESIAN_POINT ( 'NONE',  ( -18.69385450515244429, 2.999999999999999112, 1.022267291283002422 ) ) ;
#4021 = PLANE ( 'NONE',  #6019 ) ;
#4022 = CARTESIAN_POINT ( 'NONE',  ( 20.50294192535707793, 1.000000000000000000, 0.8567078280890980668 ) ) ;
#4023 = ORIENTED_EDGE ( 'NONE', *, *, #6471, .T. ) ;
#4024 = VECTOR ( 'NONE', #7596, 1000.000000000000000 ) ;
#4025 = CARTESIAN_POINT ( 'NONE',  ( 13.01318466155711739, 0.9999999999999991118, 4.179936696246201677 ) ) ;
#4026 = LINE ( 'NONE', #4125, #516 ) ;
#4027 = DIRECTION ( 'NONE',  ( -1.000000000000000000, 0.000000000000000000, 0.000000000000000000 ) ) ;
#4028 = VERTEX_POINT ( 'NONE', #924 ) ;
#4029 = ORIENTED_EDGE ( 'NONE', *, *, #7232, .F. ) ;
#4030 = FACE_OUTER_BOUND ( 'NONE', #10258, .T. ) ;
#4031 = LINE ( 'NONE', #4982, #5200 ) ;
#4032 = CARTESIAN_POINT ( 'NONE',  ( 11.71214649843701139, 1.000000000000000000, 2.438861982513799820 ) ) ;
#4033 = CARTESIAN_POINT ( 'NONE',  ( -29.50000000000000000, 0.000000000000000000, 10.25000000000000355 ) ) ;
#4034 = DIRECTION ( 'NONE',  ( -1.000000000000000000, 0.000000000000000000, 0.000000000000000000 ) ) ;
#4035 = CARTESIAN_POINT ( 'NONE',  ( -10.00856191101844139, 3.000000000000000000, 4.981856705850977285 ) ) ;
#4036 = ADVANCED_FACE ( 'NONE', ( #85 ), #824, .T. ) ;
#4037 = DIRECTION ( 'NONE',  ( -0.000000000000000000, 1.000000000000000000, -0.000000000000000000 ) ) ;
#4038 = VERTEX_POINT ( 'NONE', #3322 ) ;
#4039 = ORIENTED_EDGE ( 'NONE', *, *, #6786, .F. ) ;
#4040 = DIRECTION ( 'NONE',  ( -0.000000000000000000, 1.000000000000000000, -0.000000000000000000 ) ) ;
#4041 = CARTESIAN_POINT ( 'NONE',  ( -9.509661980821348948, 3.000000000000001332, 0.4182370147186526554 ) ) ;
#4042 = DIRECTION ( 'NONE',  ( 0.9365695150641121236, 0.000000000000000000, -0.3504818732153974770 ) ) ;
#4043 = CARTESIAN_POINT ( 'NONE',  ( 12.27909595995046210, 3.000000000000000888, 3.428115231736965196 ) ) ;
#4044 = CARTESIAN_POINT ( 'NONE',  ( -19.65866876794611784, 0.9999999999999991118, 2.426800124957822824 ) ) ;
#4045 = LINE ( 'NONE', #4686, #6649 ) ;
#4046 = CARTESIAN_POINT ( 'NONE',  ( -19.57941914788228743, 3.000000000000000000, 4.530342895278852922 ) ) ;
#4047 = CARTESIAN_POINT ( 'NONE',  ( -17.97750231810290700, 3.000000000000000000, 3.286958718691550541 ) ) ;
#4048 = EDGE_CURVE ( 'NONE', #10385, #1999, #6575, .T. ) ;
#4049 = CARTESIAN_POINT ( 'NONE',  ( 22.55323575531527780, 1.000000000000000000, 2.646349136040741179 ) ) ;
#4050 = ORIENTED_EDGE ( 'NONE', *, *, #10138, .F. ) ;
#4051 = CARTESIAN_POINT ( 'NONE',  ( -9.702246176663530619, 1.000000000000001776, 4.630594230804857325 ) ) ;
#4052 = FACE_OUTER_BOUND ( 'NONE', #7455, .T. ) ;
#4053 = CARTESIAN_POINT ( 'NONE',  ( -8.538720075129671017, 1.000000000000000888, 4.353007122258223838 ) ) ;
#4054 = ORIENTED_EDGE ( 'NONE', *, *, #1527, .F. ) ;
#4055 = ORIENTED_EDGE ( 'NONE', *, *, #5793, .F. ) ;
#4056 = LINE ( 'NONE', #8154, #442 ) ;
#4057 = EDGE_CURVE ( 'NONE', #6370, #5705, #9072, .T. ) ;
#4058 = DIRECTION ( 'NONE',  ( 1.000000000000000000, 0.000000000000000000, 0.000000000000000000 ) ) ;
#4059 = LINE ( 'NONE', #1512, #7573 ) ;
#4060 = CARTESIAN_POINT ( 'NONE',  ( -9.509661980821348948, 3.000000000000001332, 0.4182370147186526554 ) ) ;
#4061 = CARTESIAN_POINT ( 'NONE',  ( 11.93459280988576943, 0.9999999999999986677, 2.426800124957823268 ) ) ;
#4062 = EDGE_CURVE ( 'NONE', #5938, #1081, #8274, .T. ) ;
#4063 = EDGE_CURVE ( 'NONE', #7646, #8862, #9863, .T. ) ;
#4064 = DIRECTION ( 'NONE',  ( -0.000000000000000000, 1.000000000000000000, -0.000000000000000000 ) ) ;
#4065 = VERTEX_POINT ( 'NONE', #1029 ) ;
#4066 = ORIENTED_EDGE ( 'NONE', *, *, #2626, .F. ) ;
#4067 = ADVANCED_FACE ( 'NONE', ( #5821 ), #6396, .T. ) ;
#4068 = CARTESIAN_POINT ( 'NONE',  ( -8.401112170930957745, 1.000000000000000444, 3.436494865115138353 ) ) ;
#4069 = CARTESIAN_POINT ( 'NONE',  ( -19.07442091284094587, 3.000000000000000444, 0.8743308374192219068 ) ) ;
#4070 = ADVANCED_FACE ( 'NONE', ( #2777 ), #9332, .T. ) ;
#4071 = ADVANCED_FACE ( 'NONE', ( #1934 ), #4380, .T. ) ;
#4072 = CARTESIAN_POINT ( 'NONE',  ( -19.32561984470288152, 3.000000000000000000, 3.300900450731739433 ) ) ;
#4073 = ORIENTED_EDGE ( 'NONE', *, *, #4186, .F. ) ;
#4074 = ORIENTED_EDGE ( 'NONE', *, *, #5276, .F. ) ;
#4075 = VECTOR ( 'NONE', #655, 1000.000000000000000 ) ;
#4076 = VERTEX_POINT ( 'NONE', #6285 ) ;
#4077 = CARTESIAN_POINT ( 'NONE',  ( -9.207767489737589628, 1.000000000000000444, 0.4594738653863474354 ) ) ;
#4078 = CARTESIAN_POINT ( 'NONE',  ( -11.01760135825140097, 0.9999999999999991118, 2.373644929673635495 ) ) ;
#4079 = CARTESIAN_POINT ( 'NONE',  ( 25.36410196855489474, 1.000000000000001776, 4.785453858857152909 ) ) ;
#4080 = CARTESIAN_POINT ( 'NONE',  ( -19.39423652614524585, 3.000000000000000444, 2.975708101488674817 ) ) ;
#4081 = CIRCLE ( 'NONE', #851, 1.749999999999999778 ) ;
#4082 = LINE ( 'NONE', #6534, #7389 ) ;
#4083 = AXIS2_PLACEMENT_3D ( 'NONE', #3835, #3150, #4002 ) ;
#4084 = VERTEX_POINT ( 'NONE', #7688 ) ;
#4085 = ORIENTED_EDGE ( 'NONE', *, *, #985, .T. ) ;
#4086 = LINE ( 'NONE', #5737, #7666 ) ;
#4087 = CARTESIAN_POINT ( 'NONE',  ( -19.60111769757886790, 3.000000000000001776, 2.418185134348044496 ) ) ;
#4088 = VECTOR ( 'NONE', #7522, 1000.000000000000000 ) ;
#4089 = CARTESIAN_POINT ( 'NONE',  ( 12.29301100889767362, 2.999999999999999556, 0.8570062300207600403 ) ) ;
#4090 = EDGE_CURVE ( 'NONE', #10012, #3754, #9970, .T. ) ;
#4091 = VECTOR ( 'NONE', #891, 1000.000000000000000 ) ;
#4092 = CARTESIAN_POINT ( 'NONE',  ( 12.23924033292443525, 3.000000000000000888, 3.107636586842205340 ) ) ;
#4093 = CARTESIAN_POINT ( 'NONE',  ( -18.58007691627477342, 3.000000000000000444, 4.179936696246202565 ) ) ;
#4094 = CARTESIAN_POINT ( 'NONE',  ( -17.76379566275195998, 1.000000000000000000, 0.5176030526561972156 ) ) ;
#4095 = CARTESIAN_POINT ( 'NONE',  ( 23.35746407580213102, 3.000000000000000444, 2.910554590546484022 ) ) ;
#4096 = CARTESIAN_POINT ( 'NONE',  ( -6.149457104175120037, 1.000000000000000000, 1.541098976423727285 ) ) ;
#4097 = CARTESIAN_POINT ( 'NONE',  ( 22.55169994359752650, 1.000000000000000000, 2.733264202555017786 ) ) ;
#4098 = ORIENTED_EDGE ( 'NONE', *, *, #6008, .F. ) ;
#4099 = AXIS2_PLACEMENT_3D ( 'NONE', #1071, #1766, #2661 ) ;
#4100 = VERTEX_POINT ( 'NONE', #6727 ) ;
#4101 = CARTESIAN_POINT ( 'NONE',  ( 26.41704578906881551, 3.000000000000000888, 1.953408339414355321 ) ) ;
#4102 = CARTESIAN_POINT ( 'NONE',  ( -19.30566268854843415, 1.000000000000000000, 3.569546031552301102 ) ) ;
#4103 = ORIENTED_EDGE ( 'NONE', *, *, #5499, .F. ) ;
#4104 = CARTESIAN_POINT ( 'NONE',  ( -10.37313141568610853, 3.000000000000001332, 2.006829514094805589 ) ) ;
#4105 = EDGE_CURVE ( 'NONE', #1419, #3275, #6081, .T. ) ;
#4106 = EDGE_LOOP ( 'NONE', ( #102, #7777, #888, #5196 ) ) ;
#4107 = ORIENTED_EDGE ( 'NONE', *, *, #1662, .F. ) ;
#4108 = CARTESIAN_POINT ( 'NONE',  ( 11.86973204552166905, 3.000000000000000444, 2.432973014260338296 ) ) ;
#4109 = CARTESIAN_POINT ( 'NONE',  ( -8.943815131388351602, 3.000000000000000444, 2.689521271349570419 ) ) ;
#4110 = CARTESIAN_POINT ( 'NONE',  ( 6.239347308710709861, 1.000000000000000000, 0.8567078280890980668 ) ) ;
#4111 = CARTESIAN_POINT ( 'NONE',  ( -9.358294090363779461, 3.000000000000000000, 0.4337943409676880413 ) ) ;
#4112 = CARTESIAN_POINT ( 'NONE',  ( 11.62175253335531444, 3.000000000000000000, 2.439196780109299301 ) ) ;
#4113 = CARTESIAN_POINT ( 'NONE',  ( -9.918465389455381143, 1.000000000000000444, 4.643377820423152613 ) ) ;
#4114 = LINE ( 'NONE', #3162, #1356 ) ;
#4115 = EDGE_CURVE ( 'NONE', #7983, #9015, #3528, .T. ) ;
#4116 = ORIENTED_EDGE ( 'NONE', *, *, #5075, .F. ) ;
#4117 = ORIENTED_EDGE ( 'NONE', *, *, #9571, .F. ) ;
#4118 = CARTESIAN_POINT ( 'NONE',  ( -9.372951631001180672, 0.9999999999999995559, 2.479653556785645474 ) ) ;
#4119 = CARTESIAN_POINT ( 'NONE',  ( -19.07442091284094587, 1.000000000000000444, 0.8743308374192219068 ) ) ;
#4120 = B_SPLINE_CURVE_WITH_KNOTS ( 'NONE', 3,
 ( #8185, #8888, #4733, #892, #5739, #9826, #4087, #1596, #6591, #8986, #104, #7343, #1694, #8089, #2432, #3983, #794, #4141, #3934 ),
 .UNSPECIFIED., .F., .F.,
 ( 4, 1, 1, 1, 1, 1, 1, 1, 1, 1, 1, 1, 1, 1, 1, 1, 4 ),
 ( 0.000000000000000000, 0.07791803754900959722, 0.1477819428553877878, 0.2088613280379001125, 0.2627656036688398866, 0.3104981514429697165, 0.3537346847223613033, 0.3935221823351586212, 0.4314606622208670972, 0.4704733829520763577, 0.5151238492254696100, 0.5641573409487256052, 0.6206409926532203691, 0.6892878810657772082, 0.7748470262240771955, 0.8783420368318625160, 1.000000000000000000 ),
 .UNSPECIFIED. ) ;
#4121 = CARTESIAN_POINT ( 'NONE',  ( -9.880459643463755270, 3.000000000000000000, 4.642787001082750997 ) ) ;
#4122 = ORIENTED_EDGE ( 'NONE', *, *, #3660, .T. ) ;
#4123 = EDGE_CURVE ( 'NONE', #6305, #5708, #3574, .T. ) ;
#4124 = CARTESIAN_POINT ( 'NONE',  ( 13.24063612933567313, 3.000000000000000000, 3.337324797882504690 ) ) ;
#4125 = CARTESIAN_POINT ( 'NONE',  ( 6.239347308710709861, 1.000000000000000000, 4.530342895278852922 ) ) ;
#4126 = EDGE_CURVE ( 'NONE', #2091, #630, #10177, .T. ) ;
#4127 = ORIENTED_EDGE ( 'NONE', *, *, #10176, .F. ) ;
#4128 = EDGE_CURVE ( 'NONE', #9910, #1163, #10066, .T. ) ;
#4129 = ORIENTED_EDGE ( 'NONE', *, *, #8486, .F. ) ;
#4130 = DIRECTION ( 'NONE',  ( -1.000000000000000000, 0.000000000000000000, 0.000000000000000000 ) ) ;
#4131 = LINE ( 'NONE', #7379, #4874 ) ;
#4132 = CARTESIAN_POINT ( 'NONE',  ( 26.20038660723104584, 3.000000000000000000, 3.961202441905205429 ) ) ;
#4133 = VECTOR ( 'NONE', #9362, 1000.000000000000000 ) ;
#4134 = DIRECTION ( 'NONE',  ( -0.000000000000000000, 1.000000000000000000, -0.000000000000000000 ) ) ;
#4135 = CARTESIAN_POINT ( 'NONE',  ( -10.17354308954369380, 1.000000000000000444, 2.147290961643986584 ) ) ;
#4136 = VERTEX_POINT ( 'NONE', #5485 ) ;
#4137 = EDGE_CURVE ( 'NONE', #9679, #10451, #6879, .T. ) ;
#4138 = VERTEX_POINT ( 'NONE', #5180 ) ;
#4139 = AXIS2_PLACEMENT_3D ( 'NONE', #8074, #8925, #4774 ) ;
#4140 = LINE ( 'NONE', #8386, #9200 ) ;
#4141 = CARTESIAN_POINT ( 'NONE',  ( -19.30834932106217039, 3.000000000000000000, 1.753059920512656245 ) ) ;
#4142 = CARTESIAN_POINT ( 'NONE',  ( 11.35152841543222202, 3.000000000000000000, 2.778301555542199708 ) ) ;
#4143 = CARTESIAN_POINT ( 'NONE',  ( 25.64389927101416689, 3.000000000000001332, 1.977245783634920651 ) ) ;
#4144 = CARTESIAN_POINT ( 'NONE',  ( -18.61543214706375693, 2.999999999999999112, 4.235810474738921805 ) ) ;
#4145 = LINE ( 'NONE', #7398, #9443 ) ;
#4146 = CARTESIAN_POINT ( 'NONE',  ( -19.03858463436949222, 3.000000000000000888, 4.493761583039513674 ) ) ;
#4147 = VECTOR ( 'NONE', #5679, 1000.000000000000000 ) ;
#4148 = FACE_OUTER_BOUND ( 'NONE', #2627, .T. ) ;
#4149 = ORIENTED_EDGE ( 'NONE', *, *, #9325, .F. ) ;
#4150 = VERTEX_POINT ( 'NONE', #9178 ) ;
#4151 = CARTESIAN_POINT ( 'NONE',  ( 8.314796147015306005, 3.000000000000000888, 2.965537469886755595 ) ) ;
#4152 = CARTESIAN_POINT ( 'NONE',  ( -9.160985330976126662, 1.000000000000000000, 4.323667260534014289 ) ) ;
#4153 = CARTESIAN_POINT ( 'NONE',  ( -19.42157102961232340, 1.000000000000000444, 2.926070042300680907 ) ) ;
#4154 = ORIENTED_EDGE ( 'NONE', *, *, #1128, .T. ) ;
#4155 = CARTESIAN_POINT ( 'NONE',  ( -10.17354308954369380, 3.000000000000000444, 2.147290961643986584 ) ) ;
#4156 = ORIENTED_EDGE ( 'NONE', *, *, #8631, .T. ) ;
#4157 = ORIENTED_EDGE ( 'NONE', *, *, #7312, .T. ) ;
#4158 = VECTOR ( 'NONE', #10416, 1000.000000000000000 ) ;
#4159 = CARTESIAN_POINT ( 'NONE',  ( 24.52716187756471200, 1.000000000000000000, 0.4045681275118969689 ) ) ;
#4160 = CARTESIAN_POINT ( 'NONE',  ( 8.299614280578850867, 3.000000000000000000, 2.495554149515990083 ) ) ;
#4161 = VECTOR ( 'NONE', #7607, 1000.000000000000000 ) ;
#4162 = CARTESIAN_POINT ( 'NONE',  ( 20.85970840784377600, 1.000000000000000000, 4.530342895278852922 ) ) ;
#4163 = LINE ( 'NONE', #10056, #4001 ) ;
#4164 = LINE ( 'NONE', #4967, #2315 ) ;
#4165 = FACE_OUTER_BOUND ( 'NONE', #8120, .T. ) ;
#4166 = EDGE_CURVE ( 'NONE', #8182, #2218, #8372, .T. ) ;
#4167 = VECTOR ( 'NONE', #9725, 1000.000000000000000 ) ;
#4168 = VECTOR ( 'NONE', #4913, 1000.000000000000000 ) ;
#4169 = CARTESIAN_POINT ( 'NONE',  ( 4.089034474910937966, 3.000000000000000000, 3.117406330975100115 ) ) ;
#4170 = ORIENTED_EDGE ( 'NONE', *, *, #6002, .T. ) ;
#4171 = ORIENTED_EDGE ( 'NONE', *, *, #8682, .F. ) ;
#4172 = CIRCLE ( 'NONE', #1634, 2.999999999999999112 ) ;
#4173 = LINE ( 'NONE', #1776, #117 ) ;
#4174 = CARTESIAN_POINT ( 'NONE',  ( -11.38438707492051982, 1.000000000000000000, 0.8567078280890980668 ) ) ;
#4175 = VECTOR ( 'NONE', #6970, 1000.000000000000000 ) ;
#4176 = CARTESIAN_POINT ( 'NONE',  ( 6.824832897544077959, 1.000000000000000000, 4.530342895278852922 ) ) ;
#4177 = ORIENTED_EDGE ( 'NONE', *, *, #3214, .T. ) ;
#4178 = VECTOR ( 'NONE', #5308, 1000.000000000000000 ) ;
#4179 = ORIENTED_EDGE ( 'NONE', *, *, #7184, .T. ) ;
#4180 = EDGE_LOOP ( 'NONE', ( #8053, #10478, #819, #3296 ) ) ;
#4181 = LINE ( 'NONE', #5136, #242 ) ;
#4182 = FACE_OUTER_BOUND ( 'NONE', #8227, .T. ) ;
#4183 = CARTESIAN_POINT ( 'NONE',  ( 25.97454655753508490, 0.9999999999999986677, 4.303517705077299027 ) ) ;
#4184 = CARTESIAN_POINT ( 'NONE',  ( -20.24173316239967235, 3.000000000000000000, 2.439196780109299301 ) ) ;
#4185 = VECTOR ( 'NONE', #3734, 1000.000000000000000 ) ;
#4186 = EDGE_CURVE ( 'NONE', #2734, #3806, #10115, .T. ) ;
#4187 = DIRECTION ( 'NONE',  ( 0.000000000000000000, 0.000000000000000000, 1.000000000000000000 ) ) ;
#4188 = EDGE_CURVE ( 'NONE', #3929, #3806, #2393, .T. ) ;
#4189 = ORIENTED_EDGE ( 'NONE', *, *, #9387, .F. ) ;
#4190 = ORIENTED_EDGE ( 'NONE', *, *, #904, .T. ) ;
#4191 = ORIENTED_EDGE ( 'NONE', *, *, #1063, .F. ) ;
#4192 = CARTESIAN_POINT ( 'NONE',  ( -15.71238838845345143, 1.000000000000000000, 4.925965133283901842 ) ) ;
#4193 = FACE_OUTER_BOUND ( 'NONE', #4260, .T. ) ;
#4194 = CARTESIAN_POINT ( 'NONE',  ( 12.99515458054793449, 2.999999999999999556, 1.140584045370327981 ) ) ;
#4195 = CARTESIAN_POINT ( 'NONE',  ( -9.671192583726053726, 1.000000000000001332, 3.095678596713600239 ) ) ;
#4196 = EDGE_CURVE ( 'NONE', #5588, #9262, #3295, .T. ) ;
#4197 = CARTESIAN_POINT ( 'NONE',  ( -18.78870331274011463, 3.000000000000000444, 4.403059106809585010 ) ) ;
#4198 = LINE ( 'NONE', #8345, #4430 ) ;
#4199 = DIRECTION ( 'NONE',  ( -1.000000000000000000, 0.000000000000000000, 0.000000000000000000 ) ) ;
#4200 = CARTESIAN_POINT ( 'NONE',  ( -18.48713763025973122, 0.9999999999999986677, 3.970848827893332711 ) ) ;
#4201 = CARTESIAN_POINT ( 'NONE',  ( 24.46622898822910841, 3.000000000000000444, 4.982482595856052576 ) ) ;
#4202 = ADVANCED_FACE ( 'NONE', ( #6501 ), #3942, .T. ) ;
#4203 = ORIENTED_EDGE ( 'NONE', *, *, #5820, .F. ) ;
#4204 = ORIENTED_EDGE ( 'NONE', *, *, #3594, .T. ) ;
#4205 = CARTESIAN_POINT ( 'NONE',  ( -22.80974536802174057, 3.000000000000000000, 0.8567078280890980668 ) ) ;
#4206 = CARTESIAN_POINT ( 'NONE',  ( 25.56346950632910975, 1.000000000000000888, 1.571775080233409616 ) ) ;
#4207 = DIRECTION ( 'NONE',  ( -0.000000000000000000, 1.000000000000000000, -0.000000000000000000 ) ) ;
#4208 = ORIENTED_EDGE ( 'NONE', *, *, #2812, .F. ) ;
#4209 = CARTESIAN_POINT ( 'NONE',  ( -9.638248325116299142, 1.000000000000000000, 2.375361209793564132 ) ) ;
#4210 = EDGE_LOOP ( 'NONE', ( #1794, #4808, #5804, #6182 ) ) ;
#4211 = VERTEX_POINT ( 'NONE', #8896 ) ;
#4212 = DIRECTION ( 'NONE',  ( -0.8407042999517824189, 0.000000000000000000, 0.5414944875458876927 ) ) ;
#4213 = DIRECTION ( 'NONE',  ( 0.000000000000000000, 0.000000000000000000, 1.000000000000000000 ) ) ;
#4214 = PLANE ( 'NONE',  #7839 ) ;
#4215 = CARTESIAN_POINT ( 'NONE',  ( -1.070833240855827651, 3.000000000000000000, 0.5176030526561972156 ) ) ;
#4216 = CARTESIAN_POINT ( 'NONE',  ( 4.089034474910937966, 3.000000000000000000, 3.682580956696600794 ) ) ;
#4217 = CARTESIAN_POINT ( 'NONE',  ( 19.84239408154507700, 1.000000000000000000, 2.428599755877021593 ) ) ;
#4218 = CARTESIAN_POINT ( 'NONE',  ( -11.20675482336135431, 1.000000000000001776, 1.396247664346837336 ) ) ;
#4219 = PLANE ( 'NONE',  #4424 ) ;
#4220 = CARTESIAN_POINT ( 'NONE',  ( 25.02717301594749699, 2.999999999999999112, 4.536547048904459700 ) ) ;
#4221 = ORIENTED_EDGE ( 'NONE', *, *, #3477, .F. ) ;
#4222 = VERTEX_POINT ( 'NONE', #1502 ) ;
#4223 = CARTESIAN_POINT ( 'NONE',  ( 24.53694430732786458, 3.000000000000000888, 4.641863124888232939 ) ) ;
#4224 = CARTESIAN_POINT ( 'NONE',  ( -8.943815131388351602, 1.000000000000000444, 2.689521271349570419 ) ) ;
#4225 = DIRECTION ( 'NONE',  ( -0.000000000000000000, 1.000000000000000000, -0.000000000000000000 ) ) ;
#4226 = CARTESIAN_POINT ( 'NONE',  ( -9.807233455650781195, 2.999999999999999556, 4.641648661422394184 ) ) ;
#4227 = ORIENTED_EDGE ( 'NONE', *, *, #340, .T. ) ;
#4228 = CARTESIAN_POINT ( 'NONE',  ( 13.22591267936939019, 3.000000000000000444, 3.432891603450507922 ) ) ;
#4229 = VERTEX_POINT ( 'NONE', #802 ) ;
#4230 = ORIENTED_EDGE ( 'NONE', *, *, #4965, .F. ) ;
#4231 = MECHANICAL_CONTEXT ( 'NONE', #3797, 'mechanical' ) ;
#4232 = LINE ( 'NONE', #933, #3654 ) ;
#4233 = EDGE_CURVE ( 'NONE', #1279, #4222, #232, .T. ) ;
#4234 = CARTESIAN_POINT ( 'NONE',  ( 15.42078572062702868, 3.000000000000000000, 0.8567078280890980668 ) ) ;
#4235 = CARTESIAN_POINT ( 'NONE',  ( -19.32561984470288152, 3.000000000000000000, 3.300900450731739433 ) ) ;
#4236 = LINE ( 'NONE', #8981, #1788 ) ;
#4237 = ORIENTED_EDGE ( 'NONE', *, *, #3272, .T. ) ;
#4238 = ORIENTED_EDGE ( 'NONE', *, *, #1505, .T. ) ;
#4239 = LINE ( 'NONE', #205, #4944 ) ;
#4240 = DIRECTION ( 'NONE',  ( 0.000000000000000000, 0.000000000000000000, 1.000000000000000000 ) ) ;
#4241 = CARTESIAN_POINT ( 'NONE',  ( -29.50000000000000355, 1.500000000000000000, -10.24999999999999645 ) ) ;
#4242 = EDGE_CURVE ( 'NONE', #7694, #10012, #7245, .T. ) ;
#4243 = DIRECTION ( 'NONE',  ( -0.000000000000000000, -1.000000000000000000, -0.000000000000000000 ) ) ;
#4244 = CARTESIAN_POINT ( 'NONE',  ( 12.22465492200134918, 1.000000000000000888, 4.526377658721216335 ) ) ;
#4245 = CARTESIAN_POINT ( 'NONE',  ( 19.20745571296107812, 3.000000000000000000, 4.530342895278852922 ) ) ;
#4246 = LINE ( 'NONE', #7551, #4839 ) ;
#4247 = CARTESIAN_POINT ( 'NONE',  ( -18.48713763025973122, 2.999999999999999112, 3.970848827893332711 ) ) ;
#4248 = CARTESIAN_POINT ( 'NONE',  ( -25.58881497293668161, 1.000000000000000000, 0.8567078280890980668 ) ) ;
#4249 = EDGE_LOOP ( 'NONE', ( #756, #6135, #10101, #5387 ) ) ;
#4250 = ORIENTED_EDGE ( 'NONE', *, *, #3344, .T. ) ;
#4251 = EDGE_CURVE ( 'NONE', #7403, #3731, #1940, .T. ) ;
#4252 = CARTESIAN_POINT ( 'NONE',  ( -9.079186726682008768, 1.000000000000000888, 4.120201999798160486 ) ) ;
#4253 = VECTOR ( 'NONE', #890, 1000.000000000000000 ) ;
#4254 = VECTOR ( 'NONE', #9695, 1000.000000000000000 ) ;
#4255 = DIRECTION ( 'NONE',  ( -0.000000000000000000, 1.000000000000000000, -0.000000000000000000 ) ) ;
#4256 = ORIENTED_EDGE ( 'NONE', *, *, #5881, .T. ) ;
#4257 = CARTESIAN_POINT ( 'NONE',  ( 7.835082541021258784, 1.000000000000000000, 2.552231705253599880 ) ) ;
#4258 = EDGE_CURVE ( 'NONE', #2416, #8200, #4852, .T. ) ;
#4259 = ORIENTED_EDGE ( 'NONE', *, *, #2941, .T. ) ;
#4260 = EDGE_LOOP ( 'NONE', ( #497, #3659, #10244, #2510 ) ) ;
#4261 = EDGE_CURVE ( 'NONE', #4712, #1422, #1658, .T. ) ;
#4262 = PLANE ( 'NONE',  #8952 ) ;
#4263 = CARTESIAN_POINT ( 'NONE',  ( 8.498255740622653320, 3.000000000000000000, 1.866389899177021583 ) ) ;
#4264 = CARTESIAN_POINT ( 'NONE',  ( -8.934230277083067051, 0.9999999999999995559, 1.600895281218664534 ) ) ;
#4265 = B_SPLINE_CURVE_WITH_KNOTS ( 'NONE', 3,
 ( #7903, #3050, #7852, #9604, #7046, #6362, #8650, #1473, #3905, #4602, #2310, #8814, #10290, #5569, #2094, #2195, #8706, #1414, #4653 ),
 .UNSPECIFIED., .F., .F.,
 ( 4, 1, 1, 1, 1, 1, 1, 1, 1, 1, 1, 1, 1, 1, 1, 1, 4 ),
 ( 0.000000000000000000, 0.06191772823768266348, 0.1212956994016215206, 0.1787767972868763711, 0.2350689329166556485, 0.2904036608612571846, 0.3455205107247597551, 0.4011300817242280936, 0.4583191969981414982, 0.5170161097866842193, 0.5772947354186263036, 0.6402989064407433872, 0.7062019059635938900, 0.7747464214914556724, 0.8465050960009701253, 0.9214826833800484618, 1.000000000000000000 ),
 .UNSPECIFIED. ) ;
#4266 = CARTESIAN_POINT ( 'NONE',  ( -6.715514815249311376, 1.000000000000000000, 4.869447670711752885 ) ) ;
#4267 = CARTESIAN_POINT ( 'NONE',  ( -29.50000000000000000, 0.000000000000000000, 8.500000000000003553 ) ) ;
#4268 = AXIS2_PLACEMENT_3D ( 'NONE', #8468, #2986, #9275 ) ;
#4269 = LINE ( 'NONE', #5274, #869 ) ;
#4270 = VECTOR ( 'NONE', #689, 1000.000000000000000 ) ;
#4271 = CARTESIAN_POINT ( 'NONE',  ( -2.408707550180942736, 1.000000000000000000, 0.5176030526561972156 ) ) ;
#4272 = ORIENTED_EDGE ( 'NONE', *, *, #4090, .T. ) ;
#4273 = VECTOR ( 'NONE', #6714, 1000.000000000000000 ) ;
#4274 = ORIENTED_EDGE ( 'NONE', *, *, #3005, .F. ) ;
#4275 = CARTESIAN_POINT ( 'NONE',  ( 25.27843288629603435, 0.9999999999999995559, 4.342108198961294185 ) ) ;
#4276 = DIRECTION ( 'NONE',  ( -0.000000000000000000, 0.000000000000000000, 1.000000000000000000 ) ) ;
#4277 = CARTESIAN_POINT ( 'NONE',  ( 13.47976411541474739, 1.000000000000000000, 0.5176030526561972156 ) ) ;
#4278 = CARTESIAN_POINT ( 'NONE',  ( -19.35402124490745734, 2.999999999999999556, 3.107636586842205340 ) ) ;
#4279 = VERTEX_POINT ( 'NONE', #9640 ) ;
#4280 = CC_DESIGN_PERSON_AND_ORGANIZATION_ASSIGNMENT ( #2996, #4702, ( #10395 ) ) ;
#4281 = CARTESIAN_POINT ( 'NONE',  ( 23.23880820312752604, 1.000000000000000000, 0.8901006348435255289 ) ) ;
#4282 = ORIENTED_EDGE ( 'NONE', *, *, #7952, .T. ) ;
#4283 = ORIENTED_EDGE ( 'NONE', *, *, #7312, .F. ) ;
#4284 = CARTESIAN_POINT ( 'NONE',  ( 22.20553048534310037, 1.000000000000000000, 4.530342895278852922 ) ) ;
#4285 = CARTESIAN_POINT ( 'NONE',  ( 26.36146553373197321, 1.000000000000000000, 3.564986377904148185 ) ) ;
#4286 = CARTESIAN_POINT ( 'NONE',  ( -19.79424307590062071, 2.999999999999999556, 2.783228766418658573 ) ) ;
#4287 = CARTESIAN_POINT ( 'NONE',  ( 0.5319666742762407807, 1.000000000000000000, 0.5176030526561972156 ) ) ;
#4288 = ORIENTED_EDGE ( 'NONE', *, *, #2284, .T. ) ;
#4289 = EDGE_LOOP ( 'NONE', ( #2379, #511, #5105, #4149 ) ) ;
#4290 = EDGE_CURVE ( 'NONE', #9142, #6704, #6339, .T. ) ;
#4291 = ORIENTED_EDGE ( 'NONE', *, *, #2758, .F. ) ;
#4292 = DIRECTION ( 'NONE',  ( -1.000000000000000000, 0.000000000000000000, 0.000000000000000000 ) ) ;
#4293 = B_SPLINE_CURVE_WITH_KNOTS ( 'NONE', 3,
 ( #4426, #8584, #387, #3623, #6877, #10123, #1299, #6932, #2030, #8528, #7531 ),
 .UNSPECIFIED., .F., .F.,
 ( 4, 1, 1, 1, 1, 1, 1, 1, 4 ),
 ( 0.000000000000000000, 0.1211392141976207898, 0.2459859179580826116, 0.3727011087425523561, 0.5016122113174443786, 0.6272122548229364103, 0.7452192091565270626, 0.8649590464748557750, 1.000000000000000000 ),
 .UNSPECIFIED. ) ;
#4294 = CARTESIAN_POINT ( 'NONE',  ( 23.35619069989797580, 3.000000000000001776, 2.715602495501221014 ) ) ;
#4295 = CARTESIAN_POINT ( 'NONE',  ( 22.05099054862238006, 3.000000000000000000, 0.8567078280890980668 ) ) ;
#4296 = FACE_OUTER_BOUND ( 'NONE', #4435, .T. ) ;
#4297 = CARTESIAN_POINT ( 'NONE',  ( -22.80974536802174057, 1.000000000000000000, 3.679931700638531478 ) ) ;
#4298 = CARTESIAN_POINT ( 'NONE',  ( -15.80422926513319659, 1.000000000000000000, 0.5176030526561972156 ) ) ;
#4299 = CARTESIAN_POINT ( 'NONE',  ( -24.62978427991550845, 1.000000000000000000, 4.530342895278852922 ) ) ;
#4300 = ORIENTED_EDGE ( 'NONE', *, *, #6531, .F. ) ;
#4301 = AXIS2_PLACEMENT_3D ( 'NONE', #6111, #7123, #2275 ) ;
#4302 = EDGE_CURVE ( 'NONE', #9647, #9366, #6400, .T. ) ;
#4303 = VERTEX_POINT ( 'NONE', #213 ) ;
#4304 = CARTESIAN_POINT ( 'NONE',  ( -8.600237625530283481, 3.000000000000000444, 2.996959344072153808 ) ) ;
#4305 = CARTESIAN_POINT ( 'NONE',  ( -9.100014565228578434, 3.000000000000000000, 4.192518350896984991 ) ) ;
#4306 = FACE_OUTER_BOUND ( 'NONE', #2761, .T. ) ;
#4307 = EDGE_LOOP ( 'NONE', ( #6406, #2459 ) ) ;
#4308 = CARTESIAN_POINT ( 'NONE',  ( -9.817822778822833385, 0.9999999999999991118, 2.306069895633426903 ) ) ;
#4309 = ORIENTED_EDGE ( 'NONE', *, *, #2427, .F. ) ;
#4310 = CARTESIAN_POINT ( 'NONE',  ( 23.91651047507570382, 2.999999999999999556, 0.4926498878807467618 ) ) ;
#4311 = PRODUCT_DEFINITION_FORMATION_WITH_SPECIFIED_SOURCE ( 'ANY', '', #3739, .NOT_KNOWN. ) ;
#4312 = CARTESIAN_POINT ( 'NONE',  ( 8.083044213471143991, 3.000000000000000000, 2.545940099856856431 ) ) ;
#4313 = CARTESIAN_POINT ( 'NONE',  ( 29.50000000000000000, 0.000000000000000000, 10.25000000000000711 ) ) ;
#4314 = CARTESIAN_POINT ( 'NONE',  ( 22.58266480330298975, 3.000000000000000444, 3.221198120507450025 ) ) ;
#4315 = CARTESIAN_POINT ( 'NONE',  ( -1.070833240855827651, 1.000000000000000000, 0.8567078280890980668 ) ) ;
#4316 = EDGE_CURVE ( 'NONE', #1817, #7690, #8299, .T. ) ;
#4317 = EDGE_CURVE ( 'NONE', #3540, #10102, #5000, .T. ) ;
#4318 = EDGE_CURVE ( 'NONE', #1960, #6248, #8247, .T. ) ;
#4319 = CARTESIAN_POINT ( 'NONE',  ( 14.09527460623957040, 1.000000000000000000, 0.8567078280890980668 ) ) ;
#4320 = VECTOR ( 'NONE', #502, 1000.000000000000000 ) ;
#4321 = DIRECTION ( 'NONE',  ( -1.000000000000000000, 0.000000000000000000, 0.000000000000000000 ) ) ;
#4322 = EDGE_LOOP ( 'NONE', ( #9288, #5258, #9879, #9474 ) ) ;
#4323 = VERTEX_POINT ( 'NONE', #1908 ) ;
#4324 = CARTESIAN_POINT ( 'NONE',  ( 25.59130995869066183, 0.9999999999999995559, 3.672738975962865471 ) ) ;
#4325 = CARTESIAN_POINT ( 'NONE',  ( -18.52654208268601366, 1.000000000000001332, 1.301824405050306943 ) ) ;
#4326 = FACE_OUTER_BOUND ( 'NONE', #5030, .T. ) ;
#4327 = EDGE_CURVE ( 'NONE', #2146, #8934, #2537, .T. ) ;
#4328 = CARTESIAN_POINT ( 'NONE',  ( -9.911022903875801759, 3.000000000000000444, 0.7447892801711264443 ) ) ;
#4329 = VECTOR ( 'NONE', #6269, 1000.000000000000000 ) ;
#4330 = VECTOR ( 'NONE', #3475, 1000.000000000000000 ) ;
#4331 = ADVANCED_FACE ( 'NONE', ( #159 ), #5207, .F. ) ;
#4332 = ORIENTED_EDGE ( 'NONE', *, *, #4062, .T. ) ;
#4333 = CARTESIAN_POINT ( 'NONE',  ( 22.55169994359752650, 3.000000000000000000, 2.733264202555017786 ) ) ;
#4334 = ORIENTED_EDGE ( 'NONE', *, *, #46, .F. ) ;
#4335 = ORIENTED_EDGE ( 'NONE', *, *, #4651, .T. ) ;
#4336 = AXIS2_PLACEMENT_3D ( 'NONE', #773, #1524, #2359 ) ;
#4337 = AXIS2_PLACEMENT_3D ( 'NONE', #4297, #157, #1000 ) ;
#4338 = CARTESIAN_POINT ( 'NONE',  ( -11.08667029717071095, 1.000000000000000444, 1.037358836086943015 ) ) ;
#4339 = CARTESIAN_POINT ( 'NONE',  ( 8.500928896949403679, 3.000000000000001776, 3.682580956696600794 ) ) ;
#4340 = CARTESIAN_POINT ( 'NONE',  ( -9.466461459343003426, 3.000000000000000000, 3.191820009055648111 ) ) ;
#4341 = CARTESIAN_POINT ( 'NONE',  ( -9.638248325116299142, 1.000000000000000000, 2.375361209793564132 ) ) ;
#4342 = VERTEX_POINT ( 'NONE', #5950 ) ;
#4343 = AXIS2_PLACEMENT_3D ( 'NONE', #4409, #9313, #2015 ) ;
#4344 = VERTEX_POINT ( 'NONE', #4248 ) ;
#4345 = ORIENTED_EDGE ( 'NONE', *, *, #9141, .T. ) ;
#4346 = DIRECTION ( 'NONE',  ( 0.000000000000000000, 0.000000000000000000, 1.000000000000000000 ) ) ;
#4347 = CARTESIAN_POINT ( 'NONE',  ( -3.264417256937402367, 1.000000000000000000, 4.530342895278852922 ) ) ;
#4348 = CARTESIAN_POINT ( 'NONE',  ( -10.17746588149782916, 3.000000000000000444, 4.618772882016020098 ) ) ;
#4349 = VECTOR ( 'NONE', #9315, 1000.000000000000000 ) ;
#4350 = FACE_OUTER_BOUND ( 'NONE', #3211, .T. ) ;
#4351 = CARTESIAN_POINT ( 'NONE',  ( -29.50000000000000000, 3.000000000000000000, 13.25000000000000533 ) ) ;
#4352 = EDGE_CURVE ( 'NONE', #1969, #1361, #3450, .T. ) ;
#4353 = CARTESIAN_POINT ( 'NONE',  ( 21.70217183430989039, 3.000000000000000000, 4.530342895278852922 ) ) ;
#4354 = CARTESIAN_POINT ( 'NONE',  ( -18.65315151733539523, 2.999999999999999556, 4.285563151067235843 ) ) ;
#4355 = CARTESIAN_POINT ( 'NONE',  ( 11.35152841543222202, 3.000000000000000000, 0.8567078280890980668 ) ) ;
#4356 = VERTEX_POINT ( 'NONE', #1809 ) ;
#4357 = ORIENTED_EDGE ( 'NONE', *, *, #6103, .F. ) ;
#4358 = AXIS2_PLACEMENT_3D ( 'NONE', #967, #813, #8157 ) ;
#4359 = CARTESIAN_POINT ( 'NONE',  ( -9.053924829172020239, 1.000000000000000000, 3.882158246404506130 ) ) ;
#4360 = DIRECTION ( 'NONE',  ( -1.000000000000000000, 0.000000000000000000, 0.000000000000000000 ) ) ;
#4361 = ORIENTED_EDGE ( 'NONE', *, *, #4621, .T. ) ;
#4362 = CARTESIAN_POINT ( 'NONE',  ( -19.30477960319574393, 1.000000000000000000, 1.704469766671348863 ) ) ;
#4363 = VERTEX_POINT ( 'NONE', #6647 ) ;
#4364 = ORIENTED_EDGE ( 'NONE', *, *, #5084, .T. ) ;
#4365 = FACE_OUTER_BOUND ( 'NONE', #4210, .T. ) ;
#4366 = LINE ( 'NONE', #6761, #264 ) ;
#4367 = DIRECTION ( 'NONE',  ( 0.000000000000000000, 0.000000000000000000, -1.000000000000000000 ) ) ;
#4368 = EDGE_CURVE ( 'NONE', #5002, #6821, #4906, .T. ) ;
#4369 = DIRECTION ( 'NONE',  ( 1.000000000000000000, 0.000000000000000000, 0.000000000000000000 ) ) ;
#4370 = CARTESIAN_POINT ( 'NONE',  ( 7.835082541021258784, 3.000000000000000000, 2.552231705253599880 ) ) ;
#4371 = LINE ( 'NONE', #6071, #10037 ) ;
#4372 = DIRECTION ( 'NONE',  ( 1.000000000000000000, 0.000000000000000000, 0.000000000000000000 ) ) ;
#4373 = CARTESIAN_POINT ( 'NONE',  ( -13.54882927436333162, 1.000000000000000000, 3.888339843873334978 ) ) ;
#4374 = ORIENTED_EDGE ( 'NONE', *, *, #6987, .F. ) ;
#4375 = ORIENTED_EDGE ( 'NONE', *, *, #9795, .T. ) ;
#4376 = EDGE_CURVE ( 'NONE', #8062, #2065, #10043, .T. ) ;
#4377 = CARTESIAN_POINT ( 'NONE',  ( 25.02717301594749699, 3.000000000000000000, 4.536547048904459700 ) ) ;
#4378 = CARTESIAN_POINT ( 'NONE',  ( -10.41230840843963712, 3.000000000000000000, 0.4929162976039973554 ) ) ;
#4379 = DIRECTION ( 'NONE',  ( -0.3504818732153974215, 0.000000000000000000, -0.9365695150641120126 ) ) ;
#4380 = PLANE ( 'NONE',  #9597 ) ;
#4381 = ORIENTED_EDGE ( 'NONE', *, *, #8224, .F. ) ;
#4382 = DIRECTION ( 'NONE',  ( -0.000000000000000000, 1.000000000000000000, -0.000000000000000000 ) ) ;
#4383 = ADVANCED_FACE ( 'NONE', ( #4148 ), #6751, .T. ) ;
#4384 = ORIENTED_EDGE ( 'NONE', *, *, #10039, .F. ) ;
#4385 = ORIENTED_EDGE ( 'NONE', *, *, #521, .F. ) ;
#4386 = LINE ( 'NONE', #3483, #2263 ) ;
#4387 = CARTESIAN_POINT ( 'NONE',  ( -10.86323266523290343, 1.000000000000000000, 0.7492613044424394353 ) ) ;
#4388 = ADVANCED_FACE ( 'NONE', ( #267 ), #898, .T. ) ;
#4389 = ADVANCED_FACE ( 'NONE', ( #6599 ), #9100, .T. ) ;
#4390 = DIRECTION ( 'NONE',  ( -0.000000000000000000, 1.000000000000000000, -0.000000000000000000 ) ) ;
#4391 = LINE ( 'NONE', #6150, #274 ) ;
#4392 = DIRECTION ( 'NONE',  ( -0.000000000000000000, 1.000000000000000000, -0.000000000000000000 ) ) ;
#4393 = ORIENTED_EDGE ( 'NONE', *, *, #3227, .T. ) ;
#4394 = ORIENTED_EDGE ( 'NONE', *, *, #2797, .T. ) ;
#4395 = CARTESIAN_POINT ( 'NONE',  ( -5.852740425671333568, 1.000000000000000000, 0.5176030526561972156 ) ) ;
#4396 = DIRECTION ( 'NONE',  ( 1.000000000000000000, 0.000000000000000000, 0.000000000000000000 ) ) ;
#4397 = LINE ( 'NONE', #9351, #2982 ) ;
#4398 = DIRECTION ( 'NONE',  ( -0.000000000000000000, 1.000000000000000000, -0.000000000000000000 ) ) ;
#4399 = CARTESIAN_POINT ( 'NONE',  ( -19.42752846721963422, 1.000000000000000000, 0.8567078280890980668 ) ) ;
#4400 = CARTESIAN_POINT ( 'NONE',  ( 12.69946990916673357, 0.9999999999999995559, 0.9109072515481143606 ) ) ;
#4401 = DIRECTION ( 'NONE',  ( 1.000000000000000000, 0.000000000000000000, 0.000000000000000000 ) ) ;
#4402 = CARTESIAN_POINT ( 'NONE',  ( -18.35262544849621591, 3.000000000000000444, 3.337324797882506022 ) ) ;
#4403 = CARTESIAN_POINT ( 'NONE',  ( -9.818676744601427586, 1.000000000000000000, 0.7436729029447978201 ) ) ;
#4404 = ORIENTED_EDGE ( 'NONE', *, *, #7102, .T. ) ;
#4405 = ORIENTED_EDGE ( 'NONE', *, *, #2028, .F. ) ;
#4406 = CARTESIAN_POINT ( 'NONE',  ( -9.308076387622628900, 1.000000000000000444, 4.480763731595659216 ) ) ;
#4407 = DIRECTION ( 'NONE',  ( 1.000000000000000000, 0.000000000000000000, 0.000000000000000000 ) ) ;
#4408 = ORIENTED_EDGE ( 'NONE', *, *, #6664, .T. ) ;
#4409 = CARTESIAN_POINT ( 'NONE',  ( -29.50000000000000355, 1.500000000000000000, -10.24999999999999645 ) ) ;
#4410 = VERTEX_POINT ( 'NONE', #10206 ) ;
#4411 = VERTEX_POINT ( 'NONE', #4622 ) ;
#4412 = CARTESIAN_POINT ( 'NONE',  ( 29.49999999999999645, 0.000000000000000000, -8.500000000000000000 ) ) ;
#4413 = PLANE ( 'NONE',  #2455 ) ;
#4414 = CARTESIAN_POINT ( 'NONE',  ( -9.302945297551509896, 0.9999999999999995559, 0.8781975057508946136 ) ) ;
#4415 = DIRECTION ( 'NONE',  ( -1.000000000000000000, 0.000000000000000000, 0.000000000000000000 ) ) ;
#4416 = CARTESIAN_POINT ( 'NONE',  ( 25.43692726156337613, 1.000000000000000888, 4.115029550705583183 ) ) ;
#4417 = VECTOR ( 'NONE', #5658, 1000.000000000000000 ) ;
#4418 = ADVANCED_FACE ( 'NONE', ( #3767 ), #4457, .F. ) ;
#4419 = LINE ( 'NONE', #3520, #1894 ) ;
#4420 = CARTESIAN_POINT ( 'NONE',  ( 25.38668979599460584, 3.000000000000000000, 4.199590450984603152 ) ) ;
#4421 = VERTEX_POINT ( 'NONE', #10257 ) ;
#4422 = ORIENTED_EDGE ( 'NONE', *, *, #3472, .T. ) ;
#4423 = CARTESIAN_POINT ( 'NONE',  ( 11.35152841543222202, 1.000000000000000000, 4.530342895278852922 ) ) ;
#4424 = AXIS2_PLACEMENT_3D ( 'NONE', #3418, #4372, #2078 ) ;
#4425 = CARTESIAN_POINT ( 'NONE',  ( 19.76291639980298953, 1.000000000000000000, 4.869447670711752885 ) ) ;
#4426 = CARTESIAN_POINT ( 'NONE',  ( -9.956438059621044445, 1.000000000000000444, 4.982482595856053464 ) ) ;
#4427 = CARTESIAN_POINT ( 'NONE',  ( 23.35662530295501682, 3.000000000000003553, 2.782139624252222720 ) ) ;
#4428 = DIRECTION ( 'NONE',  ( -0.000000000000000000, 1.000000000000000000, -0.000000000000000000 ) ) ;
#4429 = ORIENTED_EDGE ( 'NONE', *, *, #9176, .T. ) ;
#4430 = VECTOR ( 'NONE', #4947, 1000.000000000000000 ) ;
#4431 = DIRECTION ( 'NONE',  ( 0.000000000000000000, 0.000000000000000000, -1.000000000000000000 ) ) ;
#4432 = EDGE_CURVE ( 'NONE', #5153, #5978, #9358, .T. ) ;
#4433 = CIRCLE ( 'NONE', #3761, 1.749999999999999778 ) ;
#4434 = CARTESIAN_POINT ( 'NONE',  ( 47.50000000000000000, 3.000000000000000000, 13.50000000000000178 ) ) ;
#4435 = EDGE_LOOP ( 'NONE', ( #2001, #575, #2773, #6758 ) ) ;
#4436 = EDGE_LOOP ( 'NONE', ( #4029, #2888, #7402, #9000 ) ) ;
#4437 = DIRECTION ( 'NONE',  ( 1.000000000000000000, 0.000000000000000000, 0.000000000000000000 ) ) ;
#4438 = CARTESIAN_POINT ( 'NONE',  ( 7.926664030235387237, 3.000000000000001776, 2.891576315784858409 ) ) ;
#4439 = DIRECTION ( 'NONE',  ( -0.000000000000000000, 0.000000000000000000, 1.000000000000000000 ) ) ;
#4440 = CARTESIAN_POINT ( 'NONE',  ( 20.50294192535707793, 1.000000000000000000, 0.8567078280890980668 ) ) ;
#4441 = EDGE_CURVE ( 'NONE', #7479, #3316, #7661, .T. ) ;
#4442 = CARTESIAN_POINT ( 'NONE',  ( -10.88498312306244209, 1.000000000000000000, 3.573173923345490444 ) ) ;
#4443 = EDGE_LOOP ( 'NONE', ( #255, #8561, #6210, #9856 ) ) ;
#4444 = DIRECTION ( 'NONE',  ( -0.3383627213242522136, 0.000000000000000000, -0.9410157643833850782 ) ) ;
#4445 = EDGE_CURVE ( 'NONE', #8817, #5980, #6852, .T. ) ;
#4446 = VERTEX_POINT ( 'NONE', #2807 ) ;
#4447 = EDGE_CURVE ( 'NONE', #3861, #3929, #8199, .T. ) ;
#4448 = CARTESIAN_POINT ( 'NONE',  ( 25.64389927101416689, 1.000000000000001332, 1.977245783634920651 ) ) ;
#4449 = LINE ( 'NONE', #3644, #2732 ) ;
#4450 = CARTESIAN_POINT ( 'NONE',  ( 26.48758884775925893, 1.000000000000000000, 2.569540520382531668 ) ) ;
#4451 = LINE ( 'NONE', #6844, #9774 ) ;
#4452 = CARTESIAN_POINT ( 'NONE',  ( 24.81440503751280602, 0.9999999999999995559, 4.958272281606582510 ) ) ;
#4453 = LINE ( 'NONE', #9202, #2456 ) ;
#4454 = LINE ( 'NONE', #9304, #6114 ) ;
#4455 = PLANE ( 'NONE',  #758 ) ;
#4456 = CARTESIAN_POINT ( 'NONE',  ( 17.12050305079266010, 3.000000000000000444, 3.887473214563547330 ) ) ;
#4457 = PLANE ( 'NONE',  #2966 ) ;
#4458 = ORIENTED_EDGE ( 'NONE', *, *, #1833, .T. ) ;
#4459 = ORIENTED_EDGE ( 'NONE', *, *, #4327, .T. ) ;
#4460 = ADVANCED_FACE ( 'NONE', ( #7069 ), #9410, .T. ) ;
#4461 = FACE_OUTER_BOUND ( 'NONE', #1478, .T. ) ;
#4462 = CARTESIAN_POINT ( 'NONE',  ( -10.26980866322569419, 1.000000000000000888, 2.868894558604744738 ) ) ;
#4463 = CARTESIAN_POINT ( 'NONE',  ( 21.40722132651148257, 1.000000000000000000, 0.8567078280890980668 ) ) ;
#4464 = ORIENTED_EDGE ( 'NONE', *, *, #2028, .T. ) ;
#4465 = ORIENTED_EDGE ( 'NONE', *, *, #10510, .F. ) ;
#4466 = LINE ( 'NONE', #7779, #9960 ) ;
#4467 = DIRECTION ( 'NONE',  ( -0.000000000000000000, 0.000000000000000000, -1.000000000000000000 ) ) ;
#4468 = CARTESIAN_POINT ( 'NONE',  ( -10.09508163730282249, 3.000000000000000888, 2.189017852972479528 ) ) ;
#4469 = DIRECTION ( 'NONE',  ( -1.000000000000000000, 0.000000000000000000, 0.000000000000000000 ) ) ;
#4470 = LINE ( 'NONE', #6284, #695 ) ;
#4471 = CARTESIAN_POINT ( 'NONE',  ( 17.88194459857362162, 1.000000000000000000, 4.530342895278852922 ) ) ;
#4472 = CARTESIAN_POINT ( 'NONE',  ( 44.50000000000000000, 3.000000000000000000, -16.50000000000000000 ) ) ;
#4473 = CARTESIAN_POINT ( 'NONE',  ( -8.480060138056890295, 1.000000000000000444, 4.240148078945831678 ) ) ;
#4474 = ORIENTED_EDGE ( 'NONE', *, *, #936, .T. ) ;
#4475 = VERTEX_POINT ( 'NONE', #8452 ) ;
#4476 = CARTESIAN_POINT ( 'NONE',  ( 8.964914330331462011, 2.999999999999999556, 0.9431588549970280067 ) ) ;
#4477 = CARTESIAN_POINT ( 'NONE',  ( -20.24173316239967235, 1.000000000000000000, 2.439196780109299301 ) ) ;
#4478 = DIRECTION ( 'NONE',  ( -0.000000000000000000, 1.000000000000000000, -0.000000000000000000 ) ) ;
#4479 = CARTESIAN_POINT ( 'NONE',  ( -19.88111507939487765, 0.9999999999999995559, 2.438861982513799820 ) ) ;
#4480 = ADVANCED_FACE ( 'NONE', ( #6910 ), #6107, .T. ) ;
#4481 = DIRECTION ( 'NONE',  ( 0.000000000000000000, 0.000000000000000000, 1.000000000000000000 ) ) ;
#4482 = ORIENTED_EDGE ( 'NONE', *, *, #2500, .F. ) ;
#4483 = VECTOR ( 'NONE', #8031, 1000.000000000000000 ) ;
#4484 = DIRECTION ( 'NONE',  ( -0.000000000000000000, 1.000000000000000000, -0.000000000000000000 ) ) ;
#4485 = DIRECTION ( 'NONE',  ( -1.000000000000000000, 0.000000000000000000, 0.000000000000000000 ) ) ;
#4486 = ORIENTED_EDGE ( 'NONE', *, *, #878, .T. ) ;
#4487 = ORIENTED_EDGE ( 'NONE', *, *, #7831, .T. ) ;
#4488 = CARTESIAN_POINT ( 'NONE',  ( 13.47976411541474739, 1.000000000000000000, 0.5176030526561972156 ) ) ;
#4489 = AXIS2_PLACEMENT_3D ( 'NONE', #693, #10489, #5746 ) ;
#4490 = CARTESIAN_POINT ( 'NONE',  ( 7.866583364143999724, 1.000000000000000000, 2.891418975556117044 ) ) ;
#4491 = CARTESIAN_POINT ( 'NONE',  ( 4.089034474910937966, 1.000000000000000000, 3.682580956696600794 ) ) ;
#4492 = ADVANCED_FACE ( 'NONE', ( #2010 ), #5367, .T. ) ;
#4493 = CARTESIAN_POINT ( 'NONE',  ( -9.390975498047399839, 3.000000000000000444, 3.236423860457908308 ) ) ;
#4494 = CARTESIAN_POINT ( 'NONE',  ( 12.10146614412101407, 1.000000000000000000, 2.853385446503947431 ) ) ;
#4495 = ORIENTED_EDGE ( 'NONE', *, *, #4918, .F. ) ;
#4496 = CARTESIAN_POINT ( 'NONE',  ( 10.02601730104476374, 1.000000000000000000, 4.869447670711752885 ) ) ;
#4497 = ORIENTED_EDGE ( 'NONE', *, *, #2917, .T. ) ;
#4498 = VECTOR ( 'NONE', #4765, 1000.000000000000000 ) ;
#4499 = CARTESIAN_POINT ( 'NONE',  ( 29.49999999999999645, 0.000000000000000000, -10.25000000000000000 ) ) ;
#4500 = AXIS2_PLACEMENT_3D ( 'NONE', #263, #3501, #5051 ) ;
#4501 = B_SPLINE_SURFACE_WITH_KNOTS ( 'NONE', 3, 1, ( 
 ( #8700, #1408 ),
 ( #3898, #3104 ),
 ( #1115, #6003 ),
 ( #2810, #3602 ),
 ( #9893, #1221 ),
 ( #1164, #1006 ),
 ( #315, #3454 ),
 ( #5211, #6856 ),
 ( #6698, #9156 ),
 ( #5106, #4304 ),
 ( #7557, #5953 ),
 ( #9211, #1963 ),
 ( #576, #6166 ),
 ( #2969, #3820 ),
 ( #10315, #6272 ),
 ( #3024, #9574 ),
 ( #5371, #4568 ) ),
 .UNSPECIFIED., .F., .F., .F.,
 ( 4, 1, 1, 1, 1, 1, 1, 1, 1, 1, 1, 1, 1, 1, 4 ),
 ( 2, 2 ),
 ( 0.000000000000000000, 0.1262398501323558908, 0.2497792587054943059, 0.3104630011863722672, 0.3702723291363821390, 0.4297454927963625382, 0.4892255359431978423, 0.5480884185899599359, 0.6071594695723415702, 0.6661213238177599028, 0.7262258060637390988, 0.7885478093474028727, 0.8544827426704089124, 0.9243979171317566745, 1.000000000000000000 ),
 ( 0.000000000000000000, 1.000000000000000000 ),
 .UNSPECIFIED. ) ;
#4502 = CARTESIAN_POINT ( 'NONE',  ( 26.19426823496575096, 3.000000000000000000, 1.358953396199938490 ) ) ;
#4503 = EDGE_CURVE ( 'NONE', #3531, #4981, #8504, .T. ) ;
#4504 = CARTESIAN_POINT ( 'NONE',  ( -10.00757047559540425, 3.000000000000000444, 4.642158595203202509 ) ) ;
#4505 = DIRECTION ( 'NONE',  ( 0.000000000000000000, 0.000000000000000000, -1.000000000000000000 ) ) ;
#4506 = FACE_OUTER_BOUND ( 'NONE', #1205, .T. ) ;
#4507 = EDGE_CURVE ( 'NONE', #8490, #4892, #1326, .T. ) ;
#4508 = CARTESIAN_POINT ( 'NONE',  ( -15.29645518733653375, 1.000000000000000000, 0.8567078280890980668 ) ) ;
#4509 = ADVANCED_FACE ( 'NONE', ( #7816 ), #522, .T. ) ;
#4510 = DIRECTION ( 'NONE',  ( -0.000000000000000000, 0.000000000000000000, -1.000000000000000000 ) ) ;
#4511 = VECTOR ( 'NONE', #10262, 1000.000000000000000 ) ;
#4512 = CARTESIAN_POINT ( 'NONE',  ( 15.99479119987542575, 3.000000000000000000, 4.530342895278852922 ) ) ;
#4513 = VECTOR ( 'NONE', #3279, 1000.000000000000000 ) ;
#4514 = CARTESIAN_POINT ( 'NONE',  ( -10.56893793501602197, 1.000000000000000000, 1.294448418115222932 ) ) ;
#4515 = ORIENTED_EDGE ( 'NONE', *, *, #749, .T. ) ;
#4516 = ORIENTED_EDGE ( 'NONE', *, *, #1539, .F. ) ;
#4517 = CARTESIAN_POINT ( 'NONE',  ( -17.16859613503900661, 3.000000000000000000, 0.8567078280890980668 ) ) ;
#4518 = CARTESIAN_POINT ( 'NONE',  ( -11.38438707492051982, 1.000000000000000000, 0.5176030526561972156 ) ) ;
#4519 = LINE ( 'NONE', #7773, #735 ) ;
#4520 = VECTOR ( 'NONE', #5164, 1000.000000000000000 ) ;
#4521 = ADVANCED_FACE ( 'NONE', ( #9678 ), #7923, .T. ) ;
#4522 = UNCERTAINTY_MEASURE_WITH_UNIT (LENGTH_MEASURE( 1.000000000000000082E-05 ), #9134, 'distance_accuracy_value', 'NONE');
#4523 = LINE ( 'NONE', #475, #1795 ) ;
#4524 = ORIENTED_EDGE ( 'NONE', *, *, #5933, .F. ) ;
#4525 = ORIENTED_EDGE ( 'NONE', *, *, #7199, .T. ) ;
#4526 = PLANE ( 'NONE',  #8602 ) ;
#4527 = PLANE ( 'NONE',  #8405 ) ;
#4528 = DIRECTION ( 'NONE',  ( 1.000000000000000000, 0.000000000000000000, 0.000000000000000000 ) ) ;
#4529 = EDGE_CURVE ( 'NONE', #1011, #8062, #8033, .T. ) ;
#4530 = DIRECTION ( 'NONE',  ( 0.5414944875458878037, 0.000000000000000000, 0.8407042999517823079 ) ) ;
#4531 = CARTESIAN_POINT ( 'NONE',  ( 23.52114037338496644, 1.000000000000000444, 1.456963180161968685 ) ) ;
#4532 = AXIS2_PLACEMENT_3D ( 'NONE', #8131, #5083, #5884 ) ;
#4533 = DIRECTION ( 'NONE',  ( -1.000000000000000000, 0.000000000000000000, 0.000000000000000000 ) ) ;
#4534 = DIRECTION ( 'NONE',  ( -0.000000000000000000, 0.000000000000000000, 1.000000000000000000 ) ) ;
#4535 = LINE ( 'NONE', #8469, #6633 ) ;
#4536 = VERTEX_POINT ( 'NONE', #731 ) ;
#4537 = ORIENTED_EDGE ( 'NONE', *, *, #3594, .F. ) ;
#4538 = CARTESIAN_POINT ( 'NONE',  ( -18.93123449900794242, 1.000000000000000000, 1.704469766671348863 ) ) ;
#4539 = DIRECTION ( 'NONE',  ( 1.000000000000000000, 0.000000000000000000, 0.000000000000000000 ) ) ;
#4540 = LINE ( 'NONE', #9544, #2652 ) ;
#4541 = CARTESIAN_POINT ( 'NONE',  ( -19.32771685682514828, 0.9999999999999991118, 1.966794162330093743 ) ) ;
#4542 = FACE_OUTER_BOUND ( 'NONE', #2501, .T. ) ;
#4543 = LINE ( 'NONE', #9548, #8844 ) ;
#4544 = ORIENTED_EDGE ( 'NONE', *, *, #3632, .F. ) ;
#4545 = VERTEX_POINT ( 'NONE', #7176 ) ;
#4546 = CARTESIAN_POINT ( 'NONE',  ( -9.964265053883680778, 3.000000000000001332, 0.4068708384736780537 ) ) ;
#4547 = CARTESIAN_POINT ( 'NONE',  ( 8.314796147015306005, 3.000000000000002665, 2.965537469886755595 ) ) ;
#4548 = CARTESIAN_POINT ( 'NONE',  ( 22.55669010955885767, 1.000000000000000888, 2.981423060855194151 ) ) ;
#4549 = DIRECTION ( 'NONE',  ( 0.000000000000000000, 0.000000000000000000, -1.000000000000000000 ) ) ;
#4550 = CARTESIAN_POINT ( 'NONE',  ( 12.27909595995046210, 3.000000000000000888, 3.428115231736965196 ) ) ;
#4551 = EDGE_LOOP ( 'NONE', ( #2669, #7315, #5755, #3438 ) ) ;
#4552 = CARTESIAN_POINT ( 'NONE',  ( -20.24173316239967235, 3.000000000000000000, 0.8567078280890980668 ) ) ;
#4553 = ORIENTED_EDGE ( 'NONE', *, *, #1140, .T. ) ;
#4554 = CARTESIAN_POINT ( 'NONE',  ( -8.609452922981921219, 1.000000000000000000, 4.458246214461565771 ) ) ;
#4555 = EDGE_CURVE ( 'NONE', #1236, #8919, #8134, .T. ) ;
#4556 = ORIENTED_EDGE ( 'NONE', *, *, #7952, .F. ) ;
#4557 = DIRECTION ( 'NONE',  ( 0.000000000000000000, 0.000000000000000000, -1.000000000000000000 ) ) ;
#4558 = CARTESIAN_POINT ( 'NONE',  ( -10.60373851556237845, 3.000000000000000444, 4.371945155800696092 ) ) ;
#4559 = CARTESIAN_POINT ( 'NONE',  ( 26.20038660723104584, 0.9999999999999995559, 3.961202441905205429 ) ) ;
#4560 = DIRECTION ( 'NONE',  ( 0.3307762265877876584, 0.000000000000000000, 0.9437092178867093617 ) ) ;
#4561 = DIRECTION ( 'NONE',  ( 0.000000000000000000, 0.000000000000000000, 1.000000000000000000 ) ) ;
#4562 = FACE_OUTER_BOUND ( 'NONE', #7871, .T. ) ;
#4563 = PLANE ( 'NONE',  #9702 ) ;
#4564 = DIRECTION ( 'NONE',  ( -0.000000000000000000, 1.000000000000000000, -0.000000000000000000 ) ) ;
#4565 = B_SPLINE_CURVE_WITH_KNOTS ( 'NONE', 3,
 ( #2541, #5750, #5504, #8997, #3844, #8196, #902, #10393, #5799, #7094, #4151, #4703, #654, #9048, #1755, #7147, #3396, #8250, #7404 ),
 .UNSPECIFIED., .F., .F.,
 ( 4, 1, 1, 1, 1, 1, 1, 1, 1, 1, 1, 1, 1, 1, 1, 1, 4 ),
 ( 0.000000000000000000, 0.1187767075909451769, 0.2207809273048087217, 0.3067990809538417296, 0.3757066992675635597, 0.4333762127717255552, 0.4838276350480513188, 0.5289847340523990971, 0.5686495369031961955, 0.6072201026983442551, 0.6476492541587907104, 0.6920729460071035621, 0.7403619057419850158, 0.7944415648870482016, 0.8560178573469114927, 0.9245088927334972340, 1.000000000000000000 ),
 .UNSPECIFIED. ) ;
#4566 = ORIENTED_EDGE ( 'NONE', *, *, #5158, .T. ) ;
#4567 = ORIENTED_EDGE ( 'NONE', *, *, #8958, .F. ) ;
#4568 = CARTESIAN_POINT ( 'NONE',  ( -8.378364534364289185, 3.000000000000000000, 3.717021285451505008 ) ) ;
#4569 = CARTESIAN_POINT ( 'NONE',  ( 24.80473311319630625, 0.9999999999999991118, 0.7689486688155826588 ) ) ;
#4570 = EDGE_CURVE ( 'NONE', #5705, #5135, #1430, .T. ) ;
#4571 = CYLINDRICAL_SURFACE ( 'NONE', #4821, 1.749999999999999778 ) ;
#4572 = CARTESIAN_POINT ( 'NONE',  ( -19.38328342931263037, 1.000000000000000444, 2.217671678630609655 ) ) ;
#4573 = VERTEX_POINT ( 'NONE', #834 ) ;
#4574 = CARTESIAN_POINT ( 'NONE',  ( 20.42169807290961359, 1.000000000000000000, 4.530342895278852922 ) ) ;
#4575 = CARTESIAN_POINT ( 'NONE',  ( 22.55669010955885767, 1.000000000000000888, 2.981423060855194151 ) ) ;
#4576 = CARTESIAN_POINT ( 'NONE',  ( -10.58001346701759715, 2.999999999999999112, 1.499638687624962108 ) ) ;
#4577 = VECTOR ( 'NONE', #5310, 1000.000000000000000 ) ;
#4578 = LINE ( 'NONE', #8632, #2629 ) ;
#4579 = CARTESIAN_POINT ( 'NONE',  ( 22.05099054862238006, 1.000000000000000000, 0.5176030526561972156 ) ) ;
#4580 = EDGE_CURVE ( 'NONE', #4927, #7640, #2377, .T. ) ;
#4581 = CARTESIAN_POINT ( 'NONE',  ( 8.338205175041009554, 1.000000000000000444, 2.468495474901855502 ) ) ;
#4582 = EDGE_CURVE ( 'NONE', #6259, #3145, #8722, .T. ) ;
#4583 = AXIS2_PLACEMENT_3D ( 'NONE', #2854, #9355, #4034 ) ;
#4584 = EDGE_CURVE ( 'NONE', #5668, #3481, #1645, .T. ) ;
#4585 = CARTESIAN_POINT ( 'NONE',  ( -19.54232585890339635, 1.000000000000000888, 4.530272260525504358 ) ) ;
#4586 = FACE_OUTER_BOUND ( 'NONE', #10117, .T. ) ;
#4587 = CARTESIAN_POINT ( 'NONE',  ( 25.59130995869066183, 2.999999999999999556, 3.672738975962865471 ) ) ;
#4588 = VERTEX_POINT ( 'NONE', #5586 ) ;
#4589 = VERTEX_POINT ( 'NONE', #3185 ) ;
#4590 = CARTESIAN_POINT ( 'NONE',  ( 9.262078086243166197, 3.000000000000000000, 1.321808856699682844 ) ) ;
#4591 = LINE ( 'NONE', #544, #3828 ) ;
#4592 = CARTESIAN_POINT ( 'NONE',  ( -6.744656631888076070, 3.000000000000000000, 3.060888868402950713 ) ) ;
#4593 = DIRECTION ( 'NONE',  ( 0.000000000000000000, 0.000000000000000000, 1.000000000000000000 ) ) ;
#4594 = VECTOR ( 'NONE', #3954, 1000.000000000000000 ) ;
#4595 = CARTESIAN_POINT ( 'NONE',  ( 8.500928896949403679, 3.000000000000000000, 3.682580956696600794 ) ) ;
#4596 = VECTOR ( 'NONE', #9638, 1000.000000000000000 ) ;
#4597 = CARTESIAN_POINT ( 'NONE',  ( 7.564858423098167250, 1.000000000000000000, 0.8567078280890980668 ) ) ;
#4598 = ORIENTED_EDGE ( 'NONE', *, *, #5234, .F. ) ;
#4599 = VECTOR ( 'NONE', #5436, 1000.000000000000000 ) ;
#4600 = EDGE_LOOP ( 'NONE', ( #7358, #4374, #9344, #3795 ) ) ;
#4601 = CARTESIAN_POINT ( 'NONE',  ( 23.39786557476671547, 3.000000000000002220, 1.989553585028247973 ) ) ;
#4602 = CARTESIAN_POINT ( 'NONE',  ( -8.790763508416727490, 3.000000000000000000, 4.642748277372645838 ) ) ;
#4603 = DIRECTION ( 'NONE',  ( 1.000000000000000000, 0.000000000000000000, 0.000000000000000000 ) ) ;
#4604 = VECTOR ( 'NONE', #638, 1000.000000000000000 ) ;
#4605 = PLANE ( 'NONE',  #768 ) ;
#4606 = VECTOR ( 'NONE', #103, 1000.000000000000000 ) ;
#4607 = ORIENTED_EDGE ( 'NONE', *, *, #10119, .F. ) ;
#4608 = ORIENTED_EDGE ( 'NONE', *, *, #5460, .F. ) ;
#4609 = DIRECTION ( 'NONE',  ( 0.000000000000000000, 0.000000000000000000, 1.000000000000000000 ) ) ;
#4610 = ORIENTED_EDGE ( 'NONE', *, *, #8028, .T. ) ;
#4611 = PLANE ( 'NONE',  #5798 ) ;
#4612 = VERTEX_POINT ( 'NONE', #8829 ) ;
#4613 = CARTESIAN_POINT ( 'NONE',  ( 25.34506955612654622, 2.999999999999999556, 0.5678434014606147384 ) ) ;
#4614 = CARTESIAN_POINT ( 'NONE',  ( -11.17672855576504531, 3.000000000000000000, 2.069155635781464220 ) ) ;
#4615 = VECTOR ( 'NONE', #1292, 1000.000000000000000 ) ;
#4616 = CARTESIAN_POINT ( 'NONE',  ( -11.06275367289554090, 1.000000000000000000, 4.812698568537673083 ) ) ;
#4617 = DIRECTION ( 'NONE',  ( 0.3307762265877876584, 0.000000000000000000, 0.9437092178867093617 ) ) ;
#4618 = CARTESIAN_POINT ( 'NONE',  ( 12.20960919583471238, 0.9999999999999991118, 0.8568106951914036262 ) ) ;
#4619 = DIRECTION ( 'NONE',  ( -1.000000000000000000, 0.000000000000000000, 0.000000000000000000 ) ) ;
#4620 = CARTESIAN_POINT ( 'NONE',  ( -6.744656631888076070, 1.000000000000000000, 3.060888868402950713 ) ) ;
#4621 = EDGE_CURVE ( 'NONE', #8376, #5054, #4082, .T. ) ;
#4622 = CARTESIAN_POINT ( 'NONE',  ( -2.305386563916230980, 1.000000000000000000, 4.530342895278852922 ) ) ;
#4623 = EDGE_LOOP ( 'NONE', ( #7720, #7898, #2494, #5620 ) ) ;
#4624 = EDGE_LOOP ( 'NONE', ( #8601, #5369, #1248, #4515 ) ) ;
#4625 = CARTESIAN_POINT ( 'NONE',  ( 25.29254565642498775, 1.000000000000000000, 1.040551845415055521 ) ) ;
#4626 = CARTESIAN_POINT ( 'NONE',  ( -14.79221345095063356, 1.000000000000000000, 2.259047368160571168 ) ) ;
#4627 = CARTESIAN_POINT ( 'NONE',  ( 13.03221909665249534, 3.000000000000000000, 1.216090897909032131 ) ) ;
#4628 = DIRECTION ( 'NONE',  ( -0.000000000000000000, 1.000000000000000000, -0.000000000000000000 ) ) ;
#4629 = CARTESIAN_POINT ( 'NONE',  ( 24.31720848257732470, 3.000000000000000000, 0.4108632037807701254 ) ) ;
#4630 = FACE_BOUND ( 'NONE', #1691, .T. ) ;
#4631 = CARTESIAN_POINT ( 'NONE',  ( -8.991273816277491449, 0.9999999999999986677, 1.328562536425972329 ) ) ;
#4632 = CARTESIAN_POINT ( 'NONE',  ( -9.918465389455381143, 1.000000000000000444, 4.643377820423152613 ) ) ;
#4633 = DIRECTION ( 'NONE',  ( 0.000000000000000000, 0.000000000000000000, -1.000000000000000000 ) ) ;
#4634 = ADVANCED_FACE ( 'NONE', ( #1540 ), #7338, .T. ) ;
#4635 = CARTESIAN_POINT ( 'NONE',  ( 8.400430953540601209, 0.9999999999999995559, 2.387777593008959975 ) ) ;
#4636 = CARTESIAN_POINT ( 'NONE',  ( -18.65315151733539523, 0.9999999999999995559, 4.285563151067235843 ) ) ;
#4637 = LINE ( 'NONE', #6020, #3400 ) ;
#4638 = ORIENTED_EDGE ( 'NONE', *, *, #8547, .F. ) ;
#4639 = ORIENTED_EDGE ( 'NONE', *, *, #9713, .T. ) ;
#4640 = EDGE_CURVE ( 'NONE', #3439, #7943, #5641, .T. ) ;
#4641 = CARTESIAN_POINT ( 'NONE',  ( 9.144544526312454735, 3.000000000000000444, 1.086293780760209549 ) ) ;
#4642 = CARTESIAN_POINT ( 'NONE',  ( 22.20553048534310037, 1.000000000000000000, 4.869447670711752885 ) ) ;
#4643 = DIRECTION ( 'NONE',  ( -0.000000000000000000, 1.000000000000000000, -0.000000000000000000 ) ) ;
#4644 = CARTESIAN_POINT ( 'NONE',  ( 23.41873886537875293, 0.9999999999999995559, 3.572865961964251547 ) ) ;
#4645 = EDGE_CURVE ( 'NONE', #5987, #8441, #7976, .T. ) ;
#4646 = EDGE_CURVE ( 'NONE', #774, #9262, #3232, .T. ) ;
#4647 = CARTESIAN_POINT ( 'NONE',  ( -6.744656631888076959, 3.000000000000000000, 3.060888868402950713 ) ) ;
#4648 = CARTESIAN_POINT ( 'NONE',  ( -29.50000000000000355, 1.500000000000000000, -7.249999999999999112 ) ) ;
#4649 = ORIENTED_EDGE ( 'NONE', *, *, #8168, .T. ) ;
#4650 = ORIENTED_EDGE ( 'NONE', *, *, #2687, .T. ) ;
#4651 = EDGE_CURVE ( 'NONE', #4573, #5054, #4836, .T. ) ;
#4652 = CARTESIAN_POINT ( 'NONE',  ( 23.87556672305764494, 3.000000000000002220, 0.9213897645903448286 ) ) ;
#4653 = CARTESIAN_POINT ( 'NONE',  ( -9.956438059621044445, 3.000000000000000444, 4.982482595856053464 ) ) ;
#4654 = EDGE_CURVE ( 'NONE', #2467, #8216, #4672, .T. ) ;
#4655 = DIRECTION ( 'NONE',  ( -1.000000000000000000, 0.000000000000000000, 0.000000000000000000 ) ) ;
#4656 = CARTESIAN_POINT ( 'NONE',  ( -10.80792834138254221, 3.000000000000000444, 3.985864073455342993 ) ) ;
#4657 = ORIENTED_EDGE ( 'NONE', *, *, #942, .F. ) ;
#4658 = DIRECTION ( 'NONE',  ( 1.000000000000000000, 0.000000000000000000, 0.000000000000000000 ) ) ;
#4659 = EDGE_LOOP ( 'NONE', ( #1994, #6778, #3887, #8034 ) ) ;
#4660 = CARTESIAN_POINT ( 'NONE',  ( 25.39701746960020401, 1.000000000000000444, 1.179400611096040441 ) ) ;
#4661 = CARTESIAN_POINT ( 'NONE',  ( -11.22587556575787460, 1.000000000000000000, 1.618178573387692332 ) ) ;
#4662 = VERTEX_POINT ( 'NONE', #3281 ) ;
#4663 = ORIENTED_EDGE ( 'NONE', *, *, #202, .F. ) ;
#4664 = CARTESIAN_POINT ( 'NONE',  ( 26.45940167184184943, 0.9999999999999995559, 2.175803204293461857 ) ) ;
#4665 = VECTOR ( 'NONE', #4728, 1000.000000000000000 ) ;
#4666 = FACE_OUTER_BOUND ( 'NONE', #8742, .T. ) ;
#4667 = DIRECTION ( 'NONE',  ( -0.000000000000000000, 1.000000000000000000, -0.000000000000000000 ) ) ;
#4668 = DIRECTION ( 'NONE',  ( 0.000000000000000000, 1.000000000000000000, 0.000000000000000000 ) ) ;
#4669 = CARTESIAN_POINT ( 'NONE',  ( 12.66202707882395018, 3.000000000000000000, 3.569546031552301102 ) ) ;
#4670 = CARTESIAN_POINT ( 'NONE',  ( 0.5319666742762407807, 3.000000000000000000, 0.8567078280890980668 ) ) ;
#4671 = CARTESIAN_POINT ( 'NONE',  ( 17.21486189768705444, 1.000000000000000000, 3.430879011084310370 ) ) ;
#4672 = LINE ( 'NONE', #2426, #6207 ) ;
#4673 = ORIENTED_EDGE ( 'NONE', *, *, #547, .T. ) ;
#4674 = VECTOR ( 'NONE', #6632, 1000.000000000000000 ) ;
#4675 = VECTOR ( 'NONE', #10470, 1000.000000000000000 ) ;
#4676 = VERTEX_POINT ( 'NONE', #3871 ) ;
#4677 = DIRECTION ( 'NONE',  ( -1.000000000000000000, 0.000000000000000000, 0.000000000000000000 ) ) ;
#4678 = CARTESIAN_POINT ( 'NONE',  ( 25.44599928915249265, 3.000000000000000000, 1.261617553192167618 ) ) ;
#4679 = CARTESIAN_POINT ( 'NONE',  ( 12.28848197463614689, 1.000000000000000000, 1.704469766671348863 ) ) ;
#4680 = CARTESIAN_POINT ( 'NONE',  ( 13.16696763517666291, 2.999999999999999556, 1.763862746716056362 ) ) ;
#4681 = ORIENTED_EDGE ( 'NONE', *, *, #2365, .F. ) ;
#4682 = VECTOR ( 'NONE', #3592, 1000.000000000000000 ) ;
#4683 = CARTESIAN_POINT ( 'NONE',  ( 12.10146614412101407, 3.000000000000000000, 2.853385446503947431 ) ) ;
#4684 = CARTESIAN_POINT ( 'NONE',  ( -19.72352953231021999, 3.000000000000000444, 2.432973014260338740 ) ) ;
#4685 = CIRCLE ( 'NONE', #1110, 3.000000000000000888 ) ;
#4686 = CARTESIAN_POINT ( 'NONE',  ( 23.35619069989797580, 1.000000000000000000, 2.715602495501221014 ) ) ;
#4687 = CARTESIAN_POINT ( 'NONE',  ( 23.35619069989797580, 1.000000000000000000, 2.715602495501221014 ) ) ;
#4688 = CARTESIAN_POINT ( 'NONE',  ( 9.731949878599046144, 1.000000000000000000, 1.874022154387798844 ) ) ;
#4689 = CARTESIAN_POINT ( 'NONE',  ( -19.58935809111608961, 2.999999999999999556, 2.808880362128499009 ) ) ;
#4690 = VERTEX_POINT ( 'NONE', #7118 ) ;
#4691 = VECTOR ( 'NONE', #8961, 1000.000000000000000 ) ;
#4692 = LINE ( 'NONE', #2924, #517 ) ;
#4693 = CARTESIAN_POINT ( 'NONE',  ( -18.51667769795008311, 1.000000000000000888, 4.047473746718613263 ) ) ;
#4694 = CARTESIAN_POINT ( 'NONE',  ( 8.178602743217609827, 1.000000000000000000, 4.869447670711752885 ) ) ;
#4695 = EDGE_CURVE ( 'NONE', #6165, #9142, #10359, .T. ) ;
#4696 = ORIENTED_EDGE ( 'NONE', *, *, #5562, .T. ) ;
#4697 = LINE ( 'NONE', #4912, #2123 ) ;
#4698 = FACE_OUTER_BOUND ( 'NONE', #4786, .T. ) ;
#4699 = VECTOR ( 'NONE', #2568, 1000.000000000000000 ) ;
#4700 = CARTESIAN_POINT ( 'NONE',  ( -5.609008868328936082, 3.000000000000000000, 3.399993643835850676 ) ) ;
#4701 = CARTESIAN_POINT ( 'NONE',  ( 24.17903725478165811, 3.000000000000003553, 4.618108606478303457 ) ) ;
#4702 = PERSON_AND_ORGANIZATION_ROLE ( 'creator' ) ;
#4703 = CARTESIAN_POINT ( 'NONE',  ( 8.269455171091680157, 2.999999999999999556, 2.940730304043633669 ) ) ;
#4704 = DIRECTION ( 'NONE',  ( -1.000000000000000000, 0.000000000000000000, 0.000000000000000000 ) ) ;
#4705 = EDGE_CURVE ( 'NONE', #2218, #7640, #8782, .T. ) ;
#4706 = ORIENTED_EDGE ( 'NONE', *, *, #5170, .F. ) ;
#4707 = ORIENTED_EDGE ( 'NONE', *, *, #4376, .T. ) ;
#4708 = CARTESIAN_POINT ( 'NONE',  ( 23.42130351882427419, 0.9999999999999995559, 1.840051506221111799 ) ) ;
#4709 = CARTESIAN_POINT ( 'NONE',  ( 24.05312411700803565, 1.000000000000000888, 4.945853801183409004 ) ) ;
#4710 = CARTESIAN_POINT ( 'NONE',  ( -10.33516473945828729, 0.9999999999999986677, 0.8786381148998771984 ) ) ;
#4711 = LINE ( 'NONE', #5510, #1108 ) ;
#4712 = VERTEX_POINT ( 'NONE', #9139 ) ;
#4713 = EDGE_CURVE ( 'NONE', #88, #6347, #1738, .T. ) ;
#4714 = CARTESIAN_POINT ( 'NONE',  ( 12.05093571892849802, 0.9999999999999995559, 4.530272260525504358 ) ) ;
#4715 = ORIENTED_EDGE ( 'NONE', *, *, #6834, .T. ) ;
#4716 = CARTESIAN_POINT ( 'NONE',  ( -9.798365781489559723, 1.000000000000000000, 0.4045681275118969689 ) ) ;
#4717 = EDGE_CURVE ( 'NONE', #921, #7577, #9927, .T. ) ;
#4718 = ORIENTED_EDGE ( 'NONE', *, *, #1892, .F. ) ;
#4719 = EDGE_CURVE ( 'NONE', #9310, #2912, #937, .T. ) ;
#4720 = ORIENTED_EDGE ( 'NONE', *, *, #7383, .F. ) ;
#4721 = FACE_OUTER_BOUND ( 'NONE', #8803, .T. ) ;
#4722 = CARTESIAN_POINT ( 'NONE',  ( -11.13383916137787111, 3.000000000000000444, 2.180745878928317616 ) ) ;
#4723 = CARTESIAN_POINT ( 'NONE',  ( 11.79573224955815824, 1.000000000000000444, 2.435825421510390942 ) ) ;
#4724 = LINE ( 'NONE', #8825, #6374 ) ;
#4725 = CARTESIAN_POINT ( 'NONE',  ( 17.09383286865483598, 0.9999999999999995559, 3.973295837340786285 ) ) ;
#4726 = DIRECTION ( 'NONE',  ( 0.000000000000000000, 0.000000000000000000, -1.000000000000000000 ) ) ;
#4727 = DIRECTION ( 'NONE',  ( -0.3369317380433076714, 0.000000000000000000, -0.9415290775643182508 ) ) ;
#4728 = DIRECTION ( 'NONE',  ( 0.000000000000000000, 0.000000000000000000, 1.000000000000000000 ) ) ;
#4729 = VERTEX_POINT ( 'NONE', #4935 ) ;
#4730 = ORIENTED_EDGE ( 'NONE', *, *, #4783, .T. ) ;
#4731 = DIRECTION ( 'NONE',  ( 0.000000000000000000, 0.000000000000000000, 1.000000000000000000 ) ) ;
#4732 = FACE_OUTER_BOUND ( 'NONE', #2566, .T. ) ;
#4733 = CARTESIAN_POINT ( 'NONE',  ( -19.88111507939487765, 2.999999999999999556, 2.438861982513799820 ) ) ;
#4734 = DIRECTION ( 'NONE',  ( -1.000000000000000000, 0.000000000000000000, 0.000000000000000000 ) ) ;
#4735 = DIRECTION ( 'NONE',  ( -0.000000000000000000, 0.000000000000000000, -1.000000000000000000 ) ) ;
#4736 = CARTESIAN_POINT ( 'NONE',  ( -9.323380614845223846, 3.000000000000000888, 3.285329947977353449 ) ) ;
#4737 = FACE_BOUND ( 'NONE', #9159, .T. ) ;
#4738 = LINE ( 'NONE', #61, #2904 ) ;
#4739 = CARTESIAN_POINT ( 'NONE',  ( 23.47884525686108859, 3.000000000000000000, 3.833050282060540326 ) ) ;
#4740 = CARTESIAN_POINT ( 'NONE',  ( 13.10612394757214894, 3.000000000000000000, 3.970848827893331823 ) ) ;
#4741 = CARTESIAN_POINT ( 'NONE',  ( 24.11251116858458943, 1.000000000000000888, 0.4413603842508688757 ) ) ;
#4742 = ORIENTED_EDGE ( 'NONE', *, *, #9010, .F. ) ;
#4743 = CARTESIAN_POINT ( 'NONE',  ( -9.203057008896232460, 1.000000000000000000, 4.381226624863280961 ) ) ;
#4744 = CARTESIAN_POINT ( 'NONE',  ( -18.93123449900794242, 1.000000000000000000, 1.704469766671348863 ) ) ;
#4745 = VERTEX_POINT ( 'NONE', #3537 ) ;
#4746 = CARTESIAN_POINT ( 'NONE',  ( -12.94921431988692717, 1.000000000000000000, 0.5176030526561972156 ) ) ;
#4747 = ORIENTED_EDGE ( 'NONE', *, *, #6490, .T. ) ;
#4748 = ORIENTED_EDGE ( 'NONE', *, *, #9141, .F. ) ;
#4749 = DIRECTION ( 'NONE',  ( -0.3560965189493198735, 0.000000000000000000, 0.9344491795663243394 ) ) ;
#4750 = CARTESIAN_POINT ( 'NONE',  ( -9.600554662487034818, 3.000000000000000000, 2.389744000358668519 ) ) ;
#4751 = LINE ( 'NONE', #7203, #4168 ) ;
#4752 = LINE ( 'NONE', #1403, #3506 ) ;
#4753 = LINE ( 'NONE', #3308, #7047 ) ;
#4754 = EDGE_CURVE ( 'NONE', #6785, #4662, #6784, .T. ) ;
#4755 = DATE_AND_TIME ( #7037, #6684 ) ;
#4756 = DIRECTION ( 'NONE',  ( 1.000000000000000000, 0.000000000000000000, 0.000000000000000000 ) ) ;
#4757 = LINE ( 'NONE', #9656, #2707 ) ;
#4758 = ORIENTED_EDGE ( 'NONE', *, *, #8801, .F. ) ;
#4759 = ORIENTED_EDGE ( 'NONE', *, *, #33, .T. ) ;
#4760 = VECTOR ( 'NONE', #8755, 1000.000000000000000 ) ;
#4761 = CARTESIAN_POINT ( 'NONE',  ( 24.50685091445284414, 3.000000000000001776, 0.7436729029447978201 ) ) ;
#4762 = CARTESIAN_POINT ( 'NONE',  ( 23.07171413533665216, 0.9999999999999991118, 4.375336077417500746 ) ) ;
#4763 = CARTESIAN_POINT ( 'NONE',  ( -10.15210566730188013, 3.000000000000001776, 0.7870473835920424044 ) ) ;
#4764 = EDGE_CURVE ( 'NONE', #1022, #4612, #2478, .T. ) ;
#4765 = DIRECTION ( 'NONE',  ( -0.000000000000000000, 1.000000000000000000, -0.000000000000000000 ) ) ;
#4766 = VERTEX_POINT ( 'NONE', #5140 ) ;
#4767 = VECTOR ( 'NONE', #3008, 1000.000000000000000 ) ;
#4768 = CARTESIAN_POINT ( 'NONE',  ( 11.71336339229125656, 1.000000000000000000, 2.778202476418800249 ) ) ;
#4769 = AXIS2_PLACEMENT_3D ( 'NONE', #2613, #4321, #7421 ) ;
#4770 = CARTESIAN_POINT ( 'NONE',  ( 24.67105980181035818, 1.000000000000000444, 0.7478817493573469699 ) ) ;
#4771 = CARTESIAN_POINT ( 'NONE',  ( -11.25898895483856421, 1.000000000000000000, 3.513028568980150812 ) ) ;
#4772 = VERTEX_POINT ( 'NONE', #2635 ) ;
#4773 = VERTEX_POINT ( 'NONE', #8231 ) ;
#4774 = DIRECTION ( 'NONE',  ( 1.000000000000000000, 0.000000000000000000, 0.000000000000000000 ) ) ;
#4775 = CARTESIAN_POINT ( 'NONE',  ( -10.78205616608536488, 3.000000000000000888, 2.605006170147506239 ) ) ;
#4776 = DIRECTION ( 'NONE',  ( -0.000000000000000000, 1.000000000000000000, -0.000000000000000000 ) ) ;
#4777 = EDGE_CURVE ( 'NONE', #7411, #7850, #4236, .T. ) ;
#4778 = DIRECTION ( 'NONE',  ( 0.000000000000000000, 0.000000000000000000, 1.000000000000000000 ) ) ;
#4779 = VECTOR ( 'NONE', #1980, 1000.000000000000000 ) ;
#4780 = DIRECTION ( 'NONE',  ( 1.000000000000000000, 0.000000000000000000, 0.000000000000000000 ) ) ;
#4781 = CARTESIAN_POINT ( 'NONE',  ( -10.90862117903749073, 2.999999999999999556, 4.857552487399496854 ) ) ;
#4782 = CARTESIAN_POINT ( 'NONE',  ( 17.16916126267859255, 3.000000000000000444, 3.685333279932599737 ) ) ;
#4783 = EDGE_CURVE ( 'NONE', #3929, #7733, #1090, .T. ) ;
#4784 = DIRECTION ( 'NONE',  ( -0.000000000000000000, 0.000000000000000000, -1.000000000000000000 ) ) ;
#4785 = EDGE_CURVE ( 'NONE', #4323, #8376, #147, .T. ) ;
#4786 = EDGE_LOOP ( 'NONE', ( #7133, #648, #8317, #2470 ) ) ;
#4787 = ORIENTED_EDGE ( 'NONE', *, *, #823, .T. ) ;
#4788 = DIRECTION ( 'NONE',  ( -0.000000000000000000, 1.000000000000000000, -0.000000000000000000 ) ) ;
#4789 = DIRECTION ( 'NONE',  ( -0.5413121073257022298, 0.000000000000000000, -0.8408217423821814362 ) ) ;
#4790 = VECTOR ( 'NONE', #4528, 1000.000000000000000 ) ;
#4791 = AXIS2_PLACEMENT_3D ( 'NONE', #3093, #4534, #2288 ) ;
#4792 = CARTESIAN_POINT ( 'NONE',  ( 24.50685091445284414, 3.000000000000000000, 0.7436729029447978201 ) ) ;
#4793 = CARTESIAN_POINT ( 'NONE',  ( 13.06671949514588604, 3.000000000000000444, 1.301824405050306721 ) ) ;
#4794 = CARTESIAN_POINT ( 'NONE',  ( -9.548701102278871033, 1.000000000000000000, 3.149286145352545585 ) ) ;
#4795 = EDGE_CURVE ( 'NONE', #6704, #4138, #9876, .T. ) ;
#4796 = DIRECTION ( 'NONE',  ( 0.000000000000000000, 0.000000000000000000, -1.000000000000000000 ) ) ;
#4797 = CARTESIAN_POINT ( 'NONE',  ( 24.52716187756471200, 1.000000000000000000, 0.4045681275118969689 ) ) ;
#4798 = CARTESIAN_POINT ( 'NONE',  ( 24.04324480960877963, 0.9999999999999991118, 4.577310493415609471 ) ) ;
#4799 = PLANE ( 'NONE',  #5955 ) ;
#4800 = CARTESIAN_POINT ( 'NONE',  ( -10.27927585148884759, 3.000000000000000444, 0.8428726909124105715 ) ) ;
#4801 = EDGE_CURVE ( 'NONE', #696, #1419, #7599, .T. ) ;
#4802 = ORIENTED_EDGE ( 'NONE', *, *, #5039, .T. ) ;
#4803 = CARTESIAN_POINT ( 'NONE',  ( -9.251950759810240399, 1.000000000000000444, 4.433732937813585906 ) ) ;
#4804 = LINE ( 'NONE', #853, #198 ) ;
#4805 = EDGE_LOOP ( 'NONE', ( #6383, #10361, #1305, #9953 ) ) ;
#4806 = DIRECTION ( 'NONE',  ( 0.000000000000000000, 0.000000000000000000, -1.000000000000000000 ) ) ;
#4807 = ORIENTED_EDGE ( 'NONE', *, *, #9138, .F. ) ;
#4808 = ORIENTED_EDGE ( 'NONE', *, *, #2088, .F. ) ;
#4809 = CARTESIAN_POINT ( 'NONE',  ( -18.93123449900794242, 3.000000000000000000, 1.704469766671348863 ) ) ;
#4810 = LINE ( 'NONE', #2348, #90 ) ;
#4811 = CARTESIAN_POINT ( 'NONE',  ( 29.49999999999999645, 1.500000000000000000, -10.25000000000000000 ) ) ;
#4812 = DIRECTION ( 'NONE',  ( -1.000000000000000000, 0.000000000000000000, 0.000000000000000000 ) ) ;
#4813 = CARTESIAN_POINT ( 'NONE',  ( 11.99214388025303890, 3.000000000000000444, 2.418185134348044052 ) ) ;
#4814 = CARTESIAN_POINT ( 'NONE',  ( -15.80422926513319659, 1.000000000000000000, 0.5176030526561972156 ) ) ;
#4815 = ORIENTED_EDGE ( 'NONE', *, *, #10100, .F. ) ;
#4816 = ORIENTED_EDGE ( 'NONE', *, *, #2020, .F. ) ;
#4817 = EDGE_CURVE ( 'NONE', #1676, #1583, #3333, .T. ) ;
#4818 = DIRECTION ( 'NONE',  ( -1.000000000000000000, 0.000000000000000000, 0.000000000000000000 ) ) ;
#4819 = CARTESIAN_POINT ( 'NONE',  ( -18.89379166866515902, 1.000000000000000000, 0.9109072515481145826 ) ) ;
#4820 = DIRECTION ( 'NONE',  ( -0.000000000000000000, 1.000000000000000000, -0.000000000000000000 ) ) ;
#4821 = AXIS2_PLACEMENT_3D ( 'NONE', #7821, #9682, #3238 ) ;
#4822 = CARTESIAN_POINT ( 'NONE',  ( -12.94921431988692717, 1.000000000000000000, 0.8567078280890980668 ) ) ;
#4823 = ORIENTED_EDGE ( 'NONE', *, *, #4719, .F. ) ;
#4824 = DIRECTION ( 'NONE',  ( -1.000000000000000000, 0.000000000000000000, 0.000000000000000000 ) ) ;
#4825 = CARTESIAN_POINT ( 'NONE',  ( 13.61575925972898382, 3.000000000000000000, 3.286958718691550541 ) ) ;
#4826 = ORIENTED_EDGE ( 'NONE', *, *, #3649, .F. ) ;
#4827 = ORIENTED_EDGE ( 'NONE', *, *, #1602, .F. ) ;
#4828 = CARTESIAN_POINT ( 'NONE',  ( -9.061459440414814992, 1.000000000000000888, 0.4875695976064905457 ) ) ;
#4829 = LINE ( 'NONE', #2371, #5188 ) ;
#4830 = EDGE_CURVE ( 'NONE', #2651, #9773, #5086, .T. ) ;
#4831 = APPROVAL_ROLE ( '' ) ;
#4832 = CARTESIAN_POINT ( 'NONE',  ( 12.18656629714802087, 1.000000000000000888, 2.273266220684173167 ) ) ;
#4833 = LINE ( 'NONE', #7113, #6029 ) ;
#4834 = CARTESIAN_POINT ( 'NONE',  ( 16.78775351402216387, 0.9999999999999995559, 4.403585411360850799 ) ) ;
#4835 = CARTESIAN_POINT ( 'NONE',  ( -20.24173316239967235, 1.000000000000000000, 2.778301555542199708 ) ) ;
#4836 = LINE ( 'NONE', #8081, #4167 ) ;
#4837 = VERTEX_POINT ( 'NONE', #1896 ) ;
#4838 = ORIENTED_EDGE ( 'NONE', *, *, #5004, .F. ) ;
#4839 = VECTOR ( 'NONE', #3447, 1000.000000000000000 ) ;
#4840 = CARTESIAN_POINT ( 'NONE',  ( -9.662888327093858365, 1.000000000000000888, 0.7491281333703071477 ) ) ;
#4841 = LINE ( 'NONE', #8138, #9239 ) ;
#4842 = CARTESIAN_POINT ( 'NONE',  ( 12.20960919583471238, 2.999999999999999112, 0.8568106951914036262 ) ) ;
#4843 = EDGE_CURVE ( 'NONE', #5981, #6305, #8083, .T. ) ;
#4844 = EDGE_CURVE ( 'NONE', #10158, #881, #2684, .T. ) ;
#4845 = LINE ( 'NONE', #10320, #5374 ) ;
#4846 = CARTESIAN_POINT ( 'NONE',  ( 16.00538822410770834, 3.000000000000000000, 0.5176030526561972156 ) ) ;
#4847 = LINE ( 'NONE', #8042, #1566 ) ;
#4848 = CARTESIAN_POINT ( 'NONE',  ( 24.42729940537353883, 1.000000000000000000, 4.642172047479538044 ) ) ;
#4849 = CIRCLE ( 'NONE', #9088, 1.749999999999999778 ) ;
#4850 = CARTESIAN_POINT ( 'NONE',  ( 12.01384242994960339, 3.000000000000000000, 4.530342895278852922 ) ) ;
#4851 = AXIS2_PLACEMENT_3D ( 'NONE', #7812, #1265, #515 ) ;
#4852 = LINE ( 'NONE', #2441, #7564 ) ;
#4853 = ORIENTED_EDGE ( 'NONE', *, *, #6275, .F. ) ;
#4854 = EDGE_CURVE ( 'NONE', #856, #7120, #3752, .T. ) ;
#4855 = DIRECTION ( 'NONE',  ( 1.000000000000000000, 0.000000000000000000, 0.000000000000000000 ) ) ;
#4856 = DIRECTION ( 'NONE',  ( -1.000000000000000000, 0.000000000000000000, 0.000000000000000000 ) ) ;
#4857 = VECTOR ( 'NONE', #10442, 1000.000000000000000 ) ;
#4858 = VECTOR ( 'NONE', #7623, 1000.000000000000000 ) ;
#4859 = CARTESIAN_POINT ( 'NONE',  ( -9.447151901708696897, 0.9999999999999995559, 4.935489479441332428 ) ) ;
#4860 = ADVANCED_FACE ( 'NONE', ( #455 ), #4605, .T. ) ;
#4861 = ORIENTED_EDGE ( 'NONE', *, *, #8428, .T. ) ;
#4862 = EDGE_CURVE ( 'NONE', #9022, #5918, #2947, .T. ) ;
#4863 = CARTESIAN_POINT ( 'NONE',  ( -10.12359230069153071, 2.999999999999999112, 0.4254863007247368101 ) ) ;
#4864 = DIRECTION ( 'NONE',  ( 1.000000000000000000, 0.000000000000000000, 0.000000000000000000 ) ) ;
#4865 = CARTESIAN_POINT ( 'NONE',  ( 9.262078086243166197, 1.000000000000000444, 1.321808856699682844 ) ) ;
#4866 = CARTESIAN_POINT ( 'NONE',  ( 13.12428545357402143, 1.000000000000000444, 1.522905499554296993 ) ) ;
#4867 = CARTESIAN_POINT ( 'NONE',  ( -2.831705434119378140, 1.000000000000000000, 4.530342895278852922 ) ) ;
#4868 = AXIS2_PLACEMENT_3D ( 'NONE', #3443, #6687, #1050 ) ;
#4869 = VECTOR ( 'NONE', #2962, 1000.000000000000000 ) ;
#4870 = B_SPLINE_SURFACE_WITH_KNOTS ( 'NONE', 3, 1, ( 
 ( #9817, #7434 ),
 ( #1641, #8130 ),
 ( #9135, #143 ),
 ( #194, #6678 ),
 ( #4886, #9078 ),
 ( #9870, #9028 ),
 ( #8978, #8176 ),
 ( #3376, #8279 ),
 ( #2577, #830 ),
 ( #4078, #2520 ),
 ( #7332, #5827 ),
 ( #1790, #983 ),
 ( #9923, #7485 ),
 ( #5883, #49 ),
 ( #3277, #6529 ),
 ( #9768, #2473 ),
 ( #1687, #883 ) ),
 .UNSPECIFIED., .F., .F., .F.,
 ( 4, 1, 1, 1, 1, 1, 1, 1, 1, 1, 1, 1, 1, 1, 4 ),
 ( 2, 2 ),
 ( 0.000000000000000000, 0.1238071927480441092, 0.2479029094113033849, 0.3095345549928606443, 0.3694199971329020227, 0.4284304070736499881, 0.4870335451365956358, 0.5446519998364410808, 0.6025331768359948326, 0.6608972724705228785, 0.7204615426232469089, 0.7827995310441078214, 0.8494200352866424497, 0.9217182191543340508, 1.000000000000000000 ),
 ( 0.000000000000000000, 1.000000000000000000 ),
 .UNSPECIFIED. ) ;
#4871 = PLANE ( 'NONE',  #8667 ) ;
#4872 = VERTEX_POINT ( 'NONE', #7753 ) ;
#4873 = VERTEX_POINT ( 'NONE', #1149 ) ;
#4874 = VECTOR ( 'NONE', #5294, 1000.000000000000000 ) ;
#4875 = DIRECTION ( 'NONE',  ( -0.000000000000000000, 1.000000000000000000, -0.000000000000000000 ) ) ;
#4876 = CARTESIAN_POINT ( 'NONE',  ( -18.49668315904281712, 2.999999999999999556, 1.403068762679275716 ) ) ;
#4877 = DIRECTION ( 'NONE',  ( 0.000000000000000000, 0.000000000000000000, -1.000000000000000000 ) ) ;
#4878 = ORIENTED_EDGE ( 'NONE', *, *, #10218, .T. ) ;
#4879 = AXIS2_PLACEMENT_3D ( 'NONE', #707, #7949, #5558 ) ;
#4880 = EDGE_CURVE ( 'NONE', #3948, #10131, #6201, .T. ) ;
#4881 = CARTESIAN_POINT ( 'NONE',  ( 12.80455826509177086, 0.9999999999999986677, 4.403059106809581458 ) ) ;
#4882 = CARTESIAN_POINT ( 'NONE',  ( 24.56227813823556971, 1.000000000000000444, 0.7450935609599002030 ) ) ;
#4883 = ORIENTED_EDGE ( 'NONE', *, *, #243, .T. ) ;
#4884 = ORIENTED_EDGE ( 'NONE', *, *, #8751, .T. ) ;
#4885 = LINE ( 'NONE', #7331, #4147 ) ;
#4886 = CARTESIAN_POINT ( 'NONE',  ( -10.59037670148716792, 0.9999999999999991118, 2.725686100971175474 ) ) ;
#4887 = CARTESIAN_POINT ( 'NONE',  ( 26.20038660723104584, 0.9999999999999995559, 3.961202441905205429 ) ) ;
#4888 = CARTESIAN_POINT ( 'NONE',  ( 20.50294192535707793, 3.000000000000000000, 0.5176030526561972156 ) ) ;
#4889 = DIRECTION ( 'NONE',  ( -0.000000000000000000, 0.000000000000000000, -1.000000000000000000 ) ) ;
#4890 = ORIENTED_EDGE ( 'NONE', *, *, #8133, .T. ) ;
#4891 = ADVANCED_FACE ( 'NONE', ( #2845 ), #6299, .T. ) ;
#4892 = VERTEX_POINT ( 'NONE', #9241 ) ;
#4893 = CARTESIAN_POINT ( 'NONE',  ( 29.49999999999999645, 0.000000000000000000, -8.500000000000000000 ) ) ;
#4894 = CARTESIAN_POINT ( 'NONE',  ( 24.35331087910834569, 2.999999999999999556, 0.7483367397997449100 ) ) ;
#4895 = CARTESIAN_POINT ( 'NONE',  ( 12.89940707267944298, 3.000000000000000888, 1.022267291283002866 ) ) ;
#4896 = CARTESIAN_POINT ( 'NONE',  ( 12.14000590144394565, 2.999999999999999556, 2.885098251483007914 ) ) ;
#4897 = CARTESIAN_POINT ( 'NONE',  ( 12.42970582054951301, 1.000000000000000444, 4.512537353597653400 ) ) ;
#4898 = CARTESIAN_POINT ( 'NONE',  ( 26.19426823496575096, 1.000000000000000000, 1.358953396199938490 ) ) ;
#4899 = CARTESIAN_POINT ( 'NONE',  ( 7.564858423098167250, 3.000000000000000000, 2.552231705253599880 ) ) ;
#4900 = CARTESIAN_POINT ( 'NONE',  ( 13.20208448480908636, 3.000000000000000000, 3.568333582816928473 ) ) ;
#4901 = CARTESIAN_POINT ( 'NONE',  ( 23.73004452280684262, 1.000000000000000444, 0.5642858197028067790 ) ) ;
#4902 = ADVANCED_FACE ( 'NONE', ( #1943 ), #4012, .T. ) ;
#4903 = ORIENTED_EDGE ( 'NONE', *, *, #6281, .T. ) ;
#4904 = CARTESIAN_POINT ( 'NONE',  ( -9.441682137259251206, 3.000000000000000444, 4.558783434972932369 ) ) ;
#4905 = CARTESIAN_POINT ( 'NONE',  ( 14.68076019507293850, 3.000000000000000000, 4.530342895278852922 ) ) ;
#4906 = B_SPLINE_CURVE_WITH_KNOTS ( 'NONE', 3,
 ( #9889, #7610, #2592, #2752, #7504, #1751, #7401, #6694, #9944, #2649, #5900, #5103, #1959, #3503, #8347, #8393, #1112, #3549, #312, #953, #1057, #6799, #4201 ),
 .UNSPECIFIED., .F., .F.,
 ( 4, 1, 1, 1, 1, 1, 1, 1, 1, 1, 1, 1, 1, 1, 1, 1, 1, 1, 1, 1, 4 ),
 ( 0.000000000000000000, 0.06972724062178160820, 0.1372500818692159175, 0.2029495799776333265, 0.2671732797406093374, 0.3296037040030044829, 0.3901434668541230999, 0.4493352056506911274, 0.5079398862766775213, 0.5659052724216505625, 0.6239509554306226224, 0.6825848803240448515, 0.7427908697878056188, 0.7734187356897356258, 0.8043189107188708498, 0.8354537145918629060, 0.8671006231542645049, 0.8991769475831721259, 0.9319860554716605794, 0.9656553783908502497, 0.9999999999999998890 ),
 .UNSPECIFIED. ) ;
#4907 = EDGE_LOOP ( 'NONE', ( #10227, #9214, #10045, #1761 ) ) ;
#4908 = LINE ( 'NONE', #2399, #2202 ) ;
#4909 = VERTEX_POINT ( 'NONE', #662 ) ;
#4910 = EDGE_LOOP ( 'NONE', ( #7352, #6576, #3619, #4122 ) ) ;
#4911 = CARTESIAN_POINT ( 'NONE',  ( -10.27330153134023760, 3.000000000000000888, 0.4527733580548121695 ) ) ;
#4912 = CARTESIAN_POINT ( 'NONE',  ( -15.88900545899141825, 1.000000000000000000, 0.5176030526561972156 ) ) ;
#4913 = DIRECTION ( 'NONE',  ( 1.000000000000000000, 0.000000000000000000, 0.000000000000000000 ) ) ;
#4914 = CARTESIAN_POINT ( 'NONE',  ( -9.509661980821348948, 1.000000000000000888, 0.4182370147186526554 ) ) ;
#4915 = CARTESIAN_POINT ( 'NONE',  ( 12.12483334394743828, 2.999999999999998668, 2.354533257635949006 ) ) ;
#4916 = ADVANCED_FACE ( 'NONE', ( #2255 ), #5571, .T. ) ;
#4917 = EDGE_CURVE ( 'NONE', #10137, #5424, #4711, .T. ) ;
#4918 = EDGE_CURVE ( 'NONE', #6368, #804, #7960, .T. ) ;
#4919 = DIRECTION ( 'NONE',  ( -1.000000000000000000, 0.000000000000000000, 0.000000000000000000 ) ) ;
#4920 = ORIENTED_EDGE ( 'NONE', *, *, #2162, .F. ) ;
#4921 = EDGE_LOOP ( 'NONE', ( #1711, #1886, #9807, #8215 ) ) ;
#4922 = DIRECTION ( 'NONE',  ( 1.000000000000000000, 1.174056982067627466E-13, 0.000000000000000000 ) ) ;
#4923 = CARTESIAN_POINT ( 'NONE',  ( -18.75196886656671680, 3.000000000000000000, 0.9773725912188430121 ) ) ;
#4924 = EDGE_CURVE ( 'NONE', #2809, #10276, #8017, .T. ) ;
#4925 = CARTESIAN_POINT ( 'NONE',  ( -9.100014565228578434, 2.999999999999999556, 4.192518350896984991 ) ) ;
#4926 = ORIENTED_EDGE ( 'NONE', *, *, #5233, .F. ) ;
#4927 = VERTEX_POINT ( 'NONE', #6423 ) ;
#4928 = CIRCLE ( 'NONE', #336, 2.999999999999997335 ) ;
#4929 = ORIENTED_EDGE ( 'NONE', *, *, #7689, .F. ) ;
#4930 = FACE_OUTER_BOUND ( 'NONE', #7441, .T. ) ;
#4931 = CARTESIAN_POINT ( 'NONE',  ( -29.50000000000000355, 0.000000000000000000, -10.24999999999999645 ) ) ;
#4932 = CARTESIAN_POINT ( 'NONE',  ( 6.239347308710709861, 1.000000000000000000, 0.5176030526561972156 ) ) ;
#4933 = CARTESIAN_POINT ( 'NONE',  ( -9.069593754132407426, 2.999999999999998668, 3.686320505686551563 ) ) ;
#4934 = AXIS2_PLACEMENT_3D ( 'NONE', #5247, #5404, #457 ) ;
#4935 = CARTESIAN_POINT ( 'NONE',  ( 44.50000000000000000, 0.000000000000000000, 16.50000000000000000 ) ) ;
#4936 = VECTOR ( 'NONE', #1816, 1000.000000000000000 ) ;
#4937 = ORIENTED_EDGE ( 'NONE', *, *, #8608, .F. ) ;
#4938 = ORIENTED_EDGE ( 'NONE', *, *, #4645, .F. ) ;
#4939 = DIRECTION ( 'NONE',  ( -0.9987131206809529704, 0.000000000000000000, 0.05071590065957926052 ) ) ;
#4940 = B_SPLINE_CURVE_WITH_KNOTS ( 'NONE', 3,
 ( #9174, #292, #1883, #5335, #5129, #9282, #9382, #8424, #1986, #3526, #6771, #2879, #6133, #4378, #10014, #7686, #5178, #8475, #1137 ),
 .UNSPECIFIED., .F., .F.,
 ( 4, 1, 1, 1, 1, 1, 1, 1, 1, 1, 1, 1, 1, 1, 1, 1, 4 ),
 ( 0.000000000000000000, 0.06353028424902233684, 0.1250331663490659717, 0.1847252572246808611, 0.2429917911461267066, 0.3005315754643606008, 0.3569191084157767868, 0.4129412352683994314, 0.4691127945733242766, 0.5267311951353219612, 0.5856771408744658736, 0.6466543944729605808, 0.7102993698859639826, 0.7771723602169038347, 0.8475998901987994438, 0.9217554285689844029, 1.000000000000000000 ),
 .UNSPECIFIED. ) ;
#4941 = LINE ( 'NONE', #2383, #3452 ) ;
#4942 = AXIS2_PLACEMENT_3D ( 'NONE', #233, #970, #6716 ) ;
#4943 = CARTESIAN_POINT ( 'NONE',  ( 12.89940707267944298, 1.000000000000000888, 1.022267291283002866 ) ) ;
#4944 = VECTOR ( 'NONE', #4292, 1000.000000000000000 ) ;
#4945 = CARTESIAN_POINT ( 'NONE',  ( 24.80473311319630625, 2.999999999999999112, 0.7689486688155826588 ) ) ;
#4946 = CARTESIAN_POINT ( 'NONE',  ( -9.069593754132407426, 0.9999999999999986677, 3.686320505686551563 ) ) ;
#4947 = DIRECTION ( 'NONE',  ( -0.000000000000000000, 1.000000000000000000, -0.000000000000000000 ) ) ;
#4948 = EDGE_CURVE ( 'NONE', #3824, #8121, #9663, .T. ) ;
#4949 = LINE ( 'NONE', #2695, #8255 ) ;
#4950 = CARTESIAN_POINT ( 'NONE',  ( 12.12219760577940519, 2.999999999999999556, 4.530136560350635833 ) ) ;
#4951 = CARTESIAN_POINT ( 'NONE',  ( 23.39045654550879760, 1.000000000000001332, 0.7637102919824309000 ) ) ;
#4952 = ORIENTED_EDGE ( 'NONE', *, *, #9080, .T. ) ;
#4953 = VECTOR ( 'NONE', #8361, 1000.000000000000000 ) ;
#4954 = EDGE_LOOP ( 'NONE', ( #5576, #1492, #5822 ) ) ;
#4955 = VECTOR ( 'NONE', #10514, 1000.000000000000000 ) ;
#4956 = CARTESIAN_POINT ( 'NONE',  ( -9.807233455650781195, 0.9999999999999995559, 4.641648661422394184 ) ) ;
#4957 = PLANE ( 'NONE',  #3579 ) ;
#4958 = ORIENTED_EDGE ( 'NONE', *, *, #6082, .F. ) ;
#4959 = CARTESIAN_POINT ( 'NONE',  ( -10.51228183656380466, 3.000000000000000000, 1.823436985156899892 ) ) ;
#4960 = EDGE_LOOP ( 'NONE', ( #505, #3529, #1897, #5332 ) ) ;
#4961 = ORIENTED_EDGE ( 'NONE', *, *, #407, .T. ) ;
#4962 = CARTESIAN_POINT ( 'NONE',  ( 8.349921301639438909, 1.000000000000000000, 0.8567078280890980668 ) ) ;
#4963 = CYLINDRICAL_SURFACE ( 'NONE', #931, 3.000000000000000888 ) ;
#4964 = DIRECTION ( 'NONE',  ( 0.000000000000000000, 0.000000000000000000, 1.000000000000000000 ) ) ;
#4965 = EDGE_CURVE ( 'NONE', #8478, #9346, #1578, .T. ) ;
#4966 = CARTESIAN_POINT ( 'NONE',  ( 23.34935560057314063, 2.999999999999999556, 4.636509128341351982 ) ) ;
#4967 = CARTESIAN_POINT ( 'NONE',  ( -0.05263582920443654611, 3.000000000000000000, 4.925965133283901842 ) ) ;
#4968 = CARTESIAN_POINT ( 'NONE',  ( 12.18656629714802087, 3.000000000000000888, 2.273266220684173167 ) ) ;
#4969 = EDGE_CURVE ( 'NONE', #6305, #5981, #2289, .T. ) ;
#4970 = FACE_OUTER_BOUND ( 'NONE', #6009, .T. ) ;
#4971 = VERTEX_POINT ( 'NONE', #6129 ) ;
#4972 = ORIENTED_EDGE ( 'NONE', *, *, #8686, .F. ) ;
#4973 = ADVANCED_FACE ( 'NONE', ( #7890 ), #2990, .T. ) ;
#4974 = ADVANCED_FACE ( 'NONE', ( #9380 ), #1552, .T. ) ;
#4975 = DIRECTION ( 'NONE',  ( 1.000000000000000000, 0.000000000000000000, 0.000000000000000000 ) ) ;
#4976 = LINE ( 'NONE', #4174, #5647 ) ;
#4977 = CARTESIAN_POINT ( 'NONE',  ( -18.93123449900794242, 3.000000000000000000, 3.569546031552301102 ) ) ;
#4978 = EDGE_LOOP ( 'NONE', ( #4696, #7889 ) ) ;
#4979 = FACE_OUTER_BOUND ( 'NONE', #4600, .T. ) ;
#4980 = VERTEX_POINT ( 'NONE', #1182 ) ;
#4981 = VERTEX_POINT ( 'NONE', #4423 ) ;
#4982 = CARTESIAN_POINT ( 'NONE',  ( -15.38242673971846131, 1.000000000000000000, 3.788462421217655862 ) ) ;
#4983 = EDGE_CURVE ( 'NONE', #4745, #7683, #3621, .T. ) ;
#4984 = CARTESIAN_POINT ( 'NONE',  ( 24.50598734493892294, 3.000000000000000444, 4.982069869017063724 ) ) ;
#4985 = VECTOR ( 'NONE', #8900, 1000.000000000000000 ) ;
#4986 = DIRECTION ( 'NONE',  ( 0.6626825061456427246, 0.000000000000000000, 0.7489004580373350706 ) ) ;
#4987 = CARTESIAN_POINT ( 'NONE',  ( -13.54882927436333162, 3.000000000000000000, 3.888339843873334978 ) ) ;
#4988 = ORIENTED_EDGE ( 'NONE', *, *, #619, .F. ) ;
#4989 = ORIENTED_EDGE ( 'NONE', *, *, #9203, .F. ) ;
#4990 = ORIENTED_EDGE ( 'NONE', *, *, #739, .T. ) ;
#4991 = SECURITY_CLASSIFICATION ( '', '', #7895 ) ;
#4992 = LINE ( 'NONE', #2583, #9025 ) ;
#4993 = DIRECTION ( 'NONE',  ( -1.000000000000000000, 0.000000000000000000, 0.000000000000000000 ) ) ;
#4994 = CARTESIAN_POINT ( 'NONE',  ( 12.94956732128303045, 1.000000000000000000, 1.077061802592360618 ) ) ;
#4995 = CARTESIAN_POINT ( 'NONE',  ( -9.977563650203617129, 0.9999999999999995559, 2.979163548368385150 ) ) ;
#4996 = CARTESIAN_POINT ( 'NONE',  ( 13.24839575301000849, 1.000000000000000000, 3.286958718691550541 ) ) ;
#4997 = CARTESIAN_POINT ( 'NONE',  ( 24.39516130596384613, 3.000000000000000888, 4.980840549775231274 ) ) ;
#4998 = CARTESIAN_POINT ( 'NONE',  ( -0.05263582920443654611, 1.000000000000000000, 4.925965133283901842 ) ) ;
#4999 = CARTESIAN_POINT ( 'NONE',  ( -18.61543214706375693, 2.999999999999999112, 4.235810474738921805 ) ) ;
#5000 = LINE ( 'NONE', #9153, #3633 ) ;
#5001 = VERTEX_POINT ( 'NONE', #3682 ) ;
#5002 = VERTEX_POINT ( 'NONE', #6075 ) ;
#5003 = CARTESIAN_POINT ( 'NONE',  ( 25.66252451438749205, 2.999999999999999556, 2.134509733047086577 ) ) ;
#5004 = EDGE_CURVE ( 'NONE', #9985, #4589, #9326, .T. ) ;
#5005 = DIRECTION ( 'NONE',  ( -0.000000000000000000, 0.000000000000000000, 1.000000000000000000 ) ) ;
#5006 = EDGE_LOOP ( 'NONE', ( #2240, #141, #4861, #5824 ) ) ;
#5007 = CARTESIAN_POINT ( 'NONE',  ( -10.09508163730282249, 1.000000000000000888, 2.189017852972479528 ) ) ;
#5008 = VERTEX_POINT ( 'NONE', #10172 ) ;
#5009 = AXIS2_PLACEMENT_3D ( 'NONE', #2858, #8618, #5257 ) ;
#5010 = CARTESIAN_POINT ( 'NONE',  ( 22.86713325294599031, 3.000000000000000444, 1.371728054960297483 ) ) ;
#5011 = CARTESIAN_POINT ( 'NONE',  ( 8.009068049376359966, 1.000000000000000000, 2.548882372620766557 ) ) ;
#5012 = AXIS2_PLACEMENT_3D ( 'NONE', #2801, #6050, #10040 ) ;
#5013 = DIRECTION ( 'NONE',  ( 0.000000000000000000, 1.000000000000000000, 0.000000000000000000 ) ) ;
#5014 = DIRECTION ( 'NONE',  ( 0.000000000000000000, 0.000000000000000000, 1.000000000000000000 ) ) ;
#5015 = CARTESIAN_POINT ( 'NONE',  ( -8.617049573744257174, 1.000000000000000000, 0.6160864514000765624 ) ) ;
#5016 = CARTESIAN_POINT ( 'NONE',  ( 25.09400102493821905, 1.000000000000000888, 4.498291186207088899 ) ) ;
#5017 = VECTOR ( 'NONE', #1843, 1000.000000000000000 ) ;
#5018 = VECTOR ( 'NONE', #8465, 1000.000000000000000 ) ;
#5019 = EDGE_CURVE ( 'NONE', #5134, #4837, #6365, .T. ) ;
#5020 = CARTESIAN_POINT ( 'NONE',  ( 29.50000000000000000, 0.000000000000000000, 8.500000000000007105 ) ) ;
#5021 = CARTESIAN_POINT ( 'NONE',  ( 24.64711424052578792, 2.999999999999999556, 4.638914090795738687 ) ) ;
#5022 = ORIENTED_EDGE ( 'NONE', *, *, #4126, .T. ) ;
#5023 = ORIENTED_EDGE ( 'NONE', *, *, #9221, .T. ) ;
#5024 = CARTESIAN_POINT ( 'NONE',  ( 25.68488677494109851, 3.000000000000000888, 2.674097483924798624 ) ) ;
#5025 = VECTOR ( 'NONE', #1839, 1000.000000000000000 ) ;
#5026 = CARTESIAN_POINT ( 'NONE',  ( -8.848142561565762065, 1.000000000000000444, 2.755919540229510467 ) ) ;
#5027 = FACE_OUTER_BOUND ( 'NONE', #2846, .T. ) ;
#5028 = AXIS2_PLACEMENT_3D ( 'NONE', #1643, #7284, #6267 ) ;
#5029 = CARTESIAN_POINT ( 'NONE',  ( -9.251950759810240399, 3.000000000000000444, 4.433732937813585906 ) ) ;
#5030 = EDGE_LOOP ( 'NONE', ( #5615, #8440, #2677, #854 ) ) ;
#5031 = ADVANCED_FACE ( 'NONE', ( #7361, #9649 ), #8906, .T. ) ;
#5032 = VECTOR ( 'NONE', #3256, 1000.000000000000227 ) ;
#5033 = ORIENTED_EDGE ( 'NONE', *, *, #3522, .F. ) ;
#5034 = VERTEX_POINT ( 'NONE', #6293 ) ;
#5035 = PLANE ( 'NONE',  #8253 ) ;
#5036 = CARTESIAN_POINT ( 'NONE',  ( 25.13472047806823895, 3.000000000000001332, 4.880004707769064254 ) ) ;
#5037 = PLANE ( 'NONE',  #2131 ) ;
#5038 = VECTOR ( 'NONE', #2932, 1000.000000000000000 ) ;
#5039 = EDGE_CURVE ( 'NONE', #3453, #69, #4810, .T. ) ;
#5040 = DIRECTION ( 'NONE',  ( -0.000000000000000000, 1.000000000000000000, -0.000000000000000000 ) ) ;
#5041 = VERTEX_POINT ( 'NONE', #7306 ) ;
#5042 = ORIENTED_EDGE ( 'NONE', *, *, #816, .T. ) ;
#5043 = ADVANCED_FACE ( 'NONE', ( #8747 ), #3040, .T. ) ;
#5044 = VERTEX_POINT ( 'NONE', #8962 ) ;
#5045 = DIRECTION ( 'NONE',  ( 0.9415290775643182508, 0.000000000000000000, -0.3369317380433077824 ) ) ;
#5046 = LINE ( 'NONE', #10082, #7882 ) ;
#5047 = DIRECTION ( 'NONE',  ( -0.000000000000000000, 0.000000000000000000, -1.000000000000000000 ) ) ;
#5048 = CARTESIAN_POINT ( 'NONE',  ( 25.23600702681467922, 3.000000000000000000, 0.9828147729284879563 ) ) ;
#5049 = CARTESIAN_POINT ( 'NONE',  ( -19.54232585890339635, 3.000000000000000888, 4.530272260525504358 ) ) ;
#5050 = DIRECTION ( 'NONE',  ( -1.000000000000000000, 0.000000000000000000, 0.000000000000000000 ) ) ;
#5051 = DIRECTION ( 'NONE',  ( 0.000000000000000000, 0.000000000000000000, 1.000000000000000000 ) ) ;
#5052 = DIRECTION ( 'NONE',  ( 0.000000000000000000, 0.000000000000000000, 1.000000000000000000 ) ) ;
#5053 = DIRECTION ( 'NONE',  ( -0.000000000000000000, 0.000000000000000000, -1.000000000000000000 ) ) ;
#5054 = VERTEX_POINT ( 'NONE', #760 ) ;
#5055 = ORIENTED_EDGE ( 'NONE', *, *, #6476, .T. ) ;
#5056 = DIRECTION ( 'NONE',  ( 1.000000000000000000, 0.000000000000000000, 0.000000000000000000 ) ) ;
#5057 = CARTESIAN_POINT ( 'NONE',  ( -10.89162544811958888, 1.000000000000000000, 3.513028568980150812 ) ) ;
#5058 = ORIENTED_EDGE ( 'NONE', *, *, #7771, .F. ) ;
#5059 = CARTESIAN_POINT ( 'NONE',  ( -10.09508163730282249, 3.000000000000000888, 2.189017852972479528 ) ) ;
#5060 = ORIENTED_EDGE ( 'NONE', *, *, #3870, .T. ) ;
#5061 = ORIENTED_EDGE ( 'NONE', *, *, #9988, .T. ) ;
#5062 = CARTESIAN_POINT ( 'NONE',  ( 12.27830576285648689, 2.999999999999999556, 1.842985950414045115 ) ) ;
#5063 = CARTESIAN_POINT ( 'NONE',  ( 29.50000000000000000, 1.500000000000000000, 10.25000000000000711 ) ) ;
#5064 = CARTESIAN_POINT ( 'NONE',  ( -8.957410849246047135, 0.9999999999999995559, 1.454292061810731118 ) ) ;
#5065 = DIRECTION ( 'NONE',  ( 1.000000000000000000, 0.000000000000000000, 0.000000000000000000 ) ) ;
#5066 = LINE ( 'NONE', #4267, #7665 ) ;
#5067 = LINE ( 'NONE', #9274, #4273 ) ;
#5068 = CARTESIAN_POINT ( 'NONE',  ( 17.88194459857362162, 1.000000000000000000, 4.869447670711752885 ) ) ;
#5069 = B_SPLINE_CURVE_WITH_KNOTS ( 'NONE', 3,
 ( #10500, #762, #4007, #4866, #7259, #3207, #9700, #2163, #2908, #7813, #9462, #6160, #4400, #2802, #518, #5413, #10307, #4618, #7866 ),
 .UNSPECIFIED., .F., .F.,
 ( 4, 1, 1, 1, 1, 1, 1, 1, 1, 1, 1, 1, 1, 1, 1, 1, 4 ),
 ( 0.000000000000000000, 0.1002760215511163122, 0.1884173823291732941, 0.2639066777309094780, 0.3275923252930548757, 0.3832639486679157437, 0.4346089592192475815, 0.4826166254080099249, 0.5272728830494990415, 0.5714626396067599146, 0.6177593964000199778, 0.6673713462046221290, 0.7206851317115922084, 0.7797222101619644130, 0.8458816698827497094, 0.9189213191149468996, 1.000000000000000000 ),
 .UNSPECIFIED. ) ;
#5070 = ORIENTED_EDGE ( 'NONE', *, *, #5793, .T. ) ;
#5071 = VERTEX_POINT ( 'NONE', #1670 ) ;
#5072 = CARTESIAN_POINT ( 'NONE',  ( 25.09400102493821905, 1.000000000000000888, 4.498291186207088899 ) ) ;
#5073 = CARTESIAN_POINT ( 'NONE',  ( -8.674215256242693073, 0.9999999999999991118, 2.908400627384268411 ) ) ;
#5074 = CARTESIAN_POINT ( 'NONE',  ( -19.42752846721963422, 3.000000000000000000, 0.8567078280890980668 ) ) ;
#5075 = EDGE_CURVE ( 'NONE', #7043, #1235, #4697, .T. ) ;
#5076 = CARTESIAN_POINT ( 'NONE',  ( -19.30566268854843415, 1.000000000000000000, 3.569546031552301102 ) ) ;
#5077 = ORIENTED_EDGE ( 'NONE', *, *, #3262, .T. ) ;
#5078 = CARTESIAN_POINT ( 'NONE',  ( 22.77307220198634496, 2.999999999999999556, 1.564450556194383779 ) ) ;
#5079 = ORIENTED_EDGE ( 'NONE', *, *, #1380, .F. ) ;
#5080 = ORIENTED_EDGE ( 'NONE', *, *, #9851, .F. ) ;
#5081 = DIRECTION ( 'NONE',  ( 0.000000000000000000, 0.000000000000000000, 1.000000000000000000 ) ) ;
#5082 = DIRECTION ( 'NONE',  ( 0.000000000000000000, 0.000000000000000000, 1.000000000000000000 ) ) ;
#5083 = DIRECTION ( 'NONE',  ( -0.000000000000000000, 1.000000000000000000, 0.000000000000000000 ) ) ;
#5084 = EDGE_CURVE ( 'NONE', #1150, #5549, #1618, .T. ) ;
#5085 = CARTESIAN_POINT ( 'NONE',  ( -19.71756500546343460, 3.000000000000000444, 2.788759618130051354 ) ) ;
#5086 = LINE ( 'NONE', #4987, #1449 ) ;
#5087 = EDGE_LOOP ( 'NONE', ( #1045, #7373, #5246, #5723, #10328, #9550, #4938, #4381, #10338, #6508, #2026, #2102, #5451, #9129, #161, #2859, #9035, #10046, #4663, #3576, #2016, #6006, #5902, #10190 ) ) ;
#5088 = ORIENTED_EDGE ( 'NONE', *, *, #9058, .T. ) ;
#5089 = ORIENTED_EDGE ( 'NONE', *, *, #8413, .F. ) ;
#5090 = DIRECTION ( 'NONE',  ( -0.000000000000000000, -1.000000000000000000, -0.000000000000000000 ) ) ;
#5091 = CARTESIAN_POINT ( 'NONE',  ( 21.40722132651148257, 1.000000000000000000, 0.8567078280890980668 ) ) ;
#5092 = CARTESIAN_POINT ( 'NONE',  ( 17.88194459857362162, 1.000000000000000000, 0.5176030526561972156 ) ) ;
#5093 = EDGE_CURVE ( 'NONE', #8821, #5008, #8851, .T. ) ;
#5094 = FACE_OUTER_BOUND ( 'NONE', #7439, .T. ) ;
#5095 = PLANE ( 'NONE',  #788 ) ;
#5096 = CARTESIAN_POINT ( 'NONE',  ( -9.262835248342902617, 1.000000000000000000, 3.337926324490566365 ) ) ;
#5097 = CARTESIAN_POINT ( 'NONE',  ( -3.849902845770769133, 3.000000000000000000, 0.5176030526561972156 ) ) ;
#5098 = VECTOR ( 'NONE', #4431, 1000.000000000000000 ) ;
#5099 = EDGE_CURVE ( 'NONE', #8375, #8797, #7947, .T. ) ;
#5100 = ADVANCED_FACE ( 'NONE', ( #6408 ), #7140, .T. ) ;
#5101 = CARTESIAN_POINT ( 'NONE',  ( 6.824832897544077959, 1.000000000000000000, 0.8567078280890980668 ) ) ;
#5102 = CARTESIAN_POINT ( 'NONE',  ( -18.78870331274011463, 3.000000000000000444, 4.403059106809585010 ) ) ;
#5103 = CARTESIAN_POINT ( 'NONE',  ( 25.68475403481002317, 3.000000000000000000, 4.585618608975282839 ) ) ;
#5104 = ORIENTED_EDGE ( 'NONE', *, *, #484, .T. ) ;
#5105 = ORIENTED_EDGE ( 'NONE', *, *, #3712, .T. ) ;
#5106 = CARTESIAN_POINT ( 'NONE',  ( -8.600237625530283481, 1.000000000000000444, 2.996959344072153808 ) ) ;
#5107 = CARTESIAN_POINT ( 'NONE',  ( -9.064226487073316463, 0.9999999999999995559, 4.043977312808067381 ) ) ;
#5108 = VECTOR ( 'NONE', #9568, 1000.000000000000000 ) ;
#5109 = CIRCLE ( 'NONE', #9859, 1.749999999999999778 ) ;
#5110 = DIRECTION ( 'NONE',  ( 0.000000000000000000, 0.000000000000000000, -1.000000000000000000 ) ) ;
#5111 = VERTEX_POINT ( 'NONE', #2403 ) ;
#5112 = EDGE_CURVE ( 'NONE', #10050, #7233, #3099, .T. ) ;
#5113 = CARTESIAN_POINT ( 'NONE',  ( -29.50000000000000000, 1.500000000000000000, 10.25000000000000355 ) ) ;
#5114 = EDGE_LOOP ( 'NONE', ( #908, #3909, #2340, #5565 ) ) ;
#5115 = CARTESIAN_POINT ( 'NONE',  ( 22.69240215282320250, 2.999999999999999112, 1.771229238330354283 ) ) ;
#5116 = CARTESIAN_POINT ( 'NONE',  ( 8.009068049376359966, 3.000000000000000000, 2.548882372620766557 ) ) ;
#5117 = LINE ( 'NONE', #4162, #7677 ) ;
#5118 = EDGE_CURVE ( 'NONE', #6154, #6503, #5554, .T. ) ;
#5119 = CARTESIAN_POINT ( 'NONE',  ( 23.50788934461330371, 3.000000000000000000, 4.741164859199463066 ) ) ;
#5120 = CARTESIAN_POINT ( 'NONE',  ( 25.02717301594749699, 0.9999999999999991118, 4.536547048904459700 ) ) ;
#5121 = VECTOR ( 'NONE', #7697, 1000.000000000000000 ) ;
#5122 = AXIS2_PLACEMENT_3D ( 'NONE', #270, #7456, #6754 ) ;
#5123 = DIRECTION ( 'NONE',  ( 0.000000000000000000, 0.000000000000000000, -1.000000000000000000 ) ) ;
#5124 = LINE ( 'NONE', #10010, #184 ) ;
#5125 = EDGE_LOOP ( 'NONE', ( #9295, #562, #5278, #6701 ) ) ;
#5126 = VECTOR ( 'NONE', #460, 1000.000000000000000 ) ;
#5127 = ORIENTED_EDGE ( 'NONE', *, *, #9851, .T. ) ;
#5128 = CARTESIAN_POINT ( 'NONE',  ( 24.95694148021962988, 3.000000000000001332, 4.567787005190035998 ) ) ;
#5129 = CARTESIAN_POINT ( 'NONE',  ( -11.17716467745503550, 2.999999999999999556, 1.270471429786190543 ) ) ;
#5130 = PLANE ( 'NONE',  #3088 ) ;
#5131 = CARTESIAN_POINT ( 'NONE',  ( -19.94000281247495110, 1.000000000000000000, 2.778267480871526196 ) ) ;
#5132 = ORIENTED_EDGE ( 'NONE', *, *, #7941, .T. ) ;
#5133 = DIRECTION ( 'NONE',  ( -0.000000000000000000, -1.000000000000000000, -0.000000000000000000 ) ) ;
#5134 = VERTEX_POINT ( 'NONE', #4750 ) ;
#5135 = VERTEX_POINT ( 'NONE', #3204 ) ;
#5136 = CARTESIAN_POINT ( 'NONE',  ( 6.824832897544077959, 1.000000000000000000, 0.8567078280890980668 ) ) ;
#5137 = DIRECTION ( 'NONE',  ( 0.5414944875458878037, 0.000000000000000000, 0.8407042999517823079 ) ) ;
#5138 = CARTESIAN_POINT ( 'NONE',  ( 7.866583364143999724, 3.000000000000001776, 2.891418975556117044 ) ) ;
#5139 = LINE ( 'NONE', #2844, #250 ) ;
#5140 = CARTESIAN_POINT ( 'NONE',  ( 19.76291639980298953, 1.000000000000000000, 4.530342895278852922 ) ) ;
#5141 = VERTEX_POINT ( 'NONE', #7998 ) ;
#5142 = ORIENTED_EDGE ( 'NONE', *, *, #9974, .F. ) ;
#5143 = ORIENTED_EDGE ( 'NONE', *, *, #2632, .F. ) ;
#5144 = CARTESIAN_POINT ( 'NONE',  ( -18.93123449900794242, 1.000000000000000000, 3.569546031552301102 ) ) ;
#5145 = EDGE_CURVE ( 'NONE', #8401, #6853, #703, .T. ) ;
#5146 = FACE_OUTER_BOUND ( 'NONE', #8567, .T. ) ;
#5147 = CARTESIAN_POINT ( 'NONE',  ( -10.76497019624698659, 3.000000000000000000, 4.104986130331195859 ) ) ;
#5148 = CARTESIAN_POINT ( 'NONE',  ( -9.548701102278871033, 3.000000000000000444, 3.149286145352545585 ) ) ;
#5149 = FACE_OUTER_BOUND ( 'NONE', #7954, .T. ) ;
#5150 = DIRECTION ( 'NONE',  ( 0.000000000000000000, 0.000000000000000000, 1.000000000000000000 ) ) ;
#5151 = CARTESIAN_POINT ( 'NONE',  ( -19.03858463436949222, 1.000000000000000444, 4.493761583039513674 ) ) ;
#5152 = DIRECTION ( 'NONE',  ( -1.000000000000000000, 0.000000000000000000, 0.000000000000000000 ) ) ;
#5153 = VERTEX_POINT ( 'NONE', #7202 ) ;
#5154 = VECTOR ( 'NONE', #10261, 1000.000000000000000 ) ;
#5155 = ORIENTED_EDGE ( 'NONE', *, *, #3080, .T. ) ;
#5156 = CARTESIAN_POINT ( 'NONE',  ( -9.127788376423110250, 1.000000000000000444, 4.260157537709805986 ) ) ;
#5157 = ADVANCED_FACE ( 'NONE', ( #6456 ), #779, .T. ) ;
#5158 = EDGE_CURVE ( 'NONE', #8924, #3275, #6563, .T. ) ;
#5159 = FACE_OUTER_BOUND ( 'NONE', #3234, .T. ) ;
#5160 = ORIENTED_EDGE ( 'NONE', *, *, #3833, .F. ) ;
#5161 = CARTESIAN_POINT ( 'NONE',  ( -10.56545207106236006, 1.000000000000001332, 1.662823230283086096 ) ) ;
#5162 = ORIENTED_EDGE ( 'NONE', *, *, #928, .T. ) ;
#5163 = ORIENTED_EDGE ( 'NONE', *, *, #7182, .T. ) ;
#5164 = DIRECTION ( 'NONE',  ( -0.000000000000000000, 1.000000000000000000, -0.000000000000000000 ) ) ;
#5165 = CARTESIAN_POINT ( 'NONE',  ( 8.491692300497751589, 3.000000000000000888, 1.956612994352228130 ) ) ;
#5166 = LINE ( 'NONE', #225, #7335 ) ;
#5167 = DIRECTION ( 'NONE',  ( 1.000000000000000000, 0.000000000000000000, 0.000000000000000000 ) ) ;
#5168 = CARTESIAN_POINT ( 'NONE',  ( 25.59130995869066183, 0.9999999999999995559, 3.672738975962865471 ) ) ;
#5169 = EDGE_CURVE ( 'NONE', #7060, #4971, #4366, .T. ) ;
#5170 = EDGE_CURVE ( 'NONE', #1312, #2039, #5760, .T. ) ;
#5171 = DIRECTION ( 'NONE',  ( 1.000000000000000000, 0.000000000000000000, 0.000000000000000000 ) ) ;
#5172 = VECTOR ( 'NONE', #6326, 1000.000000000000114 ) ;
#5173 = CARTESIAN_POINT ( 'NONE',  ( -10.00757047559540425, 1.000000000000000444, 4.642158595203202509 ) ) ;
#5174 = CARTESIAN_POINT ( 'NONE',  ( 6.239347308710709861, 3.000000000000000000, 0.5176030526561972156 ) ) ;
#5175 = ORIENTED_EDGE ( 'NONE', *, *, #5944, .T. ) ;
#5176 = ORIENTED_EDGE ( 'NONE', *, *, #3436, .F. ) ;
#5177 = LINE ( 'NONE', #7474, #10093 ) ;
#5178 = CARTESIAN_POINT ( 'NONE',  ( -9.964265053883680778, 3.000000000000001332, 0.4068708384736780537 ) ) ;
#5179 = DIRECTION ( 'NONE',  ( -1.000000000000000000, 0.000000000000000000, 0.000000000000000000 ) ) ;
#5180 = CARTESIAN_POINT ( 'NONE',  ( 13.17509966873675076, 3.000000000000000000, 1.817504691815648776 ) ) ;
#5181 = VECTOR ( 'NONE', #858, 1000.000000000000000 ) ;
#5182 = CIRCLE ( 'NONE', #1450, 1.749999999999999778 ) ;
#5183 = ORIENTED_EDGE ( 'NONE', *, *, #4969, .T. ) ;
#5184 = DIRECTION ( 'NONE',  ( 0.000000000000000000, -0.000000000000000000, 1.000000000000000000 ) ) ;
#5185 = EDGE_LOOP ( 'NONE', ( #6999, #2753, #3371, #1467 ) ) ;
#5186 = B_SPLINE_CURVE_WITH_KNOTS ( 'NONE', 3,
 ( #1420, #8605, #7107, #7807, #6096, #4448, #3756, #10247, #2952, #9453, #1366, #6315, #4660, #616, #3859, #10347, #3058, #3643, #459, #3700, #8921, #1528, #4770, #4882, #6578 ),
 .UNSPECIFIED., .F., .F.,
 ( 4, 1, 1, 1, 1, 1, 1, 1, 1, 1, 1, 1, 1, 1, 1, 1, 1, 1, 1, 1, 1, 1, 4 ),
 ( 0.000000000000000000, 0.07497221684613775139, 0.1452126993926998177, 0.2107946037585467225, 0.2721477814977116272, 0.3293253098565746551, 0.3827624562200619418, 0.4321603006946223569, 0.4781684195327758347, 0.5207591411813480287, 0.5605904727860561154, 0.5974023794295554302, 0.6318684392027127394, 0.6644325919360916100, 0.6956576499848169393, 0.7257689742741024741, 0.7552987620812501302, 0.7844250257378593272, 0.8138315485590718046, 0.8431682575935642854, 0.8735546122309599815, 0.9355726270967605895, 1.000000000000000000 ),
 .UNSPECIFIED. ) ;
#5187 = ORIENTED_EDGE ( 'NONE', *, *, #4251, .T. ) ;
#5188 = VECTOR ( 'NONE', #7111, 1000.000000000000000 ) ;
#5189 = VECTOR ( 'NONE', #8571, 1000.000000000000000 ) ;
#5190 = CARTESIAN_POINT ( 'NONE',  ( -11.20675482336135431, 1.000000000000001776, 1.396247664346837336 ) ) ;
#5191 = CARTESIAN_POINT ( 'NONE',  ( 7.926664030235387237, 1.000000000000000000, 2.891576315784858409 ) ) ;
#5192 = CARTESIAN_POINT ( 'NONE',  ( -9.162473303338506625, 3.000000000000001332, 3.457607013403359186 ) ) ;
#5193 = CARTESIAN_POINT ( 'NONE',  ( 12.22055354683186223, 1.000000000000000444, 3.036129320185672054 ) ) ;
#5194 = ORIENTED_EDGE ( 'NONE', *, *, #8541, .T. ) ;
#5195 = VECTOR ( 'NONE', #1171, 1000.000000000000000 ) ;
#5196 = ORIENTED_EDGE ( 'NONE', *, *, #7383, .T. ) ;
#5197 = CARTESIAN_POINT ( 'NONE',  ( -0.4853476520224602186, 3.000000000000000000, 3.503740444497386086 ) ) ;
#5198 = LINE ( 'NONE', #1103, #74 ) ;
#5199 = LINE ( 'NONE', #6903, #3825 ) ;
#5200 = VECTOR ( 'NONE', #2630, 1000.000000000000000 ) ;
#5201 = DIRECTION ( 'NONE',  ( -0.000000000000000000, 1.000000000000000000, -0.000000000000000000 ) ) ;
#5202 = CARTESIAN_POINT ( 'NONE',  ( -9.671192583726053726, 1.000000000000001332, 3.095678596713600239 ) ) ;
#5203 = CARTESIAN_POINT ( 'NONE',  ( -25.15610315011866049, 3.000000000000000000, 4.530342895278852922 ) ) ;
#5204 = DIRECTION ( 'NONE',  ( 0.000000000000000000, -5.011483697723297125E-13, -1.000000000000000000 ) ) ;
#5205 = CARTESIAN_POINT ( 'NONE',  ( 17.06519409956822741, 1.000000000000000444, 4.050360620509755982 ) ) ;
#5206 = ADVANCED_FACE ( 'NONE', ( #6707 ), #4963, .F. ) ;
#5207 = PLANE ( 'NONE',  #9254 ) ;
#5208 = VERTEX_POINT ( 'NONE', #2710 ) ;
#5209 = VERTEX_POINT ( 'NONE', #7464 ) ;
#5210 = VECTOR ( 'NONE', #9060, 1000.000000000000000 ) ;
#5211 = CARTESIAN_POINT ( 'NONE',  ( -8.758375220123275184, 0.9999999999999995559, 2.829085655164152335 ) ) ;
#5212 = CARTESIAN_POINT ( 'NONE',  ( -9.606169272100341772, 0.9999999999999986677, 4.614908118826217986 ) ) ;
#5213 = CARTESIAN_POINT ( 'NONE',  ( -18.05079840237616295, 1.000000000000000000, 1.817504691815648776 ) ) ;
#5214 = VERTEX_POINT ( 'NONE', #5963 ) ;
#5215 = CARTESIAN_POINT ( 'NONE',  ( -19.40669528068387351, 3.000000000000000888, 2.273266220684171390 ) ) ;
#5216 = ORIENTED_EDGE ( 'NONE', *, *, #8613, .T. ) ;
#5217 = EDGE_LOOP ( 'NONE', ( #2549, #6809, #6318, #615 ) ) ;
#5218 = DIRECTION ( 'NONE',  ( -0.000000000000000000, 1.000000000000000000, -0.000000000000000000 ) ) ;
#5219 = CARTESIAN_POINT ( 'NONE',  ( 9.663069221089239491, 3.000000000000000000, 0.5176030526561972156 ) ) ;
#5220 = CARTESIAN_POINT ( 'NONE',  ( 7.564858423098167250, 1.000000000000000000, 2.552231705253599880 ) ) ;
#5221 = FACE_OUTER_BOUND ( 'NONE', #10118, .T. ) ;
#5222 = CARTESIAN_POINT ( 'NONE',  ( -26.17430056177004971, 1.000000000000000000, 0.5176030526561972156 ) ) ;
#5223 = ADVANCED_FACE ( 'NONE', ( #8206 ), #912, .T. ) ;
#5224 = CARTESIAN_POINT ( 'NONE',  ( 29.50000000000000000, 3.000000000000000000, 13.25000000000000888 ) ) ;
#5225 = LINE ( 'NONE', #10060, #8165 ) ;
#5226 = ORIENTED_EDGE ( 'NONE', *, *, #6715, .F. ) ;
#5227 = ORIENTED_EDGE ( 'NONE', *, *, #5765, .F. ) ;
#5228 = EDGE_CURVE ( 'NONE', #6553, #8269, #173, .T. ) ;
#5229 = CARTESIAN_POINT ( 'NONE',  ( 9.342823038060849683, 0.9999999999999995559, 1.707616705562616355 ) ) ;
#5230 = CARTESIAN_POINT ( 'NONE',  ( 25.55888906315729514, 3.000000000000000888, 3.798974573225435858 ) ) ;
#5231 = CARTESIAN_POINT ( 'NONE',  ( -19.18129693839157213, 0.9999999999999995559, 0.8648130324602636421 ) ) ;
#5232 = CARTESIAN_POINT ( 'NONE',  ( 23.35746407580213102, 3.000000000000003997, 2.910554590546484022 ) ) ;
#5233 = EDGE_CURVE ( 'NONE', #3690, #7646, #1014, .T. ) ;
#5234 = EDGE_CURVE ( 'NONE', #2548, #7943, #8569, .T. ) ;
#5235 = CARTESIAN_POINT ( 'NONE',  ( -25.15610315011866049, 1.000000000000000000, 0.9856382895818152079 ) ) ;
#5236 = ORIENTED_EDGE ( 'NONE', *, *, #2344, .F. ) ;
#5237 = CARTESIAN_POINT ( 'NONE',  ( -5.794456792393803291, 3.000000000000000000, 4.869447670711752885 ) ) ;
#5238 = DIRECTION ( 'NONE',  ( -0.000000000000000000, 1.000000000000000000, -0.000000000000000000 ) ) ;
#5239 = ORIENTED_EDGE ( 'NONE', *, *, #4830, .T. ) ;
#5240 = ORIENTED_EDGE ( 'NONE', *, *, #1471, .F. ) ;
#5241 = ADVANCED_FACE ( 'NONE', ( #1284 ), #4527, .T. ) ;
#5242 = DIRECTION ( 'NONE',  ( 0.000000000000000000, 0.000000000000000000, 1.000000000000000000 ) ) ;
#5243 = CARTESIAN_POINT ( 'NONE',  ( 8.468637111884067536, 1.000000000000000000, 3.307113751131650403 ) ) ;
#5244 = LINE ( 'NONE', #9446, #9422 ) ;
#5245 = CARTESIAN_POINT ( 'NONE',  ( 12.26764173312900397, 1.000000000000000000, 3.300900450731739877 ) ) ;
#5246 = ORIENTED_EDGE ( 'NONE', *, *, #7480, .F. ) ;
#5247 = CARTESIAN_POINT ( 'NONE',  ( 18.46743018740698972, 1.000000000000000000, 4.530342895278852922 ) ) ;
#5248 = ORIENTED_EDGE ( 'NONE', *, *, #4801, .T. ) ;
#5249 = LINE ( 'NONE', #6900, #351 ) ;
#5250 = CARTESIAN_POINT ( 'NONE',  ( 25.96885403664781933, 2.999999999999999112, 1.032257284310564849 ) ) ;
#5251 = CARTESIAN_POINT ( 'NONE',  ( -10.25766345851632266, 2.999999999999999556, 4.599963479178704517 ) ) ;
#5252 = CARTESIAN_POINT ( 'NONE',  ( 26.28807346986938853, 1.000000000000000888, 3.769070101794359307 ) ) ;
#5253 = LINE ( 'NONE', #2006, #3636 ) ;
#5254 = CARTESIAN_POINT ( 'NONE',  ( 20.94536768705469498, 1.000000000000000000, 0.8567078280890980668 ) ) ;
#5255 = DIRECTION ( 'NONE',  ( -0.000000000000000000, 0.000000000000000000, 1.000000000000000000 ) ) ;
#5256 = CARTESIAN_POINT ( 'NONE',  ( 9.363703286527380598, 1.000000000000000000, 1.874022154387798844 ) ) ;
#5257 = DIRECTION ( 'NONE',  ( 0.000000000000000000, 0.000000000000000000, 1.000000000000000000 ) ) ;
#5258 = ORIENTED_EDGE ( 'NONE', *, *, #7093, .F. ) ;
#5259 = VERTEX_POINT ( 'NONE', #6865 ) ;
#5260 = PLANE ( 'NONE',  #1374 ) ;
#5261 = CARTESIAN_POINT ( 'NONE',  ( -0.4305963601556900833, 3.000000000000000000, 4.925965133283901842 ) ) ;
#5262 = LINE ( 'NONE', #1224, #5870 ) ;
#5263 = ORIENTED_EDGE ( 'NONE', *, *, #4948, .T. ) ;
#5264 = AXIS2_PLACEMENT_3D ( 'NONE', #9566, #2267, #4780 ) ;
#5265 = VERTEX_POINT ( 'NONE', #323 ) ;
#5266 = LINE ( 'NONE', #2865, #7248 ) ;
#5267 = PLANE ( 'NONE',  #8415 ) ;
#5268 = CARTESIAN_POINT ( 'NONE',  ( -10.42609547878750931, 3.000000000000000000, 1.951143521448596152 ) ) ;
#5269 = B_SPLINE_SURFACE_WITH_KNOTS ( 'NONE', 3, 1, ( 
 ( #738, #7982 ),
 ( #5650, #8729 ),
 ( #684, #8834 ),
 ( #7181, #1548 ),
 ( #3984, #9779 ),
 ( #7344, #8239 ),
 ( #58, #7497 ),
 ( #1695, #4194 ),
 ( #4994, #7394 ),
 ( #4943, #4895 ),
 ( #8987, #6746 ),
 ( #5691, #9038 ),
 ( #3288, #946 ),
 ( #8186, #9935 ),
 ( #6541, #6640 ),
 ( #1745, #9827 ),
 ( #2642, #4089 ),
 ( #2485, #8139 ),
 ( #5894, #105 ) ),
 .UNSPECIFIED., .F., .F., .F.,
 ( 4, 1, 1, 1, 1, 1, 1, 1, 1, 1, 1, 1, 1, 1, 1, 1, 4 ),
 ( 2, 2 ),
 ( 0.000000000000000000, 0.1002760215511163122, 0.1884173823291732941, 0.2639066777309094780, 0.3275923252930548757, 0.3832639486679157437, 0.4346089592192475815, 0.4826166254080099249, 0.5272728830494990415, 0.5714626396067599146, 0.6177593964000199778, 0.6673713462046221290, 0.7206851317115922084, 0.7797222101619644130, 0.8458816698827497094, 0.9189213191149468996, 1.000000000000000000 ),
 ( 0.000000000000000000, 1.000000000000000000 ),
 .UNSPECIFIED. ) ;
#5270 = CARTESIAN_POINT ( 'NONE',  ( -10.05004510700616649, 1.000000000000000000, 2.952269370022099437 ) ) ;
#5271 = DIRECTION ( 'NONE',  ( 0.000000000000000000, 0.000000000000000000, -1.000000000000000000 ) ) ;
#5272 = VECTOR ( 'NONE', #6043, 1000.000000000000000 ) ;
#5273 = VECTOR ( 'NONE', #131, 1000.000000000000000 ) ;
#5274 = CARTESIAN_POINT ( 'NONE',  ( -20.24173316239967235, 1.000000000000000000, 2.778301555542199708 ) ) ;
#5275 = CARTESIAN_POINT ( 'NONE',  ( -8.433956844907349648, 1.000000000000000000, 4.119596023893453030 ) ) ;
#5276 = EDGE_CURVE ( 'NONE', #8325, #1279, #8030, .T. ) ;
#5277 = ORIENTED_EDGE ( 'NONE', *, *, #4302, .F. ) ;
#5278 = ORIENTED_EDGE ( 'NONE', *, *, #2560, .T. ) ;
#5279 = CARTESIAN_POINT ( 'NONE',  ( 8.597213603596058462, 3.000000000000000000, 0.8637452284053669382 ) ) ;
#5280 = VECTOR ( 'NONE', #7131, 1000.000000000000000 ) ;
#5281 = LINE ( 'NONE', #8527, #9271 ) ;
#5282 = LINE ( 'NONE', #1239, #5382 ) ;
#5283 = CARTESIAN_POINT ( 'NONE',  ( 24.32567872454506741, 3.000000000000003997, 4.639862701536545231 ) ) ;
#5284 = CARTESIAN_POINT ( 'NONE',  ( 6.239347308710709861, 1.000000000000000000, 4.869447670711752885 ) ) ;
#5285 = ORIENTED_EDGE ( 'NONE', *, *, #6886, .F. ) ;
#5286 = ADVANCED_FACE ( 'NONE', ( #7780 ), #5267, .T. ) ;
#5287 = VECTOR ( 'NONE', #4964, 1000.000000000000000 ) ;
#5288 = CARTESIAN_POINT ( 'NONE',  ( -25.58881497293668161, 1.000000000000000000, 0.8567078280890980668 ) ) ;
#5289 = VECTOR ( 'NONE', #8467, 1000.000000000000000 ) ;
#5290 = LINE ( 'NONE', #6192, #2378 ) ;
#5291 = EDGE_CURVE ( 'NONE', #4303, #955, #5427, .T. ) ;
#5292 = ORIENTED_EDGE ( 'NONE', *, *, #8598, .T. ) ;
#5293 = ADVANCED_FACE ( 'NONE', ( #2175 ), #4413, .T. ) ;
#5294 = DIRECTION ( 'NONE',  ( 0.000000000000000000, 0.000000000000000000, -1.000000000000000000 ) ) ;
#5295 = CARTESIAN_POINT ( 'NONE',  ( -9.798365781489559723, 3.000000000000000000, 0.4045681275118969689 ) ) ;
#5296 = LINE ( 'NONE', #8539, #9873 ) ;
#5297 = DIRECTION ( 'NONE',  ( 0.000000000000000000, 0.000000000000000000, -1.000000000000000000 ) ) ;
#5298 = CARTESIAN_POINT ( 'NONE',  ( 12.23924033292443525, 1.000000000000000888, 3.107636586842205340 ) ) ;
#5299 = ORIENTED_EDGE ( 'NONE', *, *, #6340, .F. ) ;
#5300 = ADVANCED_FACE ( 'NONE', ( #10054 ), #3720, .T. ) ;
#5301 = CARTESIAN_POINT ( 'NONE',  ( 12.05612512953315907, 1.000000000000000888, 2.828579219298522851 ) ) ;
#5302 = ORIENTED_EDGE ( 'NONE', *, *, #2881, .T. ) ;
#5303 = CARTESIAN_POINT ( 'NONE',  ( 20.42169807290961359, 1.000000000000000000, 4.869447670711752885 ) ) ;
#5304 = EDGE_LOOP ( 'NONE', ( #2686, #7481, #402, #4361 ) ) ;
#5305 = ADVANCED_FACE ( 'NONE', ( #2125 ), #8628, .T. ) ;
#5306 = CARTESIAN_POINT ( 'NONE',  ( -14.53788486937595792, 1.000000000000000000, 0.8567078280890980668 ) ) ;
#5307 = LINE ( 'NONE', #6100, #100 ) ;
#5308 = DIRECTION ( 'NONE',  ( 0.000000000000000000, 0.000000000000000000, -1.000000000000000000 ) ) ;
#5309 = DIRECTION ( 'NONE',  ( -1.000000000000000000, 0.000000000000000000, 0.000000000000000000 ) ) ;
#5310 = DIRECTION ( 'NONE',  ( 1.000000000000000000, 0.000000000000000000, 0.000000000000000000 ) ) ;
#5311 = CARTESIAN_POINT ( 'NONE',  ( -18.34486582482188410, 3.000000000000000000, 3.286958718691550541 ) ) ;
#5312 = CARTESIAN_POINT ( 'NONE',  ( 17.14504826584814268, 3.000000000000000000, 3.792189658546188280 ) ) ;
#5313 = DIRECTION ( 'NONE',  ( 0.000000000000000000, 0.000000000000000000, 1.000000000000000000 ) ) ;
#5314 = ORIENTED_EDGE ( 'NONE', *, *, #1254, .T. ) ;
#5315 = ORIENTED_EDGE ( 'NONE', *, *, #422, .T. ) ;
#5316 = CARTESIAN_POINT ( 'NONE',  ( 19.76291639980298953, 3.000000000000000000, 0.8567078280890980668 ) ) ;
#5317 = CARTESIAN_POINT ( 'NONE',  ( -11.22602310410480975, 1.000000000000000000, 1.713354379143753103 ) ) ;
#5318 = DIRECTION ( 'NONE',  ( 0.000000000000000000, 0.000000000000000000, 1.000000000000000000 ) ) ;
#5319 = ORIENTED_EDGE ( 'NONE', *, *, #6068, .T. ) ;
#5320 = ORIENTED_EDGE ( 'NONE', *, *, #3344, .F. ) ;
#5321 = CARTESIAN_POINT ( 'NONE',  ( 7.835082541021258784, 1.000000000000000000, 2.891336480686500288 ) ) ;
#5322 = CARTESIAN_POINT ( 'NONE',  ( 22.76025675097423573, 1.000000000000000444, 3.863123608128033126 ) ) ;
#5323 = CARTESIAN_POINT ( 'NONE',  ( -9.766453369688756325, 3.000000000000000444, 0.7455016046435782862 ) ) ;
#5324 = CARTESIAN_POINT ( 'NONE',  ( 22.05099054862238006, 1.000000000000000000, 0.5176030526561972156 ) ) ;
#5325 = LINE ( 'NONE', #535, #9865 ) ;
#5326 = VECTOR ( 'NONE', #1862, 1000.000000000000000 ) ;
#5327 = DIRECTION ( 'NONE',  ( -0.000000000000000000, 1.000000000000000000, -0.000000000000000000 ) ) ;
#5328 = CARTESIAN_POINT ( 'NONE',  ( -29.50000000000000355, 1.500000000000000000, -7.249999999999999112 ) ) ;
#5329 = APPROVAL_PERSON_ORGANIZATION ( #2246, #9293, #3843 ) ;
#5330 = CARTESIAN_POINT ( 'NONE',  ( -11.93366616429360505, 1.000000000000000000, 0.8567078280890980668 ) ) ;
#5331 = ORIENTED_EDGE ( 'NONE', *, *, #7761, .T. ) ;
#5332 = ORIENTED_EDGE ( 'NONE', *, *, #7117, .T. ) ;
#5333 = CARTESIAN_POINT ( 'NONE',  ( 9.291664283207463626, 2.999999999999999556, 1.428944609190210269 ) ) ;
#5334 = LINE ( 'NONE', #2137, #10456 ) ;
#5335 = CARTESIAN_POINT ( 'NONE',  ( -11.20675482336135431, 3.000000000000001776, 1.396247664346837336 ) ) ;
#5336 = CARTESIAN_POINT ( 'NONE',  ( -19.38328342931263037, 1.000000000000000444, 2.217671678630609655 ) ) ;
#5337 = EDGE_CURVE ( 'NONE', #7577, #4076, #9265, .T. ) ;
#5338 = VECTOR ( 'NONE', #9831, 1000.000000000000000 ) ;
#5339 = LINE ( 'NONE', #6190, #6820 ) ;
#5340 = LINE ( 'NONE', #5395, #6130 ) ;
#5341 = LINE ( 'NONE', #7039, #3048 ) ;
#5342 = ORIENTED_EDGE ( 'NONE', *, *, #4317, .F. ) ;
#5343 = ORIENTED_EDGE ( 'NONE', *, *, #9659, .F. ) ;
#5344 = CARTESIAN_POINT ( 'NONE',  ( -17.16859613503900661, 3.000000000000000000, 0.8567078280890980668 ) ) ;
#5345 = VECTOR ( 'NONE', #2514, 1000.000000000000000 ) ;
#5346 = CARTESIAN_POINT ( 'NONE',  ( 8.492442673263285613, 0.9999999999999995559, 3.541148090033010565 ) ) ;
#5347 = CARTESIAN_POINT ( 'NONE',  ( 22.76025675097423573, 3.000000000000000888, 3.863123608128033126 ) ) ;
#5348 = VECTOR ( 'NONE', #2324, 1000.000000000000000 ) ;
#5349 = DIRECTION ( 'NONE',  ( -1.000000000000000000, 0.000000000000000000, 0.000000000000000000 ) ) ;
#5350 = EDGE_CURVE ( 'NONE', #2167, #2779, #532, .T. ) ;
#5351 = CARTESIAN_POINT ( 'NONE',  ( 12.28462457845294864, 0.9999999999999995559, 3.520073768149426741 ) ) ;
#5352 = LINE ( 'NONE', #4552, #7822 ) ;
#5353 = VERTEX_POINT ( 'NONE', #2819 ) ;
#5354 = VECTOR ( 'NONE', #1998, 1000.000000000000000 ) ;
#5355 = CARTESIAN_POINT ( 'NONE',  ( -0.4853476520224604407, 1.000000000000000000, 0.8567078280890980668 ) ) ;
#5356 = VECTOR ( 'NONE', #4469, 1000.000000000000000 ) ;
#5357 = DIRECTION ( 'NONE',  ( -0.000000000000000000, 1.000000000000000000, -0.000000000000000000 ) ) ;
#5358 = CARTESIAN_POINT ( 'NONE',  ( 8.089023696816937559, 0.9999999999999991118, 2.900973612247540245 ) ) ;
#5359 = CARTESIAN_POINT ( 'NONE',  ( 12.16573311061225660, 1.000000000000000000, 0.8567078280890980668 ) ) ;
#5360 = DIRECTION ( 'NONE',  ( 1.000000000000000000, 0.000000000000000000, 0.000000000000000000 ) ) ;
#5361 = CARTESIAN_POINT ( 'NONE',  ( 14.09527460623957040, 3.000000000000000000, 0.5176030526561972156 ) ) ;
#5362 = CARTESIAN_POINT ( 'NONE',  ( -23.39523095685510867, 3.000000000000000000, 0.5176030526561972156 ) ) ;
#5363 = AXIS2_PLACEMENT_3D ( 'NONE', #4241, #1652, #152 ) ;
#5364 = LINE ( 'NONE', #10309, #8331 ) ;
#5365 = VECTOR ( 'NONE', #7542, 1000.000000000000000 ) ;
#5366 = EDGE_CURVE ( 'NONE', #2779, #5936, #6064, .T. ) ;
#5367 = PLANE ( 'NONE',  #5009 ) ;
#5368 = ADVANCED_FACE ( 'NONE', ( #1228, #5594, #7186, #4737, #4630, #7128, #6393, #6335, #3137, #688, #6279, #3937, #1550, #9579, #9685, #2436 ), #7877, .T. ) ;
#5369 = ORIENTED_EDGE ( 'NONE', *, *, #4196, .F. ) ;
#5370 = ORIENTED_EDGE ( 'NONE', *, *, #10497, .F. ) ;
#5371 = CARTESIAN_POINT ( 'NONE',  ( -8.378364534364289185, 1.000000000000000000, 3.717021285451505008 ) ) ;
#5372 = CARTESIAN_POINT ( 'NONE',  ( 25.34715081508804602, 1.000000000000000888, 1.105216363041718219 ) ) ;
#5373 = CARTESIAN_POINT ( 'NONE',  ( -10.59037670148716792, 0.9999999999999995559, 2.725686100971175474 ) ) ;
#5374 = VECTOR ( 'NONE', #741, 1000.000000000000000 ) ;
#5375 = FACE_OUTER_BOUND ( 'NONE', #6086, .T. ) ;
#5376 = VERTEX_POINT ( 'NONE', #3827 ) ;
#5377 = CARTESIAN_POINT ( 'NONE',  ( -9.818676744601427586, 3.000000000000000000, 0.7436729029447978201 ) ) ;
#5378 = CARTESIAN_POINT ( 'NONE',  ( 22.55338825283027049, 0.9999999999999995559, 2.817223111918441436 ) ) ;
#5379 = CARTESIAN_POINT ( 'NONE',  ( -9.916718559845611125, 3.000000000000000888, 2.265275464492449764 ) ) ;
#5380 = LINE ( 'NONE', #6867, #5189 ) ;
#5381 = DIRECTION ( 'NONE',  ( 1.000000000000000000, 0.000000000000000000, 0.000000000000000000 ) ) ;
#5382 = VECTOR ( 'NONE', #4478, 1000.000000000000000 ) ;
#5383 = CARTESIAN_POINT ( 'NONE',  ( 8.255269012416466268, 1.000000000000000000, 2.515981768257304907 ) ) ;
#5384 = B_SPLINE_CURVE_WITH_KNOTS ( 'NONE', 3,
 ( #1584, #7968, #8875, #2370, #3969, #4077, #4828, #6319, #7219, #10467, #782, #3276, #9765 ),
 .UNSPECIFIED., .F., .F.,
 ( 4, 1, 1, 1, 1, 1, 1, 1, 1, 1, 4 ),
 ( 0.000000000000000000, 0.1118957488536858891, 0.2318974454921092221, 0.3558977249368683315, 0.4800575587424299462, 0.6013425974822920184, 0.7164319202085041027, 0.7762336196522788834, 0.8431802597498954110, 0.9179873270998505363, 1.000000000000000000 ),
 .UNSPECIFIED. ) ;
#5385 = CARTESIAN_POINT ( 'NONE',  ( -18.34486582482188410, 1.000000000000000000, 3.286958718691550541 ) ) ;
#5386 = DIRECTION ( 'NONE',  ( 0.000000000000000000, 0.000000000000000000, 1.000000000000000000 ) ) ;
#5387 = ORIENTED_EDGE ( 'NONE', *, *, #3712, .F. ) ;
#5388 = ORIENTED_EDGE ( 'NONE', *, *, #7636, .T. ) ;
#5389 = CARTESIAN_POINT ( 'NONE',  ( -9.187552471655417108, 3.000000000000001776, 2.560143902878455169 ) ) ;
#5390 = LINE ( 'NONE', #10173, #7231 ) ;
#5391 = CARTESIAN_POINT ( 'NONE',  ( 9.356420457849846883, 3.000000000000000444, 1.815981543580654334 ) ) ;
#5392 = CARTESIAN_POINT ( 'NONE',  ( -19.34308798459224121, 1.000000000000000888, 2.068887076129901637 ) ) ;
#5393 = DATE_TIME_ROLE ( 'classification_date' ) ;
#5394 = DIRECTION ( 'NONE',  ( -0.000000000000000000, 1.000000000000000000, -0.000000000000000000 ) ) ;
#5395 = CARTESIAN_POINT ( 'NONE',  ( -23.39523095685510867, 1.000000000000000000, 0.8567078280890980668 ) ) ;
#5396 = LINE ( 'NONE', #6084, #10360 ) ;
#5397 = EDGE_LOOP ( 'NONE', ( #1962, #8765, #6526, #2173 ) ) ;
#5398 = EDGE_CURVE ( 'NONE', #8592, #4279, #10371, .T. ) ;
#5399 = CARTESIAN_POINT ( 'NONE',  ( 23.70656733907833669, 1.000000000000000888, 1.094173016429768941 ) ) ;
#5400 = CARTESIAN_POINT ( 'NONE',  ( 22.58266480330298975, 1.000000000000000444, 3.221198120507450025 ) ) ;
#5401 = CARTESIAN_POINT ( 'NONE',  ( -10.07904037288433230, 0.9999999999999986677, 0.7676487947151456881 ) ) ;
#5402 = DIRECTION ( 'NONE',  ( -1.000000000000000000, 0.000000000000000000, 0.000000000000000000 ) ) ;
#5403 = ORIENTED_EDGE ( 'NONE', *, *, #4844, .T. ) ;
#5404 = DIRECTION ( 'NONE',  ( 1.000000000000000000, 0.000000000000000000, 0.000000000000000000 ) ) ;
#5405 = ORIENTED_EDGE ( 'NONE', *, *, #153, .T. ) ;
#5406 = DIRECTION ( 'NONE',  ( 0.3543688509958618504, 0.000000000000000000, -0.9351057252759564786 ) ) ;
#5407 = ORIENTED_EDGE ( 'NONE', *, *, #1470, .T. ) ;
#5408 = CARTESIAN_POINT ( 'NONE',  ( 26.08812579955453614, 2.999999999999999556, 1.188870187776216225 ) ) ;
#5409 = CARTESIAN_POINT ( 'NONE',  ( -0.4853476520224604407, 3.000000000000000000, 0.8567078280890980668 ) ) ;
#5410 = EDGE_CURVE ( 'NONE', #541, #7462, #2388, .T. ) ;
#5411 = CARTESIAN_POINT ( 'NONE',  ( -19.97150904447657638, 1.000000000000000000, 2.778301555542199708 ) ) ;
#5412 = CARTESIAN_POINT ( 'NONE',  ( 17.22841989764105008, 3.000000000000000000, 3.336451490421854515 ) ) ;
#5413 = CARTESIAN_POINT ( 'NONE',  ( 12.41196463944031159, 1.000000000000000444, 0.8648130324602640862 ) ) ;
#5414 = DIRECTION ( 'NONE',  ( -0.000000000000000000, 1.000000000000000000, -0.000000000000000000 ) ) ;
#5415 = CARTESIAN_POINT ( 'NONE',  ( -18.35262544849621591, 1.000000000000000000, 3.337324797882506022 ) ) ;
#5416 = DIRECTION ( 'NONE',  ( -1.000000000000000000, -0.000000000000000000, -0.000000000000000000 ) ) ;
#5417 = VERTEX_POINT ( 'NONE', #8093 ) ;
#5418 = VERTEX_POINT ( 'NONE', #3084 ) ;
#5419 = EDGE_CURVE ( 'NONE', #4971, #3754, #5538, .T. ) ;
#5420 = PLANE ( 'NONE',  #35 ) ;
#5421 = CARTESIAN_POINT ( 'NONE',  ( -11.01760135825140097, 0.9999999999999995559, 2.373644929673635495 ) ) ;
#5422 = CARTESIAN_POINT ( 'NONE',  ( -5.186010984390501122, 1.000000000000000000, 4.530342895278852922 ) ) ;
#5423 = ADVANCED_FACE ( 'NONE', ( #798 ), #2227, .T. ) ;
#5424 = VERTEX_POINT ( 'NONE', #5652 ) ;
#5425 = EDGE_CURVE ( 'NONE', #3658, #4038, #8041, .T. ) ;
#5426 = CARTESIAN_POINT ( 'NONE',  ( -8.934230277083067051, 3.000000000000000000, 1.600895281218664534 ) ) ;
#5427 = LINE ( 'NONE', #7621, #8759 ) ;
#5428 = CARTESIAN_POINT ( 'NONE',  ( 15.42078572062702868, 1.000000000000000000, 4.530342895278852922 ) ) ;
#5429 = CARTESIAN_POINT ( 'NONE',  ( -22.37703354520371590, 3.000000000000000000, 0.8567078280890980668 ) ) ;
#5430 = CARTESIAN_POINT ( 'NONE',  ( 24.20505659787279384, 0.9999999999999995559, 0.7710678344399278794 ) ) ;
#5431 = ADVANCED_FACE ( 'NONE', ( #7078 ), #8771, .T. ) ;
#5432 = CARTESIAN_POINT ( 'NONE',  ( 24.50685091445284414, 1.000000000000000000, 0.7436729029447978201 ) ) ;
#5433 = AXIS2_PLACEMENT_3D ( 'NONE', #5254, #1266, #1954 ) ;
#5434 = CARTESIAN_POINT ( 'NONE',  ( -18.70794836210622591, 1.000000000000000444, 4.342725688669728079 ) ) ;
#5435 = VERTEX_POINT ( 'NONE', #4463 ) ;
#5436 = DIRECTION ( 'NONE',  ( -1.000000000000000000, 0.000000000000000000, 0.000000000000000000 ) ) ;
#5437 = VERTEX_POINT ( 'NONE', #6112 ) ;
#5438 = VERTEX_POINT ( 'NONE', #372 ) ;
#5439 = ADVANCED_FACE ( 'NONE', ( #5375 ), #6861, .T. ) ;
#5440 = DIRECTION ( 'NONE',  ( 0.000000000000000000, 1.000000000000000000, 0.000000000000000000 ) ) ;
#5441 = CARTESIAN_POINT ( 'NONE',  ( 10.02601730104476374, 3.000000000000000000, 4.869447670711752885 ) ) ;
#5442 = CARTESIAN_POINT ( 'NONE',  ( 9.092610664187843028, 2.999999999999999556, 1.029418620841137333 ) ) ;
#5443 = FACE_OUTER_BOUND ( 'NONE', #3090, .T. ) ;
#5444 = CIRCLE ( 'NONE', #7488, 1.749999999999999778 ) ;
#5445 = VECTOR ( 'NONE', #7994, 1000.000000000000000 ) ;
#5446 = COORDINATED_UNIVERSAL_TIME_OFFSET ( 3, 0, .BEHIND. ) ;
#5447 = PLANE ( 'NONE',  #1024 ) ;
#5448 = CARTESIAN_POINT ( 'NONE',  ( 14.68076019507293850, 1.000000000000000000, 4.530342895278852922 ) ) ;
#5449 = ORIENTED_EDGE ( 'NONE', *, *, #7040, .F. ) ;
#5450 = VECTOR ( 'NONE', #8785, 1000.000000000000000 ) ;
#5451 = ORIENTED_EDGE ( 'NONE', *, *, #6219, .F. ) ;
#5452 = B_SPLINE_CURVE_WITH_KNOTS ( 'NONE', 3,
 ( #8858, #1517, #7313, #9655, #7148, #3263, #8007, #2457, #7095, #6301, #7575, #2508, #2612, #8212, #9013, #1926, #5173, #9062, #4113 ),
 .UNSPECIFIED., .F., .F.,
 ( 4, 1, 1, 1, 1, 1, 1, 1, 1, 1, 1, 1, 1, 1, 1, 1, 4 ),
 ( 0.000000000000000000, 0.1079657124785852462, 0.2046148752044482100, 0.2893468577429464950, 0.3638044053655206111, 0.4300543616883470976, 0.4913159445418491256, 0.5479451554639145350, 0.6010746089854676066, 0.6514527169508897986, 0.7004084627384102868, 0.7478643883405347026, 0.7958867993750071701, 0.8445570535209837582, 0.8946467584222832503, 0.9463948280105926036, 0.9999999999999998890 ),
 .UNSPECIFIED. ) ;
#5453 = LINE ( 'NONE', #3166, #7929 ) ;
#5454 = CARTESIAN_POINT ( 'NONE',  ( 22.55338825283027049, 0.9999999999999995559, 2.817223111918441436 ) ) ;
#5455 = DIRECTION ( 'NONE',  ( 0.04817768577230590460, 0.000000000000000000, 0.9988387810821247603 ) ) ;
#5456 = VECTOR ( 'NONE', #156, 1000.000000000000000 ) ;
#5457 = CARTESIAN_POINT ( 'NONE',  ( -10.17746588149782916, 3.000000000000000444, 4.618772882016020098 ) ) ;
#5458 = AXIS2_PLACEMENT_3D ( 'NONE', #10272, #3945, #2985 ) ;
#5459 = ORIENTED_EDGE ( 'NONE', *, *, #7647, .T. ) ;
#5460 = EDGE_CURVE ( 'NONE', #5424, #1345, #10099, .T. ) ;
#5461 = LINE ( 'NONE', #3805, #9181 ) ;
#5462 = ORIENTED_EDGE ( 'NONE', *, *, #3280, .T. ) ;
#5463 = CARTESIAN_POINT ( 'NONE',  ( 17.88194459857362162, 1.000000000000000000, 4.530342895278852922 ) ) ;
#5464 = VERTEX_POINT ( 'NONE', #2916 ) ;
#5465 = LINE ( 'NONE', #9300, #7206 ) ;
#5466 = DIRECTION ( 'NONE',  ( 0.000000000000000000, 0.000000000000000000, 1.000000000000000000 ) ) ;
#5467 = CARTESIAN_POINT ( 'NONE',  ( 12.28491225676971865, 1.000000000000000000, 1.753059920512656245 ) ) ;
#5468 = CARTESIAN_POINT ( 'NONE',  ( 16.87003408636479662, 3.000000000000000444, 4.343055688706876971 ) ) ;
#5469 = CARTESIAN_POINT ( 'NONE',  ( 17.14504826584814268, 1.000000000000000000, 3.792189658546188280 ) ) ;
#5470 = CARTESIAN_POINT ( 'NONE',  ( -10.75608020396089159, 3.000000000000000444, 4.891873859998873364 ) ) ;
#5471 = DIRECTION ( 'NONE',  ( 1.000000000000000000, 0.000000000000000000, 0.000000000000000000 ) ) ;
#5472 = CARTESIAN_POINT ( 'NONE',  ( 11.35152841543222202, 3.000000000000000000, 2.778301555542199708 ) ) ;
#5473 = ORIENTED_EDGE ( 'NONE', *, *, #1659, .F. ) ;
#5474 = ADVANCED_FACE ( 'NONE', ( #1332 ), #8566, .T. ) ;
#5475 = ORIENTED_EDGE ( 'NONE', *, *, #7963, .T. ) ;
#5476 = CARTESIAN_POINT ( 'NONE',  ( 24.97899674238236045, 3.000000000000000000, 0.8192331345818593125 ) ) ;
#5477 = CARTESIAN_POINT ( 'NONE',  ( -11.13383916137787111, 1.000000000000000444, 2.180745878928317616 ) ) ;
#5478 = FACE_OUTER_BOUND ( 'NONE', #836, .T. ) ;
#5479 = CARTESIAN_POINT ( 'NONE',  ( -2.305386563916230980, 3.000000000000000000, 4.530342895278852922 ) ) ;
#5480 = CARTESIAN_POINT ( 'NONE',  ( 12.28462457845294864, 2.999999999999999556, 3.520073768149426741 ) ) ;
#5481 = CARTESIAN_POINT ( 'NONE',  ( -19.55125476284443309, 0.9999999999999983347, 2.401632501044000723 ) ) ;
#5482 = CARTESIAN_POINT ( 'NONE',  ( 8.349921301639438909, 2.999999999999999556, 0.8567078280890980668 ) ) ;
#5483 = DIRECTION ( 'NONE',  ( -0.000000000000000000, 1.000000000000000000, -0.000000000000000000 ) ) ;
#5484 = CARTESIAN_POINT ( 'NONE',  ( 23.56250174575686884, 1.000000000000000000, 1.350426277338754533 ) ) ;
#5485 = CARTESIAN_POINT ( 'NONE',  ( -19.30477960319574393, 1.000000000000000000, 1.704469766671348863 ) ) ;
#5486 = EDGE_CURVE ( 'NONE', #955, #4589, #9416, .T. ) ;
#5487 = ORIENTED_EDGE ( 'NONE', *, *, #5672, .F. ) ;
#5488 = B_SPLINE_CURVE_WITH_KNOTS ( 'NONE', 3,
 ( #9137, #9189, #2634, #4235, #5732, #199, #886, #4080, #7437, #6680, #1895, #9926, #5885, #51, #5085, #4286, #7382, #9819, #95 ),
 .UNSPECIFIED., .F., .F.,
 ( 4, 1, 1, 1, 1, 1, 1, 1, 1, 1, 1, 1, 1, 1, 1, 1, 4 ),
 ( 0.000000000000000000, 0.1188560317108968839, 0.2209283741663673195, 0.3063034166759448507, 0.3752570544179837930, 0.4329650820677176659, 0.4834501979423395657, 0.5286374547714883798, 0.5683287474589122645, 0.6069250723128001290, 0.6473812240742748969, 0.6918345839470025904, 0.7401557930960328546, 0.7942715689297659143, 0.8558889846477829577, 0.9244584765722029251, 1.000000000000000000 ),
 .UNSPECIFIED. ) ;
#5489 = LINE ( 'NONE', #2983, #19 ) ;
#5490 = DIRECTION ( 'NONE',  ( -1.000000000000000000, 0.000000000000000000, 0.000000000000000000 ) ) ;
#5491 = CARTESIAN_POINT ( 'NONE',  ( -18.11349746241714698, 1.000000000000000000, 0.5176030526561972156 ) ) ;
#5492 = VERTEX_POINT ( 'NONE', #2172 ) ;
#5493 = ORIENTED_EDGE ( 'NONE', *, *, #1978, .F. ) ;
#5494 = VECTOR ( 'NONE', #9643, 1000.000000000000000 ) ;
#5495 = CARTESIAN_POINT ( 'NONE',  ( 23.01555421281042868, 1.000000000000000888, 4.300135195716590530 ) ) ;
#5496 = PLANE ( 'NONE',  #932 ) ;
#5497 = FACE_OUTER_BOUND ( 'NONE', #8637, .T. ) ;
#5498 = CARTESIAN_POINT ( 'NONE',  ( 24.04324480960877963, 0.9999999999999991118, 4.577310493415609471 ) ) ;
#5499 = EDGE_CURVE ( 'NONE', #8934, #2901, #8458, .T. ) ;
#5500 = EDGE_CURVE ( 'NONE', #5034, #9333, #2121, .T. ) ;
#5501 = EDGE_CURVE ( 'NONE', #8163, #7577, #7016, .T. ) ;
#5502 = APPROVAL_PERSON_ORGANIZATION ( #1462, #5717, #6245 ) ;
#5503 = COORDINATED_UNIVERSAL_TIME_OFFSET ( 3, 0, .BEHIND. ) ;
#5504 = CARTESIAN_POINT ( 'NONE',  ( 8.492442673263285613, 2.999999999999999556, 3.541148090033010565 ) ) ;
#5505 = LINE ( 'NONE', #2409, #1699 ) ;
#5506 = ORIENTED_EDGE ( 'NONE', *, *, #8685, .T. ) ;
#5507 = CARTESIAN_POINT ( 'NONE',  ( 24.20505659787279384, 3.000000000000001332, 0.7710678344399278794 ) ) ;
#5508 = CARTESIAN_POINT ( 'NONE',  ( 22.84844005488908891, 0.9999999999999991118, 4.049741033959676884 ) ) ;
#5509 = CARTESIAN_POINT ( 'NONE',  ( -10.50280534991865444, 3.000000000000000000, 1.079692826900309210 ) ) ;
#5510 = CARTESIAN_POINT ( 'NONE',  ( -1.070833240855827651, 1.000000000000000000, 0.8567078280890980668 ) ) ;
#5511 = VERTEX_POINT ( 'NONE', #8402 ) ;
#5512 = CARTESIAN_POINT ( 'NONE',  ( 13.04612866208669253, 0.9999999999999995559, 4.117283965022306091 ) ) ;
#5513 = VERTEX_POINT ( 'NONE', #2972 ) ;
#5514 = CARTESIAN_POINT ( 'NONE',  ( -10.76686411941692256, 1.000000000000000444, 0.6705196508998534366 ) ) ;
#5515 = ORIENTED_EDGE ( 'NONE', *, *, #1139, .F. ) ;
#5516 = ORIENTED_EDGE ( 'NONE', *, *, #1505, .F. ) ;
#5517 = DIRECTION ( 'NONE',  ( -1.000000000000000000, 0.000000000000000000, 0.000000000000000000 ) ) ;
#5518 = VECTOR ( 'NONE', #9626, 1000.000000000000114 ) ;
#5519 = VECTOR ( 'NONE', #3525, 1000.000000000000114 ) ;
#5520 = CARTESIAN_POINT ( 'NONE',  ( -0.05263582920443654611, 1.000000000000000000, 4.925965133283901842 ) ) ;
#5521 = DIRECTION ( 'NONE',  ( -0.000000000000000000, 1.000000000000000000, -0.000000000000000000 ) ) ;
#5522 = CARTESIAN_POINT ( 'NONE',  ( 17.23552612040466059, 3.000000000000000000, 3.286958718691550541 ) ) ;
#5523 = CARTESIAN_POINT ( 'NONE',  ( 17.00018690991792880, 1.000000000000000000, 4.180604523765087066 ) ) ;
#5524 = DIRECTION ( 'NONE',  ( -0.000000000000000000, 1.000000000000000000, -0.000000000000000000 ) ) ;
#5525 = DIRECTION ( 'NONE',  ( 0.000000000000000000, -1.000000000000000000, 0.000000000000000000 ) ) ;
#5526 = DIRECTION ( 'NONE',  ( 0.04817768577230324006, 0.000000000000000000, 0.9988387810821248713 ) ) ;
#5527 = ORIENTED_EDGE ( 'NONE', *, *, #928, .F. ) ;
#5528 = VECTOR ( 'NONE', #2295, 1000.000000000000000 ) ;
#5529 = AXIS2_PLACEMENT_3D ( 'NONE', #1017, #6813, #5014 ) ;
#5530 = ORIENTED_EDGE ( 'NONE', *, *, #144, .T. ) ;
#5531 = B_SPLINE_CURVE_WITH_KNOTS ( 'NONE', 3,
 ( #8344, #5049, #6544, #6689, #1748, #895, #3387, #8141, #4197, #6595, #7396, #4144, #4093, #5742, #8188, #5945, #6643, #7500, #3341, #9938, #7447, #155, #9884 ),
 .UNSPECIFIED., .F., .F.,
 ( 4, 1, 1, 1, 1, 1, 1, 1, 1, 1, 1, 1, 1, 1, 1, 1, 1, 1, 1, 1, 4 ),
 ( 0.000000000000000000, 0.05445261980399006274, 0.1046118189577475294, 0.1504930484045242101, 0.1925539255659346471, 0.2682209170454575298, 0.3356543270214834007, 0.3969297891821625401, 0.4537143701204078283, 0.4824450359937572097, 0.5129567874581103526, 0.5452063008310508163, 0.5794226517806947419, 0.6167630159873341844, 0.6569738746896480741, 0.6998983615773639588, 0.7463318727924305174, 0.7981268172847219011, 0.8580462552437457813, 0.9251868521988153571, 1.000000000000000000 ),
 .UNSPECIFIED. ) ;
#5532 = CARTESIAN_POINT ( 'NONE',  ( -47.50000000000000000, 0.000000000000000000, 16.50000000000000000 ) ) ;
#5533 = DIRECTION ( 'NONE',  ( 0.9410157643833850782, 0.000000000000000000, -0.3383627213242522136 ) ) ;
#5534 = CARTESIAN_POINT ( 'NONE',  ( 12.41196463944031159, 3.000000000000000444, 0.8648130324602640862 ) ) ;
#5535 = CARTESIAN_POINT ( 'NONE',  ( 8.178602743217609827, 3.000000000000000000, 4.869447670711752885 ) ) ;
#5536 = AXIS2_PLACEMENT_3D ( 'NONE', #5579, #10352, #7916 ) ;
#5537 = CARTESIAN_POINT ( 'NONE',  ( -9.207920875148065676, 3.000000000000001776, 3.394226357147187567 ) ) ;
#5538 = LINE ( 'NONE', #3881, #10461 ) ;
#5539 = AXIS2_PLACEMENT_3D ( 'NONE', #1216, #4510, #2909 ) ;
#5540 = DIRECTION ( 'NONE',  ( -0.000000000000000000, 1.000000000000000000, -0.000000000000000000 ) ) ;
#5541 = ADVANCED_FACE ( 'NONE', ( #6228 ), #9473, .F. ) ;
#5542 = CARTESIAN_POINT ( 'NONE',  ( 23.37727362081860605, 1.000000000000000000, 3.267900142626859239 ) ) ;
#5543 = CARTESIAN_POINT ( 'NONE',  ( 12.55467694346239860, 2.999999999999999112, 4.493761583039510121 ) ) ;
#5544 = CARTESIAN_POINT ( 'NONE',  ( -10.42991468960735268, 3.000000000000000444, 0.9673937377300132479 ) ) ;
#5545 = ORIENTED_EDGE ( 'NONE', *, *, #1637, .T. ) ;
#5546 = AXIS2_PLACEMENT_3D ( 'NONE', #6905, #3650, #1156 ) ;
#5547 = CARTESIAN_POINT ( 'NONE',  ( 25.96885403664781933, 2.999999999999999112, 1.032257284310564849 ) ) ;
#5548 = CARTESIAN_POINT ( 'NONE',  ( -11.22719788214172887, 1.000000000000000000, 1.663847840447616022 ) ) ;
#5549 = VERTEX_POINT ( 'NONE', #9363 ) ;
#5550 = CARTESIAN_POINT ( 'NONE',  ( 17.60288962712363414, 1.000000000000000000, 3.286958718691550541 ) ) ;
#5551 = ORIENTED_EDGE ( 'NONE', *, *, #1880, .F. ) ;
#5552 = ORIENTED_EDGE ( 'NONE', *, *, #5499, .T. ) ;
#5553 = DIRECTION ( 'NONE',  ( -0.000000000000000000, 1.000000000000000000, -0.000000000000000000 ) ) ;
#5554 = LINE ( 'NONE', #3153, #9941 ) ;
#5555 = EDGE_CURVE ( 'NONE', #6853, #5438, #1968, .T. ) ;
#5556 = DIRECTION ( 'NONE',  ( 0.000000000000000000, 0.000000000000000000, 1.000000000000000000 ) ) ;
#5557 = VECTOR ( 'NONE', #9433, 1000.000000000000000 ) ;
#5558 = DIRECTION ( 'NONE',  ( 0.000000000000000000, -0.000000000000000000, -1.000000000000000000 ) ) ;
#5559 = CARTESIAN_POINT ( 'NONE',  ( 11.93459280988576943, 2.999999999999998668, 2.426800124957823268 ) ) ;
#5560 = APPROVAL_DATE_TIME ( #4755, #9293 ) ;
#5561 = CARTESIAN_POINT ( 'NONE',  ( 8.498255740622653320, 3.000000000000000000, 1.866389899177021583 ) ) ;
#5562 = EDGE_CURVE ( 'NONE', #9171, #3106, #3158, .T. ) ;
#5563 = CARTESIAN_POINT ( 'NONE',  ( -24.62978427991550845, 1.000000000000000000, 4.530342895278852922 ) ) ;
#5564 = ORIENTED_EDGE ( 'NONE', *, *, #2525, .T. ) ;
#5565 = ORIENTED_EDGE ( 'NONE', *, *, #9785, .T. ) ;
#5566 = EDGE_CURVE ( 'NONE', #10170, #5927, #5262, .T. ) ;
#5567 = EDGE_CURVE ( 'NONE', #8336, #722, #4523, .T. ) ;
#5568 = CARTESIAN_POINT ( 'NONE',  ( 24.45496247705671777, 1.000000000000000444, 0.7452490339267318076 ) ) ;
#5569 = CARTESIAN_POINT ( 'NONE',  ( -9.294431586901001907, 3.000000000000000888, 4.898054665545903852 ) ) ;
#5570 = LINE ( 'NONE', #3802, #2610 ) ;
#5571 = PLANE ( 'NONE',  #4336 ) ;
#5572 = ORIENTED_EDGE ( 'NONE', *, *, #4785, .F. ) ;
#5573 = CARTESIAN_POINT ( 'NONE',  ( -5.706148257124818990, 1.000000000000000000, 3.060888868402950713 ) ) ;
#5574 = VERTEX_POINT ( 'NONE', #10423 ) ;
#5575 = CARTESIAN_POINT ( 'NONE',  ( -10.27330153134023760, 1.000000000000000888, 0.4527733580548121695 ) ) ;
#5576 = ORIENTED_EDGE ( 'NONE', *, *, #3272, .F. ) ;
#5577 = ORIENTED_EDGE ( 'NONE', *, *, #1307, .F. ) ;
#5578 = CARTESIAN_POINT ( 'NONE',  ( 19.76291639980298953, 1.000000000000000000, 0.5176030526561972156 ) ) ;
#5579 = CARTESIAN_POINT ( 'NONE',  ( -20.24173316239967235, 1.000000000000000000, 2.778301555542199708 ) ) ;
#5580 = EDGE_CURVE ( 'NONE', #4138, #6718, #7381, .T. ) ;
#5581 = DIRECTION ( 'NONE',  ( 0.000000000000000000, 0.000000000000000000, 1.000000000000000000 ) ) ;
#5582 = CARTESIAN_POINT ( 'NONE',  ( -16.41002581707842722, 1.000000000000000000, 0.8567078280890980668 ) ) ;
#5583 = PLANE ( 'NONE',  #5264 ) ;
#5584 = CARTESIAN_POINT ( 'NONE',  ( 11.35152841543222202, 1.000000000000000000, 2.778301555542199708 ) ) ;
#5585 = CARTESIAN_POINT ( 'NONE',  ( -6.715514815249311376, 3.000000000000000000, 4.530342895278852922 ) ) ;
#5586 = CARTESIAN_POINT ( 'NONE',  ( 15.42078572062702868, 3.000000000000000000, 4.530342895278852922 ) ) ;
#5587 = VERTEX_POINT ( 'NONE', #6390 ) ;
#5588 = VERTEX_POINT ( 'NONE', #9519 ) ;
#5589 = CARTESIAN_POINT ( 'NONE',  ( 6.239347308710709861, 3.000000000000000000, 4.530342895278852922 ) ) ;
#5590 = PLANE ( 'NONE',  #2213 ) ;
#5591 = CARTESIAN_POINT ( 'NONE',  ( -8.846094251801178032, 3.000000000000000000, 0.5427304553512315444 ) ) ;
#5592 = LINE ( 'NONE', #3240, #9949 ) ;
#5593 = CARTESIAN_POINT ( 'NONE',  ( -9.056078200447577942, 1.000000000000000000, 3.781056107052294557 ) ) ;
#5594 = FACE_BOUND ( 'NONE', #8204, .T. ) ;
#5595 = CARTESIAN_POINT ( 'NONE',  ( 25.34506955612654622, 0.9999999999999995559, 0.5678434014606147384 ) ) ;
#5596 = LINE ( 'NONE', #5654, #1789 ) ;
#5597 = LINE ( 'NONE', #7244, #7496 ) ;
#5598 = CARTESIAN_POINT ( 'NONE',  ( 12.01384242994960339, 1.000000000000000000, 4.530342895278852922 ) ) ;
#5599 = ORIENTED_EDGE ( 'NONE', *, *, #3091, .T. ) ;
#5600 = CARTESIAN_POINT ( 'NONE',  ( -9.918465389455379366, 3.000000000000000444, 4.643377820423151725 ) ) ;
#5601 = EDGE_CURVE ( 'NONE', #2668, #9101, #10367, .T. ) ;
#5602 = CARTESIAN_POINT ( 'NONE',  ( -19.58935809111608961, 0.9999999999999995559, 2.808880362128499009 ) ) ;
#5603 = VERTEX_POINT ( 'NONE', #8090 ) ;
#5604 = PLANE ( 'NONE',  #3057 ) ;
#5605 = ORIENTED_EDGE ( 'NONE', *, *, #9963, .F. ) ;
#5606 = EDGE_LOOP ( 'NONE', ( #3235, #10011, #219, #5104 ) ) ;
#5607 = CARTESIAN_POINT ( 'NONE',  ( -9.798365781489559723, 1.000000000000000000, 0.4045681275118969689 ) ) ;
#5608 = CARTESIAN_POINT ( 'NONE',  ( -8.758375220123275184, 2.999999999999999556, 2.829085655164152335 ) ) ;
#5609 = CARTESIAN_POINT ( 'NONE',  ( 8.964914330331462011, 1.000000000000000000, 0.9431588549970280067 ) ) ;
#5610 = DIRECTION ( 'NONE',  ( -0.000000000000000000, 1.000000000000000000, -0.000000000000000000 ) ) ;
#5611 = DIRECTION ( 'NONE',  ( -0.000000000000000000, 1.000000000000000000, -0.000000000000000000 ) ) ;
#5612 = EDGE_CURVE ( 'NONE', #288, #6831, #9632, .T. ) ;
#5613 = DIRECTION ( 'NONE',  ( -0.9437092178867093617, 0.000000000000000000, 0.3307762265877876584 ) ) ;
#5614 = ORIENTED_EDGE ( 'NONE', *, *, #7975, .T. ) ;
#5615 = ORIENTED_EDGE ( 'NONE', *, *, #10095, .T. ) ;
#5616 = CARTESIAN_POINT ( 'NONE',  ( 23.52114037338496644, 1.000000000000000444, 1.456963180161968685 ) ) ;
#5617 = CARTESIAN_POINT ( 'NONE',  ( -18.89379166866515902, 3.000000000000000000, 0.9109072515481145826 ) ) ;
#5618 = CARTESIAN_POINT ( 'NONE',  ( 14.68076019507293850, 1.000000000000000000, 4.530342895278852922 ) ) ;
#5619 = DIRECTION ( 'NONE',  ( 0.000000000000000000, 0.000000000000000000, -1.000000000000000000 ) ) ;
#5620 = ORIENTED_EDGE ( 'NONE', *, *, #4584, .T. ) ;
#5621 = AXIS2_PLACEMENT_3D ( 'NONE', #1701, #801, #9738 ) ;
#5622 = CARTESIAN_POINT ( 'NONE',  ( 12.42970582054951301, 3.000000000000000444, 4.512537353597653400 ) ) ;
#5623 = ADVANCED_FACE ( 'NONE', ( #3079 ), #796, .T. ) ;
#5624 = AXIS2_PLACEMENT_3D ( 'NONE', #2184, #591, #9276 ) ;
#5625 = EDGE_CURVE ( 'NONE', #9182, #10235, #10318, .T. ) ;
#5626 = DIRECTION ( 'NONE',  ( 0.7120049190386557036, 0.000000000000000000, -0.7021744763694828251 ) ) ;
#5627 = CARTESIAN_POINT ( 'NONE',  ( -9.779738897274210530, 3.000000000000000000, 4.979865491215240247 ) ) ;
#5628 = B_SPLINE_SURFACE_WITH_KNOTS ( 'NONE', 3, 1, ( 
 ( #2489, #5743 ),
 ( #8990, #4997 ),
 ( #8242, #10187 ),
 ( #4709, #1358 ),
 ( #7156, #6149 ),
 ( #1522, #609 ),
 ( #10399, #2148 ),
 ( #659, #2893 ),
 ( #7957, #9495 ),
 ( #4762, #9445 ),
 ( #6197, #6307 ),
 ( #5508, #3109 ),
 ( #3850, #5347 ),
 ( #554, #10241 ),
 ( #6941, #3003 ),
 ( #5400, #2945 ),
 ( #4548, #6995 ),
 ( #5454, #9552 ),
 ( #8761, #6251 ) ),
 .UNSPECIFIED., .F., .F., .F.,
 ( 4, 1, 1, 1, 1, 1, 1, 1, 1, 1, 1, 1, 1, 1, 1, 1, 4 ),
 ( 2, 2 ),
 ( 0.000000000000000000, 0.06405273159572597019, 0.1252566850439893187, 0.1849499021442359281, 0.2431846052884235332, 0.3005386877229878073, 0.3572394914639305807, 0.4141462956081085611, 0.4714216641918499984, 0.5299413419771921152, 0.5897755099876029750, 0.6516444413806204983, 0.7158455718875393892, 0.7827701236750969072, 0.8519232184644267569, 0.9242852073933255364, 0.9999999999999998890 ),
 ( 0.000000000000000000, 1.000000000000000000 ),
 .UNSPECIFIED. ) ;
#5629 = ORIENTED_EDGE ( 'NONE', *, *, #1264, .T. ) ;
#5630 = ORIENTED_EDGE ( 'NONE', *, *, #6535, .T. ) ;
#5631 = FACE_OUTER_BOUND ( 'NONE', #65, .T. ) ;
#5632 = CARTESIAN_POINT ( 'NONE',  ( -10.68855478418893412, 3.000000000000000444, 2.667244926333973698 ) ) ;
#5633 = APPLICATION_PROTOCOL_DEFINITION ( 'international standard', 'config_control_design', 1994, #879 ) ;
#5634 = CARTESIAN_POINT ( 'NONE',  ( -10.43707496184690697, 1.000000000000000444, 4.950191178069883513 ) ) ;
#5635 = CARTESIAN_POINT ( 'NONE',  ( 16.30044113844387255, 3.000000000000000444, 4.522282285698207893 ) ) ;
#5636 = AXIS2_PLACEMENT_3D ( 'NONE', #9832, #7503, #5052 ) ;
#5637 = DIRECTION ( 'NONE',  ( 0.000000000000000000, 0.000000000000000000, -1.000000000000000000 ) ) ;
#5638 = CARTESIAN_POINT ( 'NONE',  ( -9.956438059621044445, 3.000000000000000444, 4.982482595856053464 ) ) ;
#5639 = CARTESIAN_POINT ( 'NONE',  ( 10.02601730104476374, 1.000000000000000000, 0.5176030526561972156 ) ) ;
#5640 = EDGE_CURVE ( 'NONE', #3608, #4927, #5592, .T. ) ;
#5641 = LINE ( 'NONE', #1591, #5518 ) ;
#5642 = ORIENTED_EDGE ( 'NONE', *, *, #10239, .T. ) ;
#5643 = EDGE_CURVE ( 'NONE', #4229, #4303, #10482, .T. ) ;
#5644 = VERTEX_POINT ( 'NONE', #8674 ) ;
#5645 = EDGE_CURVE ( 'NONE', #6416, #3151, #1386, .T. ) ;
#5646 = CARTESIAN_POINT ( 'NONE',  ( -8.923570190545854430, 1.000000000000000444, 1.705590496967267944 ) ) ;
#5647 = VECTOR ( 'NONE', #10455, 1000.000000000000000 ) ;
#5648 = VECTOR ( 'NONE', #6018, 1000.000000000000000 ) ;
#5649 = DIRECTION ( 'NONE',  ( 0.000000000000000000, 0.000000000000000000, -1.000000000000000000 ) ) ;
#5650 = CARTESIAN_POINT ( 'NONE',  ( 13.16696763517666291, 0.9999999999999995559, 1.763862746716056362 ) ) ;
#5651 = CARTESIAN_POINT ( 'NONE',  ( 11.87569657236846332, 3.000000000000000888, 2.788759618130051354 ) ) ;
#5652 = CARTESIAN_POINT ( 'NONE',  ( -1.070833240855827651, 1.000000000000000000, 0.5176030526561972156 ) ) ;
#5653 = DIRECTION ( 'NONE',  ( 0.000000000000000000, 1.000000000000000000, 0.000000000000000000 ) ) ;
#5654 = CARTESIAN_POINT ( 'NONE',  ( 22.05099054862238006, 1.000000000000000000, 0.8567078280890980668 ) ) ;
#5655 = CARTESIAN_POINT ( 'NONE',  ( 7.564858423098167250, 1.000000000000000000, 4.530342895278852922 ) ) ;
#5656 = DIRECTION ( 'NONE',  ( -0.000000000000000000, 1.000000000000000000, -0.000000000000000000 ) ) ;
#5657 = ORIENTED_EDGE ( 'NONE', *, *, #4983, .F. ) ;
#5658 = DIRECTION ( 'NONE',  ( 0.000000000000000000, 0.000000000000000000, -1.000000000000000000 ) ) ;
#5659 = CARTESIAN_POINT ( 'NONE',  ( 19.20745571296107812, 1.000000000000000000, 0.8567078280890980668 ) ) ;
#5660 = CARTESIAN_POINT ( 'NONE',  ( -3.264417256937402367, 3.000000000000000000, 4.530342895278852922 ) ) ;
#5661 = ORIENTED_EDGE ( 'NONE', *, *, #9377, .F. ) ;
#5662 = FACE_OUTER_BOUND ( 'NONE', #9538, .T. ) ;
#5663 = CARTESIAN_POINT ( 'NONE',  ( -8.848142561565762065, 3.000000000000000444, 2.755919540229510467 ) ) ;
#5664 = CARTESIAN_POINT ( 'NONE',  ( -13.92943906137265309, 1.000000000000000000, 0.5176030526561972156 ) ) ;
#5665 = CARTESIAN_POINT ( 'NONE',  ( -9.061459440414814992, 1.000000000000000444, 0.4875695976064905457 ) ) ;
#5666 = DIRECTION ( 'NONE',  ( -0.3367472620445069453, 0.000000000000000000, -0.9415950730040637540 ) ) ;
#5667 = LINE ( 'NONE', #9754, #5774 ) ;
#5668 = VERTEX_POINT ( 'NONE', #3823 ) ;
#5669 = ORIENTED_EDGE ( 'NONE', *, *, #7307, .F. ) ;
#5670 = DIRECTION ( 'NONE',  ( 1.000000000000000000, 0.000000000000000000, 0.000000000000000000 ) ) ;
#5671 = LINE ( 'NONE', #8218, #8340 ) ;
#5672 = EDGE_CURVE ( 'NONE', #9122, #630, #7075, .T. ) ;
#5673 = CARTESIAN_POINT ( 'NONE',  ( -19.42157102961232340, 3.000000000000000444, 2.926070042300680907 ) ) ;
#5674 = VECTOR ( 'NONE', #8833, 1000.000000000000000 ) ;
#5675 = ORIENTED_EDGE ( 'NONE', *, *, #6131, .F. ) ;
#5676 = CARTESIAN_POINT ( 'NONE',  ( -18.04020137814388747, 1.000000000000000000, 4.869447670711752885 ) ) ;
#5677 = ORIENTED_EDGE ( 'NONE', *, *, #1783, .F. ) ;
#5678 = EDGE_LOOP ( 'NONE', ( #9441, #3374, #5530, #4566 ) ) ;
#5679 = DIRECTION ( 'NONE',  ( -0.000000000000000000, 1.000000000000000000, -0.000000000000000000 ) ) ;
#5680 = LINE ( 'NONE', #6582, #9611 ) ;
#5681 = CARTESIAN_POINT ( 'NONE',  ( -29.50000000000000000, 1.500000000000000000, 12.00000000000000355 ) ) ;
#5682 = ADVANCED_FACE ( 'NONE', ( #5478 ), #5269, .T. ) ;
#5683 = CARTESIAN_POINT ( 'NONE',  ( 9.731949878599046144, 3.000000000000000000, 1.874022154387798844 ) ) ;
#5684 = DIRECTION ( 'NONE',  ( -1.000000000000000000, 0.000000000000000000, 0.000000000000000000 ) ) ;
#5685 = ORIENTED_EDGE ( 'NONE', *, *, #3021, .T. ) ;
#5686 = ORIENTED_EDGE ( 'NONE', *, *, #8116, .F. ) ;
#5687 = VECTOR ( 'NONE', #3345, 1000.000000000000000 ) ;
#5688 = DIRECTION ( 'NONE',  ( -0.000000000000000000, 1.000000000000000000, -0.000000000000000000 ) ) ;
#5689 = DIRECTION ( 'NONE',  ( 0.000000000000000000, 0.000000000000000000, 1.000000000000000000 ) ) ;
#5690 = EDGE_CURVE ( 'NONE', #10312, #8401, #893, .T. ) ;
#5691 = CARTESIAN_POINT ( 'NONE',  ( 12.77516974254105442, 1.000000000000000000, 0.9398174165483703657 ) ) ;
#5692 = CARTESIAN_POINT ( 'NONE',  ( 11.65325876535694505, 3.000000000000000000, 2.778267480871526196 ) ) ;
#5693 = CARTESIAN_POINT ( 'NONE',  ( -19.65866876794611784, 2.999999999999999112, 2.426800124957822824 ) ) ;
#5694 = CARTESIAN_POINT ( 'NONE',  ( 26.35807764109642193, 1.000000000000000000, 1.742666189910803132 ) ) ;
#5695 = ADVANCED_FACE ( 'NONE', ( #5740 ), #9146, .T. ) ;
#5696 = EDGE_CURVE ( 'NONE', #2273, #2039, #6723, .T. ) ;
#5697 = CARTESIAN_POINT ( 'NONE',  ( 23.39637421977929677, 1.000000000000000444, 3.426278208015506976 ) ) ;
#5698 = VECTOR ( 'NONE', #4564, 1000.000000000000000 ) ;
#5699 = CARTESIAN_POINT ( 'NONE',  ( 12.88531321572567556, 3.000000000000000888, 4.342725688669729855 ) ) ;
#5700 = DIRECTION ( 'NONE',  ( -0.000000000000000000, 1.000000000000000000, -0.000000000000000000 ) ) ;
#5701 = ORIENTED_EDGE ( 'NONE', *, *, #9009, .T. ) ;
#5702 = CARTESIAN_POINT ( 'NONE',  ( 8.478802170368966884, 1.000000000000000000, 2.081001434549757168 ) ) ;
#5703 = CARTESIAN_POINT ( 'NONE',  ( 17.88194459857362162, 1.000000000000000000, 4.869447670711752885 ) ) ;
#5704 = VECTOR ( 'NONE', #3408, 1000.000000000000114 ) ;
#5705 = VERTEX_POINT ( 'NONE', #4142 ) ;
#5706 = AXIS2_PLACEMENT_3D ( 'NONE', #8806, #1619, #9593 ) ;
#5707 = CARTESIAN_POINT ( 'NONE',  ( -9.608908720351811539, 0.9999999999999995559, 4.962510296036357182 ) ) ;
#5708 = VERTEX_POINT ( 'NONE', #840 ) ;
#5709 = ORIENTED_EDGE ( 'NONE', *, *, #4817, .T. ) ;
#5710 = LINE ( 'NONE', #4809, #4691 ) ;
#5711 = CARTESIAN_POINT ( 'NONE',  ( -8.535340745937313400, 3.000000000000000444, 3.093224662254209001 ) ) ;
#5712 = DIRECTION ( 'NONE',  ( 0.000000000000000000, 0.000000000000000000, 1.000000000000000000 ) ) ;
#5713 = CARTESIAN_POINT ( 'NONE',  ( -9.061459440414814992, 3.000000000000000888, 0.4875695976064905457 ) ) ;
#5714 = CARTESIAN_POINT ( 'NONE',  ( 11.65295909506090233, 3.000000000000000000, 2.439081198479338131 ) ) ;
#5715 = VECTOR ( 'NONE', #2815, 1000.000000000000227 ) ;
#5716 = FACE_OUTER_BOUND ( 'NONE', #10023, .T. ) ;
#5717 = APPROVAL ( #8589, 'UNSPECIFIED' ) ;
#5718 = ORIENTED_EDGE ( 'NONE', *, *, #7388, .F. ) ;
#5719 = ORIENTED_EDGE ( 'NONE', *, *, #9727, .F. ) ;
#5720 = DIRECTION ( 'NONE',  ( 0.000000000000000000, 1.000000000000000000, 0.000000000000000000 ) ) ;
#5721 = CARTESIAN_POINT ( 'NONE',  ( -18.64369425654886214, 3.000000000000000888, 1.077061802592360840 ) ) ;
#5722 = CARTESIAN_POINT ( 'NONE',  ( -19.39423652614524585, 3.000000000000000444, 2.975708101488674817 ) ) ;
#5723 = ORIENTED_EDGE ( 'NONE', *, *, #4290, .F. ) ;
#5724 = VECTOR ( 'NONE', #5201, 1000.000000000000000 ) ;
#5725 = CARTESIAN_POINT ( 'NONE',  ( 13.17833673293276497, 3.000000000000000000, 3.687827551978846152 ) ) ;
#5726 = ADVANCED_FACE ( 'NONE', ( #5094 ), #3339, .F. ) ;
#5727 = ORIENTED_EDGE ( 'NONE', *, *, #8631, .F. ) ;
#5728 = ORIENTED_EDGE ( 'NONE', *, *, #4010, .F. ) ;
#5729 = DIRECTION ( 'NONE',  ( -1.000000000000000000, 0.000000000000000000, 0.000000000000000000 ) ) ;
#5730 = CYLINDRICAL_SURFACE ( 'NONE', #3663, 1.749999999999999778 ) ;
#5731 = LINE ( 'NONE', #8979, #6571 ) ;
#5732 = CARTESIAN_POINT ( 'NONE',  ( -19.33803341165538114, 3.000000000000000444, 3.194677529631570589 ) ) ;
#5733 = CARTESIAN_POINT ( 'NONE',  ( -10.47279932624139320, 1.000000000000000888, 1.890479097950270582 ) ) ;
#5734 = ORIENTED_EDGE ( 'NONE', *, *, #1720, .F. ) ;
#5735 = VERTEX_POINT ( 'NONE', #4295 ) ;
#5736 = DIRECTION ( 'NONE',  ( 1.000000000000000000, 0.000000000000000000, 0.000000000000000000 ) ) ;
#5737 = CARTESIAN_POINT ( 'NONE',  ( 17.88194459857362162, 1.000000000000000000, 4.530342895278852922 ) ) ;
#5738 = EDGE_CURVE ( 'NONE', #5814, #4100, #776, .T. ) ;
#5739 = CARTESIAN_POINT ( 'NONE',  ( -19.72352953231021999, 3.000000000000000444, 2.432973014260338740 ) ) ;
#5740 = FACE_OUTER_BOUND ( 'NONE', #2599, .T. ) ;
#5741 = CARTESIAN_POINT ( 'NONE',  ( 25.52717868510590193, 2.999999999999999556, 1.458660507624061964 ) ) ;
#5742 = CARTESIAN_POINT ( 'NONE',  ( -18.54713291574519829, 3.000000000000000000, 4.117283965022305203 ) ) ;
#5743 = CARTESIAN_POINT ( 'NONE',  ( 24.46622898822910841, 3.000000000000000444, 4.982482595856052576 ) ) ;
#5744 = CARTESIAN_POINT ( 'NONE',  ( -21.56724427678712885, 3.000000000000000000, 4.530342895278852922 ) ) ;
#5745 = CARTESIAN_POINT ( 'NONE',  ( 12.31857919832265580, 2.999999999999999112, 4.521118292101936831 ) ) ;
#5746 = DIRECTION ( 'NONE',  ( -0.03127913959601442973, 0.000000000000000000, -0.9995106879999497984 ) ) ;
#5747 = ORIENTED_EDGE ( 'NONE', *, *, #5764, .F. ) ;
#5748 = ADVANCED_FACE ( 'NONE', ( #9092 ), #1802, .T. ) ;
#5749 = ORIENTED_EDGE ( 'NONE', *, *, #6986, .T. ) ;
#5750 = CARTESIAN_POINT ( 'NONE',  ( 8.497960429726964193, 3.000000000000000444, 3.633107970313574242 ) ) ;
#5751 = CARTESIAN_POINT ( 'NONE',  ( 26.45940167184184943, 2.999999999999999556, 2.175803204293461857 ) ) ;
#5752 = EDGE_CURVE ( 'NONE', #8817, #2913, #4172, .T. ) ;
#5753 = EDGE_CURVE ( 'NONE', #6787, #8011, #9442, .T. ) ;
#5754 = CARTESIAN_POINT ( 'NONE',  ( -5.794456792393803291, 1.000000000000000000, 4.530342895278852922 ) ) ;
#5755 = ORIENTED_EDGE ( 'NONE', *, *, #8878, .T. ) ;
#5756 = CARTESIAN_POINT ( 'NONE',  ( -10.54362555966664239, 0.9999999999999995559, 1.748112447363751931 ) ) ;
#5757 = EDGE_LOOP ( 'NONE', ( #4681, #10516, #2899, #8710 ) ) ;
#5758 = ORIENTED_EDGE ( 'NONE', *, *, #1405, .F. ) ;
#5759 = CARTESIAN_POINT ( 'NONE',  ( 12.26554472100673010, 2.999999999999999556, 1.966794162330093299 ) ) ;
#5760 = LINE ( 'NONE', #125, #1627 ) ;
#5761 = CARTESIAN_POINT ( 'NONE',  ( 9.229784985242449835, 1.000000000000000444, 1.230873258404451054 ) ) ;
#5762 = FACE_OUTER_BOUND ( 'NONE', #2951, .T. ) ;
#5763 = CARTESIAN_POINT ( 'NONE',  ( -24.62978427991550845, 3.000000000000000000, 4.530342895278852922 ) ) ;
#5764 = EDGE_CURVE ( 'NONE', #3824, #6371, #260, .T. ) ;
#5765 = EDGE_CURVE ( 'NONE', #6368, #8648, #6157, .T. ) ;
#5766 = DIRECTION ( 'NONE',  ( 0.000000000000000000, 0.000000000000000000, -1.000000000000000000 ) ) ;
#5767 = ORIENTED_EDGE ( 'NONE', *, *, #3144, .T. ) ;
#5768 = ORIENTED_EDGE ( 'NONE', *, *, #7959, .T. ) ;
#5769 = CARTESIAN_POINT ( 'NONE',  ( -8.478968700718318985, 1.000000000000000000, 3.197184805061430435 ) ) ;
#5770 = CARTESIAN_POINT ( 'NONE',  ( -24.62978427991550845, 1.000000000000000000, 4.869447670711752885 ) ) ;
#5771 = ORIENTED_EDGE ( 'NONE', *, *, #4817, .F. ) ;
#5772 = CARTESIAN_POINT ( 'NONE',  ( 23.91651047507570382, 0.9999999999999995559, 0.4926498878807467618 ) ) ;
#5773 = ORIENTED_EDGE ( 'NONE', *, *, #2088, .T. ) ;
#5774 = VECTOR ( 'NONE', #4704, 1000.000000000000000 ) ;
#5775 = ORIENTED_EDGE ( 'NONE', *, *, #7637, .F. ) ;
#5776 = FACE_OUTER_BOUND ( 'NONE', #8171, .T. ) ;
#5777 = CARTESIAN_POINT ( 'NONE',  ( 24.58472231248558870, 2.999999999999999556, 4.981252530551322444 ) ) ;
#5778 = CARTESIAN_POINT ( 'NONE',  ( 12.17526562133450874, 1.000000000000000888, 2.289844549213748248 ) ) ;
#5779 = VECTOR ( 'NONE', #9490, 1000.000000000000000 ) ;
#5780 = CARTESIAN_POINT ( 'NONE',  ( -9.817822778822833385, 0.9999999999999991118, 2.306069895633426903 ) ) ;
#5781 = AXIS2_PLACEMENT_3D ( 'NONE', #330, #6717, #9962 ) ;
#5782 = ORIENTED_EDGE ( 'NONE', *, *, #4432, .T. ) ;
#5783 = EDGE_LOOP ( 'NONE', ( #6624, #780, #4288, #9740 ) ) ;
#5784 = ORIENTED_EDGE ( 'NONE', *, *, #2917, .F. ) ;
#5785 = CYLINDRICAL_SURFACE ( 'NONE', #1384, 1.749999999999999778 ) ;
#5786 = CARTESIAN_POINT ( 'NONE',  ( -8.942592420004631393, 3.000000000000000000, 0.5167984795154551003 ) ) ;
#5787 = DIRECTION ( 'NONE',  ( 0.000000000000000000, 1.000000000000000000, 0.000000000000000000 ) ) ;
#5788 = VECTOR ( 'NONE', #9500, 1000.000000000000000 ) ;
#5789 = CARTESIAN_POINT ( 'NONE',  ( 25.68349760128600323, 2.999999999999999556, 2.484744207336862409 ) ) ;
#5790 = LINE ( 'NONE', #9939, #9542 ) ;
#5791 = CARTESIAN_POINT ( 'NONE',  ( 9.363703286527380598, 1.000000000000000000, 1.874022154387798844 ) ) ;
#5792 = CARTESIAN_POINT ( 'NONE',  ( -19.57941914788229099, 1.000000000000000000, 4.530342895278852922 ) ) ;
#5793 = EDGE_CURVE ( 'NONE', #3773, #8335, #6090, .T. ) ;
#5794 = DIRECTION ( 'NONE',  ( -1.000000000000000000, 0.000000000000000000, 0.000000000000000000 ) ) ;
#5795 = VERTEX_POINT ( 'NONE', #10143 ) ;
#5796 = AXIS2_PLACEMENT_3D ( 'NONE', #3516, #8207, #9957 ) ;
#5797 = ORIENTED_EDGE ( 'NONE', *, *, #1269, .F. ) ;
#5798 = AXIS2_PLACEMENT_3D ( 'NONE', #5355, #10248, #1367 ) ;
#5799 = CARTESIAN_POINT ( 'NONE',  ( 8.385020610464170687, 2.999999999999999112, 3.038221890810187897 ) ) ;
#5800 = CARTESIAN_POINT ( 'NONE',  ( -9.054349558786238816, 1.000000000000000000, 3.909852102867658274 ) ) ;
#5801 = DIRECTION ( 'NONE',  ( 1.000000000000000000, 0.000000000000000000, 0.000000000000000000 ) ) ;
#5802 = ORIENTED_EDGE ( 'NONE', *, *, #7270, .F. ) ;
#5803 = CARTESIAN_POINT ( 'NONE',  ( -9.638248325116299142, 3.000000000000000000, 2.375361209793564132 ) ) ;
#5804 = ORIENTED_EDGE ( 'NONE', *, *, #6119, .T. ) ;
#5805 = ORIENTED_EDGE ( 'NONE', *, *, #7771, .T. ) ;
#5806 = CARTESIAN_POINT ( 'NONE',  ( 12.25017359323966026, 3.000000000000000444, 2.068887076129902525 ) ) ;
#5807 = CARTESIAN_POINT ( 'NONE',  ( 8.255269012416466268, 1.000000000000000000, 2.515981768257304907 ) ) ;
#5808 = DIRECTION ( 'NONE',  ( 0.9415950730040637540, 0.000000000000000000, -0.3367472620445069453 ) ) ;
#5809 = DIRECTION ( 'NONE',  ( 0.000000000000000000, 1.000000000000000000, 0.000000000000000000 ) ) ;
#5810 = CARTESIAN_POINT ( 'NONE',  ( 20.42169807290961359, 1.000000000000000000, 4.530342895278852922 ) ) ;
#5811 = CARTESIAN_POINT ( 'NONE',  ( -5.609008868328936082, 1.000000000000000000, 3.399993643835850676 ) ) ;
#5812 = EDGE_CURVE ( 'NONE', #5958, #4446, #7629, .T. ) ;
#5813 = CARTESIAN_POINT ( 'NONE',  ( -29.50000000000000355, 1.500000000000000000, -10.24999999999999645 ) ) ;
#5814 = VERTEX_POINT ( 'NONE', #1951 ) ;
#5815 = ORIENTED_EDGE ( 'NONE', *, *, #3726, .T. ) ;
#5816 = CARTESIAN_POINT ( 'NONE',  ( 25.47972162139294383, 3.000000000000000888, 4.018849064492343359 ) ) ;
#5817 = CARTESIAN_POINT ( 'NONE',  ( -8.917929684857785588, 3.000000000000000000, 1.760987229243498708 ) ) ;
#5818 = CARTESIAN_POINT ( 'NONE',  ( -18.46897612425787116, 3.000000000000000888, 1.522905499554297215 ) ) ;
#5819 = EDGE_CURVE ( 'NONE', #2548, #6154, #5199, .T. ) ;
#5820 = EDGE_CURVE ( 'NONE', #3745, #10050, #4397, .T. ) ;
#5821 = FACE_OUTER_BOUND ( 'NONE', #10417, .T. ) ;
#5822 = ORIENTED_EDGE ( 'NONE', *, *, #2495, .F. ) ;
#5823 = CARTESIAN_POINT ( 'NONE',  ( 22.62869783674947399, 1.000000000000000444, 1.992541336923313589 ) ) ;
#5824 = ORIENTED_EDGE ( 'NONE', *, *, #2556, .T. ) ;
#5825 = ORIENTED_EDGE ( 'NONE', *, *, #4352, .F. ) ;
#5826 = CARTESIAN_POINT ( 'NONE',  ( -8.585006506893714473, 1.000000000000000000, 0.6271056363897379304 ) ) ;
#5827 = CARTESIAN_POINT ( 'NONE',  ( -11.08001109904224712, 3.000000000000000444, 2.281501007197624720 ) ) ;
#5828 = CARTESIAN_POINT ( 'NONE',  ( 26.28807346986938853, 3.000000000000001332, 3.769070101794359307 ) ) ;
#5829 = VECTOR ( 'NONE', #10492, 1000.000000000000000 ) ;
#5830 = LINE ( 'NONE', #8132, #8918 ) ;
#5831 = DIRECTION ( 'NONE',  ( -1.000000000000000000, 0.000000000000000000, 0.000000000000000000 ) ) ;
#5832 = EDGE_LOOP ( 'NONE', ( #6345, #4718, #8525, #7534 ) ) ;
#5833 = ORIENTED_EDGE ( 'NONE', *, *, #5169, .F. ) ;
#5834 = ORIENTED_EDGE ( 'NONE', *, *, #4843, .F. ) ;
#5835 = VECTOR ( 'NONE', #723, 1000.000000000000000 ) ;
#5836 = CARTESIAN_POINT ( 'NONE',  ( -6.715514815249311376, 1.000000000000000000, 4.530342895278852922 ) ) ;
#5837 = DIRECTION ( 'NONE',  ( -0.000000000000000000, 0.000000000000000000, -1.000000000000000000 ) ) ;
#5838 = CARTESIAN_POINT ( 'NONE',  ( 29.49999999999999645, 3.000000000000000000, -10.25000000000000000 ) ) ;
#5839 = CARTESIAN_POINT ( 'NONE',  ( 25.48678290137935676, 3.000000000000000444, 1.355879009314294059 ) ) ;
#5840 = LINE ( 'NONE', #9094, #8577 ) ;
#5841 = CARTESIAN_POINT ( 'NONE',  ( 6.239347308710709861, 3.000000000000000000, 0.8567078280890980668 ) ) ;
#5842 = CARTESIAN_POINT ( 'NONE',  ( 2.617814277329656658, 1.000000000000000000, 3.682580956696600794 ) ) ;
#5843 = CARTESIAN_POINT ( 'NONE',  ( -18.39117709302280801, 0.9999999999999986677, 3.568333582816927141 ) ) ;
#5844 = CARTESIAN_POINT ( 'NONE',  ( 6.824832897544077959, 1.000000000000000000, 0.8567078280890980668 ) ) ;
#5845 = ORIENTED_EDGE ( 'NONE', *, *, #10084, .F. ) ;
#5846 = VECTOR ( 'NONE', #4401, 1000.000000000000000 ) ;
#5847 = ORIENTED_EDGE ( 'NONE', *, *, #5625, .F. ) ;
#5848 = CARTESIAN_POINT ( 'NONE',  ( 25.52717868510590193, 0.9999999999999995559, 1.458660507624061964 ) ) ;
#5849 = LINE ( 'NONE', #7457, #2086 ) ;
#5850 = ORIENTED_EDGE ( 'NONE', *, *, #2689, .T. ) ;
#5851 = LINE ( 'NONE', #5959, #343 ) ;
#5852 = EDGE_CURVE ( 'NONE', #9101, #6128, #2851, .T. ) ;
#5853 = ORIENTED_EDGE ( 'NONE', *, *, #7154, .T. ) ;
#5854 = ORIENTED_EDGE ( 'NONE', *, *, #202, .T. ) ;
#5855 = VECTOR ( 'NONE', #2673, 1000.000000000000000 ) ;
#5856 = CARTESIAN_POINT ( 'NONE',  ( 8.875357086489897185, 1.000000000000000000, 1.817504691815648776 ) ) ;
#5857 = CARTESIAN_POINT ( 'NONE',  ( 8.422836836480922074, 2.999999999999999112, 2.331977531104653778 ) ) ;
#5858 = CARTESIAN_POINT ( 'NONE',  ( -8.923570190545854430, 1.000000000000000000, 1.705590496967267944 ) ) ;
#5859 = CARTESIAN_POINT ( 'NONE',  ( 22.55338825283027049, 2.999999999999999556, 2.817223111918441436 ) ) ;
#5860 = CARTESIAN_POINT ( 'NONE',  ( 19.20745571296107812, 1.000000000000000000, 0.8567078280890980668 ) ) ;
#5861 = LINE ( 'NONE', #9117, #8508 ) ;
#5862 = VECTOR ( 'NONE', #8067, 1000.000000000000000 ) ;
#5863 = VECTOR ( 'NONE', #9750, 1000.000000000000000 ) ;
#5864 = DIRECTION ( 'NONE',  ( -2.102695122396129669E-16, 0.000000000000000000, -1.000000000000000000 ) ) ;
#5865 = DIRECTION ( 'NONE',  ( 0.000000000000000000, 1.000000000000000000, 0.000000000000000000 ) ) ;
#5866 = EDGE_CURVE ( 'NONE', #7690, #3608, #4451, .T. ) ;
#5867 = EDGE_LOOP ( 'NONE', ( #5493, #2443, #8757, #7788 ) ) ;
#5868 = ORIENTED_EDGE ( 'NONE', *, *, #8942, .F. ) ;
#5869 = CARTESIAN_POINT ( 'NONE',  ( 25.15920374137640891, 0.9999999999999995559, 4.454390306850833703 ) ) ;
#5870 = VECTOR ( 'NONE', #1278, 1000.000000000000000 ) ;
#5871 = DIRECTION ( 'NONE',  ( -0.000000000000000000, 1.000000000000000000, -0.000000000000000000 ) ) ;
#5872 = CARTESIAN_POINT ( 'NONE',  ( 23.39637421977929677, 1.000000000000000444, 3.426278208015506976 ) ) ;
#5873 = VECTOR ( 'NONE', #4986, 1000.000000000000000 ) ;
#5874 = CARTESIAN_POINT ( 'NONE',  ( -9.053924829172020239, 3.000000000000000000, 3.882158246404506130 ) ) ;
#5875 = EDGE_LOOP ( 'NONE', ( #6260, #9123, #9869, #6569 ) ) ;
#5876 = EDGE_CURVE ( 'NONE', #1098, #7139, #9301, .T. ) ;
#5877 = CARTESIAN_POINT ( 'NONE',  ( 22.58440081841251867, 3.000000000000000000, 2.227887622177754157 ) ) ;
#5878 = AXIS2_PLACEMENT_3D ( 'NONE', #7748, #6939, #10185 ) ;
#5879 = EDGE_CURVE ( 'NONE', #921, #7479, #2004, .T. ) ;
#5880 = ORIENTED_EDGE ( 'NONE', *, *, #3161, .T. ) ;
#5881 = EDGE_CURVE ( 'NONE', #9679, #3699, #5307, .T. ) ;
#5882 = ORIENTED_EDGE ( 'NONE', *, *, #8428, .F. ) ;
#5883 = CARTESIAN_POINT ( 'NONE',  ( -11.20632168742515056, 1.000000000000000000, 1.945083330585618331 ) ) ;
#5884 = DIRECTION ( 'NONE',  ( 0.000000000000000000, 0.000000000000000000, -1.000000000000000000 ) ) ;
#5885 = CARTESIAN_POINT ( 'NONE',  ( -19.58935809111608961, 2.999999999999999556, 2.808880362128499009 ) ) ;
#5886 = AXIS2_PLACEMENT_3D ( 'NONE', #7005, #7763, #1952 ) ;
#5887 = DIRECTION ( 'NONE',  ( -0.000000000000000000, 1.000000000000000000, -0.000000000000000000 ) ) ;
#5888 = VERTEX_POINT ( 'NONE', #7222 ) ;
#5889 = EDGE_LOOP ( 'NONE', ( #4853, #6610, #5629, #2658 ) ) ;
#5890 = ADVANCED_BREP_SHAPE_REPRESENTATION ( 'Tapa jig', ( #130, #1764 ), #8560 ) ;
#5891 = DIRECTION ( 'NONE',  ( 0.000000000000000000, 0.000000000000000000, -1.000000000000000000 ) ) ;
#5892 = CARTESIAN_POINT ( 'NONE',  ( -29.50000000000000355, 0.000000000000000000, -10.24999999999999645 ) ) ;
#5893 = CARTESIAN_POINT ( 'NONE',  ( 23.81748925403557848, 2.999999999999999112, 0.9716792390685065062 ) ) ;
#5894 = CARTESIAN_POINT ( 'NONE',  ( 12.16573311061225660, 1.000000000000000000, 0.8567078280890980668 ) ) ;
#5895 = DIRECTION ( 'NONE',  ( 0.000000000000000000, 1.000000000000000000, 0.000000000000000000 ) ) ;
#5896 = CARTESIAN_POINT ( 'NONE',  ( 13.20208448480908636, 1.000000000000000000, 3.568333582816928473 ) ) ;
#5897 = CARTESIAN_POINT ( 'NONE',  ( 8.875357086489897185, 3.000000000000000000, 3.682580956696600794 ) ) ;
#5898 = CARTESIAN_POINT ( 'NONE',  ( -19.97150904447657638, 1.000000000000000000, 2.778301555542199708 ) ) ;
#5899 = CARTESIAN_POINT ( 'NONE',  ( -19.27468237950923324, 1.000000000000000000, 4.521118292101938607 ) ) ;
#5900 = CARTESIAN_POINT ( 'NONE',  ( 25.83757187864366145, 3.000000000000000000, 4.452777858189640448 ) ) ;
#5901 = ORIENTED_EDGE ( 'NONE', *, *, #4302, .T. ) ;
#5902 = ORIENTED_EDGE ( 'NONE', *, *, #6826, .F. ) ;
#5903 = CARTESIAN_POINT ( 'NONE',  ( -9.127788376423110250, 3.000000000000000888, 4.260157537709805986 ) ) ;
#5904 = DIRECTION ( 'NONE',  ( -0.000000000000000000, 0.000000000000000000, 1.000000000000000000 ) ) ;
#5905 = ORIENTED_EDGE ( 'NONE', *, *, #6502, .T. ) ;
#5906 = DIRECTION ( 'NONE',  ( -0.000000000000000000, 1.000000000000000000, -0.000000000000000000 ) ) ;
#5907 = ORIENTED_EDGE ( 'NONE', *, *, #6317, .T. ) ;
#5908 = ORIENTED_EDGE ( 'NONE', *, *, #5876, .T. ) ;
#5909 = CARTESIAN_POINT ( 'NONE',  ( 19.20745571296107812, 1.000000000000000000, 0.8567078280890980668 ) ) ;
#5910 = CARTESIAN_POINT ( 'NONE',  ( 8.338205175041009554, 1.000000000000000444, 2.468495474901855502 ) ) ;
#5911 = DIRECTION ( 'NONE',  ( -1.000000000000000000, 0.000000000000000000, 0.000000000000000000 ) ) ;
#5912 = DIRECTION ( 'NONE',  ( 0.000000000000000000, 0.000000000000000000, 1.000000000000000000 ) ) ;
#5913 = CARTESIAN_POINT ( 'NONE',  ( -29.50000000000000355, 0.000000000000000000, -11.99999999999999645 ) ) ;
#5914 = EDGE_CURVE ( 'NONE', #5464, #774, #4829, .T. ) ;
#5915 = CARTESIAN_POINT ( 'NONE',  ( -44.50000000000000000, 0.000000000000000000, 9.356993294662777756E-15 ) ) ;
#5916 = CARTESIAN_POINT ( 'NONE',  ( 25.09400102493821905, 3.000000000000000888, 4.498291186207088899 ) ) ;
#5917 = ORIENTED_EDGE ( 'NONE', *, *, #2870, .T. ) ;
#5918 = VERTEX_POINT ( 'NONE', #5409 ) ;
#5919 = CARTESIAN_POINT ( 'NONE',  ( -18.11349746241714698, 3.000000000000000000, 0.5176030526561972156 ) ) ;
#5920 = CARTESIAN_POINT ( 'NONE',  ( -18.69385450515244429, 0.9999999999999991118, 1.022267291283002422 ) ) ;
#5921 = DIRECTION ( 'NONE',  ( -0.000000000000000000, 0.000000000000000000, 1.000000000000000000 ) ) ;
#5922 = CARTESIAN_POINT ( 'NONE',  ( -19.64974726298327923, 1.000000000000000000, 2.797668087054104635 ) ) ;
#5923 = ADVANCED_FACE ( 'NONE', ( #1533 ), #7862, .T. ) ;
#5924 = ORIENTED_EDGE ( 'NONE', *, *, #10292, .T. ) ;
#5925 = CARTESIAN_POINT ( 'NONE',  ( 24.11251116858458943, 3.000000000000000888, 0.4413603842508688757 ) ) ;
#5926 = ORIENTED_EDGE ( 'NONE', *, *, #484, .F. ) ;
#5927 = VERTEX_POINT ( 'NONE', #1424 ) ;
#5928 = DIRECTION ( 'NONE',  ( -1.000000000000000000, 0.000000000000000000, 0.000000000000000000 ) ) ;
#5929 = PLANE ( 'NONE',  #10122 ) ;
#5930 = CARTESIAN_POINT ( 'NONE',  ( 7.835082541021258784, 1.000000000000000000, 2.891336480686500288 ) ) ;
#5931 = EDGE_CURVE ( 'NONE', #6977, #2791, #783, .T. ) ;
#5932 = CARTESIAN_POINT ( 'NONE',  ( 19.84239408154507700, 3.000000000000000000, 2.428599755877021593 ) ) ;
#5933 = EDGE_CURVE ( 'NONE', #630, #6560, #10468, .T. ) ;
#5934 = DIRECTION ( 'NONE',  ( -0.000000000000000000, 1.000000000000000000, -0.000000000000000000 ) ) ;
#5935 = ADVANCED_FACE ( 'NONE', ( #9618 ), #1585, .T. ) ;
#5936 = VERTEX_POINT ( 'NONE', #3179 ) ;
#5937 = ORIENTED_EDGE ( 'NONE', *, *, #823, .F. ) ;
#5938 = VERTEX_POINT ( 'NONE', #6430 ) ;
#5939 = CARTESIAN_POINT ( 'NONE',  ( -29.50000000000000000, 1.500000000000000000, 10.25000000000000355 ) ) ;
#5940 = CARTESIAN_POINT ( 'NONE',  ( -5.186010984390501122, 1.000000000000000000, 4.530342895278852922 ) ) ;
#5941 = CARTESIAN_POINT ( 'NONE',  ( 23.87556672305764494, 3.000000000000000444, 0.9213897645903448286 ) ) ;
#5942 = CARTESIAN_POINT ( 'NONE',  ( -10.84367253380018425, 3.000000000000001332, 3.846893358847731648 ) ) ;
#5943 = CARTESIAN_POINT ( 'NONE',  ( 25.59373560121935753, 3.000000000000000888, 1.696203216913106493 ) ) ;
#5944 = EDGE_CURVE ( 'NONE', #3956, #5574, #9530, .T. ) ;
#5945 = CARTESIAN_POINT ( 'NONE',  ( -18.48713763025973122, 2.999999999999999112, 3.970848827893332711 ) ) ;
#5946 = VECTOR ( 'NONE', #5386, 1000.000000000000000 ) ;
#5947 = FACE_OUTER_BOUND ( 'NONE', #8454, .T. ) ;
#5948 = CARTESIAN_POINT ( 'NONE',  ( -19.16355575728237781, 0.9999999999999995559, 4.512537353597652512 ) ) ;
#5949 = EDGE_CURVE ( 'NONE', #7071, #5141, #2159, .T. ) ;
#5950 = CARTESIAN_POINT ( 'NONE',  ( -8.547916922080741386, 1.000000000000000000, 1.760987229243498708 ) ) ;
#5951 = VERTEX_POINT ( 'NONE', #6375 ) ;
#5952 = ORIENTED_EDGE ( 'NONE', *, *, #4582, .F. ) ;
#5953 = CARTESIAN_POINT ( 'NONE',  ( -8.535340745937313400, 3.000000000000000444, 3.093224662254209001 ) ) ;
#5954 = CARTESIAN_POINT ( 'NONE',  ( -9.203057008896232460, 1.000000000000000000, 4.381226624863280961 ) ) ;
#5955 = AXIS2_PLACEMENT_3D ( 'NONE', #745, #265, #112 ) ;
#5956 = AXIS2_PLACEMENT_3D ( 'NONE', #5330, #1293, #6072 ) ;
#5957 = CARTESIAN_POINT ( 'NONE',  ( 20.85970840784377600, 1.000000000000000000, 4.530342895278852922 ) ) ;
#5958 = VERTEX_POINT ( 'NONE', #566 ) ;
#5959 = CARTESIAN_POINT ( 'NONE',  ( 15.42078572062702868, 1.000000000000000000, 0.8567078280890980668 ) ) ;
#5960 = ORIENTED_EDGE ( 'NONE', *, *, #4580, .F. ) ;
#5961 = ORIENTED_EDGE ( 'NONE', *, *, #483, .F. ) ;
#5962 = DIRECTION ( 'NONE',  ( -0.000000000000000000, 1.000000000000000000, -0.000000000000000000 ) ) ;
#5963 = CARTESIAN_POINT ( 'NONE',  ( 12.16573311061225660, 1.000000000000000000, 0.8567078280890980668 ) ) ;
#5964 = FACE_OUTER_BOUND ( 'NONE', #8831, .T. ) ;
#5965 = CARTESIAN_POINT ( 'NONE',  ( 23.67792844477752823, 3.000000000000000000, 4.828926583211377022 ) ) ;
#5966 = CARTESIAN_POINT ( 'NONE',  ( 25.68488677494109851, 1.000000000000000000, 2.674097483924798624 ) ) ;
#5967 = VECTOR ( 'NONE', #4225, 1000.000000000000000 ) ;
#5968 = VECTOR ( 'NONE', #7391, 1000.000000000000000 ) ;
#5969 = LINE ( 'NONE', #6926, #1212 ) ;
#5970 = LINE ( 'NONE', #1876, #2716 ) ;
#5971 = ORIENTED_EDGE ( 'NONE', *, *, #1470, .F. ) ;
#5972 = ORIENTED_EDGE ( 'NONE', *, *, #2954, .F. ) ;
#5973 = ADVANCED_FACE ( 'NONE', ( #3811 ), #3013, .T. ) ;
#5974 = CARTESIAN_POINT ( 'NONE',  ( 25.38668979599460584, 3.000000000000000888, 4.199590450984603152 ) ) ;
#5975 = CARTESIAN_POINT ( 'NONE',  ( -25.15610315011866049, 1.000000000000000000, 4.530342895278852922 ) ) ;
#5976 = LINE ( 'NONE', #9230, #1274 ) ;
#5977 = CARTESIAN_POINT ( 'NONE',  ( -10.07904037288433230, 2.999999999999999112, 0.7676487947151456881 ) ) ;
#5978 = VERTEX_POINT ( 'NONE', #6262 ) ;
#5979 = CARTESIAN_POINT ( 'NONE',  ( 22.77307220198634496, 0.9999999999999995559, 1.564450556194383779 ) ) ;
#5980 = VERTEX_POINT ( 'NONE', #9503 ) ;
#5981 = VERTEX_POINT ( 'NONE', #2209 ) ;
#5982 = CARTESIAN_POINT ( 'NONE',  ( -11.17716467745503550, 2.999999999999999556, 1.270471429786190543 ) ) ;
#5983 = ADVANCED_FACE ( 'NONE', ( #4666 ), #8775, .T. ) ;
#5984 = CARTESIAN_POINT ( 'NONE',  ( 8.452565127751960006, 1.000000000000000000, 3.219789064248261834 ) ) ;
#5985 = LINE ( 'NONE', #2895, #2638 ) ;
#5986 = CARTESIAN_POINT ( 'NONE',  ( 12.14000590144394565, 2.999999999999999556, 2.885098251483007914 ) ) ;
#5987 = VERTEX_POINT ( 'NONE', #622 ) ;
#5988 = VERTEX_POINT ( 'NONE', #1484 ) ;
#5989 = ORIENTED_EDGE ( 'NONE', *, *, #10310, .T. ) ;
#5990 = FACE_OUTER_BOUND ( 'NONE', #5889, .T. ) ;
#5991 = DIRECTION ( 'NONE',  ( 1.000000000000000000, 0.000000000000000000, 0.000000000000000000 ) ) ;
#5992 = CARTESIAN_POINT ( 'NONE',  ( 8.875357086489897185, 1.000000000000000000, 1.817504691815648776 ) ) ;
#5993 = EDGE_CURVE ( 'NONE', #9918, #5464, #3864, .T. ) ;
#5994 = CARTESIAN_POINT ( 'NONE',  ( 26.45985560061975761, 0.9999999999999995559, 3.124590240838202249 ) ) ;
#5995 = CARTESIAN_POINT ( 'NONE',  ( 6.824832897544077959, 1.000000000000000000, 0.8567078280890980668 ) ) ;
#5996 = CARTESIAN_POINT ( 'NONE',  ( -12.94921431988692717, 1.000000000000000000, 0.5176030526561972156 ) ) ;
#5997 = CARTESIAN_POINT ( 'NONE',  ( -18.54713291574519829, 3.000000000000000000, 4.117283965022305203 ) ) ;
#5998 = DIRECTION ( 'NONE',  ( -1.000000000000000000, 0.000000000000000000, 0.000000000000000000 ) ) ;
#5999 = VERTEX_POINT ( 'NONE', #9721 ) ;
#6000 = VECTOR ( 'NONE', #4207, 1000.000000000000000 ) ;
#6001 = ORIENTED_EDGE ( 'NONE', *, *, #739, .F. ) ;
#6002 = EDGE_CURVE ( 'NONE', #2636, #8308, #7279, .T. ) ;
#6003 = CARTESIAN_POINT ( 'NONE',  ( -9.372951631001180672, 2.999999999999999556, 2.479653556785645474 ) ) ;
#6004 = CARTESIAN_POINT ( 'NONE',  ( -9.441682137259251206, 1.000000000000000000, 4.558783434972932369 ) ) ;
#6005 = DIRECTION ( 'NONE',  ( -0.7489004580373350706, 0.000000000000000000, 0.6626825061456427246 ) ) ;
#6006 = ORIENTED_EDGE ( 'NONE', *, *, #2442, .F. ) ;
#6007 = CARTESIAN_POINT ( 'NONE',  ( -25.15610315011866049, 1.000000000000000000, 1.196315107176024961 ) ) ;
#6008 = EDGE_CURVE ( 'NONE', #2329, #10102, #6481, .T. ) ;
#6009 = EDGE_LOOP ( 'NONE', ( #5952, #5784, #7385, #9297 ) ) ;
#6010 = ADVANCED_FACE ( 'NONE', ( #3225 ), #5035, .T. ) ;
#6011 = LINE ( 'NONE', #7019, #284 ) ;
#6012 = CC_DESIGN_APPROVAL ( #832, ( #10395 ) ) ;
#6013 = DIRECTION ( 'NONE',  ( -0.000000000000000000, 0.000000000000000000, 1.000000000000000000 ) ) ;
#6014 = CARTESIAN_POINT ( 'NONE',  ( -5.706148257124818990, 1.000000000000000000, 3.060888868402950713 ) ) ;
#6015 = DIRECTION ( 'NONE',  ( 0.000000000000000000, 0.000000000000000000, 1.000000000000000000 ) ) ;
#6016 = CARTESIAN_POINT ( 'NONE',  ( 25.38668979599460584, 1.000000000000000000, 4.199590450984603152 ) ) ;
#6017 = EDGE_CURVE ( 'NONE', #4411, #6958, #4232, .T. ) ;
#6018 = DIRECTION ( 'NONE',  ( -2.102695122396129669E-16, 0.000000000000000000, -1.000000000000000000 ) ) ;
#6019 = AXIS2_PLACEMENT_3D ( 'NONE', #7853, #556, #5455 ) ;
#6020 = CARTESIAN_POINT ( 'NONE',  ( -7.736361482958772129, 3.000000000000000000, 4.530342895278852922 ) ) ;
#6021 = ORIENTED_EDGE ( 'NONE', *, *, #859, .T. ) ;
#6022 = ORIENTED_EDGE ( 'NONE', *, *, #8265, .T. ) ;
#6023 = CARTESIAN_POINT ( 'NONE',  ( 8.801153012462970437, 2.999999999999998668, 0.8916996752467322152 ) ) ;
#6024 = CARTESIAN_POINT ( 'NONE',  ( 25.61929933295277451, 3.000000000000000888, 3.535656431951958556 ) ) ;
#6025 = CARTESIAN_POINT ( 'NONE',  ( -17.16859613503900661, 1.000000000000000000, 0.8567078280890980668 ) ) ;
#6026 = CARTESIAN_POINT ( 'NONE',  ( 17.23552612040466059, 3.000000000000000000, 3.286958718691550541 ) ) ;
#6027 = CARTESIAN_POINT ( 'NONE',  ( -19.79424307590062071, 2.999999999999999556, 2.783228766418658573 ) ) ;
#6028 = VECTOR ( 'NONE', #5526, 1000.000000000000114 ) ;
#6029 = VECTOR ( 'NONE', #8078, 1000.000000000000000 ) ;
#6030 = ORIENTED_EDGE ( 'NONE', *, *, #5093, .T. ) ;
#6031 = CARTESIAN_POINT ( 'NONE',  ( 8.255269012416466268, 3.000000000000000000, 2.515981768257304907 ) ) ;
#6032 = ORIENTED_EDGE ( 'NONE', *, *, #2237, .T. ) ;
#6033 = ORIENTED_EDGE ( 'NONE', *, *, #3575, .F. ) ;
#6034 = AXIS2_PLACEMENT_3D ( 'NONE', #2959, #3063, #8876 ) ;
#6035 = VECTOR ( 'NONE', #8156, 1000.000000000000000 ) ;
#6036 = CARTESIAN_POINT ( 'NONE',  ( -11.22587556575787460, 3.000000000000000000, 1.618178573387692332 ) ) ;
#6037 = CARTESIAN_POINT ( 'NONE',  ( 8.089023696816937559, 0.9999999999999991118, 2.900973612247540245 ) ) ;
#6038 = CARTESIAN_POINT ( 'NONE',  ( -9.839178555403929494, 2.999999999999999112, 3.030511211401000882 ) ) ;
#6039 = CARTESIAN_POINT ( 'NONE',  ( 12.19902505168664852, 2.999999999999999556, 2.975708101488673929 ) ) ;
#6040 = ORIENTED_EDGE ( 'NONE', *, *, #1062, .T. ) ;
#6041 = VECTOR ( 'NONE', #2434, 1000.000000000000000 ) ;
#6042 = EDGE_CURVE ( 'NONE', #5795, #2502, #5680, .T. ) ;
#6043 = DIRECTION ( 'NONE',  ( 0.000000000000000000, 0.000000000000000000, -1.000000000000000000 ) ) ;
#6044 = ORIENTED_EDGE ( 'NONE', *, *, #4166, .T. ) ;
#6045 = CARTESIAN_POINT ( 'NONE',  ( 21.40722132651148257, 1.000000000000000000, 0.8567078280890980668 ) ) ;
#6046 = CARTESIAN_POINT ( 'NONE',  ( 22.20553048534310037, 3.000000000000000000, 4.530342895278852922 ) ) ;
#6047 = CARTESIAN_POINT ( 'NONE',  ( -10.47542966877849580, 3.000000000000000888, 4.491290303619043911 ) ) ;
#6048 = CIRCLE ( 'NONE', #9966, 3.000000000000000888 ) ;
#6049 = PLANE ( 'NONE',  #947 ) ;
#6050 = DIRECTION ( 'NONE',  ( -1.000000000000000000, 2.312964634635742267E-15, -0.000000000000000000 ) ) ;
#6051 = CARTESIAN_POINT ( 'NONE',  ( 9.663069221089239491, 3.000000000000000000, 0.5176030526561972156 ) ) ;
#6052 = DIRECTION ( 'NONE',  ( -1.000000000000000000, 0.000000000000000000, 0.000000000000000000 ) ) ;
#6053 = CARTESIAN_POINT ( 'NONE',  ( 17.12050305079266010, 1.000000000000000444, 3.887473214563547330 ) ) ;
#6054 = CARTESIAN_POINT ( 'NONE',  ( -10.57869005695888021, 0.9999999999999995559, 1.377482107790330090 ) ) ;
#6055 = ORIENTED_EDGE ( 'NONE', *, *, #4318, .T. ) ;
#6056 = ADVANCED_FACE ( 'NONE', ( #5776 ), #5730, .F. ) ;
#6057 = ORIENTED_EDGE ( 'NONE', *, *, #2572, .F. ) ;
#6058 = CARTESIAN_POINT ( 'NONE',  ( 14.09527460623957040, 1.000000000000000000, 0.8567078280890980668 ) ) ;
#6059 = CARTESIAN_POINT ( 'NONE',  ( 13.55306019968800513, 1.000000000000000000, 4.869447670711752885 ) ) ;
#6060 = CARTESIAN_POINT ( 'NONE',  ( 17.53400896961382571, 1.000000000000000000, 4.869447670711752885 ) ) ;
#6061 = ORIENTED_EDGE ( 'NONE', *, *, #4447, .F. ) ;
#6062 = ORIENTED_EDGE ( 'NONE', *, *, #8958, .T. ) ;
#6063 = CARTESIAN_POINT ( 'NONE',  ( 11.62175253335531444, 1.000000000000000000, 2.439196780109299301 ) ) ;
#6064 = LINE ( 'NONE', #2018, #9263 ) ;
#6065 = CARTESIAN_POINT ( 'NONE',  ( -10.51228183656380466, 3.000000000000000000, 1.823436985156899892 ) ) ;
#6066 = DIRECTION ( 'NONE',  ( 0.000000000000000000, 0.000000000000000000, 1.000000000000000000 ) ) ;
#6067 = CARTESIAN_POINT ( 'NONE',  ( 23.87556672305764494, 1.000000000000000444, 0.9213897645903448286 ) ) ;
#6068 = EDGE_CURVE ( 'NONE', #9027, #3439, #4031, .T. ) ;
#6069 = ADVANCED_FACE ( 'NONE', ( #4182 ), #4870, .T. ) ;
#6070 = EDGE_CURVE ( 'NONE', #8490, #7053, #4131, .T. ) ;
#6071 = CARTESIAN_POINT ( 'NONE',  ( -8.309483876854480755, 3.000000000000000000, 4.869447670711752885 ) ) ;
#6072 = DIRECTION ( 'NONE',  ( -0.3560965189493199290, 0.000000000000000000, 0.9344491795663243394 ) ) ;
#6073 = VERTEX_POINT ( 'NONE', #2735 ) ;
#6074 = EDGE_LOOP ( 'NONE', ( #4208, #4098, #3097, #5319 ) ) ;
#6075 = CARTESIAN_POINT ( 'NONE',  ( 26.48937753124154781, 3.000000000000000444, 2.651137264754862777 ) ) ;
#6076 = CARTESIAN_POINT ( 'NONE',  ( 19.76291639980298953, 3.000000000000000000, 0.5176030526561972156 ) ) ;
#6077 = DIRECTION ( 'NONE',  ( -0.000000000000000000, 0.000000000000000000, 1.000000000000000000 ) ) ;
#6078 = B_SPLINE_CURVE_WITH_KNOTS ( 'NONE', 3,
 ( #10077, #2792, #1204, #7702, #3640, #6898, #10139, #2847, #6094, #9345, #2050, #5301, #8544, #1580, #9557, #10460, #4768, #8020, #8126 ),
 .UNSPECIFIED., .F., .F.,
 ( 4, 1, 1, 1, 1, 1, 1, 1, 1, 1, 1, 1, 1, 1, 1, 1, 4 ),
 ( 0.000000000000000000, 0.1188560317108969672, 0.2209283741663674028, 0.3063034166759449617, 0.3752570544179836265, 0.4329650820677174994, 0.4834501979423389550, 0.5286374547714883798, 0.5683287474589131527, 0.6069250723128010172, 0.6473812240742733426, 0.6918345839470035896, 0.7401557930960326326, 0.7942715689297643600, 0.8558889846477841790, 0.9244584765722029251, 1.000000000000000000 ),
 .UNSPECIFIED. ) ;
#6079 = FACE_OUTER_BOUND ( 'NONE', #5783, .T. ) ;
#6080 = EDGE_CURVE ( 'NONE', #3007, #5002, #6832, .T. ) ;
#6081 = LINE ( 'NONE', #9529, #10092 ) ;
#6082 = EDGE_CURVE ( 'NONE', #2809, #2538, #451, .T. ) ;
#6083 = ORIENTED_EDGE ( 'NONE', *, *, #8169, .F. ) ;
#6084 = CARTESIAN_POINT ( 'NONE',  ( -11.38438707492051982, 1.000000000000000000, 0.5176030526561972156 ) ) ;
#6085 = ORIENTED_EDGE ( 'NONE', *, *, #1603, .F. ) ;
#6086 = EDGE_LOOP ( 'NONE', ( #9911, #10052, #6561, #4204 ) ) ;
#6087 = DIRECTION ( 'NONE',  ( -1.000000000000000000, 0.000000000000000000, 0.000000000000000000 ) ) ;
#6088 = DIRECTION ( 'NONE',  ( -0.000000000000000000, 0.000000000000000000, 1.000000000000000000 ) ) ;
#6089 = DIRECTION ( 'NONE',  ( 0.000000000000000000, 0.000000000000000000, 1.000000000000000000 ) ) ;
#6090 = B_SPLINE_CURVE_WITH_KNOTS ( 'NONE', 3,
 ( #2692, #1155, #1262, #5942, #7706, #5147, #308, #9199, #4558, #1104, #6047, #1319, #359, #5251, #4348, #7605, #4504, #6950, #3544 ),
 .UNSPECIFIED., .F., .F.,
 ( 4, 1, 1, 1, 1, 1, 1, 1, 1, 1, 1, 1, 1, 1, 1, 1, 4 ),
 ( 0.000000000000000000, 0.1079657124785852462, 0.2046148752044482100, 0.2893468577429464950, 0.3638044053655206111, 0.4300543616883470976, 0.4913159445418491256, 0.5479451554639145350, 0.6010746089854676066, 0.6514527169508897986, 0.7004084627384102868, 0.7478643883405347026, 0.7958867993750071701, 0.8445570535209837582, 0.8946467584222832503, 0.9463948280105926036, 0.9999999999999998890 ),
 .UNSPECIFIED. ) ;
#6091 = CARTESIAN_POINT ( 'NONE',  ( -10.89162544811958888, 3.000000000000000000, 3.513028568980150812 ) ) ;
#6092 = CARTESIAN_POINT ( 'NONE',  ( 11.62175253335531444, 1.000000000000000000, 2.778301555542199708 ) ) ;
#6093 = VERTEX_POINT ( 'NONE', #5344 ) ;
#6094 = CARTESIAN_POINT ( 'NONE',  ( 12.17169054821956564, 1.000000000000000000, 2.926070042300680019 ) ) ;
#6095 = EDGE_LOOP ( 'NONE', ( #9235, #5058, #6634, #7946 ) ) ;
#6096 = CARTESIAN_POINT ( 'NONE',  ( 25.66252451438749205, 0.9999999999999995559, 2.134509733047086577 ) ) ;
#6097 = FACE_OUTER_BOUND ( 'NONE', #9232, .T. ) ;
#6098 = ORIENTED_EDGE ( 'NONE', *, *, #1394, .F. ) ;
#6099 = CARTESIAN_POINT ( 'NONE',  ( 26.19426823496575096, 1.000000000000000000, 1.358953396199938490 ) ) ;
#6100 = CARTESIAN_POINT ( 'NONE',  ( -26.17430056177004971, 1.000000000000000000, 0.8567078280890980668 ) ) ;
#6101 = CARTESIAN_POINT ( 'NONE',  ( -17.76379566275195998, 1.000000000000000000, 0.8567078280890980668 ) ) ;
#6102 = LINE ( 'NONE', #6846, #2796 ) ;
#6103 = EDGE_CURVE ( 'NONE', #1638, #2913, #4018, .T. ) ;
#6104 = LINE ( 'NONE', #4508, #6964 ) ;
#6105 = CARTESIAN_POINT ( 'NONE',  ( -15.38242673971846131, 3.000000000000000000, 3.788462421217655862 ) ) ;
#6106 = DIRECTION ( 'NONE',  ( 1.000000000000000000, 0.000000000000000000, 0.000000000000000000 ) ) ;
#6107 = PLANE ( 'NONE',  #6373 ) ;
#6108 = ORIENTED_EDGE ( 'NONE', *, *, #5752, .F. ) ;
#6109 = ORIENTED_EDGE ( 'NONE', *, *, #8396, .T. ) ;
#6110 = FACE_OUTER_BOUND ( 'NONE', #2185, .T. ) ;
#6111 = CARTESIAN_POINT ( 'NONE',  ( 44.50000000000000000, 0.000000000000000000, 13.50000000000000178 ) ) ;
#6112 = CARTESIAN_POINT ( 'NONE',  ( 8.349921301639438909, 1.000000000000000000, 0.8567078280890980668 ) ) ;
#6113 = ORIENTED_EDGE ( 'NONE', *, *, #10365, .F. ) ;
#6114 = VECTOR ( 'NONE', #2007, 1000.000000000000227 ) ;
#6115 = ORIENTED_EDGE ( 'NONE', *, *, #8486, .T. ) ;
#6116 = DIRECTION ( 'NONE',  ( -0.000000000000000000, 1.000000000000000000, -0.000000000000000000 ) ) ;
#6117 = CARTESIAN_POINT ( 'NONE',  ( -14.79221345095063356, 1.000000000000000000, 2.259047368160571168 ) ) ;
#6118 = CARTESIAN_POINT ( 'NONE',  ( -9.711385314782553735, 3.000000000000000888, 2.347454290392338105 ) ) ;
#6119 = EDGE_CURVE ( 'NONE', #4136, #530, #1037, .T. ) ;
#6120 = DIRECTION ( 'NONE',  ( 1.000000000000000000, 0.000000000000000000, 0.000000000000000000 ) ) ;
#6121 = LINE ( 'NONE', #7881, #7830 ) ;
#6122 = AXIS2_PLACEMENT_3D ( 'NONE', #3688, #6936, #10180 ) ;
#6123 = VECTOR ( 'NONE', #10000, 1000.000000000000000 ) ;
#6124 = LINE ( 'NONE', #1290, #1707 ) ;
#6125 = CARTESIAN_POINT ( 'NONE',  ( 19.84239408154507700, 1.000000000000000000, 2.428599755877021593 ) ) ;
#6126 = FACE_OUTER_BOUND ( 'NONE', #9314, .T. ) ;
#6127 = ORIENTED_EDGE ( 'NONE', *, *, #6145, .F. ) ;
#6128 = VERTEX_POINT ( 'NONE', #9290 ) ;
#6129 = CARTESIAN_POINT ( 'NONE',  ( -11.93366616429360505, 1.000000000000000000, 0.8567078280890980668 ) ) ;
#6130 = VECTOR ( 'NONE', #7264, 1000.000000000000000 ) ;
#6131 = EDGE_CURVE ( 'NONE', #4065, #9022, #9338, .T. ) ;
#6132 = CARTESIAN_POINT ( 'NONE',  ( 7.835082541021258784, 1.000000000000000000, 2.552231705253599880 ) ) ;
#6133 = CARTESIAN_POINT ( 'NONE',  ( -10.54106040243585518, 3.000000000000000444, 0.5421522088346251156 ) ) ;
#6134 = CARTESIAN_POINT ( 'NONE',  ( -19.40669528068387351, 1.000000000000000888, 2.273266220684171390 ) ) ;
#6135 = ORIENTED_EDGE ( 'NONE', *, *, #2981, .T. ) ;
#6136 = DATE_AND_TIME ( #8699, #1432 ) ;
#6137 = VECTOR ( 'NONE', #6613, 1000.000000000000000 ) ;
#6138 = PLANE ( 'NONE',  #10200 ) ;
#6139 = ADVANCED_FACE ( 'NONE', ( #2042 ), #6780, .T. ) ;
#6140 = DIRECTION ( 'NONE',  ( -1.000000000000000000, 0.000000000000000000, 0.000000000000000000 ) ) ;
#6141 = CARTESIAN_POINT ( 'NONE',  ( -18.04020137814388747, 1.000000000000000000, 4.869447670711752885 ) ) ;
#6142 = ORIENTED_EDGE ( 'NONE', *, *, #2995, .F. ) ;
#6143 = ORIENTED_EDGE ( 'NONE', *, *, #1746, .T. ) ;
#6144 = CARTESIAN_POINT ( 'NONE',  ( 44.50000000000000000, 0.000000000000000000, -13.50000000000000178 ) ) ;
#6145 = EDGE_CURVE ( 'NONE', #8150, #8353, #345, .T. ) ;
#6146 = B_SPLINE_CURVE_WITH_KNOTS ( 'NONE', 3,
 ( #3951, #3259, #27, #7362, #8056, #4865, #5761, #3206, #9801, #706, #8112, #5609, #2405, #7308, #7141, #860, #1671, #8852, #9006 ),
 .UNSPECIFIED., .F., .F.,
 ( 4, 1, 1, 1, 1, 1, 1, 1, 1, 1, 1, 1, 1, 1, 1, 1, 4 ),
 ( 0.000000000000000000, 0.1043821991303039293, 0.1948869928041735422, 0.2727773118942711794, 0.3371414730387166103, 0.3931522380494086866, 0.4446051819627394597, 0.4922487988544280157, 0.5372320886340694601, 0.5813700958880529956, 0.6275012034413889328, 0.6765686082940695067, 0.7286796778658441998, 0.7861950240727001438, 0.8507026474885344136, 0.9217139014023788546, 1.000000000000000000 ),
 .UNSPECIFIED. ) ;
#6147 = ADVANCED_FACE ( 'NONE', ( #3692 ), #5929, .T. ) ;
#6148 = CARTESIAN_POINT ( 'NONE',  ( -0.05263582920443654611, 1.000000000000000000, 4.925965133283901842 ) ) ;
#6149 = CARTESIAN_POINT ( 'NONE',  ( 23.85989806996803608, 3.000000000000000000, 4.898597975036638630 ) ) ;
#6150 = CARTESIAN_POINT ( 'NONE',  ( -15.88900545899141825, 3.000000000000000000, 0.5176030526561972156 ) ) ;
#6151 = CARTESIAN_POINT ( 'NONE',  ( 11.87569657236846332, 1.000000000000000888, 2.788759618130051354 ) ) ;
#6152 = EDGE_LOOP ( 'NONE', ( #7491, #6579, #1752, #2429 ) ) ;
#6153 = DIRECTION ( 'NONE',  ( -0.000000000000000000, 1.000000000000000000, -0.000000000000000000 ) ) ;
#6154 = VERTEX_POINT ( 'NONE', #8537 ) ;
#6155 = DIRECTION ( 'NONE',  ( 0.000000000000000000, 1.000000000000000000, 0.000000000000000000 ) ) ;
#6156 = DIRECTION ( 'NONE',  ( 0.000000000000000000, 0.000000000000000000, -1.000000000000000000 ) ) ;
#6157 = LINE ( 'NONE', #5992, #7581 ) ;
#6158 = FACE_OUTER_BOUND ( 'NONE', #4910, .T. ) ;
#6159 = CARTESIAN_POINT ( 'NONE',  ( 13.55306019968800513, 1.000000000000000000, 4.869447670711752885 ) ) ;
#6160 = CARTESIAN_POINT ( 'NONE',  ( 12.77516974254105442, 1.000000000000000000, 0.9398174165483703657 ) ) ;
#6161 = CARTESIAN_POINT ( 'NONE',  ( 16.94635846997598705, 1.000000000000000000, 4.259462731727389873 ) ) ;
#6162 = CARTESIAN_POINT ( 'NONE',  ( 16.53651859550983971, 1.000000000000001332, 4.494710846717205222 ) ) ;
#6163 = CARTESIAN_POINT ( 'NONE',  ( -10.38549258535672415, 1.000000000000000000, 0.9199379481197612618 ) ) ;
#6164 = ORIENTED_EDGE ( 'NONE', *, *, #3449, .T. ) ;
#6165 = VERTEX_POINT ( 'NONE', #4488 ) ;
#6166 = CARTESIAN_POINT ( 'NONE',  ( -8.433372944419096129, 2.999999999999999556, 3.311334335300748499 ) ) ;
#6167 = CARTESIAN_POINT ( 'NONE',  ( 25.48678290137935676, 1.000000000000000444, 1.355879009314294059 ) ) ;
#6168 = CARTESIAN_POINT ( 'NONE',  ( -10.44986999077516998, 1.000000000000000444, 2.792126334554092537 ) ) ;
#6169 = CARTESIAN_POINT ( 'NONE',  ( 0.5319666742762407807, 1.000000000000000000, 0.5176030526561972156 ) ) ;
#6170 = VERTEX_POINT ( 'NONE', #10025 ) ;
#6171 = CARTESIAN_POINT ( 'NONE',  ( -9.438578756603153153, 3.000000000000001332, 0.8062166138689065287 ) ) ;
#6172 = DIRECTION ( 'NONE',  ( 1.000000000000000000, 0.000000000000000000, 0.000000000000000000 ) ) ;
#6173 = CARTESIAN_POINT ( 'NONE',  ( -9.766453369688756325, 1.000000000000000000, 0.7455016046435782862 ) ) ;
#6174 = CARTESIAN_POINT ( 'NONE',  ( -8.585006506893714473, 1.000000000000000000, 0.6271056363897379304 ) ) ;
#6175 = CARTESIAN_POINT ( 'NONE',  ( 23.81748925403557848, 0.9999999999999991118, 0.9716792390685065062 ) ) ;
#6176 = DIRECTION ( 'NONE',  ( 0.000000000000000000, 0.000000000000000000, -1.000000000000000000 ) ) ;
#6177 = EDGE_CURVE ( 'NONE', #980, #8842, #7539, .T. ) ;
#6178 = CARTESIAN_POINT ( 'NONE',  ( -18.34486582482188410, 1.000000000000000000, 3.286958718691550541 ) ) ;
#6179 = PLANE ( 'NONE',  #4268 ) ;
#6180 = LOCAL_TIME ( 10, 19, 55.00000000000000000, #3226 ) ;
#6181 = PLANE ( 'NONE',  #5624 ) ;
#6182 = ORIENTED_EDGE ( 'NONE', *, *, #9571, .T. ) ;
#6183 = EDGE_LOOP ( 'NONE', ( #2706, #2498, #5285, #5677 ) ) ;
#6184 = CARTESIAN_POINT ( 'NONE',  ( 9.092610664187843028, 2.999999999999999112, 1.029418620841137333 ) ) ;
#6185 = CARTESIAN_POINT ( 'NONE',  ( 19.20745571296107812, 1.000000000000000000, 2.682147234508973188 ) ) ;
#6186 = LINE ( 'NONE', #3155, #5557 ) ;
#6187 = CARTESIAN_POINT ( 'NONE',  ( -19.30477960319574393, 1.000000000000000000, 1.704469766671348863 ) ) ;
#6188 = VECTOR ( 'NONE', #6692, 1000.000000000000000 ) ;
#6189 = DATE_TIME_ROLE ( 'creation_date' ) ;
#6190 = CARTESIAN_POINT ( 'NONE',  ( -3.264417256937402367, 1.000000000000000000, 4.530342895278852922 ) ) ;
#6191 = ADVANCED_FACE ( 'NONE', ( #9390 ), #7695, .T. ) ;
#6192 = CARTESIAN_POINT ( 'NONE',  ( 19.76291639980298953, 1.000000000000000000, 0.5176030526561972156 ) ) ;
#6193 = VERTEX_POINT ( 'NONE', #3631 ) ;
#6194 = ORIENTED_EDGE ( 'NONE', *, *, #2365, .T. ) ;
#6195 = AXIS2_PLACEMENT_3D ( 'NONE', #9833, #7553, #3347 ) ;
#6196 = CARTESIAN_POINT ( 'NONE',  ( 23.87556672305764494, 1.000000000000000444, 0.9213897645903448286 ) ) ;
#6197 = CARTESIAN_POINT ( 'NONE',  ( 22.95356450105736101, 1.000000000000001332, 4.220116660477758685 ) ) ;
#6198 = AXIS2_PLACEMENT_3D ( 'NONE', #3473, #185, #6669 ) ;
#6199 = CARTESIAN_POINT ( 'NONE',  ( -9.977563650203617129, 2.999999999999999556, 2.979163548368385150 ) ) ;
#6200 = ADVANCED_FACE ( 'NONE', ( #2785 ), #690, .T. ) ;
#6201 = LINE ( 'NONE', #2048, #9097 ) ;
#6202 = ORIENTED_EDGE ( 'NONE', *, *, #94, .T. ) ;
#6203 = PLANE ( 'NONE',  #4934 ) ;
#6204 = EDGE_CURVE ( 'NONE', #1023, #5988, #2503, .T. ) ;
#6205 = ORIENTED_EDGE ( 'NONE', *, *, #3681, .F. ) ;
#6206 = EDGE_CURVE ( 'NONE', #1837, #5951, #3949, .T. ) ;
#6207 = VECTOR ( 'NONE', #5684, 1000.000000000000000 ) ;
#6208 = DIRECTION ( 'NONE',  ( 1.000000000000000000, 0.000000000000000000, 0.000000000000000000 ) ) ;
#6209 = VECTOR ( 'NONE', #1442, 1000.000000000000000 ) ;
#6210 = ORIENTED_EDGE ( 'NONE', *, *, #10229, .T. ) ;
#6211 = CARTESIAN_POINT ( 'NONE',  ( 25.52228287537541718, 1.000000000000001776, 0.6586402916686563414 ) ) ;
#6212 = DIRECTION ( 'NONE',  ( -1.000000000000000000, 0.000000000000000000, 0.000000000000000000 ) ) ;
#6213 = CARTESIAN_POINT ( 'NONE',  ( 20.42169807290961359, 1.000000000000000000, 4.530342895278852922 ) ) ;
#6214 = CARTESIAN_POINT ( 'NONE',  ( 22.20553048534310037, 1.000000000000000000, 4.869447670711752885 ) ) ;
#6215 = LINE ( 'NONE', #5361, #178 ) ;
#6216 = CARTESIAN_POINT ( 'NONE',  ( -1.070833240855827651, 1.000000000000000000, 0.5176030526561972156 ) ) ;
#6217 = VECTOR ( 'NONE', #7719, 1000.000000000000000 ) ;
#6218 = CARTESIAN_POINT ( 'NONE',  ( 10.02601730104476374, 1.000000000000000000, 4.869447670711752885 ) ) ;
#6219 = EDGE_CURVE ( 'NONE', #3620, #9910, #2450, .T. ) ;
#6220 = VECTOR ( 'NONE', #10041, 1000.000000000000000 ) ;
#6221 = CARTESIAN_POINT ( 'NONE',  ( -0.4853476520224604407, 1.000000000000000000, 3.679931700638531478 ) ) ;
#6222 = ORIENTED_EDGE ( 'NONE', *, *, #7480, .T. ) ;
#6223 = EDGE_LOOP ( 'NONE', ( #9323, #4598, #3857, #7859 ) ) ;
#6224 = EDGE_CURVE ( 'NONE', #4766, #2467, #4056, .T. ) ;
#6225 = CARTESIAN_POINT ( 'NONE',  ( 29.50000000000000000, 0.000000000000000000, 10.25000000000000711 ) ) ;
#6226 = PLANE ( 'NONE',  #1753 ) ;
#6227 = VECTOR ( 'NONE', #6334, 1000.000000000000000 ) ;
#6228 = FACE_OUTER_BOUND ( 'NONE', #3349, .T. ) ;
#6229 = VERTEX_POINT ( 'NONE', #7305 ) ;
#6230 = DIRECTION ( 'NONE',  ( -1.000000000000000000, 0.000000000000000000, 0.000000000000000000 ) ) ;
#6231 = DIRECTION ( 'NONE',  ( -1.000000000000000000, 0.000000000000000000, 0.000000000000000000 ) ) ;
#6232 = CARTESIAN_POINT ( 'NONE',  ( -29.50000000000000355, 0.000000000000000000, -8.499999999999996447 ) ) ;
#6233 = LINE ( 'NONE', #9478, #5356 ) ;
#6234 = DIRECTION ( 'NONE',  ( -0.000000000000000000, 0.000000000000000000, -1.000000000000000000 ) ) ;
#6235 = VECTOR ( 'NONE', #176, 1000.000000000000000 ) ;
#6236 = CARTESIAN_POINT ( 'NONE',  ( 8.370599719118182236, 1.000000000000000000, 2.432114827456980599 ) ) ;
#6237 = DIRECTION ( 'NONE',  ( 0.000000000000000000, 0.000000000000000000, -1.000000000000000000 ) ) ;
#6238 = CARTESIAN_POINT ( 'NONE',  ( 25.64342551350362243, 3.000000000000000444, 3.387532790304873309 ) ) ;
#6239 = ORIENTED_EDGE ( 'NONE', *, *, #4582, .T. ) ;
#6240 = CARTESIAN_POINT ( 'NONE',  ( 9.229784985242449835, 3.000000000000000000, 1.230873258404451054 ) ) ;
#6241 = DIRECTION ( 'NONE',  ( -0.000000000000000000, 1.000000000000000000, -0.000000000000000000 ) ) ;
#6242 = LINE ( 'NONE', #8749, #2484 ) ;
#6243 = CARTESIAN_POINT ( 'NONE',  ( 23.85968106652720522, 3.000000000000003997, 4.470915385896664596 ) ) ;
#6244 = ADVANCED_FACE ( 'NONE', ( #5662 ), #6348, .T. ) ;
#6245 = APPROVAL_ROLE ( '' ) ;
#6246 = CARTESIAN_POINT ( 'NONE',  ( 8.083044213471143991, 3.000000000000000000, 2.545940099856856431 ) ) ;
#6247 = CARTESIAN_POINT ( 'NONE',  ( 19.20745571296107812, 1.000000000000000000, 2.570624962303710070 ) ) ;
#6248 = VERTEX_POINT ( 'NONE', #4004 ) ;
#6249 = ORIENTED_EDGE ( 'NONE', *, *, #8485, .T. ) ;
#6250 = CARTESIAN_POINT ( 'NONE',  ( 23.35669602541469203, 1.000000000000000444, 2.647599139649710942 ) ) ;
#6251 = CARTESIAN_POINT ( 'NONE',  ( 22.55169994359752650, 3.000000000000000444, 2.733264202555017786 ) ) ;
#6252 = EDGE_CURVE ( 'NONE', #2396, #9154, #702, .T. ) ;
#6253 = CARTESIAN_POINT ( 'NONE',  ( -10.38549258535672415, 3.000000000000000000, 0.9199379481197612618 ) ) ;
#6254 = CARTESIAN_POINT ( 'NONE',  ( -10.25766345851632266, 2.999999999999999556, 4.599963479178704517 ) ) ;
#6255 = ORIENTED_EDGE ( 'NONE', *, *, #5228, .F. ) ;
#6256 = FACE_OUTER_BOUND ( 'NONE', #1725, .T. ) ;
#6257 = ORIENTED_EDGE ( 'NONE', *, *, #5039, .F. ) ;
#6258 = DIRECTION ( 'NONE',  ( 0.000000000000000000, 0.000000000000000000, 1.000000000000000000 ) ) ;
#6259 = VERTEX_POINT ( 'NONE', #73 ) ;
#6260 = ORIENTED_EDGE ( 'NONE', *, *, #10509, .F. ) ;
#6261 = CARTESIAN_POINT ( 'NONE',  ( 26.35807764109642193, 3.000000000000000000, 1.742666189910803132 ) ) ;
#6262 = CARTESIAN_POINT ( 'NONE',  ( -0.4853476520224604407, 1.000000000000000000, 0.8567078280890980668 ) ) ;
#6263 = CARTESIAN_POINT ( 'NONE',  ( 24.58472231248558870, 0.9999999999999991118, 4.981252530551322444 ) ) ;
#6264 = LINE ( 'NONE', #6432, #91 ) ;
#6265 = EDGE_CURVE ( 'NONE', #294, #4017, #5710, .T. ) ;
#6266 = CARTESIAN_POINT ( 'NONE',  ( 17.06519409956822741, 1.000000000000000444, 4.050360620509755982 ) ) ;
#6267 = DIRECTION ( 'NONE',  ( 0.000000000000000000, 0.000000000000000000, 1.000000000000000000 ) ) ;
#6268 = CARTESIAN_POINT ( 'NONE',  ( 17.06519409956822741, 3.000000000000000444, 4.050360620509755982 ) ) ;
#6269 = DIRECTION ( 'NONE',  ( -1.000000000000000000, 0.000000000000000000, 0.000000000000000000 ) ) ;
#6270 = ORIENTED_EDGE ( 'NONE', *, *, #8630, .T. ) ;
#6271 = EDGE_LOOP ( 'NONE', ( #2757, #989, #6676, #2688, #835, #2965, #9714, #10214, #5989, #8349, #8912, #1144, #1762, #5614, #4649, #732, #3176, #10452, #9555, #8047, #7849, #5642, #7195, #2655, #10313, #7857, #8348, #8960, #3601, #6874, #4802, #4023 ) ) ;
#6272 = CARTESIAN_POINT ( 'NONE',  ( -8.381317908923120896, 2.999999999999999556, 3.573035507124066701 ) ) ;
#6273 = DIRECTION ( 'NONE',  ( -1.728937797235357409E-14, -1.000000000000000000, -8.981195794574638421E-13 ) ) ;
#6274 = CARTESIAN_POINT ( 'NONE',  ( -10.94823174179164660, 0.9999999999999995559, 2.459235352443749356 ) ) ;
#6275 = EDGE_CURVE ( 'NONE', #6128, #6093, #8595, .T. ) ;
#6276 = DIRECTION ( 'NONE',  ( -1.000000000000000000, 0.000000000000000000, 0.000000000000000000 ) ) ;
#6277 = LINE ( 'NONE', #686, #9858 ) ;
#6278 = CARTESIAN_POINT ( 'NONE',  ( -9.069593754132407426, 0.9999999999999986677, 3.686320505686551563 ) ) ;
#6279 = FACE_OUTER_BOUND ( 'NONE', #6752, .T. ) ;
#6280 = CARTESIAN_POINT ( 'NONE',  ( -2.831705434119378140, 3.000000000000000000, 0.9856382895818152079 ) ) ;
#6281 = EDGE_CURVE ( 'NONE', #4971, #9133, #6455, .T. ) ;
#6282 = EDGE_CURVE ( 'NONE', #5417, #2219, #1669, .T. ) ;
#6283 = DIRECTION ( 'NONE',  ( -0.000000000000000000, 1.000000000000000000, -0.000000000000000000 ) ) ;
#6284 = CARTESIAN_POINT ( 'NONE',  ( 18.46743018740698972, 3.000000000000000000, 4.530342895278852922 ) ) ;
#6285 = CARTESIAN_POINT ( 'NONE',  ( 9.731949878599046144, 3.000000000000000000, 1.874022154387798844 ) ) ;
#6286 = CARTESIAN_POINT ( 'NONE',  ( 7.564858423098167250, 3.000000000000000000, 4.530342895278852922 ) ) ;
#6287 = VECTOR ( 'NONE', #9707, 1000.000000000000000 ) ;
#6288 = DIRECTION ( 'NONE',  ( -0.9344995069449059111, 0.000000000000000000, -0.3559644245142030705 ) ) ;
#6289 = ORIENTED_EDGE ( 'NONE', *, *, #4318, .F. ) ;
#6290 = DIRECTION ( 'NONE',  ( 0.000000000000000000, 0.000000000000000000, -1.000000000000000000 ) ) ;
#6291 = ORIENTED_EDGE ( 'NONE', *, *, #5555, .T. ) ;
#6292 = EDGE_LOOP ( 'NONE', ( #4524, #3302, #4673, #7907 ) ) ;
#6293 = CARTESIAN_POINT ( 'NONE',  ( -5.186010984390501122, 3.000000000000000000, 4.530342895278852922 ) ) ;
#6294 = CARTESIAN_POINT ( 'NONE',  ( -15.80422926513319659, 3.000000000000000000, 0.5176030526561972156 ) ) ;
#6295 = CARTESIAN_POINT ( 'NONE',  ( 8.801153012462970437, 2.999999999999999112, 0.8916996752467322152 ) ) ;
#6296 = CARTESIAN_POINT ( 'NONE',  ( 23.51468964930166905, 0.9999999999999986677, 3.947923091458153344 ) ) ;
#6297 = VECTOR ( 'NONE', #4382, 1000.000000000000000 ) ;
#6298 = AXIS2_PLACEMENT_3D ( 'NONE', #7940, #10325, #6924 ) ;
#6299 = B_SPLINE_SURFACE_WITH_KNOTS ( 'NONE', 3, 1, ( 
 ( #7645, #10189 ),
 ( #5351, #9448 ),
 ( #6943, #4550 ),
 ( #5245, #8600 ),
 ( #8542, #350 ),
 ( #5298, #1255 ),
 ( #5193, #10243 ),
 ( #10136, #6039 ),
 ( #1200, #1360 ),
 ( #3586, #5986 ),
 ( #4494, #9343 ),
 ( #8652, #557 ),
 ( #6836, #2897 ),
 ( #1311, #2151 ),
 ( #6151, #7803 ),
 ( #10075, #2098 ),
 ( #504, #3803 ),
 ( #10028, #2740 ),
 ( #6092, #6895 ) ),
 .UNSPECIFIED., .F., .F., .F.,
 ( 4, 1, 1, 1, 1, 1, 1, 1, 1, 1, 1, 1, 1, 1, 1, 1, 4 ),
 ( 2, 2 ),
 ( 0.000000000000000000, 0.1188560317108969672, 0.2209283741663674028, 0.3063034166759449617, 0.3752570544179836265, 0.4329650820677174994, 0.4834501979423389550, 0.5286374547714883798, 0.5683287474589131527, 0.6069250723128010172, 0.6473812240742733426, 0.6918345839470035896, 0.7401557930960326326, 0.7942715689297643600, 0.8558889846477841790, 0.9244584765722029251, 1.000000000000000000 ),
 ( 0.000000000000000000, 1.000000000000000000 ),
 .UNSPECIFIED. ) ;
#6300 = DATE_AND_TIME ( #2936, #3120 ) ;
#6301 = CARTESIAN_POINT ( 'NONE',  ( -10.54159365867407239, 0.9999999999999991118, 4.436979001734626671 ) ) ;
#6302 = VECTOR ( 'NONE', #10059, 1000.000000000000000 ) ;
#6303 = DIRECTION ( 'NONE',  ( -0.000000000000000000, 1.000000000000000000, -0.000000000000000000 ) ) ;
#6304 = EDGE_LOOP ( 'NONE', ( #3768, #9226, #4487, #8756 ) ) ;
#6305 = VERTEX_POINT ( 'NONE', #7255 ) ;
#6306 = CARTESIAN_POINT ( 'NONE',  ( 23.48266078780462607, 1.000000000000000000, 1.573735654662437700 ) ) ;
#6307 = CARTESIAN_POINT ( 'NONE',  ( 22.95356450105736101, 3.000000000000001776, 4.220116660477758685 ) ) ;
#6308 = CARTESIAN_POINT ( 'NONE',  ( -8.917929684857785588, 1.000000000000000000, 1.760987229243498708 ) ) ;
#6309 = VECTOR ( 'NONE', #10340, 999.9999999999998863 ) ;
#6310 = CARTESIAN_POINT ( 'NONE',  ( -10.33379033659819690, 3.000000000000000000, 4.572430172613428212 ) ) ;
#6311 = CIRCLE ( 'NONE', #8519, 1.749999999999999778 ) ;
#6312 = ORIENTED_EDGE ( 'NONE', *, *, #3697, .F. ) ;
#6313 = CARTESIAN_POINT ( 'NONE',  ( 13.20208448480908636, 3.000000000000000000, 3.568333582816928473 ) ) ;
#6314 = VERTEX_POINT ( 'NONE', #8804 ) ;
#6315 = CARTESIAN_POINT ( 'NONE',  ( 25.44599928915249265, 1.000000000000000000, 1.261617553192167618 ) ) ;
#6316 = CARTESIAN_POINT ( 'NONE',  ( -10.41230840843963712, 1.000000000000000000, 0.4929162976039973554 ) ) ;
#6317 = EDGE_CURVE ( 'NONE', #2901, #868, #3039, .T. ) ;
#6318 = ORIENTED_EDGE ( 'NONE', *, *, #6224, .T. ) ;
#6319 = CARTESIAN_POINT ( 'NONE',  ( -8.942592420004631393, 1.000000000000000000, 0.5167984795154551003 ) ) ;
#6320 = CARTESIAN_POINT ( 'NONE',  ( -10.44986999077516998, 3.000000000000000444, 2.792126334554092537 ) ) ;
#6321 = CARTESIAN_POINT ( 'NONE',  ( -9.956438059621042669, 3.000000000000000444, 4.982482595856052576 ) ) ;
#6322 = CARTESIAN_POINT ( 'NONE',  ( 16.78775351402216387, 2.999999999999999556, 4.403585411360850799 ) ) ;
#6323 = CARTESIAN_POINT ( 'NONE',  ( 15.99479119987542575, 1.000000000000000000, 4.530342895278852922 ) ) ;
#6324 = DIRECTION ( 'NONE',  ( -1.000000000000000000, 0.000000000000000000, 0.000000000000000000 ) ) ;
#6325 = CARTESIAN_POINT ( 'NONE',  ( -15.88900545899141825, 3.000000000000000000, 0.5176030526561972156 ) ) ;
#6326 = DIRECTION ( 'NONE',  ( 0.03269279501835024165, 0.000000000000000000, 0.9994654477038653617 ) ) ;
#6327 = ORIENTED_EDGE ( 'NONE', *, *, #7450, .T. ) ;
#6328 = ORIENTED_EDGE ( 'NONE', *, *, #10365, .T. ) ;
#6329 = CARTESIAN_POINT ( 'NONE',  ( -0.4305963601556900833, 1.000000000000000000, 4.925965133283901842 ) ) ;
#6330 = EDGE_CURVE ( 'NONE', #4222, #6667, #1069, .T. ) ;
#6331 = LINE ( 'NONE', #7928, #5154 ) ;
#6332 = CARTESIAN_POINT ( 'NONE',  ( 12.89940707267944298, 3.000000000000000888, 1.022267291283002866 ) ) ;
#6333 = ORIENTED_EDGE ( 'NONE', *, *, #9075, .F. ) ;
#6334 = DIRECTION ( 'NONE',  ( -1.000000000000000000, 0.000000000000000000, 0.000000000000000000 ) ) ;
#6335 = FACE_BOUND ( 'NONE', #1834, .T. ) ;
#6336 = CARTESIAN_POINT ( 'NONE',  ( 25.52228287537541718, 1.000000000000001776, 0.6586402916686563414 ) ) ;
#6337 = CARTESIAN_POINT ( 'NONE',  ( 23.55530197321672858, 3.000000000000000888, 4.051858583906426503 ) ) ;
#6338 = LINE ( 'NONE', #692, #8008 ) ;
#6339 = LINE ( 'NONE', #9584, #6870 ) ;
#6340 = EDGE_CURVE ( 'NONE', #550, #9945, #8309, .T. ) ;
#6341 = ORIENTED_EDGE ( 'NONE', *, *, #5337, .F. ) ;
#6342 = DIRECTION ( 'NONE',  ( 0.000000000000000000, 0.000000000000000000, 1.000000000000000000 ) ) ;
#6343 = ADVANCED_FACE ( 'NONE', ( #8406 ), #2601, .F. ) ;
#6344 = CARTESIAN_POINT ( 'NONE',  ( -14.51050922344257188, 1.000000000000000000, 2.705005471268942863 ) ) ;
#6345 = ORIENTED_EDGE ( 'NONE', *, *, #5566, .F. ) ;
#6346 = DIRECTION ( 'NONE',  ( -1.000000000000000000, 0.000000000000000000, 0.000000000000000000 ) ) ;
#6347 = VERTEX_POINT ( 'NONE', #7565 ) ;
#6348 = SPHERICAL_SURFACE ( 'NONE', #3325, 3.000000000000000000 ) ;
#6349 = AXIS2_PLACEMENT_3D ( 'NONE', #3456, #1166, #370 ) ;
#6350 = CARTESIAN_POINT ( 'NONE',  ( 17.88194459857362162, 3.000000000000000000, 4.869447670711752885 ) ) ;
#6351 = CARTESIAN_POINT ( 'NONE',  ( -13.51004952286256433, 3.000000000000000000, 3.789136500429122645 ) ) ;
#6352 = CARTESIAN_POINT ( 'NONE',  ( 20.85970840784377600, 1.000000000000000000, 4.530342895278852922 ) ) ;
#6353 = CARTESIAN_POINT ( 'NONE',  ( 23.64519082845241726, 0.9999999999999995559, 4.228597746068011531 ) ) ;
#6354 = ADVANCED_FACE ( 'NONE', ( #1713 ), #3357, .T. ) ;
#6355 = APPROVAL_STATUS ( 'not_yet_approved' ) ;
#6356 = ADVANCED_FACE ( 'NONE', ( #4365 ), #8258, .T. ) ;
#6357 = DIRECTION ( 'NONE',  ( 0.000000000000000000, 0.000000000000000000, -1.000000000000000000 ) ) ;
#6358 = CARTESIAN_POINT ( 'NONE',  ( -17.16859613503900661, 1.000000000000000000, 0.8567078280890980668 ) ) ;
#6359 = ORIENTED_EDGE ( 'NONE', *, *, #10103, .F. ) ;
#6360 = ORIENTED_EDGE ( 'NONE', *, *, #3786, .T. ) ;
#6361 = CARTESIAN_POINT ( 'NONE',  ( 23.35669602541469203, 3.000000000000002220, 2.647599139649710942 ) ) ;
#6362 = CARTESIAN_POINT ( 'NONE',  ( -8.480060138056890295, 3.000000000000000444, 4.240148078945831678 ) ) ;
#6363 = CARTESIAN_POINT ( 'NONE',  ( -10.50280534991865444, 0.9999999999999995559, 1.079692826900309210 ) ) ;
#6364 = CARTESIAN_POINT ( 'NONE',  ( -10.66152868048349589, 2.999999999999999112, 4.295204135835745340 ) ) ;
#6365 = B_SPLINE_CURVE_WITH_KNOTS ( 'NONE', 3,
 ( #3732, #6980, #2136, #5389, #2877, #4109, #5663, #5608, #26, #811, #5711, #9749, #3894, #4005, #10498, #1511, #9541 ),
 .UNSPECIFIED., .F., .F.,
 ( 4, 1, 1, 1, 1, 1, 1, 1, 1, 1, 1, 1, 1, 1, 4 ),
 ( 0.000000000000000000, 0.1262398501323558908, 0.2497792587054943059, 0.3104630011863722672, 0.3702723291363821390, 0.4297454927963625382, 0.4892255359431978423, 0.5480884185899599359, 0.6071594695723415702, 0.6661213238177599028, 0.7262258060637390988, 0.7885478093474028727, 0.8544827426704089124, 0.9243979171317566745, 1.000000000000000000 ),
 .UNSPECIFIED. ) ;
#6366 = EDGE_LOOP ( 'NONE', ( #8302, #4283, #5685, #2708 ) ) ;
#6367 = CARTESIAN_POINT ( 'NONE',  ( 12.01384242994960516, 3.000000000000000444, 4.530342895278852922 ) ) ;
#6368 = VERTEX_POINT ( 'NONE', #5856 ) ;
#6369 = DIRECTION ( 'NONE',  ( -0.000000000000000000, 1.000000000000000000, -0.000000000000000000 ) ) ;
#6370 = VERTEX_POINT ( 'NONE', #6611 ) ;
#6371 = VERTEX_POINT ( 'NONE', #3514 ) ;
#6372 = DIRECTION ( 'NONE',  ( -1.000000000000000000, 0.000000000000000000, 0.000000000000000000 ) ) ;
#6373 = AXIS2_PLACEMENT_3D ( 'NONE', #2113, #1161, #9466 ) ;
#6374 = VECTOR ( 'NONE', #4778, 1000.000000000000000 ) ;
#6375 = CARTESIAN_POINT ( 'NONE',  ( 17.88194459857362162, 3.000000000000000000, 0.5176030526561972156 ) ) ;
#6376 = LINE ( 'NONE', #7917, #9287 ) ;
#6377 = DIRECTION ( 'NONE',  ( 0.000000000000000000, 0.000000000000000000, 1.000000000000000000 ) ) ;
#6378 = CARTESIAN_POINT ( 'NONE',  ( 20.50294192535707793, 3.000000000000000000, 0.8567078280890980668 ) ) ;
#6379 = CARTESIAN_POINT ( 'NONE',  ( -9.918465389455381143, 1.000000000000000444, 4.643377820423152613 ) ) ;
#6380 = CARTESIAN_POINT ( 'NONE',  ( 17.23552612040466059, 3.000000000000000000, 3.286958718691550541 ) ) ;
#6381 = ADVANCED_FACE ( 'NONE', ( #7518 ), #4262, .T. ) ;
#6382 = CARTESIAN_POINT ( 'NONE',  ( -13.84024744075097857, 1.000000000000000000, 4.925965133283901842 ) ) ;
#6383 = ORIENTED_EDGE ( 'NONE', *, *, #2616, .F. ) ;
#6384 = VECTOR ( 'NONE', #7384, 1000.000000000000000 ) ;
#6385 = VECTOR ( 'NONE', #5483, 1000.000000000000000 ) ;
#6386 = ORIENTED_EDGE ( 'NONE', *, *, #483, .T. ) ;
#6387 = LINE ( 'NONE', #5589, #10047 ) ;
#6388 = DIRECTION ( 'NONE',  ( 0.000000000000000000, -0.000000000000000000, 1.000000000000000000 ) ) ;
#6389 = CARTESIAN_POINT ( 'NONE',  ( -25.15610315011866049, 3.000000000000000000, 4.530342895278852922 ) ) ;
#6390 = CARTESIAN_POINT ( 'NONE',  ( 11.62175253335531444, 1.000000000000000000, 2.439196780109299301 ) ) ;
#6391 = VECTOR ( 'NONE', #8788, 1000.000000000000000 ) ;
#6392 = LINE ( 'NONE', #8040, #6041 ) ;
#6393 = FACE_BOUND ( 'NONE', #2446, .T. ) ;
#6394 = VECTOR ( 'NONE', #3547, 1000.000000000000000 ) ;
#6395 = CARTESIAN_POINT ( 'NONE',  ( 24.74480432100855865, 1.000000000000000444, 0.4106313736114612922 ) ) ;
#6396 = B_SPLINE_SURFACE_WITH_KNOTS ( 'NONE', 3, 1, ( 
 ( #5076, #1778 ),
 ( #7478, #6672 ),
 ( #9916, #8972 ),
 ( #9128, #4072 ),
 ( #2466, #9712 ),
 ( #1832, #4278 ),
 ( #8321, #1631 ),
 ( #3478, #5722 ),
 ( #2414, #5673 ),
 ( #8124, #7323 ),
 ( #39, #2835 ),
 ( #1241, #7738 ),
 ( #445, #4689 ),
 ( #5922, #2033 ),
 ( #1141, #6827 ),
 ( #9284, #6027 ),
 ( #293, #3034 ),
 ( #5131, #1989 ),
 ( #8427, #8530 ) ),
 .UNSPECIFIED., .F., .F., .F.,
 ( 4, 1, 1, 1, 1, 1, 1, 1, 1, 1, 1, 1, 1, 1, 1, 1, 4 ),
 ( 2, 2 ),
 ( 0.000000000000000000, 0.1188560317108968839, 0.2209283741663673195, 0.3063034166759448507, 0.3752570544179837930, 0.4329650820677176659, 0.4834501979423395657, 0.5286374547714883798, 0.5683287474589122645, 0.6069250723128001290, 0.6473812240742748969, 0.6918345839470025904, 0.7401557930960328546, 0.7942715689297659143, 0.8558889846477829577, 0.9244584765722029251, 1.000000000000000000 ),
 ( 0.000000000000000000, 1.000000000000000000 ),
 .UNSPECIFIED. ) ;
#6397 = CARTESIAN_POINT ( 'NONE',  ( 23.74820608440468916, 3.000000000000000444, 4.365657919915234331 ) ) ;
#6398 = CARTESIAN_POINT ( 'NONE',  ( -2.305386563916230980, 1.000000000000000000, 4.530342895278852922 ) ) ;
#6399 = EDGE_CURVE ( 'NONE', #5437, #5071, #9004, .T. ) ;
#6400 = LINE ( 'NONE', #5598, #6705 ) ;
#6401 = VERTEX_POINT ( 'NONE', #910 ) ;
#6402 = AXIS2_PLACEMENT_3D ( 'NONE', #995, #5895, #7549 ) ;
#6403 = DIRECTION ( 'NONE',  ( -0.000000000000000000, 1.000000000000000000, -0.000000000000000000 ) ) ;
#6404 = LINE ( 'NONE', #5754, #5494 ) ;
#6405 = CARTESIAN_POINT ( 'NONE',  ( -0.05263582920443654611, 1.000000000000000000, 0.8567078280890980668 ) ) ;
#6406 = ORIENTED_EDGE ( 'NONE', *, *, #1406, .T. ) ;
#6407 = DIRECTION ( 'NONE',  ( -0.3646645346987750225, 0.000000000000000000, 0.9311389676804024962 ) ) ;
#6408 = FACE_OUTER_BOUND ( 'NONE', #4443, .T. ) ;
#6409 = LINE ( 'NONE', #9651, #7056 ) ;
#6410 = AXIS2_PLACEMENT_3D ( 'NONE', #2619, #8319, #1027 ) ;
#6411 = DIRECTION ( 'NONE',  ( 1.000000000000000000, 0.000000000000000000, 0.000000000000000000 ) ) ;
#6412 = CARTESIAN_POINT ( 'NONE',  ( 12.04200681498744352, 2.999999999999999556, 2.401632501044000723 ) ) ;
#6413 = EDGE_CURVE ( 'NONE', #4545, #8163, #1867, .T. ) ;
#6414 = EDGE_CURVE ( 'NONE', #8128, #6667, #8006, .T. ) ;
#6415 = PLANE ( 'NONE',  #6788 ) ;
#6416 = VERTEX_POINT ( 'NONE', #3826 ) ;
#6417 = EDGE_LOOP ( 'NONE', ( #10062, #2700, #7197, #4650, #7715, #7995, #1097, #9975, #2041, #6055, #1866, #3482, #3916, #6753 ) ) ;
#6418 = EDGE_CURVE ( 'NONE', #1422, #1327, #375, .T. ) ;
#6419 = CARTESIAN_POINT ( 'NONE',  ( 29.50000000000000000, 0.000000000000000000, 12.00000000000000711 ) ) ;
#6420 = CARTESIAN_POINT ( 'NONE',  ( -18.75196886656671680, 3.000000000000000000, 0.9773725912188430121 ) ) ;
#6421 = EDGE_CURVE ( 'NONE', #10312, #1938, #1282, .T. ) ;
#6422 = CARTESIAN_POINT ( 'NONE',  ( -10.21876607926225766, 2.999999999999999556, 0.8120413299455317979 ) ) ;
#6423 = CARTESIAN_POINT ( 'NONE',  ( 2.617814277329656658, 3.000000000000000000, 3.117406330975100115 ) ) ;
#6424 = ORIENTED_EDGE ( 'NONE', *, *, #8202, .F. ) ;
#6425 = CARTESIAN_POINT ( 'NONE',  ( 12.05093571892849802, 3.000000000000000000, 4.530272260525504358 ) ) ;
#6426 = CARTESIAN_POINT ( 'NONE',  ( -9.294431586901001907, 3.000000000000000888, 4.898054665545903852 ) ) ;
#6427 = VERTEX_POINT ( 'NONE', #2070 ) ;
#6428 = ORIENTED_EDGE ( 'NONE', *, *, #6008, .T. ) ;
#6429 = CARTESIAN_POINT ( 'NONE',  ( -44.50000000000000000, 3.000000000000000000, 16.50000000000000000 ) ) ;
#6430 = CARTESIAN_POINT ( 'NONE',  ( -15.80422926513319659, 1.000000000000000000, 0.8567078280890980668 ) ) ;
#6431 = CARTESIAN_POINT ( 'NONE',  ( -10.11440487457426940, 3.000000000000001332, 4.980585770353673780 ) ) ;
#6432 = CARTESIAN_POINT ( 'NONE',  ( -13.48436404361697249, 1.000000000000000000, 4.925965133283901842 ) ) ;
#6433 = FACE_OUTER_BOUND ( 'NONE', #6855, .T. ) ;
#6434 = LINE ( 'NONE', #4835, #2958 ) ;
#6435 = DIRECTION ( 'NONE',  ( -0.000000000000000000, 0.000000000000000000, 1.000000000000000000 ) ) ;
#6436 = DIRECTION ( 'NONE',  ( 1.000000000000000000, 0.000000000000000000, 0.000000000000000000 ) ) ;
#6437 = ORIENTED_EDGE ( 'NONE', *, *, #1892, .T. ) ;
#6438 = ORIENTED_EDGE ( 'NONE', *, *, #5500, .F. ) ;
#6439 = DIRECTION ( 'NONE',  ( 1.000000000000000000, 0.000000000000000000, 0.000000000000000000 ) ) ;
#6440 = CARTESIAN_POINT ( 'NONE',  ( -8.547916922080741386, 3.000000000000000000, 1.760987229243498708 ) ) ;
#6441 = CARTESIAN_POINT ( 'NONE',  ( -9.656309833717878988, 2.999999999999999112, 0.4067528620835415554 ) ) ;
#6442 = DIRECTION ( 'NONE',  ( -0.000000000000000000, 1.000000000000000000, -0.000000000000000000 ) ) ;
#6443 = CARTESIAN_POINT ( 'NONE',  ( -9.162473303338506625, 3.000000000000001776, 3.457607013403359186 ) ) ;
#6444 = CARTESIAN_POINT ( 'NONE',  ( -19.79752932827374323, 3.000000000000000888, 2.435825421510390942 ) ) ;
#6445 = DIRECTION ( 'NONE',  ( 0.5414944875458878037, 0.000000000000000000, 0.8407042999517823079 ) ) ;
#6446 = LINE ( 'NONE', #3988, #7740 ) ;
#6447 = CARTESIAN_POINT ( 'NONE',  ( -25.15610315011866049, 1.000000000000000000, 4.530342895278852922 ) ) ;
#6448 = CARTESIAN_POINT ( 'NONE',  ( 24.45641187611447975, 0.9999999999999995559, 0.4066894395067746637 ) ) ;
#6449 = EDGE_LOOP ( 'NONE', ( #2156, #10150, #9745, #4883 ) ) ;
#6450 = CARTESIAN_POINT ( 'NONE',  ( 24.74480432100855865, 3.000000000000000444, 0.4106313736114612922 ) ) ;
#6451 = CARTESIAN_POINT ( 'NONE',  ( -19.87989818554063604, 1.000000000000000000, 2.778202476418800249 ) ) ;
#6452 = LINE ( 'NONE', #9744, #30 ) ;
#6453 = EDGE_CURVE ( 'NONE', #4446, #7071, #427, .T. ) ;
#6454 = VERTEX_POINT ( 'NONE', #9475 ) ;
#6455 = LINE ( 'NONE', #10237, #106 ) ;
#6456 = FACE_OUTER_BOUND ( 'NONE', #8287, .T. ) ;
#6457 = FACE_OUTER_BOUND ( 'NONE', #9899, .T. ) ;
#6458 = CARTESIAN_POINT ( 'NONE',  ( -9.656309833717878988, 2.999999999999999112, 0.4067528620835415554 ) ) ;
#6459 = CARTESIAN_POINT ( 'NONE',  ( 12.28848197463614689, 3.000000000000000000, 1.704469766671348863 ) ) ;
#6460 = CARTESIAN_POINT ( 'NONE',  ( -22.37703354520371590, 1.000000000000000000, 4.925965133283901842 ) ) ;
#6461 = LINE ( 'NONE', #2249, #6287 ) ;
#6462 = ADVANCED_FACE ( 'NONE', ( #8461 ), #4526, .T. ) ;
#6463 = ORIENTED_EDGE ( 'NONE', *, *, #3157, .F. ) ;
#6464 = EDGE_LOOP ( 'NONE', ( #2411, #2049, #3440, #7662 ) ) ;
#6465 = AXIS2_PLACEMENT_3D ( 'NONE', #2153, #2100, #4658 ) ;
#6466 = AXIS2_PLACEMENT_3D ( 'NONE', #6990, #3847, #549 ) ;
#6467 = CARTESIAN_POINT ( 'NONE',  ( 21.70217183430989039, 1.000000000000000000, 4.530342895278852922 ) ) ;
#6468 = CARTESIAN_POINT ( 'NONE',  ( -18.81809183529083995, 3.000000000000000000, 0.9398174165483708098 ) ) ;
#6469 = CARTESIAN_POINT ( 'NONE',  ( -10.57869005695888021, 2.999999999999999556, 1.377482107790330090 ) ) ;
#6470 = ORIENTED_EDGE ( 'NONE', *, *, #2427, .T. ) ;
#6471 = EDGE_CURVE ( 'NONE', #69, #9122, #4466, .T. ) ;
#6472 = VECTOR ( 'NONE', #2608, 1000.000000000000000 ) ;
#6473 = CARTESIAN_POINT ( 'NONE',  ( 13.04612866208669253, 3.000000000000000000, 4.117283965022306091 ) ) ;
#6474 = VECTOR ( 'NONE', #8520, 1000.000000000000000 ) ;
#6475 = CARTESIAN_POINT ( 'NONE',  ( -9.608908720351811539, 0.9999999999999995559, 4.962510296036357182 ) ) ;
#6476 = EDGE_CURVE ( 'NONE', #7088, #2734, #9891, .T. ) ;
#6477 = VERTEX_POINT ( 'NONE', #1336 ) ;
#6478 = ADVANCED_FACE ( 'NONE', ( #2818 ), #2762, .T. ) ;
#6479 = VERTEX_POINT ( 'NONE', #4412 ) ;
#6480 = FACE_OUTER_BOUND ( 'NONE', #9337, .T. ) ;
#6481 = LINE ( 'NONE', #3433, #2301 ) ;
#6482 = CALENDAR_DATE ( 2026, 19, 8 ) ;
#6483 = CARTESIAN_POINT ( 'NONE',  ( 12.15757915242046394, 1.000000000000000000, 2.318105955929529394 ) ) ;
#6484 = AXIS2_PLACEMENT_3D ( 'NONE', #6878, #5921, #3527 ) ;
#6485 = VECTOR ( 'NONE', #4040, 1000.000000000000000 ) ;
#6486 = CARTESIAN_POINT ( 'NONE',  ( -20.24173316239967235, 1.000000000000000000, 4.530342895278852922 ) ) ;
#6487 = LINE ( 'NONE', #8779, #8066 ) ;
#6488 = DIRECTION ( 'NONE',  ( -1.000000000000000000, 0.000000000000000000, 0.000000000000000000 ) ) ;
#6489 = EDGE_LOOP ( 'NONE', ( #9669, #8830, #5850, #2258 ) ) ;
#6490 = EDGE_CURVE ( 'NONE', #6777, #2511, #6011, .T. ) ;
#6491 = EDGE_LOOP ( 'NONE', ( #9261, #7070, #6588, #10226 ) ) ;
#6492 = CARTESIAN_POINT ( 'NONE',  ( -13.48436404361697249, 1.000000000000000000, 4.925965133283901842 ) ) ;
#6493 = VECTOR ( 'NONE', #3566, 1000.000000000000000 ) ;
#6494 = FACE_OUTER_BOUND ( 'NONE', #1667, .T. ) ;
#6495 = CARTESIAN_POINT ( 'NONE',  ( 12.84129271126517402, 3.000000000000000000, 0.9773725912188430121 ) ) ;
#6496 = CARTESIAN_POINT ( 'NONE',  ( 12.22055354683186223, 3.000000000000000444, 3.036129320185672054 ) ) ;
#6497 = CARTESIAN_POINT ( 'NONE',  ( -19.94030248277098849, 1.000000000000000000, 2.439081198479338131 ) ) ;
#6498 = FACE_OUTER_BOUND ( 'NONE', #9658, .T. ) ;
#6499 = CARTESIAN_POINT ( 'NONE',  ( 23.35662530295501682, 1.000000000000000000, 2.782139624252222720 ) ) ;
#6500 = CARTESIAN_POINT ( 'NONE',  ( 22.20553048534310037, 3.000000000000000000, 4.530342895278852922 ) ) ;
#6501 = FACE_OUTER_BOUND ( 'NONE', #6917, .T. ) ;
#6502 = EDGE_CURVE ( 'NONE', #825, #9333, #6918, .T. ) ;
#6503 = VERTEX_POINT ( 'NONE', #1388 ) ;
#6504 = CARTESIAN_POINT ( 'NONE',  ( -9.519734650567146517, 3.000000000000001332, 4.589574918017565786 ) ) ;
#6505 = CARTESIAN_POINT ( 'NONE',  ( -19.30863699937894395, 1.000000000000000888, 3.520073768149427629 ) ) ;
#6506 = ORIENTED_EDGE ( 'NONE', *, *, #7651, .F. ) ;
#6507 = CARTESIAN_POINT ( 'NONE',  ( -9.020067540867495737, 0.9999999999999995559, 4.790782976660087122 ) ) ;
#6508 = ORIENTED_EDGE ( 'NONE', *, *, #7494, .F. ) ;
#6509 = CARTESIAN_POINT ( 'NONE',  ( -26.17430056177004971, 3.000000000000000000, 0.5176030526561972156 ) ) ;
#6510 = DIRECTION ( 'NONE',  ( 0.000000000000000000, 6.105316248220648913E-14, 1.000000000000000000 ) ) ;
#6511 = LINE ( 'NONE', #3306, #6035 ) ;
#6512 = CARTESIAN_POINT ( 'NONE',  ( 8.477424180689936861, 2.999999999999999112, 0.8586758358809765124 ) ) ;
#6513 = CARTESIAN_POINT ( 'NONE',  ( -5.794456792393803291, 1.000000000000000000, 4.869447670711752885 ) ) ;
#6514 = EDGE_CURVE ( 'NONE', #868, #7304, #7876, .T. ) ;
#6515 = LINE ( 'NONE', #4015, #845 ) ;
#6516 = ORIENTED_EDGE ( 'NONE', *, *, #2474, .T. ) ;
#6517 = ORIENTED_EDGE ( 'NONE', *, *, #494, .T. ) ;
#6518 = CARTESIAN_POINT ( 'NONE',  ( 29.50000000000000000, 3.000000000000000000, 10.25000000000000711 ) ) ;
#6519 = CARTESIAN_POINT ( 'NONE',  ( -18.49668315904281712, 0.9999999999999995559, 1.403068762679275716 ) ) ;
#6520 = CARTESIAN_POINT ( 'NONE',  ( -9.055183238718937488, 3.000000000000000000, 3.964210950519026611 ) ) ;
#6521 = VECTOR ( 'NONE', #2744, 1000.000000000000000 ) ;
#6522 = EDGE_CURVE ( 'NONE', #5587, #2901, #10159, .T. ) ;
#6523 = EDGE_LOOP ( 'NONE', ( #4826, #3626, #3202, #4890 ) ) ;
#6524 = CARTESIAN_POINT ( 'NONE',  ( 13.15540869418238579, 0.9999999999999995559, 3.793105207036271853 ) ) ;
#6525 = ORIENTED_EDGE ( 'NONE', *, *, #6418, .F. ) ;
#6526 = ORIENTED_EDGE ( 'NONE', *, *, #8202, .T. ) ;
#6527 = DIRECTION ( 'NONE',  ( -0.000000000000000000, 0.000000000000000000, -1.000000000000000000 ) ) ;
#6528 = AXIS2_PLACEMENT_3D ( 'NONE', #3863, #462, #6156 ) ;
#6529 = CARTESIAN_POINT ( 'NONE',  ( -11.22376334412701304, 2.999999999999998668, 1.808583342631972846 ) ) ;
#6530 = CARTESIAN_POINT ( 'NONE',  ( 44.50000000000000711, 3.000000000000000000, 13.50000000000000178 ) ) ;
#6531 = EDGE_CURVE ( 'NONE', #1739, #980, #5266, .T. ) ;
#6532 = PLANE ( 'NONE',  #6726 ) ;
#6533 = ADVANCED_FACE ( 'NONE', ( #10370 ), #9734, .T. ) ;
#6534 = CARTESIAN_POINT ( 'NONE',  ( -18.11349746241714698, 1.000000000000000000, 0.5176030526561972156 ) ) ;
#6535 = EDGE_CURVE ( 'NONE', #6427, #8873, #6392, .T. ) ;
#6536 = ORIENTED_EDGE ( 'NONE', *, *, #6709, .F. ) ;
#6537 = ORIENTED_EDGE ( 'NONE', *, *, #3130, .F. ) ;
#6538 = AXIS2_PLACEMENT_3D ( 'NONE', #4176, #9759, #4877 ) ;
#6539 = DIRECTION ( 'NONE',  ( -0.000000000000000000, 0.000000000000000000, -1.000000000000000000 ) ) ;
#6540 = DIRECTION ( 'NONE',  ( -0.000000000000000000, 0.000000000000000000, -1.000000000000000000 ) ) ;
#6541 = CARTESIAN_POINT ( 'NONE',  ( 12.51884066499095027, 1.000000000000000888, 0.8743308374192215737 ) ) ;
#6542 = CARTESIAN_POINT ( 'NONE',  ( 25.04753732946765865, 2.999999999999999556, 0.8513258063415264365 ) ) ;
#6543 = EDGE_CURVE ( 'NONE', #7554, #6370, #1771, .T. ) ;
#6544 = CARTESIAN_POINT ( 'NONE',  ( -19.47106397205248740, 3.000000000000001332, 4.530136560350635833 ) ) ;
#6545 = CARTESIAN_POINT ( 'NONE',  ( 0.5319666742762407807, 1.000000000000000000, 0.8567078280890980668 ) ) ;
#6546 = CARTESIAN_POINT ( 'NONE',  ( -13.92943906137265309, 3.000000000000000000, 0.8567078280890980668 ) ) ;
#6547 = VECTOR ( 'NONE', #3927, 1000.000000000000000 ) ;
#6548 = CARTESIAN_POINT ( 'NONE',  ( -26.17430056177004971, 1.000000000000000000, 4.869447670711752885 ) ) ;
#6549 = VECTOR ( 'NONE', #5179, 1000.000000000000000 ) ;
#6550 = CARTESIAN_POINT ( 'NONE',  ( 22.77307220198634496, 0.9999999999999995559, 1.564450556194383779 ) ) ;
#6551 = EDGE_CURVE ( 'NONE', #9928, #9154, #4845, .T. ) ;
#6552 = ORIENTED_EDGE ( 'NONE', *, *, #9825, .F. ) ;
#6553 = VERTEX_POINT ( 'NONE', #3242 ) ;
#6554 = CARTESIAN_POINT ( 'NONE',  ( -9.308076387622628900, 1.000000000000000444, 4.480763731595659216 ) ) ;
#6555 = CARTESIAN_POINT ( 'NONE',  ( -19.31416561788143227, 1.000000000000000888, 3.428115231736965196 ) ) ;
#6556 = VECTOR ( 'NONE', #6442, 1000.000000000000000 ) ;
#6557 = ORIENTED_EDGE ( 'NONE', *, *, #757, .F. ) ;
#6558 = AXIS2_PLACEMENT_3D ( 'NONE', #7880, #3672, #3830 ) ;
#6559 = CARTESIAN_POINT ( 'NONE',  ( -10.58001346701759715, 0.9999999999999991118, 1.499638687624962108 ) ) ;
#6560 = VERTEX_POINT ( 'NONE', #3985 ) ;
#6561 = ORIENTED_EDGE ( 'NONE', *, *, #6082, .T. ) ;
#6562 = CARTESIAN_POINT ( 'NONE',  ( -9.854645932411949971, 3.000000000000000888, 0.4053493058654210612 ) ) ;
#6563 = LINE ( 'NONE', #1868, #9602 ) ;
#6564 = FACE_BOUND ( 'NONE', #631, .T. ) ;
#6565 = DIRECTION ( 'NONE',  ( -1.000000000000000000, 0.000000000000000000, 0.000000000000000000 ) ) ;
#6566 = CARTESIAN_POINT ( 'NONE',  ( 12.15757915242046394, 1.000000000000000000, 2.318105955929529394 ) ) ;
#6567 = VECTOR ( 'NONE', #7707, 1000.000000000000000 ) ;
#6568 = CARTESIAN_POINT ( 'NONE',  ( 6.824832897544077959, 1.000000000000000000, 4.530342895278852922 ) ) ;
#6569 = ORIENTED_EDGE ( 'NONE', *, *, #4795, .T. ) ;
#6570 = ORIENTED_EDGE ( 'NONE', *, *, #9387, .T. ) ;
#6571 = VECTOR ( 'NONE', #2633, 1000.000000000000000 ) ;
#6572 = EDGE_CURVE ( 'NONE', #7304, #3186, #7238, .T. ) ;
#6573 = CARTESIAN_POINT ( 'NONE',  ( -10.65026105192036177, 1.000000000000000000, 4.308387446154137379 ) ) ;
#6574 = CARTESIAN_POINT ( 'NONE',  ( -19.18129693839157213, 0.9999999999999995559, 0.8648130324602636421 ) ) ;
#6575 = LINE ( 'NONE', #5770, #2786 ) ;
#6576 = ORIENTED_EDGE ( 'NONE', *, *, #5601, .F. ) ;
#6577 = CARTESIAN_POINT ( 'NONE',  ( 23.39045654550879760, 3.000000000000001332, 0.7637102919824309000 ) ) ;
#6578 = CARTESIAN_POINT ( 'NONE',  ( 24.50685091445284414, 1.000000000000000000, 0.7436729029447978201 ) ) ;
#6579 = ORIENTED_EDGE ( 'NONE', *, *, #6068, .F. ) ;
#6580 = ORIENTED_EDGE ( 'NONE', *, *, #6860, .T. ) ;
#6581 = DIRECTION ( 'NONE',  ( -0.000000000000000000, 1.000000000000000000, -0.000000000000000000 ) ) ;
#6582 = CARTESIAN_POINT ( 'NONE',  ( 17.60288962712363414, 3.000000000000000000, 3.286958718691550541 ) ) ;
#6583 = EDGE_CURVE ( 'NONE', #10385, #979, #2226, .T. ) ;
#6584 = CARTESIAN_POINT ( 'NONE',  ( 24.81440503751280602, 3.000000000000000000, 4.958272281606582510 ) ) ;
#6585 = CARTESIAN_POINT ( 'NONE',  ( -13.48436404361697249, 3.000000000000000000, 4.925965133283901842 ) ) ;
#6586 = CARTESIAN_POINT ( 'NONE',  ( -10.58001346701759715, 0.9999999999999991118, 1.499638687624962108 ) ) ;
#6587 = ORIENTED_EDGE ( 'NONE', *, *, #4062, .F. ) ;
#6588 = ORIENTED_EDGE ( 'NONE', *, *, #7689, .T. ) ;
#6589 = ORIENTED_EDGE ( 'NONE', *, *, #1283, .F. ) ;
#6590 = PLANE ( 'NONE',  #9533 ) ;
#6591 = CARTESIAN_POINT ( 'NONE',  ( -19.50694160505050689, 3.000000000000000444, 2.381727230399813600 ) ) ;
#6592 = DIRECTION ( 'NONE',  ( 0.000000000000000000, 0.000000000000000000, 1.000000000000000000 ) ) ;
#6593 = ADVANCED_FACE ( 'NONE', ( #8945 ), #9614, .T. ) ;
#6594 = CARTESIAN_POINT ( 'NONE',  ( -10.05004510700616649, 3.000000000000000444, 2.952269370022099437 ) ) ;
#6595 = CARTESIAN_POINT ( 'NONE',  ( -18.70794836210622591, 3.000000000000000444, 4.342725688669728079 ) ) ;
#6596 = DIRECTION ( 'NONE',  ( -0.000000000000000000, 1.000000000000000000, -0.000000000000000000 ) ) ;
#6597 = CARTESIAN_POINT ( 'NONE',  ( -10.05004510700616649, 1.000000000000000000, 2.952269370022099437 ) ) ;
#6598 = CARTESIAN_POINT ( 'NONE',  ( -18.51667769795008311, 1.000000000000000444, 4.047473746718613263 ) ) ;
#6599 = FACE_OUTER_BOUND ( 'NONE', #7161, .T. ) ;
#6600 = ORIENTED_EDGE ( 'NONE', *, *, #694, .F. ) ;
#6601 = EDGE_LOOP ( 'NONE', ( #24, #5834, #1784, #5163 ) ) ;
#6602 = EDGE_CURVE ( 'NONE', #6479, #1676, #1129, .T. ) ;
#6603 = CARTESIAN_POINT ( 'NONE',  ( 8.491692300497751589, 3.000000000000000888, 1.956612994352228130 ) ) ;
#6604 = CARTESIAN_POINT ( 'NONE',  ( -9.606169272100341772, 0.9999999999999986677, 4.614908118826217986 ) ) ;
#6605 = CARTESIAN_POINT ( 'NONE',  ( -19.53713644829873886, 1.000000000000000444, 2.828579219298524183 ) ) ;
#6606 = ORIENTED_EDGE ( 'NONE', *, *, #9650, .F. ) ;
#6607 = CARTESIAN_POINT ( 'NONE',  ( -10.00957158137393677, 2.999999999999999112, 2.227805776788479353 ) ) ;
#6608 = EDGE_CURVE ( 'NONE', #4662, #9814, #1804, .T. ) ;
#6609 = ORIENTED_EDGE ( 'NONE', *, *, #2631, .T. ) ;
#6610 = ORIENTED_EDGE ( 'NONE', *, *, #3660, .F. ) ;
#6611 = CARTESIAN_POINT ( 'NONE',  ( 11.62175253335531444, 3.000000000000000000, 2.778301555542199708 ) ) ;
#6612 = CARTESIAN_POINT ( 'NONE',  ( 8.422836836480922074, 0.9999999999999991118, 2.331977531104653778 ) ) ;
#6613 = DIRECTION ( 'NONE',  ( -0.000000000000000000, 1.000000000000000000, -0.000000000000000000 ) ) ;
#6614 = CARTESIAN_POINT ( 'NONE',  ( 22.55669010955885767, 3.000000000000000888, 2.981423060855194151 ) ) ;
#6615 = CARTESIAN_POINT ( 'NONE',  ( -9.752130262821776086, 0.9999999999999991118, 0.4052792018291355158 ) ) ;
#6616 = CARTESIAN_POINT ( 'NONE',  ( 25.33475232499494467, 0.9999999999999995559, 4.275649795882336512 ) ) ;
#6617 = PLANE ( 'NONE',  #5781 ) ;
#6618 = ORIENTED_EDGE ( 'NONE', *, *, #4918, .T. ) ;
#6619 = EDGE_LOOP ( 'NONE', ( #8368, #781, #9896, #938 ) ) ;
#6620 = CARTESIAN_POINT ( 'NONE',  ( 25.64342551350362243, 1.000000000000000444, 3.387532790304873309 ) ) ;
#6621 = CARTESIAN_POINT ( 'NONE',  ( -9.044908474118761532, 0.9999999999999995559, 2.630140754397204184 ) ) ;
#6622 = CARTESIAN_POINT ( 'NONE',  ( -18.44157393135744982, 3.000000000000000000, 1.663070207060320271 ) ) ;
#6623 = DIRECTION ( 'NONE',  ( 0.000000000000000000, 0.000000000000000000, -1.000000000000000000 ) ) ;
#6624 = ORIENTED_EDGE ( 'NONE', *, *, #844, .F. ) ;
#6625 = CARTESIAN_POINT ( 'NONE',  ( 22.86713325294599031, 3.000000000000000444, 1.371728054960297483 ) ) ;
#6626 = ORIENTED_EDGE ( 'NONE', *, *, #4880, .F. ) ;
#6627 = VECTOR ( 'NONE', #6303, 1000.000000000000000 ) ;
#6628 = ORIENTED_EDGE ( 'NONE', *, *, #936, .F. ) ;
#6629 = CARTESIAN_POINT ( 'NONE',  ( 20.42169807290961359, 3.000000000000000000, 4.530342895278852922 ) ) ;
#6630 = CARTESIAN_POINT ( 'NONE',  ( 26.45985560061975761, 0.9999999999999995559, 3.124590240838202249 ) ) ;
#6631 = DIRECTION ( 'NONE',  ( -0.000000000000000000, 1.000000000000000000, -0.000000000000000000 ) ) ;
#6632 = DIRECTION ( 'NONE',  ( 1.000000000000000000, 0.000000000000000000, 0.000000000000000000 ) ) ;
#6633 = VECTOR ( 'NONE', #6976, 1000.000000000000000 ) ;
#6634 = ORIENTED_EDGE ( 'NONE', *, *, #580, .T. ) ;
#6635 = EDGE_CURVE ( 'NONE', #4363, #1583, #7590, .T. ) ;
#6636 = ORIENTED_EDGE ( 'NONE', *, *, #8671, .T. ) ;
#6637 = LINE ( 'NONE', #257, #864 ) ;
#6638 = CARTESIAN_POINT ( 'NONE',  ( 23.42130351882427419, 2.999999999999999556, 1.840051506221111799 ) ) ;
#6639 = VECTOR ( 'NONE', #1231, 1000.000000000000000 ) ;
#6640 = CARTESIAN_POINT ( 'NONE',  ( 12.51884066499095027, 3.000000000000000888, 0.8743308374192215737 ) ) ;
#6641 = AXIS2_PLACEMENT_3D ( 'NONE', #9997, #5056, #6699 ) ;
#6642 = CARTESIAN_POINT ( 'NONE',  ( 25.66252451438749205, 2.999999999999999556, 2.134509733047086577 ) ) ;
#6643 = CARTESIAN_POINT ( 'NONE',  ( -18.46206811866975528, 3.000000000000001332, 3.886163467671330807 ) ) ;
#6644 = DIRECTION ( 'NONE',  ( 0.000000000000000000, 1.000000000000000000, 0.000000000000000000 ) ) ;
#6645 = LINE ( 'NONE', #6597, #5338 ) ;
#6646 = CARTESIAN_POINT ( 'NONE',  ( -18.41492484489912940, 3.000000000000000444, 3.687827551978846596 ) ) ;
#6647 = CARTESIAN_POINT ( 'NONE',  ( 29.49999999999999645, 1.500000000000000000, -8.500000000000000000 ) ) ;
#6648 = ORIENTED_EDGE ( 'NONE', *, *, #5643, .T. ) ;
#6649 = VECTOR ( 'NONE', #8947, 1000.000000000000000 ) ;
#6650 = ADVANCED_FACE ( 'NONE', ( #2644 ), #5095, .T. ) ;
#6651 = VERTEX_POINT ( 'NONE', #8343 ) ;
#6652 = CARTESIAN_POINT ( 'NONE',  ( 25.59373560121935753, 3.000000000000000888, 1.696203216913106493 ) ) ;
#6653 = DIRECTION ( 'NONE',  ( 0.000000000000000000, 0.000000000000000000, -1.000000000000000000 ) ) ;
#6654 = ORIENTED_EDGE ( 'NONE', *, *, #5738, .F. ) ;
#6655 = FACE_OUTER_BOUND ( 'NONE', #508, .T. ) ;
#6656 = ORIENTED_EDGE ( 'NONE', *, *, #7714, .T. ) ;
#6657 = CARTESIAN_POINT ( 'NONE',  ( 23.55403595003795658, 2.999999999999999112, 0.6547349216804836392 ) ) ;
#6658 = CARTESIAN_POINT ( 'NONE',  ( 7.925474771927454753, 2.999999999999999112, 2.551890313064404392 ) ) ;
#6659 = CARTESIAN_POINT ( 'NONE',  ( -8.917929684857787365, 3.000000000000000444, 1.760987229243498930 ) ) ;
#6660 = CARTESIAN_POINT ( 'NONE',  ( 23.85989806996803608, 2.999999999999999556, 4.898597975036638630 ) ) ;
#6661 = CARTESIAN_POINT ( 'NONE',  ( -9.798365781489561499, 3.000000000000000444, 0.4045681275118970244 ) ) ;
#6662 = EDGE_CURVE ( 'NONE', #9242, #962, #8240, .T. ) ;
#6663 = ADVANCED_FACE ( 'NONE', ( #4296 ), #6747, .T. ) ;
#6664 = EDGE_CURVE ( 'NONE', #9513, #4279, #7477, .T. ) ;
#6665 = CARTESIAN_POINT ( 'NONE',  ( -9.779738897274210530, 1.000000000000000000, 4.979865491215240247 ) ) ;
#6666 = LINE ( 'NONE', #4169, #8856 ) ;
#6667 = VERTEX_POINT ( 'NONE', #8292 ) ;
#6668 = VERTEX_POINT ( 'NONE', #154 ) ;
#6669 = DIRECTION ( 'NONE',  ( 1.000000000000000000, 0.000000000000000000, 0.000000000000000000 ) ) ;
#6670 = DIRECTION ( 'NONE',  ( 1.174056982067627466E-13, -1.000000000000000000, -1.296603568604223548E-14 ) ) ;
#6671 = DIRECTION ( 'NONE',  ( 0.000000000000000000, 0.000000000000000000, 1.000000000000000000 ) ) ;
#6672 = CARTESIAN_POINT ( 'NONE',  ( -19.30863699937894395, 3.000000000000000888, 3.520073768149427629 ) ) ;
#6673 = EDGE_CURVE ( 'NONE', #8898, #5980, #2477, .T. ) ;
#6674 = ORIENTED_EDGE ( 'NONE', *, *, #4507, .F. ) ;
#6675 = CARTESIAN_POINT ( 'NONE',  ( 13.24063612933567313, 0.9999999999999995559, 3.337324797882504690 ) ) ;
#6676 = ORIENTED_EDGE ( 'NONE', *, *, #619, .T. ) ;
#6677 = ORIENTED_EDGE ( 'NONE', *, *, #4137, .T. ) ;
#6678 = CARTESIAN_POINT ( 'NONE',  ( -10.44986999077516998, 3.000000000000000444, 2.792126334554092537 ) ) ;
#6679 = CARTESIAN_POINT ( 'NONE',  ( 24.92422457763044719, 1.000000000000000444, 4.937430849396977628 ) ) ;
#6680 = CARTESIAN_POINT ( 'NONE',  ( -19.45325567638793984, 3.000000000000000000, 2.885098251483007470 ) ) ;
#6681 = CARTESIAN_POINT ( 'NONE',  ( 6.824832897544077959, 3.000000000000000000, 0.8567078280890980668 ) ) ;
#6682 = ORIENTED_EDGE ( 'NONE', *, *, #7246, .F. ) ;
#6683 = ORIENTED_EDGE ( 'NONE', *, *, #998, .F. ) ;
#6684 = LOCAL_TIME ( 10, 19, 55.00000000000000000, #5503 ) ;
#6685 = LINE ( 'NONE', #5836, #1201 ) ;
#6686 = DIRECTION ( 'NONE',  ( 0.000000000000000000, 0.000000000000000000, -1.000000000000000000 ) ) ;
#6687 = DIRECTION ( 'NONE',  ( -0.000000000000000000, -1.000000000000000000, -0.000000000000000000 ) ) ;
#6688 = CARTESIAN_POINT ( 'NONE',  ( -9.839178555403929494, 2.999999999999999556, 3.030511211401000882 ) ) ;
#6689 = CARTESIAN_POINT ( 'NONE',  ( -19.36860665583053631, 2.999999999999999112, 4.526377658721213670 ) ) ;
#6690 = PLANE ( 'NONE',  #10387 ) ;
#6691 = EDGE_CURVE ( 'NONE', #2035, #3730, #3444, .T. ) ;
#6692 = DIRECTION ( 'NONE',  ( -1.000000000000000000, 0.000000000000000000, 0.000000000000000000 ) ) ;
#6693 = CARTESIAN_POINT ( 'NONE',  ( -19.54232585890339635, 1.000000000000000444, 4.530272260525504358 ) ) ;
#6694 = CARTESIAN_POINT ( 'NONE',  ( 26.20038660723104584, 2.999999999999999556, 3.961202441905205429 ) ) ;
#6695 = ORIENTED_EDGE ( 'NONE', *, *, #422, .F. ) ;
#6696 = AXIS2_PLACEMENT_3D ( 'NONE', #9408, #5255, #1324 ) ;
#6697 = ORIENTED_EDGE ( 'NONE', *, *, #4014, .F. ) ;
#6698 = CARTESIAN_POINT ( 'NONE',  ( -8.674215256242693073, 0.9999999999999991118, 2.908400627384268411 ) ) ;
#6699 = DIRECTION ( 'NONE',  ( 0.000000000000000000, 0.000000000000000000, -1.000000000000000000 ) ) ;
#6700 = LINE ( 'NONE', #2756, #9403 ) ;
#6701 = ORIENTED_EDGE ( 'NONE', *, *, #3399, .T. ) ;
#6702 = DIRECTION ( 'NONE',  ( -1.000000000000000000, 0.000000000000000000, 0.000000000000000000 ) ) ;
#6703 = ORIENTED_EDGE ( 'NONE', *, *, #7466, .F. ) ;
#6704 = VERTEX_POINT ( 'NONE', #2960 ) ;
#6705 = VECTOR ( 'NONE', #8840, 1000.000000000000000 ) ;
#6706 = DIRECTION ( 'NONE',  ( -0.000000000000000000, 1.000000000000000000, -0.000000000000000000 ) ) ;
#6707 = FACE_OUTER_BOUND ( 'NONE', #6601, .T. ) ;
#6708 = CARTESIAN_POINT ( 'NONE',  ( -21.79243104172303802, 1.000000000000000000, 0.5176030526561972156 ) ) ;
#6709 = EDGE_CURVE ( 'NONE', #1422, #4344, #8552, .T. ) ;
#6710 = CARTESIAN_POINT ( 'NONE',  ( 21.40722132651148257, 1.000000000000000000, 0.8567078280890980668 ) ) ;
#6711 = CARTESIAN_POINT ( 'NONE',  ( -21.56724427678712885, 1.000000000000000000, 4.869447670711752885 ) ) ;
#6712 = VECTOR ( 'NONE', #5619, 1000.000000000000000 ) ;
#6713 = VECTOR ( 'NONE', #3245, 1000.000000000000000 ) ;
#6714 = DIRECTION ( 'NONE',  ( 0.000000000000000000, 0.000000000000000000, -1.000000000000000000 ) ) ;
#6715 = EDGE_CURVE ( 'NONE', #8336, #6977, #6845, .T. ) ;
#6716 = DIRECTION ( 'NONE',  ( -0.3651122491676597193, 0.000000000000000000, 0.9309635038537938945 ) ) ;
#6717 = DIRECTION ( 'NONE',  ( -0.000000000000000000, 0.000000000000000000, 1.000000000000000000 ) ) ;
#6718 = VERTEX_POINT ( 'NONE', #514 ) ;
#6719 = ORIENTED_EDGE ( 'NONE', *, *, #4862, .F. ) ;
#6720 = ADVANCED_FACE ( 'NONE', ( #9249 ), #10085, .T. ) ;
#6721 = ADVANCED_FACE ( 'NONE', ( #6158 ), #6049, .T. ) ;
#6722 = CARTESIAN_POINT ( 'NONE',  ( 25.52212614929346302, 1.000000000000001332, 3.914468401485362126 ) ) ;
#6723 = CIRCLE ( 'NONE', #4009, 3.000000000000000888 ) ;
#6724 = CARTESIAN_POINT ( 'NONE',  ( -19.42752846721963422, 1.000000000000000000, 0.8567078280890980668 ) ) ;
#6725 = DIRECTION ( 'NONE',  ( 0.000000000000000000, 0.000000000000000000, 1.000000000000000000 ) ) ;
#6726 = AXIS2_PLACEMENT_3D ( 'NONE', #1737, #3488, #9771 ) ;
#6727 = CARTESIAN_POINT ( 'NONE',  ( 29.49999999999999645, 3.000000000000000000, -7.250000000000002665 ) ) ;
#6728 = ORIENTED_EDGE ( 'NONE', *, *, #10448, .F. ) ;
#6729 = CARTESIAN_POINT ( 'NONE',  ( 23.73004452280684262, 1.000000000000000444, 0.5642858197028067790 ) ) ;
#6730 = AXIS2_PLACEMENT_3D ( 'NONE', #8205, #9845, #1763 ) ;
#6731 = EDGE_CURVE ( 'NONE', #5214, #954, #6793, .T. ) ;
#6732 = VERTEX_POINT ( 'NONE', #9302 ) ;
#6733 = ORIENTED_EDGE ( 'NONE', *, *, #7182, .F. ) ;
#6734 = DIRECTION ( 'NONE',  ( -1.000000000000000000, 0.000000000000000000, 0.000000000000000000 ) ) ;
#6735 = CARTESIAN_POINT ( 'NONE',  ( -2.408707550180942736, 3.000000000000000000, 0.5176030526561972156 ) ) ;
#6736 = EDGE_CURVE ( 'NONE', #7860, #2636, #2058, .T. ) ;
#6737 = ADVANCED_FACE ( 'NONE', ( #4350 ), #3762, .T. ) ;
#6738 = LINE ( 'NONE', #4932, #1135 ) ;
#6739 = CARTESIAN_POINT ( 'NONE',  ( -9.053924829172020239, 3.000000000000000000, 3.882158246404506130 ) ) ;
#6740 = VECTOR ( 'NONE', #5871, 1000.000000000000000 ) ;
#6741 = DIRECTION ( 'NONE',  ( 0.000000000000000000, 0.000000000000000000, 1.000000000000000000 ) ) ;
#6742 = ORIENTED_EDGE ( 'NONE', *, *, #3852, .T. ) ;
#6743 = EDGE_LOOP ( 'NONE', ( #4544, #1481, #3393, #2355 ) ) ;
#6744 = CARTESIAN_POINT ( 'NONE',  ( -17.16859613503900661, 1.000000000000000000, 0.8567078280890980668 ) ) ;
#6745 = PLANE ( 'NONE',  #3790 ) ;
#6746 = CARTESIAN_POINT ( 'NONE',  ( 12.84129271126517402, 3.000000000000000000, 0.9773725912188430121 ) ) ;
#6747 = PLANE ( 'NONE',  #7420 ) ;
#6748 = CARTESIAN_POINT ( 'NONE',  ( 11.35152841543222202, 3.000000000000000000, 0.8567078280890980668 ) ) ;
#6749 = FACE_OUTER_BOUND ( 'NONE', #9349, .T. ) ;
#6750 = CARTESIAN_POINT ( 'NONE',  ( -19.27468237950923324, 3.000000000000000444, 4.521118292101938607 ) ) ;
#6751 = PLANE ( 'NONE',  #6195 ) ;
#6752 = EDGE_LOOP ( 'NONE', ( #8976, #8109, #2836, #9161 ) ) ;
#6753 = ORIENTED_EDGE ( 'NONE', *, *, #7466, .T. ) ;
#6754 = DIRECTION ( 'NONE',  ( 0.000000000000000000, 0.000000000000000000, 1.000000000000000000 ) ) ;
#6755 = DIRECTION ( 'NONE',  ( 1.000000000000000000, 0.000000000000000000, 0.000000000000000000 ) ) ;
#6756 = EDGE_LOOP ( 'NONE', ( #5825, #498, #6768, #5407 ) ) ;
#6757 = LINE ( 'NONE', #9952, #6123 ) ;
#6758 = ORIENTED_EDGE ( 'NONE', *, *, #1851, .T. ) ;
#6759 = ORIENTED_EDGE ( 'NONE', *, *, #9585, .T. ) ;
#6760 = CARTESIAN_POINT ( 'NONE',  ( 12.08631997278138925, 3.000000000000000888, 2.381727230399814044 ) ) ;
#6761 = CARTESIAN_POINT ( 'NONE',  ( -11.38438707492051982, 1.000000000000000000, 0.8567078280890980668 ) ) ;
#6762 = DIRECTION ( 'NONE',  ( -0.3651122491676597193, 0.000000000000000000, 0.9309635038537938945 ) ) ;
#6763 = CARTESIAN_POINT ( 'NONE',  ( 22.20553048534310037, 1.000000000000000000, 4.530342895278852922 ) ) ;
#6764 = CARTESIAN_POINT ( 'NONE',  ( -18.41816190909514006, 1.000000000000000000, 1.817504691815648776 ) ) ;
#6765 = EDGE_CURVE ( 'NONE', #5438, #2597, #10252, .T. ) ;
#6766 = CARTESIAN_POINT ( 'NONE',  ( -5.609008868328936082, 3.000000000000000000, 3.399993643835850676 ) ) ;
#6767 = DIRECTION ( 'NONE',  ( 0.000000000000000000, 0.000000000000000000, 1.000000000000000000 ) ) ;
#6768 = ORIENTED_EDGE ( 'NONE', *, *, #2020, .T. ) ;
#6769 = ORIENTED_EDGE ( 'NONE', *, *, #8413, .T. ) ;
#6770 = CARTESIAN_POINT ( 'NONE',  ( 25.66134533372732207, 3.000000000000000444, 3.227166580488688652 ) ) ;
#6771 = CARTESIAN_POINT ( 'NONE',  ( -10.76686411941692256, 3.000000000000000444, 0.6705196508998534366 ) ) ;
#6772 = CARTESIAN_POINT ( 'NONE',  ( 0.000000000000000000, 0.000000000000000000, 13.50000000000000178 ) ) ;
#6773 = DIRECTION ( 'NONE',  ( -1.000000000000000000, 0.000000000000000000, 0.000000000000000000 ) ) ;
#6774 = ORIENTED_EDGE ( 'NONE', *, *, #8342, .F. ) ;
#6775 = CARTESIAN_POINT ( 'NONE',  ( 24.31720848257732470, 3.000000000000000000, 0.4108632037807701254 ) ) ;
#6776 = ADVANCED_FACE ( 'NONE', ( #8611 ), #464, .T. ) ;
#6777 = VERTEX_POINT ( 'NONE', #5411 ) ;
#6778 = ORIENTED_EDGE ( 'NONE', *, *, #2178, .F. ) ;
#6779 = LINE ( 'NONE', #2679, #3617 ) ;
#6780 = PLANE ( 'NONE',  #2643 ) ;
#6781 = FACE_OUTER_BOUND ( 'NONE', #8543, .T. ) ;
#6782 = DIRECTION ( 'NONE',  ( -0.000000000000000000, 1.000000000000000000, -0.000000000000000000 ) ) ;
#6783 = EDGE_CURVE ( 'NONE', #1817, #1196, #2852, .T. ) ;
#6784 = LINE ( 'NONE', #1096, #3642 ) ;
#6785 = VERTEX_POINT ( 'NONE', #6101 ) ;
#6786 = EDGE_CURVE ( 'NONE', #3007, #8325, #9646, .T. ) ;
#6787 = VERTEX_POINT ( 'NONE', #5681 ) ;
#6788 = AXIS2_PLACEMENT_3D ( 'NONE', #7265, #5613, #7314 ) ;
#6789 = ADVANCED_FACE ( 'NONE', ( #3180 ), #6969, .T. ) ;
#6790 = CARTESIAN_POINT ( 'NONE',  ( -22.80974536802174057, 3.000000000000000000, 0.8567078280890980668 ) ) ;
#6791 = CARTESIAN_POINT ( 'NONE',  ( -16.41002581707842722, 1.000000000000000000, 0.8567078280890980668 ) ) ;
#6792 = CARTESIAN_POINT ( 'NONE',  ( 8.500928896949403679, 1.000000000000000000, 3.682580956696600794 ) ) ;
#6793 = LINE ( 'NONE', #5359, #3846 ) ;
#6794 = DIRECTION ( 'NONE',  ( -0.000000000000000000, 1.000000000000000000, -0.000000000000000000 ) ) ;
#6795 = AXIS2_PLACEMENT_3D ( 'NONE', #5813, #5865, #3567 ) ;
#6796 = DIRECTION ( 'NONE',  ( -0.000000000000000000, 0.000000000000000000, -1.000000000000000000 ) ) ;
#6797 = CARTESIAN_POINT ( 'NONE',  ( -18.58007691627477342, 3.000000000000000444, 4.179936696246202565 ) ) ;
#6798 = EDGE_CURVE ( 'NONE', #954, #2146, #9505, .T. ) ;
#6799 = CARTESIAN_POINT ( 'NONE',  ( 24.50598734493892294, 3.000000000000000000, 4.982069869017063724 ) ) ;
#6800 = ORIENTED_EDGE ( 'NONE', *, *, #5460, .T. ) ;
#6801 = ORIENTED_EDGE ( 'NONE', *, *, #7818, .T. ) ;
#6802 = CARTESIAN_POINT ( 'NONE',  ( -9.064226487073316463, 3.000000000000000000, 4.043977312808067381 ) ) ;
#6803 = VECTOR ( 'NONE', #8466, 1000.000000000000000 ) ;
#6804 = VECTOR ( 'NONE', #150, 1000.000000000000000 ) ;
#6805 = PLANE ( 'NONE',  #8905 ) ;
#6806 = ORIENTED_EDGE ( 'NONE', *, *, #1076, .F. ) ;
#6807 = CARTESIAN_POINT ( 'NONE',  ( -29.50000000000000355, 1.500000000000000000, -10.24999999999999645 ) ) ;
#6808 = EDGE_LOOP ( 'NONE', ( #321, #4459, #5552, #5907, #214, #9610, #7330, #7588, #7191, #2134, #7961, #9285, #2808, #8384, #5302, #1275, #6929, #6202, #6030, #7505, #5088, #1334, #3011, #606 ) ) ;
#6809 = ORIENTED_EDGE ( 'NONE', *, *, #3098, .F. ) ;
#6810 = CARTESIAN_POINT ( 'NONE',  ( -24.73310526618022109, 1.000000000000000000, 0.5176030526561972156 ) ) ;
#6811 = DIRECTION ( 'NONE',  ( -0.000000000000000000, 0.000000000000000000, 1.000000000000000000 ) ) ;
#6812 = LINE ( 'NONE', #6708, #5287 ) ;
#6813 = DIRECTION ( 'NONE',  ( -1.000000000000000000, 0.000000000000000000, 0.000000000000000000 ) ) ;
#6814 = CARTESIAN_POINT ( 'NONE',  ( 25.61929933295277451, 1.000000000000000000, 3.535656431951958556 ) ) ;
#6815 = VECTOR ( 'NONE', #6762, 999.9999999999998863 ) ;
#6816 = DIRECTION ( 'NONE',  ( 1.000000000000000000, 0.000000000000000000, 0.000000000000000000 ) ) ;
#6817 = CARTESIAN_POINT ( 'NONE',  ( 7.564858423098167250, 1.000000000000000000, 2.891336480686500288 ) ) ;
#6818 = CARTESIAN_POINT ( 'NONE',  ( -29.50000000000000355, 1.500000000000000000, -13.24999999999999467 ) ) ;
#6819 = ORIENTED_EDGE ( 'NONE', *, *, #6522, .T. ) ;
#6820 = VECTOR ( 'NONE', #9437, 1000.000000000000000 ) ;
#6821 = VERTEX_POINT ( 'NONE', #8877 ) ;
#6822 = B_SPLINE_CURVE_WITH_KNOTS ( 'NONE', 3,
 ( #4850, #3293, #4950, #9787, #5745, #8045, #5543, #7297, #9582, #5699, #8992, #8098, #15, #8949, #8795, #4740, #3246, #640, #1657, #4900, #3884, #10377, #3087 ),
 .UNSPECIFIED., .F., .F.,
 ( 4, 1, 1, 1, 1, 1, 1, 1, 1, 1, 1, 1, 1, 1, 1, 1, 1, 1, 1, 1, 4 ),
 ( 0.000000000000000000, 0.05445261980399008356, 0.1046118189577467383, 0.1504930484045242656, 0.1925539255659355908, 0.2682209170454576408, 0.3356543270214843444, 0.3969297891821619850, 0.4537143701204079949, 0.4824450359937568211, 0.5129567874581103526, 0.5452063008310509273, 0.5794226517806948529, 0.6167630159873342954, 0.6569738746896478521, 0.6998983615773637368, 0.7463318727924305174, 0.7981268172847219011, 0.8580462552437460033, 0.9251868521988152461, 1.000000000000000000 ),
 .UNSPECIFIED. ) ;
#6823 = CARTESIAN_POINT ( 'NONE',  ( 25.43692726156337613, 3.000000000000001776, 4.115029550705583183 ) ) ;
#6824 = CARTESIAN_POINT ( 'NONE',  ( -18.49668315904281712, 0.9999999999999995559, 1.403068762679275716 ) ) ;
#6825 = CARTESIAN_POINT ( 'NONE',  ( 23.35619069989797580, 1.000000000000000000, 2.715602495501221014 ) ) ;
#6826 = EDGE_CURVE ( 'NONE', #5587, #9977, #1003, .T. ) ;
#6827 = CARTESIAN_POINT ( 'NONE',  ( -19.71756500546343460, 3.000000000000000444, 2.788759618130051354 ) ) ;
#6828 = ORIENTED_EDGE ( 'NONE', *, *, #2812, .T. ) ;
#6829 = LINE ( 'NONE', #8643, #183 ) ;
#6830 = ORIENTED_EDGE ( 'NONE', *, *, #5145, .T. ) ;
#6831 = VERTEX_POINT ( 'NONE', #3919 ) ;
#6832 = LINE ( 'NONE', #1939, #2814 ) ;
#6833 = LINE ( 'NONE', #452, #4024 ) ;
#6834 = EDGE_CURVE ( 'NONE', #2167, #4356, #7171, .T. ) ;
#6835 = CARTESIAN_POINT ( 'NONE',  ( -9.850198761613610188, 3.000000000000000000, 0.7440539741468582546 ) ) ;
#6836 = CARTESIAN_POINT ( 'NONE',  ( 12.00390348671580654, 1.000000000000000444, 2.808880362128500341 ) ) ;
#6837 = ORIENTED_EDGE ( 'NONE', *, *, #6204, .T. ) ;
#6838 = DIRECTION ( 'NONE',  ( 1.000000000000000000, 0.000000000000000000, 0.000000000000000000 ) ) ;
#6839 = VERTEX_POINT ( 'NONE', #10411 ) ;
#6840 = CARTESIAN_POINT ( 'NONE',  ( -11.25898895483856421, 1.000000000000000000, 3.513028568980150812 ) ) ;
#6841 = DIRECTION ( 'NONE',  ( -0.000000000000000000, 1.000000000000000000, -0.000000000000000000 ) ) ;
#6842 = EDGE_CURVE ( 'NONE', #6718, #2146, #6376, .T. ) ;
#6843 = VECTOR ( 'NONE', #2497, 1000.000000000000000 ) ;
#6844 = CARTESIAN_POINT ( 'NONE',  ( 2.617814277329656658, 1.000000000000000000, 3.682580956696600794 ) ) ;
#6845 = LINE ( 'NONE', #1263, #6567 ) ;
#6846 = CARTESIAN_POINT ( 'NONE',  ( 14.09527460623957040, 1.000000000000000000, 4.869447670711752885 ) ) ;
#6847 = EDGE_CURVE ( 'NONE', #804, #1152, #7112, .T. ) ;
#6848 = DIRECTION ( 'NONE',  ( -0.000000000000000000, 1.000000000000000000, -0.000000000000000000 ) ) ;
#6849 = EDGE_CURVE ( 'NONE', #5044, #8821, #8824, .T. ) ;
#6850 = CARTESIAN_POINT ( 'NONE',  ( -2.831705434119378140, 3.000000000000000000, 4.530342895278852922 ) ) ;
#6851 = CARTESIAN_POINT ( 'NONE',  ( 16.30044113844387255, 3.000000000000000444, 4.522282285698207893 ) ) ;
#6852 = LINE ( 'NONE', #7869, #9760 ) ;
#6853 = VERTEX_POINT ( 'NONE', #251 ) ;
#6854 = VECTOR ( 'NONE', #7593, 1000.000000000000000 ) ;
#6855 = EDGE_LOOP ( 'NONE', ( #1786, #5657, #8254, #2117 ) ) ;
#6856 = CARTESIAN_POINT ( 'NONE',  ( -8.758375220123275184, 2.999999999999999556, 2.829085655164152335 ) ) ;
#6857 = CARTESIAN_POINT ( 'NONE',  ( 25.64389927101416689, 1.000000000000001332, 1.977245783634920651 ) ) ;
#6858 = CARTESIAN_POINT ( 'NONE',  ( 12.66202707882395018, 1.000000000000000000, 1.704469766671348863 ) ) ;
#6859 = VERTEX_POINT ( 'NONE', #3487 ) ;
#6860 = EDGE_CURVE ( 'NONE', #4545, #921, #6738, .T. ) ;
#6861 = PLANE ( 'NONE',  #7746 ) ;
#6862 = ORIENTED_EDGE ( 'NONE', *, *, #7058, .T. ) ;
#6863 = VERTEX_POINT ( 'NONE', #6530 ) ;
#6864 = CARTESIAN_POINT ( 'NONE',  ( -8.991273816277491449, 2.999999999999999112, 1.328562536425972329 ) ) ;
#6865 = CARTESIAN_POINT ( 'NONE',  ( -20.98175868795376076, 1.000000000000000000, 4.530342895278852922 ) ) ;
#6866 = DIRECTION ( 'NONE',  ( -0.000000000000000000, 1.000000000000000000, -0.000000000000000000 ) ) ;
#6867 = CARTESIAN_POINT ( 'NONE',  ( -21.56724427678712885, 1.000000000000000000, 0.8567078280890980668 ) ) ;
#6868 = DIRECTION ( 'NONE',  ( -0.000000000000000000, 1.000000000000000000, -0.000000000000000000 ) ) ;
#6869 = PLANE ( 'NONE',  #3258 ) ;
#6870 = VECTOR ( 'NONE', #3143, 1000.000000000000000 ) ;
#6871 = AXIS2_PLACEMENT_3D ( 'NONE', #6159, #6952, #1322 ) ;
#6872 = CARTESIAN_POINT ( 'NONE',  ( 19.76291639980298953, 3.000000000000000000, 4.530342895278852922 ) ) ;
#6873 = ORIENTED_EDGE ( 'NONE', *, *, #661, .T. ) ;
#6874 = ORIENTED_EDGE ( 'NONE', *, *, #1612, .T. ) ;
#6875 = CARTESIAN_POINT ( 'NONE',  ( -20.24173316239967235, 1.000000000000000000, 0.8567078280890980668 ) ) ;
#6876 = CARTESIAN_POINT ( 'NONE',  ( -14.79221345095063356, 1.000000000000000000, 2.259047368160571168 ) ) ;
#6877 = CARTESIAN_POINT ( 'NONE',  ( -10.43707496184690697, 1.000000000000000444, 4.950191178069883513 ) ) ;
#6878 = CARTESIAN_POINT ( 'NONE',  ( -21.56724427678712885, 1.000000000000000000, 4.530342895278852922 ) ) ;
#6879 = LINE ( 'NONE', #10125, #1273 ) ;
#6880 = AXIS2_PLACEMENT_3D ( 'NONE', #224, #3358, #9846 ) ;
#6881 = VECTOR ( 'NONE', #7999, 1000.000000000000000 ) ;
#6882 = B_SPLINE_SURFACE_WITH_KNOTS ( 'NONE', 3, 1, ( 
 ( #2953, #9348 ),
 ( #7758, #3701 ),
 ( #10080, #561 ),
 ( #357, #6947 ),
 ( #2795, #9399 ),
 ( #10194, #9299 ),
 ( #2902, #2104 ),
 ( #4554, #7808 ),
 ( #3807, #7055 ),
 ( #10300, #3010 ),
 ( #2418, #1635 ),
 ( #8818, #2609 ),
 ( #9907, #7164 ),
 ( #10462, #6426 ),
 ( #777, #720 ),
 ( #6475, #8711 ),
 ( #6665, #5627 ),
 ( #2259, #2363 ),
 ( #9667, #3221 ) ),
 .UNSPECIFIED., .F., .F., .F.,
 ( 4, 1, 1, 1, 1, 1, 1, 1, 1, 1, 1, 1, 1, 1, 1, 1, 4 ),
 ( 2, 2 ),
 ( 0.000000000000000000, 0.06191772823768266348, 0.1212956994016215206, 0.1787767972868763711, 0.2350689329166556485, 0.2904036608612571846, 0.3455205107247597551, 0.4011300817242280936, 0.4583191969981414982, 0.5170161097866842193, 0.5772947354186263036, 0.6402989064407433872, 0.7062019059635938900, 0.7747464214914556724, 0.8465050960009701253, 0.9214826833800484618, 1.000000000000000000 ),
 ( 0.000000000000000000, 1.000000000000000000 ),
 .UNSPECIFIED. ) ;
#6883 = ORIENTED_EDGE ( 'NONE', *, *, #9465, .T. ) ;
#6884 = CARTESIAN_POINT ( 'NONE',  ( 8.400430953540601209, 2.999999999999999556, 2.387777593008959975 ) ) ;
#6885 = CARTESIAN_POINT ( 'NONE',  ( -18.11349746241714698, 1.000000000000000000, 0.5176030526561972156 ) ) ;
#6886 = EDGE_CURVE ( 'NONE', #6732, #8579, #5731, .T. ) ;
#6887 = ORIENTED_EDGE ( 'NONE', *, *, #2824, .T. ) ;
#6888 = ORIENTED_EDGE ( 'NONE', *, *, #1544, .F. ) ;
#6889 = VECTOR ( 'NONE', #92, 1000.000000000000000 ) ;
#6890 = VECTOR ( 'NONE', #10357, 1000.000000000000000 ) ;
#6891 = CARTESIAN_POINT ( 'NONE',  ( -11.22719788214172887, 1.000000000000000000, 1.663847840447616022 ) ) ;
#6892 = DIRECTION ( 'NONE',  ( -0.000000000000000000, 1.000000000000000000, -0.000000000000000000 ) ) ;
#6893 = DIRECTION ( 'NONE',  ( -0.000000000000000000, 1.000000000000000000, -0.000000000000000000 ) ) ;
#6894 = FACE_OUTER_BOUND ( 'NONE', #7899, .T. ) ;
#6895 = CARTESIAN_POINT ( 'NONE',  ( 11.62175253335531444, 3.000000000000000000, 2.778301555542199708 ) ) ;
#6896 = EDGE_LOOP ( 'NONE', ( #5314, #10439, #9417, #6683 ) ) ;
#6897 = VECTOR ( 'NONE', #6966, 1000.000000000000000 ) ;
#6898 = CARTESIAN_POINT ( 'NONE',  ( 12.23924033292443525, 1.000000000000000888, 3.107636586842205340 ) ) ;
#6899 = VERTEX_POINT ( 'NONE', #9980 ) ;
#6900 = CARTESIAN_POINT ( 'NONE',  ( -21.79243104172303802, 3.000000000000000000, 0.5176030526561972156 ) ) ;
#6901 = ADVANCED_FACE ( 'NONE', ( #984 ), #8280, .T. ) ;
#6902 = LINE ( 'NONE', #10351, #7886 ) ;
#6903 = CARTESIAN_POINT ( 'NONE',  ( -14.79221345095063356, 1.000000000000000000, 2.259047368160571168 ) ) ;
#6904 = VECTOR ( 'NONE', #7696, 1000.000000000000000 ) ;
#6905 = CARTESIAN_POINT ( 'NONE',  ( 2.617814277329656658, 1.000000000000000000, 3.682580956696600794 ) ) ;
#6906 = PLANE ( 'NONE',  #9598 ) ;
#6907 = CARTESIAN_POINT ( 'NONE',  ( 44.50000000000000000, 0.000000000000000000, 13.50000000000000178 ) ) ;
#6908 = FACE_OUTER_BOUND ( 'NONE', #6491, .T. ) ;
#6909 = CARTESIAN_POINT ( 'NONE',  ( 7.564858423098167250, 1.000000000000000000, 4.530342895278852922 ) ) ;
#6910 = FACE_OUTER_BOUND ( 'NONE', #2674, .T. ) ;
#6911 = ORIENTED_EDGE ( 'NONE', *, *, #6070, .T. ) ;
#6912 = ORIENTED_EDGE ( 'NONE', *, *, #6572, .F. ) ;
#6913 = CARTESIAN_POINT ( 'NONE',  ( 24.56227813823556971, 1.000000000000000444, 0.7450935609599002030 ) ) ;
#6914 = EDGE_CURVE ( 'NONE', #5603, #4588, #1038, .T. ) ;
#6915 = FACE_OUTER_BOUND ( 'NONE', #1068, .T. ) ;
#6916 = CARTESIAN_POINT ( 'NONE',  ( -19.32771685682514828, 0.9999999999999991118, 1.966794162330093743 ) ) ;
#6917 = EDGE_LOOP ( 'NONE', ( #1381, #6127, #1243, #1433 ) ) ;
#6918 = LINE ( 'NONE', #8677, #10473 ) ;
#6919 = CARTESIAN_POINT ( 'NONE',  ( 23.20435249474229167, 1.000000000000000444, 4.513959128188095526 ) ) ;
#6920 = CARTESIAN_POINT ( 'NONE',  ( -9.127159524360063614, 1.000000000000000888, 1.052032825437329899 ) ) ;
#6921 = PLANE ( 'NONE',  #9775 ) ;
#6922 = CARTESIAN_POINT ( 'NONE',  ( 23.70656733907833669, 1.000000000000000888, 1.094173016429768941 ) ) ;
#6923 = ADVANCED_FACE ( 'NONE', ( #8177 ), #10109, .T. ) ;
#6924 = DIRECTION ( 'NONE',  ( 0.3307762265877872143, 0.000000000000000000, 0.9437092178867095837 ) ) ;
#6925 = EDGE_CURVE ( 'NONE', #3861, #2734, #6833, .T. ) ;
#6926 = CARTESIAN_POINT ( 'NONE',  ( -6.215688505626859595, 1.000000000000000000, 0.5176030526561972156 ) ) ;
#6927 = CARTESIAN_POINT ( 'NONE',  ( -26.17430056177004971, 1.000000000000000000, 4.530342895278852922 ) ) ;
#6928 = VERTEX_POINT ( 'NONE', #5295 ) ;
#6929 = ORIENTED_EDGE ( 'NONE', *, *, #6177, .T. ) ;
#6930 = DIRECTION ( 'NONE',  ( -0.5413121073257022298, 0.000000000000000000, -0.8408217423821814362 ) ) ;
#6931 = DIRECTION ( 'NONE',  ( -0.9421259426274558590, 0.000000000000000000, 0.3352591657633355871 ) ) ;
#6932 = CARTESIAN_POINT ( 'NONE',  ( -10.90862117903749073, 0.9999999999999995559, 4.857552487399496854 ) ) ;
#6933 = CARTESIAN_POINT ( 'NONE',  ( -19.55125476284443309, 0.9999999999999983347, 2.401632501044000723 ) ) ;
#6934 = CARTESIAN_POINT ( 'NONE',  ( 9.731949878599046144, 1.000000000000000000, 1.874022154387798844 ) ) ;
#6935 = VERTEX_POINT ( 'NONE', #3748 ) ;
#6936 = DIRECTION ( 'NONE',  ( -0.000000000000000000, 0.000000000000000000, -1.000000000000000000 ) ) ;
#6937 = LINE ( 'NONE', #1303, #3389 ) ;
#6938 = ORIENTED_EDGE ( 'NONE', *, *, #8557, .F. ) ;
#6939 = DIRECTION ( 'NONE',  ( -0.000000000000000000, 0.000000000000000000, -1.000000000000000000 ) ) ;
#6940 = CARTESIAN_POINT ( 'NONE',  ( 22.55169994359752650, 1.000000000000000000, 2.733264202555017786 ) ) ;
#6941 = CARTESIAN_POINT ( 'NONE',  ( 22.62500528370865283, 1.000000000000000888, 3.448564464744350744 ) ) ;
#6942 = LINE ( 'NONE', #10188, #7240 ) ;
#6943 = CARTESIAN_POINT ( 'NONE',  ( 12.27909595995046210, 1.000000000000000888, 3.428115231736965196 ) ) ;
#6944 = ORIENTED_EDGE ( 'NONE', *, *, #6842, .F. ) ;
#6945 = CARTESIAN_POINT ( 'NONE',  ( -22.75499407615497205, 1.000000000000000000, 4.925965133283901842 ) ) ;
#6946 = EDGE_LOOP ( 'NONE', ( #10184, #1773, #3557, #7757 ) ) ;
#6947 = CARTESIAN_POINT ( 'NONE',  ( -8.401467653979558747, 3.000000000000000444, 3.991589831309842573 ) ) ;
#6948 = B_SPLINE_CURVE_WITH_KNOTS ( 'NONE', 3,
 ( #7785, #482, #8684, #3727, #6974, #1395, #2130, #5383, #8634, #4581, #6236, #4635, #7883, #2397, #7193, #5702, #3944, #18, #9691 ),
 .UNSPECIFIED., .F., .F.,
 ( 4, 1, 1, 1, 1, 1, 1, 1, 1, 1, 1, 1, 1, 1, 1, 1, 4 ),
 ( 0.000000000000000000, 0.07787292094786968377, 0.1476963732083403091, 0.2087403918140505743, 0.2626134554460765602, 0.3095945281426245033, 0.3532903778341996426, 0.3930548374353033947, 0.4309713499394045022, 0.4699614812751924386, 0.5139711402980120525, 0.5636488854585625097, 0.6194024342821988771, 0.6880095743337663050, 0.7742450341433853023, 0.8776801184072766659, 1.000000000000000000 ),
 .UNSPECIFIED. ) ;
#6949 = CARTESIAN_POINT ( 'NONE',  ( 25.83432413246131887, 3.000000000000000888, 0.8916346381211691652 ) ) ;
#6950 = CARTESIAN_POINT ( 'NONE',  ( -9.948514088108566966, 3.000000000000000444, 4.642966663969444241 ) ) ;
#6951 = CARTESIAN_POINT ( 'NONE',  ( 25.97454655753508490, 0.9999999999999986677, 4.303517705077299027 ) ) ;
#6952 = DIRECTION ( 'NONE',  ( -0.000000000000000000, 0.000000000000000000, -1.000000000000000000 ) ) ;
#6953 = CARTESIAN_POINT ( 'NONE',  ( 6.239347308710709861, 3.000000000000000000, 4.530342895278852922 ) ) ;
#6954 = DIRECTION ( 'NONE',  ( -0.000000000000000000, 0.000000000000000000, 1.000000000000000000 ) ) ;
#6955 = CARTESIAN_POINT ( 'NONE',  ( 16.87003408636479662, 1.000000000000000444, 4.343055688706876971 ) ) ;
#6956 = EDGE_CURVE ( 'NONE', #8471, #6560, #7750, .T. ) ;
#6957 = CARTESIAN_POINT ( 'NONE',  ( -9.911022903875801759, 1.000000000000000444, 0.7447892801711264443 ) ) ;
#6958 = VERTEX_POINT ( 'NONE', #9391 ) ;
#6959 = ORIENTED_EDGE ( 'NONE', *, *, #1588, .F. ) ;
#6960 = CARTESIAN_POINT ( 'NONE',  ( 24.90630184285747006, 1.000000000000000444, 0.7945131521445304434 ) ) ;
#6961 = CARTESIAN_POINT ( 'NONE',  ( -19.42752846721963422, 1.000000000000000000, 0.8567078280890980668 ) ) ;
#6962 = CARTESIAN_POINT ( 'NONE',  ( -19.34308798459224121, 3.000000000000000888, 2.068887076129901637 ) ) ;
#6963 = EDGE_LOOP ( 'NONE', ( #755, #3218, #3375, #7299 ) ) ;
#6964 = VECTOR ( 'NONE', #2110, 1000.000000000000000 ) ;
#6965 = EDGE_LOOP ( 'NONE', ( #3334, #5868, #4404, #8658 ) ) ;
#6966 = DIRECTION ( 'NONE',  ( -0.000000000000000000, 1.000000000000000000, -0.000000000000000000 ) ) ;
#6967 = DIRECTION ( 'NONE',  ( 0.000000000000000000, 0.000000000000000000, -1.000000000000000000 ) ) ;
#6968 = DIRECTION ( 'NONE',  ( -0.000000000000000000, 1.000000000000000000, -0.000000000000000000 ) ) ;
#6969 = B_SPLINE_SURFACE_WITH_KNOTS ( 'NONE', 3, 1, ( 
 ( #9722, #6321 ),
 ( #8077, #2265 ),
 ( #784, #6431 ),
 ( #3971, #8776 ),
 ( #5634, #7281 ),
 ( #9673, #9564 ),
 ( #1371, #2372 ),
 ( #7223, #10305 ),
 ( #4616, #3065 ),
 ( #7863, #9619 ),
 ( #2210, #567 ) ),
 .UNSPECIFIED., .F., .F., .F.,
 ( 4, 1, 1, 1, 1, 1, 1, 1, 4 ),
 ( 2, 2 ),
 ( 0.000000000000000000, 0.1211392141976207898, 0.2459859179580826116, 0.3727011087425523561, 0.5016122113174443786, 0.6272122548229364103, 0.7452192091565270626, 0.8649590464748557750, 1.000000000000000000 ),
 ( 0.000000000000000000, 1.000000000000000000 ),
 .UNSPECIFIED. ) ;
#6970 = DIRECTION ( 'NONE',  ( -0.000000000000000000, 1.000000000000000000, -0.000000000000000000 ) ) ;
#6971 = CARTESIAN_POINT ( 'NONE',  ( 23.76023776411001265, 1.000000000000000000, 1.028188659032164498 ) ) ;
#6972 = EDGE_CURVE ( 'NONE', #820, #6229, #10186, .T. ) ;
#6973 = VECTOR ( 'NONE', #1079, 1000.000000000000000 ) ;
#6974 = CARTESIAN_POINT ( 'NONE',  ( 8.083044213471143991, 1.000000000000000000, 2.545940099856856431 ) ) ;
#6975 = CARTESIAN_POINT ( 'NONE',  ( -18.35262544849621591, 1.000000000000000444, 3.337324797882506022 ) ) ;
#6976 = DIRECTION ( 'NONE',  ( -1.000000000000000000, 0.000000000000000000, 0.000000000000000000 ) ) ;
#6977 = VERTEX_POINT ( 'NONE', #6148 ) ;
#6978 = ORIENTED_EDGE ( 'NONE', *, *, #542, .F. ) ;
#6979 = ADVANCED_FACE ( 'NONE', ( #1093 ), #8004, .T. ) ;
#6980 = CARTESIAN_POINT ( 'NONE',  ( -9.524142129429215231, 2.999999999999999112, 2.419929085802563939 ) ) ;
#6981 = VECTOR ( 'NONE', #1251, 1000.000000000000000 ) ;
#6982 = VECTOR ( 'NONE', #9515, 1000.000000000000000 ) ;
#6983 = DIRECTION ( 'NONE',  ( -1.000000000000000000, 0.000000000000000000, 0.000000000000000000 ) ) ;
#6984 = DIRECTION ( 'NONE',  ( 0.000000000000000000, 1.000000000000000000, 0.000000000000000000 ) ) ;
#6985 = CARTESIAN_POINT ( 'NONE',  ( -19.65866876794611784, 0.9999999999999991118, 2.426800124957822824 ) ) ;
#6986 = EDGE_CURVE ( 'NONE', #1999, #10170, #1893, .T. ) ;
#6987 = EDGE_CURVE ( 'NONE', #1279, #8128, #8435, .T. ) ;
#6988 = VECTOR ( 'NONE', #5525, 1000.000000000000000 ) ;
#6989 = DIRECTION ( 'NONE',  ( -0.000000000000000000, 1.000000000000000000, -0.000000000000000000 ) ) ;
#6990 = CARTESIAN_POINT ( 'NONE',  ( 17.60288962712363414, 1.000000000000000000, 3.286958718691550541 ) ) ;
#6991 = ORIENTED_EDGE ( 'NONE', *, *, #6847, .T. ) ;
#6992 = ADVANCED_FACE ( 'NONE', ( #6781 ), #2842, .T. ) ;
#6993 = DIRECTION ( 'NONE',  ( -0.3369317380433076714, 0.000000000000000000, -0.9415290775643182508 ) ) ;
#6994 = CARTESIAN_POINT ( 'NONE',  ( -5.794456792393803291, 1.000000000000000000, 4.530342895278852922 ) ) ;
#6995 = CARTESIAN_POINT ( 'NONE',  ( 22.55669010955885767, 3.000000000000001332, 2.981423060855194151 ) ) ;
#6996 = ADVANCED_FACE ( 'NONE', ( #9494 ), #10464, .T. ) ;
#6997 = CARTESIAN_POINT ( 'NONE',  ( -9.122555800445002916, 2.999999999999998668, 3.525395305459904094 ) ) ;
#6998 = CARTESIAN_POINT ( 'NONE',  ( -0.05263582920443654611, 1.000000000000000000, 0.8567078280890980668 ) ) ;
#6999 = ORIENTED_EDGE ( 'NONE', *, *, #9724, .F. ) ;
#7000 = DIRECTION ( 'NONE',  ( -1.000000000000000000, 0.000000000000000000, 0.000000000000000000 ) ) ;
#7001 = ORIENTED_EDGE ( 'NONE', *, *, #4795, .F. ) ;
#7002 = LINE ( 'NONE', #4395, #2558 ) ;
#7003 = CARTESIAN_POINT ( 'NONE',  ( 24.60056614528089725, 1.000000000000000000, 0.4066130785466263720 ) ) ;
#7004 = CARTESIAN_POINT ( 'NONE',  ( -11.01760135825140097, 2.999999999999999556, 2.373644929673635495 ) ) ;
#7005 = CARTESIAN_POINT ( 'NONE',  ( -21.79243104172303802, 1.000000000000000000, 0.5176030526561972156 ) ) ;
#7006 = LINE ( 'NONE', #10253, #3991 ) ;
#7007 = PLANE ( 'NONE',  #1541 ) ;
#7008 = LINE ( 'NONE', #3708, #6394 ) ;
#7009 = CARTESIAN_POINT ( 'NONE',  ( 16.92632703447605280, 1.000000000000000888, 4.285593984574692428 ) ) ;
#7010 = CARTESIAN_POINT ( 'NONE',  ( -22.80974536802174057, 1.000000000000000000, 3.503740444497383866 ) ) ;
#7011 = ORIENTED_EDGE ( 'NONE', *, *, #5580, .F. ) ;
#7012 = ORIENTED_EDGE ( 'NONE', *, *, #6080, .F. ) ;
#7013 = CARTESIAN_POINT ( 'NONE',  ( -29.50000000000000355, 3.000000000000000000, -10.24999999999999645 ) ) ;
#7014 = CARTESIAN_POINT ( 'NONE',  ( 25.11350570418628081, 3.000000000000000888, 0.8886405164851840510 ) ) ;
#7015 = DIRECTION ( 'NONE',  ( -1.000000000000000000, 0.000000000000000000, 0.000000000000000000 ) ) ;
#7016 = LINE ( 'NONE', #9260, #4511 ) ;
#7017 = EDGE_CURVE ( 'NONE', #9182, #6416, #1521, .T. ) ;
#7018 = ORIENTED_EDGE ( 'NONE', *, *, #9493, .T. ) ;
#7019 = CARTESIAN_POINT ( 'NONE',  ( -19.97150904447657638, 1.000000000000000000, 2.778301555542199708 ) ) ;
#7020 = CARTESIAN_POINT ( 'NONE',  ( 24.25618671311602270, 0.9999999999999995559, 4.977629488456701168 ) ) ;
#7021 = CARTESIAN_POINT ( 'NONE',  ( -9.535683681315846982, 2.999999999999999556, 0.7743534183485472067 ) ) ;
#7022 = FACE_OUTER_BOUND ( 'NONE', #8745, .T. ) ;
#7023 = LINE ( 'NONE', #8573, #9023 ) ;
#7024 = AXIS2_PLACEMENT_3D ( 'NONE', #3662, #3771, #7873 ) ;
#7025 = DIRECTION ( 'NONE',  ( -0.000000000000000000, 1.000000000000000000, -0.000000000000000000 ) ) ;
#7026 = CARTESIAN_POINT ( 'NONE',  ( -18.41492484489912940, 1.000000000000000444, 3.687827551978846596 ) ) ;
#7027 = VECTOR ( 'NONE', #2903, 1000.000000000000000 ) ;
#7028 = LINE ( 'NONE', #6872, #5946 ) ;
#7029 = EDGE_CURVE ( 'NONE', #8325, #6821, #2194, .T. ) ;
#7030 = ORIENTED_EDGE ( 'NONE', *, *, #547, .F. ) ;
#7031 = ORIENTED_EDGE ( 'NONE', *, *, #5696, .T. ) ;
#7032 = CARTESIAN_POINT ( 'NONE',  ( 9.363703286527382375, 3.000000000000000000, 1.874022154387799066 ) ) ;
#7033 = LINE ( 'NONE', #6076, #3320 ) ;
#7034 = CARTESIAN_POINT ( 'NONE',  ( -19.97150904447657638, 1.000000000000000000, 2.439196780109299301 ) ) ;
#7035 = VECTOR ( 'NONE', #9569, 1000.000000000000000 ) ;
#7036 = EDGE_CURVE ( 'NONE', #6073, #10477, #10454, .T. ) ;
#7037 = CALENDAR_DATE ( 2026, 19, 8 ) ;
#7038 = CARTESIAN_POINT ( 'NONE',  ( 29.50000000000000000, 1.500000000000000000, 10.25000000000000711 ) ) ;
#7039 = CARTESIAN_POINT ( 'NONE',  ( -6.715514815249311376, 1.000000000000000000, 4.530342895278852922 ) ) ;
#7040 = EDGE_CURVE ( 'NONE', #5988, #4612, #5453, .T. ) ;
#7041 = VERTEX_POINT ( 'NONE', #6419 ) ;
#7042 = ADVANCED_FACE ( 'NONE', ( #769 ), #8063, .T. ) ;
#7043 = VERTEX_POINT ( 'NONE', #821 ) ;
#7044 = VECTOR ( 'NONE', #3089, 1000.000000000000000 ) ;
#7045 = CARTESIAN_POINT ( 'NONE',  ( 24.06471137498595425, 3.000000000000001776, 0.8117920928198715247 ) ) ;
#7046 = CARTESIAN_POINT ( 'NONE',  ( -8.433956844907349648, 3.000000000000000000, 4.119596023893453030 ) ) ;
#7047 = VECTOR ( 'NONE', #5611, 1000.000000000000000 ) ;
#7048 = CARTESIAN_POINT ( 'NONE',  ( -29.50000000000000355, 0.000000000000000000, -10.24999999999999645 ) ) ;
#7049 = CARTESIAN_POINT ( 'NONE',  ( -10.60373851556237845, 1.000000000000000444, 4.371945155800696092 ) ) ;
#7050 = ORIENTED_EDGE ( 'NONE', *, *, #4717, .T. ) ;
#7051 = ADVANCED_FACE ( 'NONE', ( #7369 ), #9126, .F. ) ;
#7052 = LINE ( 'NONE', #4496, #9518 ) ;
#7053 = VERTEX_POINT ( 'NONE', #9861 ) ;
#7054 = VECTOR ( 'NONE', #303, 1000.000000000000000 ) ;
#7055 = CARTESIAN_POINT ( 'NONE',  ( -8.694783155071231562, 2.999999999999999556, 4.553826125890351406 ) ) ;
#7056 = VECTOR ( 'NONE', #1568, 1000.000000000000000 ) ;
#7057 = B_SPLINE_SURFACE_WITH_KNOTS ( 'NONE', 3, 1, ( 
 ( #333, #1136 ),
 ( #10063, #4223 ),
 ( #291, #1829 ),
 ( #9125, #9228 ),
 ( #1882, #8271 ),
 ( #9173, #5128 ),
 ( #8318, #4377 ),
 ( #5072, #7631 ),
 ( #5869, #2567 ),
 ( #1183, #1026 ),
 ( #4275, #8369 ),
 ( #3571, #2618 ),
 ( #1931, #5974 ),
 ( #7530, #6823 ),
 ( #1082, #5816 ),
 ( #6722, #3424 ),
 ( #9967, #5230 ),
 ( #4324, #1775 ),
 ( #2774, #6024 ),
 ( #6620, #8474 ),
 ( #9280, #6770 ),
 ( #974, #9860 ),
 ( #10013, #2724 ),
 ( #1985, #7685 ),
 ( #9069, #5024 ) ),
 .UNSPECIFIED., .F., .F., .F.,
 ( 4, 1, 1, 1, 1, 1, 1, 1, 1, 1, 1, 1, 1, 1, 1, 1, 1, 1, 1, 1, 1, 1, 4 ),
 ( 2, 2 ),
 ( 0.000000000000000000, 0.06448938839655436739, 0.1255575134416277161, 0.1550159331573098542, 0.1845144492595710006, 0.2131984287760897157, 0.2424959141935214835, 0.2721827266784883625, 0.3026425042650704444, 0.3341968617465679303, 0.3670600942811068079, 0.4017756436483518323, 0.4390645000417434107, 0.4789948743957289645, 0.5216104137784945971, 0.5674470549350242310, 0.6170055250904779021, 0.6701068820359408207, 0.7268652713299360579, 0.7880006413874761639, 0.8539800987268270083, 0.9245026789484418472, 1.000000000000000000 ),
 ( 0.000000000000000000, 1.000000000000000000 ),
 .UNSPECIFIED. ) ;
#7058 = EDGE_CURVE ( 'NONE', #825, #717, #4173, .T. ) ;
#7059 = EDGE_CURVE ( 'NONE', #4981, #5135, #3425, .T. ) ;
#7060 = VERTEX_POINT ( 'NONE', #9757 ) ;
#7061 = CARTESIAN_POINT ( 'NONE',  ( 26.35807764109642193, 1.000000000000000000, 1.742666189910803132 ) ) ;
#7062 = CARTESIAN_POINT ( 'NONE',  ( -11.22376334412701304, 2.999999999999998668, 1.808583342631972846 ) ) ;
#7063 = CARTESIAN_POINT ( 'NONE',  ( 11.35152841543222202, 1.000000000000000000, 0.8567078280890980668 ) ) ;
#7064 = CARTESIAN_POINT ( 'NONE',  ( -18.04020137814388747, 3.000000000000000000, 4.869447670711752885 ) ) ;
#7065 = CARTESIAN_POINT ( 'NONE',  ( -20.98175868795376076, 1.000000000000000000, 4.530342895278852922 ) ) ;
#7066 = DIRECTION ( 'NONE',  ( 1.000000000000000000, 0.000000000000000000, 0.000000000000000000 ) ) ;
#7067 = AXIS2_PLACEMENT_3D ( 'NONE', #6169, #7823, #319 ) ;
#7068 = CARTESIAN_POINT ( 'NONE',  ( 16.96481798065089563, 0.9999999999999995559, 4.236238656315622464 ) ) ;
#7069 = FACE_OUTER_BOUND ( 'NONE', #3223, .T. ) ;
#7070 = ORIENTED_EDGE ( 'NONE', *, *, #9009, .F. ) ;
#7071 = VERTEX_POINT ( 'NONE', #873 ) ;
#7072 = CARTESIAN_POINT ( 'NONE',  ( 25.29254565642498775, 3.000000000000000000, 1.040551845415055521 ) ) ;
#7073 = CARTESIAN_POINT ( 'NONE',  ( -24.73310526618022109, 1.000000000000000000, 0.5176030526561972156 ) ) ;
#7074 = AXIS2_PLACEMENT_3D ( 'NONE', #261, #4243, #1850 ) ;
#7075 = LINE ( 'NONE', #3027, #2637 ) ;
#7076 = FACE_OUTER_BOUND ( 'NONE', #6292, .T. ) ;
#7077 = DIRECTION ( 'NONE',  ( -0.000000000000000000, 1.000000000000000000, -0.000000000000000000 ) ) ;
#7078 = FACE_OUTER_BOUND ( 'NONE', #7955, .T. ) ;
#7079 = LINE ( 'NONE', #3671, #8016 ) ;
#7080 = LINE ( 'NONE', #10323, #429 ) ;
#7081 = DIRECTION ( 'NONE',  ( 1.000000000000000000, 0.000000000000000000, 0.000000000000000000 ) ) ;
#7082 = VECTOR ( 'NONE', #3267, 1000.000000000000000 ) ;
#7083 = FACE_OUTER_BOUND ( 'NONE', #7611, .T. ) ;
#7084 = DIRECTION ( 'NONE',  ( -0.000000000000000000, 1.000000000000000000, -0.000000000000000000 ) ) ;
#7085 = ORIENTED_EDGE ( 'NONE', *, *, #3799, .F. ) ;
#7086 = CARTESIAN_POINT ( 'NONE',  ( 21.40722132651148257, 3.000000000000000000, 0.8567078280890980668 ) ) ;
#7087 = ORIENTED_EDGE ( 'NONE', *, *, #2857, .T. ) ;
#7088 = VERTEX_POINT ( 'NONE', #5817 ) ;
#7089 = DIRECTION ( 'NONE',  ( 0.000000000000000000, 0.000000000000000000, 1.000000000000000000 ) ) ;
#7090 = DIRECTION ( 'NONE',  ( 0.3352591657633355871, 0.000000000000000000, 0.9421259426274558590 ) ) ;
#7091 = CARTESIAN_POINT ( 'NONE',  ( 8.964914330331462011, 3.000000000000000000, 0.9431588549970280067 ) ) ;
#7092 = CARTESIAN_POINT ( 'NONE',  ( 23.47884525686108859, 1.000000000000000000, 3.833050282060540326 ) ) ;
#7093 = EDGE_CURVE ( 'NONE', #7993, #10294, #9913, .T. ) ;
#7094 = CARTESIAN_POINT ( 'NONE',  ( 8.353335897871016158, 3.000000000000000444, 2.997250043292686517 ) ) ;
#7095 = CARTESIAN_POINT ( 'NONE',  ( -10.60373851556237845, 1.000000000000000444, 4.371945155800696092 ) ) ;
#7096 = LINE ( 'NONE', #10234, #1874 ) ;
#7097 = EDGE_LOOP ( 'NONE', ( #9950, #8194, #3915, #1503 ) ) ;
#7098 = VERTEX_POINT ( 'NONE', #83 ) ;
#7099 = DIRECTION ( 'NONE',  ( -0.000000000000000000, 1.000000000000000000, -0.000000000000000000 ) ) ;
#7100 = LINE ( 'NONE', #453, #6309 ) ;
#7101 = CARTESIAN_POINT ( 'NONE',  ( -10.58077940397276429, 1.000000000000000000, 1.464270550739710908 ) ) ;
#7102 = EDGE_CURVE ( 'NONE', #7733, #5041, #2780, .T. ) ;
#7103 = CARTESIAN_POINT ( 'NONE',  ( -9.918465389455381143, 1.000000000000000444, 4.643377820423152613 ) ) ;
#7104 = ORIENTED_EDGE ( 'NONE', *, *, #6531, .T. ) ;
#7105 = CARTESIAN_POINT ( 'NONE',  ( 13.10612394757214894, 0.9999999999999995559, 3.970848827893331823 ) ) ;
#7106 = VERTEX_POINT ( 'NONE', #3368 ) ;
#7107 = CARTESIAN_POINT ( 'NONE',  ( 25.68349760128600323, 0.9999999999999995559, 2.484744207336862409 ) ) ;
#7108 = LINE ( 'NONE', #5676, #4955 ) ;
#7109 = EDGE_LOOP ( 'NONE', ( #3589, #446 ) ) ;
#7110 = CARTESIAN_POINT ( 'NONE',  ( 8.178602743217609827, 1.000000000000000000, 4.530342895278852922 ) ) ;
#7111 = DIRECTION ( 'NONE',  ( -0.000000000000000000, 1.000000000000000000, -0.000000000000000000 ) ) ;
#7112 = LINE ( 'NONE', #2323, #448 ) ;
#7113 = CARTESIAN_POINT ( 'NONE',  ( -23.39523095685510867, 1.000000000000000000, 0.5176030526561972156 ) ) ;
#7114 = LINE ( 'NONE', #6378, #3738 ) ;
#7115 = CARTESIAN_POINT ( 'NONE',  ( 6.239347308710709861, 1.000000000000000000, 0.8567078280890980668 ) ) ;
#7116 = CARTESIAN_POINT ( 'NONE',  ( -20.98175868795376076, 1.000000000000000000, 0.8567078280890980668 ) ) ;
#7117 = EDGE_CURVE ( 'NONE', #6073, #9016, #8272, .T. ) ;
#7118 = CARTESIAN_POINT ( 'NONE',  ( 25.68488677494109851, 1.000000000000000000, 2.674097483924798624 ) ) ;
#7119 = ADVANCED_FACE ( 'NONE', ( #9070 ), #186, .T. ) ;
#7120 = VERTEX_POINT ( 'NONE', #6467 ) ;
#7121 = ORIENTED_EDGE ( 'NONE', *, *, #2883, .F. ) ;
#7122 = CARTESIAN_POINT ( 'NONE',  ( -9.367983765584817490, 0.9999999999999991118, 0.8363692604467057867 ) ) ;
#7123 = DIRECTION ( 'NONE',  ( -0.000000000000000000, -1.000000000000000000, -0.000000000000000000 ) ) ;
#7124 = CARTESIAN_POINT ( 'NONE',  ( 12.16573311061225660, 3.000000000000000000, 0.8567078280890980668 ) ) ;
#7125 = CARTESIAN_POINT ( 'NONE',  ( -2.831705434119378140, 1.000000000000000000, 4.530342895278852922 ) ) ;
#7126 = CARTESIAN_POINT ( 'NONE',  ( 12.28759888928345667, 3.000000000000000000, 3.569546031552301102 ) ) ;
#7127 = ADVANCED_FACE ( 'NONE', ( #9710 ), #8166, .T. ) ;
#7128 = FACE_BOUND ( 'NONE', #7483, .T. ) ;
#7129 = DIRECTION ( 'NONE',  ( 1.000000000000000000, 0.000000000000000000, 0.000000000000000000 ) ) ;
#7130 = CARTESIAN_POINT ( 'NONE',  ( 23.51468964930166905, 2.999999999999998668, 3.947923091458153344 ) ) ;
#7131 = DIRECTION ( 'NONE',  ( 0.000000000000000000, 0.000000000000000000, 1.000000000000000000 ) ) ;
#7132 = CARTESIAN_POINT ( 'NONE',  ( 23.91651047507570382, 0.9999999999999995559, 0.4926498878807467618 ) ) ;
#7133 = ORIENTED_EDGE ( 'NONE', *, *, #2158, .F. ) ;
#7134 = DIRECTION ( 'NONE',  ( 1.000000000000000000, 0.000000000000000000, 0.000000000000000000 ) ) ;
#7135 = AXIS2_PLACEMENT_3D ( 'NONE', #8161, #10394, #2304 ) ;
#7136 = CARTESIAN_POINT ( 'NONE',  ( -17.16859613503900661, 1.000000000000000000, 0.8567078280890980668 ) ) ;
#7137 = CARTESIAN_POINT ( 'NONE',  ( 10.02601730104476374, 1.000000000000000000, 0.5176030526561972156 ) ) ;
#7138 = ORIENTED_EDGE ( 'NONE', *, *, #3649, .T. ) ;
#7139 = VERTEX_POINT ( 'NONE', #7321 ) ;
#7140 = PLANE ( 'NONE',  #3999 ) ;
#7141 = CARTESIAN_POINT ( 'NONE',  ( 8.704640052861430277, 1.000000000000001332, 0.8768261709491589340 ) ) ;
#7142 = LINE ( 'NONE', #7034, #4185 ) ;
#7143 = LINE ( 'NONE', #8529, #7221 ) ;
#7144 = VECTOR ( 'NONE', #6153, 1000.000000000000000 ) ;
#7145 = AXIS2_PLACEMENT_3D ( 'NONE', #2705, #5906, #9108 ) ;
#7146 = APPROVAL_DATE_TIME ( #7951, #5717 ) ;
#7147 = CARTESIAN_POINT ( 'NONE',  ( 8.012375095946479675, 3.000000000000000000, 2.895101878346926672 ) ) ;
#7148 = CARTESIAN_POINT ( 'NONE',  ( -10.80792834138254221, 1.000000000000000444, 3.985864073455342993 ) ) ;
#7149 = VECTOR ( 'NONE', #3518, 1000.000000000000000 ) ;
#7150 = PLANE ( 'NONE',  #7135 ) ;
#7151 = EDGE_LOOP ( 'NONE', ( #1877, #9986 ) ) ;
#7152 = VECTOR ( 'NONE', #1316, 1000.000000000000000 ) ;
#7153 = ORIENTED_EDGE ( 'NONE', *, *, #10229, .F. ) ;
#7154 = EDGE_CURVE ( 'NONE', #8648, #1152, #8915, .T. ) ;
#7155 = CARTESIAN_POINT ( 'NONE',  ( 23.42130351882427419, 3.000000000000001332, 1.840051506221111799 ) ) ;
#7156 = CARTESIAN_POINT ( 'NONE',  ( 23.85989806996803608, 0.9999999999999995559, 4.898597975036638630 ) ) ;
#7157 = CARTESIAN_POINT ( 'NONE',  ( -10.57869005695888021, 0.9999999999999991118, 1.377482107790330090 ) ) ;
#7158 = VECTOR ( 'NONE', #9340, 1000.000000000000000 ) ;
#7159 = CARTESIAN_POINT ( 'NONE',  ( -10.54159365867407239, 0.9999999999999991118, 4.436979001734626671 ) ) ;
#7160 = AXIS2_PLACEMENT_3D ( 'NONE', #179, #1581, #4027 ) ;
#7161 = EDGE_LOOP ( 'NONE', ( #8460, #10067, #2614, #6517 ) ) ;
#7162 = CARTESIAN_POINT ( 'NONE',  ( 13.17833673293276497, 0.9999999999999995559, 3.687827551978846152 ) ) ;
#7163 = ORIENTED_EDGE ( 'NONE', *, *, #740, .F. ) ;
#7164 = CARTESIAN_POINT ( 'NONE',  ( -9.152521604517167120, 2.999999999999999112, 4.847981933197189619 ) ) ;
#7165 = ORIENTED_EDGE ( 'NONE', *, *, #8897, .T. ) ;
#7166 = EDGE_LOOP ( 'NONE', ( #7454, #9798, #4747, #1846 ) ) ;
#7167 = PLANE ( 'NONE',  #2602 ) ;
#7168 = CARTESIAN_POINT ( 'NONE',  ( -11.20632168742515056, 3.000000000000000444, 1.945083330585618331 ) ) ;
#7169 = EDGE_CURVE ( 'NONE', #6477, #6928, #8122, .T. ) ;
#7170 = PERSON_AND_ORGANIZATION ( #1315, #746 ) ;
#7171 = LINE ( 'NONE', #1425, #795 ) ;
#7172 = CARTESIAN_POINT ( 'NONE',  ( 16.03188613707180465, 3.000000000000000444, 4.530302022799554074 ) ) ;
#7173 = PLANE ( 'NONE',  #3233 ) ;
#7174 = CARTESIAN_POINT ( 'NONE',  ( -6.715514815249311376, 3.000000000000000000, 4.530342895278852922 ) ) ;
#7175 = CARTESIAN_POINT ( 'NONE',  ( 17.21486189768705444, 3.000000000000000000, 3.430879011084310370 ) ) ;
#7176 = CARTESIAN_POINT ( 'NONE',  ( 6.239347308710709861, 1.000000000000000000, 0.5176030526561972156 ) ) ;
#7177 = ORIENTED_EDGE ( 'NONE', *, *, #8168, .F. ) ;
#7178 = ORIENTED_EDGE ( 'NONE', *, *, #8657, .T. ) ;
#7179 = CARTESIAN_POINT ( 'NONE',  ( 29.49999999999999645, 1.500000000000000000, -10.25000000000000000 ) ) ;
#7180 = CARTESIAN_POINT ( 'NONE',  ( -8.585006506893714473, 3.000000000000000000, 0.6271056363897379304 ) ) ;
#7181 = CARTESIAN_POINT ( 'NONE',  ( 13.12428545357402143, 1.000000000000000444, 1.522905499554296993 ) ) ;
#7182 = EDGE_CURVE ( 'NONE', #9411, #5708, #6048, .T. ) ;
#7183 = DIRECTION ( 'NONE',  ( 1.000000000000000000, 0.000000000000000000, 0.000000000000000000 ) ) ;
#7184 = EDGE_CURVE ( 'NONE', #809, #10337, #9516, .T. ) ;
#7185 = CARTESIAN_POINT ( 'NONE',  ( -9.056078200447577942, 3.000000000000000444, 3.781056107052294557 ) ) ;
#7186 = FACE_BOUND ( 'NONE', #792, .T. ) ;
#7187 = LINE ( 'NONE', #2389, #31 ) ;
#7188 = CARTESIAN_POINT ( 'NONE',  ( 23.41873886537875293, 0.9999999999999995559, 3.572865961964251547 ) ) ;
#7189 = LINE ( 'NONE', #6398, #4596 ) ;
#7190 = DIRECTION ( 'NONE',  ( 0.000000000000000000, 0.000000000000000000, 1.000000000000000000 ) ) ;
#7191 = ORIENTED_EDGE ( 'NONE', *, *, #4057, .T. ) ;
#7192 = ADVANCED_FACE ( 'NONE', ( #2084 ), #2671, .T. ) ;
#7193 = CARTESIAN_POINT ( 'NONE',  ( 8.463525132896327463, 0.9999999999999995559, 2.183379744326750860 ) ) ;
#7194 = CARTESIAN_POINT ( 'NONE',  ( -21.56724427678712885, 1.000000000000000000, 0.5176030526561972156 ) ) ;
#7195 = ORIENTED_EDGE ( 'NONE', *, *, #9504, .T. ) ;
#7196 = CARTESIAN_POINT ( 'NONE',  ( 7.835082541021258784, 1.000000000000000000, 2.891336480686500288 ) ) ;
#7197 = ORIENTED_EDGE ( 'NONE', *, *, #2311, .T. ) ;
#7198 = ORIENTED_EDGE ( 'NONE', *, *, #10018, .F. ) ;
#7199 = EDGE_CURVE ( 'NONE', #6899, #10130, #3572, .T. ) ;
#7200 = DIRECTION ( 'NONE',  ( 1.000000000000000000, 0.000000000000000000, 0.000000000000000000 ) ) ;
#7201 = AXIS2_PLACEMENT_3D ( 'NONE', #3026, #2223, #2120 ) ;
#7202 = CARTESIAN_POINT ( 'NONE',  ( -0.4853476520224602186, 1.000000000000000000, 3.503740444497386086 ) ) ;
#7203 = CARTESIAN_POINT ( 'NONE',  ( 17.23552612040466059, 3.000000000000000000, 3.286958718691550541 ) ) ;
#7204 = CARTESIAN_POINT ( 'NONE',  ( -6.744656631888076070, 1.000000000000000000, 3.060888868402950713 ) ) ;
#7205 = CARTESIAN_POINT ( 'NONE',  ( 12.25017359323966026, 1.000000000000000444, 2.068887076129902525 ) ) ;
#7206 = VECTOR ( 'NONE', #10249, 1000.000000000000000 ) ;
#7207 = DIRECTION ( 'NONE',  ( 0.000000000000000000, 1.000000000000000000, 0.000000000000000000 ) ) ;
#7208 = ORIENTED_EDGE ( 'NONE', *, *, #6673, .T. ) ;
#7209 = EDGE_LOOP ( 'NONE', ( #9995, #8397, #7769, #5127 ) ) ;
#7210 = CARTESIAN_POINT ( 'NONE',  ( 24.35331087910834569, 0.9999999999999995559, 0.7483367397997449100 ) ) ;
#7211 = CARTESIAN_POINT ( 'NONE',  ( -18.56104248117939193, 2.999999999999999556, 1.216090897909032131 ) ) ;
#7212 = DIRECTION ( 'NONE',  ( 0.000000000000000000, 1.000000000000000000, 0.000000000000000000 ) ) ;
#7213 = AXIS2_PLACEMENT_3D ( 'NONE', #8230, #3331, #146 ) ;
#7214 = CARTESIAN_POINT ( 'NONE',  ( 22.20553048534310037, 1.000000000000000000, 4.530342895278852922 ) ) ;
#7215 = ORIENTED_EDGE ( 'NONE', *, *, #6080, .T. ) ;
#7216 = CARTESIAN_POINT ( 'NONE',  ( -11.13757387848401059, 0.9999999999999986677, 1.150490703512686785 ) ) ;
#7217 = VERTEX_POINT ( 'NONE', #6025 ) ;
#7218 = ORIENTED_EDGE ( 'NONE', *, *, #1856, .F. ) ;
#7219 = CARTESIAN_POINT ( 'NONE',  ( -8.846094251801178032, 1.000000000000000000, 0.5427304553512315444 ) ) ;
#7220 = VECTOR ( 'NONE', #10017, 1000.000000000000000 ) ;
#7221 = VECTOR ( 'NONE', #4593, 1000.000000000000000 ) ;
#7222 = CARTESIAN_POINT ( 'NONE',  ( -44.50000000000000000, 3.000000000000000000, 13.50000000000000178 ) ) ;
#7223 = CARTESIAN_POINT ( 'NONE',  ( -10.90862117903749073, 0.9999999999999995559, 4.857552487399496854 ) ) ;
#7224 = LINE ( 'NONE', #3866, #4675 ) ;
#7225 = CARTESIAN_POINT ( 'NONE',  ( 16.30044113844387255, 1.000000000000000444, 4.522282285698207893 ) ) ;
#7226 = LINE ( 'NONE', #7920, #9081 ) ;
#7227 = LINE ( 'NONE', #7922, #3932 ) ;
#7228 = DIRECTION ( 'NONE',  ( -1.000000000000000000, 0.000000000000000000, 0.000000000000000000 ) ) ;
#7229 = ORIENTED_EDGE ( 'NONE', *, *, #9915, .F. ) ;
#7230 = VECTOR ( 'NONE', #6930, 1000.000000000000000 ) ;
#7231 = VECTOR ( 'NONE', #4006, 1000.000000000000000 ) ;
#7232 = EDGE_CURVE ( 'NONE', #5574, #6928, #4940, .T. ) ;
#7233 = VERTEX_POINT ( 'NONE', #1184 ) ;
#7234 = DIRECTION ( 'NONE',  ( -1.000000000000000000, 0.000000000000000000, 0.000000000000000000 ) ) ;
#7235 = CARTESIAN_POINT ( 'NONE',  ( -9.358294090363779461, 3.000000000000000000, 0.4337943409676880413 ) ) ;
#7236 = CARTESIAN_POINT ( 'NONE',  ( 13.17509966873675076, 3.000000000000000000, 1.817504691815648776 ) ) ;
#7237 = AXIS2_PLACEMENT_3D ( 'NONE', #5422, #4042, #7291 ) ;
#7238 = LINE ( 'NONE', #8092, #7755 ) ;
#7239 = CARTESIAN_POINT ( 'NONE',  ( -19.94030248277098849, 3.000000000000000000, 2.439081198479338131 ) ) ;
#7240 = VECTOR ( 'NONE', #5297, 1000.000000000000000 ) ;
#7241 = CARTESIAN_POINT ( 'NONE',  ( 26.48408698089145474, 1.000000000000000444, 2.409791219588122591 ) ) ;
#7242 = B_SPLINE_SURFACE_WITH_KNOTS ( 'NONE', 3, 1, ( 
 ( #3409, #6659 ),
 ( #5858, #1821 ),
 ( #4264, #7520 ),
 ( #5064, #8311 ),
 ( #4631, #7878 ),
 ( #8679, #533 ),
 ( #584, #9317 ),
 ( #6920, #3721 ),
 ( #8463, #2176 ),
 ( #10161, #10322 ),
 ( #4414, #3776 ),
 ( #3829, #7781 ),
 ( #2921, #7827 ),
 ( #1173, #7021 ),
 ( #3031, #9477 ),
 ( #6173, #5323 ),
 ( #1390, #10266 ) ),
 .UNSPECIFIED., .F., .F., .F.,
 ( 4, 1, 1, 1, 1, 1, 1, 1, 1, 1, 1, 1, 1, 1, 4 ),
 ( 2, 2 ),
 ( 0.000000000000000000, 0.1087394890442998502, 0.2055085886495631453, 0.2894509722452888179, 0.3625828197876541092, 0.4276220943587262791, 0.4883744837977462283, 0.5443927929735424831, 0.5976410906546504309, 0.6484604344057127712, 0.6985462646128504094, 0.7482147332290527419, 0.7978399409685993371, 0.8980594195624376219, 1.000000000000000000 ),
 ( 0.000000000000000000, 1.000000000000000000 ),
 .UNSPECIFIED. ) ;
#7243 = CARTESIAN_POINT ( 'NONE',  ( 23.35746407580213102, 1.000000000000000444, 2.910554590546484022 ) ) ;
#7244 = CARTESIAN_POINT ( 'NONE',  ( 19.15447059179969003, 3.000000000000000000, 2.622878533468787410 ) ) ;
#7245 = LINE ( 'NONE', #8046, #9930 ) ;
#7246 = EDGE_CURVE ( 'NONE', #1098, #8150, #4293, .T. ) ;
#7247 = EDGE_LOOP ( 'NONE', ( #7121, #4608, #4250, #1878 ) ) ;
#7248 = VECTOR ( 'NONE', #6116, 1000.000000000000000 ) ;
#7249 = CARTESIAN_POINT ( 'NONE',  ( -25.58881497293668161, 3.000000000000000000, 0.8567078280890980668 ) ) ;
#7250 = CARTESIAN_POINT ( 'NONE',  ( 20.50294192535707793, 3.000000000000000000, 0.5176030526561972156 ) ) ;
#7251 = ORIENTED_EDGE ( 'NONE', *, *, #4352, .T. ) ;
#7252 = CARTESIAN_POINT ( 'NONE',  ( -29.50000000000000355, 1.500000000000000000, -10.24999999999999645 ) ) ;
#7253 = ORIENTED_EDGE ( 'NONE', *, *, #7784, .F. ) ;
#7254 = ORIENTED_EDGE ( 'NONE', *, *, #2461, .T. ) ;
#7255 = CARTESIAN_POINT ( 'NONE',  ( 29.50000000000000000, 1.500000000000000000, 7.250000000000005329 ) ) ;
#7256 = CARTESIAN_POINT ( 'NONE',  ( 10.61150288987813184, 3.000000000000000000, 0.8567078280890980668 ) ) ;
#7257 = LINE ( 'NONE', #5664, #6881 ) ;
#7258 = VECTOR ( 'NONE', #1830, 1000.000000000000000 ) ;
#7259 = CARTESIAN_POINT ( 'NONE',  ( 13.09657841878907014, 0.9999999999999995559, 1.403068762679275494 ) ) ;
#7260 = CARTESIAN_POINT ( 'NONE',  ( 12.28491225676971865, 1.000000000000000000, 1.753059920512656245 ) ) ;
#7261 = EDGE_CURVE ( 'NONE', #3943, #7088, #5282, .T. ) ;
#7262 = EDGE_CURVE ( 'NONE', #5987, #5008, #7736, .T. ) ;
#7263 = EDGE_CURVE ( 'NONE', #1086, #2540, #8641, .T. ) ;
#7264 = DIRECTION ( 'NONE',  ( 0.000000000000000000, 0.000000000000000000, -1.000000000000000000 ) ) ;
#7265 = CARTESIAN_POINT ( 'NONE',  ( -14.53788486937595792, 1.000000000000000000, 0.8567078280890980668 ) ) ;
#7266 = ORIENTED_EDGE ( 'NONE', *, *, #4507, .T. ) ;
#7267 = ORIENTED_EDGE ( 'NONE', *, *, #5949, .T. ) ;
#7268 = CARTESIAN_POINT ( 'NONE',  ( 23.48266078780462607, 3.000000000000001776, 1.573735654662437700 ) ) ;
#7269 = CARTESIAN_POINT ( 'NONE',  ( -18.64369425654886214, 3.000000000000000888, 1.077061802592360840 ) ) ;
#7270 = EDGE_CURVE ( 'NONE', #7043, #10433, #4540, .T. ) ;
#7271 = CARTESIAN_POINT ( 'NONE',  ( -10.21876607926225766, 0.9999999999999991118, 0.8120413299455317979 ) ) ;
#7272 = CARTESIAN_POINT ( 'NONE',  ( -10.54159365867407239, 2.999999999999999112, 4.436979001734626671 ) ) ;
#7273 = ORIENTED_EDGE ( 'NONE', *, *, #8088, .F. ) ;
#7274 = CARTESIAN_POINT ( 'NONE',  ( 19.76291639980298953, 3.000000000000000000, 4.530342895278852922 ) ) ;
#7275 = DIRECTION ( 'NONE',  ( 1.000000000000000000, 0.000000000000000000, 0.000000000000000000 ) ) ;
#7276 = ORIENTED_EDGE ( 'NONE', *, *, #168, .F. ) ;
#7277 = EDGE_LOOP ( 'NONE', ( #7754, #5926, #1625, #6769 ) ) ;
#7278 = FACE_OUTER_BOUND ( 'NONE', #7516, .T. ) ;
#7279 = LINE ( 'NONE', #6629, #5025 ) ;
#7280 = APPROVAL_STATUS ( 'not_yet_approved' ) ;
#7281 = CARTESIAN_POINT ( 'NONE',  ( -10.43707496184690697, 3.000000000000000888, 4.950191178069883513 ) ) ;
#7282 = FACE_OUTER_BOUND ( 'NONE', #6489, .T. ) ;
#7283 = CARTESIAN_POINT ( 'NONE',  ( 16.53651859550983971, 1.000000000000001332, 4.494710846717205222 ) ) ;
#7284 = DIRECTION ( 'NONE',  ( -1.000000000000000000, 0.000000000000000000, 0.000000000000000000 ) ) ;
#7285 = DIRECTION ( 'NONE',  ( 0.000000000000000000, 0.000000000000000000, -1.000000000000000000 ) ) ;
#7286 = B_SPLINE_CURVE_WITH_KNOTS ( 'NONE', 3,
 ( #4687, #6499, #7243, #9637, #5542, #5697, #7188, #846, #2337, #3883, #8734, #8838, #8044, #1553, #744, #10486, #62, #1604, #4798, #9737, #7296, #4848, #2438 ),
 .UNSPECIFIED., .F., .F.,
 ( 4, 1, 1, 1, 1, 1, 1, 1, 1, 1, 1, 1, 1, 1, 1, 1, 1, 1, 1, 1, 4 ),
 ( 0.000000000000000000, 0.07865740116333762300, 0.1518067838031268435, 0.2194964768789018361, 0.2822176648327332504, 0.3403479935648116017, 0.3947457880430360611, 0.4453894513354813012, 0.4928275676971270447, 0.5369028473323916861, 0.5772270896458258083, 0.6147816464283560878, 0.6493382739498534395, 0.6819549017631327814, 0.7127159978674877383, 0.7420832550979729048, 0.7703665046435260733, 0.8253059587992196411, 0.8799070894587727176, 0.9372961930238429273, 1.000000000000000000 ),
 .UNSPECIFIED. ) ;
#7287 = ORIENTED_EDGE ( 'NONE', *, *, #2408, .F. ) ;
#7288 = ORIENTED_EDGE ( 'NONE', *, *, #9152, .F. ) ;
#7289 = LINE ( 'NONE', #7, #7327 ) ;
#7290 = CARTESIAN_POINT ( 'NONE',  ( -9.207767489737589628, 3.000000000000000444, 0.4594738653863474354 ) ) ;
#7291 = DIRECTION ( 'NONE',  ( -0.3504818732153974215, 0.000000000000000000, -0.9365695150641120126 ) ) ;
#7292 = CARTESIAN_POINT ( 'NONE',  ( -24.62978427991550845, 1.000000000000000000, 4.869447670711752885 ) ) ;
#7293 = CARTESIAN_POINT ( 'NONE',  ( -19.60111769757886790, 3.000000000000001776, 2.418185134348044496 ) ) ;
#7294 = FACE_BOUND ( 'NONE', #7151, .T. ) ;
#7295 = ADVANCED_FACE ( 'NONE', ( #10390 ), #7793, .F. ) ;
#7296 = CARTESIAN_POINT ( 'NONE',  ( 24.32567872454506741, 1.000000000000000444, 4.639862701536545231 ) ) ;
#7297 = CARTESIAN_POINT ( 'NONE',  ( 12.68932256052373475, 3.000000000000001332, 4.456662392004471229 ) ) ;
#7298 = CARTESIAN_POINT ( 'NONE',  ( 23.55403595003795658, 0.9999999999999991118, 0.6547349216804836392 ) ) ;
#7299 = ORIENTED_EDGE ( 'NONE', *, *, #1781, .T. ) ;
#7300 = CARTESIAN_POINT ( 'NONE',  ( -9.519734650567146517, 1.000000000000000888, 4.589574918017565786 ) ) ;
#7301 = PLANE ( 'NONE',  #2770 ) ;
#7302 = CARTESIAN_POINT ( 'NONE',  ( -9.294431586901001907, 1.000000000000000888, 4.898054665545903852 ) ) ;
#7303 = ORIENTED_EDGE ( 'NONE', *, *, #7154, .F. ) ;
#7304 = VERTEX_POINT ( 'NONE', #2993 ) ;
#7305 = CARTESIAN_POINT ( 'NONE',  ( 0.5319666742762407807, 3.000000000000000000, 0.8567078280890980668 ) ) ;
#7306 = CARTESIAN_POINT ( 'NONE',  ( -8.378364534364289185, 1.000000000000000000, 3.717021285451505008 ) ) ;
#7307 = EDGE_CURVE ( 'NONE', #9015, #7993, #1350, .T. ) ;
#7308 = CARTESIAN_POINT ( 'NONE',  ( 8.801153012462970437, 0.9999999999999991118, 0.8916996752467322152 ) ) ;
#7309 = CARTESIAN_POINT ( 'NONE',  ( 8.349921301639438909, 2.999999999999999556, 0.8567078280890980668 ) ) ;
#7310 = CARTESIAN_POINT ( 'NONE',  ( 12.08631997278138925, 3.000000000000000888, 2.381727230399814044 ) ) ;
#7311 = VECTOR ( 'NONE', #5238, 1000.000000000000000 ) ;
#7312 = EDGE_CURVE ( 'NONE', #5978, #5918, #6242, .T. ) ;
#7313 = CARTESIAN_POINT ( 'NONE',  ( -10.87239469585315454, 0.9999999999999995559, 3.687160427903892312 ) ) ;
#7314 = DIRECTION ( 'NONE',  ( 0.3307762265877876584, 0.000000000000000000, 0.9437092178867093617 ) ) ;
#7315 = ORIENTED_EDGE ( 'NONE', *, *, #7261, .F. ) ;
#7316 = ORIENTED_EDGE ( 'NONE', *, *, #1539, .T. ) ;
#7317 = VECTOR ( 'NONE', #6989, 1000.000000000000000 ) ;
#7318 = EDGE_CURVE ( 'NONE', #394, #4084, #9652, .T. ) ;
#7319 = VECTOR ( 'NONE', #7134, 1000.000000000000000 ) ;
#7320 = ADVANCED_FACE ( 'NONE', ( #8807 ), #492, .T. ) ;
#7321 = CARTESIAN_POINT ( 'NONE',  ( -9.956438059621044445, 3.000000000000000444, 4.982482595856053464 ) ) ;
#7322 = DIRECTION ( 'NONE',  ( -0.000000000000000000, 0.000000000000000000, 1.000000000000000000 ) ) ;
#7323 = CARTESIAN_POINT ( 'NONE',  ( -19.45325567638793984, 3.000000000000000000, 2.885098251483007470 ) ) ;
#7324 = ORIENTED_EDGE ( 'NONE', *, *, #2141, .F. ) ;
#7325 = AXIS2_PLACEMENT_3D ( 'NONE', #5639, #6435, #5471 ) ;
#7326 = CARTESIAN_POINT ( 'NONE',  ( 13.07658387988181303, 3.000000000000000888, 4.047473746718613263 ) ) ;
#7327 = VECTOR ( 'NONE', #7342, 1000.000000000000000 ) ;
#7328 = EDGE_CURVE ( 'NONE', #1863, #4038, #7142, .T. ) ;
#7329 = ORIENTED_EDGE ( 'NONE', *, *, #5425, .F. ) ;
#7330 = ORIENTED_EDGE ( 'NONE', *, *, #7594, .T. ) ;
#7331 = CARTESIAN_POINT ( 'NONE',  ( -19.42752846721963422, 1.000000000000000000, 0.8567078280890980668 ) ) ;
#7332 = CARTESIAN_POINT ( 'NONE',  ( -11.08001109904224712, 1.000000000000000000, 2.281501007197624720 ) ) ;
#7333 = EDGE_CURVE ( 'NONE', #5644, #3512, #7424, .T. ) ;
#7334 = CARTESIAN_POINT ( 'NONE',  ( 25.23561860900972675, 2.999999999999999556, 4.843451134752349674 ) ) ;
#7335 = VECTOR ( 'NONE', #9165, 1000.000000000000000 ) ;
#7336 = AXIS2_PLACEMENT_3D ( 'NONE', #5091, #7493, #7603 ) ;
#7337 = CARTESIAN_POINT ( 'NONE',  ( -29.50000000000000000, 0.000000000000000000, 12.00000000000000355 ) ) ;
#7338 = PLANE ( 'NONE',  #8753 ) ;
#7339 = ORIENTED_EDGE ( 'NONE', *, *, #6608, .T. ) ;
#7340 = ORIENTED_EDGE ( 'NONE', *, *, #7865, .F. ) ;
#7341 = LINE ( 'NONE', #3980, #8500 ) ;
#7342 = DIRECTION ( 'NONE',  ( -0.000000000000000000, 1.000000000000000000, -0.000000000000000000 ) ) ;
#7343 = CARTESIAN_POINT ( 'NONE',  ( -19.40669528068387351, 3.000000000000000888, 2.273266220684171390 ) ) ;
#7344 = CARTESIAN_POINT ( 'NONE',  ( 13.06671949514588604, 1.000000000000000444, 1.301824405050306721 ) ) ;
#7345 = CARTESIAN_POINT ( 'NONE',  ( 25.34715081508804602, 3.000000000000000888, 1.105216363041718219 ) ) ;
#7346 = CARTESIAN_POINT ( 'NONE',  ( -14.56262736563275517, 3.000000000000000000, 2.841829195285969334 ) ) ;
#7347 = LINE ( 'NONE', #6280, #4270 ) ;
#7348 = CARTESIAN_POINT ( 'NONE',  ( -0.4853476520224602186, 1.000000000000000000, 3.503740444497386086 ) ) ;
#7349 = DIRECTION ( 'NONE',  ( 0.7120049190386557036, 0.000000000000000000, -0.7021744763694828251 ) ) ;
#7350 = CARTESIAN_POINT ( 'NONE',  ( -10.58007010677320991, 3.000000000000000000, 1.434807374384333034 ) ) ;
#7351 = ORIENTED_EDGE ( 'NONE', *, *, #1464, .F. ) ;
#7352 = ORIENTED_EDGE ( 'NONE', *, *, #5852, .F. ) ;
#7353 = CARTESIAN_POINT ( 'NONE',  ( -20.24173316239967235, 3.000000000000000000, 4.530342895278852922 ) ) ;
#7354 = EDGE_CURVE ( 'NONE', #9333, #5999, #10231, .T. ) ;
#7355 = PLANE ( 'NONE',  #9063 ) ;
#7356 = ORIENTED_EDGE ( 'NONE', *, *, #9659, .T. ) ;
#7357 = CARTESIAN_POINT ( 'NONE',  ( -12.94921431988692717, 1.000000000000000000, 0.8567078280890980668 ) ) ;
#7358 = ORIENTED_EDGE ( 'NONE', *, *, #6414, .F. ) ;
#7359 = VERTEX_POINT ( 'NONE', #10332 ) ;
#7360 = CARTESIAN_POINT ( 'NONE',  ( 11.93459280988576943, 2.999999999999998668, 2.426800124957823268 ) ) ;
#7361 = FACE_BOUND ( 'NONE', #3096, .T. ) ;
#7362 = CARTESIAN_POINT ( 'NONE',  ( 9.318366910679690918, 1.000000000000000444, 1.556693250995875299 ) ) ;
#7363 = LINE ( 'NONE', #915, #5210 ) ;
#7364 = CARTESIAN_POINT ( 'NONE',  ( 11.71214649843701139, 3.000000000000000000, 2.438861982513799820 ) ) ;
#7365 = ADVANCED_FACE ( 'NONE', ( #5497 ), #651, .T. ) ;
#7366 = CARTESIAN_POINT ( 'NONE',  ( 6.239347308710709861, 1.000000000000000000, 4.869447670711752885 ) ) ;
#7367 = ORIENTED_EDGE ( 'NONE', *, *, #8608, .T. ) ;
#7368 = VERTEX_POINT ( 'NONE', #3896 ) ;
#7369 = FACE_OUTER_BOUND ( 'NONE', #10126, .T. ) ;
#7370 = CARTESIAN_POINT ( 'NONE',  ( -19.18129693839157213, 2.999999999999999556, 0.8648130324602636421 ) ) ;
#7371 = CARTESIAN_POINT ( 'NONE',  ( -9.160985330976126662, 3.000000000000000000, 4.323667260534014289 ) ) ;
#7372 = AXIS2_PLACEMENT_3D ( 'NONE', #5659, #4856, #8105 ) ;
#7373 = ORIENTED_EDGE ( 'NONE', *, *, #6731, .F. ) ;
#7374 = CARTESIAN_POINT ( 'NONE',  ( 22.55323575531527780, 1.000000000000000000, 2.646349136040741179 ) ) ;
#7375 = EDGE_CURVE ( 'NONE', #8648, #5958, #4752, .T. ) ;
#7376 = ORIENTED_EDGE ( 'NONE', *, *, #365, .F. ) ;
#7377 = ORIENTED_EDGE ( 'NONE', *, *, #7029, .F. ) ;
#7378 = PLANE ( 'NONE',  #4139 ) ;
#7379 = CARTESIAN_POINT ( 'NONE',  ( -22.80974536802174057, 1.000000000000000000, 3.679931700638531478 ) ) ;
#7380 = CARTESIAN_POINT ( 'NONE',  ( 26.48517441730874822, 1.000000000000000000, 2.890741513595036061 ) ) ;
#7381 = B_SPLINE_CURVE_WITH_KNOTS ( 'NONE', 3,
 ( #7236, #4680, #1436, #1495, #9733, #4793, #4627, #8889, #9683, #6332, #6495, #1598, #579, #2385, #3134, #5534, #7930, #4842, #7124 ),
 .UNSPECIFIED., .F., .F.,
 ( 4, 1, 1, 1, 1, 1, 1, 1, 1, 1, 1, 1, 1, 1, 1, 1, 4 ),
 ( 0.000000000000000000, 0.1002760215511163122, 0.1884173823291732941, 0.2639066777309094780, 0.3275923252930548757, 0.3832639486679157437, 0.4346089592192475815, 0.4826166254080099249, 0.5272728830494990415, 0.5714626396067599146, 0.6177593964000199778, 0.6673713462046221290, 0.7206851317115922084, 0.7797222101619644130, 0.8458816698827497094, 0.9189213191149468996, 1.000000000000000000 ),
 .UNSPECIFIED. ) ;
#7382 = CARTESIAN_POINT ( 'NONE',  ( -19.87989818554063604, 3.000000000000000000, 2.778202476418800249 ) ) ;
#7383 = EDGE_CURVE ( 'NONE', #809, #8713, #6186, .T. ) ;
#7384 = DIRECTION ( 'NONE',  ( -0.000000000000000000, 1.000000000000000000, -0.000000000000000000 ) ) ;
#7385 = ORIENTED_EDGE ( 'NONE', *, *, #7845, .T. ) ;
#7386 = EDGE_CURVE ( 'NONE', #3131, #1626, #9639, .T. ) ;
#7387 = ORIENTED_EDGE ( 'NONE', *, *, #1405, .T. ) ;
#7388 = EDGE_CURVE ( 'NONE', #7860, #1086, #8114, .T. ) ;
#7389 = VECTOR ( 'NONE', #2328, 1000.000000000000000 ) ;
#7390 = DIRECTION ( 'NONE',  ( -0.000000000000000000, 1.000000000000000000, -0.000000000000000000 ) ) ;
#7391 = DIRECTION ( 'NONE',  ( -0.000000000000000000, 1.000000000000000000, -0.000000000000000000 ) ) ;
#7392 = AXIS2_PLACEMENT_3D ( 'NONE', #10354, #3066, #9565 ) ;
#7393 = CARTESIAN_POINT ( 'NONE',  ( 44.50000000000000711, 0.000000000000000000, 13.50000000000000178 ) ) ;
#7394 = CARTESIAN_POINT ( 'NONE',  ( 12.94956732128303045, 3.000000000000000000, 1.077061802592360618 ) ) ;
#7395 = CARTESIAN_POINT ( 'NONE',  ( 24.67105980181035818, 3.000000000000000444, 0.7478817493573469699 ) ) ;
#7396 = CARTESIAN_POINT ( 'NONE',  ( -18.65315151733539523, 2.999999999999999556, 4.285563151067235843 ) ) ;
#7397 = CARTESIAN_POINT ( 'NONE',  ( -18.05079840237616295, 3.000000000000000000, 1.817504691815648776 ) ) ;
#7398 = CARTESIAN_POINT ( 'NONE',  ( 6.239347308710709861, 1.000000000000000000, 0.8567078280890980668 ) ) ;
#7399 = AXIS2_PLACEMENT_3D ( 'NONE', #9735, #583, #10426 ) ;
#7400 = VECTOR ( 'NONE', #3813, 1000.000000000000000 ) ;
#7401 = CARTESIAN_POINT ( 'NONE',  ( 26.28807346986938853, 3.000000000000000888, 3.769070101794359307 ) ) ;
#7402 = ORIENTED_EDGE ( 'NONE', *, *, #9320, .T. ) ;
#7403 = VERTEX_POINT ( 'NONE', #3307 ) ;
#7404 = CARTESIAN_POINT ( 'NONE',  ( 7.835082541021258784, 3.000000000000000000, 2.891336480686500288 ) ) ;
#7405 = CARTESIAN_POINT ( 'NONE',  ( 24.60056614528089725, 3.000000000000000000, 0.4066130785466263720 ) ) ;
#7406 = CARTESIAN_POINT ( 'NONE',  ( -17.76379566275195998, 1.000000000000000000, 0.8567078280890980668 ) ) ;
#7407 = AXIS2_PLACEMENT_3D ( 'NONE', #7445, #2433, #3385 ) ;
#7408 = ORIENTED_EDGE ( 'NONE', *, *, #8897, .F. ) ;
#7409 = AXIS2_PLACEMENT_3D ( 'NONE', #4266, #9115, #7521 ) ;
#7410 = DIRECTION ( 'NONE',  ( 0.000000000000000000, 0.000000000000000000, 1.000000000000000000 ) ) ;
#7411 = VERTEX_POINT ( 'NONE', #5860 ) ;
#7412 = ORIENTED_EDGE ( 'NONE', *, *, #7246, .T. ) ;
#7413 = CARTESIAN_POINT ( 'NONE',  ( 6.239347308710709861, 1.000000000000000000, 0.5176030526561972156 ) ) ;
#7414 = CARTESIAN_POINT ( 'NONE',  ( 8.299614280578850867, 1.000000000000000000, 2.495554149515990083 ) ) ;
#7415 = DIRECTION ( 'NONE',  ( -1.000000000000000000, 0.000000000000000000, 0.000000000000000000 ) ) ;
#7416 = CARTESIAN_POINT ( 'NONE',  ( 22.62500528370865283, 3.000000000000000888, 3.448564464744350744 ) ) ;
#7417 = CARTESIAN_POINT ( 'NONE',  ( -8.942592420004631393, 3.000000000000000000, 0.5167984795154551003 ) ) ;
#7418 = CARTESIAN_POINT ( 'NONE',  ( 12.23181563044091646, 0.9999999999999995559, 2.151372268722193670 ) ) ;
#7419 = CC_DESIGN_PERSON_AND_ORGANIZATION_ASSIGNMENT ( #601, #3741, ( #4311 ) ) ;
#7420 = AXIS2_PLACEMENT_3D ( 'NONE', #9828, #2531, #9991 ) ;
#7421 = DIRECTION ( 'NONE',  ( 0.000000000000000000, 0.000000000000000000, 1.000000000000000000 ) ) ;
#7422 = ORIENTED_EDGE ( 'NONE', *, *, #2631, .F. ) ;
#7423 = ORIENTED_EDGE ( 'NONE', *, *, #7449, .T. ) ;
#7424 = CIRCLE ( 'NONE', #9802, 2.999999999999997335 ) ;
#7425 = CARTESIAN_POINT ( 'NONE',  ( -8.433372944419096129, 0.9999999999999995559, 3.311334335300748499 ) ) ;
#7426 = CARTESIAN_POINT ( 'NONE',  ( -18.41816190909514006, 3.000000000000000000, 1.817504691815648776 ) ) ;
#7427 = EDGE_CURVE ( 'NONE', #6193, #1935, #4164, .T. ) ;
#7428 = DIRECTION ( 'NONE',  ( -0.000000000000000000, 1.000000000000000000, -0.000000000000000000 ) ) ;
#7429 = VERTEX_POINT ( 'NONE', #28 ) ;
#7430 = CARTESIAN_POINT ( 'NONE',  ( 13.24839575301000849, 0.9999999999999995559, 3.286958718691550541 ) ) ;
#7431 = ORIENTED_EDGE ( 'NONE', *, *, #4188, .T. ) ;
#7432 = ORIENTED_EDGE ( 'NONE', *, *, #1341, .F. ) ;
#7433 =( NAMED_UNIT ( * ) SI_UNIT ( $, .STERADIAN. ) SOLID_ANGLE_UNIT ( ) );
#7434 = CARTESIAN_POINT ( 'NONE',  ( -10.05004510700616827, 3.000000000000000444, 2.952269370022099881 ) ) ;
#7435 = CARTESIAN_POINT ( 'NONE',  ( 26.09389116372799933, 3.000000000000002220, 4.138396932450556065 ) ) ;
#7436 = EDGE_CURVE ( 'NONE', #9253, #7041, #9458, .T. ) ;
#7437 = CARTESIAN_POINT ( 'NONE',  ( -19.42157102961232340, 3.000000000000000444, 2.926070042300680907 ) ) ;
#7438 = CARTESIAN_POINT ( 'NONE',  ( -10.42609547878750931, 1.000000000000000000, 1.951143521448596152 ) ) ;
#7439 = EDGE_LOOP ( 'NONE', ( #6806, #9929, #5315, #2890 ) ) ;
#7440 = EDGE_LOOP ( 'NONE', ( #6938, #7208, #254, #2400, #383, #5061, #926, #4237 ) ) ;
#7441 = EDGE_LOOP ( 'NONE', ( #5342, #8848, #6656, #6428 ) ) ;
#7442 = DIRECTION ( 'NONE',  ( -0.3369317380433077269, 0.000000000000000000, -0.9415290775643181398 ) ) ;
#7443 = CARTESIAN_POINT ( 'NONE',  ( 23.65471714546889359, 3.000000000000000000, 1.168725130775599919 ) ) ;
#7444 = ADVANCED_FACE ( 'NONE', ( #5762 ), #8495, .T. ) ;
#7445 = CARTESIAN_POINT ( 'NONE',  ( -8.309483876854480755, 1.000000000000000000, 4.869447670711752885 ) ) ;
#7446 = CARTESIAN_POINT ( 'NONE',  ( 25.68441376602529047, 3.000000000000000000, 2.609623335761630525 ) ) ;
#7447 = CARTESIAN_POINT ( 'NONE',  ( -18.36734889846249885, 3.000000000000000444, 3.432891603450508811 ) ) ;
#7448 = CARTESIAN_POINT ( 'NONE',  ( -20.98175868795376076, 3.000000000000000000, 4.530342895278852922 ) ) ;
#7449 = EDGE_CURVE ( 'NONE', #1196, #3608, #128, .T. ) ;
#7450 = EDGE_CURVE ( 'NONE', #4981, #9647, #3411, .T. ) ;
#7451 = CARTESIAN_POINT ( 'NONE',  ( 24.04324480960877963, 2.999999999999999112, 4.577310493415609471 ) ) ;
#7452 = CARTESIAN_POINT ( 'NONE',  ( -18.46206811866975528, 3.000000000000001332, 3.886163467671330807 ) ) ;
#7453 = DIRECTION ( 'NONE',  ( 0.000000000000000000, -0.000000000000000000, -1.000000000000000000 ) ) ;
#7454 = ORIENTED_EDGE ( 'NONE', *, *, #3214, .F. ) ;
#7455 = EDGE_LOOP ( 'NONE', ( #1774, #9243, #5768, #665 ) ) ;
#7456 = DIRECTION ( 'NONE',  ( -0.000000000000000000, 1.000000000000000000, -0.000000000000000000 ) ) ;
#7457 = CARTESIAN_POINT ( 'NONE',  ( 13.47976411541474739, 1.000000000000000000, 0.5176030526561972156 ) ) ;
#7458 = ORIENTED_EDGE ( 'NONE', *, *, #8355, .F. ) ;
#7459 = EDGE_CURVE ( 'NONE', #4342, #8919, #7363, .T. ) ;
#7460 = CARTESIAN_POINT ( 'NONE',  ( 12.66202707882395018, 1.000000000000000000, 3.569546031552301102 ) ) ;
#7461 = ORIENTED_EDGE ( 'NONE', *, *, #144, .F. ) ;
#7462 = VERTEX_POINT ( 'NONE', #1768 ) ;
#7463 = CARTESIAN_POINT ( 'NONE',  ( 22.77307220198634496, 2.999999999999999556, 1.564450556194383779 ) ) ;
#7464 = CARTESIAN_POINT ( 'NONE',  ( -8.309483876854480755, 3.000000000000000000, 4.530342895278852922 ) ) ;
#7465 = CARTESIAN_POINT ( 'NONE',  ( -21.56724427678712885, 3.000000000000000000, 4.869447670711752885 ) ) ;
#7466 = EDGE_CURVE ( 'NONE', #7462, #5603, #7468, .T. ) ;
#7467 = FACE_OUTER_BOUND ( 'NONE', #8173, .T. ) ;
#7468 = LINE ( 'NONE', #2607, #2367 ) ;
#7469 = LINE ( 'NONE', #9167, #7149 ) ;
#7470 = CARTESIAN_POINT ( 'NONE',  ( -11.08667029717071095, 1.000000000000000444, 1.037358836086943015 ) ) ;
#7471 = LINE ( 'NONE', #1826, #3913 ) ;
#7472 = ORIENTED_EDGE ( 'NONE', *, *, #6635, .F. ) ;
#7473 = ORIENTED_EDGE ( 'NONE', *, *, #3870, .F. ) ;
#7474 = CARTESIAN_POINT ( 'NONE',  ( 16.00538822410770834, 1.000000000000000000, 0.8567078280890980668 ) ) ;
#7475 = CARTESIAN_POINT ( 'NONE',  ( -20.98175868795376076, 1.000000000000000000, 0.8567078280890980668 ) ) ;
#7476 = CARTESIAN_POINT ( 'NONE',  ( -5.186010984390501122, 1.000000000000000000, 4.530342895278852922 ) ) ;
#7477 = B_SPLINE_CURVE_WITH_KNOTS ( 'NONE', 3,
 ( #1747, #7446, #5789, #9883, #6642, #4143, #894, #5943, #9201, #5741, #5839, #59, #9039, #7345, #3289, #5048, #9781, #8187, #6542, #2487, #1696, #4945, #7395, #107, #948 ),
 .UNSPECIFIED., .F., .F.,
 ( 4, 1, 1, 1, 1, 1, 1, 1, 1, 1, 1, 1, 1, 1, 1, 1, 1, 1, 1, 1, 1, 1, 4 ),
 ( 0.000000000000000000, 0.07497221684613775139, 0.1452126993926998177, 0.2107946037585467225, 0.2721477814977116272, 0.3293253098565746551, 0.3827624562200619418, 0.4321603006946223569, 0.4781684195327758347, 0.5207591411813480287, 0.5605904727860561154, 0.5974023794295554302, 0.6318684392027127394, 0.6644325919360916100, 0.6956576499848169393, 0.7257689742741024741, 0.7552987620812501302, 0.7844250257378593272, 0.8138315485590718046, 0.8431682575935642854, 0.8735546122309599815, 0.9355726270967605895, 1.000000000000000000 ),
 .UNSPECIFIED. ) ;
#7478 = CARTESIAN_POINT ( 'NONE',  ( -19.30863699937894395, 1.000000000000000888, 3.520073768149427629 ) ) ;
#7479 = VERTEX_POINT ( 'NONE', #1620 ) ;
#7480 = EDGE_CURVE ( 'NONE', #6704, #5214, #5069, .T. ) ;
#7481 = ORIENTED_EDGE ( 'NONE', *, *, #9585, .F. ) ;
#7482 = AXIS2_PLACEMENT_3D ( 'NONE', #1589, #3229, #8778 ) ;
#7483 = EDGE_LOOP ( 'NONE', ( #1044, #1134, #9690, #711, #4003, #3532, #9277, #8903, #4177, #6887, #8723, #10515, #5216, #4085, #9498, #9077, #6386, #2600, #2816, #4227, #4335, #6516, #9033, #3550 ) ) ;
#7484 = CARTESIAN_POINT ( 'NONE',  ( -26.17430056177004971, 1.000000000000000000, 0.5176030526561972156 ) ) ;
#7485 = CARTESIAN_POINT ( 'NONE',  ( -11.17672855576504531, 3.000000000000000000, 2.069155635781464220 ) ) ;
#7486 = CARTESIAN_POINT ( 'NONE',  ( 25.83757187864366145, 3.000000000000000444, 4.452777858189640448 ) ) ;
#7487 = DIRECTION ( 'NONE',  ( 0.000000000000000000, 1.590334231058253000E-13, -1.000000000000000000 ) ) ;
#7488 = AXIS2_PLACEMENT_3D ( 'NONE', #9074, #5133, #8374 ) ;
#7489 = CARTESIAN_POINT ( 'NONE',  ( -10.09508163730282249, 1.000000000000000888, 2.189017852972479528 ) ) ;
#7490 = VECTOR ( 'NONE', #3946, 1000.000000000000000 ) ;
#7491 = ORIENTED_EDGE ( 'NONE', *, *, #4640, .F. ) ;
#7492 = ORIENTED_EDGE ( 'NONE', *, *, #9152, .T. ) ;
#7493 = DIRECTION ( 'NONE',  ( -0.7086975665454513518, 0.000000000000000000, -0.7055124089430004908 ) ) ;
#7494 = EDGE_CURVE ( 'NONE', #1739, #6454, #8449, .T. ) ;
#7495 = LINE ( 'NONE', #206, #3461 ) ;
#7496 = VECTOR ( 'NONE', #7349, 1000.000000000000000 ) ;
#7497 = CARTESIAN_POINT ( 'NONE',  ( 13.03221909665249534, 3.000000000000000000, 1.216090897909032131 ) ) ;
#7498 = CIRCLE ( 'NONE', #2898, 1.749999999999999778 ) ;
#7499 = CARTESIAN_POINT ( 'NONE',  ( -44.50000000000000711, 0.000000000000000000, -13.50000000000000178 ) ) ;
#7500 = CARTESIAN_POINT ( 'NONE',  ( -18.43785288364949793, 3.000000000000000000, 3.793105207036272297 ) ) ;
#7501 = CARTESIAN_POINT ( 'NONE',  ( -25.15610315011866049, 1.000000000000000000, 4.530342895278852922 ) ) ;
#7502 = CARTESIAN_POINT ( 'NONE',  ( 23.85968106652720522, 3.000000000000000444, 4.470915385896664596 ) ) ;
#7503 = DIRECTION ( 'NONE',  ( 0.000000000000000000, 1.000000000000000000, 0.000000000000000000 ) ) ;
#7504 = CARTESIAN_POINT ( 'NONE',  ( 26.41834953282058507, 2.999999999999999556, 3.349478219416311298 ) ) ;
#7505 = ORIENTED_EDGE ( 'NONE', *, *, #10018, .T. ) ;
#7506 = ADVANCED_FACE ( 'NONE', ( #10254 ), #3764, .T. ) ;
#7507 = VECTOR ( 'NONE', #7129, 1000.000000000000000 ) ;
#7508 = VERTEX_POINT ( 'NONE', #6953 ) ;
#7509 = AXIS2_PLACEMENT_3D ( 'NONE', #4771, #9717, #7275 ) ;
#7510 = CARTESIAN_POINT ( 'NONE',  ( 25.68349760128600323, 0.9999999999999995559, 2.484744207336862409 ) ) ;
#7511 = ADVANCED_FACE ( 'NONE', ( #1158, #9116, #8554, #8663, #2060 ), #7007, .F. ) ;
#7512 = ADVANCED_FACE ( 'NONE', ( #7709 ), #569, .T. ) ;
#7513 = PLANE ( 'NONE',  #7541 ) ;
#7514 = VERTEX_POINT ( 'NONE', #5203 ) ;
#7515 = CARTESIAN_POINT ( 'NONE',  ( -9.711385314782553735, 1.000000000000000888, 2.347454290392338105 ) ) ;
#7516 = EDGE_LOOP ( 'NONE', ( #6083, #338, #3405, #9920 ) ) ;
#7517 = ORIENTED_EDGE ( 'NONE', *, *, #6956, .F. ) ;
#7518 = FACE_OUTER_BOUND ( 'NONE', #246, .T. ) ;
#7519 = CARTESIAN_POINT ( 'NONE',  ( 7.866288504040254814, 0.9999999999999995559, 2.552113846982770884 ) ) ;
#7520 = CARTESIAN_POINT ( 'NONE',  ( -8.934230277083067051, 3.000000000000000000, 1.600895281218664534 ) ) ;
#7521 = DIRECTION ( 'NONE',  ( -1.000000000000000000, 0.000000000000000000, 0.000000000000000000 ) ) ;
#7522 = DIRECTION ( 'NONE',  ( -0.000000000000000000, 1.000000000000000000, -0.000000000000000000 ) ) ;
#7523 = EDGE_CURVE ( 'NONE', #6154, #5938, #6104, .T. ) ;
#7524 = ADVANCED_FACE ( 'NONE', ( #7765 ), #10203, .T. ) ;
#7525 = EDGE_CURVE ( 'NONE', #1647, #541, #6215, .T. ) ;
#7526 = FACE_OUTER_BOUND ( 'NONE', #1036, .T. ) ;
#7527 = DIRECTION ( 'NONE',  ( 1.000000000000000000, 0.000000000000000000, 0.000000000000000000 ) ) ;
#7528 = ORIENTED_EDGE ( 'NONE', *, *, #9307, .F. ) ;
#7529 = ORIENTED_EDGE ( 'NONE', *, *, #4447, .T. ) ;
#7530 = CARTESIAN_POINT ( 'NONE',  ( 25.43692726156337613, 1.000000000000000888, 4.115029550705583183 ) ) ;
#7531 = CARTESIAN_POINT ( 'NONE',  ( -11.22013319932021069, 1.000000000000000000, 4.754646574862072761 ) ) ;
#7532 = CARTESIAN_POINT ( 'NONE',  ( -0.4305963601556900833, 3.000000000000000000, 4.925965133283901842 ) ) ;
#7533 = CARTESIAN_POINT ( 'NONE',  ( -9.441682137259251206, 3.000000000000000000, 4.558783434972932369 ) ) ;
#7534 = ORIENTED_EDGE ( 'NONE', *, *, #8298, .T. ) ;
#7535 = CARTESIAN_POINT ( 'NONE',  ( 23.23880820312752604, 3.000000000000000000, 0.8901006348435255289 ) ) ;
#7536 = EDGE_LOOP ( 'NONE', ( #1993, #7012, #3837, #3968 ) ) ;
#7537 = ORIENTED_EDGE ( 'NONE', *, *, #5643, .F. ) ;
#7538 = DIRECTION ( 'NONE',  ( 0.000000000000000000, 0.000000000000000000, 1.000000000000000000 ) ) ;
#7539 = LINE ( 'NONE', #7641, #8431 ) ;
#7540 = CARTESIAN_POINT ( 'NONE',  ( 26.36146553373197321, 3.000000000000000444, 3.564986377904148185 ) ) ;
#7541 = AXIS2_PLACEMENT_3D ( 'NONE', #8400, #1008, #4360 ) ;
#7542 = DIRECTION ( 'NONE',  ( -0.7055124089430004908, 0.000000000000000000, 0.7086975665454513518 ) ) ;
#7543 = CARTESIAN_POINT ( 'NONE',  ( -10.37313141568610853, 1.000000000000001332, 2.006829514094805589 ) ) ;
#7544 = EDGE_LOOP ( 'NONE', ( #3457, #3978, #4878, #277 ) ) ;
#7545 = EDGE_LOOP ( 'NONE', ( #7693, #4171, #1225, #6570 ) ) ;
#7546 = CARTESIAN_POINT ( 'NONE',  ( -13.48436404361697249, 1.000000000000000000, 4.925965133283901842 ) ) ;
#7547 = DIRECTION ( 'NONE',  ( 0.000000000000000000, 0.000000000000000000, 1.000000000000000000 ) ) ;
#7548 = DIRECTION ( 'NONE',  ( 0.000000000000000000, 0.000000000000000000, 1.000000000000000000 ) ) ;
#7549 = DIRECTION ( 'NONE',  ( 0.000000000000000000, 0.000000000000000000, 1.000000000000000000 ) ) ;
#7550 = CARTESIAN_POINT ( 'NONE',  ( 12.94011006049648138, 0.9999999999999986677, 4.285563151067234955 ) ) ;
#7551 = CARTESIAN_POINT ( 'NONE',  ( -19.97150904447657638, 3.000000000000000000, 2.778301555542199708 ) ) ;
#7552 = EDGE_CURVE ( 'NONE', #5259, #6073, #2961, .T. ) ;
#7553 = DIRECTION ( 'NONE',  ( -0.000000000000000000, 0.000000000000000000, 1.000000000000000000 ) ) ;
#7554 = VERTEX_POINT ( 'NONE', #7658 ) ;
#7555 = AXIS2_PLACEMENT_3D ( 'NONE', #8502, #10204, #10255 ) ;
#7556 = ORIENTED_EDGE ( 'NONE', *, *, #2689, .F. ) ;
#7557 = CARTESIAN_POINT ( 'NONE',  ( -8.535340745937313400, 1.000000000000000444, 3.093224662254209001 ) ) ;
#7558 = CARTESIAN_POINT ( 'NONE',  ( -9.055183238718937488, 1.000000000000000000, 3.964210950519026611 ) ) ;
#7559 = DIRECTION ( 'NONE',  ( 0.000000000000000000, 1.000000000000000000, 0.000000000000000000 ) ) ;
#7560 = ORIENTED_EDGE ( 'NONE', *, *, #1729, .F. ) ;
#7561 = CARTESIAN_POINT ( 'NONE',  ( -7.736361482958772129, 1.000000000000000000, 4.530342895278852922 ) ) ;
#7562 = VERTEX_POINT ( 'NONE', #362 ) ;
#7563 = ORIENTED_EDGE ( 'NONE', *, *, #1335, .T. ) ;
#7564 = VECTOR ( 'NONE', #5700, 1000.000000000000000 ) ;
#7565 = CARTESIAN_POINT ( 'NONE',  ( 6.239347308710709861, 3.000000000000000000, 0.8567078280890980668 ) ) ;
#7566 = CARTESIAN_POINT ( 'NONE',  ( 8.478802170368966884, 3.000000000000000000, 2.081001434549757168 ) ) ;
#7567 = VECTOR ( 'NONE', #6241, 1000.000000000000000 ) ;
#7568 = CARTESIAN_POINT ( 'NONE',  ( -22.37703354520371590, 3.000000000000000000, 4.925965133283901842 ) ) ;
#7569 = CARTESIAN_POINT ( 'NONE',  ( 22.95356450105736101, 3.000000000000001332, 4.220116660477758685 ) ) ;
#7570 = CARTESIAN_POINT ( 'NONE',  ( 25.67581495965833582, 1.000000000000000000, 3.054345212737266557 ) ) ;
#7571 = EDGE_CURVE ( 'NONE', #9641, #5574, #8614, .T. ) ;
#7572 = VECTOR ( 'NONE', #5934, 1000.000000000000000 ) ;
#7573 = VECTOR ( 'NONE', #5712, 1000.000000000000000 ) ;
#7574 = DIRECTION ( 'NONE',  ( -0.03127913959601442973, 0.000000000000000000, -0.9995106879999497984 ) ) ;
#7575 = CARTESIAN_POINT ( 'NONE',  ( -10.47542966877849580, 1.000000000000000888, 4.491290303619043911 ) ) ;
#7576 = CARTESIAN_POINT ( 'NONE',  ( -3.849902845770769133, 1.000000000000000000, 4.530342895278852922 ) ) ;
#7577 = VERTEX_POINT ( 'NONE', #6051 ) ;
#7578 = ORIENTED_EDGE ( 'NONE', *, *, #3939, .F. ) ;
#7579 = EDGE_CURVE ( 'NONE', #4773, #394, #4454, .T. ) ;
#7580 = LINE ( 'NONE', #8422, #2788 ) ;
#7581 = VECTOR ( 'NONE', #8388, 1000.000000000000000 ) ;
#7582 = DIRECTION ( 'NONE',  ( 1.000000000000000000, 0.000000000000000000, 0.000000000000000000 ) ) ;
#7583 = CARTESIAN_POINT ( 'NONE',  ( -14.53788486937595792, 1.000000000000000000, 0.8567078280890980668 ) ) ;
#7584 = VECTOR ( 'NONE', #9240, 1000.000000000000000 ) ;
#7585 = ADVANCED_FACE ( 'NONE', ( #1215 ), #412, .T. ) ;
#7586 = ADVANCED_FACE ( 'NONE', ( #1 ), #7173, .T. ) ;
#7587 = CARTESIAN_POINT ( 'NONE',  ( -10.15210566730188013, 3.000000000000001776, 0.7870473835920424044 ) ) ;
#7588 = ORIENTED_EDGE ( 'NONE', *, *, #6543, .T. ) ;
#7589 = CARTESIAN_POINT ( 'NONE',  ( 24.31720848257732470, 1.000000000000000000, 0.4108632037807701254 ) ) ;
#7590 = CIRCLE ( 'NONE', #7074, 1.749999999999999778 ) ;
#7591 = ORIENTED_EDGE ( 'NONE', *, *, #295, .T. ) ;
#7592 = ORIENTED_EDGE ( 'NONE', *, *, #5093, .F. ) ;
#7593 = DIRECTION ( 'NONE',  ( 0.000000000000000000, 0.000000000000000000, 1.000000000000000000 ) ) ;
#7594 = EDGE_CURVE ( 'NONE', #3186, #7554, #3125, .T. ) ;
#7595 = CARTESIAN_POINT ( 'NONE',  ( -11.08667029717071095, 3.000000000000000444, 1.037358836086943015 ) ) ;
#7596 = DIRECTION ( 'NONE',  ( -0.000000000000000000, 1.000000000000000000, -0.000000000000000000 ) ) ;
#7597 = CARTESIAN_POINT ( 'NONE',  ( -23.39523095685510867, 1.000000000000000000, 0.8567078280890980668 ) ) ;
#7598 = VECTOR ( 'NONE', #3958, 1000.000000000000000 ) ;
#7599 = LINE ( 'NONE', #9032, #7572 ) ;
#7600 = ORIENTED_EDGE ( 'NONE', *, *, #4441, .T. ) ;
#7601 = ORIENTED_EDGE ( 'NONE', *, *, #8485, .F. ) ;
#7602 = CARTESIAN_POINT ( 'NONE',  ( -5.794456792393803291, 1.000000000000000000, 4.869447670711752885 ) ) ;
#7603 = DIRECTION ( 'NONE',  ( -0.7055124089430004908, 0.000000000000000000, 0.7086975665454513518 ) ) ;
#7604 = CARTESIAN_POINT ( 'NONE',  ( 24.06471137498595425, 3.000000000000000000, 0.8117920928198715247 ) ) ;
#7605 = CARTESIAN_POINT ( 'NONE',  ( -10.09429808773728254, 3.000000000000000000, 4.632897637755710285 ) ) ;
#7606 = CARTESIAN_POINT ( 'NONE',  ( 4.089034474910937966, 1.000000000000000000, 3.682580956696600794 ) ) ;
#7607 = DIRECTION ( 'NONE',  ( -0.000000000000000000, 1.000000000000000000, -0.000000000000000000 ) ) ;
#7608 = CARTESIAN_POINT ( 'NONE',  ( -44.50000000000000000, 0.000000000000000000, 13.50000000000000178 ) ) ;
#7609 = CARTESIAN_POINT ( 'NONE',  ( -18.61543214706375693, 0.9999999999999986677, 4.235810474738921805 ) ) ;
#7610 = CARTESIAN_POINT ( 'NONE',  ( 26.48796157159425135, 2.999999999999999556, 2.731855977857389206 ) ) ;
#7611 = EDGE_LOOP ( 'NONE', ( #8316, #5797, #6291, #6032 ) ) ;
#7612 = ORIENTED_EDGE ( 'NONE', *, *, #1833, .F. ) ;
#7613 = CYLINDRICAL_SURFACE ( 'NONE', #5122, 1.749999999999999778 ) ;
#7614 = LINE ( 'NONE', #10097, #5326 ) ;
#7615 = EDGE_LOOP ( 'NONE', ( #4221, #3890, #7600, #3000 ) ) ;
#7616 = DIRECTION ( 'NONE',  ( -0.000000000000000000, 1.000000000000000000, -0.000000000000000000 ) ) ;
#7617 = ADVANCED_FACE ( 'NONE', ( #6433 ), #9507, .T. ) ;
#7618 = ORIENTED_EDGE ( 'NONE', *, *, #3511, .T. ) ;
#7619 = ORIENTED_EDGE ( 'NONE', *, *, #10448, .T. ) ;
#7620 = CARTESIAN_POINT ( 'NONE',  ( 12.12483334394743828, 2.999999999999998668, 2.354533257635949006 ) ) ;
#7621 = CARTESIAN_POINT ( 'NONE',  ( -22.75499407615497205, 1.000000000000000000, 4.925965133283901842 ) ) ;
#7622 = CARTESIAN_POINT ( 'NONE',  ( 22.20553048534310037, 3.000000000000000000, 4.869447670711752885 ) ) ;
#7623 = DIRECTION ( 'NONE',  ( -1.000000000000000000, 0.000000000000000000, 0.000000000000000000 ) ) ;
#7624 = CARTESIAN_POINT ( 'NONE',  ( 25.22007216934677132, 1.000000000000000444, 4.401526122336624880 ) ) ;
#7625 = PLANE ( 'NONE',  #8869 ) ;
#7626 = FACE_OUTER_BOUND ( 'NONE', #10407, .T. ) ;
#7627 = ADVANCED_FACE ( 'NONE', ( #3182 ), #8718, .T. ) ;
#7628 = ORIENTED_EDGE ( 'NONE', *, *, #8615, .F. ) ;
#7629 = B_SPLINE_CURVE_WITH_KNOTS ( 'NONE', 3,
 ( #6792, #10036, #7760, #10197, #2745, #9990, #7810, #3703, #2905, #3648, #8551, #9404, #9248, #2107, #5358, #8497, #8609, #513, #3760 ),
 .UNSPECIFIED., .F., .F.,
 ( 4, 1, 1, 1, 1, 1, 1, 1, 1, 1, 1, 1, 1, 1, 1, 1, 4 ),
 ( 0.000000000000000000, 0.1187767075909451769, 0.2207809273048087217, 0.3067990809538417296, 0.3757066992675635597, 0.4333762127717255552, 0.4838276350480513188, 0.5289847340523990971, 0.5686495369031961955, 0.6072201026983442551, 0.6476492541587907104, 0.6920729460071035621, 0.7403619057419850158, 0.7944415648870482016, 0.8560178573469114927, 0.9245088927334972340, 1.000000000000000000 ),
 .UNSPECIFIED. ) ;
#7630 = ORIENTED_EDGE ( 'NONE', *, *, #6224, .F. ) ;
#7631 = CARTESIAN_POINT ( 'NONE',  ( 25.09400102493821905, 3.000000000000001776, 4.498291186207088899 ) ) ;
#7632 = CARTESIAN_POINT ( 'NONE',  ( -18.42629394265522791, 1.000000000000000444, 1.763862746716056806 ) ) ;
#7633 = PLANE ( 'NONE',  #2730 ) ;
#7634 = CARTESIAN_POINT ( 'NONE',  ( -11.38438707492051982, 3.000000000000000000, 0.8567078280890980668 ) ) ;
#7635 = ORIENTED_EDGE ( 'NONE', *, *, #9330, .F. ) ;
#7636 = EDGE_CURVE ( 'NONE', #3948, #10312, #8620, .T. ) ;
#7637 = EDGE_CURVE ( 'NONE', #6371, #3551, #7114, .T. ) ;
#7638 = ORIENTED_EDGE ( 'NONE', *, *, #4242, .T. ) ;
#7639 = ADVANCED_FACE ( 'NONE', ( #3068 ), #5583, .T. ) ;
#7640 = VERTEX_POINT ( 'NONE', #7972 ) ;
#7641 = CARTESIAN_POINT ( 'NONE',  ( 10.02601730104476374, 3.000000000000000000, 4.530342895278852922 ) ) ;
#7642 = AXIS2_PLACEMENT_3D ( 'NONE', #6907, #466, #3016 ) ;
#7643 = CARTESIAN_POINT ( 'NONE',  ( 14.09527460623957040, 1.000000000000000000, 0.5176030526561972156 ) ) ;
#7644 = DIRECTION ( 'NONE',  ( 0.000000000000000000, 0.000000000000000000, 1.000000000000000000 ) ) ;
#7645 = CARTESIAN_POINT ( 'NONE',  ( 12.28759888928345667, 1.000000000000000000, 3.569546031552301102 ) ) ;
#7646 = VERTEX_POINT ( 'NONE', #8029 ) ;
#7647 = EDGE_CURVE ( 'NONE', #4873, #9065, #3973, .T. ) ;
#7648 = ORIENTED_EDGE ( 'NONE', *, *, #1783, .T. ) ;
#7649 = FACE_OUTER_BOUND ( 'NONE', #6619, .T. ) ;
#7650 = CARTESIAN_POINT ( 'NONE',  ( -44.50000000000000000, 0.000000000000000000, 13.50000000000000178 ) ) ;
#7651 = EDGE_CURVE ( 'NONE', #8873, #2573, #6937, .T. ) ;
#7652 = CARTESIAN_POINT ( 'NONE',  ( -20.24173316239967235, 3.000000000000000000, 4.530342895278852922 ) ) ;
#7653 = DIRECTION ( 'NONE',  ( -1.000000000000000000, 0.000000000000000000, 0.000000000000000000 ) ) ;
#7654 = CARTESIAN_POINT ( 'NONE',  ( 26.48796157159425135, 0.9999999999999995559, 2.731855977857389206 ) ) ;
#7655 = CARTESIAN_POINT ( 'NONE',  ( -9.839178555403929494, 0.9999999999999991118, 3.030511211401000882 ) ) ;
#7656 = VECTOR ( 'NONE', #3935, 1000.000000000000000 ) ;
#7657 = CIRCLE ( 'NONE', #10202, 3.000000000000000888 ) ;
#7658 = CARTESIAN_POINT ( 'NONE',  ( 12.28759888928345667, 3.000000000000000000, 3.569546031552301102 ) ) ;
#7659 = PLANE ( 'NONE',  #1291 ) ;
#7660 = LINE ( 'NONE', #5256, #3743 ) ;
#7661 = LINE ( 'NONE', #3020, #4329 ) ;
#7662 = ORIENTED_EDGE ( 'NONE', *, *, #5866, .T. ) ;
#7663 = ORIENTED_EDGE ( 'NONE', *, *, #2876, .T. ) ;
#7664 = CARTESIAN_POINT ( 'NONE',  ( -9.055183238718937488, 3.000000000000000444, 3.964210950519026611 ) ) ;
#7665 = VECTOR ( 'NONE', #1769, 1000.000000000000000 ) ;
#7666 = VECTOR ( 'NONE', #5688, 1000.000000000000000 ) ;
#7667 = DIRECTION ( 'NONE',  ( -0.000000000000000000, 1.000000000000000000, -0.000000000000000000 ) ) ;
#7668 = ORIENTED_EDGE ( 'NONE', *, *, #7388, .T. ) ;
#7669 = CARTESIAN_POINT ( 'NONE',  ( -19.30834932106217039, 3.000000000000000000, 1.753059920512656245 ) ) ;
#7670 = ORIENTED_EDGE ( 'NONE', *, *, #1729, .T. ) ;
#7671 = ORIENTED_EDGE ( 'NONE', *, *, #6847, .F. ) ;
#7672 = CARTESIAN_POINT ( 'NONE',  ( -9.535683681315846982, 2.999999999999999556, 0.7743534183485472067 ) ) ;
#7673 = DIRECTION ( 'NONE',  ( 0.05071590065957923277, 0.000000000000000000, 0.9987131206809528594 ) ) ;
#7674 = CARTESIAN_POINT ( 'NONE',  ( 8.178602743217609827, 1.000000000000000000, 4.869447670711752885 ) ) ;
#7675 = CARTESIAN_POINT ( 'NONE',  ( 47.49999999999999289, 0.000000000000000000, -13.50000000000000178 ) ) ;
#7676 = CARTESIAN_POINT ( 'NONE',  ( -3.849902845770769133, 3.000000000000000000, 0.8567078280890980668 ) ) ;
#7677 = VECTOR ( 'NONE', #8409, 1000.000000000000000 ) ;
#7678 = VECTOR ( 'NONE', #1343, 1000.000000000000000 ) ;
#7679 = DIRECTION ( 'NONE',  ( -0.000000000000000000, 1.000000000000000000, -0.000000000000000000 ) ) ;
#7680 = CARTESIAN_POINT ( 'NONE',  ( -13.51004952286256433, 1.000000000000000000, 3.789136500429122645 ) ) ;
#7681 = PLANE ( 'NONE',  #5956 ) ;
#7682 = ORIENTED_EDGE ( 'NONE', *, *, #9825, .T. ) ;
#7683 = VERTEX_POINT ( 'NONE', #1410 ) ;
#7684 = CARTESIAN_POINT ( 'NONE',  ( 9.092610664187843028, 0.9999999999999991118, 1.029418620841137333 ) ) ;
#7685 = CARTESIAN_POINT ( 'NONE',  ( 25.68438289660281626, 3.000000000000000000, 2.740334818108340453 ) ) ;
#7686 = CARTESIAN_POINT ( 'NONE',  ( -10.12359230069153071, 2.999999999999999112, 0.4254863007247368101 ) ) ;
#7687 = CARTESIAN_POINT ( 'NONE',  ( 23.36592298192842776, 0.9999999999999991118, 3.096045352496304304 ) ) ;
#7688 = CARTESIAN_POINT ( 'NONE',  ( -5.706148257124818990, 3.000000000000000000, 3.060888868402950713 ) ) ;
#7689 = EDGE_CURVE ( 'NONE', #6831, #6427, #5341, .T. ) ;
#7690 = VERTEX_POINT ( 'NONE', #3044 ) ;
#7691 = CARTESIAN_POINT ( 'NONE',  ( 8.338205175041009554, 3.000000000000000444, 2.468495474901855502 ) ) ;
#7692 = CARTESIAN_POINT ( 'NONE',  ( -22.37703354520371590, 1.000000000000000000, 0.8567078280890980668 ) ) ;
#7693 = ORIENTED_EDGE ( 'NONE', *, *, #7594, .F. ) ;
#7694 = VERTEX_POINT ( 'NONE', #10336 ) ;
#7695 = PLANE ( 'NONE',  #5878 ) ;
#7696 = DIRECTION ( 'NONE',  ( 0.000000000000000000, 0.000000000000000000, 1.000000000000000000 ) ) ;
#7697 = DIRECTION ( 'NONE',  ( -1.000000000000000000, 0.000000000000000000, 0.000000000000000000 ) ) ;
#7698 = CARTESIAN_POINT ( 'NONE',  ( -9.818676744601429363, 3.000000000000000444, 0.7436729029447979311 ) ) ;
#7699 = EDGE_CURVE ( 'NONE', #3356, #7562, #3744, .T. ) ;
#7700 = CARTESIAN_POINT ( 'NONE',  ( -10.87239469585315454, 2.999999999999999556, 3.687160427903892312 ) ) ;
#7701 = ORIENTED_EDGE ( 'NONE', *, *, #8586, .T. ) ;
#7702 = CARTESIAN_POINT ( 'NONE',  ( 12.26764173312900397, 1.000000000000000000, 3.300900450731739877 ) ) ;
#7703 = ORIENTED_EDGE ( 'NONE', *, *, #2758, .T. ) ;
#7704 = CARTESIAN_POINT ( 'NONE',  ( 22.05099054862238006, 3.000000000000000000, 0.5176030526561972156 ) ) ;
#7705 = DIRECTION ( 'NONE',  ( -1.000000000000000000, 0.000000000000000000, 0.000000000000000000 ) ) ;
#7706 = CARTESIAN_POINT ( 'NONE',  ( -10.80792834138254221, 3.000000000000000444, 3.985864073455342993 ) ) ;
#7707 = DIRECTION ( 'NONE',  ( 0.000000000000000000, 0.000000000000000000, 1.000000000000000000 ) ) ;
#7708 = CARTESIAN_POINT ( 'NONE',  ( -6.744656631888076959, 1.000000000000000000, 3.060888868402950713 ) ) ;
#7709 = FACE_OUTER_BOUND ( 'NONE', #1258, .T. ) ;
#7710 = PLANE ( 'NONE',  #1636 ) ;
#7711 = CARTESIAN_POINT ( 'NONE',  ( 17.14504826584814268, 1.000000000000000000, 3.792189658546188280 ) ) ;
#7712 = EDGE_CURVE ( 'NONE', #881, #8923, #8645, .T. ) ;
#7713 = DIRECTION ( 'NONE',  ( 0.000000000000000000, 0.000000000000000000, -1.000000000000000000 ) ) ;
#7714 = EDGE_CURVE ( 'NONE', #10433, #2329, #4543, .T. ) ;
#7715 = ORIENTED_EDGE ( 'NONE', *, *, #6042, .T. ) ;
#7716 = ORIENTED_EDGE ( 'NONE', *, *, #9784, .F. ) ;
#7717 = CARTESIAN_POINT ( 'NONE',  ( -19.41799595649738208, 1.000000000000000000, 2.289844549213747360 ) ) ;
#7718 = CARTESIAN_POINT ( 'NONE',  ( -11.17672855576504531, 1.000000000000000000, 2.069155635781464220 ) ) ;
#7719 = DIRECTION ( 'NONE',  ( 1.000000000000000000, 0.000000000000000000, 0.000000000000000000 ) ) ;
#7720 = ORIENTED_EDGE ( 'NONE', *, *, #3353, .F. ) ;
#7721 = ORIENTED_EDGE ( 'NONE', *, *, #2237, .F. ) ;
#7722 = DIRECTION ( 'NONE',  ( 1.000000000000000000, 0.000000000000000000, 0.000000000000000000 ) ) ;
#7723 = CARTESIAN_POINT ( 'NONE',  ( 24.46622898822910841, 1.000000000000000000, 4.982482595856052576 ) ) ;
#7724 = LINE ( 'NONE', #6232, #1039 ) ;
#7725 = DIRECTION ( 'NONE',  ( -0.8407042999517823079, 0.000000000000000000, 0.5414944875458878037 ) ) ;
#7726 = CARTESIAN_POINT ( 'NONE',  ( 23.65471714546889359, 1.000000000000000000, 1.168725130775599919 ) ) ;
#7727 = LINE ( 'NONE', #434, #9017 ) ;
#7728 = LINE ( 'NONE', #9224, #6493 ) ;
#7729 = VECTOR ( 'NONE', #629, 1000.000000000000000 ) ;
#7730 = DIRECTION ( 'NONE',  ( -1.000000000000000000, 0.000000000000000000, 0.000000000000000000 ) ) ;
#7731 = CARTESIAN_POINT ( 'NONE',  ( 25.68438289660281626, 2.999999999999999112, 2.740334818108340453 ) ) ;
#7732 = VERTEX_POINT ( 'NONE', #5448 ) ;
#7733 = VERTEX_POINT ( 'NONE', #10129 ) ;
#7734 = CARTESIAN_POINT ( 'NONE',  ( -22.75499407615497205, 3.000000000000000000, 4.925965133283901842 ) ) ;
#7735 = FACE_OUTER_BOUND ( 'NONE', #9051, .T. ) ;
#7736 = LINE ( 'NONE', #443, #1477 ) ;
#7737 = CARTESIAN_POINT ( 'NONE',  ( -19.79752932827374323, 1.000000000000000888, 2.435825421510390942 ) ) ;
#7738 = CARTESIAN_POINT ( 'NONE',  ( -19.53713644829873886, 3.000000000000000444, 2.828579219298524183 ) ) ;
#7739 = VECTOR ( 'NONE', #3638, 1000.000000000000000 ) ;
#7740 = VECTOR ( 'NONE', #9687, 1000.000000000000000 ) ;
#7741 = ORIENTED_EDGE ( 'NONE', *, *, #9540, .F. ) ;
#7742 = CARTESIAN_POINT ( 'NONE',  ( -18.93123449900794242, 3.000000000000000000, 1.704469766671348863 ) ) ;
#7743 = PLANE ( 'NONE',  #6466 ) ;
#7744 = ORIENTED_EDGE ( 'NONE', *, *, #1851, .F. ) ;
#7745 = VERTEX_POINT ( 'NONE', #4648 ) ;
#7746 = AXIS2_PLACEMENT_3D ( 'NONE', #10213, #8625, #5318 ) ;
#7747 = VECTOR ( 'NONE', #3868, 1000.000000000000000 ) ;
#7748 = CARTESIAN_POINT ( 'NONE',  ( 12.16573311061225660, 1.000000000000000000, 0.8567078280890980668 ) ) ;
#7749 = EDGE_CURVE ( 'NONE', #5111, #696, #8702, .T. ) ;
#7750 = LINE ( 'NONE', #6994, #1302 ) ;
#7751 = DIRECTION ( 'NONE',  ( 0.000000000000000000, 0.000000000000000000, 1.000000000000000000 ) ) ;
#7752 = CARTESIAN_POINT ( 'NONE',  ( 19.76291639980298953, 3.000000000000000000, 4.869447670711752885 ) ) ;
#7753 = CARTESIAN_POINT ( 'NONE',  ( 14.09527460623957040, 3.000000000000000000, 4.869447670711752885 ) ) ;
#7754 = ORIENTED_EDGE ( 'NONE', *, *, #9467, .F. ) ;
#7755 = VECTOR ( 'NONE', #687, 1000.000000000000000 ) ;
#7756 = DIRECTION ( 'NONE',  ( 0.000000000000000000, 0.000000000000000000, -1.000000000000000000 ) ) ;
#7757 = ORIENTED_EDGE ( 'NONE', *, *, #162, .T. ) ;
#7758 = CARTESIAN_POINT ( 'NONE',  ( -8.379430978470766789, 1.000000000000000000, 3.764189325670674879 ) ) ;
#7759 = CARTESIAN_POINT ( 'NONE',  ( 26.48937753124154781, 1.000000000000000444, 2.651137264754862777 ) ) ;
#7760 = CARTESIAN_POINT ( 'NONE',  ( 8.492442673263285613, 0.9999999999999995559, 3.541148090033010565 ) ) ;
#7761 = EDGE_CURVE ( 'NONE', #3690, #1681, #5290, .T. ) ;
#7762 = VECTOR ( 'NONE', #397, 1000.000000000000000 ) ;
#7763 = DIRECTION ( 'NONE',  ( -1.000000000000000000, 0.000000000000000000, 0.000000000000000000 ) ) ;
#7764 = CARTESIAN_POINT ( 'NONE',  ( -10.05004510700616649, 1.000000000000000000, 2.952269370022099437 ) ) ;
#7765 = FACE_OUTER_BOUND ( 'NONE', #6756, .T. ) ;
#7766 = CARTESIAN_POINT ( 'NONE',  ( -3.849902845770769133, 1.000000000000000000, 0.5176030526561972156 ) ) ;
#7767 = DIRECTION ( 'NONE',  ( -0.3274944330526244896, 0.000000000000000000, -0.9448531083293001398 ) ) ;
#7768 = CARTESIAN_POINT ( 'NONE',  ( -9.850198761613610188, 1.000000000000000000, 0.7440539741468582546 ) ) ;
#7769 = ORIENTED_EDGE ( 'NONE', *, *, #7036, .T. ) ;
#7770 = ORIENTED_EDGE ( 'NONE', *, *, #8630, .F. ) ;
#7771 = EDGE_CURVE ( 'NONE', #4690, #9513, #9439, .T. ) ;
#7772 = DIRECTION ( 'NONE',  ( 0.000000000000000000, 8.981195794574638421E-13, -1.000000000000000000 ) ) ;
#7773 = CARTESIAN_POINT ( 'NONE',  ( -20.98175868795376076, 1.000000000000000000, 4.530342895278852922 ) ) ;
#7774 = DIRECTION ( 'NONE',  ( -0.000000000000000000, 1.000000000000000000, -0.000000000000000000 ) ) ;
#7775 = EDGE_CURVE ( 'NONE', #5888, #6863, #2089, .T. ) ;
#7776 = EDGE_LOOP ( 'NONE', ( #2314, #2929, #2518, #3758 ) ) ;
#7777 = ORIENTED_EDGE ( 'NONE', *, *, #79, .F. ) ;
#7778 = ADVANCED_FACE ( 'NONE', ( #1246 ), #2191, .T. ) ;
#7779 = CARTESIAN_POINT ( 'NONE',  ( -2.305386563916230980, 3.000000000000000000, 4.530342895278852922 ) ) ;
#7780 = FACE_OUTER_BOUND ( 'NONE', #7914, .T. ) ;
#7781 = CARTESIAN_POINT ( 'NONE',  ( -9.367983765584817490, 2.999999999999999112, 0.8363692604467057867 ) ) ;
#7782 = CARTESIAN_POINT ( 'NONE',  ( 0.5319666742762407807, 1.000000000000000000, 0.8567078280890980668 ) ) ;
#7783 = FACE_OUTER_BOUND ( 'NONE', #9726, .T. ) ;
#7784 = EDGE_CURVE ( 'NONE', #342, #3824, #603, .T. ) ;
#7785 = CARTESIAN_POINT ( 'NONE',  ( 7.835082541021258784, 1.000000000000000000, 2.552231705253599880 ) ) ;
#7786 = LINE ( 'NONE', #9425, #2057 ) ;
#7787 = CARTESIAN_POINT ( 'NONE',  ( 25.55888906315729514, 3.000000000000000000, 3.798974573225435858 ) ) ;
#7788 = ORIENTED_EDGE ( 'NONE', *, *, #993, .T. ) ;
#7789 = ORIENTED_EDGE ( 'NONE', *, *, #8426, .F. ) ;
#7790 = EDGE_CURVE ( 'NONE', #8919, #7088, #10285, .T. ) ;
#7791 = CARTESIAN_POINT ( 'NONE',  ( 9.189458997564798892, 0.9999999999999995559, 1.153614644881796769 ) ) ;
#7792 = CARTESIAN_POINT ( 'NONE',  ( 10.02601730104476374, 1.000000000000000000, 0.5176030526561972156 ) ) ;
#7793 = PLANE ( 'NONE',  #4879 ) ;
#7794 = CARTESIAN_POINT ( 'NONE',  ( -19.31495581497541281, 0.9999999999999995559, 1.842985950414045115 ) ) ;
#7795 = LINE ( 'NONE', #8532, #2886 ) ;
#7796 = DIRECTION ( 'NONE',  ( 0.000000000000000000, 0.000000000000000000, 1.000000000000000000 ) ) ;
#7797 = ORIENTED_EDGE ( 'NONE', *, *, #2177, .T. ) ;
#7798 = ORIENTED_EDGE ( 'NONE', *, *, #6275, .T. ) ;
#7799 = CARTESIAN_POINT ( 'NONE',  ( -13.92943906137265309, 1.000000000000000000, 0.5176030526561972156 ) ) ;
#7800 = CARTESIAN_POINT ( 'NONE',  ( 8.012375095946479675, 3.000000000000001776, 2.895101878346926672 ) ) ;
#7801 = CARTESIAN_POINT ( 'NONE',  ( 17.88194459857362162, 1.000000000000000000, 0.5176030526561972156 ) ) ;
#7802 = CARTESIAN_POINT ( 'NONE',  ( 20.94536768705469498, 3.000000000000000000, 0.8567078280890980668 ) ) ;
#7803 = CARTESIAN_POINT ( 'NONE',  ( 11.87569657236846332, 3.000000000000000888, 2.788759618130051354 ) ) ;
#7804 = ORIENTED_EDGE ( 'NONE', *, *, #10103, .T. ) ;
#7805 = ADVANCED_FACE ( 'NONE', ( #8590 ), #7743, .T. ) ;
#7806 = ORIENTED_EDGE ( 'NONE', *, *, #4640, .T. ) ;
#7807 = CARTESIAN_POINT ( 'NONE',  ( 25.67546806334055276, 1.000000000000000000, 2.303612042174618235 ) ) ;
#7808 = CARTESIAN_POINT ( 'NONE',  ( -8.609452922981921219, 3.000000000000000000, 4.458246214461565771 ) ) ;
#7809 = CARTESIAN_POINT ( 'NONE',  ( -20.24173316239967235, 1.000000000000000000, 0.8567078280890980668 ) ) ;
#7810 = CARTESIAN_POINT ( 'NONE',  ( 8.433884670108403370, 0.9999999999999995559, 3.148281024986630872 ) ) ;
#7811 = DIRECTION ( 'NONE',  ( -1.000000000000000000, 0.000000000000000000, 0.000000000000000000 ) ) ;
#7812 = CARTESIAN_POINT ( 'NONE',  ( 8.875357086489897185, 1.000000000000000000, 3.682580956696600794 ) ) ;
#7813 = CARTESIAN_POINT ( 'NONE',  ( 12.89940707267944298, 1.000000000000000888, 1.022267291283002866 ) ) ;
#7814 = LINE ( 'NONE', #6216, #9924 ) ;
#7815 = CARTESIAN_POINT ( 'NONE',  ( 16.20615941164940565, 3.000000000000000444, 4.526044445132308525 ) ) ;
#7816 = FACE_OUTER_BOUND ( 'NONE', #8482, .T. ) ;
#7817 = ORIENTED_EDGE ( 'NONE', *, *, #536, .F. ) ;
#7818 = EDGE_CURVE ( 'NONE', #2152, #9101, #7096, .T. ) ;
#7819 = ORIENTED_EDGE ( 'NONE', *, *, #9672, .F. ) ;
#7820 = PLANE ( 'NONE',  #3250 ) ;
#7821 = CARTESIAN_POINT ( 'NONE',  ( 29.49999999999999645, 0.000000000000000000, -10.25000000000000000 ) ) ;
#7822 = VECTOR ( 'NONE', #2000, 1000.000000000000000 ) ;
#7823 = DIRECTION ( 'NONE',  ( -1.000000000000000000, 0.000000000000000000, 0.000000000000000000 ) ) ;
#7824 = ORIENTED_EDGE ( 'NONE', *, *, #10138, .T. ) ;
#7825 = DIRECTION ( 'NONE',  ( -1.000000000000000000, 0.000000000000000000, 0.000000000000000000 ) ) ;
#7826 = DIRECTION ( 'NONE',  ( 1.000000000000000000, 0.000000000000000000, 0.000000000000000000 ) ) ;
#7827 = CARTESIAN_POINT ( 'NONE',  ( -9.438578756603153153, 3.000000000000001332, 0.8062166138689065287 ) ) ;
#7828 = CARTESIAN_POINT ( 'NONE',  ( 26.48937753124154781, 1.000000000000000444, 2.651137264754862777 ) ) ;
#7829 = DIRECTION ( 'NONE',  ( -0.000000000000000000, 1.000000000000000000, -0.000000000000000000 ) ) ;
#7830 = VECTOR ( 'NONE', #6868, 1000.000000000000000 ) ;
#7831 = EDGE_CURVE ( 'NONE', #8376, #9890, #2938, .T. ) ;
#7832 = AXIS2_PLACEMENT_3D ( 'NONE', #9428, #9376, #3782 ) ;
#7833 = DIRECTION ( 'NONE',  ( -0.000000000000000000, 1.000000000000000000, -0.000000000000000000 ) ) ;
#7834 = CARTESIAN_POINT ( 'NONE',  ( -18.43785288364949793, 1.000000000000000000, 3.793105207036272297 ) ) ;
#7835 = CARTESIAN_POINT ( 'NONE',  ( -12.36372873105355907, 1.000000000000000000, 0.8567078280890980668 ) ) ;
#7836 = ORIENTED_EDGE ( 'NONE', *, *, #4327, .F. ) ;
#7837 = EDGE_LOOP ( 'NONE', ( #7324, #1970, #1732, #5155 ) ) ;
#7838 = DIRECTION ( 'NONE',  ( 0.000000000000000000, 0.000000000000000000, 1.000000000000000000 ) ) ;
#7839 = AXIS2_PLACEMENT_3D ( 'NONE', #6014, #5808, #3463 ) ;
#7840 = VECTOR ( 'NONE', #9932, 1000.000000000000000 ) ;
#7841 = CARTESIAN_POINT ( 'NONE',  ( -20.24173316239967235, 1.000000000000000000, 2.778301555542199708 ) ) ;
#7842 = CARTESIAN_POINT ( 'NONE',  ( 9.318366910679690918, 3.000000000000000444, 1.556693250995875299 ) ) ;
#7843 = CARTESIAN_POINT ( 'NONE',  ( -12.94921431988692717, 3.000000000000000000, 0.8567078280890980668 ) ) ;
#7844 = EDGE_CURVE ( 'NONE', #8861, #7694, #5396, .T. ) ;
#7845 = EDGE_CURVE ( 'NONE', #5071, #4909, #2999, .T. ) ;
#7846 = CALENDAR_DATE ( 2026, 19, 8 ) ;
#7847 = FACE_OUTER_BOUND ( 'NONE', #9983, .T. ) ;
#7848 = DIRECTION ( 'NONE',  ( 0.000000000000000000, 0.000000000000000000, 1.000000000000000000 ) ) ;
#7849 = ORIENTED_EDGE ( 'NONE', *, *, #4862, .T. ) ;
#7850 = VERTEX_POINT ( 'NONE', #6247 ) ;
#7851 = CARTESIAN_POINT ( 'NONE',  ( 23.37963749733824059, 0.9999999999999995559, 2.151334741544307594 ) ) ;
#7852 = CARTESIAN_POINT ( 'NONE',  ( -8.381520123009002177, 2.999999999999999556, 3.856590655477635465 ) ) ;
#7853 = CARTESIAN_POINT ( 'NONE',  ( -18.11349746241714698, 1.000000000000000000, 0.5176030526561972156 ) ) ;
#7854 = CARTESIAN_POINT ( 'NONE',  ( 19.84239408154507700, 1.000000000000000000, 2.428599755877021593 ) ) ;
#7855 = EDGE_LOOP ( 'NONE', ( #8951, #6525, #3366, #3423 ) ) ;
#7856 = PLANE ( 'NONE',  #6465 ) ;
#7857 = ORIENTED_EDGE ( 'NONE', *, *, #3564, .T. ) ;
#7858 = DIRECTION ( 'NONE',  ( -0.000000000000000000, 1.000000000000000000, -0.000000000000000000 ) ) ;
#7859 = ORIENTED_EDGE ( 'NONE', *, *, #5118, .T. ) ;
#7860 = VERTEX_POINT ( 'NONE', #32 ) ;
#7861 = CARTESIAN_POINT ( 'NONE',  ( 26.28262978572709230, 3.000000000000000444, 1.544695424742554835 ) ) ;
#7862 = PLANE ( 'NONE',  #599 ) ;
#7863 = CARTESIAN_POINT ( 'NONE',  ( -11.16561422591572317, 0.9999999999999995559, 4.774756783420821549 ) ) ;
#7864 = LINE ( 'NONE', #6214, #7400 ) ;
#7865 = EDGE_CURVE ( 'NONE', #2720, #4342, #4114, .T. ) ;
#7866 = CARTESIAN_POINT ( 'NONE',  ( 12.16573311061225660, 1.000000000000000000, 0.8567078280890980668 ) ) ;
#7867 = DIRECTION ( 'NONE',  ( -1.000000000000000000, 0.000000000000000000, 0.000000000000000000 ) ) ;
#7868 = DIRECTION ( 'NONE',  ( -0.000000000000000000, 1.000000000000000000, -0.000000000000000000 ) ) ;
#7869 = CARTESIAN_POINT ( 'NONE',  ( -47.50000000000000711, 0.000000000000000000, -16.50000000000000000 ) ) ;
#7870 = ORIENTED_EDGE ( 'NONE', *, *, #2955, .T. ) ;
#7871 = EDGE_LOOP ( 'NONE', ( #4203, #6697, #3784, #8286 ) ) ;
#7872 = CARTESIAN_POINT ( 'NONE',  ( 24.67105980181035818, 3.000000000000000444, 0.7478817493573469699 ) ) ;
#7873 = DIRECTION ( 'NONE',  ( 1.000000000000000000, 0.000000000000000000, 0.000000000000000000 ) ) ;
#7874 = DIRECTION ( 'NONE',  ( 0.000000000000000000, 0.000000000000000000, -1.000000000000000000 ) ) ;
#7875 = PLANE ( 'NONE',  #876 ) ;
#7876 = LINE ( 'NONE', #582, #5195 ) ;
#7877 = PLANE ( 'NONE',  #7399 ) ;
#7878 = CARTESIAN_POINT ( 'NONE',  ( -8.991273816277491449, 2.999999999999999112, 1.328562536425972329 ) ) ;
#7879 = EDGE_CURVE ( 'NONE', #722, #6193, #4757, .T. ) ;
#7880 = CARTESIAN_POINT ( 'NONE',  ( -26.17430056177004971, 1.000000000000000000, 0.5176030526561972156 ) ) ;
#7881 = CARTESIAN_POINT ( 'NONE',  ( -9.053924829172020239, 1.000000000000000000, 3.882158246404506130 ) ) ;
#7882 = VECTOR ( 'NONE', #5991, 1000.000000000000000 ) ;
#7883 = CARTESIAN_POINT ( 'NONE',  ( 8.422836836480922074, 0.9999999999999991118, 2.331977531104653778 ) ) ;
#7884 = CARTESIAN_POINT ( 'NONE',  ( -18.48713763025973122, 0.9999999999999991118, 3.970848827893332711 ) ) ;
#7885 = ORIENTED_EDGE ( 'NONE', *, *, #6691, .F. ) ;
#7886 = VECTOR ( 'NONE', #4557, 1000.000000000000000 ) ;
#7887 = PLANE ( 'NONE',  #7832 ) ;
#7888 = ORIENTED_EDGE ( 'NONE', *, *, #5993, .F. ) ;
#7889 = ORIENTED_EDGE ( 'NONE', *, *, #8364, .T. ) ;
#7890 = FACE_OUTER_BOUND ( 'NONE', #2317, .T. ) ;
#7891 = ADVANCED_FACE ( 'NONE', ( #5716 ), #4871, .T. ) ;
#7892 = CARTESIAN_POINT ( 'NONE',  ( 9.342823038060849683, 3.000000000000000000, 1.707616705562616355 ) ) ;
#7893 = CARTESIAN_POINT ( 'NONE',  ( 23.69490386146360095, 3.000000000000003553, 4.302077428609543119 ) ) ;
#7894 = VECTOR ( 'NONE', #5313, 1000.000000000000000 ) ;
#7895 = SECURITY_CLASSIFICATION_LEVEL ( 'unclassified' ) ;
#7896 = EDGE_CURVE ( 'NONE', #2912, #8336, #8967, .T. ) ;
#7897 = CARTESIAN_POINT ( 'NONE',  ( -18.04020137814388747, 1.000000000000000000, 4.869447670711752885 ) ) ;
#7898 = ORIENTED_EDGE ( 'NONE', *, *, #2415, .F. ) ;
#7899 = EDGE_LOOP ( 'NONE', ( #4073, #3490, #7529, #7431 ) ) ;
#7900 = EDGE_CURVE ( 'NONE', #7217, #6785, #3314, .T. ) ;
#7901 = VECTOR ( 'NONE', #3775, 1000.000000000000000 ) ;
#7902 = CARTESIAN_POINT ( 'NONE',  ( 23.52114037338496644, 3.000000000000002220, 1.456963180161968685 ) ) ;
#7903 = CARTESIAN_POINT ( 'NONE',  ( -8.378364534364289185, 3.000000000000000000, 3.717021285451505008 ) ) ;
#7904 = AXIS2_PLACEMENT_3D ( 'NONE', #9674, #1486, #6377 ) ;
#7905 = CARTESIAN_POINT ( 'NONE',  ( -10.05004510700616649, 3.000000000000000000, 2.952269370022099437 ) ) ;
#7906 = CARTESIAN_POINT ( 'NONE',  ( -10.80792834138254221, 1.000000000000000444, 3.985864073455342993 ) ) ;
#7907 = ORIENTED_EDGE ( 'NONE', *, *, #6956, .T. ) ;
#7908 = CARTESIAN_POINT ( 'NONE',  ( 12.94011006049648138, 2.999999999999998668, 4.285563151067234955 ) ) ;
#7909 = EDGE_LOOP ( 'NONE', ( #8073, #10346, #9601, #1677 ) ) ;
#7910 = VECTOR ( 'NONE', #8715, 1000.000000000000000 ) ;
#7911 = CARTESIAN_POINT ( 'NONE',  ( -10.94891226144013530, 0.9999999999999995559, 0.8365637306814383001 ) ) ;
#7912 = VECTOR ( 'NONE', #9958, 1000.000000000000000 ) ;
#7913 = ORIENTED_EDGE ( 'NONE', *, *, #2461, .F. ) ;
#7914 = EDGE_LOOP ( 'NONE', ( #4607, #6888, #9395, #416 ) ) ;
#7915 = CARTESIAN_POINT ( 'NONE',  ( 26.45940167184184943, 2.999999999999999556, 2.175803204293461857 ) ) ;
#7916 = DIRECTION ( 'NONE',  ( 0.000000000000000000, 0.000000000000000000, 1.000000000000000000 ) ) ;
#7917 = CARTESIAN_POINT ( 'NONE',  ( 12.16573311061225660, 3.000000000000000000, 0.8567078280890980668 ) ) ;
#7918 = LINE ( 'NONE', #3920, #3312 ) ;
#7919 = CARTESIAN_POINT ( 'NONE',  ( 17.12050305079266010, 1.000000000000000444, 3.887473214563547330 ) ) ;
#7920 = CARTESIAN_POINT ( 'NONE',  ( -3.849902845770769133, 1.000000000000000000, 0.5176030526561972156 ) ) ;
#7921 = VECTOR ( 'NONE', #2017, 1000.000000000000000 ) ;
#7922 = CARTESIAN_POINT ( 'NONE',  ( 14.68076019507293850, 1.000000000000000000, 0.8567078280890980668 ) ) ;
#7923 = PLANE ( 'NONE',  #1092 ) ;
#7924 = ORIENTED_EDGE ( 'NONE', *, *, #10112, .F. ) ;
#7925 = EDGE_LOOP ( 'NONE', ( #2685, #7978 ) ) ;
#7926 = CARTESIAN_POINT ( 'NONE',  ( -3.849902845770769133, 1.000000000000000000, 0.8567078280890980668 ) ) ;
#7927 = CARTESIAN_POINT ( 'NONE',  ( 25.39701746960020401, 3.000000000000000444, 1.179400611096040441 ) ) ;
#7928 = CARTESIAN_POINT ( 'NONE',  ( -21.79243104172303802, 3.000000000000000000, 0.8567078280890980668 ) ) ;
#7929 = VECTOR ( 'NONE', #7099, 1000.000000000000000 ) ;
#7930 = CARTESIAN_POINT ( 'NONE',  ( 12.29301100889767362, 2.999999999999999556, 0.8570062300207600403 ) ) ;
#7931 = DIRECTION ( 'NONE',  ( -1.000000000000000000, 0.000000000000000000, 0.000000000000000000 ) ) ;
#7932 = CARTESIAN_POINT ( 'NONE',  ( -9.162473303338506625, 1.000000000000001332, 3.457607013403359186 ) ) ;
#7933 = CARTESIAN_POINT ( 'NONE',  ( -19.50694160505050689, 1.000000000000000444, 2.381727230399813600 ) ) ;
#7934 = CARTESIAN_POINT ( 'NONE',  ( 11.35152841543222202, 1.000000000000000000, 2.778301555542199708 ) ) ;
#7935 = B_SPLINE_CURVE_WITH_KNOTS ( 'NONE', 3,
 ( #57, #2529, #6441, #4041, #7235, #7290, #8, #5786, #5591, #683, #10480, #10422, #7180 ),
 .UNSPECIFIED., .F., .F.,
 ( 4, 1, 1, 1, 1, 1, 1, 1, 1, 1, 4 ),
 ( 0.000000000000000000, 0.1118957488536858891, 0.2318974454921092221, 0.3558977249368683315, 0.4800575587424299462, 0.6013425974822920184, 0.7164319202085041027, 0.7762336196522788834, 0.8431802597498954110, 0.9179873270998505363, 1.000000000000000000 ),
 .UNSPECIFIED. ) ;
#7936 = CARTESIAN_POINT ( 'NONE',  ( -29.50000000000000355, 1.500000000000000000, -11.99999999999999645 ) ) ;
#7937 = CARTESIAN_POINT ( 'NONE',  ( 12.28848197463614689, 3.000000000000000000, 1.704469766671348863 ) ) ;
#7938 = CARTESIAN_POINT ( 'NONE',  ( -9.850198761613610188, 3.000000000000000000, 0.7440539741468582546 ) ) ;
#7939 = ORIENTED_EDGE ( 'NONE', *, *, #8698, .F. ) ;
#7940 = CARTESIAN_POINT ( 'NONE',  ( -16.41002581707842722, 1.000000000000000000, 0.8567078280890980668 ) ) ;
#7941 = EDGE_CURVE ( 'NONE', #1081, #3212, #3955, .T. ) ;
#7942 = FACE_OUTER_BOUND ( 'NONE', #1162, .T. ) ;
#7943 = VERTEX_POINT ( 'NONE', #765 ) ;
#7944 = DIRECTION ( 'NONE',  ( -1.000000000000000000, 0.000000000000000000, 0.000000000000000000 ) ) ;
#7945 = EDGE_LOOP ( 'NONE', ( #1089, #6108, #9208 ) ) ;
#7946 = ORIENTED_EDGE ( 'NONE', *, *, #5398, .T. ) ;
#7947 = LINE ( 'NONE', #649, #4857 ) ;
#7948 = CARTESIAN_POINT ( 'NONE',  ( 7.564858423098167250, 1.000000000000000000, 2.891336480686500288 ) ) ;
#7949 = DIRECTION ( 'NONE',  ( 0.000000000000000000, -1.000000000000000000, 0.000000000000000000 ) ) ;
#7950 = CARTESIAN_POINT ( 'NONE',  ( 24.42729940537353883, 3.000000000000003553, 4.642172047479538044 ) ) ;
#7951 = DATE_AND_TIME ( #7846, #911 ) ;
#7952 = EDGE_CURVE ( 'NONE', #9645, #276, #1518, .T. ) ;
#7953 = CARTESIAN_POINT ( 'NONE',  ( -29.50000000000000000, 1.500000000000000000, 8.500000000000003553 ) ) ;
#7954 = EDGE_LOOP ( 'NONE', ( #9709, #1865, #6580, #7050 ) ) ;
#7955 = EDGE_LOOP ( 'NONE', ( #4815, #8886, #4464, #5773 ) ) ;
#7956 = CARTESIAN_POINT ( 'NONE',  ( 23.37963749733824059, 3.000000000000001332, 2.151334741544307594 ) ) ;
#7957 = CARTESIAN_POINT ( 'NONE',  ( 23.20435249474229167, 1.000000000000000444, 4.513959128188095526 ) ) ;
#7958 = CARTESIAN_POINT ( 'NONE',  ( -10.46956231662969117, 0.9999999999999986677, 1.020100193879948547 ) ) ;
#7959 = EDGE_CURVE ( 'NONE', #8216, #8591, #6515, .T. ) ;
#7960 = LINE ( 'NONE', #10458, #4498 ) ;
#7961 = ORIENTED_EDGE ( 'NONE', *, *, #10176, .T. ) ;
#7962 = DIRECTION ( 'NONE',  ( -0.000000000000000000, 0.000000000000000000, -1.000000000000000000 ) ) ;
#7963 = EDGE_CURVE ( 'NONE', #8401, #5795, #9599, .T. ) ;
#7964 = ORIENTED_EDGE ( 'NONE', *, *, #917, .T. ) ;
#7965 = ADVANCED_FACE ( 'NONE', ( #1675 ), #6415, .T. ) ;
#7966 = CARTESIAN_POINT ( 'NONE',  ( -11.02361351998558092, 1.000000000000001332, 0.9323596846648448677 ) ) ;
#7967 = ORIENTED_EDGE ( 'NONE', *, *, #3273, .T. ) ;
#7968 = CARTESIAN_POINT ( 'NONE',  ( -9.752130262821776086, 0.9999999999999995559, 0.4052792018291355158 ) ) ;
#7969 = CARTESIAN_POINT ( 'NONE',  ( -13.92943906137265309, 1.000000000000000000, 0.5176030526561972156 ) ) ;
#7970 = CARTESIAN_POINT ( 'NONE',  ( 12.12483334394743828, 0.9999999999999986677, 2.354533257635949006 ) ) ;
#7971 = CARTESIAN_POINT ( 'NONE',  ( 16.92632703447605280, 3.000000000000000888, 4.285593984574692428 ) ) ;
#7972 = CARTESIAN_POINT ( 'NONE',  ( 4.089034474910937966, 3.000000000000000000, 3.117406330975100115 ) ) ;
#7973 = LINE ( 'NONE', #10308, #8572 ) ;
#7974 = LINE ( 'NONE', #3926, #6137 ) ;
#7975 = EDGE_CURVE ( 'NONE', #524, #10130, #8911, .T. ) ;
#7976 = LINE ( 'NONE', #52, #1779 ) ;
#7977 = ORIENTED_EDGE ( 'NONE', *, *, #9401, .T. ) ;
#7978 = ORIENTED_EDGE ( 'NONE', *, *, #9325, .T. ) ;
#7979 = EDGE_CURVE ( 'NONE', #7745, #8277, #4928, .T. ) ;
#7980 = CARTESIAN_POINT ( 'NONE',  ( -47.50000000000000711, 0.000000000000000000, -13.50000000000000178 ) ) ;
#7981 = CARTESIAN_POINT ( 'NONE',  ( -16.41002581707842722, 3.000000000000000000, 0.8567078280890980668 ) ) ;
#7982 = CARTESIAN_POINT ( 'NONE',  ( 13.17509966873675076, 3.000000000000000000, 1.817504691815648776 ) ) ;
#7983 = VERTEX_POINT ( 'NONE', #7366 ) ;
#7984 = CARTESIAN_POINT ( 'NONE',  ( 12.25522816617650612, 2.999999999999999112, 3.194677529631569701 ) ) ;
#7985 = CARTESIAN_POINT ( 'NONE',  ( -19.40669528068387351, 1.000000000000000888, 2.273266220684171390 ) ) ;
#7986 = DIRECTION ( 'NONE',  ( 1.000000000000000000, 0.000000000000000000, 0.000000000000000000 ) ) ;
#7987 = CARTESIAN_POINT ( 'NONE',  ( 9.363703286527380598, 3.000000000000000000, 1.874022154387798844 ) ) ;
#7988 = FACE_OUTER_BOUND ( 'NONE', #305, .T. ) ;
#7989 = CARTESIAN_POINT ( 'NONE',  ( -10.53129901367654675, 3.000000000000000444, 1.145251677828878156 ) ) ;
#7990 = ORIENTED_EDGE ( 'NONE', *, *, #8329, .T. ) ;
#7991 = CARTESIAN_POINT ( 'NONE',  ( -9.160985330976126662, 3.000000000000000444, 4.323667260534014289 ) ) ;
#7992 = PLANE ( 'NONE',  #2738 ) ;
#7993 = VERTEX_POINT ( 'NONE', #6568 ) ;
#7994 = DIRECTION ( 'NONE',  ( 1.000000000000000000, 0.000000000000000000, 0.000000000000000000 ) ) ;
#7995 = ORIENTED_EDGE ( 'NONE', *, *, #8533, .T. ) ;
#7996 = ORIENTED_EDGE ( 'NONE', *, *, #1988, .F. ) ;
#7997 = CARTESIAN_POINT ( 'NONE',  ( -10.86323266523290343, 3.000000000000000000, 0.7492613044424394353 ) ) ;
#7998 = CARTESIAN_POINT ( 'NONE',  ( 7.564858423098167250, 3.000000000000000000, 2.891336480686500288 ) ) ;
#7999 = DIRECTION ( 'NONE',  ( -0.000000000000000000, 1.000000000000000000, -0.000000000000000000 ) ) ;
#8000 = DIRECTION ( 'NONE',  ( 1.000000000000000000, 0.000000000000000000, 0.000000000000000000 ) ) ;
#8001 = CARTESIAN_POINT ( 'NONE',  ( 12.04200681498744352, 0.9999999999999995559, 2.401632501044000723 ) ) ;
#8002 = VECTOR ( 'NONE', #7931, 1000.000000000000000 ) ;
#8003 = VECTOR ( 'NONE', #9322, 1000.000000000000000 ) ;
#8004 = B_SPLINE_SURFACE_WITH_KNOTS ( 'NONE', 3, 1, ( 
 ( #2736, #4339 ),
 ( #2093, #3583 ),
 ( #5346, #9339 ),
 ( #500, #301 ),
 ( #5243, #8487 ),
 ( #5984, #9187 ),
 ( #10240, #346 ),
 ( #8596, #10072 ),
 ( #1308, #3693 ),
 ( #8538, #2787 ),
 ( #2892, #4547 ),
 ( #1147, #1198 ),
 ( #9238, #1941 ),
 ( #1250, #3535 ),
 ( #6037, #10133 ),
 ( #1996, #7800 ),
 ( #5191, #4438 ),
 ( #4490, #5138 ),
 ( #5930, #9291 ) ),
 .UNSPECIFIED., .F., .F., .F.,
 ( 4, 1, 1, 1, 1, 1, 1, 1, 1, 1, 1, 1, 1, 1, 1, 1, 4 ),
 ( 2, 2 ),
 ( 0.000000000000000000, 0.1187767075909451769, 0.2207809273048087217, 0.3067990809538417296, 0.3757066992675635597, 0.4333762127717255552, 0.4838276350480513188, 0.5289847340523990971, 0.5686495369031961955, 0.6072201026983442551, 0.6476492541587907104, 0.6920729460071035621, 0.7403619057419850158, 0.7944415648870482016, 0.8560178573469114927, 0.9245088927334972340, 1.000000000000000000 ),
 ( 0.000000000000000000, 1.000000000000000000 ),
 .UNSPECIFIED. ) ;
#8005 = SHAPE_DEFINITION_REPRESENTATION ( #2034, #5890 ) ;
#8006 = B_SPLINE_CURVE_WITH_KNOTS ( 'NONE', 3,
 ( #223, #2550, #2709, #9055, #1819, #5115, #7463, #5010, #963, #8359, #172, #3407, #6657, #9900, #4310, #9367, #4629, #3669, #8568 ),
 .UNSPECIFIED., .F., .F.,
 ( 4, 1, 1, 1, 1, 1, 1, 1, 1, 1, 1, 1, 1, 1, 1, 1, 4 ),
 ( 0.000000000000000000, 0.07600561040930617351, 0.1488015954922687623, 0.2182908230471056754, 0.2852819469664830687, 0.3499324671923164654, 0.4122332058508024200, 0.4726092666609238435, 0.5315313673322349386, 0.5896284702838786584, 0.6466653464170900589, 0.7038705366348976256, 0.7612227409901662911, 0.8194207600001672809, 0.8782550213991302535, 0.9381232224753928151, 1.000000000000000000 ),
 .UNSPECIFIED. ) ;
#8007 = CARTESIAN_POINT ( 'NONE',  ( -10.71378507215644582, 1.000000000000000888, 4.206093812980380875 ) ) ;
#8008 = VECTOR ( 'NONE', #3941, 1000.000000000000000 ) ;
#8009 = CARTESIAN_POINT ( 'NONE',  ( 17.60288962712363414, 1.000000000000000000, 3.286958718691550541 ) ) ;
#8010 = ORIENTED_EDGE ( 'NONE', *, *, #9504, .F. ) ;
#8011 = VERTEX_POINT ( 'NONE', #7953 ) ;
#8012 = DIRECTION ( 'NONE',  ( 1.000000000000000000, 0.000000000000000000, 0.000000000000000000 ) ) ;
#8013 = CARTESIAN_POINT ( 'NONE',  ( -18.59810699728395633, 3.000000000000000000, 1.140584045370328203 ) ) ;
#8014 = EDGE_CURVE ( 'NONE', #4410, #2913, #6461, .T. ) ;
#8015 = CARTESIAN_POINT ( 'NONE',  ( -10.53129901367654675, 1.000000000000000000, 1.145251677828878156 ) ) ;
#8016 = VECTOR ( 'NONE', #1973, 1000.000000000000000 ) ;
#8017 = LINE ( 'NONE', #7214, #10453 ) ;
#8018 = VECTOR ( 'NONE', #7858, 1000.000000000000000 ) ;
#8019 = ORIENTED_EDGE ( 'NONE', *, *, #6986, .F. ) ;
#8020 = CARTESIAN_POINT ( 'NONE',  ( 11.65325876535694505, 1.000000000000000000, 2.778267480871526196 ) ) ;
#8021 = CARTESIAN_POINT ( 'NONE',  ( -11.22327313124426951, 0.9999999999999986677, 1.528297453968157527 ) ) ;
#8022 = EDGE_LOOP ( 'NONE', ( #8739, #3470, #3639, #4384 ) ) ;
#8023 = ORIENTED_EDGE ( 'NONE', *, *, #4251, .F. ) ;
#8024 = CARTESIAN_POINT ( 'NONE',  ( -24.62978427991550845, 1.000000000000000000, 4.869447670711752885 ) ) ;
#8025 = CARTESIAN_POINT ( 'NONE',  ( -10.94823174179164660, 2.999999999999999556, 2.459235352443749356 ) ) ;
#8026 = CARTESIAN_POINT ( 'NONE',  ( 11.65295909506090233, 1.000000000000000000, 2.439081198479338131 ) ) ;
#8027 = CARTESIAN_POINT ( 'NONE',  ( -26.17430056177004971, 3.000000000000000000, 0.5176030526561972156 ) ) ;
#8028 = EDGE_CURVE ( 'NONE', #1626, #6259, #5505, .T. ) ;
#8029 = CARTESIAN_POINT ( 'NONE',  ( 19.76291639980298953, 1.000000000000000000, 0.8567078280890980668 ) ) ;
#8030 = B_SPLINE_CURVE_WITH_KNOTS ( 'NONE', 3,
 ( #7723, #10106, #7020, #9316, #9476, #428, #1972, #3559, #6919, #9368, #10160, #2071, #5322, #8678, #2920, #2866, #4575, #5378, #10265 ),
 .UNSPECIFIED., .F., .F.,
 ( 4, 1, 1, 1, 1, 1, 1, 1, 1, 1, 1, 1, 1, 1, 1, 1, 4 ),
 ( 0.000000000000000000, 0.06405273159572597019, 0.1252566850439893187, 0.1849499021442359281, 0.2431846052884235332, 0.3005386877229878073, 0.3572394914639305807, 0.4141462956081085611, 0.4714216641918499984, 0.5299413419771921152, 0.5897755099876029750, 0.6516444413806204983, 0.7158455718875393892, 0.7827701236750969072, 0.8519232184644267569, 0.9242852073933255364, 0.9999999999999998890 ),
 .UNSPECIFIED. ) ;
#8031 = DIRECTION ( 'NONE',  ( -0.000000000000000000, 1.000000000000000000, -0.000000000000000000 ) ) ;
#8032 = CARTESIAN_POINT ( 'NONE',  ( 17.19157028594823089, 1.000000000000000000, 3.565030097468902870 ) ) ;
#8033 = LINE ( 'NONE', #9772, #7035 ) ;
#8034 = ORIENTED_EDGE ( 'NONE', *, *, #5075, .T. ) ;
#8035 = ORIENTED_EDGE ( 'NONE', *, *, #3213, .F. ) ;
#8036 = CARTESIAN_POINT ( 'NONE',  ( -9.181574283952356197, 0.9999999999999991118, 0.9838606808076973964 ) ) ;
#8037 = CARTESIAN_POINT ( 'NONE',  ( 24.45496247705671777, 3.000000000000000444, 0.7452490339267318076 ) ) ;
#8038 = EDGE_CURVE ( 'NONE', #5988, #1917, #5667, .T. ) ;
#8039 = CARTESIAN_POINT ( 'NONE',  ( -19.57941914788228743, 1.000000000000000000, 4.530342895278852922 ) ) ;
#8040 = CARTESIAN_POINT ( 'NONE',  ( -6.715514815249311376, 1.000000000000000000, 4.869447670711752885 ) ) ;
#8041 = LINE ( 'NONE', #8946, #3491 ) ;
#8042 = CARTESIAN_POINT ( 'NONE',  ( -2.831705434119378140, 1.000000000000000000, 4.530342895278852922 ) ) ;
#8043 = EDGE_CURVE ( 'NONE', #8535, #5265, #1624, .T. ) ;
#8044 = CARTESIAN_POINT ( 'NONE',  ( 23.64519082845241726, 0.9999999999999995559, 4.228597746068011531 ) ) ;
#8045 = CARTESIAN_POINT ( 'NONE',  ( 12.42970582054951301, 3.000000000000000444, 4.512537353597653400 ) ) ;
#8046 = CARTESIAN_POINT ( 'NONE',  ( -11.38438707492051982, 3.000000000000000000, 0.5176030526561972156 ) ) ;
#8047 = ORIENTED_EDGE ( 'NONE', *, *, #6131, .T. ) ;
#8048 = FACE_OUTER_BOUND ( 'NONE', #9964, .T. ) ;
#8049 = LINE ( 'NONE', #751, #4985 ) ;
#8050 = ORIENTED_EDGE ( 'NONE', *, *, #7749, .F. ) ;
#8051 = ADVANCED_FACE ( 'NONE', ( #3900 ), #7150, .T. ) ;
#8052 = CARTESIAN_POINT ( 'NONE',  ( -8.694783155071231562, 0.9999999999999995559, 4.553826125890351406 ) ) ;
#8053 = ORIENTED_EDGE ( 'NONE', *, *, #6252, .F. ) ;
#8054 = CARTESIAN_POINT ( 'NONE',  ( -10.41230840843963712, 1.000000000000000000, 0.4929162976039973554 ) ) ;
#8055 = DIRECTION ( 'NONE',  ( 7.513020801451164666E-15, 1.000000000000000000, -6.105316248220648913E-14 ) ) ;
#8056 = CARTESIAN_POINT ( 'NONE',  ( 9.291664283207463626, 1.000000000000000000, 1.428944609190210269 ) ) ;
#8057 = CARTESIAN_POINT ( 'NONE',  ( -9.358294090363779461, 0.9999999999999995559, 0.4337943409676880413 ) ) ;
#8058 = LINE ( 'NONE', #8909, #2116 ) ;
#8059 = CC_DESIGN_SECURITY_CLASSIFICATION ( #4991, ( #4311 ) ) ;
#8060 = DIRECTION ( 'NONE',  ( -0.000000000000000000, 1.000000000000000000, -0.000000000000000000 ) ) ;
#8061 = ORIENTED_EDGE ( 'NONE', *, *, #6602, .F. ) ;
#8062 = VERTEX_POINT ( 'NONE', #5563 ) ;
#8063 = PLANE ( 'NONE',  #8964 ) ;
#8064 = CARTESIAN_POINT ( 'NONE',  ( 17.23552612040466059, 1.000000000000000000, 3.286958718691550541 ) ) ;
#8065 = DIRECTION ( 'NONE',  ( -0.000000000000000000, -1.000000000000000000, -0.000000000000000000 ) ) ;
#8066 = VECTOR ( 'NONE', #3814, 1000.000000000000000 ) ;
#8067 = DIRECTION ( 'NONE',  ( 0.000000000000000000, 0.000000000000000000, -1.000000000000000000 ) ) ;
#8068 = ORIENTED_EDGE ( 'NONE', *, *, #7571, .T. ) ;
#8069 = CARTESIAN_POINT ( 'NONE',  ( 12.88531321572567556, 1.000000000000000444, 4.342725688669729855 ) ) ;
#8070 = LINE ( 'NONE', #1529, #10388 ) ;
#8071 = ADVANCED_FACE ( 'NONE', ( #709 ), #9805, .T. ) ;
#8072 = ORIENTED_EDGE ( 'NONE', *, *, #4917, .T. ) ;
#8073 = ORIENTED_EDGE ( 'NONE', *, *, #7427, .F. ) ;
#8074 = CARTESIAN_POINT ( 'NONE',  ( 11.35152841543222202, 1.000000000000000000, 4.530342895278852922 ) ) ;
#8075 = VECTOR ( 'NONE', #5152, 1000.000000000000000 ) ;
#8076 = CARTESIAN_POINT ( 'NONE',  ( -10.86826180106036688, 2.999999999999999556, 2.535201172056706476 ) ) ;
#8077 = CARTESIAN_POINT ( 'NONE',  ( -10.00856191101844139, 1.000000000000000000, 4.981856705850977285 ) ) ;
#8078 = DIRECTION ( 'NONE',  ( -0.000000000000000000, 1.000000000000000000, -0.000000000000000000 ) ) ;
#8079 = CARTESIAN_POINT ( 'NONE',  ( 16.96481798065089563, 0.9999999999999995559, 4.236238656315622464 ) ) ;
#8080 = CARTESIAN_POINT ( 'NONE',  ( -15.88900545899141825, 3.000000000000000000, 0.8567078280890980668 ) ) ;
#8081 = CARTESIAN_POINT ( 'NONE',  ( -21.56724427678712885, 3.000000000000000000, 0.5176030526561972156 ) ) ;
#8082 = ORIENTED_EDGE ( 'NONE', *, *, #9042, .F. ) ;
#8083 = CIRCLE ( 'NONE', #10104, 3.000000000000000888 ) ;
#8084 = AXIS2_PLACEMENT_3D ( 'NONE', #9205, #1055, #9993 ) ;
#8085 = ORIENTED_EDGE ( 'NONE', *, *, #2881, .F. ) ;
#8086 = LINE ( 'NONE', #6, #1547 ) ;
#8087 = CARTESIAN_POINT ( 'NONE',  ( -9.077059035404516862, 0.9999999999999995559, 1.130696827639742663 ) ) ;
#8088 = EDGE_CURVE ( 'NONE', #955, #1011, #5970, .T. ) ;
#8089 = CARTESIAN_POINT ( 'NONE',  ( -19.36144594739096547, 2.999999999999999556, 2.151372268722193670 ) ) ;
#8090 = CARTESIAN_POINT ( 'NONE',  ( 15.42078572062702868, 3.000000000000000000, 0.8567078280890980668 ) ) ;
#8091 = AXIS2_PLACEMENT_3D ( 'NONE', #5838, #207, #6592 ) ;
#8092 = CARTESIAN_POINT ( 'NONE',  ( 12.66202707882395018, 3.000000000000000000, 1.704469766671348863 ) ) ;
#8093 = CARTESIAN_POINT ( 'NONE',  ( -6.201841390729856407, 1.000000000000000000, 1.674857666573134063 ) ) ;
#8094 = AXIS2_PLACEMENT_3D ( 'NONE', #2358, #8065, #715 ) ;
#8095 = CARTESIAN_POINT ( 'NONE',  ( 26.41704578906881551, 1.000000000000000888, 1.953408339414355321 ) ) ;
#8096 = B_SPLINE_SURFACE_WITH_KNOTS ( 'NONE', 3, 1, ( 
 ( #9256, #1964 ),
 ( #1165, #8351 ),
 ( #7510, #8455 ),
 ( #1007, #3603 ),
 ( #8303, #5003 ),
 ( #6857, #9947 ),
 ( #9049, #8251 ),
 ( #958, #6652 ),
 ( #4206, #9894 ),
 ( #5848, #1813 ),
 ( #6167, #1434 ),
 ( #2811, #4678 ),
 ( #9414, #7927 ),
 ( #5372, #8507 ),
 ( #4625, #7072 ),
 ( #10096, #632 ),
 ( #3025, #3770 ),
 ( #10316, #7014 ),
 ( #3661, #8670 ),
 ( #3876, #5476 ),
 ( #6960, #1222 ),
 ( #4569, #3714 ),
 ( #2914, #7872 ),
 ( #6913, #10260 ),
 ( #525, #577 ) ),
 .UNSPECIFIED., .F., .F., .F.,
 ( 4, 1, 1, 1, 1, 1, 1, 1, 1, 1, 1, 1, 1, 1, 1, 1, 1, 1, 1, 1, 1, 1, 4 ),
 ( 2, 2 ),
 ( 0.000000000000000000, 0.07497221684613775139, 0.1452126993926998177, 0.2107946037585467225, 0.2721477814977116272, 0.3293253098565746551, 0.3827624562200619418, 0.4321603006946223569, 0.4781684195327758347, 0.5207591411813480287, 0.5605904727860561154, 0.5974023794295554302, 0.6318684392027127394, 0.6644325919360916100, 0.6956576499848169393, 0.7257689742741024741, 0.7552987620812501302, 0.7844250257378593272, 0.8138315485590718046, 0.8431682575935642854, 0.8735546122309599815, 0.9355726270967605895, 1.000000000000000000 ),
 ( 0.000000000000000000, 1.000000000000000000 ),
 .UNSPECIFIED. ) ;
#8097 = LINE ( 'NONE', #9527, #9099 ) ;
#8098 = CARTESIAN_POINT ( 'NONE',  ( 12.97782943076813744, 3.000000000000001776, 4.235810474738924469 ) ) ;
#8099 = CARTESIAN_POINT ( 'NONE',  ( -10.58077940397276429, 3.000000000000000000, 1.464270550739710908 ) ) ;
#8100 = ORIENTED_EDGE ( 'NONE', *, *, #1663, .T. ) ;
#8101 = VECTOR ( 'NONE', #4437, 1000.000000000000000 ) ;
#8102 = CARTESIAN_POINT ( 'NONE',  ( 24.52716187756471200, 3.000000000000000000, 0.4045681275118969689 ) ) ;
#8103 = ADVANCED_FACE ( 'NONE', ( #7626, #3521 ), #9225, .T. ) ;
#8104 = ADVANCED_FACE ( 'NONE', ( #4970 ), #1021, .T. ) ;
#8105 = DIRECTION ( 'NONE',  ( 0.000000000000000000, 0.000000000000000000, 1.000000000000000000 ) ) ;
#8106 = ORIENTED_EDGE ( 'NONE', *, *, #5145, .F. ) ;
#8107 = LINE ( 'NONE', #9537, #8333 ) ;
#8108 = ORIENTED_EDGE ( 'NONE', *, *, #9257, .F. ) ;
#8109 = ORIENTED_EDGE ( 'NONE', *, *, #10355, .T. ) ;
#8110 = CARTESIAN_POINT ( 'NONE',  ( -10.54106040243585518, 3.000000000000000444, 0.5421522088346251156 ) ) ;
#8111 = CARTESIAN_POINT ( 'NONE',  ( 21.70217183430989039, 1.000000000000000000, 4.530342895278852922 ) ) ;
#8112 = CARTESIAN_POINT ( 'NONE',  ( 9.032555358976113169, 1.000000000000000444, 0.9827544582580295396 ) ) ;
#8113 = VECTOR ( 'NONE', #8853, 999.9999999999998863 ) ;
#8114 = LINE ( 'NONE', #5810, #956 ) ;
#8115 = DIRECTION ( 'NONE',  ( 1.000000000000000000, 0.000000000000000000, 0.000000000000000000 ) ) ;
#8116 = EDGE_CURVE ( 'NONE', #9154, #4892, #2509, .T. ) ;
#8117 = EDGE_CURVE ( 'NONE', #7993, #2305, #5124, .T. ) ;
#8118 = DIRECTION ( 'NONE',  ( -1.000000000000000000, 0.000000000000000000, 0.000000000000000000 ) ) ;
#8119 = DIRECTION ( 'NONE',  ( 0.000000000000000000, 0.000000000000000000, 1.000000000000000000 ) ) ;
#8120 = EDGE_LOOP ( 'NONE', ( #8429, #2840, #8356, #8420 ) ) ;
#8121 = VERTEX_POINT ( 'NONE', #9064 ) ;
#8122 = LINE ( 'NONE', #37, #7082 ) ;
#8123 = CARTESIAN_POINT ( 'NONE',  ( -18.97910393013174613, 3.000000000000000444, 0.8903709949060223394 ) ) ;
#8124 = CARTESIAN_POINT ( 'NONE',  ( -19.45325567638793984, 1.000000000000000000, 2.885098251483007470 ) ) ;
#8125 = ORIENTED_EDGE ( 'NONE', *, *, #2556, .F. ) ;
#8126 = CARTESIAN_POINT ( 'NONE',  ( 11.62175253335531444, 1.000000000000000000, 2.778301555542199708 ) ) ;
#8127 = ORIENTED_EDGE ( 'NONE', *, *, #6535, .F. ) ;
#8128 = VERTEX_POINT ( 'NONE', #3420 ) ;
#8129 = LINE ( 'NONE', #9670, #10079 ) ;
#8130 = CARTESIAN_POINT ( 'NONE',  ( -10.12324276508919674, 3.000000000000000888, 2.924499338248641944 ) ) ;
#8131 = CARTESIAN_POINT ( 'NONE',  ( 44.49999999999999289, 0.000000000000000000, -13.50000000000000178 ) ) ;
#8132 = CARTESIAN_POINT ( 'NONE',  ( -15.71238838845345143, 1.000000000000000000, 4.925965133283901842 ) ) ;
#8133 = EDGE_CURVE ( 'NONE', #7120, #10301, #7471, .T. ) ;
#8134 = LINE ( 'NONE', #789, #5172 ) ;
#8135 = ORIENTED_EDGE ( 'NONE', *, *, #5645, .T. ) ;
#8136 = ORIENTED_EDGE ( 'NONE', *, *, #4754, .F. ) ;
#8137 = CARTESIAN_POINT ( 'NONE',  ( 19.84239408154507700, 3.000000000000000000, 2.428599755877021593 ) ) ;
#8138 = CARTESIAN_POINT ( 'NONE',  ( 19.20745571296107812, 1.000000000000000000, 0.8567078280890980668 ) ) ;
#8139 = CARTESIAN_POINT ( 'NONE',  ( 12.20960919583471238, 2.999999999999999112, 0.8568106951914036262 ) ) ;
#8140 = DIRECTION ( 'NONE',  ( -0.9992160294541988508, 0.000000000000000000, -0.03958947438127657925 ) ) ;
#8141 = CARTESIAN_POINT ( 'NONE',  ( -18.90393901730816140, 2.999999999999999112, 4.456662392004465900 ) ) ;
#8142 = DIRECTION ( 'NONE',  ( -1.000000000000000000, 0.000000000000000000, 0.000000000000000000 ) ) ;
#8143 = CARTESIAN_POINT ( 'NONE',  ( 23.35662530295501682, 3.000000000000000000, 2.782139624252222720 ) ) ;
#8144 = CARTESIAN_POINT ( 'NONE',  ( 10.02601730104476374, 3.000000000000000000, 4.530342895278852922 ) ) ;
#8145 = ADVANCED_FACE ( 'NONE', ( #8213 ), #6617, .T. ) ;
#8146 = CARTESIAN_POINT ( 'NONE',  ( -10.57869005695888021, 2.999999999999999556, 1.377482107790330090 ) ) ;
#8147 = EDGE_LOOP ( 'NONE', ( #721, #8968, #6677, #2699 ) ) ;
#8148 = CARTESIAN_POINT ( 'NONE',  ( -9.441682137259251206, 1.000000000000000000, 4.558783434972932369 ) ) ;
#8149 = CARTESIAN_POINT ( 'NONE',  ( -19.71756500546343460, 1.000000000000000444, 2.788759618130051354 ) ) ;
#8150 = VERTEX_POINT ( 'NONE', #1928 ) ;
#8151 = DIRECTION ( 'NONE',  ( -0.000000000000000000, 1.000000000000000000, -0.000000000000000000 ) ) ;
#8152 = ORIENTED_EDGE ( 'NONE', *, *, #5820, .T. ) ;
#8153 = VERTEX_POINT ( 'NONE', #4271 ) ;
#8154 = CARTESIAN_POINT ( 'NONE',  ( 19.76291639980298953, 1.000000000000000000, 4.530342895278852922 ) ) ;
#8155 = CARTESIAN_POINT ( 'NONE',  ( 7.564858423098167250, 1.000000000000000000, 4.530342895278852922 ) ) ;
#8156 = DIRECTION ( 'NONE',  ( -0.000000000000000000, 1.000000000000000000, -0.000000000000000000 ) ) ;
#8157 = DIRECTION ( 'NONE',  ( 0.000000000000000000, 0.000000000000000000, 1.000000000000000000 ) ) ;
#8158 = DIRECTION ( 'NONE',  ( -0.000000000000000000, 1.000000000000000000, -0.000000000000000000 ) ) ;
#8159 = EDGE_CURVE ( 'NONE', #6899, #10208, #9121, .T. ) ;
#8160 = VECTOR ( 'NONE', #3264, 1000.000000000000000 ) ;
#8161 = CARTESIAN_POINT ( 'NONE',  ( -5.794456792393803291, 1.000000000000000000, 4.530342895278852922 ) ) ;
#8162 = ORIENTED_EDGE ( 'NONE', *, *, #7059, .F. ) ;
#8163 = VERTEX_POINT ( 'NONE', #5174 ) ;
#8164 = AXIS2_PLACEMENT_3D ( 'NONE', #1352, #2142, #3578 ) ;
#8165 = VECTOR ( 'NONE', #3678, 1000.000000000000000 ) ;
#8166 = PLANE ( 'NONE',  #8610 ) ;
#8167 = CARTESIAN_POINT ( 'NONE',  ( -18.97910393013174613, 1.000000000000000444, 0.8903709949060223394 ) ) ;
#8168 = EDGE_CURVE ( 'NONE', #10130, #1509, #3469, .T. ) ;
#8169 = EDGE_CURVE ( 'NONE', #7640, #1196, #6666, .T. ) ;
#8170 = CARTESIAN_POINT ( 'NONE',  ( -9.606169272100341772, 2.999999999999998668, 4.614908118826217986 ) ) ;
#8171 = EDGE_LOOP ( 'NONE', ( #2829, #3129, #645, #1685 ) ) ;
#8172 = AXIS2_PLACEMENT_3D ( 'NONE', #2869, #5381, #10111 ) ;
#8173 = EDGE_LOOP ( 'NONE', ( #10459, #4742, #5630, #9227 ) ) ;
#8174 = ORIENTED_EDGE ( 'NONE', *, *, #10297, .F. ) ;
#8175 = PLANE ( 'NONE',  #2440 ) ;
#8176 = CARTESIAN_POINT ( 'NONE',  ( -10.78205616608536488, 3.000000000000000888, 2.605006170147506239 ) ) ;
#8177 = FACE_OUTER_BOUND ( 'NONE', #7536, .T. ) ;
#8178 = AXIS2_PLACEMENT_3D ( 'NONE', #1806, #6893, #6089 ) ;
#8179 = DIRECTION ( 'NONE',  ( -0.000000000000000000, 1.000000000000000000, -0.000000000000000000 ) ) ;
#8180 = CARTESIAN_POINT ( 'NONE',  ( -10.31300132381142376, 0.9999999999999995559, 2.057549249706098315 ) ) ;
#8181 = ORIENTED_EDGE ( 'NONE', *, *, #6798, .T. ) ;
#8182 = VERTEX_POINT ( 'NONE', #2719 ) ;
#8183 = CARTESIAN_POINT ( 'NONE',  ( 10.02601730104476374, 3.000000000000000000, 4.869447670711752885 ) ) ;
#8184 = DIRECTION ( 'NONE',  ( 0.8408217423821814362, 0.000000000000000000, -0.5413121073257022298 ) ) ;
#8185 = CARTESIAN_POINT ( 'NONE',  ( -19.97150904447657638, 3.000000000000000000, 2.439196780109299301 ) ) ;
#8186 = CARTESIAN_POINT ( 'NONE',  ( 12.61415764770014825, 1.000000000000000444, 0.8903709949060225615 ) ) ;
#8187 = CARTESIAN_POINT ( 'NONE',  ( 25.11350570418628081, 3.000000000000000888, 0.8886405164851840510 ) ) ;
#8188 = CARTESIAN_POINT ( 'NONE',  ( -18.51667769795008311, 3.000000000000000888, 4.047473746718613263 ) ) ;
#8189 = DIRECTION ( 'NONE',  ( 0.000000000000000000, 0.000000000000000000, -1.000000000000000000 ) ) ;
#8190 = DIRECTION ( 'NONE',  ( 0.000000000000000000, 0.000000000000000000, 1.000000000000000000 ) ) ;
#8191 = CARTESIAN_POINT ( 'NONE',  ( -19.36860665583053631, 0.9999999999999986677, 4.526377658721213670 ) ) ;
#8192 = CARTESIAN_POINT ( 'NONE',  ( 23.23880820312752604, 1.000000000000000000, 0.8901006348435255289 ) ) ;
#8193 = B_SPLINE_CURVE_WITH_KNOTS ( 'NONE', 3,
 ( #8922, #4661, #8021, #4218, #9559, #7216, #7470, #7966, #7911, #3965, #5514, #617, #10348, #6316, #5575, #9612, #8769, #1480, #4716 ),
 .UNSPECIFIED., .F., .F.,
 ( 4, 1, 1, 1, 1, 1, 1, 1, 1, 1, 1, 1, 1, 1, 1, 1, 4 ),
 ( 0.000000000000000000, 0.06353028424902233684, 0.1250331663490659717, 0.1847252572246808611, 0.2429917911461267066, 0.3005315754643606008, 0.3569191084157767868, 0.4129412352683994314, 0.4691127945733242766, 0.5267311951353219612, 0.5856771408744658736, 0.6466543944729605808, 0.7102993698859639826, 0.7771723602169038347, 0.8475998901987994438, 0.9217554285689844029, 1.000000000000000000 ),
 .UNSPECIFIED. ) ;
#8194 = ORIENTED_EDGE ( 'NONE', *, *, #3585, .F. ) ;
#8195 = ORIENTED_EDGE ( 'NONE', *, *, #2294, .T. ) ;
#8196 = CARTESIAN_POINT ( 'NONE',  ( 8.452565127751960006, 3.000000000000000000, 3.219789064248261834 ) ) ;
#8197 = CARTESIAN_POINT ( 'NONE',  ( -9.308076387622628900, 3.000000000000000888, 4.480763731595659216 ) ) ;
#8198 = CARTESIAN_POINT ( 'NONE',  ( -19.33803341165538114, 1.000000000000000444, 3.194677529631570589 ) ) ;
#8199 = B_SPLINE_CURVE_WITH_KNOTS ( 'NONE', 3,
 ( #4403, #7768, #6957, #2166, #2063, #9510, #572, #3599, #8666, #6163, #1270, #415, #3816, #10149, #10311, #4514, #6054, #9308, #469 ),
 .UNSPECIFIED., .F., .F.,
 ( 4, 1, 1, 1, 1, 1, 1, 1, 1, 1, 1, 1, 1, 1, 1, 1, 4 ),
 ( 0.000000000000000000, 0.07868200550403717242, 0.1518229463045628891, 0.2197391891820060228, 0.2821454843713178118, 0.3403033123632079326, 0.3971741163955027076, 0.4514091695718827069, 0.5057139144469984249, 0.5592722873486807300, 0.6133726815802474919, 0.6699911590058290622, 0.7292533481630110170, 0.7915643334394202313, 0.8568686762727403261, 0.9264355199109334249, 1.000000000000000000 ),
 .UNSPECIFIED. ) ;
#8200 = VERTEX_POINT ( 'NONE', #8419 ) ;
#8201 = CARTESIAN_POINT ( 'NONE',  ( -10.37313141568610853, 1.000000000000001332, 2.006829514094805589 ) ) ;
#8202 = EDGE_CURVE ( 'NONE', #8249, #8478, #8366, .T. ) ;
#8203 = ORIENTED_EDGE ( 'NONE', *, *, #2076, .T. ) ;
#8204 = EDGE_LOOP ( 'NONE', ( #6733, #10362 ) ) ;
#8205 = CARTESIAN_POINT ( 'NONE',  ( -19.30477960319574393, 1.000000000000000000, 1.704469766671348863 ) ) ;
#8206 = FACE_OUTER_BOUND ( 'NONE', #5185, .T. ) ;
#8207 = DIRECTION ( 'NONE',  ( 1.000000000000000000, 0.000000000000000000, 0.000000000000000000 ) ) ;
#8208 = B_SPLINE_CURVE_WITH_KNOTS ( 'NONE', 3,
 ( #4797, #3987, #6395, #1499, #8837, #5595, #6336, #10372, #2437, #1601, #1655, #4898, #9580, #5694, #8095, #2228, #7241, #8733, #1551 ),
 .UNSPECIFIED., .F., .F.,
 ( 4, 1, 1, 1, 1, 1, 1, 1, 1, 1, 1, 1, 1, 1, 1, 1, 4 ),
 ( 0.000000000000000000, 0.06559408185157503124, 0.1288912892828458778, 0.1900959190728805648, 0.2504914847697015667, 0.3096851782489950522, 0.3677755724606046606, 0.4251156232802975610, 0.4829940788603618307, 0.5413585461798704479, 0.6007950243478773489, 0.6618728284967907438, 0.7249135667589651222, 0.7899713731254797144, 0.8572124682775732474, 0.9270669876639688889, 1.000000000000000000 ),
 .UNSPECIFIED. ) ;
#8209 = CARTESIAN_POINT ( 'NONE',  ( 23.07171413533665216, 2.999999999999999112, 4.375336077417500746 ) ) ;
#8210 = CARTESIAN_POINT ( 'NONE',  ( -9.656309833717878988, 0.9999999999999986677, 0.4067528620835415554 ) ) ;
#8211 = CARTESIAN_POINT ( 'NONE',  ( 12.20997814851925867, 0.9999999999999995559, 2.217671678630607879 ) ) ;
#8212 = CARTESIAN_POINT ( 'NONE',  ( -10.25766345851632266, 0.9999999999999995559, 4.599963479178704517 ) ) ;
#8213 = FACE_OUTER_BOUND ( 'NONE', #10397, .T. ) ;
#8214 = EDGE_CURVE ( 'NONE', #4150, #8249, #3364, .T. ) ;
#8215 = ORIENTED_EDGE ( 'NONE', *, *, #4048, .T. ) ;
#8216 = VERTEX_POINT ( 'NONE', #5068 ) ;
#8217 = CARTESIAN_POINT ( 'NONE',  ( -9.187552471655417108, 1.000000000000001776, 2.560143902878455169 ) ) ;
#8218 = CARTESIAN_POINT ( 'NONE',  ( -11.93366616429360505, 3.000000000000000000, 0.8567078280890980668 ) ) ;
#8219 = CARTESIAN_POINT ( 'NONE',  ( 11.62175253335531444, 3.000000000000000000, 2.778301555542199708 ) ) ;
#8220 = VECTOR ( 'NONE', #2798, 1000.000000000000000 ) ;
#8221 = ORIENTED_EDGE ( 'NONE', *, *, #9204, .F. ) ;
#8222 = EDGE_CURVE ( 'NONE', #3315, #9513, #3519, .T. ) ;
#8223 = CARTESIAN_POINT ( 'NONE',  ( 22.55169994359752650, 1.000000000000000000, 2.733264202555017786 ) ) ;
#8224 = EDGE_CURVE ( 'NONE', #5044, #5987, #4535, .T. ) ;
#8225 = EDGE_LOOP ( 'NONE', ( #10287, #9034, #216, #1572 ) ) ;
#8226 = ADVANCED_FACE ( 'NONE', ( #2771 ), #7887, .T. ) ;
#8227 = EDGE_LOOP ( 'NONE', ( #4000, #9560, #1468, #8068 ) ) ;
#8228 = DIRECTION ( 'NONE',  ( -1.000000000000000000, 0.000000000000000000, 0.000000000000000000 ) ) ;
#8229 = CARTESIAN_POINT ( 'NONE',  ( 26.48517441730874822, 3.000000000000000444, 2.890741513595036061 ) ) ;
#8230 = CARTESIAN_POINT ( 'NONE',  ( -2.305386563916230980, 1.000000000000000000, 4.530342895278852922 ) ) ;
#8231 = CARTESIAN_POINT ( 'NONE',  ( -6.201841390729857295, 3.000000000000000000, 1.674857666573134285 ) ) ;
#8232 = VERTEX_POINT ( 'NONE', #3618 ) ;
#8233 = ORIENTED_EDGE ( 'NONE', *, *, #3726, .F. ) ;
#8234 = VECTOR ( 'NONE', #4655, 1000.000000000000000 ) ;
#8235 = DIRECTION ( 'NONE',  ( 0.000000000000000000, 0.000000000000000000, 1.000000000000000000 ) ) ;
#8236 = VECTOR ( 'NONE', #9488, 999.9999999999998863 ) ;
#8237 = EDGE_CURVE ( 'NONE', #9977, #868, #1234, .T. ) ;
#8238 = DIRECTION ( 'NONE',  ( -1.000000000000000000, 0.000000000000000000, 0.000000000000000000 ) ) ;
#8239 = CARTESIAN_POINT ( 'NONE',  ( 13.06671949514588604, 3.000000000000000444, 1.301824405050306721 ) ) ;
#8240 = LINE ( 'NONE', #1051, #1644 ) ;
#8241 = CARTESIAN_POINT ( 'NONE',  ( -9.390975498047399839, 1.000000000000000444, 3.236423860457908308 ) ) ;
#8242 = CARTESIAN_POINT ( 'NONE',  ( 24.25618671311602270, 0.9999999999999995559, 4.977629488456701168 ) ) ;
#8243 = DIRECTION ( 'NONE',  ( -0.000000000000000000, 0.000000000000000000, -1.000000000000000000 ) ) ;
#8244 = VECTOR ( 'NONE', #3950, 1000.000000000000114 ) ;
#8245 = CARTESIAN_POINT ( 'NONE',  ( -18.58007691627477342, 1.000000000000000000, 4.179936696246202565 ) ) ;
#8246 = VECTOR ( 'NONE', #585, 1000.000000000000000 ) ;
#8247 = LINE ( 'NONE', #1857, #3479 ) ;
#8248 = ORIENTED_EDGE ( 'NONE', *, *, #3922, .F. ) ;
#8249 = VERTEX_POINT ( 'NONE', #7835 ) ;
#8250 = CARTESIAN_POINT ( 'NONE',  ( 7.866583364143999724, 3.000000000000000000, 2.891418975556117044 ) ) ;
#8251 = CARTESIAN_POINT ( 'NONE',  ( 25.62120573328147444, 2.999999999999999556, 1.831068940234653386 ) ) ;
#8252 = LINE ( 'NONE', #3299, #6000 ) ;
#8253 = AXIS2_PLACEMENT_3D ( 'NONE', #2422, #3328, #8228 ) ;
#8254 = ORIENTED_EDGE ( 'NONE', *, *, #10297, .T. ) ;
#8255 = VECTOR ( 'NONE', #5150, 1000.000000000000000 ) ;
#8256 = CARTESIAN_POINT ( 'NONE',  ( 17.53400896961382571, 3.000000000000000000, 4.869447670711752885 ) ) ;
#8257 = ORIENTED_EDGE ( 'NONE', *, *, #2687, .F. ) ;
#8258 = PLANE ( 'NONE',  #6730 ) ;
#8259 = CARTESIAN_POINT ( 'NONE',  ( 8.204919260810159543, 3.000000000000000444, 2.530629363991823588 ) ) ;
#8260 = DIRECTION ( 'NONE',  ( 0.000000000000000000, 0.000000000000000000, 1.000000000000000000 ) ) ;
#8261 = LINE ( 'NONE', #4215, #771 ) ;
#8262 = CARTESIAN_POINT ( 'NONE',  ( -9.752130262821776086, 2.999999999999999556, 0.4052792018291355158 ) ) ;
#8263 = CARTESIAN_POINT ( 'NONE',  ( 25.15920374137640891, 0.9999999999999995559, 4.454390306850833703 ) ) ;
#8264 = VECTOR ( 'NONE', #5242, 1000.000000000000000 ) ;
#8265 = EDGE_CURVE ( 'NONE', #612, #3745, #7028, .T. ) ;
#8266 = CARTESIAN_POINT ( 'NONE',  ( -3.849902845770769133, 3.000000000000000000, 0.5176030526561972156 ) ) ;
#8267 = CARTESIAN_POINT ( 'NONE',  ( 24.88428163351550637, 3.000000000000000000, 4.593217011583174525 ) ) ;
#8268 = EDGE_LOOP ( 'NONE', ( #870, #3113, #132, #540 ) ) ;
#8269 = VERTEX_POINT ( 'NONE', #2079 ) ;
#8270 = VECTOR ( 'NONE', #10174, 1000.000000000000000 ) ;
#8271 = CARTESIAN_POINT ( 'NONE',  ( 24.88428163351550637, 3.000000000000000888, 4.593217011583174525 ) ) ;
#8272 = LINE ( 'NONE', #7475, #4699 ) ;
#8273 = DIRECTION ( 'NONE',  ( -1.000000000000000000, 0.000000000000000000, 0.000000000000000000 ) ) ;
#8274 = LINE ( 'NONE', #978, #3989 ) ;
#8275 = ADVANCED_FACE ( 'NONE', ( #6126 ), #7681, .T. ) ;
#8276 = ORIENTED_EDGE ( 'NONE', *, *, #327, .T. ) ;
#8277 = VERTEX_POINT ( 'NONE', #6818 ) ;
#8278 = ORIENTED_EDGE ( 'NONE', *, *, #9012, .T. ) ;
#8279 = CARTESIAN_POINT ( 'NONE',  ( -10.86826180106036688, 2.999999999999999556, 2.535201172056706476 ) ) ;
#8280 = SPHERICAL_SURFACE ( 'NONE', #4532, 3.000000000000000000 ) ;
#8281 = FACE_OUTER_BOUND ( 'NONE', #10466, .T. ) ;
#8282 = EDGE_CURVE ( 'NONE', #8862, #1065, #8636, .T. ) ;
#8283 = CARTESIAN_POINT ( 'NONE',  ( -10.51228183656380466, 1.000000000000000000, 1.823436985156899892 ) ) ;
#8284 = EDGE_CURVE ( 'NONE', #1219, #1983, #4637, .T. ) ;
#8285 = ORIENTED_EDGE ( 'NONE', *, *, #407, .F. ) ;
#8286 = ORIENTED_EDGE ( 'NONE', *, *, #8938, .T. ) ;
#8287 = EDGE_LOOP ( 'NONE', ( #2864, #7601, #6636, #10031 ) ) ;
#8288 = LINE ( 'NONE', #7602, #8324 ) ;
#8289 = PLANE ( 'NONE',  #7336 ) ;
#8290 = PLANE ( 'NONE',  #3285 ) ;
#8291 = CARTESIAN_POINT ( 'NONE',  ( 17.23552612040466059, 1.000000000000000000, 3.286958718691550541 ) ) ;
#8292 = CARTESIAN_POINT ( 'NONE',  ( 24.52716187756471200, 3.000000000000000000, 0.4045681275118969689 ) ) ;
#8293 = EDGE_CURVE ( 'NONE', #954, #3494, #5225, .T. ) ;
#8294 = CARTESIAN_POINT ( 'NONE',  ( 12.88531321572567556, 1.000000000000000888, 4.342725688669729855 ) ) ;
#8295 = LINE ( 'NONE', #6545, #7158 ) ;
#8296 = CARTESIAN_POINT ( 'NONE',  ( 24.32567872454506741, 3.000000000000000444, 4.639862701536545231 ) ) ;
#8297 = DIRECTION ( 'NONE',  ( 0.000000000000000000, 0.000000000000000000, 1.000000000000000000 ) ) ;
#8298 = EDGE_CURVE ( 'NONE', #4712, #5927, #10275, .T. ) ;
#8299 = LINE ( 'NONE', #113, #8075 ) ;
#8300 = ADVANCED_FACE ( 'NONE', ( #539 ), #6181, .T. ) ;
#8301 = EDGE_LOOP ( 'NONE', ( #4274, #7716, #8849, #5701 ) ) ;
#8302 = ORIENTED_EDGE ( 'NONE', *, *, #10239, .F. ) ;
#8303 = CARTESIAN_POINT ( 'NONE',  ( 25.66252451438749205, 0.9999999999999995559, 2.134509733047086577 ) ) ;
#8304 = PLANE ( 'NONE',  #10250 ) ;
#8305 = ORIENTED_EDGE ( 'NONE', *, *, #10151, .F. ) ;
#8306 = CARTESIAN_POINT ( 'NONE',  ( -9.916718559845611125, 1.000000000000000888, 2.265275464492449764 ) ) ;
#8307 = ORIENTED_EDGE ( 'NONE', *, *, #3858, .F. ) ;
#8308 = VERTEX_POINT ( 'NONE', #1981 ) ;
#8309 = LINE ( 'NONE', #1919, #613 ) ;
#8310 = CARTESIAN_POINT ( 'NONE',  ( 13.47976411541474739, 3.000000000000000000, 0.5176030526561972156 ) ) ;
#8311 = CARTESIAN_POINT ( 'NONE',  ( -8.957410849246047135, 3.000000000000000000, 1.454292061810731118 ) ) ;
#8312 = LINE ( 'NONE', #1072, #1460 ) ;
#8313 = FACE_OUTER_BOUND ( 'NONE', #5678, .T. ) ;
#8314 = DIRECTION ( 'NONE',  ( -1.000000000000000000, 0.000000000000000000, 0.000000000000000000 ) ) ;
#8315 = CARTESIAN_POINT ( 'NONE',  ( -24.73310526618022109, 3.000000000000000000, 0.5176030526561972156 ) ) ;
#8316 = ORIENTED_EDGE ( 'NONE', *, *, #8533, .F. ) ;
#8317 = ORIENTED_EDGE ( 'NONE', *, *, #4261, .T. ) ;
#8318 = CARTESIAN_POINT ( 'NONE',  ( 25.02717301594749699, 0.9999999999999991118, 4.536547048904459700 ) ) ;
#8319 = DIRECTION ( 'NONE',  ( -0.000000000000000000, 0.000000000000000000, 1.000000000000000000 ) ) ;
#8320 = CARTESIAN_POINT ( 'NONE',  ( 14.68076019507293850, 3.000000000000000000, 0.8567078280890980668 ) ) ;
#8321 = CARTESIAN_POINT ( 'NONE',  ( -19.37270803100002681, 1.000000000000000444, 3.036129320185670721 ) ) ;
#8322 = EDGE_LOOP ( 'NONE', ( #8959, #7303, #523, #9209 ) ) ;
#8323 = CARTESIAN_POINT ( 'NONE',  ( 23.10124344137749119, 1.000000000000000888, 1.034432401763113463 ) ) ;
#8324 = VECTOR ( 'NONE', #8337, 1000.000000000000000 ) ;
#8325 = VERTEX_POINT ( 'NONE', #1178 ) ;
#8326 = VECTOR ( 'NONE', #1192, 1000.000000000000000 ) ;
#8327 = ORIENTED_EDGE ( 'NONE', *, *, #2617, .F. ) ;
#8328 = DIRECTION ( 'NONE',  ( 0.000000000000000000, 0.000000000000000000, 1.000000000000000000 ) ) ;
#8329 = EDGE_CURVE ( 'NONE', #5041, #1098, #9871, .T. ) ;
#8330 = LINE ( 'NONE', #935, #5365 ) ;
#8331 = VECTOR ( 'NONE', #7868, 1000.000000000000000 ) ;
#8332 = CARTESIAN_POINT ( 'NONE',  ( -10.56545207106236006, 1.000000000000001332, 1.662823230283086096 ) ) ;
#8333 = VECTOR ( 'NONE', #7944, 1000.000000000000000 ) ;
#8334 = EDGE_LOOP ( 'NONE', ( #9668, #5187 ) ) ;
#8335 = VERTEX_POINT ( 'NONE', #3095 ) ;
#8336 = VERTEX_POINT ( 'NONE', #6405 ) ;
#8337 = DIRECTION ( 'NONE',  ( 0.000000000000000000, 0.000000000000000000, -1.000000000000000000 ) ) ;
#8338 = DIRECTION ( 'NONE',  ( 0.000000000000000000, 0.000000000000000000, 1.000000000000000000 ) ) ;
#8339 = DIRECTION ( 'NONE',  ( 0.000000000000000000, 0.000000000000000000, -1.000000000000000000 ) ) ;
#8340 = VECTOR ( 'NONE', #1777, 1000.000000000000000 ) ;
#8341 = CARTESIAN_POINT ( 'NONE',  ( 44.49999999999999289, 0.000000000000000000, -13.50000000000000178 ) ) ;
#8342 = EDGE_CURVE ( 'NONE', #2526, #1863, #8957, .T. ) ;
#8343 = CARTESIAN_POINT ( 'NONE',  ( -44.50000000000000000, 0.000000000000000000, 16.50000000000000000 ) ) ;
#8344 = CARTESIAN_POINT ( 'NONE',  ( -19.57941914788228743, 3.000000000000000000, 4.530342895278852922 ) ) ;
#8345 = CARTESIAN_POINT ( 'NONE',  ( -8.309483876854480755, 1.000000000000000000, 4.530342895278852922 ) ) ;
#8346 = DIRECTION ( 'NONE',  ( -0.000000000000000000, 0.000000000000000000, -1.000000000000000000 ) ) ;
#8347 = CARTESIAN_POINT ( 'NONE',  ( 25.23561860900972675, 2.999999999999999112, 4.843451134752349674 ) ) ;
#8348 = ORIENTED_EDGE ( 'NONE', *, *, #7879, .T. ) ;
#8349 = ORIENTED_EDGE ( 'NONE', *, *, #9377, .T. ) ;
#8350 = ADVANCED_FACE ( 'NONE', ( #2343 ), #5604, .T. ) ;
#8351 = CARTESIAN_POINT ( 'NONE',  ( 25.68441376602529047, 3.000000000000000000, 2.609623335761630525 ) ) ;
#8352 = DIRECTION ( 'NONE',  ( -0.6664820429734039653, 0.000000000000000000, -0.7455210838024622921 ) ) ;
#8353 = VERTEX_POINT ( 'NONE', #753 ) ;
#8354 = DIRECTION ( 'NONE',  ( -0.000000000000000000, 1.000000000000000000, -0.000000000000000000 ) ) ;
#8355 = EDGE_CURVE ( 'NONE', #2039, #2273, #3565, .T. ) ;
#8356 = ORIENTED_EDGE ( 'NONE', *, *, #6826, .T. ) ;
#8357 = ORIENTED_EDGE ( 'NONE', *, *, #2037, .T. ) ;
#8358 = EDGE_CURVE ( 'NONE', #4421, #3531, #8107, .T. ) ;
#8359 = CARTESIAN_POINT ( 'NONE',  ( 23.10124344137749119, 3.000000000000000888, 1.034432401763113463 ) ) ;
#8360 = CARTESIAN_POINT ( 'NONE',  ( 8.478802170368966884, 1.000000000000000000, 2.081001434549757168 ) ) ;
#8361 = DIRECTION ( 'NONE',  ( -0.000000000000000000, 1.000000000000000000, -0.000000000000000000 ) ) ;
#8362 = CARTESIAN_POINT ( 'NONE',  ( 22.55169994359752650, 3.000000000000000000, 2.733264202555017786 ) ) ;
#8363 = DIRECTION ( 'NONE',  ( 0.000000000000000000, 0.000000000000000000, 1.000000000000000000 ) ) ;
#8364 = EDGE_CURVE ( 'NONE', #3106, #9171, #5109, .T. ) ;
#8365 = DIRECTION ( 'NONE',  ( 0.9351057252759565896, 0.000000000000000000, 0.3543688509958619060 ) ) ;
#8366 = LINE ( 'NONE', #9909, #10022 ) ;
#8367 = ORIENTED_EDGE ( 'NONE', *, *, #4695, .T. ) ;
#8368 = ORIENTED_EDGE ( 'NONE', *, *, #2300, .T. ) ;
#8369 = CARTESIAN_POINT ( 'NONE',  ( 25.27843288629603435, 3.000000000000000444, 4.342108198961294185 ) ) ;
#8370 = CARTESIAN_POINT ( 'NONE',  ( -19.38365238199717666, 0.9999999999999995559, 0.8568106951914036262 ) ) ;
#8371 = CARTESIAN_POINT ( 'NONE',  ( -5.186010984390501122, 1.000000000000000000, 4.530342895278852922 ) ) ;
#8372 = LINE ( 'NONE', #1085, #7220 ) ;
#8373 = ORIENTED_EDGE ( 'NONE', *, *, #9556, .F. ) ;
#8374 = DIRECTION ( 'NONE',  ( 0.000000000000000000, 0.000000000000000000, 1.000000000000000000 ) ) ;
#8375 = VERTEX_POINT ( 'NONE', #3254 ) ;
#8376 = VERTEX_POINT ( 'NONE', #5491 ) ;
#8377 = DIRECTION ( 'NONE',  ( -1.000000000000000000, 0.000000000000000000, 0.000000000000000000 ) ) ;
#8378 = CARTESIAN_POINT ( 'NONE',  ( -24.62978427991550845, 3.000000000000000000, 4.869447670711752885 ) ) ;
#8379 = DIRECTION ( 'NONE',  ( -0.000000000000000000, 1.000000000000000000, -0.000000000000000000 ) ) ;
#8380 = CARTESIAN_POINT ( 'NONE',  ( -21.79243104172303802, 1.000000000000000000, 0.8567078280890980668 ) ) ;
#8381 = VERTEX_POINT ( 'NONE', #7086 ) ;
#8382 = ORIENTED_EDGE ( 'NONE', *, *, #4754, .T. ) ;
#8383 = EDGE_CURVE ( 'NONE', #5951, #1681, #6452, .T. ) ;
#8384 = ORIENTED_EDGE ( 'NONE', *, *, #6662, .T. ) ;
#8385 = AXIS2_PLACEMENT_3D ( 'NONE', #3917, #3119, #6372 ) ;
#8386 = CARTESIAN_POINT ( 'NONE',  ( -6.715514815249311376, 1.000000000000000000, 4.869447670711752885 ) ) ;
#8387 = CARTESIAN_POINT ( 'NONE',  ( 7.564858423098167250, 1.000000000000000000, 2.891336480686500288 ) ) ;
#8388 = DIRECTION ( 'NONE',  ( 0.000000000000000000, 0.000000000000000000, 1.000000000000000000 ) ) ;
#8389 = CARTESIAN_POINT ( 'NONE',  ( -17.76379566275195998, 3.000000000000000000, 0.8567078280890980668 ) ) ;
#8390 = DIRECTION ( 'NONE',  ( -0.000000000000000000, 0.000000000000000000, 1.000000000000000000 ) ) ;
#8391 = LINE ( 'NONE', #5842, #778 ) ;
#8392 = CARTESIAN_POINT ( 'NONE',  ( -18.70794836210622591, 1.000000000000000000, 4.342725688669728079 ) ) ;
#8393 = CARTESIAN_POINT ( 'NONE',  ( 25.13472047806823895, 3.000000000000000888, 4.880004707769064254 ) ) ;
#8394 = ORIENTED_EDGE ( 'NONE', *, *, #4432, .F. ) ;
#8395 = VECTOR ( 'NONE', #8738, 1000.000000000000000 ) ;
#8396 = EDGE_CURVE ( 'NONE', #9054, #4017, #2291, .T. ) ;
#8397 = ORIENTED_EDGE ( 'NONE', *, *, #7117, .F. ) ;
#8398 = CARTESIAN_POINT ( 'NONE',  ( -9.100014565228578434, 0.9999999999999995559, 4.192518350896984991 ) ) ;
#8399 = B_SPLINE_CURVE_WITH_KNOTS ( 'NONE', 3,
 ( #6739, #8980, #1689, #4933, #1199, #6997, #5192, #9342, #2789, #10135, #4493, #4340, #8599, #9393, #6038, #6199, #1310 ),
 .UNSPECIFIED., .F., .F.,
 ( 4, 1, 1, 1, 1, 1, 1, 1, 1, 1, 1, 1, 1, 1, 4 ),
 ( 0.000000000000000000, 0.07033283613064277018, 0.1340854285588760353, 0.1931607657528965905, 0.2473518681211009373, 0.2996480646152726579, 0.3520560305762979181, 0.4047070336228159038, 0.4583191686701628131, 0.5141858152980909313, 0.5732161129644633979, 0.6355397998688591121, 0.7013857075903469074, 0.8435958802698825254, 1.000000000000000000 ),
 .UNSPECIFIED. ) ;
#8400 = CARTESIAN_POINT ( 'NONE',  ( 19.76291639980298953, 1.000000000000000000, 0.8567078280890980668 ) ) ;
#8401 = VERTEX_POINT ( 'NONE', #5550 ) ;
#8402 = CARTESIAN_POINT ( 'NONE',  ( -14.53788486937595792, 3.000000000000000000, 0.8567078280890980668 ) ) ;
#8403 = ORIENTED_EDGE ( 'NONE', *, *, #8671, .F. ) ;
#8404 = ORIENTED_EDGE ( 'NONE', *, *, #2749, .F. ) ;
#8405 = AXIS2_PLACEMENT_3D ( 'NONE', #10216, #4467, #6231 ) ;
#8406 = FACE_OUTER_BOUND ( 'NONE', #8470, .T. ) ;
#8407 = CARTESIAN_POINT ( 'NONE',  ( 8.204919260810159543, 1.000000000000000444, 2.530629363991823588 ) ) ;
#8408 = VECTOR ( 'NONE', #1905, 1000.000000000000000 ) ;
#8409 = DIRECTION ( 'NONE',  ( -0.000000000000000000, 1.000000000000000000, -0.000000000000000000 ) ) ;
#8410 = CARTESIAN_POINT ( 'NONE',  ( -0.4305963601556900833, 1.000000000000000000, 4.925965133283901842 ) ) ;
#8411 = DIRECTION ( 'NONE',  ( -0.000000000000000000, 1.000000000000000000, -0.000000000000000000 ) ) ;
#8412 = EDGE_CURVE ( 'NONE', #4446, #2741, #3201, .T. ) ;
#8413 = EDGE_CURVE ( 'NONE', #6859, #524, #4908, .T. ) ;
#8414 = EDGE_CURVE ( 'NONE', #1509, #1967, #10327, .T. ) ;
#8415 = AXIS2_PLACEMENT_3D ( 'NONE', #1389, #2976, #478 ) ;
#8416 = VECTOR ( 'NONE', #4369, 1000.000000000000000 ) ;
#8417 = CARTESIAN_POINT ( 'NONE',  ( 12.66202707882395018, 1.000000000000000000, 1.704469766671348863 ) ) ;
#8418 = CARTESIAN_POINT ( 'NONE',  ( -6.857691557032376650, 1.000000000000000000, 3.399993643835850676 ) ) ;
#8419 = CARTESIAN_POINT ( 'NONE',  ( -11.25898895483856421, 3.000000000000000000, 3.513028568980150812 ) ) ;
#8420 = ORIENTED_EDGE ( 'NONE', *, *, #8237, .T. ) ;
#8421 = ORIENTED_EDGE ( 'NONE', *, *, #8358, .T. ) ;
#8422 = CARTESIAN_POINT ( 'NONE',  ( 12.28848197463614689, 1.000000000000000000, 1.704469766671348863 ) ) ;
#8423 = VECTOR ( 'NONE', #7616, 1000.000000000000000 ) ;
#8424 = CARTESIAN_POINT ( 'NONE',  ( -11.02361351998558092, 3.000000000000001332, 0.9323596846648448677 ) ) ;
#8425 = LINE ( 'NONE', #8371, #10274 ) ;
#8426 = EDGE_CURVE ( 'NONE', #10350, #7983, #2239, .T. ) ;
#8427 = CARTESIAN_POINT ( 'NONE',  ( -19.97150904447657638, 1.000000000000000000, 2.778301555542199708 ) ) ;
#8428 = EDGE_CURVE ( 'NONE', #10208, #9918, #646, .T. ) ;
#8429 = ORIENTED_EDGE ( 'NONE', *, *, #6317, .F. ) ;
#8430 = FACE_OUTER_BOUND ( 'NONE', #6464, .T. ) ;
#8431 = VECTOR ( 'NONE', #9979, 1000.000000000000000 ) ;
#8432 = EDGE_LOOP ( 'NONE', ( #3300, #4189, #5854, #4154 ) ) ;
#8433 = ORIENTED_EDGE ( 'NONE', *, *, #10375, .F. ) ;
#8434 = CARTESIAN_POINT ( 'NONE',  ( -10.94891226144013530, 0.9999999999999995559, 0.8365637306814383001 ) ) ;
#8435 = LINE ( 'NONE', #6940, #2998 ) ;
#8436 = DIRECTION ( 'NONE',  ( -0.000000000000000000, 1.000000000000000000, -0.000000000000000000 ) ) ;
#8437 = AXIS2_PLACEMENT_3D ( 'NONE', #3841, #1457, #6411 ) ;
#8438 = CARTESIAN_POINT ( 'NONE',  ( -10.89162544811958888, 3.000000000000000000, 3.513028568980150812 ) ) ;
#8439 = ORIENTED_EDGE ( 'NONE', *, *, #348, .T. ) ;
#8440 = ORIENTED_EDGE ( 'NONE', *, *, #7775, .F. ) ;
#8441 = VERTEX_POINT ( 'NONE', #7137 ) ;
#8442 = CARTESIAN_POINT ( 'NONE',  ( 20.42169807290961359, 1.000000000000000000, 4.869447670711752885 ) ) ;
#8443 = FACE_OUTER_BOUND ( 'NONE', #3335, .T. ) ;
#8444 = LINE ( 'NONE', #1154, #9583 ) ;
#8445 = DIRECTION ( 'NONE',  ( -0.3383627213242522136, 0.000000000000000000, -0.9410157643833850782 ) ) ;
#8446 = DIRECTION ( 'NONE',  ( 1.000000000000000000, 0.000000000000000000, 0.000000000000000000 ) ) ;
#8447 = CARTESIAN_POINT ( 'NONE',  ( -9.977563650203617129, 0.9999999999999995559, 2.979163548368385150 ) ) ;
#8448 = EDGE_CURVE ( 'NONE', #9346, #8861, #10384, .T. ) ;
#8449 = LINE ( 'NONE', #8501, #4577 ) ;
#8450 = LINE ( 'NONE', #1159, #5846 ) ;
#8451 = DIRECTION ( 'NONE',  ( 0.000000000000000000, 0.000000000000000000, -1.000000000000000000 ) ) ;
#8452 = CARTESIAN_POINT ( 'NONE',  ( -21.79243104172303802, 3.000000000000000000, 0.5176030526561972156 ) ) ;
#8453 = ORIENTED_EDGE ( 'NONE', *, *, #7699, .T. ) ;
#8454 = EDGE_LOOP ( 'NONE', ( #9003, #6674, #6911, #5042 ) ) ;
#8455 = CARTESIAN_POINT ( 'NONE',  ( 25.68349760128600323, 2.999999999999999556, 2.484744207336862409 ) ) ;
#8456 = CARTESIAN_POINT ( 'NONE',  ( -19.30477960319574393, 3.000000000000000000, 1.704469766671348863 ) ) ;
#8457 = ORIENTED_EDGE ( 'NONE', *, *, #8355, .T. ) ;
#8458 = LINE ( 'NONE', #3555, #6217 ) ;
#8459 = ORIENTED_EDGE ( 'NONE', *, *, #2683, .F. ) ;
#8460 = ORIENTED_EDGE ( 'NONE', *, *, #2870, .F. ) ;
#8461 = FACE_OUTER_BOUND ( 'NONE', #1188, .T. ) ;
#8462 = CARTESIAN_POINT ( 'NONE',  ( 18.46743018740698972, 1.000000000000000000, 4.530342895278852922 ) ) ;
#8463 = CARTESIAN_POINT ( 'NONE',  ( -9.181574283952356197, 0.9999999999999986677, 0.9838606808076973964 ) ) ;
#8464 = ADVANCED_FACE ( 'NONE', ( #699 ), #8847, .F. ) ;
#8465 = DIRECTION ( 'NONE',  ( 0.000000000000000000, 0.000000000000000000, 1.000000000000000000 ) ) ;
#8466 = DIRECTION ( 'NONE',  ( -0.000000000000000000, 1.000000000000000000, -0.000000000000000000 ) ) ;
#8467 = DIRECTION ( 'NONE',  ( 1.000000000000000000, 0.000000000000000000, 0.000000000000000000 ) ) ;
#8468 = CARTESIAN_POINT ( 'NONE',  ( -15.80422926513319659, 1.000000000000000000, 0.8567078280890980668 ) ) ;
#8469 = CARTESIAN_POINT ( 'NONE',  ( 10.61150288987813184, 1.000000000000000000, 0.8567078280890980668 ) ) ;
#8470 = EDGE_LOOP ( 'NONE', ( #3587, #1798, #8457, #8506 ) ) ;
#8471 = VERTEX_POINT ( 'NONE', #1864 ) ;
#8472 = CARTESIAN_POINT ( 'NONE',  ( 9.229784985242449835, 1.000000000000000000, 1.230873258404451054 ) ) ;
#8473 = EDGE_CURVE ( 'NONE', #1328, #1312, #7657, .T. ) ;
#8474 = CARTESIAN_POINT ( 'NONE',  ( 25.64342551350362243, 3.000000000000001332, 3.387532790304873309 ) ) ;
#8475 = CARTESIAN_POINT ( 'NONE',  ( -9.854645932411949971, 3.000000000000000888, 0.4053493058654210612 ) ) ;
#8476 = LINE ( 'NONE', #9914, #4330 ) ;
#8477 = DIRECTION ( 'NONE',  ( -0.000000000000000000, 0.000000000000000000, -1.000000000000000000 ) ) ;
#8478 = VERTEX_POINT ( 'NONE', #7357 ) ;
#8479 = CARTESIAN_POINT ( 'NONE',  ( 13.54246317545572609, 1.000000000000000000, 1.817504691815648776 ) ) ;
#8480 = EDGE_CURVE ( 'NONE', #6668, #1219, #9796, .T. ) ;
#8481 = DIRECTION ( 'NONE',  ( -1.000000000000000000, 0.000000000000000000, 0.000000000000000000 ) ) ;
#8482 = EDGE_LOOP ( 'NONE', ( #1491, #2090, #10493, #10152 ) ) ;
#8483 = ORIENTED_EDGE ( 'NONE', *, *, #8878, .F. ) ;
#8484 = DIRECTION ( 'NONE',  ( -0.000000000000000000, 1.000000000000000000, -0.000000000000000000 ) ) ;
#8485 = EDGE_CURVE ( 'NONE', #2581, #807, #3404, .T. ) ;
#8486 = EDGE_CURVE ( 'NONE', #3118, #1452, #5851, .T. ) ;
#8487 = CARTESIAN_POINT ( 'NONE',  ( 8.468637111884067536, 3.000000000000001776, 3.307113751131650403 ) ) ;
#8488 = LINE ( 'NONE', #9292, #7584 ) ;
#8489 = CARTESIAN_POINT ( 'NONE',  ( -10.89162544811958888, 1.000000000000000000, 3.513028568980150812 ) ) ;
#8490 = VERTEX_POINT ( 'NONE', #70 ) ;
#8491 = DIRECTION ( 'NONE',  ( 0.000000000000000000, 0.000000000000000000, -1.000000000000000000 ) ) ;
#8492 = EDGE_LOOP ( 'NONE', ( #1615, #5515, #8621, #7977 ) ) ;
#8493 = VECTOR ( 'NONE', #2144, 1000.000000000000114 ) ;
#8494 = LINE ( 'NONE', #5303, #7152 ) ;
#8495 = B_SPLINE_SURFACE_WITH_KNOTS ( 'NONE', 3, 1, ( 
 ( #9007, #6661 ),
 ( #6615, #8262 ),
 ( #8210, #6458 ),
 ( #4914, #4060 ),
 ( #8057, #4111 ),
 ( #9751, #2453 ),
 ( #5665, #5713 ),
 ( #9803, #7417 ),
 ( #1717, #2406 ),
 ( #77, #8965 ),
 ( #861, #8908 ),
 ( #5015, #2554 ),
 ( #9849, #2506 ) ),
 .UNSPECIFIED., .F., .F., .F.,
 ( 4, 1, 1, 1, 1, 1, 1, 1, 1, 1, 4 ),
 ( 2, 2 ),
 ( 0.000000000000000000, 0.1118957488536858891, 0.2318974454921092221, 0.3558977249368683315, 0.4800575587424299462, 0.6013425974822920184, 0.7164319202085041027, 0.7762336196522788834, 0.8431802597498954110, 0.9179873270998505363, 1.000000000000000000 ),
 ( 0.000000000000000000, 1.000000000000000000 ),
 .UNSPECIFIED. ) ;
#8496 = CARTESIAN_POINT ( 'NONE',  ( 26.41704578906881551, 3.000000000000000888, 1.953408339414355321 ) ) ;
#8497 = CARTESIAN_POINT ( 'NONE',  ( 8.012375095946479675, 1.000000000000000000, 2.895101878346926672 ) ) ;
#8498 = CARTESIAN_POINT ( 'NONE',  ( 25.03118283199234995, 0.9999999999999991118, 4.912392069285636431 ) ) ;
#8499 = CARTESIAN_POINT ( 'NONE',  ( 18.46743018740698972, 1.000000000000000000, 4.530342895278852922 ) ) ;
#8500 = VECTOR ( 'NONE', #5736, 1000.000000000000000 ) ;
#8501 = CARTESIAN_POINT ( 'NONE',  ( 10.02601730104476374, 1.000000000000000000, 4.530342895278852922 ) ) ;
#8502 = CARTESIAN_POINT ( 'NONE',  ( 19.76291639980298953, 1.000000000000000000, 4.869447670711752885 ) ) ;
#8503 = CARTESIAN_POINT ( 'NONE',  ( 15.99479119987542575, 1.000000000000000000, 4.530342895278852922 ) ) ;
#8504 = LINE ( 'NONE', #1218, #7894 ) ;
#8505 = ORIENTED_EDGE ( 'NONE', *, *, #8222, .T. ) ;
#8506 = ORIENTED_EDGE ( 'NONE', *, *, #473, .F. ) ;
#8507 = CARTESIAN_POINT ( 'NONE',  ( 25.34715081508804602, 3.000000000000000888, 1.105216363041718219 ) ) ;
#8508 = VECTOR ( 'NONE', #3465, 1000.000000000000227 ) ;
#8509 = CARTESIAN_POINT ( 'NONE',  ( 6.239347308710709861, 1.000000000000000000, 4.530342895278852922 ) ) ;
#8510 = CARTESIAN_POINT ( 'NONE',  ( -19.30834932106217039, 1.000000000000000000, 1.753059920512656245 ) ) ;
#8511 = ORIENTED_EDGE ( 'NONE', *, *, #1597, .T. ) ;
#8512 = ORIENTED_EDGE ( 'NONE', *, *, #542, .T. ) ;
#8513 = CARTESIAN_POINT ( 'NONE',  ( -9.239931233456765369, 3.000000000000000000, 0.9259262817990883132 ) ) ;
#8514 = DIRECTION ( 'NONE',  ( -0.000000000000000000, 1.000000000000000000, -0.000000000000000000 ) ) ;
#8515 = CARTESIAN_POINT ( 'NONE',  ( -10.31300132381142376, 2.999999999999999556, 2.057549249706098315 ) ) ;
#8516 = PLANE ( 'NONE',  #6558 ) ;
#8517 = CARTESIAN_POINT ( 'NONE',  ( 23.42130351882427419, 0.9999999999999995559, 1.840051506221111799 ) ) ;
#8518 = CIRCLE ( 'NONE', #3248, 3.000000000000002665 ) ;
#8519 = AXIS2_PLACEMENT_3D ( 'NONE', #666, #3914, #3116 ) ;
#8520 = DIRECTION ( 'NONE',  ( 1.000000000000000000, 0.000000000000000000, 0.000000000000000000 ) ) ;
#8521 = ADVANCED_FACE ( 'NONE', ( #6655 ), #2390, .T. ) ;
#8522 = DIRECTION ( 'NONE',  ( 0.000000000000000000, 0.000000000000000000, 1.000000000000000000 ) ) ;
#8523 = CARTESIAN_POINT ( 'NONE',  ( -8.381520123009002177, 0.9999999999999995559, 3.856590655477635465 ) ) ;
#8524 = ORIENTED_EDGE ( 'NONE', *, *, #5099, .T. ) ;
#8525 = ORIENTED_EDGE ( 'NONE', *, *, #1945, .T. ) ;
#8526 = CARTESIAN_POINT ( 'NONE',  ( 8.393780830582265651, 2.999999999999999112, 0.8573848002120053602 ) ) ;
#8527 = CARTESIAN_POINT ( 'NONE',  ( 16.00538822410770834, 1.000000000000000000, 0.8567078280890980668 ) ) ;
#8528 = CARTESIAN_POINT ( 'NONE',  ( -11.16561422591572317, 0.9999999999999995559, 4.774756783420821549 ) ) ;
#8529 = CARTESIAN_POINT ( 'NONE',  ( 8.178602743217609827, 1.000000000000000000, 4.530342895278852922 ) ) ;
#8530 = CARTESIAN_POINT ( 'NONE',  ( -19.97150904447657638, 3.000000000000000000, 2.778301555542199708 ) ) ;
#8531 = EDGE_LOOP ( 'NONE', ( #1133, #5449, #9616, #752 ) ) ;
#8532 = CARTESIAN_POINT ( 'NONE',  ( 17.88194459857362162, 1.000000000000000000, 0.8567078280890980668 ) ) ;
#8533 = EDGE_CURVE ( 'NONE', #2502, #4872, #220, .T. ) ;
#8534 = CARTESIAN_POINT ( 'NONE',  ( 25.68488677494109851, 1.000000000000000000, 2.674097483924798624 ) ) ;
#8535 = VERTEX_POINT ( 'NONE', #7460 ) ;
#8536 = ORIENTED_EDGE ( 'NONE', *, *, #5852, .T. ) ;
#8537 = CARTESIAN_POINT ( 'NONE',  ( -15.29645518733653375, 1.000000000000000000, 0.8567078280890980668 ) ) ;
#8538 = CARTESIAN_POINT ( 'NONE',  ( 8.353335897871016158, 1.000000000000000444, 2.997250043292686517 ) ) ;
#8539 = CARTESIAN_POINT ( 'NONE',  ( 18.46743018740698972, 3.000000000000000000, 0.8567078280890980668 ) ) ;
#8540 = DIRECTION ( 'NONE',  ( 0.000000000000000000, 0.000000000000000000, 1.000000000000000000 ) ) ;
#8541 = EDGE_CURVE ( 'NONE', #7732, #1888, #6757, .T. ) ;
#8542 = CARTESIAN_POINT ( 'NONE',  ( 12.25522816617650612, 0.9999999999999991118, 3.194677529631569701 ) ) ;
#8543 = EDGE_LOOP ( 'NONE', ( #9132, #1294, #8453, #1181 ) ) ;
#8544 = CARTESIAN_POINT ( 'NONE',  ( 12.00390348671580654, 1.000000000000000444, 2.808880362128500341 ) ) ;
#8545 = ADVANCED_FACE ( 'NONE', ( #7083 ), #9480, .T. ) ;
#8546 = ORIENTED_EDGE ( 'NONE', *, *, #749, .F. ) ;
#8547 = EDGE_CURVE ( 'NONE', #2791, #1935, #2182, .T. ) ;
#8548 = DIRECTION ( 'NONE',  ( 1.000000000000000000, 0.000000000000000000, 0.000000000000000000 ) ) ;
#8549 = FACE_OUTER_BOUND ( 'NONE', #9234, .T. ) ;
#8550 = VECTOR ( 'NONE', #10212, 1000.000000000000000 ) ;
#8551 = CARTESIAN_POINT ( 'NONE',  ( 8.314796147015306005, 1.000000000000000888, 2.965537469886755595 ) ) ;
#8552 = LINE ( 'NONE', #10198, #4178 ) ;
#8553 = CARTESIAN_POINT ( 'NONE',  ( 6.239347308710709861, 1.000000000000000000, 0.5176030526561972156 ) ) ;
#8554 = FACE_BOUND ( 'NONE', #4307, .T. ) ;
#8555 = PLANE ( 'NONE',  #6696 ) ;
#8556 = DIRECTION ( 'NONE',  ( -0.000000000000000000, 1.000000000000000000, -0.000000000000000000 ) ) ;
#8557 = EDGE_CURVE ( 'NONE', #8898, #2657, #4692, .T. ) ;
#8558 = DIRECTION ( 'NONE',  ( 0.000000000000000000, -1.000000000000000000, 0.000000000000000000 ) ) ;
#8559 = ORIENTED_EDGE ( 'NONE', *, *, #2748, .T. ) ;
#8560 =( GEOMETRIC_REPRESENTATION_CONTEXT ( 3 ) GLOBAL_UNCERTAINTY_ASSIGNED_CONTEXT ( ( #4522 ) ) GLOBAL_UNIT_ASSIGNED_CONTEXT ( ( #9134, #3432, #7433 ) ) REPRESENTATION_CONTEXT ( 'NONE', 'WORKASPACE' ) );
#8561 = ORIENTED_EDGE ( 'NONE', *, *, #8133, .F. ) ;
#8562 = ADVANCED_FACE ( 'NONE', ( #588 ), #2075, .T. ) ;
#8563 = LINE ( 'NONE', #837, #8673 ) ;
#8564 = CARTESIAN_POINT ( 'NONE',  ( -17.97750231810290700, 1.000000000000000000, 3.286958718691550541 ) ) ;
#8565 = CARTESIAN_POINT ( 'NONE',  ( -11.38438707492051982, 3.000000000000000000, 0.8567078280890980668 ) ) ;
#8566 = PLANE ( 'NONE',  #7067 ) ;
#8567 = EDGE_LOOP ( 'NONE', ( #6978, #6001, #2292, #3323 ) ) ;
#8568 = CARTESIAN_POINT ( 'NONE',  ( 24.52716187756471200, 3.000000000000000000, 0.4045681275118969689 ) ) ;
#8569 = LINE ( 'NONE', #6117, #7901 ) ;
#8570 = FACE_OUTER_BOUND ( 'NONE', #9756, .T. ) ;
#8571 = DIRECTION ( 'NONE',  ( 0.000000000000000000, 0.000000000000000000, -1.000000000000000000 ) ) ;
#8572 = VECTOR ( 'NONE', #3017, 1000.000000000000000 ) ;
#8573 = CARTESIAN_POINT ( 'NONE',  ( 19.20745571296107812, 1.000000000000000000, 4.530342895278852922 ) ) ;
#8574 = CARTESIAN_POINT ( 'NONE',  ( -2.831705434119379916, 1.000000000000000000, 1.196315107176024961 ) ) ;
#8575 = CARTESIAN_POINT ( 'NONE',  ( -12.94921431988692717, 3.000000000000000000, 0.5176030526561972156 ) ) ;
#8576 = VECTOR ( 'NONE', #2339, 1000.000000000000000 ) ;
#8577 = VECTOR ( 'NONE', #1697, 1000.000000000000000 ) ;
#8578 = CARTESIAN_POINT ( 'NONE',  ( 25.22007216934677132, 3.000000000000000444, 4.401526122336624880 ) ) ;
#8579 = VERTEX_POINT ( 'NONE', #2287 ) ;
#8580 = B_SPLINE_CURVE_WITH_KNOTS ( 'NONE', 3,
 ( #1805, #9782, #2645, #4946, #60, #9148, #1852, #3290, #5096, #2488, #8241, #3651, #2109, #5202, #7655, #8447, #7764 ),
 .UNSPECIFIED., .F., .F.,
 ( 4, 1, 1, 1, 1, 1, 1, 1, 1, 1, 1, 1, 1, 1, 4 ),
 ( 0.000000000000000000, 0.07033283613064277018, 0.1340854285588760353, 0.1931607657528965905, 0.2473518681211009373, 0.2996480646152726579, 0.3520560305762979181, 0.4047070336228159038, 0.4583191686701628131, 0.5141858152980909313, 0.5732161129644633979, 0.6355397998688591121, 0.7013857075903469074, 0.8435958802698825254, 1.000000000000000000 ),
 .UNSPECIFIED. ) ;
#8581 = ORIENTED_EDGE ( 'NONE', *, *, #5812, .T. ) ;
#8582 = CARTESIAN_POINT ( 'NONE',  ( 9.291664283207463626, 0.9999999999999995559, 1.428944609190210269 ) ) ;
#8583 = CARTESIAN_POINT ( 'NONE',  ( -26.17430056177004971, 1.000000000000000000, 4.530342895278852922 ) ) ;
#8584 = CARTESIAN_POINT ( 'NONE',  ( -10.00856191101844139, 1.000000000000000000, 4.981856705850977285 ) ) ;
#8585 = CARTESIAN_POINT ( 'NONE',  ( 23.69490386146360095, 1.000000000000000000, 4.302077428609543119 ) ) ;
#8586 = EDGE_CURVE ( 'NONE', #5376, #1969, #10382, .T. ) ;
#8587 = AXIS2_PLACEMENT_3D ( 'NONE', #5495, #8055, #6510 ) ;
#8588 = VECTOR ( 'NONE', #3041, 1000.000000000000000 ) ;
#8589 = APPROVAL_STATUS ( 'not_yet_approved' ) ;
#8590 = FACE_OUTER_BOUND ( 'NONE', #123, .T. ) ;
#8591 = VERTEX_POINT ( 'NONE', #4471 ) ;
#8592 = VERTEX_POINT ( 'NONE', #5432 ) ;
#8593 = VECTOR ( 'NONE', #8941, 1000.000000000000000 ) ;
#8594 = CIRCLE ( 'NONE', #8094, 1.749999999999999778 ) ;
#8595 = LINE ( 'NONE', #3203, #9450 ) ;
#8596 = CARTESIAN_POINT ( 'NONE',  ( 8.412354809406464184, 1.000000000000001332, 3.087859966983125926 ) ) ;
#8597 = CARTESIAN_POINT ( 'NONE',  ( -18.41816190909514006, 3.000000000000000000, 1.817504691815648776 ) ) ;
#8598 = EDGE_CURVE ( 'NONE', #10294, #88, #7727, .T. ) ;
#8599 = CARTESIAN_POINT ( 'NONE',  ( -9.548701102278871033, 3.000000000000000000, 3.149286145352545585 ) ) ;
#8600 = CARTESIAN_POINT ( 'NONE',  ( 12.26764173312900397, 3.000000000000000000, 3.300900450731739877 ) ) ;
#8601 = ORIENTED_EDGE ( 'NONE', *, *, #1760, .F. ) ;
#8602 = AXIS2_PLACEMENT_3D ( 'NONE', #10215, #7825, #3609 ) ;
#8603 = CARTESIAN_POINT ( 'NONE',  ( -24.62978427991550845, 1.000000000000000000, 4.530342895278852922 ) ) ;
#8604 = ORIENTED_EDGE ( 'NONE', *, *, #1269, .T. ) ;
#8605 = CARTESIAN_POINT ( 'NONE',  ( 25.68441376602529047, 1.000000000000000000, 2.609623335761630525 ) ) ;
#8606 = CARTESIAN_POINT ( 'NONE',  ( 13.54246317545572609, 1.000000000000000000, 1.817504691815648776 ) ) ;
#8607 = CARTESIAN_POINT ( 'NONE',  ( 25.68553416380621002, 1.000000000000000000, 0.7667259882043128139 ) ) ;
#8608 = EDGE_CURVE ( 'NONE', #8797, #4475, #537, .T. ) ;
#8609 = CARTESIAN_POINT ( 'NONE',  ( 7.926664030235387237, 1.000000000000000000, 2.891576315784858409 ) ) ;
#8610 = AXIS2_PLACEMENT_3D ( 'NONE', #2412, #5670, #3318 ) ;
#8611 = FACE_OUTER_BOUND ( 'NONE', #7277, .T. ) ;
#8612 = LINE ( 'NONE', #3595, #8408 ) ;
#8613 = EDGE_CURVE ( 'NONE', #3355, #41, #3780, .T. ) ;
#8614 = LINE ( 'NONE', #3596, #9183 ) ;
#8615 = EDGE_CURVE ( 'NONE', #3854, #4772, #9587, .T. ) ;
#8616 = PLANE ( 'NONE',  #5539 ) ;
#8617 = CARTESIAN_POINT ( 'NONE',  ( 16.87003408636479662, 3.000000000000000444, 4.343055688706876971 ) ) ;
#8618 = DIRECTION ( 'NONE',  ( -1.000000000000000000, 0.000000000000000000, 0.000000000000000000 ) ) ;
#8619 = ORIENTED_EDGE ( 'NONE', *, *, #7637, .T. ) ;
#8620 = B_SPLINE_CURVE_WITH_KNOTS ( 'NONE', 3,
 ( #6323, #10471, #8880, #1536, #7225, #673, #7283, #10413, #4834, #1487, #2374, #8079, #5523, #786, #6266, #4725, #7919, #5469, #626, #9621, #8826, #2325, #3867 ),
 .UNSPECIFIED., .F., .F.,
 ( 4, 1, 1, 1, 1, 1, 1, 1, 1, 1, 1, 1, 1, 1, 1, 1, 1, 1, 1, 1, 4 ),
 ( 0.000000000000000000, 0.05428929598478418606, 0.1047286490146557281, 0.1504499381100052047, 0.1923846589336328239, 0.2678246967407568180, 0.3350558486417993809, 0.3965367468883817526, 0.4544445314142640524, 0.4833888049762273265, 0.5140733444694640664, 0.5458632359729187478, 0.5798023796480007430, 0.6162445685783489724, 0.6567379554430964328, 0.7000725160901994926, 0.7477261995079984569, 0.8007212242042107686, 0.8603785384412736548, 0.9268195005322752422, 1.000000000000000000 ),
 .UNSPECIFIED. ) ;
#8621 = ORIENTED_EDGE ( 'NONE', *, *, #2676, .T. ) ;
#8622 = DIRECTION ( 'NONE',  ( -0.000000000000000000, 0.000000000000000000, -1.000000000000000000 ) ) ;
#8623 = DIRECTION ( 'NONE',  ( -0.000000000000000000, 1.000000000000000000, -0.000000000000000000 ) ) ;
#8624 = EDGE_CURVE ( 'NONE', #1638, #2988, #3675, .T. ) ;
#8625 = DIRECTION ( 'NONE',  ( -1.000000000000000000, 0.000000000000000000, 0.000000000000000000 ) ) ;
#8626 = ORIENTED_EDGE ( 'NONE', *, *, #7579, .F. ) ;
#8627 = CARTESIAN_POINT ( 'NONE',  ( -9.302945297551509896, 3.000000000000000000, 0.8781975057508946136 ) ) ;
#8628 = PLANE ( 'NONE',  #9766 ) ;
#8629 = CARTESIAN_POINT ( 'NONE',  ( -3.264417256937402367, 3.000000000000000000, 4.530342895278852922 ) ) ;
#8630 = EDGE_CURVE ( 'NONE', #3494, #8934, #5489, .T. ) ;
#8631 = EDGE_CURVE ( 'NONE', #5513, #6668, #9374, .T. ) ;
#8632 = CARTESIAN_POINT ( 'NONE',  ( -7.301000404082678585, 3.000000000000000000, 4.530342895278852922 ) ) ;
#8633 = CARTESIAN_POINT ( 'NONE',  ( 29.50000000000000000, 1.500000000000000000, 12.00000000000000711 ) ) ;
#8634 = CARTESIAN_POINT ( 'NONE',  ( 8.299614280578850867, 1.000000000000000000, 2.495554149515990083 ) ) ;
#8635 = CARTESIAN_POINT ( 'NONE',  ( -19.36860665583053631, 0.9999999999999991118, 4.526377658721213670 ) ) ;
#8636 = LINE ( 'NONE', #9482, #4599 ) ;
#8637 = EDGE_LOOP ( 'NONE', ( #901, #489, #4394, #3428 ) ) ;
#8638 = ORIENTED_EDGE ( 'NONE', *, *, #8383, .T. ) ;
#8639 = DIRECTION ( 'NONE',  ( -0.000000000000000000, 1.000000000000000000, -0.000000000000000000 ) ) ;
#8640 = DIRECTION ( 'NONE',  ( -0.000000000000000000, 1.000000000000000000, -0.000000000000000000 ) ) ;
#8641 = LINE ( 'NONE', #6352, #8113 ) ;
#8642 = CARTESIAN_POINT ( 'NONE',  ( 23.44739082628034410, 1.000000000000000444, 3.707936371559186206 ) ) ;
#8643 = CARTESIAN_POINT ( 'NONE',  ( -6.201841390729856407, 1.000000000000000000, 1.674857666573134063 ) ) ;
#8644 = LINE ( 'NONE', #602, #3570 ) ;
#8645 = LINE ( 'NONE', #7692, #6627 ) ;
#8646 = EDGE_CURVE ( 'NONE', #1081, #1023, #8740, .T. ) ;
#8647 = ORIENTED_EDGE ( 'NONE', *, *, #6583, .T. ) ;
#8648 = VERTEX_POINT ( 'NONE', #1447 ) ;
#8649 = CARTESIAN_POINT ( 'NONE',  ( 23.60720857954030905, 3.000000000000002220, 1.254477764195123246 ) ) ;
#8650 = CARTESIAN_POINT ( 'NONE',  ( -8.538720075129671017, 3.000000000000000888, 4.353007122258223838 ) ) ;
#8651 = CARTESIAN_POINT ( 'NONE',  ( -10.58007010677320991, 0.9999999999999995559, 1.434807374384333034 ) ) ;
#8652 = CARTESIAN_POINT ( 'NONE',  ( 12.05612512953315907, 1.000000000000000888, 2.828579219298522851 ) ) ;
#8653 = VERTEX_POINT ( 'NONE', #3092 ) ;
#8654 = LINE ( 'NONE', #559, #3737 ) ;
#8655 = ORIENTED_EDGE ( 'NONE', *, *, #2177, .F. ) ;
#8656 = DIRECTION ( 'NONE',  ( 0.000000000000000000, 1.000000000000000000, 0.000000000000000000 ) ) ;
#8657 = EDGE_CURVE ( 'NONE', #4589, #7514, #6124, .T. ) ;
#8658 = ORIENTED_EDGE ( 'NONE', *, *, #10488, .T. ) ;
#8659 = CARTESIAN_POINT ( 'NONE',  ( 26.28262978572709230, 1.000000000000000444, 1.544695424742554835 ) ) ;
#8660 = DIRECTION ( 'NONE',  ( -1.000000000000000000, 0.000000000000000000, 0.000000000000000000 ) ) ;
#8661 = DIRECTION ( 'NONE',  ( -1.000000000000000000, 0.000000000000000000, 0.000000000000000000 ) ) ;
#8662 = CARTESIAN_POINT ( 'NONE',  ( 17.12050305079266010, 3.000000000000000444, 3.887473214563547330 ) ) ;
#8663 = FACE_BOUND ( 'NONE', #247, .T. ) ;
#8664 = DIRECTION ( 'NONE',  ( -0.000000000000000000, 0.000000000000000000, 1.000000000000000000 ) ) ;
#8665 = CARTESIAN_POINT ( 'NONE',  ( 16.92632703447605280, 3.000000000000000888, 4.285593984574692428 ) ) ;
#8666 = CARTESIAN_POINT ( 'NONE',  ( -10.33516473945828729, 0.9999999999999991118, 0.8786381148998771984 ) ) ;
#8667 = AXIS2_PLACEMENT_3D ( 'NONE', #2352, #867, #8860 ) ;
#8668 = ORIENTED_EDGE ( 'NONE', *, *, #4441, .F. ) ;
#8669 = ORIENTED_EDGE ( 'NONE', *, *, #8088, .T. ) ;
#8670 = CARTESIAN_POINT ( 'NONE',  ( 25.04753732946765865, 2.999999999999999556, 0.8513258063415264365 ) ) ;
#8671 = EDGE_CURVE ( 'NONE', #2581, #6401, #6948, .T. ) ;
#8672 = CARTESIAN_POINT ( 'NONE',  ( -11.22376334412701304, 0.9999999999999986677, 1.808583342631972846 ) ) ;
#8673 = VECTOR ( 'NONE', #4788, 1000.000000000000000 ) ;
#8674 = CARTESIAN_POINT ( 'NONE',  ( 29.49999999999999645, 1.500000000000000000, -7.250000000000002665 ) ) ;
#8675 = VECTOR ( 'NONE', #919, 1000.000000000000000 ) ;
#8676 = ORIENTED_EDGE ( 'NONE', *, *, #1856, .T. ) ;
#8677 = CARTESIAN_POINT ( 'NONE',  ( -5.609008868328936082, 1.000000000000000000, 3.399993643835850676 ) ) ;
#8678 = CARTESIAN_POINT ( 'NONE',  ( 22.68318624694626706, 0.9999999999999995559, 3.663234225088514595 ) ) ;
#8679 = CARTESIAN_POINT ( 'NONE',  ( -9.031015280387613586, 1.000000000000000000, 1.221776850391198765 ) ) ;
#8680 = LINE ( 'NONE', #9370, #3645 ) ;
#8681 = CARTESIAN_POINT ( 'NONE',  ( 23.39786557476671547, 1.000000000000000444, 1.989553585028247973 ) ) ;
#8682 = EDGE_CURVE ( 'NONE', #8535, #3186, #1609, .T. ) ;
#8683 = VECTOR ( 'NONE', #1538, 1000.000000000000000 ) ;
#8684 = CARTESIAN_POINT ( 'NONE',  ( 7.925474771927454753, 0.9999999999999991118, 2.551890313064404392 ) ) ;
#8685 = EDGE_CURVE ( 'NONE', #4892, #9085, #2444, .T. ) ;
#8686 = EDGE_CURVE ( 'NONE', #10235, #3151, #9741, .T. ) ;
#8687 = CARTESIAN_POINT ( 'NONE',  ( -18.78870331274011463, 1.000000000000000444, 4.403059106809585010 ) ) ;
#8688 = ORIENTED_EDGE ( 'NONE', *, *, #844, .T. ) ;
#8689 = DIRECTION ( 'NONE',  ( 0.3543688509958618504, 0.000000000000000000, -0.9351057252759564786 ) ) ;
#8690 = EDGE_LOOP ( 'NONE', ( #6098, #8307, #6648, #3687 ) ) ;
#8691 = ORIENTED_EDGE ( 'NONE', *, *, #8159, .T. ) ;
#8692 = CARTESIAN_POINT ( 'NONE',  ( 9.032555358976113169, 3.000000000000000000, 0.9827544582580295396 ) ) ;
#8693 = VECTOR ( 'NONE', #5911, 1000.000000000000000 ) ;
#8694 = CIRCLE ( 'NONE', #5458, 3.000000000000002665 ) ;
#8695 = CARTESIAN_POINT ( 'NONE',  ( 10.02601730104476374, 3.000000000000000000, 0.5176030526561972156 ) ) ;
#8696 = CARTESIAN_POINT ( 'NONE',  ( 9.032555358976113169, 3.000000000000000444, 0.9827544582580295396 ) ) ;
#8697 = CARTESIAN_POINT ( 'NONE',  ( -19.60111769757886790, 1.000000000000001776, 2.418185134348044496 ) ) ;
#8698 = EDGE_CURVE ( 'NONE', #6667, #5002, #9109, .T. ) ;
#8699 = CALENDAR_DATE ( 2026, 19, 8 ) ;
#8700 = CARTESIAN_POINT ( 'NONE',  ( -9.600554662487034818, 1.000000000000000000, 2.389744000358668519 ) ) ;
#8701 = AXIS2_PLACEMENT_3D ( 'NONE', #6344, #6288, #3889 ) ;
#8702 = LINE ( 'NONE', #6141, #3903 ) ;
#8703 = VERTEX_POINT ( 'NONE', #3350 ) ;
#8704 = ORIENTED_EDGE ( 'NONE', *, *, #7333, .F. ) ;
#8705 = CARTESIAN_POINT ( 'NONE',  ( 24.20505659787279384, 0.9999999999999995559, 0.7710678344399278794 ) ) ;
#8706 = CARTESIAN_POINT ( 'NONE',  ( -9.779738897274210530, 3.000000000000000000, 4.979865491215240247 ) ) ;
#8707 = LINE ( 'NONE', #1415, #8234 ) ;
#8708 = CARTESIAN_POINT ( 'NONE',  ( -10.40663558064054328, 0.9999999999999986677, 4.536726858100202264 ) ) ;
#8709 = ORIENTED_EDGE ( 'NONE', *, *, #10406, .F. ) ;
#8710 = ORIENTED_EDGE ( 'NONE', *, *, #740, .T. ) ;
#8711 = CARTESIAN_POINT ( 'NONE',  ( -9.608908720351811539, 2.999999999999999556, 4.962510296036357182 ) ) ;
#8712 = VERTEX_POINT ( 'NONE', #7249 ) ;
#8713 = VERTEX_POINT ( 'NONE', #750 ) ;
#8714 = CARTESIAN_POINT ( 'NONE',  ( 24.74480432100855865, 1.000000000000000444, 0.4106313736114612922 ) ) ;
#8715 = DIRECTION ( 'NONE',  ( 0.000000000000000000, 0.000000000000000000, -1.000000000000000000 ) ) ;
#8716 = CARTESIAN_POINT ( 'NONE',  ( 12.28848197463614689, 1.000000000000000000, 1.704469766671348863 ) ) ;
#8717 = CARTESIAN_POINT ( 'NONE',  ( 17.09383286865483598, 2.999999999999999556, 3.973295837340786285 ) ) ;
#8718 = PLANE ( 'NONE',  #9177 ) ;
#8719 = LINE ( 'NONE', #2326, #7747 ) ;
#8720 = FACE_OUTER_BOUND ( 'NONE', #7209, .T. ) ;
#8721 = ADVANCED_FACE ( 'NONE', ( #8048 ), #9704, .T. ) ;
#8722 = LINE ( 'NONE', #2271, #4665 ) ;
#8723 = ORIENTED_EDGE ( 'NONE', *, *, #8686, .T. ) ;
#8724 = ORIENTED_EDGE ( 'NONE', *, *, #9785, .F. ) ;
#8725 = VECTOR ( 'NONE', #9630, 1000.000000000000000 ) ;
#8726 = DIRECTION ( 'NONE',  ( 0.000000000000000000, 1.000000000000000000, 0.000000000000000000 ) ) ;
#8727 = CARTESIAN_POINT ( 'NONE',  ( 10.61150288987813184, 3.000000000000000000, 0.8567078280890980668 ) ) ;
#8728 = CARTESIAN_POINT ( 'NONE',  ( -10.86826180106036688, 0.9999999999999995559, 2.535201172056706476 ) ) ;
#8729 = CARTESIAN_POINT ( 'NONE',  ( 13.16696763517666291, 2.999999999999999556, 1.763862746716056362 ) ) ;
#8730 = DIRECTION ( 'NONE',  ( 0.000000000000000000, 0.000000000000000000, -1.000000000000000000 ) ) ;
#8731 = CARTESIAN_POINT ( 'NONE',  ( -9.090889688806161217, 3.000000000000000888, 3.601216580508361798 ) ) ;
#8732 = DIRECTION ( 'NONE',  ( 1.000000000000000000, 0.000000000000000000, 0.000000000000000000 ) ) ;
#8733 = CARTESIAN_POINT ( 'NONE',  ( 26.48758884775925893, 1.000000000000000000, 2.569540520382531668 ) ) ;
#8734 = CARTESIAN_POINT ( 'NONE',  ( 23.55530197321672858, 1.000000000000000888, 4.051858583906426503 ) ) ;
#8735 = FACE_OUTER_BOUND ( 'NONE', #7855, .T. ) ;
#8736 = AXIS2_PLACEMENT_3D ( 'NONE', #4626, #5533, #1435 ) ;
#8737 = ADVANCED_FACE ( 'NONE', ( #2653 ), #7613, .F. ) ;
#8738 = DIRECTION ( 'NONE',  ( 0.000000000000000000, 0.000000000000000000, -1.000000000000000000 ) ) ;
#8739 = ORIENTED_EDGE ( 'NONE', *, *, #4969, .F. ) ;
#8740 = LINE ( 'NONE', #3888, #7319 ) ;
#8741 = LINE ( 'NONE', #6125, #705 ) ;
#8742 = EDGE_LOOP ( 'NONE', ( #1280, #10069, #9398, #700 ) ) ;
#8743 = VECTOR ( 'NONE', #512, 1000.000000000000000 ) ;
#8744 = CARTESIAN_POINT ( 'NONE',  ( -9.956438059621044445, 1.000000000000000444, 4.982482595856053464 ) ) ;
#8745 = EDGE_LOOP ( 'NONE', ( #148, #10495, #170, #1797 ) ) ;
#8746 = ADVANCED_FACE ( 'NONE', ( #9103 ), #217, .T. ) ;
#8747 = FACE_OUTER_BOUND ( 'NONE', #8301, .T. ) ;
#8748 = LINE ( 'NONE', #9543, #1623 ) ;
#8749 = CARTESIAN_POINT ( 'NONE',  ( -0.4853476520224604407, 1.000000000000000000, 0.8567078280890980668 ) ) ;
#8750 = CARTESIAN_POINT ( 'NONE',  ( 23.44739082628034410, 3.000000000000003997, 3.707936371559186206 ) ) ;
#8751 = EDGE_CURVE ( 'NONE', #3046, #5208, #2364, .T. ) ;
#8752 = ADVANCED_FACE ( 'NONE', ( #2755 ), #8096, .T. ) ;
#8753 = AXIS2_PLACEMENT_3D ( 'NONE', #3, #4889, #6488 ) ;
#8754 = VECTOR ( 'NONE', #5666, 1000.000000000000227 ) ;
#8755 = DIRECTION ( 'NONE',  ( 1.000000000000000000, 0.000000000000000000, 0.000000000000000000 ) ) ;
#8756 = ORIENTED_EDGE ( 'NONE', *, *, #79, .T. ) ;
#8757 = ORIENTED_EDGE ( 'NONE', *, *, #1588, .T. ) ;
#8758 = ADVANCED_FACE ( 'NONE', ( #10154 ), #5260, .F. ) ;
#8759 = VECTOR ( 'NONE', #3670, 1000.000000000000000 ) ;
#8760 = CARTESIAN_POINT ( 'NONE',  ( 23.65471714546889359, 3.000000000000001776, 1.168725130775599919 ) ) ;
#8761 = CARTESIAN_POINT ( 'NONE',  ( 22.55169994359752650, 1.000000000000000000, 2.733264202555017786 ) ) ;
#8762 = AXIS2_PLACEMENT_3D ( 'NONE', #491, #6931, #7090 ) ;
#8763 = CARTESIAN_POINT ( 'NONE',  ( -10.58007010677320991, 3.000000000000000000, 1.434807374384333034 ) ) ;
#8764 = CARTESIAN_POINT ( 'NONE',  ( -10.25766345851632266, 0.9999999999999995559, 4.599963479178704517 ) ) ;
#8765 = ORIENTED_EDGE ( 'NONE', *, *, #9713, .F. ) ;
#8766 = ORIENTED_EDGE ( 'NONE', *, *, #7017, .F. ) ;
#8767 = AXIS2_PLACEMENT_3D ( 'NONE', #3986, #2335, #4796 ) ;
#8768 = DIRECTION ( 'NONE',  ( -0.000000000000000000, 1.000000000000000000, -0.000000000000000000 ) ) ;
#8769 = CARTESIAN_POINT ( 'NONE',  ( -9.964265053883680778, 1.000000000000001332, 0.4068708384736780537 ) ) ;
#8770 = VECTOR ( 'NONE', #386, 1000.000000000000000 ) ;
#8771 = B_SPLINE_SURFACE_WITH_KNOTS ( 'NONE', 3, 1, ( 
 ( #10321, #742 ),
 ( #6497, #7239 ),
 ( #3030, #10484 ),
 ( #3192, #6444 ),
 ( #8892, #4684 ),
 ( #4044, #5693 ),
 ( #1600, #7293 ),
 ( #5481, #12 ),
 ( #7933, #3243 ),
 ( #637, #2279 ),
 ( #8792, #1498 ),
 ( #7985, #5215 ),
 ( #4572, #3716 ),
 ( #423, #1120 ),
 ( #3606, #6962 ),
 ( #6916, #2759 ),
 ( #3665, #10156 ),
 ( #8510, #7669 ),
 ( #4362, #2863 ) ),
 .UNSPECIFIED., .F., .F., .F.,
 ( 4, 1, 1, 1, 1, 1, 1, 1, 1, 1, 1, 1, 1, 1, 1, 1, 4 ),
 ( 2, 2 ),
 ( 0.000000000000000000, 0.07791803754900959722, 0.1477819428553877878, 0.2088613280379001125, 0.2627656036688398866, 0.3104981514429697165, 0.3537346847223613033, 0.3935221823351586212, 0.4314606622208670972, 0.4704733829520763577, 0.5151238492254696100, 0.5641573409487256052, 0.6206409926532203691, 0.6892878810657772082, 0.7748470262240771955, 0.8783420368318625160, 1.000000000000000000 ),
 ( 0.000000000000000000, 1.000000000000000000 ),
 .UNSPECIFIED. ) ;
#8772 = ORIENTED_EDGE ( 'NONE', *, *, #2955, .F. ) ;
#8773 = EDGE_LOOP ( 'NONE', ( #8257, #2011, #355, #5475 ) ) ;
#8774 = DIRECTION ( 'NONE',  ( 0.000000000000000000, 0.000000000000000000, 1.000000000000000000 ) ) ;
#8775 = PLANE ( 'NONE',  #5536 ) ;
#8776 = CARTESIAN_POINT ( 'NONE',  ( -10.27436204985414747, 3.000000000000000444, 4.968322691085958809 ) ) ;
#8777 = CARTESIAN_POINT ( 'NONE',  ( 17.00018690991792880, 3.000000000000000000, 4.180604523765087066 ) ) ;
#8778 = DIRECTION ( 'NONE',  ( 0.000000000000000000, 0.000000000000000000, 1.000000000000000000 ) ) ;
#8779 = CARTESIAN_POINT ( 'NONE',  ( 15.42078572062702868, 1.000000000000000000, 4.530342895278852922 ) ) ;
#8780 = AXIS2_PLACEMENT_3D ( 'NONE', #7499, #3386, #208 ) ;
#8781 = LINE ( 'NONE', #1489, #9372 ) ;
#8782 = LINE ( 'NONE', #677, #6547 ) ;
#8783 = EDGE_LOOP ( 'NONE', ( #7556, #182, #7432, #9184, #2025, #1119, #2593, #9106, #7376, #1417, #6628, #6536, #1519, #906, #1632, #8035, #3505, #7273, #404, #7537 ) ) ;
#8784 = EDGE_LOOP ( 'NONE', ( #9600, #1043, #4357, #320 ) ) ;
#8785 = DIRECTION ( 'NONE',  ( 1.000000000000000000, 0.000000000000000000, 0.000000000000000000 ) ) ;
#8786 = CARTESIAN_POINT ( 'NONE',  ( 12.16573311061225660, 1.000000000000000000, 0.8567078280890980668 ) ) ;
#8787 = VECTOR ( 'NONE', #5521, 1000.000000000000000 ) ;
#8788 = DIRECTION ( 'NONE',  ( -0.000000000000000000, 1.000000000000000000, -0.000000000000000000 ) ) ;
#8789 = EDGE_CURVE ( 'NONE', #5353, #6248, #10209, .T. ) ;
#8790 = ORIENTED_EDGE ( 'NONE', *, *, #2284, .F. ) ;
#8791 = CARTESIAN_POINT ( 'NONE',  ( -9.262835248342902617, 1.000000000000000000, 3.337926324490566365 ) ) ;
#8792 = CARTESIAN_POINT ( 'NONE',  ( -19.43568242541142510, 0.9999999999999995559, 2.318105955929530282 ) ) ;
#8793 = CARTESIAN_POINT ( 'NONE',  ( 10.02601730104476374, 1.000000000000000000, 4.869447670711752885 ) ) ;
#8794 = DIRECTION ( 'NONE',  ( 1.000000000000000000, 0.000000000000000000, 0.000000000000000000 ) ) ;
#8795 = CARTESIAN_POINT ( 'NONE',  ( 13.07658387988181303, 3.000000000000000888, 4.047473746718613263 ) ) ;
#8796 = CARTESIAN_POINT ( 'NONE',  ( -3.849902845770769133, 1.000000000000000000, 0.5176030526561972156 ) ) ;
#8797 = VERTEX_POINT ( 'NONE', #9311 ) ;
#8798 = CARTESIAN_POINT ( 'NONE',  ( -22.80974536802174057, 3.000000000000000000, 3.679931700638531478 ) ) ;
#8799 = DIRECTION ( 'NONE',  ( -0.000000000000000000, 0.000000000000000000, -1.000000000000000000 ) ) ;
#8800 = CARTESIAN_POINT ( 'NONE',  ( -18.05079840237616295, 1.000000000000000000, 1.817504691815648776 ) ) ;
#8801 = EDGE_CURVE ( 'NONE', #9027, #2548, #2220, .T. ) ;
#8802 = ORIENTED_EDGE ( 'NONE', *, *, #2294, .F. ) ;
#8803 = EDGE_LOOP ( 'NONE', ( #5142, #9834, #5403, #9162 ) ) ;
#8804 = CARTESIAN_POINT ( 'NONE',  ( -15.80422926513319659, 3.000000000000000000, 0.8567078280890980668 ) ) ;
#8805 = DIRECTION ( 'NONE',  ( -0.000000000000000000, 1.000000000000000000, -0.000000000000000000 ) ) ;
#8806 = CARTESIAN_POINT ( 'NONE',  ( 29.49999999999999645, 1.500000000000000000, -10.25000000000000000 ) ) ;
#8807 = FACE_OUTER_BOUND ( 'NONE', #2875, .T. ) ;
#8808 = CARTESIAN_POINT ( 'NONE',  ( 12.23181563044091646, 2.999999999999999556, 2.151372268722193670 ) ) ;
#8809 = CARTESIAN_POINT ( 'NONE',  ( 0.5319666742762407807, 1.000000000000000000, 0.8567078280890980668 ) ) ;
#8810 = ADVANCED_FACE ( 'NONE', ( #4461 ), #7820, .F. ) ;
#8811 = ORIENTED_EDGE ( 'NONE', *, *, #1380, .T. ) ;
#8812 = ORIENTED_EDGE ( 'NONE', *, *, #1527, .T. ) ;
#8813 = CARTESIAN_POINT ( 'NONE',  ( 23.95689777638140683, 1.000000000000000000, 0.8667333859384187544 ) ) ;
#8814 = CARTESIAN_POINT ( 'NONE',  ( -9.020067540867495737, 2.999999999999999556, 4.790782976660087122 ) ) ;
#8815 = CARTESIAN_POINT ( 'NONE',  ( -10.56893793501602197, 0.9999999999999995559, 1.294448418115222932 ) ) ;
#8816 = CARTESIAN_POINT ( 'NONE',  ( -10.00757047559540425, 1.000000000000000444, 4.642158595203202509 ) ) ;
#8817 = VERTEX_POINT ( 'NONE', #2970 ) ;
#8818 = CARTESIAN_POINT ( 'NONE',  ( -9.020067540867495737, 0.9999999999999995559, 4.790782976660087122 ) ) ;
#8819 = EDGE_LOOP ( 'NONE', ( #8010, #6557, #8072, #6800 ) ) ;
#8820 = EDGE_CURVE ( 'NONE', #276, #5111, #2861, .T. ) ;
#8821 = VERTEX_POINT ( 'NONE', #8727 ) ;
#8822 = DIRECTION ( 'NONE',  ( -1.000000000000000000, 0.000000000000000000, 0.000000000000000000 ) ) ;
#8823 = CARTESIAN_POINT ( 'NONE',  ( -3.264417256937402367, 1.000000000000000000, 0.8567078280890980668 ) ) ;
#8824 = LINE ( 'NONE', #1534, #3674 ) ;
#8825 = CARTESIAN_POINT ( 'NONE',  ( -24.62978427991550845, 3.000000000000000000, 4.530342895278852922 ) ) ;
#8826 = CARTESIAN_POINT ( 'NONE',  ( 17.21486189768705444, 1.000000000000000000, 3.430879011084310370 ) ) ;
#8827 = CARTESIAN_POINT ( 'NONE',  ( -10.59900270367200648, 2.999999999999999556, 4.923706102114378425 ) ) ;
#8828 = DIRECTION ( 'NONE',  ( -1.000000000000000000, 0.000000000000000000, 0.000000000000000000 ) ) ;
#8829 = CARTESIAN_POINT ( 'NONE',  ( -13.92943906137265309, 3.000000000000000000, 0.8567078280890980668 ) ) ;
#8830 = ORIENTED_EDGE ( 'NONE', *, *, #7712, .F. ) ;
#8831 = EDGE_LOOP ( 'NONE', ( #1608, #1151, #8524, #7367 ) ) ;
#8832 = CARTESIAN_POINT ( 'NONE',  ( -9.438578756603153153, 1.000000000000001332, 0.8062166138689065287 ) ) ;
#8833 = DIRECTION ( 'NONE',  ( -1.000000000000000000, 0.000000000000000000, 0.000000000000000000 ) ) ;
#8834 = CARTESIAN_POINT ( 'NONE',  ( 13.15168764647444455, 3.000000000000000000, 1.663070207060319827 ) ) ;
#8835 = CARTESIAN_POINT ( 'NONE',  ( -9.390975498047399839, 3.000000000000000888, 3.236423860457908308 ) ) ;
#8836 = CARTESIAN_POINT ( 'NONE',  ( 24.50685091445284414, 1.000000000000000000, 0.7436729029447978201 ) ) ;
#8837 = CARTESIAN_POINT ( 'NONE',  ( 25.15630044913239871, 1.000000000000001332, 0.4940512262889900641 ) ) ;
#8838 = CARTESIAN_POINT ( 'NONE',  ( 23.59857442565744634, 1.000000000000000000, 4.145586935131274409 ) ) ;
#8839 = LINE ( 'NONE', #5655, #2896 ) ;
#8840 = DIRECTION ( 'NONE',  ( -0.000000000000000000, 1.000000000000000000, -0.000000000000000000 ) ) ;
#8841 = CC_DESIGN_DATE_AND_TIME_ASSIGNMENT ( #6300, #5393, ( #4991 ) ) ;
#8842 = VERTEX_POINT ( 'NONE', #472 ) ;
#8843 = CARTESIAN_POINT ( 'NONE',  ( -9.371251489128146872, 0.9999999999999995559, 4.522369765452626034 ) ) ;
#8844 = VECTOR ( 'NONE', #9335, 1000.000000000000000 ) ;
#8845 = LINE ( 'NONE', #3147, #3077 ) ;
#8846 = ORIENTED_EDGE ( 'NONE', *, *, #7199, .F. ) ;
#8847 = CYLINDRICAL_SURFACE ( 'NONE', #7145, 3.000000000000000888 ) ;
#8848 = ORIENTED_EDGE ( 'NONE', *, *, #1208, .F. ) ;
#8849 = ORIENTED_EDGE ( 'NONE', *, *, #5612, .T. ) ;
#8850 = CARTESIAN_POINT ( 'NONE',  ( 13.61575925972898382, 1.000000000000000000, 3.286958718691550541 ) ) ;
#8851 = LINE ( 'NONE', #7256, #5181 ) ;
#8852 = CARTESIAN_POINT ( 'NONE',  ( 8.393780830582265651, 0.9999999999999995559, 0.8573848002120053602 ) ) ;
#8853 = DIRECTION ( 'NONE',  ( -0.6664820429734039653, 0.000000000000000000, -0.7455210838024622921 ) ) ;
#8854 = CARTESIAN_POINT ( 'NONE',  ( 12.26554472100673010, 2.999999999999999556, 1.966794162330093299 ) ) ;
#8855 = VECTOR ( 'NONE', #3930, 1000.000000000000000 ) ;
#8856 = VECTOR ( 'NONE', #6767, 1000.000000000000000 ) ;
#8857 = ADVANCED_FACE ( 'NONE', ( #6110 ), #5420, .T. ) ;
#8858 = CARTESIAN_POINT ( 'NONE',  ( -10.89162544811958888, 1.000000000000000000, 3.513028568980150812 ) ) ;
#8859 = CIRCLE ( 'NONE', #5636, 2.999999999999997335 ) ;
#8860 = DIRECTION ( 'NONE',  ( 1.000000000000000000, 0.000000000000000000, 0.000000000000000000 ) ) ;
#8861 = VERTEX_POINT ( 'NONE', #4518 ) ;
#8862 = VERTEX_POINT ( 'NONE', #5316 ) ;
#8863 = CARTESIAN_POINT ( 'NONE',  ( 24.35331087910834569, 3.000000000000001332, 0.7483367397997449100 ) ) ;
#8864 = CARTESIAN_POINT ( 'NONE',  ( -19.07442091284094587, 3.000000000000000444, 0.8743308374192219068 ) ) ;
#8865 = CARTESIAN_POINT ( 'NONE',  ( -9.998646913786153334, 3.000000000000000000, 0.7539693162725685793 ) ) ;
#8866 = VECTOR ( 'NONE', #10134, 1000.000000000000000 ) ;
#8867 = ADVANCED_FACE ( 'NONE', ( #1382 ), #1276, .F. ) ;
#8868 = CARTESIAN_POINT ( 'NONE',  ( -10.40663558064054328, 2.999999999999998668, 4.536726858100202264 ) ) ;
#8869 = AXIS2_PLACEMENT_3D ( 'NONE', #8417, #3616, #3467 ) ;
#8870 = EDGE_LOOP ( 'NONE', ( #8626, #2081, #9259, #9561 ) ) ;
#8871 = CARTESIAN_POINT ( 'NONE',  ( 12.22465492200134918, 1.000000000000000444, 4.526377658721216335 ) ) ;
#8872 = PLANE ( 'NONE',  #7160 ) ;
#8873 = VERTEX_POINT ( 'NONE', #3188 ) ;
#8874 = ORIENTED_EDGE ( 'NONE', *, *, #9058, .F. ) ;
#8875 = CARTESIAN_POINT ( 'NONE',  ( -9.656309833717878988, 0.9999999999999991118, 0.4067528620835415554 ) ) ;
#8876 = DIRECTION ( 'NONE',  ( -1.000000000000000000, 0.000000000000000000, 0.000000000000000000 ) ) ;
#8877 = CARTESIAN_POINT ( 'NONE',  ( 24.46622898822910841, 3.000000000000000444, 4.982482595856052576 ) ) ;
#8878 = EDGE_CURVE ( 'NONE', #3943, #3861, #4013, .T. ) ;
#8879 = DIRECTION ( 'NONE',  ( -0.000000000000000000, 1.000000000000000000, -0.000000000000000000 ) ) ;
#8880 = CARTESIAN_POINT ( 'NONE',  ( 16.10344541201522972, 1.000000000000000444, 4.530223176326022561 ) ) ;
#8881 = CARTESIAN_POINT ( 'NONE',  ( -10.43707496184690697, 3.000000000000000444, 4.950191178069883513 ) ) ;
#8882 = ADVANCED_FACE ( 'NONE', ( #1648 ), #10363, .T. ) ;
#8883 = CARTESIAN_POINT ( 'NONE',  ( -3.849902845770769133, 3.000000000000000000, 0.8567078280890980668 ) ) ;
#8884 = EDGE_CURVE ( 'NONE', #8591, #7233, #4086, .T. ) ;
#8885 = ORIENTED_EDGE ( 'NONE', *, *, #3161, .F. ) ;
#8886 = ORIENTED_EDGE ( 'NONE', *, *, #7328, .F. ) ;
#8887 = CARTESIAN_POINT ( 'NONE',  ( -9.031015280387613586, 1.000000000000000444, 1.221776850391198765 ) ) ;
#8888 = CARTESIAN_POINT ( 'NONE',  ( -19.94030248277098849, 3.000000000000000000, 2.439081198479338131 ) ) ;
#8889 = CARTESIAN_POINT ( 'NONE',  ( 12.99515458054793449, 2.999999999999999556, 1.140584045370327981 ) ) ;
#8890 = CARTESIAN_POINT ( 'NONE',  ( -9.262835248342902617, 3.000000000000000444, 3.337926324490566365 ) ) ;
#8891 = ADVANCED_FACE ( 'NONE', ( #3075 ), #5590, .T. ) ;
#8892 = CARTESIAN_POINT ( 'NONE',  ( -19.72352953231021999, 1.000000000000000444, 2.432973014260338740 ) ) ;
#8893 = CARTESIAN_POINT ( 'NONE',  ( 0.000000000000000000, 3.000000000000000000, 0.000000000000000000 ) ) ;
#8894 = CARTESIAN_POINT ( 'NONE',  ( 15.42078572062702868, 1.000000000000000000, 0.8567078280890980668 ) ) ;
#8895 = CARTESIAN_POINT ( 'NONE',  ( 12.66202707882395018, 1.000000000000000000, 1.704469766671348863 ) ) ;
#8896 = CARTESIAN_POINT ( 'NONE',  ( -29.50000000000000355, 3.000000000000000000, -13.24999999999999467 ) ) ;
#8897 = EDGE_CURVE ( 'NONE', #6479, #4363, #793, .T. ) ;
#8898 = VERTEX_POINT ( 'NONE', #7980 ) ;
#8899 = CARTESIAN_POINT ( 'NONE',  ( -9.880459643463755270, 3.000000000000000444, 4.642787001082750997 ) ) ;
#8900 = DIRECTION ( 'NONE',  ( 0.000000000000000000, 0.000000000000000000, -1.000000000000000000 ) ) ;
#8901 = EDGE_LOOP ( 'NONE', ( #7741, #6312, #3680, #1167 ) ) ;
#8902 = CARTESIAN_POINT ( 'NONE',  ( -9.152521604517167120, 0.9999999999999991118, 4.847981933197189619 ) ) ;
#8903 = ORIENTED_EDGE ( 'NONE', *, *, #3725, .T. ) ;
#8904 = CARTESIAN_POINT ( 'NONE',  ( 11.71214649843701139, 3.000000000000000000, 2.438861982513799820 ) ) ;
#8905 = AXIS2_PLACEMENT_3D ( 'NONE', #10049, #6005, #9258 ) ;
#8906 = PLANE ( 'NONE',  #8587 ) ;
#8907 = CARTESIAN_POINT ( 'NONE',  ( -15.35650499131944358, 1.000000000000000000, 4.925965133283901842 ) ) ;
#8908 = CARTESIAN_POINT ( 'NONE',  ( -8.678320414489038015, 3.000000000000000000, 0.5950162232665486828 ) ) ;
#8909 = CARTESIAN_POINT ( 'NONE',  ( -2.305386563916230980, 1.000000000000000000, 4.869447670711752885 ) ) ;
#8910 = LINE ( 'NONE', #10449, #863 ) ;
#8911 = LINE ( 'NONE', #3105, #8160 ) ;
#8912 = ORIENTED_EDGE ( 'NONE', *, *, #9672, .T. ) ;
#8913 = VERTEX_POINT ( 'NONE', #8137 ) ;
#8914 = ADVANCED_FACE ( 'NONE', ( #8985 ), #3981, .T. ) ;
#8915 = LINE ( 'NONE', #1628, #2823 ) ;
#8916 = CARTESIAN_POINT ( 'NONE',  ( -18.56104248117939193, 2.999999999999999556, 1.216090897909032131 ) ) ;
#8917 = CARTESIAN_POINT ( 'NONE',  ( -9.308076387622628900, 3.000000000000000444, 4.480763731595659216 ) ) ;
#8918 = VECTOR ( 'NONE', #4134, 1000.000000000000000 ) ;
#8919 = VERTEX_POINT ( 'NONE', #6440 ) ;
#8920 = CARTESIAN_POINT ( 'NONE',  ( 12.68932256052373475, 3.000000000000001332, 4.456662392004471229 ) ) ;
#8921 = CARTESIAN_POINT ( 'NONE',  ( 24.90630184285747006, 1.000000000000000444, 0.7945131521445304434 ) ) ;
#8922 = CARTESIAN_POINT ( 'NONE',  ( -11.22719788214172887, 1.000000000000000000, 1.663847840447616022 ) ) ;
#8923 = VERTEX_POINT ( 'NONE', #9629 ) ;
#8924 = VERTEX_POINT ( 'NONE', #2331 ) ;
#8925 = DIRECTION ( 'NONE',  ( -0.000000000000000000, 0.000000000000000000, 1.000000000000000000 ) ) ;
#8926 = VECTOR ( 'NONE', #10090, 1000.000000000000000 ) ;
#8927 = AXIS2_PLACEMENT_3D ( 'NONE', #10445, #3261, #708 ) ;
#8928 = DIRECTION ( 'NONE',  ( -0.04348561169846389129, 0.000000000000000000, 0.9990540533801013368 ) ) ;
#8929 = EDGE_CURVE ( 'NONE', #2218, #1817, #9575, .T. ) ;
#8930 = PERSON_AND_ORGANIZATION_ROLE ( 'design_owner' ) ;
#8931 = CARTESIAN_POINT ( 'NONE',  ( 26.48796157159425135, 0.9999999999999995559, 2.731855977857389206 ) ) ;
#8932 = PLANE ( 'NONE',  #2302 ) ;
#8933 = DIRECTION ( 'NONE',  ( -0.000000000000000000, 0.000000000000000000, 1.000000000000000000 ) ) ;
#8934 = VERTEX_POINT ( 'NONE', #8939 ) ;
#8935 = VECTOR ( 'NONE', #3696, 1000.000000000000000 ) ;
#8936 = AXIS2_PLACEMENT_3D ( 'NONE', #5324, #2021, #6066 ) ;
#8937 = ORIENTED_EDGE ( 'NONE', *, *, #7102, .F. ) ;
#8938 = EDGE_CURVE ( 'NONE', #8216, #10050, #7289, .T. ) ;
#8939 = CARTESIAN_POINT ( 'NONE',  ( 11.35152841543222202, 3.000000000000000000, 2.439196780109299301 ) ) ;
#8940 = CARTESIAN_POINT ( 'NONE',  ( -4.424791410371853750, 3.000000000000000000, 4.530342895278852922 ) ) ;
#8941 = DIRECTION ( 'NONE',  ( 1.000000000000000000, 0.000000000000000000, 0.000000000000000000 ) ) ;
#8942 = EDGE_CURVE ( 'NONE', #7733, #5134, #56, .T. ) ;
#8943 = EDGE_CURVE ( 'NONE', #6651, #4729, #2482, .T. ) ;
#8944 = VECTOR ( 'NONE', #4734, 1000.000000000000000 ) ;
#8945 = FACE_OUTER_BOUND ( 'NONE', #941, .T. ) ;
#8946 = CARTESIAN_POINT ( 'NONE',  ( -20.24173316239967235, 3.000000000000000000, 2.439196780109299301 ) ) ;
#8947 = DIRECTION ( 'NONE',  ( -0.000000000000000000, 1.000000000000000000, -0.000000000000000000 ) ) ;
#8948 = DIRECTION ( 'NONE',  ( -0.000000000000000000, 1.000000000000000000, -0.000000000000000000 ) ) ;
#8949 = CARTESIAN_POINT ( 'NONE',  ( 13.04612866208669253, 3.000000000000000000, 4.117283965022306091 ) ) ;
#8950 = CARTESIAN_POINT ( 'NONE',  ( -10.46956231662969117, 2.999999999999999112, 1.020100193879948547 ) ) ;
#8951 = ORIENTED_EDGE ( 'NONE', *, *, #10044, .F. ) ;
#8952 = AXIS2_PLACEMENT_3D ( 'NONE', #5909, #10053, #9163 ) ;
#8953 = ADVANCED_FACE ( 'NONE', ( #4732, #3132 ), #682, .T. ) ;
#8954 = CARTESIAN_POINT ( 'NONE',  ( 26.35807764109642193, 3.000000000000000000, 1.742666189910803132 ) ) ;
#8955 = DIRECTION ( 'NONE',  ( 1.000000000000000000, 0.000000000000000000, 0.000000000000000000 ) ) ;
#8956 = ORIENTED_EDGE ( 'NONE', *, *, #4777, .F. ) ;
#8957 = LINE ( 'NONE', #22, #2386 ) ;
#8958 = EDGE_CURVE ( 'NONE', #5353, #3356, #9987, .T. ) ;
#8959 = ORIENTED_EDGE ( 'NONE', *, *, #1746, .F. ) ;
#8960 = ORIENTED_EDGE ( 'NONE', *, *, #7427, .T. ) ;
#8961 = DIRECTION ( 'NONE',  ( 0.000000000000000000, 0.000000000000000000, 1.000000000000000000 ) ) ;
#8962 = CARTESIAN_POINT ( 'NONE',  ( 10.61150288987813184, 1.000000000000000000, 0.8567078280890980668 ) ) ;
#8963 = CARTESIAN_POINT ( 'NONE',  ( 14.09527460623957040, 1.000000000000000000, 0.5176030526561972156 ) ) ;
#8964 = AXIS2_PLACEMENT_3D ( 'NONE', #2944, #4276, #4975 ) ;
#8965 = CARTESIAN_POINT ( 'NONE',  ( -8.766411006944771600, 2.999999999999999556, 0.5669513160472883229 ) ) ;
#8966 = CARTESIAN_POINT ( 'NONE',  ( 11.79573224955815824, 3.000000000000000444, 2.435825421510390942 ) ) ;
#8967 = LINE ( 'NONE', #8809, #4075 ) ;
#8968 = ORIENTED_EDGE ( 'NONE', *, *, #5881, .F. ) ;
#8969 = ORIENTED_EDGE ( 'NONE', *, *, #8117, .F. ) ;
#8970 = DIRECTION ( 'NONE',  ( 0.000000000000000000, 0.000000000000000000, 1.000000000000000000 ) ) ;
#8971 = CARTESIAN_POINT ( 'NONE',  ( -18.75196886656671680, 1.000000000000000000, 0.9773725912188430121 ) ) ;
#8972 = CARTESIAN_POINT ( 'NONE',  ( -19.31416561788143227, 3.000000000000000888, 3.428115231736965196 ) ) ;
#8973 = ORIENTED_EDGE ( 'NONE', *, *, #10502, .T. ) ;
#8974 = CARTESIAN_POINT ( 'NONE',  ( 13.22591267936939019, 1.000000000000000000, 3.432891603450507922 ) ) ;
#8975 = ORIENTED_EDGE ( 'NONE', *, *, #3982, .F. ) ;
#8976 = ORIENTED_EDGE ( 'NONE', *, *, #8624, .T. ) ;
#8977 = CARTESIAN_POINT ( 'NONE',  ( 0.000000000000000000, 3.000000000000000000, 0.000000000000000000 ) ) ;
#8978 = CARTESIAN_POINT ( 'NONE',  ( -10.78205616608536488, 1.000000000000000444, 2.605006170147506239 ) ) ;
#8979 = CARTESIAN_POINT ( 'NONE',  ( 19.20745571296107812, 3.000000000000000000, 0.8567078280890980668 ) ) ;
#8980 = CARTESIAN_POINT ( 'NONE',  ( -9.054665725340386828, 3.000000000000000000, 3.847372704073850791 ) ) ;
#8981 = CARTESIAN_POINT ( 'NONE',  ( 19.20745571296107812, 1.000000000000000000, 0.8567078280890980668 ) ) ;
#8982 = EDGE_LOOP ( 'NONE', ( #10068, #6022, #8152, #3395, #2793, #3381, #2973, #3713, #8638, #169, #81, #1937, #9452, #9193, #8619, #8996, #4345, #9324, #5815, #7138, #5077, #920, #8203, #1530, #4170, #9539, #2460 ) ) ;
#8983 = EDGE_CURVE ( 'NONE', #4676, #3620, #2640, .T. ) ;
#8984 = ORIENTED_EDGE ( 'NONE', *, *, #9330, .T. ) ;
#8985 = FACE_OUTER_BOUND ( 'NONE', #4623, .T. ) ;
#8986 = CARTESIAN_POINT ( 'NONE',  ( -19.46842823388445609, 3.000000000000000444, 2.354533257635949894 ) ) ;
#8987 = CARTESIAN_POINT ( 'NONE',  ( 12.84129271126517402, 1.000000000000000000, 0.9773725912188430121 ) ) ;
#8988 = DIRECTION ( 'NONE',  ( -0.03958947438127656537, 0.000000000000000000, 0.9992160294541987398 ) ) ;
#8989 = CARTESIAN_POINT ( 'NONE',  ( 12.31857919832265580, 0.9999999999999991118, 4.521118292101936831 ) ) ;
#8990 = CARTESIAN_POINT ( 'NONE',  ( 24.39516130596384613, 1.000000000000000444, 4.980840549775231274 ) ) ;
#8991 = PLANE ( 'NONE',  #4500 ) ;
#8992 = CARTESIAN_POINT ( 'NONE',  ( 12.94011006049648138, 2.999999999999998668, 4.285563151067234955 ) ) ;
#8993 = CARTESIAN_POINT ( 'NONE',  ( -10.56893793501602197, 3.000000000000000000, 1.294448418115222932 ) ) ;
#8994 = ORIENTED_EDGE ( 'NONE', *, *, #8557, .T. ) ;
#8995 = ADVANCED_FACE ( 'NONE', ( #8443 ), #9245, .T. ) ;
#8996 = ORIENTED_EDGE ( 'NONE', *, *, #9729, .T. ) ;
#8997 = CARTESIAN_POINT ( 'NONE',  ( 8.480893173423059039, 2.999999999999999556, 3.413650897609393553 ) ) ;
#8998 = CARTESIAN_POINT ( 'NONE',  ( 26.28262978572709230, 3.000000000000000444, 1.544695424742554835 ) ) ;
#8999 = DIRECTION ( 'NONE',  ( 0.000000000000000000, 0.000000000000000000, -1.000000000000000000 ) ) ;
#9000 = ORIENTED_EDGE ( 'NONE', *, *, #7169, .T. ) ;
#9001 = CARTESIAN_POINT ( 'NONE',  ( -10.54362555966664239, 2.999999999999999556, 1.748112447363751931 ) ) ;
#9002 = ORIENTED_EDGE ( 'NONE', *, *, #7699, .F. ) ;
#9003 = ORIENTED_EDGE ( 'NONE', *, *, #8685, .F. ) ;
#9004 = LINE ( 'NONE', #4962, #2138 ) ;
#9005 = CARTESIAN_POINT ( 'NONE',  ( 8.338205175041009554, 3.000000000000000444, 2.468495474901855502 ) ) ;
#9006 = CARTESIAN_POINT ( 'NONE',  ( 8.349921301639438909, 1.000000000000000000, 0.8567078280890980668 ) ) ;
#9007 = CARTESIAN_POINT ( 'NONE',  ( -9.798365781489561499, 1.000000000000000000, 0.4045681275118970244 ) ) ;
#9008 = CARTESIAN_POINT ( 'NONE',  ( 11.79573224955815824, 1.000000000000000444, 2.435825421510390942 ) ) ;
#9009 = EDGE_CURVE ( 'NONE', #6831, #3607, #6685, .T. ) ;
#9010 = EDGE_CURVE ( 'NONE', #6427, #9179, #4140, .T. ) ;
#9011 = VECTOR ( 'NONE', #449, 1000.000000000000000 ) ;
#9012 = EDGE_CURVE ( 'NONE', #3403, #55, #7498, .T. ) ;
#9013 = CARTESIAN_POINT ( 'NONE',  ( -10.17746588149782916, 1.000000000000000444, 4.618772882016020098 ) ) ;
#9014 = DIRECTION ( 'NONE',  ( 0.5414944875458876927, 0.000000000000000000, 0.8407042999517824189 ) ) ;
#9015 = VERTEX_POINT ( 'NONE', #9144 ) ;
#9016 = VERTEX_POINT ( 'NONE', #9824 ) ;
#9017 = VECTOR ( 'NONE', #6176, 1000.000000000000000 ) ;
#9018 = CARTESIAN_POINT ( 'NONE',  ( -8.381317908923120896, 0.9999999999999995559, 3.573035507124066701 ) ) ;
#9019 = CARTESIAN_POINT ( 'NONE',  ( -18.69385450515244429, 0.9999999999999991118, 1.022267291283002422 ) ) ;
#9020 = ADVANCED_FACE ( 'NONE', ( #1101 ), #5785, .F. ) ;
#9021 = CARTESIAN_POINT ( 'NONE',  ( -9.064226487073316463, 2.999999999999999556, 4.043977312808067381 ) ) ;
#9022 = VERTEX_POINT ( 'NONE', #5197 ) ;
#9023 = VECTOR ( 'NONE', #9371, 1000.000000000000000 ) ;
#9024 = CARTESIAN_POINT ( 'NONE',  ( 22.58440081841251867, 1.000000000000000000, 2.227887622177754157 ) ) ;
#9025 = VECTOR ( 'NONE', #8338, 1000.000000000000000 ) ;
#9026 = ORIENTED_EDGE ( 'NONE', *, *, #5004, .T. ) ;
#9027 = VERTEX_POINT ( 'NONE', #991 ) ;
#9028 = CARTESIAN_POINT ( 'NONE',  ( -10.68855478418893412, 3.000000000000000444, 2.667244926333973698 ) ) ;
#9029 = CARTESIAN_POINT ( 'NONE',  ( 24.58472231248558870, 0.9999999999999991118, 4.981252530551322444 ) ) ;
#9030 = AXIS2_PLACEMENT_3D ( 'NONE', #2336, #5653, #3244 ) ;
#9031 = FACE_OUTER_BOUND ( 'NONE', #656, .T. ) ;
#9032 = CARTESIAN_POINT ( 'NONE',  ( -21.56724427678712885, 1.000000000000000000, 4.869447670711752885 ) ) ;
#9033 = ORIENTED_EDGE ( 'NONE', *, *, #9131, .T. ) ;
#9034 = ORIENTED_EDGE ( 'NONE', *, *, #5914, .F. ) ;
#9035 = ORIENTED_EDGE ( 'NONE', *, *, #4503, .F. ) ;
#9036 = CARTESIAN_POINT ( 'NONE',  ( 20.42169807290961359, 1.000000000000000000, 4.869447670711752885 ) ) ;
#9037 = DIRECTION ( 'NONE',  ( 1.000000000000000000, 0.000000000000000000, 0.000000000000000000 ) ) ;
#9038 = CARTESIAN_POINT ( 'NONE',  ( 12.77516974254105442, 3.000000000000000000, 0.9398174165483703657 ) ) ;
#9039 = CARTESIAN_POINT ( 'NONE',  ( 25.39701746960020401, 3.000000000000000444, 1.179400611096040441 ) ) ;
#9040 = CARTESIAN_POINT ( 'NONE',  ( 13.15540869418238579, 1.000000000000000000, 3.793105207036271853 ) ) ;
#9041 = DIRECTION ( 'NONE',  ( -1.000000000000000000, 0.000000000000000000, 0.000000000000000000 ) ) ;
#9042 = EDGE_CURVE ( 'NONE', #1910, #5034, #3382, .T. ) ;
#9043 = FACE_OUTER_BOUND ( 'NONE', #7909, .T. ) ;
#9044 = CARTESIAN_POINT ( 'NONE',  ( -18.90393901730816140, 2.999999999999999112, 4.456662392004465900 ) ) ;
#9045 = CARTESIAN_POINT ( 'NONE',  ( 8.178602743217609827, 3.000000000000000000, 4.530342895278852922 ) ) ;
#9046 = EDGE_LOOP ( 'NONE', ( #6341, #9843, #2948, #7964 ) ) ;
#9047 = EDGE_LOOP ( 'NONE', ( #3796, #5370, #4393, #5462 ) ) ;
#9048 = CARTESIAN_POINT ( 'NONE',  ( 8.156844967428815707, 3.000000000000000888, 2.909806022089236333 ) ) ;
#9049 = CARTESIAN_POINT ( 'NONE',  ( 25.62120573328147444, 0.9999999999999995559, 1.831068940234653386 ) ) ;
#9050 = CARTESIAN_POINT ( 'NONE',  ( -26.17430056177004971, 1.000000000000000000, 0.8567078280890980668 ) ) ;
#9051 = EDGE_LOOP ( 'NONE', ( #99, #5089, #7492, #4525 ) ) ;
#9052 = CARTESIAN_POINT ( 'NONE',  ( -9.600554662487034818, 1.000000000000000000, 2.389744000358668519 ) ) ;
#9053 = ORIENTED_EDGE ( 'NONE', *, *, #42, .F. ) ;
#9054 = VERTEX_POINT ( 'NONE', #5144 ) ;
#9055 = CARTESIAN_POINT ( 'NONE',  ( 22.58440081841251867, 3.000000000000000000, 2.227887622177754157 ) ) ;
#9056 = CARTESIAN_POINT ( 'NONE',  ( 8.083044213471143991, 1.000000000000000000, 2.545940099856856431 ) ) ;
#9057 = CARTESIAN_POINT ( 'NONE',  ( -1.070833240855827651, 3.000000000000000000, 0.5176030526561972156 ) ) ;
#9058 = EDGE_CURVE ( 'NONE', #2582, #6553, #1847, .T. ) ;
#9059 = FACE_OUTER_BOUND ( 'NONE', #5006, .T. ) ;
#9060 = DIRECTION ( 'NONE',  ( -0.000000000000000000, 1.000000000000000000, -0.000000000000000000 ) ) ;
#9061 = CARTESIAN_POINT ( 'NONE',  ( 25.64342551350362243, 1.000000000000000444, 3.387532790304873309 ) ) ;
#9062 = CARTESIAN_POINT ( 'NONE',  ( -9.948514088108566966, 1.000000000000000444, 4.642966663969444241 ) ) ;
#9063 = AXIS2_PLACEMENT_3D ( 'NONE', #9793, #5005, #1708 ) ;
#9064 = CARTESIAN_POINT ( 'NONE',  ( 20.50294192535707793, 1.000000000000000000, 0.5176030526561972156 ) ) ;
#9065 = VERTEX_POINT ( 'NONE', #3336 ) ;
#9066 = ORIENTED_EDGE ( 'NONE', *, *, #1076, .T. ) ;
#9067 = EDGE_CURVE ( 'NONE', #7217, #6093, #9090, .T. ) ;
#9068 = ADVANCED_FACE ( 'NONE', ( #306 ), #8289, .T. ) ;
#9069 = CARTESIAN_POINT ( 'NONE',  ( 25.68488677494109851, 1.000000000000000000, 2.674097483924798624 ) ) ;
#9070 = FACE_OUTER_BOUND ( 'NONE', #1646, .T. ) ;
#9071 = PLANE ( 'NONE',  #3751 ) ;
#9072 = LINE ( 'NONE', #8219, #1443 ) ;
#9073 = EDGE_LOOP ( 'NONE', ( #8874, #2286, #4759, #7682 ) ) ;
#9074 = CARTESIAN_POINT ( 'NONE',  ( 29.49999999999999645, 1.500000000000000000, -10.25000000000000000 ) ) ;
#9075 = EDGE_CURVE ( 'NONE', #2741, #1150, #6637, .T. ) ;
#9076 = ORIENTED_EDGE ( 'NONE', *, *, #694, .T. ) ;
#9077 = ORIENTED_EDGE ( 'NONE', *, *, #4105, .T. ) ;
#9078 = CARTESIAN_POINT ( 'NONE',  ( -10.59037670148716792, 2.999999999999999556, 2.725686100971175474 ) ) ;
#9079 = B_SPLINE_CURVE_WITH_KNOTS ( 'NONE', 3,
 ( #4792, #8037, #4894, #737, #7604, #9247, #5941, #5893, #151, #9196, #7443, #3496, #2641, #259, #1848, #3543, #6638, #2584, #2691, #3591, #9989, #3384, #4294 ),
 .UNSPECIFIED., .F., .F.,
 ( 4, 1, 1, 1, 1, 1, 1, 1, 1, 1, 1, 1, 1, 1, 1, 1, 1, 1, 1, 1, 4 ),
 ( 0.000000000000000000, 0.06003341348617715484, 0.1176079434533249812, 0.1731094346481761304, 0.2284108896259402499, 0.2568508951205629165, 0.2863366445971484708, 0.3171691104174871323, 0.3498381509821711921, 0.3846115501902281353, 0.4221329893546261203, 0.4631276748087605477, 0.5070297480012604385, 0.5543217770436127401, 0.6052993463609036562, 0.6596173459804199890, 0.7179179390584158327, 0.7803282882744672078, 0.8479976106171088768, 0.9213023274788216810, 1.000000000000000000 ),
 .UNSPECIFIED. ) ;
#9080 = EDGE_CURVE ( 'NONE', #530, #9054, #4992, .T. ) ;
#9081 = VECTOR ( 'NONE', #7066, 1000.000000000000000 ) ;
#9082 = CARTESIAN_POINT ( 'NONE',  ( 25.51681691869863045, 3.000000000000000000, 4.703463811059998889 ) ) ;
#9083 = CARTESIAN_POINT ( 'NONE',  ( 29.50000000000000000, 0.000000000000000000, 12.00000000000000711 ) ) ;
#9084 = CARTESIAN_POINT ( 'NONE',  ( -10.00957158137393677, 0.9999999999999991118, 2.227805776788479353 ) ) ;
#9085 = VERTEX_POINT ( 'NONE', #6790 ) ;
#9086 = ORIENTED_EDGE ( 'NONE', *, *, #3373, .T. ) ;
#9087 = VERTEX_POINT ( 'NONE', #10033 ) ;
#9088 = AXIS2_PLACEMENT_3D ( 'NONE', #7048, #7212, #9496 ) ;
#9089 = DIRECTION ( 'NONE',  ( 0.000000000000000000, 0.000000000000000000, 1.000000000000000000 ) ) ;
#9090 = LINE ( 'NONE', #6744, #5968 ) ;
#9091 = FACE_OUTER_BOUND ( 'NONE', #9378, .T. ) ;
#9092 = FACE_OUTER_BOUND ( 'NONE', #3451, .T. ) ;
#9093 = CARTESIAN_POINT ( 'NONE',  ( -9.977563650203617129, 3.000000000000000000, 2.979163548368385150 ) ) ;
#9094 = CARTESIAN_POINT ( 'NONE',  ( -26.17430056177004971, 3.000000000000000000, 4.530342895278852922 ) ) ;
#9095 = LINE ( 'NONE', #7501, #866 ) ;
#9096 = CARTESIAN_POINT ( 'NONE',  ( 24.42729940537353883, 3.000000000000000000, 4.642172047479538044 ) ) ;
#9097 = VECTOR ( 'NONE', #4392, 1000.000000000000000 ) ;
#9098 = CARTESIAN_POINT ( 'NONE',  ( -19.47106397205248740, 1.000000000000000888, 4.530136560350635833 ) ) ;
#9099 = VECTOR ( 'NONE', #8794, 1000.000000000000000 ) ;
#9100 = PLANE ( 'NONE',  #1622 ) ;
#9101 = VERTEX_POINT ( 'NONE', #2743 ) ;
#9102 = ORIENTED_EDGE ( 'NONE', *, *, #9396, .F. ) ;
#9103 = FACE_OUTER_BOUND ( 'NONE', #3117, .T. ) ;
#9104 = LINE ( 'NONE', #5057, #1594 ) ;
#9105 = VECTOR ( 'NONE', #529, 1000.000000000000000 ) ;
#9106 = ORIENTED_EDGE ( 'NONE', *, *, #2037, .F. ) ;
#9107 = VECTOR ( 'NONE', #3183, 1000.000000000000000 ) ;
#9108 = DIRECTION ( 'NONE',  ( 0.000000000000000000, 0.000000000000000000, 1.000000000000000000 ) ) ;
#9109 = B_SPLINE_CURVE_WITH_KNOTS ( 'NONE', 3,
 ( #8102, #7405, #6450, #805, #10434, #3146, #67, #2496, #9642, #5547, #118, #9792, #8998, #8954, #4101, #5751, #1661, #697, #2341 ),
 .UNSPECIFIED., .F., .F.,
 ( 4, 1, 1, 1, 1, 1, 1, 1, 1, 1, 1, 1, 1, 1, 1, 1, 4 ),
 ( 0.000000000000000000, 0.06559408185157503124, 0.1288912892828458778, 0.1900959190728805648, 0.2504914847697015667, 0.3096851782489950522, 0.3677755724606046606, 0.4251156232802975610, 0.4829940788603618307, 0.5413585461798704479, 0.6007950243478773489, 0.6618728284967907438, 0.7249135667589651222, 0.7899713731254797144, 0.8572124682775732474, 0.9270669876639688889, 1.000000000000000000 ),
 .UNSPECIFIED. ) ;
#9110 = ORIENTED_EDGE ( 'NONE', *, *, #1063, .T. ) ;
#9111 = ORIENTED_EDGE ( 'NONE', *, *, #6204, .F. ) ;
#9112 = DIRECTION ( 'NONE',  ( -1.000000000000000000, 0.000000000000000000, 0.000000000000000000 ) ) ;
#9113 = CARTESIAN_POINT ( 'NONE',  ( 8.463525132896327463, 0.9999999999999995559, 2.183379744326750860 ) ) ;
#9114 = CARTESIAN_POINT ( 'NONE',  ( -6.857691557032376650, 1.000000000000000000, 3.399993643835850676 ) ) ;
#9115 = DIRECTION ( 'NONE',  ( -0.000000000000000000, 0.000000000000000000, -1.000000000000000000 ) ) ;
#9116 = FACE_BOUND ( 'NONE', #1836, .T. ) ;
#9117 = CARTESIAN_POINT ( 'NONE',  ( -5.706148257124818990, 3.000000000000000000, 3.060888868402950713 ) ) ;
#9118 = VECTOR ( 'NONE', #7077, 1000.000000000000000 ) ;
#9119 = ADVANCED_FACE ( 'NONE', ( #5990 ), #6590, .T. ) ;
#9120 = LINE ( 'NONE', #9321, #2565 ) ;
#9121 = LINE ( 'NONE', #7576, #5273 ) ;
#9122 = VERTEX_POINT ( 'NONE', #1799 ) ;
#9123 = ORIENTED_EDGE ( 'NONE', *, *, #295, .F. ) ;
#9124 = AXIS2_PLACEMENT_3D ( 'NONE', #7204, #1513, #8000 ) ;
#9125 = CARTESIAN_POINT ( 'NONE',  ( 24.78217074051227797, 0.9999999999999995559, 4.619344043783010889 ) ) ;
#9126 = PLANE ( 'NONE',  #3172 ) ;
#9127 = CARTESIAN_POINT ( 'NONE',  ( 23.39637421977929677, 3.000000000000003997, 3.426278208015506976 ) ) ;
#9128 = CARTESIAN_POINT ( 'NONE',  ( -19.32561984470288152, 1.000000000000000000, 3.300900450731739433 ) ) ;
#9129 = ORIENTED_EDGE ( 'NONE', *, *, #8983, .F. ) ;
#9130 = CARTESIAN_POINT ( 'NONE',  ( 22.62869783674947399, 3.000000000000000444, 1.992541336923313589 ) ) ;
#9131 = EDGE_CURVE ( 'NONE', #1692, #8713, #4239, .T. ) ;
#9132 = ORIENTED_EDGE ( 'NONE', *, *, #7525, .F. ) ;
#9133 = VERTEX_POINT ( 'NONE', #7546 ) ;
#9134 =( LENGTH_UNIT ( ) NAMED_UNIT ( * ) SI_UNIT ( .MILLI., .METRE. ) );
#9135 = CARTESIAN_POINT ( 'NONE',  ( -10.26980866322569419, 1.000000000000000444, 2.868894558604744738 ) ) ;
#9136 = CARTESIAN_POINT ( 'NONE',  ( 26.41834953282058507, 3.000000000000000000, 3.349478219416311298 ) ) ;
#9137 = CARTESIAN_POINT ( 'NONE',  ( -19.30566268854843415, 3.000000000000000000, 3.569546031552301102 ) ) ;
#9138 = EDGE_CURVE ( 'NONE', #4475, #2942, #5249, .T. ) ;
#9139 = CARTESIAN_POINT ( 'NONE',  ( -26.17430056177004971, 1.000000000000000000, 4.530342895278852922 ) ) ;
#9140 = ORIENTED_EDGE ( 'NONE', *, *, #7270, .T. ) ;
#9141 = EDGE_CURVE ( 'NONE', #3524, #5735, #2002, .T. ) ;
#9142 = VERTEX_POINT ( 'NONE', #8606 ) ;
#9143 = EDGE_CURVE ( 'NONE', #550, #7860, #8494, .T. ) ;
#9144 = CARTESIAN_POINT ( 'NONE',  ( 6.239347308710709861, 1.000000000000000000, 4.530342895278852922 ) ) ;
#9145 = CARTESIAN_POINT ( 'NONE',  ( -21.79243104172303802, 1.000000000000000000, 0.8567078280890980668 ) ) ;
#9146 = PLANE ( 'NONE',  #1459 ) ;
#9147 = CARTESIAN_POINT ( 'NONE',  ( -10.05004510700616649, 1.000000000000000000, 2.952269370022099437 ) ) ;
#9148 = CARTESIAN_POINT ( 'NONE',  ( -9.122555800445002916, 0.9999999999999986677, 3.525395305459904094 ) ) ;
#9149 = CARTESIAN_POINT ( 'NONE',  ( 19.76291639980298953, 3.000000000000000000, 0.5176030526561972156 ) ) ;
#9150 = PLANE ( 'NONE',  #4337 ) ;
#9151 = CARTESIAN_POINT ( 'NONE',  ( -19.54232585890339635, 3.000000000000000888, 4.530272260525504358 ) ) ;
#9152 = EDGE_CURVE ( 'NONE', #6859, #6899, #7002, .T. ) ;
#9153 = CARTESIAN_POINT ( 'NONE',  ( -15.88900545899141825, 3.000000000000000000, 0.8567078280890980668 ) ) ;
#9154 = VERTEX_POINT ( 'NONE', #1153 ) ;
#9155 = EDGE_LOOP ( 'NONE', ( #5734, #6205, #2733, #142 ) ) ;
#9156 = CARTESIAN_POINT ( 'NONE',  ( -8.674215256242693073, 2.999999999999999112, 2.908400627384268411 ) ) ;
#9157 = CARTESIAN_POINT ( 'NONE',  ( -9.054349558786238816, 3.000000000000000444, 3.909852102867658274 ) ) ;
#9158 = DIRECTION ( 'NONE',  ( 0.000000000000000000, 0.000000000000000000, 1.000000000000000000 ) ) ;
#9159 = EDGE_LOOP ( 'NONE', ( #6600, #6695 ) ) ;
#9160 = CARTESIAN_POINT ( 'NONE',  ( -10.00957158137393677, 0.9999999999999991118, 2.227805776788479353 ) ) ;
#9161 = ORIENTED_EDGE ( 'NONE', *, *, #9460, .T. ) ;
#9162 = ORIENTED_EDGE ( 'NONE', *, *, #7712, .T. ) ;
#9163 = DIRECTION ( 'NONE',  ( 0.000000000000000000, 0.000000000000000000, 1.000000000000000000 ) ) ;
#9164 = CARTESIAN_POINT ( 'NONE',  ( 7.835082541021258784, 3.000000000000000000, 2.552231705253599880 ) ) ;
#9165 = DIRECTION ( 'NONE',  ( -1.000000000000000000, 0.000000000000000000, 0.000000000000000000 ) ) ;
#9166 = DIRECTION ( 'NONE',  ( 0.3307762265877872143, 0.000000000000000000, 0.9437092178867095837 ) ) ;
#9167 = CARTESIAN_POINT ( 'NONE',  ( -12.94921431988692717, 1.000000000000000000, 0.8567078280890980668 ) ) ;
#9168 = LINE ( 'NONE', #1875, #9210 ) ;
#9169 = DIRECTION ( 'NONE',  ( 0.000000000000000000, 1.000000000000000000, 0.000000000000000000 ) ) ;
#9170 = CARTESIAN_POINT ( 'NONE',  ( 25.15920374137640891, 2.999999999999999556, 4.454390306850833703 ) ) ;
#9171 = VERTEX_POINT ( 'NONE', #510 ) ;
#9172 = ORIENTED_EDGE ( 'NONE', *, *, #3130, .T. ) ;
#9173 = CARTESIAN_POINT ( 'NONE',  ( 24.95694148021962988, 1.000000000000000444, 4.567787005190035998 ) ) ;
#9174 = CARTESIAN_POINT ( 'NONE',  ( -11.22719788214172887, 3.000000000000000000, 1.663847840447616022 ) ) ;
#9175 = CARTESIAN_POINT ( 'NONE',  ( -18.93123449900794242, 3.000000000000000000, 3.569546031552301102 ) ) ;
#9176 = EDGE_CURVE ( 'NONE', #8591, #2167, #2203, .T. ) ;
#9177 = AXIS2_PLACEMENT_3D ( 'NONE', #1427, #9675, #5637 ) ;
#9178 = CARTESIAN_POINT ( 'NONE',  ( -13.51004952286256433, 1.000000000000000000, 3.789136500429122645 ) ) ;
#9179 = VERTEX_POINT ( 'NONE', #10141 ) ;
#9180 = CARTESIAN_POINT ( 'NONE',  ( 24.45641187611447975, 2.999999999999999556, 0.4066894395067746637 ) ) ;
#9181 = VECTOR ( 'NONE', #10245, 1000.000000000000000 ) ;
#9182 = VERTEX_POINT ( 'NONE', #2052 ) ;
#9183 = VECTOR ( 'NONE', #6848, 1000.000000000000000 ) ;
#9184 = ORIENTED_EDGE ( 'NONE', *, *, #5099, .F. ) ;
#9185 = LINE ( 'NONE', #193, #10073 ) ;
#9186 = CARTESIAN_POINT ( 'NONE',  ( -11.22587556575787460, 1.000000000000000000, 1.618178573387692332 ) ) ;
#9187 = CARTESIAN_POINT ( 'NONE',  ( 8.452565127751960006, 3.000000000000001776, 3.219789064248261834 ) ) ;
#9188 = ADVANCED_FACE ( 'NONE', ( #3757 ), #4611, .T. ) ;
#9189 = CARTESIAN_POINT ( 'NONE',  ( -19.30863699937894395, 3.000000000000000888, 3.520073768149427629 ) ) ;
#9190 = VECTOR ( 'NONE', #1605, 1000.000000000000227 ) ;
#9191 = CARTESIAN_POINT ( 'NONE',  ( -10.57855217314943452, 0.9999999999999995559, 1.567115835985998906 ) ) ;
#9192 = VECTOR ( 'NONE', #4533, 1000.000000000000000 ) ;
#9193 = ORIENTED_EDGE ( 'NONE', *, *, #1726, .T. ) ;
#9194 = ORIENTED_EDGE ( 'NONE', *, *, #3074, .T. ) ;
#9195 = CARTESIAN_POINT ( 'NONE',  ( 13.24839575301000849, 1.000000000000000000, 3.286958718691550541 ) ) ;
#9196 = CARTESIAN_POINT ( 'NONE',  ( 23.70656733907833669, 3.000000000000000888, 1.094173016429768941 ) ) ;
#9197 = ADVANCED_FACE ( 'NONE', ( #1259 ), #405, .T. ) ;
#9198 = CIRCLE ( 'NONE', #4099, 2.999999999999997335 ) ;
#9199 = CARTESIAN_POINT ( 'NONE',  ( -10.66152868048349589, 2.999999999999999112, 4.295204135835745340 ) ) ;
#9200 = VECTOR ( 'NONE', #1047, 1000.000000000000000 ) ;
#9201 = CARTESIAN_POINT ( 'NONE',  ( 25.56346950632910975, 3.000000000000000888, 1.571775080233409616 ) ) ;
#9202 = CARTESIAN_POINT ( 'NONE',  ( 15.42078572062702868, 3.000000000000000000, 4.530342895278852922 ) ) ;
#9203 = EDGE_CURVE ( 'NONE', #2416, #8653, #1206, .T. ) ;
#9204 = EDGE_CURVE ( 'NONE', #5435, #8381, #2155, .T. ) ;
#9205 = CARTESIAN_POINT ( 'NONE',  ( -13.92943906137265309, 1.000000000000000000, 0.8567078280890980668 ) ) ;
#9206 = CARTESIAN_POINT ( 'NONE',  ( 20.85970840784377600, 1.000000000000000000, 4.530342895278852922 ) ) ;
#9207 = DIRECTION ( 'NONE',  ( 0.000000000000000000, 0.000000000000000000, 1.000000000000000000 ) ) ;
#9208 = ORIENTED_EDGE ( 'NONE', *, *, #2300, .F. ) ;
#9209 = ORIENTED_EDGE ( 'NONE', *, *, #2500, .T. ) ;
#9210 = VECTOR ( 'NONE', #7574, 1000.000000000000000 ) ;
#9211 = CARTESIAN_POINT ( 'NONE',  ( -8.478968700718318985, 1.000000000000000000, 3.197184805061430435 ) ) ;
#9212 = CARTESIAN_POINT ( 'NONE',  ( -9.064226487073316463, 0.9999999999999995559, 4.043977312808067381 ) ) ;
#9213 = CARTESIAN_POINT ( 'NONE',  ( -12.36372873105355907, 3.000000000000000000, 0.8567078280890980668 ) ) ;
#9214 = ORIENTED_EDGE ( 'NONE', *, *, #4316, .F. ) ;
#9215 = EDGE_CURVE ( 'NONE', #6668, #7368, #4449, .T. ) ;
#9216 = DIRECTION ( 'NONE',  ( 0.000000000000000000, 1.000000000000000000, 0.000000000000000000 ) ) ;
#9217 = ORIENTED_EDGE ( 'NONE', *, *, #1394, .T. ) ;
#9218 = CARTESIAN_POINT ( 'NONE',  ( 12.04200681498744352, 2.999999999999999556, 2.401632501044000723 ) ) ;
#9219 = CARTESIAN_POINT ( 'NONE',  ( 7.925474771927454753, 0.9999999999999991118, 2.551890313064404392 ) ) ;
#9220 = LINE ( 'NONE', #1869, #526 ) ;
#9221 = EDGE_CURVE ( 'NONE', #1676, #6479, #4433, .T. ) ;
#9222 = CARTESIAN_POINT ( 'NONE',  ( -3.264417256937402367, 1.000000000000000000, 4.530342895278852922 ) ) ;
#9223 = LINE ( 'NONE', #9850, #6472 ) ;
#9224 = CARTESIAN_POINT ( 'NONE',  ( 8.349921301639438909, 1.000000000000000000, 0.8567078280890980668 ) ) ;
#9225 = PLANE ( 'NONE',  #6795 ) ;
#9226 = ORIENTED_EDGE ( 'NONE', *, *, #4621, .F. ) ;
#9227 = ORIENTED_EDGE ( 'NONE', *, *, #7651, .T. ) ;
#9228 = CARTESIAN_POINT ( 'NONE',  ( 24.78217074051227797, 3.000000000000000444, 4.619344043783010889 ) ) ;
#9229 = CARTESIAN_POINT ( 'NONE',  ( -18.89379166866515902, 1.000000000000000000, 0.9109072515481145826 ) ) ;
#9230 = CARTESIAN_POINT ( 'NONE',  ( 16.00538822410770834, 1.000000000000000000, 0.5176030526561972156 ) ) ;
#9231 = CARTESIAN_POINT ( 'NONE',  ( -10.21876607926225766, 2.999999999999999556, 0.8120413299455317979 ) ) ;
#9232 = EDGE_LOOP ( 'NONE', ( #7612, #344, #7990, #5908 ) ) ;
#9233 = ADVANCED_FACE ( 'NONE', ( #6097 ), #6882, .T. ) ;
#9234 = EDGE_LOOP ( 'NONE', ( #7939, #2051, #3266, #7215 ) ) ;
#9235 = ORIENTED_EDGE ( 'NONE', *, *, #6664, .F. ) ;
#9236 = CARTESIAN_POINT ( 'NONE',  ( 13.54246317545572609, 3.000000000000000000, 1.817504691815648776 ) ) ;
#9237 = CARTESIAN_POINT ( 'NONE',  ( -11.02361351998558092, 3.000000000000001332, 0.9323596846648448677 ) ) ;
#9238 = CARTESIAN_POINT ( 'NONE',  ( 8.217233344373131132, 0.9999999999999995559, 2.921035443091956729 ) ) ;
#9239 = VECTOR ( 'NONE', #5689, 1000.000000000000000 ) ;
#9240 = DIRECTION ( 'NONE',  ( 1.000000000000000000, 0.000000000000000000, 0.000000000000000000 ) ) ;
#9241 = CARTESIAN_POINT ( 'NONE',  ( -22.80974536802174057, 3.000000000000000000, 3.503740444497383866 ) ) ;
#9242 = VERTEX_POINT ( 'NONE', #4825 ) ;
#9243 = ORIENTED_EDGE ( 'NONE', *, *, #8938, .F. ) ;
#9244 = AXIS2_PLACEMENT_3D ( 'NONE', #8977, #1686, #10409 ) ;
#9245 = PLANE ( 'NONE',  #527 ) ;
#9246 = ADVANCED_FACE ( 'NONE', ( #3417 ), #8872, .T. ) ;
#9247 = CARTESIAN_POINT ( 'NONE',  ( 23.95689777638140683, 3.000000000000000000, 0.8667333859384187544 ) ) ;
#9248 = CARTESIAN_POINT ( 'NONE',  ( 8.217233344373131132, 0.9999999999999995559, 2.921035443091956729 ) ) ;
#9249 = FACE_OUTER_BOUND ( 'NONE', #6946, .T. ) ;
#9250 = FACE_OUTER_BOUND ( 'NONE', #6152, .T. ) ;
#9251 = FACE_OUTER_BOUND ( 'NONE', #7545, .T. ) ;
#9252 = DIRECTION ( 'NONE',  ( -0.000000000000000000, 1.000000000000000000, -0.000000000000000000 ) ) ;
#9253 = VERTEX_POINT ( 'NONE', #5020 ) ;
#9254 = AXIS2_PLACEMENT_3D ( 'NONE', #2698, #3392, #7453 ) ;
#9255 = ORIENTED_EDGE ( 'NONE', *, *, #3477, .T. ) ;
#9256 = CARTESIAN_POINT ( 'NONE',  ( 25.68488677494109851, 1.000000000000000000, 2.674097483924798624 ) ) ;
#9257 = EDGE_CURVE ( 'NONE', #2597, #1099, #8070, .T. ) ;
#9258 = DIRECTION ( 'NONE',  ( 0.6626825061456427246, 0.000000000000000000, 0.7489004580373350706 ) ) ;
#9259 = ORIENTED_EDGE ( 'NONE', *, *, #6282, .T. ) ;
#9260 = CARTESIAN_POINT ( 'NONE',  ( 6.239347308710709861, 3.000000000000000000, 0.5176030526561972156 ) ) ;
#9261 = ORIENTED_EDGE ( 'NONE', *, *, #1189, .F. ) ;
#9262 = VERTEX_POINT ( 'NONE', #8266 ) ;
#9263 = VECTOR ( 'NONE', #8514, 1000.000000000000000 ) ;
#9264 = CARTESIAN_POINT ( 'NONE',  ( -25.58881497293668161, 1.000000000000000000, 4.530342895278852922 ) ) ;
#9265 = LINE ( 'NONE', #5219, #590 ) ;
#9266 = VECTOR ( 'NONE', #3362, 1000.000000000000000 ) ;
#9267 = LINE ( 'NONE', #5220, #4790 ) ;
#9268 = CARTESIAN_POINT ( 'NONE',  ( 24.39516130596384613, 3.000000000000000444, 4.980840549775231274 ) ) ;
#9269 = DIRECTION ( 'NONE',  ( -0.000000000000000000, 1.000000000000000000, -0.000000000000000000 ) ) ;
#9270 = VECTOR ( 'NONE', #3878, 1000.000000000000000 ) ;
#9271 = VECTOR ( 'NONE', #1238, 1000.000000000000000 ) ;
#9272 = ADVANCED_FACE ( 'NONE', ( #3860 ), #3175, .T. ) ;
#9273 = EDGE_CURVE ( 'NONE', #7233, #4356, #969, .T. ) ;
#9274 = CARTESIAN_POINT ( 'NONE',  ( -15.80422926513319659, 3.000000000000000000, 0.8567078280890980668 ) ) ;
#9275 = DIRECTION ( 'NONE',  ( 0.000000000000000000, 0.000000000000000000, -1.000000000000000000 ) ) ;
#9276 = DIRECTION ( 'NONE',  ( 0.000000000000000000, 0.000000000000000000, -1.000000000000000000 ) ) ;
#9277 = ORIENTED_EDGE ( 'NONE', *, *, #1978, .T. ) ;
#9278 = ORIENTED_EDGE ( 'NONE', *, *, #6490, .F. ) ;
#9279 = CARTESIAN_POINT ( 'NONE',  ( 29.50000000000000000, 1.500000000000000000, 10.25000000000000711 ) ) ;
#9280 = CARTESIAN_POINT ( 'NONE',  ( 25.66134533372732207, 0.9999999999999995559, 3.227166580488688652 ) ) ;
#9281 = AXIS2_PLACEMENT_3D ( 'NONE', #6810, #4212, #1013 ) ;
#9282 = CARTESIAN_POINT ( 'NONE',  ( -11.13757387848401059, 2.999999999999998668, 1.150490703512686785 ) ) ;
#9283 = CARTESIAN_POINT ( 'NONE',  ( 8.178602743217609827, 3.000000000000000000, 4.530342895278852922 ) ) ;
#9284 = CARTESIAN_POINT ( 'NONE',  ( -19.79424307590062071, 0.9999999999999995559, 2.783228766418658573 ) ) ;
#9285 = ORIENTED_EDGE ( 'NONE', *, *, #1059, .T. ) ;
#9286 = PLANE ( 'NONE',  #8164 ) ;
#9287 = VECTOR ( 'NONE', #3865, 1000.000000000000000 ) ;
#9288 = ORIENTED_EDGE ( 'NONE', *, *, #8598, .F. ) ;
#9289 = ORIENTED_EDGE ( 'NONE', *, *, #10406, .T. ) ;
#9290 = CARTESIAN_POINT ( 'NONE',  ( -15.71238838845345143, 3.000000000000000000, 4.925965133283901842 ) ) ;
#9291 = CARTESIAN_POINT ( 'NONE',  ( 7.835082541021258784, 3.000000000000001776, 2.891336480686500288 ) ) ;
#9292 = CARTESIAN_POINT ( 'NONE',  ( 20.50294192535707793, 1.000000000000000000, 0.5176030526561972156 ) ) ;
#9293 = APPROVAL ( #6355, 'UNSPECIFIED' ) ;
#9294 = CARTESIAN_POINT ( 'NONE',  ( -10.87239469585315454, 0.9999999999999995559, 3.687160427903892312 ) ) ;
#9295 = ORIENTED_EDGE ( 'NONE', *, *, #8282, .F. ) ;
#9296 = CARTESIAN_POINT ( 'NONE',  ( 10.61150288987813184, 3.000000000000000000, 4.530342895278852922 ) ) ;
#9297 = ORIENTED_EDGE ( 'NONE', *, *, #3114, .T. ) ;
#9298 = LINE ( 'NONE', #10032, #2232 ) ;
#9299 = CARTESIAN_POINT ( 'NONE',  ( -8.480060138056890295, 3.000000000000000444, 4.240148078945831678 ) ) ;
#9300 = CARTESIAN_POINT ( 'NONE',  ( -6.715514815249311376, 3.000000000000000000, 4.869447670711752885 ) ) ;
#9301 = LINE ( 'NONE', #2799, #10288 ) ;
#9302 = CARTESIAN_POINT ( 'NONE',  ( 19.20745571296107812, 3.000000000000000000, 2.682147234508973188 ) ) ;
#9303 = CARTESIAN_POINT ( 'NONE',  ( -24.62978427991550845, 1.000000000000000000, 4.869447670711752885 ) ) ;
#9304 = CARTESIAN_POINT ( 'NONE',  ( -6.149457104175120037, 3.000000000000000000, 1.541098976423727285 ) ) ;
#9305 = CARTESIAN_POINT ( 'NONE',  ( -29.50000000000000355, 0.000000000000000000, -11.99999999999999645 ) ) ;
#9306 = CARTESIAN_POINT ( 'NONE',  ( 17.03408479001010178, 3.000000000000000000, 4.119517972008918782 ) ) ;
#9307 = EDGE_CURVE ( 'NONE', #5111, #2428, #7108, .T. ) ;
#9308 = CARTESIAN_POINT ( 'NONE',  ( -10.58007010677320991, 1.000000000000000000, 1.434807374384333034 ) ) ;
#9309 = ORIENTED_EDGE ( 'NONE', *, *, #7831, .F. ) ;
#9310 = VERTEX_POINT ( 'NONE', #1421 ) ;
#9311 = CARTESIAN_POINT ( 'NONE',  ( -21.79243104172303802, 1.000000000000000000, 0.5176030526561972156 ) ) ;
#9312 = DIRECTION ( 'NONE',  ( 0.7455210838024622921, 0.000000000000000000, -0.6664820429734039653 ) ) ;
#9313 = DIRECTION ( 'NONE',  ( -0.000000000000000000, -1.000000000000000000, -0.000000000000000000 ) ) ;
#9314 = EDGE_LOOP ( 'NONE', ( #7218, #87, #4903, #3406 ) ) ;
#9315 = DIRECTION ( 'NONE',  ( -0.000000000000000000, 1.000000000000000000, -0.000000000000000000 ) ) ;
#9316 = CARTESIAN_POINT ( 'NONE',  ( 24.05312411700803565, 1.000000000000000888, 4.945853801183409004 ) ) ;
#9317 = CARTESIAN_POINT ( 'NONE',  ( -9.077059035404516862, 2.999999999999999556, 1.130696827639742663 ) ) ;
#9318 = CARTESIAN_POINT ( 'NONE',  ( -22.80974536802174057, 1.000000000000000000, 0.8567078280890980668 ) ) ;
#9319 = CARTESIAN_POINT ( 'NONE',  ( 11.35152841543222202, 1.000000000000000000, 0.8567078280890980668 ) ) ;
#9320 = EDGE_CURVE ( 'NONE', #9641, #6477, #8193, .T. ) ;
#9321 = CARTESIAN_POINT ( 'NONE',  ( 12.28759888928345667, 1.000000000000000000, 3.569546031552301102 ) ) ;
#9322 = DIRECTION ( 'NONE',  ( -0.000000000000000000, 1.000000000000000000, -0.000000000000000000 ) ) ;
#9323 = ORIENTED_EDGE ( 'NONE', *, *, #153, .F. ) ;
#9324 = ORIENTED_EDGE ( 'NONE', *, *, #10119, .T. ) ;
#9325 = EDGE_CURVE ( 'NONE', #6935, #909, #6311, .T. ) ;
#9326 = LINE ( 'NONE', #7734, #7230 ) ;
#9327 = PLANE ( 'NONE',  #2967 ) ;
#9328 = CARTESIAN_POINT ( 'NONE',  ( -18.97910393013174613, 1.000000000000000444, 0.8903709949060223394 ) ) ;
#9329 = CARTESIAN_POINT ( 'NONE',  ( 23.37727362081860605, 1.000000000000000000, 3.267900142626859239 ) ) ;
#9330 = EDGE_CURVE ( 'NONE', #3118, #5603, #2318, .T. ) ;
#9331 = ADVANCED_FACE ( 'NONE', ( #2665 ), #6869, .T. ) ;
#9332 = PLANE ( 'NONE',  #2282 ) ;
#9333 = VERTEX_POINT ( 'NONE', #6766 ) ;
#9334 = CARTESIAN_POINT ( 'NONE',  ( 8.445401416139189266, 3.000000000000000444, 2.265977583963593833 ) ) ;
#9335 = DIRECTION ( 'NONE',  ( -1.000000000000000000, 0.000000000000000000, 0.000000000000000000 ) ) ;
#9336 = ORIENTED_EDGE ( 'NONE', *, *, #8383, .F. ) ;
#9337 = EDGE_LOOP ( 'NONE', ( #4127, #8162, #6327, #5901 ) ) ;
#9338 = LINE ( 'NONE', #6735, #2992 ) ;
#9339 = CARTESIAN_POINT ( 'NONE',  ( 8.492442673263285613, 3.000000000000001332, 3.541148090033010565 ) ) ;
#9340 = DIRECTION ( 'NONE',  ( -0.000000000000000000, 1.000000000000000000, -0.000000000000000000 ) ) ;
#9341 = EDGE_CURVE ( 'NONE', #1967, #774, #10009, .T. ) ;
#9342 = CARTESIAN_POINT ( 'NONE',  ( -9.207920875148065676, 3.000000000000001332, 3.394226357147187567 ) ) ;
#9343 = CARTESIAN_POINT ( 'NONE',  ( 12.10146614412101407, 3.000000000000000000, 2.853385446503947431 ) ) ;
#9344 = ORIENTED_EDGE ( 'NONE', *, *, #4233, .T. ) ;
#9345 = CARTESIAN_POINT ( 'NONE',  ( 12.14000590144394565, 0.9999999999999995559, 2.885098251483007914 ) ) ;
#9346 = VERTEX_POINT ( 'NONE', #2826 ) ;
#9347 = VECTOR ( 'NONE', #8060, 1000.000000000000000 ) ;
#9348 = CARTESIAN_POINT ( 'NONE',  ( -8.378364534364289185, 3.000000000000000000, 3.717021285451505008 ) ) ;
#9349 = EDGE_LOOP ( 'NONE', ( #1563, #7628, #6609, #9440 ) ) ;
#9350 = CARTESIAN_POINT ( 'NONE',  ( 26.48758884775925893, 3.000000000000000000, 2.569540520382531668 ) ) ;
#9351 = CARTESIAN_POINT ( 'NONE',  ( 19.76291639980298953, 3.000000000000000000, 4.869447670711752885 ) ) ;
#9352 = CARTESIAN_POINT ( 'NONE',  ( 26.41834953282058507, 0.9999999999999995559, 3.349478219416311298 ) ) ;
#9353 = FACE_OUTER_BOUND ( 'NONE', #8322, .T. ) ;
#9354 = VECTOR ( 'NONE', #6702, 1000.000000000000000 ) ;
#9355 = DIRECTION ( 'NONE',  ( -0.000000000000000000, 0.000000000000000000, -1.000000000000000000 ) ) ;
#9356 = CARTESIAN_POINT ( 'NONE',  ( -13.48436404361697249, 3.000000000000000000, 4.925965133283901842 ) ) ;
#9357 = CARTESIAN_POINT ( 'NONE',  ( 17.09383286865483598, 0.9999999999999995559, 3.973295837340786285 ) ) ;
#9358 = LINE ( 'NONE', #6221, #8926 ) ;
#9359 = EDGE_LOOP ( 'NONE', ( #6944, #3365, #9898, #8181 ) ) ;
#9360 = ORIENTED_EDGE ( 'NONE', *, *, #1242, .T. ) ;
#9361 = CARTESIAN_POINT ( 'NONE',  ( -22.80974536802174057, 1.000000000000000000, 0.8567078280890980668 ) ) ;
#9362 = DIRECTION ( 'NONE',  ( -0.000000000000000000, 1.000000000000000000, -0.000000000000000000 ) ) ;
#9363 = CARTESIAN_POINT ( 'NONE',  ( 8.178602743217609827, 1.000000000000000000, 4.530342895278852922 ) ) ;
#9364 = ADVANCED_FACE ( 'NONE', ( #2023 ), #10058, .T. ) ;
#9365 = ORIENTED_EDGE ( 'NONE', *, *, #2424, .T. ) ;
#9366 = VERTEX_POINT ( 'NONE', #2718 ) ;
#9367 = CARTESIAN_POINT ( 'NONE',  ( 24.11251116858458943, 3.000000000000000888, 0.4413603842508688757 ) ) ;
#9368 = CARTESIAN_POINT ( 'NONE',  ( 23.07171413533665216, 0.9999999999999991118, 4.375336077417500746 ) ) ;
#9369 = CARTESIAN_POINT ( 'NONE',  ( -9.638248325116299142, 3.000000000000000000, 2.375361209793564132 ) ) ;
#9370 = CARTESIAN_POINT ( 'NONE',  ( 8.501811982302092119, 1.000000000000000000, 1.817504691815648776 ) ) ;
#9371 = DIRECTION ( 'NONE',  ( 1.000000000000000000, 0.000000000000000000, 0.000000000000000000 ) ) ;
#9372 = VECTOR ( 'NONE', #4727, 1000.000000000000227 ) ;
#9373 = AXIS2_PLACEMENT_3D ( 'NONE', #7650, #6155, #6208 ) ;
#9374 = LINE ( 'NONE', #10167, #1365 ) ;
#9375 = CARTESIAN_POINT ( 'NONE',  ( -19.47106397205248740, 1.000000000000001332, 4.530136560350635833 ) ) ;
#9376 = DIRECTION ( 'NONE',  ( 1.000000000000000000, 0.000000000000000000, 0.000000000000000000 ) ) ;
#9377 = EDGE_CURVE ( 'NONE', #2573, #5209, #4371, .T. ) ;
#9378 = EDGE_LOOP ( 'NONE', ( #9790, #424, #10021, #9365 ) ) ;
#9379 = ORIENTED_EDGE ( 'NONE', *, *, #7749, .T. ) ;
#9380 = FACE_OUTER_BOUND ( 'NONE', #8492, .T. ) ;
#9381 = DIRECTION ( 'NONE',  ( -1.000000000000000000, 0.000000000000000000, 0.000000000000000000 ) ) ;
#9382 = CARTESIAN_POINT ( 'NONE',  ( -11.08667029717071095, 3.000000000000000444, 1.037358836086943015 ) ) ;
#9383 = CARTESIAN_POINT ( 'NONE',  ( -19.94030248277098849, 1.000000000000000000, 2.439081198479338131 ) ) ;
#9384 = EDGE_CURVE ( 'NONE', #7368, #6859, #5969, .T. ) ;
#9385 = FACE_BOUND ( 'NONE', #7925, .T. ) ;
#9386 = DIRECTION ( 'NONE',  ( -1.000000000000000000, 0.000000000000000000, 0.000000000000000000 ) ) ;
#9387 = EDGE_CURVE ( 'NONE', #5265, #7554, #9120, .T. ) ;
#9388 = EDGE_LOOP ( 'NONE', ( #7885, #2260, #2401, #1067 ) ) ;
#9389 = ORIENTED_EDGE ( 'NONE', *, *, #9534, .T. ) ;
#9390 = FACE_OUTER_BOUND ( 'NONE', #9359, .T. ) ;
#9391 = CARTESIAN_POINT ( 'NONE',  ( -2.305386563916230980, 1.000000000000000000, 4.869447670711752885 ) ) ;
#9392 = CARTESIAN_POINT ( 'NONE',  ( -18.41816190909514006, 1.000000000000000000, 1.817504691815648776 ) ) ;
#9393 = CARTESIAN_POINT ( 'NONE',  ( -9.671192583726053726, 3.000000000000001332, 3.095678596713600239 ) ) ;
#9394 = DIRECTION ( 'NONE',  ( 0.000000000000000000, 0.000000000000000000, 1.000000000000000000 ) ) ;
#9395 = ORIENTED_EDGE ( 'NONE', *, *, #3082, .T. ) ;
#9396 = EDGE_CURVE ( 'NONE', #2511, #9182, #4269, .T. ) ;
#9397 = LINE ( 'NONE', #6945, #7144 ) ;
#9398 = ORIENTED_EDGE ( 'NONE', *, *, #9396, .T. ) ;
#9399 = CARTESIAN_POINT ( 'NONE',  ( -8.433956844907349648, 3.000000000000000000, 4.119596023893453030 ) ) ;
#9400 = ADVANCED_FACE ( 'NONE', ( #1233 ), #285, .T. ) ;
#9401 = EDGE_CURVE ( 'NONE', #5437, #1626, #7728, .T. ) ;
#9402 = CARTESIAN_POINT ( 'NONE',  ( 24.95568646655243228, 2.999999999999999112, 0.4419682782090174622 ) ) ;
#9403 = VECTOR ( 'NONE', #9895, 1000.000000000000000 ) ;
#9404 = CARTESIAN_POINT ( 'NONE',  ( 8.269455171091680157, 0.9999999999999995559, 2.940730304043633669 ) ) ;
#9405 = CARTESIAN_POINT ( 'NONE',  ( 24.70109771226613660, 1.000000000000000444, 4.971837580028077852 ) ) ;
#9406 = CARTESIAN_POINT ( 'NONE',  ( 4.089034474910937966, 1.000000000000000000, 3.117406330975100115 ) ) ;
#9407 = DIRECTION ( 'NONE',  ( 0.000000000000000000, 1.000000000000000000, 0.000000000000000000 ) ) ;
#9408 = CARTESIAN_POINT ( 'NONE',  ( 19.20745571296107812, 1.000000000000000000, 4.530342895278852922 ) ) ;
#9409 = CARTESIAN_POINT ( 'NONE',  ( 16.10344541201522972, 3.000000000000000444, 4.530223176326022561 ) ) ;
#9410 = PLANE ( 'NONE',  #3810 ) ;
#9411 = VERTEX_POINT ( 'NONE', #5224 ) ;
#9412 = VECTOR ( 'NONE', #1838, 1000.000000000000000 ) ;
#9413 = EDGE_LOOP ( 'NONE', ( #1860, #10513, #3421, #10207 ) ) ;
#9414 = CARTESIAN_POINT ( 'NONE',  ( 25.39701746960020401, 1.000000000000000444, 1.179400611096040441 ) ) ;
#9415 = CARTESIAN_POINT ( 'NONE',  ( 29.50000000000000000, 1.500000000000000000, 13.25000000000000888 ) ) ;
#9416 = LINE ( 'NONE', #6007, #9105 ) ;
#9417 = ORIENTED_EDGE ( 'NONE', *, *, #3922, .T. ) ;
#9418 = CARTESIAN_POINT ( 'NONE',  ( -9.662888327093858365, 3.000000000000000888, 0.7491281333703071477 ) ) ;
#9419 = DIRECTION ( 'NONE',  ( 1.000000000000000000, 0.000000000000000000, 0.000000000000000000 ) ) ;
#9420 = CARTESIAN_POINT ( 'NONE',  ( -10.54362555966664239, 2.999999999999999556, 1.748112447363751931 ) ) ;
#9421 = LINE ( 'NONE', #9318, #266 ) ;
#9422 = VECTOR ( 'NONE', #4549, 1000.000000000000000 ) ;
#9423 = CARTESIAN_POINT ( 'NONE',  ( 23.48266078780462607, 1.000000000000000000, 1.573735654662437700 ) ) ;
#9424 = DIRECTION ( 'NONE',  ( -0.000000000000000000, 0.000000000000000000, -1.000000000000000000 ) ) ;
#9425 = CARTESIAN_POINT ( 'NONE',  ( -20.98175868795376076, 3.000000000000000000, 4.530342895278852922 ) ) ;
#9426 = VECTOR ( 'NONE', #1002, 1000.000000000000000 ) ;
#9427 = VECTOR ( 'NONE', #3763, 1000.000000000000000 ) ;
#9428 = CARTESIAN_POINT ( 'NONE',  ( -3.849902845770769133, 1.000000000000000000, 0.8567078280890980668 ) ) ;
#9429 = EDGE_LOOP ( 'NONE', ( #8023, #8688, #1542, #8790 ) ) ;
#9430 = ORIENTED_EDGE ( 'NONE', *, *, #6042, .F. ) ;
#9431 = CARTESIAN_POINT ( 'NONE',  ( 8.704640052861430277, 1.000000000000000888, 0.8768261709491589340 ) ) ;
#9432 = CARTESIAN_POINT ( 'NONE',  ( -8.309483876854480755, 3.000000000000000000, 4.869447670711752885 ) ) ;
#9433 = DIRECTION ( 'NONE',  ( -0.000000000000000000, 1.000000000000000000, -0.000000000000000000 ) ) ;
#9434 = CARTESIAN_POINT ( 'NONE',  ( 23.41873886537875293, 3.000000000000003109, 3.572865961964251547 ) ) ;
#9435 = AXIS2_PLACEMENT_3D ( 'NONE', #9279, #5440, #7838 ) ;
#9436 = ADVANCED_FACE ( 'NONE', ( #7526 ), #7625, .T. ) ;
#9437 = DIRECTION ( 'NONE',  ( -0.000000000000000000, 1.000000000000000000, -0.000000000000000000 ) ) ;
#9438 = DIRECTION ( 'NONE',  ( 1.000000000000000000, 0.000000000000000000, 0.000000000000000000 ) ) ;
#9439 = LINE ( 'NONE', #8534, #7311 ) ;
#9440 = ORIENTED_EDGE ( 'NONE', *, *, #2236, .T. ) ;
#9441 = ORIENTED_EDGE ( 'NONE', *, *, #4105, .F. ) ;
#9442 = CIRCLE ( 'NONE', #4868, 1.749999999999999778 ) ;
#9443 = VECTOR ( 'NONE', #111, 1000.000000000000000 ) ;
#9444 = CARTESIAN_POINT ( 'NONE',  ( 23.81748925403557848, 0.9999999999999991118, 0.9716792390685065062 ) ) ;
#9445 = CARTESIAN_POINT ( 'NONE',  ( 23.07171413533665216, 2.999999999999999556, 4.375336077417500746 ) ) ;
#9446 = CARTESIAN_POINT ( 'NONE',  ( 14.09527460623957040, 3.000000000000000000, 0.8567078280890980668 ) ) ;
#9447 = ADVANCED_FACE ( 'NONE', ( #1825 ), #2769, .T. ) ;
#9448 = CARTESIAN_POINT ( 'NONE',  ( 12.28462457845294864, 2.999999999999999556, 3.520073768149426741 ) ) ;
#9449 = ORIENTED_EDGE ( 'NONE', *, *, #884, .F. ) ;
#9450 = VECTOR ( 'NONE', #6993, 1000.000000000000227 ) ;
#9451 = CARTESIAN_POINT ( 'NONE',  ( 12.28848197463614689, 1.000000000000000000, 1.704469766671348863 ) ) ;
#9452 = ORIENTED_EDGE ( 'NONE', *, *, #998, .T. ) ;
#9453 = CARTESIAN_POINT ( 'NONE',  ( 25.52717868510590193, 0.9999999999999995559, 1.458660507624061964 ) ) ;
#9454 = DIRECTION ( 'NONE',  ( 0.3352591657633355871, 0.000000000000000000, 0.9421259426274558590 ) ) ;
#9455 = ORIENTED_EDGE ( 'NONE', *, *, #1329, .F. ) ;
#9456 = CARTESIAN_POINT ( 'NONE',  ( 24.74480432100855865, 3.000000000000000444, 0.4106313736114612922 ) ) ;
#9457 = CARTESIAN_POINT ( 'NONE',  ( -10.12324276508919674, 3.000000000000000888, 2.924499338248641944 ) ) ;
#9458 = CIRCLE ( 'NONE', #4358, 1.749999999999999778 ) ;
#9459 = CARTESIAN_POINT ( 'NONE',  ( 14.09527460623957040, 1.000000000000000000, 4.869447670711752885 ) ) ;
#9460 = EDGE_CURVE ( 'NONE', #6863, #1638, #10168, .T. ) ;
#9461 = CARTESIAN_POINT ( 'NONE',  ( -15.42097022206580270, 1.000000000000000000, 3.888339843873334978 ) ) ;
#9462 = CARTESIAN_POINT ( 'NONE',  ( 12.84129271126517402, 1.000000000000000000, 0.9773725912188430121 ) ) ;
#9463 = CARTESIAN_POINT ( 'NONE',  ( 12.66202707882395018, 1.000000000000000000, 3.569546031552301102 ) ) ;
#9464 = FACE_OUTER_BOUND ( 'NONE', #4960, .T. ) ;
#9465 = EDGE_CURVE ( 'NONE', #6314, #3212, #5067, .T. ) ;
#9466 = DIRECTION ( 'NONE',  ( 0.000000000000000000, -0.000000000000000000, 1.000000000000000000 ) ) ;
#9467 = EDGE_CURVE ( 'NONE', #1983, #524, #1979, .T. ) ;
#9468 = EDGE_LOOP ( 'NONE', ( #6589, #7721, #1314, #1811 ) ) ;
#9469 = VERTEX_POINT ( 'NONE', #1176 ) ;
#9470 = LINE ( 'NONE', #7926, #3563 ) ;
#9471 = DIRECTION ( 'NONE',  ( 0.3600292674874177590, 0.000000000000000000, -0.9329410091492781332 ) ) ;
#9472 = CARTESIAN_POINT ( 'NONE',  ( -10.12324276508919674, 1.000000000000000888, 2.924499338248641944 ) ) ;
#9473 = CYLINDRICAL_SURFACE ( 'NONE', #9780, 2.999999999999997335 ) ;
#9474 = ORIENTED_EDGE ( 'NONE', *, *, #10497, .T. ) ;
#9475 = CARTESIAN_POINT ( 'NONE',  ( 10.61150288987813184, 1.000000000000000000, 4.530342895278852922 ) ) ;
#9476 = CARTESIAN_POINT ( 'NONE',  ( 23.85989806996803608, 0.9999999999999995559, 4.898597975036638630 ) ) ;
#9477 = CARTESIAN_POINT ( 'NONE',  ( -9.662888327093858365, 3.000000000000000888, 0.7491281333703071477 ) ) ;
#9478 = CARTESIAN_POINT ( 'NONE',  ( -0.4853476520224604407, 1.000000000000000000, 0.8567078280890980668 ) ) ;
#9479 = DIRECTION ( 'NONE',  ( -1.000000000000000000, 0.000000000000000000, 0.000000000000000000 ) ) ;
#9480 = PLANE ( 'NONE',  #3746 ) ;
#9481 = CARTESIAN_POINT ( 'NONE',  ( -18.58007691627477342, 1.000000000000000444, 4.179936696246202565 ) ) ;
#9482 = CARTESIAN_POINT ( 'NONE',  ( 19.76291639980298953, 3.000000000000000000, 0.8567078280890980668 ) ) ;
#9483 = ORIENTED_EDGE ( 'NONE', *, *, #10166, .T. ) ;
#9484 = EDGE_LOOP ( 'NONE', ( #3783, #7377, #419, #1295 ) ) ;
#9485 = DIRECTION ( 'NONE',  ( -1.000000000000000000, 0.000000000000000000, 0.000000000000000000 ) ) ;
#9486 = CARTESIAN_POINT ( 'NONE',  ( 11.35152841543222202, 1.000000000000000000, 2.439196780109299301 ) ) ;
#9487 = CARTESIAN_POINT ( 'NONE',  ( 9.229784985242449835, 3.000000000000000444, 1.230873258404451054 ) ) ;
#9488 = DIRECTION ( 'NONE',  ( 0.5414944875458876927, 0.000000000000000000, 0.8407042999517824189 ) ) ;
#9489 = PERSON_AND_ORGANIZATION ( #1315, #746 ) ;
#9490 = DIRECTION ( 'NONE',  ( -1.000000000000000000, 0.000000000000000000, 0.000000000000000000 ) ) ;
#9491 = DIRECTION ( 'NONE',  ( 1.000000000000000000, -0.000000000000000000, 0.000000000000000000 ) ) ;
#9492 = ORIENTED_EDGE ( 'NONE', *, *, #6414, .T. ) ;
#9493 = EDGE_CURVE ( 'NONE', #8353, #8200, #9168, .T. ) ;
#9494 = FACE_OUTER_BOUND ( 'NONE', #3667, .T. ) ;
#9495 = CARTESIAN_POINT ( 'NONE',  ( 23.20435249474229167, 3.000000000000000888, 4.513959128188095526 ) ) ;
#9496 = DIRECTION ( 'NONE',  ( 0.000000000000000000, 0.000000000000000000, 1.000000000000000000 ) ) ;
#9497 = CARTESIAN_POINT ( 'NONE',  ( -10.00757047559540425, 3.000000000000000444, 4.642158595203202509 ) ) ;
#9498 = ORIENTED_EDGE ( 'NONE', *, *, #3343, .T. ) ;
#9499 = ORIENTED_EDGE ( 'NONE', *, *, #4368, .T. ) ;
#9500 = DIRECTION ( 'NONE',  ( 0.000000000000000000, 0.000000000000000000, 1.000000000000000000 ) ) ;
#9501 = ORIENTED_EDGE ( 'NONE', *, *, #3343, .F. ) ;
#9502 = CARTESIAN_POINT ( 'NONE',  ( 26.41704578906881551, 1.000000000000000888, 1.953408339414355321 ) ) ;
#9503 = CARTESIAN_POINT ( 'NONE',  ( -44.50000000000000711, 0.000000000000000000, -16.50000000000000000 ) ) ;
#9504 = EDGE_CURVE ( 'NONE', #7359, #1345, #4419, .T. ) ;
#9505 = LINE ( 'NONE', #7063, #8787 ) ;
#9506 = PLANE ( 'NONE',  #7392 ) ;
#9507 = PLANE ( 'NONE',  #7482 ) ;
#9508 = DIRECTION ( 'NONE',  ( -0.000000000000000000, 1.000000000000000000, -0.000000000000000000 ) ) ;
#9509 = CARTESIAN_POINT ( 'NONE',  ( -9.956438059621044445, 1.000000000000000444, 4.982482595856053464 ) ) ;
#9510 = CARTESIAN_POINT ( 'NONE',  ( -10.15210566730188013, 1.000000000000001776, 0.7870473835920424044 ) ) ;
#9511 = VECTOR ( 'NONE', #4064, 1000.000000000000000 ) ;
#9512 = EDGE_LOOP ( 'NONE', ( #314, #5080, #9680, #6759 ) ) ;
#9513 = VERTEX_POINT ( 'NONE', #2132 ) ;
#9514 = EDGE_CURVE ( 'NONE', #856, #8913, #8741, .T. ) ;
#9515 = DIRECTION ( 'NONE',  ( -0.000000000000000000, 1.000000000000000000, -0.000000000000000000 ) ) ;
#9516 = B_SPLINE_CURVE_WITH_KNOTS ( 'NONE', 3,
 ( #1932, #7632, #2725, #10064, #6824, #4325, #1083, #3684, #2833, #5920, #2775, #239, #9229, #9328, #3474, #5231, #9968, #8370, #6724 ),
 .UNSPECIFIED., .F., .F.,
 ( 4, 1, 1, 1, 1, 1, 1, 1, 1, 1, 1, 1, 1, 1, 1, 1, 4 ),
 ( 0.000000000000000000, 0.1002760215511163261, 0.1884173823291731276, 0.2639066777309093670, 0.3275923252930547092, 0.3832639486679156327, 0.4346089592192474704, 0.4826166254080098139, 0.5272728830494990415, 0.5714626396067599146, 0.6177593964000199778, 0.6673713462046220180, 0.7206851317115922084, 0.7797222101619644130, 0.8458816698827497094, 0.9189213191149459004, 1.000000000000000000 ),
 .UNSPECIFIED. ) ;
#9517 = CARTESIAN_POINT ( 'NONE',  ( 20.42169807290961359, 3.000000000000000000, 4.869447670711752885 ) ) ;
#9518 = VECTOR ( 'NONE', #7756, 1000.000000000000000 ) ;
#9519 = CARTESIAN_POINT ( 'NONE',  ( -3.849902845770769133, 1.000000000000000000, 0.5176030526561972156 ) ) ;
#9520 = EDGE_CURVE ( 'NONE', #1712, #9016, #7786, .T. ) ;
#9521 = VECTOR ( 'NONE', #4806, 1000.000000000000000 ) ;
#9522 = DIRECTION ( 'NONE',  ( -0.5413121073257022298, 0.000000000000000000, -0.8408217423821813252 ) ) ;
#9523 = CARTESIAN_POINT ( 'NONE',  ( -9.122555800445002916, 0.9999999999999986677, 3.525395305459904094 ) ) ;
#9524 = DIRECTION ( 'NONE',  ( 0.000000000000000000, 0.000000000000000000, 1.000000000000000000 ) ) ;
#9525 = DIRECTION ( 'NONE',  ( 0.000000000000000000, -0.000000000000000000, 1.000000000000000000 ) ) ;
#9526 = B_SPLINE_SURFACE_WITH_KNOTS ( 'NONE', 3, 1, ( 
 ( #8223, #4333 ),
 ( #7374, #2625 ),
 ( #3429, #9919 ),
 ( #9024, #5877 ),
 ( #5823, #9130 ),
 ( #3324, #9973 ),
 ( #5979, #5078 ),
 ( #1087, #6625 ),
 ( #1835, #9812 ),
 ( #8323, #1032 ),
 ( #4281, #7535 ),
 ( #1782, #6577 ),
 ( #2516, #245 ),
 ( #6729, #2675 ),
 ( #5772, #140 ),
 ( #2731, #5925 ),
 ( #7589, #6775 ),
 ( #3372, #9180 ),
 ( #9866, #1887 ) ),
 .UNSPECIFIED., .F., .F., .F.,
 ( 4, 1, 1, 1, 1, 1, 1, 1, 1, 1, 1, 1, 1, 1, 1, 1, 4 ),
 ( 2, 2 ),
 ( 0.000000000000000000, 0.07600561040930617351, 0.1488015954922687623, 0.2182908230471056754, 0.2852819469664830687, 0.3499324671923164654, 0.4122332058508024200, 0.4726092666609238435, 0.5315313673322349386, 0.5896284702838786584, 0.6466653464170900589, 0.7038705366348976256, 0.7612227409901662911, 0.8194207600001672809, 0.8782550213991302535, 0.9381232224753928151, 1.000000000000000000 ),
 ( 0.000000000000000000, 1.000000000000000000 ),
 .UNSPECIFIED. ) ;
#9527 = CARTESIAN_POINT ( 'NONE',  ( -21.56724427678712885, 1.000000000000000000, 4.530342895278852922 ) ) ;
#9528 = CARTESIAN_POINT ( 'NONE',  ( 23.35767204774794692, 1.000000000000000444, 2.516252528697489943 ) ) ;
#9529 = CARTESIAN_POINT ( 'NONE',  ( -21.56724427678712885, 3.000000000000000000, 4.869447670711752885 ) ) ;
#9530 = B_SPLINE_CURVE_WITH_KNOTS ( 'NONE', 3,
 ( #9671, #9457, #669, #6320, #3121, #5632, #4775, #8076, #8025, #7004, #724, #4722, #4614, #7168, #7062, #10251, #9563 ),
 .UNSPECIFIED., .F., .F.,
 ( 4, 1, 1, 1, 1, 1, 1, 1, 1, 1, 1, 1, 1, 1, 4 ),
 ( 0.000000000000000000, 0.1238071927480441092, 0.2479029094113033849, 0.3095345549928606443, 0.3694199971329020227, 0.4284304070736499881, 0.4870335451365956358, 0.5446519998364410808, 0.6025331768359948326, 0.6608972724705228785, 0.7204615426232469089, 0.7827995310441078214, 0.8494200352866424497, 0.9217182191543340508, 1.000000000000000000 ),
 .UNSPECIFIED. ) ;
#9531 = VECTOR ( 'NONE', #1444, 1000.000000000000000 ) ;
#9532 = EDGE_LOOP ( 'NONE', ( #7578, #8108, #2839, #10298 ) ) ;
#9533 = AXIS2_PLACEMENT_3D ( 'NONE', #4192, #5045, #7442 ) ;
#9534 = EDGE_CURVE ( 'NONE', #7745, #3977, #1506, .T. ) ;
#9535 = CARTESIAN_POINT ( 'NONE',  ( -21.79243104172303802, 1.000000000000000000, 0.5176030526561972156 ) ) ;
#9536 = CARTESIAN_POINT ( 'NONE',  ( -18.36734889846249885, 1.000000000000000444, 3.432891603450508811 ) ) ;
#9537 = CARTESIAN_POINT ( 'NONE',  ( 11.62175253335531444, 1.000000000000000000, 2.778301555542199708 ) ) ;
#9538 = EDGE_LOOP ( 'NONE', ( #681, #1818, #8100 ) ) ;
#9539 = ORIENTED_EDGE ( 'NONE', *, *, #1842, .T. ) ;
#9540 = EDGE_CURVE ( 'NONE', #3730, #7694, #485, .T. ) ;
#9541 = CARTESIAN_POINT ( 'NONE',  ( -8.378364534364289185, 3.000000000000000000, 3.717021285451505008 ) ) ;
#9542 = VECTOR ( 'NONE', #6644, 1000.000000000000000 ) ;
#9543 = CARTESIAN_POINT ( 'NONE',  ( 8.500928896949403679, 1.000000000000000000, 3.682580956696600794 ) ) ;
#9544 = CARTESIAN_POINT ( 'NONE',  ( -15.88900545899141825, 1.000000000000000000, 0.5176030526561972156 ) ) ;
#9545 = CARTESIAN_POINT ( 'NONE',  ( 24.04324480960877963, 3.000000000000002665, 4.577310493415609471 ) ) ;
#9546 = PERSON_AND_ORGANIZATION ( #1315, #746 ) ;
#9547 = CARTESIAN_POINT ( 'NONE',  ( 8.501811982302092119, 3.000000000000000000, 1.817504691815648776 ) ) ;
#9548 = CARTESIAN_POINT ( 'NONE',  ( -15.88900545899141825, 1.000000000000000000, 0.8567078280890980668 ) ) ;
#9549 = ORIENTED_EDGE ( 'NONE', *, *, #6413, .T. ) ;
#9550 = ORIENTED_EDGE ( 'NONE', *, *, #33, .F. ) ;
#9551 = CARTESIAN_POINT ( 'NONE',  ( 23.70656733907833669, 3.000000000000002665, 1.094173016429768941 ) ) ;
#9552 = CARTESIAN_POINT ( 'NONE',  ( 22.55338825283027049, 3.000000000000000000, 2.817223111918441436 ) ) ;
#9553 = CARTESIAN_POINT ( 'NONE',  ( -29.50000000000000355, 3.000000000000000000, -7.249999999999999112 ) ) ;
#9554 = CARTESIAN_POINT ( 'NONE',  ( -10.71378507215644582, 3.000000000000000888, 4.206093812980380875 ) ) ;
#9555 = ORIENTED_EDGE ( 'NONE', *, *, #1760, .T. ) ;
#9556 = EDGE_CURVE ( 'NONE', #6416, #9645, #10081, .T. ) ;
#9557 = CARTESIAN_POINT ( 'NONE',  ( 11.87569657236846332, 1.000000000000000888, 2.788759618130051354 ) ) ;
#9558 = ORIENTED_EDGE ( 'NONE', *, *, #2697, .T. ) ;
#9559 = CARTESIAN_POINT ( 'NONE',  ( -11.17716467745503550, 0.9999999999999995559, 1.270471429786190543 ) ) ;
#9560 = ORIENTED_EDGE ( 'NONE', *, *, #3283, .F. ) ;
#9561 = ORIENTED_EDGE ( 'NONE', *, *, #1111, .T. ) ;
#9562 = PLANE ( 'NONE',  #574 ) ;
#9563 = CARTESIAN_POINT ( 'NONE',  ( -11.22719788214172887, 3.000000000000000000, 1.663847840447616022 ) ) ;
#9564 = CARTESIAN_POINT ( 'NONE',  ( -10.59900270367200648, 3.000000000000000000, 4.923706102114378425 ) ) ;
#9565 = DIRECTION ( 'NONE',  ( 0.000000000000000000, 0.000000000000000000, -1.000000000000000000 ) ) ;
#9566 = CARTESIAN_POINT ( 'NONE',  ( -21.56724427678712885, 1.000000000000000000, 0.5176030526561972156 ) ) ;
#9567 = LINE ( 'NONE', #4670, #3159 ) ;
#9568 = DIRECTION ( 'NONE',  ( 0.000000000000000000, 0.000000000000000000, 1.000000000000000000 ) ) ;
#9569 = DIRECTION ( 'NONE',  ( 1.000000000000000000, 0.000000000000000000, 0.000000000000000000 ) ) ;
#9570 = ORIENTED_EDGE ( 'NONE', *, *, #5169, .T. ) ;
#9571 = EDGE_CURVE ( 'NONE', #530, #294, #698, .T. ) ;
#9572 = EDGE_LOOP ( 'NONE', ( #767, #5709, #7472, #7408 ) ) ;
#9573 = VECTOR ( 'NONE', #4407, 1000.000000000000000 ) ;
#9574 = CARTESIAN_POINT ( 'NONE',  ( -8.379374311563958955, 3.000000000000000000, 3.667791648933866444 ) ) ;
#9575 = LINE ( 'NONE', #9731, #4091 ) ;
#9576 = CARTESIAN_POINT ( 'NONE',  ( -11.08001109904224712, 1.000000000000000444, 2.281501007197624720 ) ) ;
#9577 = DIRECTION ( 'NONE',  ( -1.000000000000000000, 0.000000000000000000, 0.000000000000000000 ) ) ;
#9578 = CARTESIAN_POINT ( 'NONE',  ( -9.053924829172020239, 1.000000000000000000, 3.882158246404506130 ) ) ;
#9579 = FACE_BOUND ( 'NONE', #6417, .T. ) ;
#9580 = CARTESIAN_POINT ( 'NONE',  ( 26.28262978572709230, 1.000000000000000444, 1.544695424742554835 ) ) ;
#9581 = CARTESIAN_POINT ( 'NONE',  ( 23.64519082845241726, 2.999999999999999556, 4.228597746068011531 ) ) ;
#9582 = CARTESIAN_POINT ( 'NONE',  ( 12.80455826509177086, 2.999999999999999112, 4.403059106809581458 ) ) ;
#9583 = VECTOR ( 'NONE', #4396, 1000.000000000000000 ) ;
#9584 = CARTESIAN_POINT ( 'NONE',  ( 13.54246317545572609, 1.000000000000000000, 1.817504691815648776 ) ) ;
#9585 = EDGE_CURVE ( 'NONE', #4323, #4573, #2925, .T. ) ;
#9586 = EDGE_LOOP ( 'NONE', ( #5771, #8061, #7165, #72 ) ) ;
#9587 = LINE ( 'NONE', #8574, #3241 ) ;
#9588 = FACE_OUTER_BOUND ( 'NONE', #3569, .T. ) ;
#9589 = DIRECTION ( 'NONE',  ( -0.000000000000000000, 0.000000000000000000, -1.000000000000000000 ) ) ;
#9590 = ORIENTED_EDGE ( 'NONE', *, *, #5158, .F. ) ;
#9591 = CARTESIAN_POINT ( 'NONE',  ( -10.76686411941692256, 3.000000000000000444, 0.6705196508998534366 ) ) ;
#9592 = DIRECTION ( 'NONE',  ( -0.000000000000000000, 1.000000000000000000, -0.000000000000000000 ) ) ;
#9593 = DIRECTION ( 'NONE',  ( 0.000000000000000000, 0.000000000000000000, 1.000000000000000000 ) ) ;
#9594 = CARTESIAN_POINT ( 'NONE',  ( 6.239347308710709861, 1.000000000000000000, 4.530342895278852922 ) ) ;
#9595 = ADVANCED_FACE ( 'NONE', ( #3036 ), #7992, .T. ) ;
#9596 = ADVANCED_FACE ( 'NONE', ( #7942 ), #10383, .T. ) ;
#9597 = AXIS2_PLACEMENT_3D ( 'NONE', #6934, #8477, #641 ) ;
#9598 = AXIS2_PLACEMENT_3D ( 'NONE', #8553, #8390, #5360 ) ;
#9599 = LINE ( 'NONE', #8009, #9511 ) ;
#9600 = ORIENTED_EDGE ( 'NONE', *, *, #1471, .T. ) ;
#9601 = ORIENTED_EDGE ( 'NONE', *, *, #5931, .T. ) ;
#9602 = VECTOR ( 'NONE', #1124, 1000.000000000000000 ) ;
#9603 = CARTESIAN_POINT ( 'NONE',  ( 23.35619069989797580, 1.000000000000000000, 2.715602495501221014 ) ) ;
#9604 = CARTESIAN_POINT ( 'NONE',  ( -8.401467653979558747, 3.000000000000000444, 3.991589831309842573 ) ) ;
#9605 = VECTOR ( 'NONE', #1391, 1000.000000000000000 ) ;
#9606 = CARTESIAN_POINT ( 'NONE',  ( -10.33516473945828729, 2.999999999999999112, 0.8786381148998771984 ) ) ;
#9607 = CARTESIAN_POINT ( 'NONE',  ( -10.47542966877849580, 1.000000000000000888, 4.491290303619043911 ) ) ;
#9608 = ORIENTED_EDGE ( 'NONE', *, *, #6282, .F. ) ;
#9609 = CARTESIAN_POINT ( 'NONE',  ( 12.42970582054951301, 1.000000000000000000, 4.512537353597653400 ) ) ;
#9610 = ORIENTED_EDGE ( 'NONE', *, *, #6572, .T. ) ;
#9611 = VECTOR ( 'NONE', #8928, 1000.000000000000114 ) ;
#9612 = CARTESIAN_POINT ( 'NONE',  ( -10.12359230069153071, 0.9999999999999991118, 0.4254863007247368101 ) ) ;
#9613 = VECTOR ( 'NONE', #7867, 1000.000000000000000 ) ;
#9614 = B_SPLINE_SURFACE_WITH_KNOTS ( 'NONE', 3, 1, ( 
 ( #9578, #1653 ),
 ( #636, #10483 ),
 ( #5593, #7185 ),
 ( #6278, #1438 ),
 ( #2278, #8731 ),
 ( #9523, #3936 ),
 ( #7932, #6443 ),
 ( #3880, #5537 ),
 ( #8791, #8890 ),
 ( #1497, #4736 ),
 ( #10425, #8835 ),
 ( #3136, #1549 ),
 ( #4794, #5148 ),
 ( #4195, #1904 ),
 ( #2693, #6688 ),
 ( #4995, #9093 ),
 ( #9147, #6594 ) ),
 .UNSPECIFIED., .F., .F., .F.,
 ( 4, 1, 1, 1, 1, 1, 1, 1, 1, 1, 1, 1, 1, 1, 4 ),
 ( 2, 2 ),
 ( 0.000000000000000000, 0.07033283613064277018, 0.1340854285588760353, 0.1931607657528965905, 0.2473518681211009373, 0.2996480646152726579, 0.3520560305762979181, 0.4047070336228159038, 0.4583191686701628131, 0.5141858152980909313, 0.5732161129644633979, 0.6355397998688591121, 0.7013857075903469074, 0.8435958802698825254, 1.000000000000000000 ),
 ( 0.000000000000000000, 1.000000000000000000 ),
 .UNSPECIFIED. ) ;
#9615 = EDGE_LOOP ( 'NONE', ( #2817, #1272, #5767, #10030 ) ) ;
#9616 = ORIENTED_EDGE ( 'NONE', *, *, #8038, .T. ) ;
#9617 = FACE_OUTER_BOUND ( 'NONE', #8268, .T. ) ;
#9618 = FACE_OUTER_BOUND ( 'NONE', #10019, .T. ) ;
#9619 = CARTESIAN_POINT ( 'NONE',  ( -11.16561422591572317, 3.000000000000000000, 4.774756783420821549 ) ) ;
#9620 = CARTESIAN_POINT ( 'NONE',  ( 16.41152928157661250, 2.999999999999999556, 4.513276874685441697 ) ) ;
#9621 = CARTESIAN_POINT ( 'NONE',  ( 17.19157028594823089, 1.000000000000000000, 3.565030097468902870 ) ) ;
#9622 = B_SPLINE_CURVE_WITH_KNOTS ( 'NONE', 3,
 ( #2230, #3673, #3033, #5430, #2822, #1340, #6067, #6175, #6971, #6922, #7726, #10220, #5484, #4531, #9423, #2022, #8517, #8681, #587, #3614, #9528, #2180, #10324 ),
 .UNSPECIFIED., .F., .F.,
 ( 4, 1, 1, 1, 1, 1, 1, 1, 1, 1, 1, 1, 1, 1, 1, 1, 1, 1, 1, 1, 4 ),
 ( 0.000000000000000000, 0.06003341348617715484, 0.1176079434533249812, 0.1731094346481761304, 0.2284108896259402499, 0.2568508951205629165, 0.2863366445971484708, 0.3171691104174871323, 0.3498381509821711921, 0.3846115501902281353, 0.4221329893546261203, 0.4631276748087605477, 0.5070297480012604385, 0.5543217770436127401, 0.6052993463609036562, 0.6596173459804199890, 0.7179179390584158327, 0.7803282882744672078, 0.8479976106171088768, 0.9213023274788216810, 1.000000000000000000 ),
 .UNSPECIFIED. ) ;
#9623 = LINE ( 'NONE', #787, #6890 ) ;
#9624 = VECTOR ( 'NONE', #2891, 1000.000000000000000 ) ;
#9625 = FACE_OUTER_BOUND ( 'NONE', #9073, .T. ) ;
#9626 = DIRECTION ( 'NONE',  ( 0.3600292674874177590, 0.000000000000000000, -0.9329410091492781332 ) ) ;
#9627 = ORIENTED_EDGE ( 'NONE', *, *, #872, .F. ) ;
#9628 = EDGE_LOOP ( 'NONE', ( #1914, #4482, #8581, #1346 ) ) ;
#9629 = CARTESIAN_POINT ( 'NONE',  ( -22.37703354520371590, 3.000000000000000000, 0.8567078280890980668 ) ) ;
#9630 = DIRECTION ( 'NONE',  ( 1.000000000000000000, 0.000000000000000000, 0.000000000000000000 ) ) ;
#9631 = AXIS2_PLACEMENT_3D ( 'NONE', #5975, #6077, #7582 ) ;
#9632 = LINE ( 'NONE', #9, #9270 ) ;
#9633 = CARTESIAN_POINT ( 'NONE',  ( 12.00390348671580654, 3.000000000000000444, 2.808880362128500341 ) ) ;
#9634 = DIRECTION ( 'NONE',  ( -0.000000000000000000, 1.000000000000000000, -0.000000000000000000 ) ) ;
#9635 = CARTESIAN_POINT ( 'NONE',  ( 22.05099054862238006, 1.000000000000000000, 0.8567078280890980668 ) ) ;
#9636 = ADVANCED_FACE ( 'NONE', ( #9588 ), #2077, .T. ) ;
#9637 = CARTESIAN_POINT ( 'NONE',  ( 23.36592298192842776, 0.9999999999999991118, 3.096045352496304304 ) ) ;
#9638 = DIRECTION ( 'NONE',  ( -0.000000000000000000, 1.000000000000000000, -0.000000000000000000 ) ) ;
#9639 = B_SPLINE_CURVE_WITH_KNOTS ( 'NONE', 3,
 ( #2139, #5391, #7892, #7842, #597, #545, #9487, #3788, #2188, #5442, #8696, #7091, #3042, #6295, #2244, #9904, #6512, #1672, #7309 ),
 .UNSPECIFIED., .F., .F.,
 ( 4, 1, 1, 1, 1, 1, 1, 1, 1, 1, 1, 1, 1, 1, 1, 1, 4 ),
 ( 0.000000000000000000, 0.1043821991303039293, 0.1948869928041735422, 0.2727773118942711794, 0.3371414730387166103, 0.3931522380494086866, 0.4446051819627394597, 0.4922487988544280157, 0.5372320886340694601, 0.5813700958880529956, 0.6275012034413889328, 0.6765686082940695067, 0.7286796778658441998, 0.7861950240727001438, 0.8507026474885344136, 0.9217139014023788546, 1.000000000000000000 ),
 .UNSPECIFIED. ) ;
#9640 = CARTESIAN_POINT ( 'NONE',  ( 24.50685091445284414, 3.000000000000000000, 0.7436729029447978201 ) ) ;
#9641 = VERTEX_POINT ( 'NONE', #5548 ) ;
#9642 = CARTESIAN_POINT ( 'NONE',  ( 25.83432413246131887, 3.000000000000000888, 0.8916346381211691652 ) ) ;
#9643 = DIRECTION ( 'NONE',  ( 1.000000000000000000, 0.000000000000000000, 0.000000000000000000 ) ) ;
#9644 = DIRECTION ( 'NONE',  ( 1.000000000000000000, 0.000000000000000000, 0.000000000000000000 ) ) ;
#9645 = VERTEX_POINT ( 'NONE', #6178 ) ;
#9646 = B_SPLINE_CURVE_WITH_KNOTS ( 'NONE', 3,
 ( #409, #7654, #3704, #5994, #9352, #1213, #5252, #4559, #360, #6951, #2800, #10038, #309, #3545, #2005, #2746, #8498, #2906, #4452, #9405, #6263, #10353, #624 ),
 .UNSPECIFIED., .F., .F.,
 ( 4, 1, 1, 1, 1, 1, 1, 1, 1, 1, 1, 1, 1, 1, 1, 1, 1, 1, 1, 1, 4 ),
 ( 0.000000000000000000, 0.06972724062178160820, 0.1372500818692159175, 0.2029495799776333265, 0.2671732797406093374, 0.3296037040030044829, 0.3901434668541230999, 0.4493352056506911274, 0.5079398862766775213, 0.5659052724216505625, 0.6239509554306226224, 0.6825848803240448515, 0.7427908697878056188, 0.7734187356897356258, 0.8043189107188708498, 0.8354537145918629060, 0.8671006231542645049, 0.8991769475831721259, 0.9319860554716605794, 0.9656553783908502497, 0.9999999999999998890 ),
 .UNSPECIFIED. ) ;
#9647 = VERTEX_POINT ( 'NONE', #538 ) ;
#9648 = CARTESIAN_POINT ( 'NONE',  ( -9.964265053883680778, 1.000000000000001332, 0.4068708384736780537 ) ) ;
#9649 = FACE_OUTER_BOUND ( 'NONE', #620, .T. ) ;
#9650 = EDGE_CURVE ( 'NONE', #8898, #2988, #8694, .T. ) ;
#9651 = CARTESIAN_POINT ( 'NONE',  ( -14.56262736563275517, 1.000000000000000000, 2.841829195285969334 ) ) ;
#9652 = LINE ( 'NONE', #4592, #2143 ) ;
#9653 = CARTESIAN_POINT ( 'NONE',  ( 12.25017359323966026, 3.000000000000000444, 2.068887076129902525 ) ) ;
#9654 = ADVANCED_FACE ( 'NONE', ( #1664 ), #4957, .T. ) ;
#9655 = CARTESIAN_POINT ( 'NONE',  ( -10.84367253380018425, 1.000000000000001332, 3.846893358847731648 ) ) ;
#9656 = CARTESIAN_POINT ( 'NONE',  ( -0.05263582920443654611, 3.000000000000000000, 0.8567078280890980668 ) ) ;
#9657 = ORIENTED_EDGE ( 'NONE', *, *, #8329, .F. ) ;
#9658 = EDGE_LOOP ( 'NONE', ( #2154, #8559 ) ) ;
#9659 = EDGE_CURVE ( 'NONE', #3556, #6777, #2717, .T. ) ;
#9660 = CARTESIAN_POINT ( 'NONE',  ( 23.60720857954030905, 1.000000000000000444, 1.254477764195123246 ) ) ;
#9661 = CARTESIAN_POINT ( 'NONE',  ( -18.81809183529083995, 3.000000000000000000, 0.9398174165483708098 ) ) ;
#9662 = CARTESIAN_POINT ( 'NONE',  ( -10.56893793501602197, 3.000000000000000000, 1.294448418115222932 ) ) ;
#9663 = LINE ( 'NONE', #4022, #6712 ) ;
#9664 = ORIENTED_EDGE ( 'NONE', *, *, #2149, .T. ) ;
#9665 = CARTESIAN_POINT ( 'NONE',  ( 12.12219760577940519, 2.999999999999999556, 4.530136560350635833 ) ) ;
#9666 = EDGE_CURVE ( 'NONE', #71, #1837, #4804, .T. ) ;
#9667 = CARTESIAN_POINT ( 'NONE',  ( -9.956438059621044445, 1.000000000000000444, 4.982482595856053464 ) ) ;
#9668 = ORIENTED_EDGE ( 'NONE', *, *, #2353, .T. ) ;
#9669 = ORIENTED_EDGE ( 'NONE', *, *, #3019, .F. ) ;
#9670 = CARTESIAN_POINT ( 'NONE',  ( 22.05099054862238006, 1.000000000000000000, 0.5176030526561972156 ) ) ;
#9671 = CARTESIAN_POINT ( 'NONE',  ( -10.05004510700616649, 3.000000000000000000, 2.952269370022099437 ) ) ;
#9672 = EDGE_CURVE ( 'NONE', #5209, #1219, #8845, .T. ) ;
#9673 = CARTESIAN_POINT ( 'NONE',  ( -10.59900270367200648, 0.9999999999999995559, 4.923706102114378425 ) ) ;
#9674 = CARTESIAN_POINT ( 'NONE',  ( -22.37703354520371590, 1.000000000000000000, 0.8567078280890980668 ) ) ;
#9675 = DIRECTION ( 'NONE',  ( 1.000000000000000000, 0.000000000000000000, 0.000000000000000000 ) ) ;
#9676 = LINE ( 'NONE', #3925, #435 ) ;
#9677 = CARTESIAN_POINT ( 'NONE',  ( 17.19157028594823089, 3.000000000000000000, 3.565030097468902870 ) ) ;
#9678 = FACE_OUTER_BOUND ( 'NONE', #4659, .T. ) ;
#9679 = VERTEX_POINT ( 'NONE', #9050 ) ;
#9680 = ORIENTED_EDGE ( 'NONE', *, *, #2995, .T. ) ;
#9681 = CARTESIAN_POINT ( 'NONE',  ( -8.991273816277491449, 0.9999999999999991118, 1.328562536425972329 ) ) ;
#9682 = DIRECTION ( 'NONE',  ( -0.000000000000000000, 1.000000000000000000, -0.000000000000000000 ) ) ;
#9683 = CARTESIAN_POINT ( 'NONE',  ( 12.94956732128303045, 3.000000000000000000, 1.077061802592360618 ) ) ;
#9684 = CARTESIAN_POINT ( 'NONE',  ( 12.05612512953315907, 3.000000000000000888, 2.828579219298522851 ) ) ;
#9685 = FACE_BOUND ( 'NONE', #6271, .T. ) ;
#9686 = LINE ( 'NONE', #7934, #4604 ) ;
#9687 = DIRECTION ( 'NONE',  ( -0.000000000000000000, 1.000000000000000000, -0.000000000000000000 ) ) ;
#9688 = CARTESIAN_POINT ( 'NONE',  ( -13.92943906137265309, 3.000000000000000000, 0.5176030526561972156 ) ) ;
#9689 = CARTESIAN_POINT ( 'NONE',  ( -10.33516473945828729, 2.999999999999999112, 0.8786381148998771984 ) ) ;
#9690 = ORIENTED_EDGE ( 'NONE', *, *, #5425, .T. ) ;
#9691 = CARTESIAN_POINT ( 'NONE',  ( 8.501811982302092119, 1.000000000000000000, 1.817504691815648776 ) ) ;
#9692 = EDGE_CURVE ( 'NONE', #9133, #5668, #2342, .T. ) ;
#9693 = VECTOR ( 'NONE', #4485, 1000.000000000000000 ) ;
#9694 = PLANE ( 'NONE',  #7372 ) ;
#9695 = DIRECTION ( 'NONE',  ( -0.000000000000000000, 1.000000000000000000, -0.000000000000000000 ) ) ;
#9696 = VERTEX_POINT ( 'NONE', #68 ) ;
#9697 = CARTESIAN_POINT ( 'NONE',  ( 11.99214388025303890, 3.000000000000000444, 2.418185134348044052 ) ) ;
#9698 = CARTESIAN_POINT ( 'NONE',  ( 7.835082541021258784, 1.000000000000000000, 2.552231705253599880 ) ) ;
#9699 = CARTESIAN_POINT ( 'NONE',  ( 13.24839575301000849, 3.000000000000000000, 3.286958718691550541 ) ) ;
#9700 = CARTESIAN_POINT ( 'NONE',  ( 13.03221909665249534, 1.000000000000000000, 1.216090897909032131 ) ) ;
#9701 = CARTESIAN_POINT ( 'NONE',  ( 11.86973204552166905, 3.000000000000000444, 2.432973014260338296 ) ) ;
#9702 = AXIS2_PLACEMENT_3D ( 'NONE', #3815, #6106, #8451 ) ;
#9703 = VECTOR ( 'NONE', #7833, 1000.000000000000000 ) ;
#9704 = B_SPLINE_SURFACE_WITH_KNOTS ( 'NONE', 3, 1, ( 
 ( #1706, #5600 ),
 ( #3251, #8899 ),
 ( #4956, #10491 ),
 ( #4051, #1504 ),
 ( #6604, #3995 ),
 ( #7300, #6504 ),
 ( #8148, #4904 ),
 ( #8843, #850 ),
 ( #6554, #8197 ),
 ( #4803, #3199 ),
 ( #4743, #903 ),
 ( #4152, #7991 ),
 ( #3507, #5903 ),
 ( #8398, #4305 ),
 ( #4252, #3455 ),
 ( #9212, #6802 ),
 ( #7558, #7664 ),
 ( #5800, #9157 ),
 ( #3397, #1061 ) ),
 .UNSPECIFIED., .F., .F., .F.,
 ( 4, 1, 1, 1, 1, 1, 1, 1, 1, 1, 1, 1, 1, 1, 1, 1, 4 ),
 ( 2, 2 ),
 ( 0.000000000000000000, 0.08652257043540262371, 0.1667042134671045395, 0.2402188074088150160, 0.3079021864400591779, 0.3713918509552572855, 0.4310608069547385846, 0.4881429176619158095, 0.5433356383025890191, 0.5974095826461202074, 0.6511834842920858346, 0.7051700884385282420, 0.7601956259869737664, 0.8174742333534246175, 0.8762438633042212155, 0.9369507479616191459, 1.000000000000000000 ),
 ( 0.000000000000000000, 1.000000000000000000 ),
 .UNSPECIFIED. ) ;
#9705 = ADVANCED_FACE ( 'NONE', ( #1559 ), #7355, .T. ) ;
#9706 = VECTOR ( 'NONE', #3342, 1000.000000000000000 ) ;
#9707 = DIRECTION ( 'NONE',  ( -2.102695122396129669E-16, -0.000000000000000000, -1.000000000000000000 ) ) ;
#9708 = ORIENTED_EDGE ( 'NONE', *, *, #9215, .F. ) ;
#9709 = ORIENTED_EDGE ( 'NONE', *, *, #5501, .F. ) ;
#9710 = FACE_OUTER_BOUND ( 'NONE', #9388, .T. ) ;
#9711 = CARTESIAN_POINT ( 'NONE',  ( -19.30025056893421365, 1.000000000000000000, 0.8570062300207605954 ) ) ;
#9712 = CARTESIAN_POINT ( 'NONE',  ( -19.33803341165538114, 3.000000000000000444, 3.194677529631570589 ) ) ;
#9713 = EDGE_CURVE ( 'NONE', #8249, #9773, #8252, .T. ) ;
#9714 = ORIENTED_EDGE ( 'NONE', *, *, #3005, .T. ) ;
#9715 = CARTESIAN_POINT ( 'NONE',  ( 13.07658387988181303, 1.000000000000000444, 4.047473746718613263 ) ) ;
#9716 = EDGE_CURVE ( 'NONE', #8703, #1960, #2445, .T. ) ;
#9717 = DIRECTION ( 'NONE',  ( -0.000000000000000000, 0.000000000000000000, 1.000000000000000000 ) ) ;
#9718 = ORIENTED_EDGE ( 'NONE', *, *, #2857, .F. ) ;
#9719 = ORIENTED_EDGE ( 'NONE', *, *, #9080, .F. ) ;
#9720 = CARTESIAN_POINT ( 'NONE',  ( 8.178602743217609827, 1.000000000000000000, 4.869447670711752885 ) ) ;
#9721 = CARTESIAN_POINT ( 'NONE',  ( -6.857691557032376650, 3.000000000000000000, 3.399993643835850676 ) ) ;
#9722 = CARTESIAN_POINT ( 'NONE',  ( -9.956438059621042669, 1.000000000000000000, 4.982482595856052576 ) ) ;
#9723 = FACE_OUTER_BOUND ( 'NONE', #297, .T. ) ;
#9724 = EDGE_CURVE ( 'NONE', #667, #7508, #8049, .T. ) ;
#9725 = DIRECTION ( 'NONE',  ( 1.000000000000000000, 0.000000000000000000, 0.000000000000000000 ) ) ;
#9726 = EDGE_LOOP ( 'NONE', ( #5487, #2306, #990, #5022 ) ) ;
#9727 = EDGE_CURVE ( 'NONE', #8471, #1910, #6404, .T. ) ;
#9728 = ORIENTED_EDGE ( 'NONE', *, *, #9974, .T. ) ;
#9729 = EDGE_CURVE ( 'NONE', #3551, #3524, #9742, .T. ) ;
#9730 = CARTESIAN_POINT ( 'NONE',  ( -15.80422926513319659, 1.000000000000000000, 0.8567078280890980668 ) ) ;
#9731 = CARTESIAN_POINT ( 'NONE',  ( 4.089034474910937966, 1.000000000000000000, 3.117406330975100115 ) ) ;
#9732 = DIRECTION ( 'NONE',  ( -1.000000000000000000, 0.000000000000000000, 0.000000000000000000 ) ) ;
#9733 = CARTESIAN_POINT ( 'NONE',  ( 13.09657841878907014, 2.999999999999999556, 1.403068762679275494 ) ) ;
#9734 = PLANE ( 'NONE',  #2307 ) ;
#9735 = CARTESIAN_POINT ( 'NONE',  ( 0.000000000000000000, 3.000000000000000000, 0.000000000000000000 ) ) ;
#9736 = LINE ( 'NONE', #2280, #2394 ) ;
#9737 = CARTESIAN_POINT ( 'NONE',  ( 24.17903725478165811, 1.000000000000000000, 4.618108606478303457 ) ) ;
#9738 = DIRECTION ( 'NONE',  ( 0.000000000000000000, 0.000000000000000000, 1.000000000000000000 ) ) ;
#9739 = CARTESIAN_POINT ( 'NONE',  ( 22.55624252327287138, 1.000000000000000000, 2.476189321521869768 ) ) ;
#9740 = ORIENTED_EDGE ( 'NONE', *, *, #555, .F. ) ;
#9741 = LINE ( 'NONE', #7353, #10368 ) ;
#9742 = LINE ( 'NONE', #7250, #5829 ) ;
#9743 = ORIENTED_EDGE ( 'NONE', *, *, #7845, .F. ) ;
#9744 = CARTESIAN_POINT ( 'NONE',  ( 17.88194459857362162, 3.000000000000000000, 0.5176030526561972156 ) ) ;
#9745 = ORIENTED_EDGE ( 'NONE', *, *, #2101, .T. ) ;
#9746 = ORIENTED_EDGE ( 'NONE', *, *, #6119, .F. ) ;
#9747 = CARTESIAN_POINT ( 'NONE',  ( -10.65922810852822344, 2.999999999999999556, 0.6014391550767115291 ) ) ;
#9748 = AXIS2_PLACEMENT_3D ( 'NONE', #1801, #9037, #8339 ) ;
#9749 = CARTESIAN_POINT ( 'NONE',  ( -8.478968700718318985, 3.000000000000000000, 3.197184805061430435 ) ) ;
#9750 = DIRECTION ( 'NONE',  ( -0.000000000000000000, 1.000000000000000000, -0.000000000000000000 ) ) ;
#9751 = CARTESIAN_POINT ( 'NONE',  ( -9.207767489737589628, 1.000000000000000000, 0.4594738653863474354 ) ) ;
#9752 = LINE ( 'NONE', #862, #8754 ) ;
#9753 = ADVANCED_FACE ( 'NONE', ( #3200 ), #9694, .T. ) ;
#9754 = CARTESIAN_POINT ( 'NONE',  ( -13.92943906137265309, 1.000000000000000000, 0.8567078280890980668 ) ) ;
#9755 = ORIENTED_EDGE ( 'NONE', *, *, #8038, .F. ) ;
#9756 = EDGE_LOOP ( 'NONE', ( #4408, #7824, #5880, #8505 ) ) ;
#9757 = CARTESIAN_POINT ( 'NONE',  ( -11.38438707492051982, 1.000000000000000000, 0.8567078280890980668 ) ) ;
#9758 = ADVANCED_FACE ( 'NONE', ( #4052 ), #7301, .T. ) ;
#9759 = DIRECTION ( 'NONE',  ( 1.000000000000000000, 0.000000000000000000, 0.000000000000000000 ) ) ;
#9760 = VECTOR ( 'NONE', #5416, 1000.000000000000000 ) ;
#9761 = ORIENTED_EDGE ( 'NONE', *, *, #4317, .T. ) ;
#9762 = CARTESIAN_POINT ( 'NONE',  ( 13.54246317545572609, 1.000000000000000000, 1.817504691815648776 ) ) ;
#9763 = ORIENTED_EDGE ( 'NONE', *, *, #5612, .F. ) ;
#9764 = ORIENTED_EDGE ( 'NONE', *, *, #7036, .F. ) ;
#9765 = CARTESIAN_POINT ( 'NONE',  ( -8.585006506893714473, 1.000000000000000000, 0.6271056363897379304 ) ) ;
#9766 = AXIS2_PLACEMENT_3D ( 'NONE', #1337, #6013, #7826 ) ;
#9767 = CIRCLE ( 'NONE', #5012, 3.000000000000000000 ) ;
#9768 = CARTESIAN_POINT ( 'NONE',  ( -11.22602310410480975, 0.9999999999999995559, 1.713354379143753103 ) ) ;
#9769 = DIRECTION ( 'NONE',  ( 0.000000000000000000, 0.000000000000000000, 1.000000000000000000 ) ) ;
#9770 = ADVANCED_FACE ( 'NONE', ( #3402 ), #1814, .T. ) ;
#9771 = DIRECTION ( 'NONE',  ( 0.000000000000000000, 0.000000000000000000, 1.000000000000000000 ) ) ;
#9772 = CARTESIAN_POINT ( 'NONE',  ( -25.15610315011866049, 1.000000000000000000, 4.530342895278852922 ) ) ;
#9773 = VERTEX_POINT ( 'NONE', #9213 ) ;
#9774 = VECTOR ( 'NONE', #10083, 1000.000000000000000 ) ;
#9775 = AXIS2_PLACEMENT_3D ( 'NONE', #2073, #7725, #4530 ) ;
#9776 = ORIENTED_EDGE ( 'NONE', *, *, #5419, .T. ) ;
#9777 = DIRECTION ( 'NONE',  ( -0.000000000000000000, 1.000000000000000000, -0.000000000000000000 ) ) ;
#9778 = DIRECTION ( 'NONE',  ( 2.312964634635743450E-15, 0.000000000000000000, -1.000000000000000000 ) ) ;
#9779 = CARTESIAN_POINT ( 'NONE',  ( 13.09657841878907014, 2.999999999999999556, 1.403068762679275494 ) ) ;
#9780 = AXIS2_PLACEMENT_3D ( 'NONE', #6807, #7774, #10051 ) ;
#9781 = CARTESIAN_POINT ( 'NONE',  ( 25.17658983925884186, 2.999999999999999556, 0.9318541291256466907 ) ) ;
#9782 = CARTESIAN_POINT ( 'NONE',  ( -9.054665725340386828, 1.000000000000000000, 3.847372704073850791 ) ) ;
#9783 = FACE_OUTER_BOUND ( 'NONE', #9484, .T. ) ;
#9784 = EDGE_CURVE ( 'NONE', #288, #877, #6700, .T. ) ;
#9785 = EDGE_CURVE ( 'NONE', #8653, #3773, #9104, .T. ) ;
#9786 = DIRECTION ( 'NONE',  ( -1.000000000000000000, 0.000000000000000000, 0.000000000000000000 ) ) ;
#9787 = CARTESIAN_POINT ( 'NONE',  ( 12.22465492200134918, 3.000000000000000888, 4.526377658721216335 ) ) ;
#9788 = CARTESIAN_POINT ( 'NONE',  ( 22.86713325294599031, 1.000000000000000444, 1.371728054960297483 ) ) ;
#9789 = ORIENTED_EDGE ( 'NONE', *, *, #10201, .F. ) ;
#9790 = ORIENTED_EDGE ( 'NONE', *, *, #7647, .F. ) ;
#9791 = AXIS2_PLACEMENT_3D ( 'NONE', #4574, #3774, #7722 ) ;
#9792 = CARTESIAN_POINT ( 'NONE',  ( 26.19426823496575096, 3.000000000000000000, 1.358953396199938490 ) ) ;
#9793 = CARTESIAN_POINT ( 'NONE',  ( -1.070833240855827651, 1.000000000000000000, 0.5176030526561972156 ) ) ;
#9794 = ORIENTED_EDGE ( 'NONE', *, *, #4713, .T. ) ;
#9795 = EDGE_CURVE ( 'NONE', #1058, #8535, #9998, .T. ) ;
#9796 = LINE ( 'NONE', #7561, #852 ) ;
#9797 = ORIENTED_EDGE ( 'NONE', *, *, #399, .T. ) ;
#9798 = ORIENTED_EDGE ( 'NONE', *, *, #1649, .F. ) ;
#9799 = CARTESIAN_POINT ( 'NONE',  ( -44.50000000000000711, 0.000000000000000000, -13.50000000000000178 ) ) ;
#9800 = CARTESIAN_POINT ( 'NONE',  ( 8.147689219420216844, 3.000000000000000444, 2.540072054524911582 ) ) ;
#9801 = CARTESIAN_POINT ( 'NONE',  ( 9.144544526312454735, 1.000000000000000888, 1.086293780760209549 ) ) ;
#9802 = AXIS2_PLACEMENT_3D ( 'NONE', #10280, #6984, #3101 ) ;
#9803 = CARTESIAN_POINT ( 'NONE',  ( -8.942592420004631393, 0.9999999999999995559, 0.5167984795154551003 ) ) ;
#9804 = FACE_OUTER_BOUND ( 'NONE', #10380, .T. ) ;
#9805 = PLANE ( 'NONE',  #9852 ) ;
#9806 = ORIENTED_EDGE ( 'NONE', *, *, #3539, .T. ) ;
#9807 = ORIENTED_EDGE ( 'NONE', *, *, #3213, .T. ) ;
#9808 = DIRECTION ( 'NONE',  ( -1.000000000000000000, 0.000000000000000000, 0.000000000000000000 ) ) ;
#9809 = CARTESIAN_POINT ( 'NONE',  ( -19.38365238199717666, 0.9999999999999995559, 0.8568106951914036262 ) ) ;
#9810 = CARTESIAN_POINT ( 'NONE',  ( -9.127788376423110250, 3.000000000000000444, 4.260157537709805986 ) ) ;
#9811 = ORIENTED_EDGE ( 'NONE', *, *, #2233, .F. ) ;
#9812 = CARTESIAN_POINT ( 'NONE',  ( 22.97712789708894121, 2.999999999999999556, 1.195222634494041536 ) ) ;
#9813 = ADVANCED_FACE ( 'NONE', ( #5159 ), #9948, .T. ) ;
#9814 = VERTEX_POINT ( 'NONE', #3508 ) ;
#9815 = ORIENTED_EDGE ( 'NONE', *, *, #9273, .F. ) ;
#9816 = CARTESIAN_POINT ( 'NONE',  ( -21.56724427678712885, 1.000000000000000000, 0.8567078280890980668 ) ) ;
#9817 = CARTESIAN_POINT ( 'NONE',  ( -10.05004510700616827, 1.000000000000000000, 2.952269370022099881 ) ) ;
#9818 = CARTESIAN_POINT ( 'NONE',  ( 24.70109771226613660, 1.000000000000000444, 4.971837580028077852 ) ) ;
#9819 = CARTESIAN_POINT ( 'NONE',  ( -19.94000281247495110, 3.000000000000000000, 2.778267480871526196 ) ) ;
#9820 = CARTESIAN_POINT ( 'NONE',  ( -10.58077940397276429, 1.000000000000000000, 1.464270550739710908 ) ) ;
#9821 = EDGE_LOOP ( 'NONE', ( #3755, #5972, #236, #6618 ) ) ;
#9822 = ORIENTED_EDGE ( 'NONE', *, *, #5764, .T. ) ;
#9823 = EDGE_LOOP ( 'NONE', ( #1916, #1317, #7619, #1573 ) ) ;
#9824 = CARTESIAN_POINT ( 'NONE',  ( -20.98175868795376076, 3.000000000000000000, 0.8567078280890980668 ) ) ;
#9825 = EDGE_CURVE ( 'NONE', #6165, #6553, #5849, .T. ) ;
#9826 = CARTESIAN_POINT ( 'NONE',  ( -19.65866876794611784, 2.999999999999999112, 2.426800124957822824 ) ) ;
#9827 = CARTESIAN_POINT ( 'NONE',  ( 12.41196463944031159, 3.000000000000000444, 0.8648130324602640862 ) ) ;
#9828 = CARTESIAN_POINT ( 'NONE',  ( -11.38438707492051982, 1.000000000000000000, 0.5176030526561972156 ) ) ;
#9829 = CARTESIAN_POINT ( 'NONE',  ( 12.80455826509177086, 0.9999999999999991118, 4.403059106809581458 ) ) ;
#9830 = FACE_OUTER_BOUND ( 'NONE', #2346, .T. ) ;
#9831 = DIRECTION ( 'NONE',  ( -0.000000000000000000, 1.000000000000000000, -0.000000000000000000 ) ) ;
#9832 = CARTESIAN_POINT ( 'NONE',  ( -29.50000000000000355, 1.500000000000000000, -10.24999999999999645 ) ) ;
#9833 = CARTESIAN_POINT ( 'NONE',  ( 17.88194459857362162, 1.000000000000000000, 0.5176030526561972156 ) ) ;
#9834 = ORIENTED_EDGE ( 'NONE', *, *, #389, .F. ) ;
#9835 = ADVANCED_FACE ( 'NONE', ( #4306 ), #8304, .T. ) ;
#9836 = ORIENTED_EDGE ( 'NONE', *, *, #9067, .F. ) ;
#9837 = LINE ( 'NONE', #2247, #4594 ) ;
#9838 = ADVANCED_FACE ( 'NONE', ( #1117 ), #7513, .T. ) ;
#9839 = ADVANCED_FACE ( 'NONE', ( #165 ), #218, .F. ) ;
#9840 = CARTESIAN_POINT ( 'NONE',  ( -19.94000281247495110, 1.000000000000000000, 2.778267480871526196 ) ) ;
#9841 = ORIENTED_EDGE ( 'NONE', *, *, #7328, .T. ) ;
#9842 = CARTESIAN_POINT ( 'NONE',  ( -9.916718559845611125, 3.000000000000000888, 2.265275464492449764 ) ) ;
#9843 = ORIENTED_EDGE ( 'NONE', *, *, #4717, .F. ) ;
#9844 = EDGE_LOOP ( 'NONE', ( #6255, #6552, #8367, #7591 ) ) ;
#9845 = DIRECTION ( 'NONE',  ( -0.000000000000000000, 0.000000000000000000, 1.000000000000000000 ) ) ;
#9846 = DIRECTION ( 'NONE',  ( 0.000000000000000000, 0.000000000000000000, -1.000000000000000000 ) ) ;
#9847 = CARTESIAN_POINT ( 'NONE',  ( -23.39523095685510867, 1.000000000000000000, 0.5176030526561972156 ) ) ;
#9848 = LINE ( 'NONE', #3517, #1958 ) ;
#9849 = CARTESIAN_POINT ( 'NONE',  ( -8.585006506893714473, 0.9999999999999995559, 0.6271056363897379304 ) ) ;
#9850 = CARTESIAN_POINT ( 'NONE',  ( -22.80974536802174057, 1.000000000000000000, 0.8567078280890980668 ) ) ;
#9851 = EDGE_CURVE ( 'NONE', #10477, #5418, #7614, .T. ) ;
#9852 = AXIS2_PLACEMENT_3D ( 'NONE', #971, #180, #7527 ) ;
#9853 = ADVANCED_FACE ( 'NONE', ( #2654 ), #317, .T. ) ;
#9854 = DIRECTION ( 'NONE',  ( 0.000000000000000000, 0.000000000000000000, 1.000000000000000000 ) ) ;
#9855 = CARTESIAN_POINT ( 'NONE',  ( -3.849902845770769133, 3.000000000000000000, 4.530342895278852922 ) ) ;
#9856 = ORIENTED_EDGE ( 'NONE', *, *, #4924, .T. ) ;
#9857 = EDGE_LOOP ( 'NONE', ( #9728, #2330, #9217, #9026, #7178, #1930, #1579, #5749, #1705, #222, #3187, #1898, #1431, #899, #3836, #5506, #4961, #5459, #9086, #1446 ) ) ;
#9858 = VECTOR ( 'NONE', #9522, 1000.000000000000114 ) ;
#9859 = AXIS2_PLACEMENT_3D ( 'NONE', #7252, #1451, #808 ) ;
#9860 = CARTESIAN_POINT ( 'NONE',  ( 25.67581495965833582, 3.000000000000000888, 3.054345212737266557 ) ) ;
#9861 = CARTESIAN_POINT ( 'NONE',  ( -22.80974536802174057, 1.000000000000000000, 0.8567078280890980668 ) ) ;
#9862 = DIRECTION ( 'NONE',  ( 1.000000000000000000, 0.000000000000000000, 0.000000000000000000 ) ) ;
#9863 = LINE ( 'NONE', #2621, #1100 ) ;
#9864 = ORIENTED_EDGE ( 'NONE', *, *, #3966, .T. ) ;
#9865 = VECTOR ( 'NONE', #3779, 1000.000000000000000 ) ;
#9866 = CARTESIAN_POINT ( 'NONE',  ( 24.52716187756471200, 1.000000000000000000, 0.4045681275118969689 ) ) ;
#9867 = AXIS2_PLACEMENT_3D ( 'NONE', #6492, #6539, #7234 ) ;
#9868 = ORIENTED_EDGE ( 'NONE', *, *, #5949, .F. ) ;
#9869 = ORIENTED_EDGE ( 'NONE', *, *, #4290, .T. ) ;
#9870 = CARTESIAN_POINT ( 'NONE',  ( -10.68855478418893412, 1.000000000000000000, 2.667244926333973698 ) ) ;
#9871 = B_SPLINE_CURVE_WITH_KNOTS ( 'NONE', 3,
 ( #10116, #2828, #8523, #2024, #5275, #4473, #4053, #3037, #8052, #10438, #10494, #6507, #8902, #7302, #4859, #5707, #1613, #1561, #8744 ),
 .UNSPECIFIED., .F., .F.,
 ( 4, 1, 1, 1, 1, 1, 1, 1, 1, 1, 1, 1, 1, 1, 1, 1, 4 ),
 ( 0.000000000000000000, 0.06191772823768266348, 0.1212956994016215206, 0.1787767972868763711, 0.2350689329166556485, 0.2904036608612571846, 0.3455205107247597551, 0.4011300817242280936, 0.4583191969981414982, 0.5170161097866842193, 0.5772947354186263036, 0.6402989064407433872, 0.7062019059635938900, 0.7747464214914556724, 0.8465050960009701253, 0.9214826833800484618, 1.000000000000000000 ),
 .UNSPECIFIED. ) ;
#9872 = CARTESIAN_POINT ( 'NONE',  ( 26.28807346986938853, 1.000000000000000888, 3.769070101794359307 ) ) ;
#9873 = VECTOR ( 'NONE', #9041, 1000.000000000000000 ) ;
#9874 = CARTESIAN_POINT ( 'NONE',  ( 19.76291639980298953, 1.000000000000000000, 0.5176030526561972156 ) ) ;
#9875 = EDGE_CURVE ( 'NONE', #5708, #9411, #3615, .T. ) ;
#9876 = LINE ( 'NONE', #3437, #6384 ) ;
#9877 = ORIENTED_EDGE ( 'NONE', *, *, #2825, .T. ) ;
#9878 = ORIENTED_EDGE ( 'NONE', *, *, #4948, .F. ) ;
#9879 = ORIENTED_EDGE ( 'NONE', *, *, #8117, .T. ) ;
#9880 = DIRECTION ( 'NONE',  ( -0.000000000000000000, 1.000000000000000000, -0.000000000000000000 ) ) ;
#9881 = DIRECTION ( 'NONE',  ( 0.3307762265877872143, 0.000000000000000000, 0.9437092178867095837 ) ) ;
#9882 = CARTESIAN_POINT ( 'NONE',  ( 22.20553048534310037, 1.000000000000000000, 4.869447670711752885 ) ) ;
#9883 = CARTESIAN_POINT ( 'NONE',  ( 25.67546806334055276, 3.000000000000000000, 2.303612042174618235 ) ) ;
#9884 = CARTESIAN_POINT ( 'NONE',  ( -18.34486582482188410, 3.000000000000000000, 3.286958718691550541 ) ) ;
#9885 = LINE ( 'NONE', #4245, #9706 ) ;
#9886 = CARTESIAN_POINT ( 'NONE',  ( 23.93860996078823433, 3.000000000000000444, 4.524488453156243928 ) ) ;
#9887 = CARTESIAN_POINT ( 'NONE',  ( -19.36860665583053631, 2.999999999999999112, 4.526377658721213670 ) ) ;
#9888 = ADVANCED_FACE ( 'NONE', ( #3604 ), #6805, .T. ) ;
#9889 = CARTESIAN_POINT ( 'NONE',  ( 26.48937753124154781, 3.000000000000000444, 2.651137264754862777 ) ) ;
#9890 = VERTEX_POINT ( 'NONE', #5213 ) ;
#9891 = B_SPLINE_CURVE_WITH_KNOTS ( 'NONE', 3,
 ( #10264, #531, #5426, #2174, #6864, #3719, #2919, #1227, #1971, #8513, #8627, #10105, #6171, #7672, #9418, #2124, #5377 ),
 .UNSPECIFIED., .F., .F.,
 ( 4, 1, 1, 1, 1, 1, 1, 1, 1, 1, 1, 1, 1, 1, 4 ),
 ( 0.000000000000000000, 0.1087394890442998502, 0.2055085886495631453, 0.2894509722452888179, 0.3625828197876541092, 0.4276220943587262791, 0.4883744837977462283, 0.5443927929735424831, 0.5976410906546504309, 0.6484604344057127712, 0.6985462646128504094, 0.7482147332290527419, 0.7978399409685993371, 0.8980594195624376219, 1.000000000000000000 ),
 .UNSPECIFIED. ) ;
#9892 = EDGE_LOOP ( 'NONE', ( #8956, #2760, #4926, #1758, #3265, #237, #3073, #1180, #192, #2419, #7630, #4657, #5845, #960, #5718, #1004, #4309, #4958, #7153, #988, #9718, #2053, #9449, #53, #9878, #7253, #3297 ) ) ;
#9893 = CARTESIAN_POINT ( 'NONE',  ( -9.044908474118761532, 0.9999999999999995559, 2.630140754397204184 ) ) ;
#9894 = CARTESIAN_POINT ( 'NONE',  ( 25.56346950632910975, 3.000000000000000888, 1.571775080233409616 ) ) ;
#9895 = DIRECTION ( 'NONE',  ( -0.000000000000000000, 1.000000000000000000, -0.000000000000000000 ) ) ;
#9896 = ORIENTED_EDGE ( 'NONE', *, *, #1663, .F. ) ;
#9897 = CARTESIAN_POINT ( 'NONE',  ( -9.600554662487034818, 3.000000000000000000, 2.389744000358668519 ) ) ;
#9898 = ORIENTED_EDGE ( 'NONE', *, *, #6731, .T. ) ;
#9899 = EDGE_LOOP ( 'NONE', ( #4291, #8195, #594, #1080 ) ) ;
#9900 = CARTESIAN_POINT ( 'NONE',  ( 23.73004452280684262, 3.000000000000000444, 0.5642858197028067790 ) ) ;
#9901 = CARTESIAN_POINT ( 'NONE',  ( 8.400430953540601209, 0.9999999999999995559, 2.387777593008959975 ) ) ;
#9902 = FACE_OUTER_BOUND ( 'NONE', #6449, .T. ) ;
#9903 = FACE_OUTER_BOUND ( 'NONE', #9823, .T. ) ;
#9904 = CARTESIAN_POINT ( 'NONE',  ( 8.597213603596058462, 3.000000000000000444, 0.8637452284053669382 ) ) ;
#9905 = CARTESIAN_POINT ( 'NONE',  ( 24.53694430732786458, 1.000000000000000000, 4.641863124888232939 ) ) ;
#9906 = EDGE_CURVE ( 'NONE', #10140, #294, #2813, .T. ) ;
#9907 = CARTESIAN_POINT ( 'NONE',  ( -9.152521604517167120, 0.9999999999999991118, 4.847981933197189619 ) ) ;
#9908 = VECTOR ( 'NONE', #9158, 1000.000000000000000 ) ;
#9909 = CARTESIAN_POINT ( 'NONE',  ( -12.36372873105355907, 1.000000000000000000, 0.8567078280890980668 ) ) ;
#9910 = VERTEX_POINT ( 'NONE', #6059 ) ;
#9911 = ORIENTED_EDGE ( 'NONE', *, *, #1016, .F. ) ;
#9912 = DIRECTION ( 'NONE',  ( -1.000000000000000000, 0.000000000000000000, 0.000000000000000000 ) ) ;
#9913 = LINE ( 'NONE', #2512, #7258 ) ;
#9914 = CARTESIAN_POINT ( 'NONE',  ( -26.17430056177004971, 1.000000000000000000, 4.869447670711752885 ) ) ;
#9915 = EDGE_CURVE ( 'NONE', #1935, #4772, #2014, .T. ) ;
#9916 = CARTESIAN_POINT ( 'NONE',  ( -19.31416561788143227, 1.000000000000000888, 3.428115231736965196 ) ) ;
#9917 = AXIS2_PLACEMENT_3D ( 'NONE', #5578, #8822, #7538 ) ;
#9918 = VERTEX_POINT ( 'NONE', #3822 ) ;
#9919 = CARTESIAN_POINT ( 'NONE',  ( 22.55624252327287138, 3.000000000000000000, 2.476189321521869768 ) ) ;
#9920 = ORIENTED_EDGE ( 'NONE', *, *, #6783, .T. ) ;
#9921 = ORIENTED_EDGE ( 'NONE', *, *, #1128, .F. ) ;
#9922 = ADVANCED_FACE ( 'NONE', ( #10155 ), #6226, .T. ) ;
#9923 = CARTESIAN_POINT ( 'NONE',  ( -11.17672855576504531, 0.9999999999999995559, 2.069155635781464220 ) ) ;
#9924 = VECTOR ( 'NONE', #519, 1000.000000000000000 ) ;
#9925 = CARTESIAN_POINT ( 'NONE',  ( 24.81440503751280602, 0.9999999999999995559, 4.958272281606582510 ) ) ;
#9926 = CARTESIAN_POINT ( 'NONE',  ( -19.53713644829873886, 3.000000000000000444, 2.828579219298524183 ) ) ;
#9927 = LINE ( 'NONE', #9982, #5017 ) ;
#9928 = VERTEX_POINT ( 'NONE', #7073 ) ;
#9929 = ORIENTED_EDGE ( 'NONE', *, *, #3833, .T. ) ;
#9930 = VECTOR ( 'NONE', #7190, 1000.000000000000000 ) ;
#9931 = DIRECTION ( 'NONE',  ( 1.000000000000000000, 0.000000000000000000, 0.000000000000000000 ) ) ;
#9932 = DIRECTION ( 'NONE',  ( 1.000000000000000000, 0.000000000000000000, 0.000000000000000000 ) ) ;
#9933 = AXIS2_PLACEMENT_3D ( 'NONE', #9303, #1157, #10145 ) ;
#9934 = LINE ( 'NONE', #6791, #2430 ) ;
#9935 = CARTESIAN_POINT ( 'NONE',  ( 12.61415764770014825, 3.000000000000000444, 0.8903709949060225615 ) ) ;
#9936 = CC_DESIGN_PERSON_AND_ORGANIZATION_ASSIGNMENT ( #7170, #8930, ( #3739 ) ) ;
#9937 = CARTESIAN_POINT ( 'NONE',  ( -12.94921431988692717, 3.000000000000000000, 0.8567078280890980668 ) ) ;
#9938 = CARTESIAN_POINT ( 'NONE',  ( -18.39117709302280801, 2.999999999999999112, 3.568333582816927141 ) ) ;
#9939 = CARTESIAN_POINT ( 'NONE',  ( 19.20745571296107812, 1.000000000000000000, 2.682147234508973188 ) ) ;
#9940 = LINE ( 'NONE', #4353, #5687 ) ;
#9941 = VECTOR ( 'NONE', #8805, 1000.000000000000000 ) ;
#9942 = CARTESIAN_POINT ( 'NONE',  ( -19.16355575728237781, 3.000000000000000000, 4.512537353597652512 ) ) ;
#9943 = VECTOR ( 'NONE', #1456, 1000.000000000000000 ) ;
#9944 = CARTESIAN_POINT ( 'NONE',  ( 26.09389116372799933, 3.000000000000001776, 4.138396932450556065 ) ) ;
#9945 = VERTEX_POINT ( 'NONE', #9517 ) ;
#9946 = EDGE_LOOP ( 'NONE', ( #9868, #2207, #10179, #4990 ) ) ;
#9947 = CARTESIAN_POINT ( 'NONE',  ( 25.64389927101416689, 3.000000000000001332, 1.977245783634920651 ) ) ;
#9948 = PLANE ( 'NONE',  #1078 ) ;
#9949 = VECTOR ( 'NONE', #7874, 1000.000000000000000 ) ;
#9950 = ORIENTED_EDGE ( 'NONE', *, *, #1785, .F. ) ;
#9951 = AXIS2_PLACEMENT_3D ( 'NONE', #4998, #8243, #4619 ) ;
#9952 = CARTESIAN_POINT ( 'NONE',  ( 14.68076019507293850, 1.000000000000000000, 4.530342895278852922 ) ) ;
#9953 = ORIENTED_EDGE ( 'NONE', *, *, #2632, .T. ) ;
#9954 = ORIENTED_EDGE ( 'NONE', *, *, #2178, .T. ) ;
#9955 = CARTESIAN_POINT ( 'NONE',  ( 12.23181563044091646, 2.999999999999999556, 2.151372268722193670 ) ) ;
#9956 = CARTESIAN_POINT ( 'NONE',  ( 8.445401416139189266, 1.000000000000000444, 2.265977583963593833 ) ) ;
#9957 = DIRECTION ( 'NONE',  ( 0.000000000000000000, 0.000000000000000000, -1.000000000000000000 ) ) ;
#9958 = DIRECTION ( 'NONE',  ( -0.7055124089430004908, 0.000000000000000000, 0.7086975665454513518 ) ) ;
#9959 = LINE ( 'NONE', #4315, #2212 ) ;
#9960 = VECTOR ( 'NONE', #477, 1000.000000000000000 ) ;
#9961 = CARTESIAN_POINT ( 'NONE',  ( -3.264417256937402367, 3.000000000000000000, 0.8567078280890980668 ) ) ;
#9962 = DIRECTION ( 'NONE',  ( 1.000000000000000000, 0.000000000000000000, 0.000000000000000000 ) ) ;
#9963 = EDGE_CURVE ( 'NONE', #3009, #9641, #2206, .T. ) ;
#9964 = EDGE_LOOP ( 'NONE', ( #5728, #3222, #4884, #5162 ) ) ;
#9965 = ORIENTED_EDGE ( 'NONE', *, *, #2299, .F. ) ;
#9966 = AXIS2_PLACEMENT_3D ( 'NONE', #6518, #5720, #8970 ) ;
#9967 = CARTESIAN_POINT ( 'NONE',  ( 25.55888906315729514, 1.000000000000000000, 3.798974573225435858 ) ) ;
#9968 = CARTESIAN_POINT ( 'NONE',  ( -19.30025056893421365, 1.000000000000000000, 0.8570062300207605954 ) ) ;
#9969 = CYLINDRICAL_SURFACE ( 'NONE', #2623, 1.749999999999999778 ) ;
#9970 = LINE ( 'NONE', #7634, #2115 ) ;
#9971 = ORIENTED_EDGE ( 'NONE', *, *, #5879, .F. ) ;
#9972 = ADVANCED_FACE ( 'NONE', ( #6915 ), #10364, .T. ) ;
#9973 = CARTESIAN_POINT ( 'NONE',  ( 22.69240215282320250, 2.999999999999999112, 1.771229238330354283 ) ) ;
#9974 = EDGE_CURVE ( 'NONE', #2942, #8923, #6331, .T. ) ;
#9975 = ORIENTED_EDGE ( 'NONE', *, *, #3939, .T. ) ;
#9976 = ADVANCED_FACE ( 'NONE', ( #421 ), #1385, .T. ) ;
#9977 = VERTEX_POINT ( 'NONE', #4679 ) ;
#9978 = CARTESIAN_POINT ( 'NONE',  ( 0.000000000000000000, 0.000000000000000000, 0.000000000000000000 ) ) ;
#9979 = DIRECTION ( 'NONE',  ( 1.000000000000000000, 0.000000000000000000, 0.000000000000000000 ) ) ;
#9980 = CARTESIAN_POINT ( 'NONE',  ( -4.424791410371853750, 1.000000000000000000, 4.530342895278852922 ) ) ;
#9981 = LINE ( 'NONE', #1041, #3468 ) ;
#9982 = CARTESIAN_POINT ( 'NONE',  ( 9.663069221089239491, 1.000000000000000000, 0.5176030526561972156 ) ) ;
#9983 = EDGE_LOOP ( 'NONE', ( #2594, #5183 ) ) ;
#9984 = ADVANCED_FACE ( 'NONE', ( #2067 ), #633, .T. ) ;
#9985 = VERTEX_POINT ( 'NONE', #3877 ) ;
#9986 = ORIENTED_EDGE ( 'NONE', *, *, #555, .T. ) ;
#9987 = LINE ( 'NONE', #2528, #1558 ) ;
#9988 = EDGE_CURVE ( 'NONE', #4410, #4729, #3111, .T. ) ;
#9989 = CARTESIAN_POINT ( 'NONE',  ( 23.35767204774794692, 3.000000000000000444, 2.516252528697489943 ) ) ;
#9990 = CARTESIAN_POINT ( 'NONE',  ( 8.452565127751960006, 1.000000000000000000, 3.219789064248261834 ) ) ;
#9991 = DIRECTION ( 'NONE',  ( 0.000000000000000000, 0.000000000000000000, 1.000000000000000000 ) ) ;
#9992 = CARTESIAN_POINT ( 'NONE',  ( 12.68932256052373475, 1.000000000000001332, 4.456662392004471229 ) ) ;
#9993 = DIRECTION ( 'NONE',  ( -1.000000000000000000, 0.000000000000000000, 0.000000000000000000 ) ) ;
#9994 = DIRECTION ( 'NONE',  ( -1.000000000000000000, 0.000000000000000000, 0.000000000000000000 ) ) ;
#9995 = ORIENTED_EDGE ( 'NONE', *, *, #3798, .F. ) ;
#9996 = EDGE_LOOP ( 'NONE', ( #9815, #3177, #4429, #4715 ) ) ;
#9997 = CARTESIAN_POINT ( 'NONE',  ( 10.02601730104476374, 1.000000000000000000, 0.8567078280890980668 ) ) ;
#9998 = LINE ( 'NONE', #6858, #9908 ) ;
#9999 = ORIENTED_EDGE ( 'NONE', *, *, #7790, .T. ) ;
#10000 = DIRECTION ( 'NONE',  ( 0.000000000000000000, 0.000000000000000000, -1.000000000000000000 ) ) ;
#10001 = ORIENTED_EDGE ( 'NONE', *, *, #9716, .F. ) ;
#10002 = ORIENTED_EDGE ( 'NONE', *, *, #7459, .F. ) ;
#10003 = DIRECTION ( 'NONE',  ( -0.000000000000000000, 1.000000000000000000, -0.000000000000000000 ) ) ;
#10004 = DIRECTION ( 'NONE',  ( -0.000000000000000000, 1.000000000000000000, -0.000000000000000000 ) ) ;
#10005 = DIRECTION ( 'NONE',  ( -0.000000000000000000, 0.000000000000000000, 1.000000000000000000 ) ) ;
#10006 = CARTESIAN_POINT ( 'NONE',  ( -20.24173316239967235, 3.000000000000000000, 2.778301555542199708 ) ) ;
#10007 = CARTESIAN_POINT ( 'NONE',  ( 25.68340834195393896, 0.9999999999999995559, 2.868444913451641654 ) ) ;
#10008 = EDGE_CURVE ( 'NONE', #5214, #6718, #3078, .T. ) ;
#10009 = LINE ( 'NONE', #9961, #40 ) ;
#10010 = CARTESIAN_POINT ( 'NONE',  ( 6.824832897544077959, 1.000000000000000000, 4.530342895278852922 ) ) ;
#10011 = ORIENTED_EDGE ( 'NONE', *, *, #8480, .F. ) ;
#10012 = VERTEX_POINT ( 'NONE', #8565 ) ;
#10013 = CARTESIAN_POINT ( 'NONE',  ( 25.68340834195393896, 0.9999999999999995559, 2.868444913451641654 ) ) ;
#10014 = CARTESIAN_POINT ( 'NONE',  ( -10.27330153134023760, 3.000000000000000888, 0.4527733580548121695 ) ) ;
#10015 = FACE_OUTER_BOUND ( 'NONE', #9844, .T. ) ;
#10016 = VECTOR ( 'NONE', #1571, 1000.000000000000000 ) ;
#10017 = DIRECTION ( 'NONE',  ( 1.000000000000000000, 0.000000000000000000, 0.000000000000000000 ) ) ;
#10018 = EDGE_CURVE ( 'NONE', #5008, #2582, #2915, .T. ) ;
#10019 = EDGE_LOOP ( 'NONE', ( #1909, #10002, #9806, #3274 ) ) ;
#10020 = AXIS2_PLACEMENT_3D ( 'NONE', #204, #9931, #5891 ) ;
#10021 = ORIENTED_EDGE ( 'NONE', *, *, #653, .T. ) ;
#10022 = VECTOR ( 'NONE', #1132, 1000.000000000000000 ) ;
#10023 = EDGE_LOOP ( 'NONE', ( #3630, #1614, #4364, #5924 ) ) ;
#10024 = LINE ( 'NONE', #9236, #10430 ) ;
#10025 = CARTESIAN_POINT ( 'NONE',  ( -15.71238838845345143, 1.000000000000000000, 4.925965133283901842 ) ) ;
#10026 = CARTESIAN_POINT ( 'NONE',  ( 0.5319666742762407807, 3.000000000000000000, 0.5176030526561972156 ) ) ;
#10027 = CARTESIAN_POINT ( 'NONE',  ( -2.831705434119379916, 1.000000000000000000, 1.196315107176024961 ) ) ;
#10028 = CARTESIAN_POINT ( 'NONE',  ( 11.65325876535694505, 1.000000000000000000, 2.778267480871526196 ) ) ;
#10029 = EDGE_CURVE ( 'NONE', #5259, #1712, #4519, .T. ) ;
#10030 = ORIENTED_EDGE ( 'NONE', *, *, #4880, .T. ) ;
#10031 = ORIENTED_EDGE ( 'NONE', *, *, #2954, .T. ) ;
#10032 = CARTESIAN_POINT ( 'NONE',  ( 7.564858423098167250, 3.000000000000000000, 2.891336480686500288 ) ) ;
#10033 = CARTESIAN_POINT ( 'NONE',  ( 16.00538822410770834, 1.000000000000000000, 0.8567078280890980668 ) ) ;
#10034 = CARTESIAN_POINT ( 'NONE',  ( -19.30477960319574393, 3.000000000000000000, 1.704469766671348863 ) ) ;
#10035 = AXIS2_PLACEMENT_3D ( 'NONE', #950, #5050, #7751 ) ;
#10036 = CARTESIAN_POINT ( 'NONE',  ( 8.497960429726964193, 1.000000000000000444, 3.633107970313574242 ) ) ;
#10037 = VECTOR ( 'NONE', #5123, 1000.000000000000000 ) ;
#10038 = CARTESIAN_POINT ( 'NONE',  ( 25.68475403481002317, 1.000000000000000000, 4.585618608975282839 ) ) ;
#10039 = EDGE_CURVE ( 'NONE', #5981, #9411, #3715, .T. ) ;
#10040 = DIRECTION ( 'NONE',  ( 2.312964634635742661E-15, 1.000000000000000000, 0.000000000000000000 ) ) ;
#10041 = DIRECTION ( 'NONE',  ( 1.000000000000000000, 0.000000000000000000, 0.000000000000000000 ) ) ;
#10042 = ADVANCED_FACE ( 'NONE', ( #1331 ), #4571, .F. ) ;
#10043 = LINE ( 'NONE', #4299, #586 ) ;
#10044 = EDGE_CURVE ( 'NONE', #1327, #8712, #4941, .T. ) ;
#10045 = ORIENTED_EDGE ( 'NONE', *, *, #8929, .F. ) ;
#10046 = ORIENTED_EDGE ( 'NONE', *, *, #8358, .F. ) ;
#10047 = VECTOR ( 'NONE', #6439, 1000.000000000000000 ) ;
#10048 = CARTESIAN_POINT ( 'NONE',  ( -9.251950759810240399, 1.000000000000000444, 4.433732937813585906 ) ) ;
#10049 = CARTESIAN_POINT ( 'NONE',  ( 19.84239408154507700, 1.000000000000000000, 2.428599755877021593 ) ) ;
#10050 = VERTEX_POINT ( 'NONE', #1494 ) ;
#10051 = DIRECTION ( 'NONE',  ( 0.000000000000000000, 0.000000000000000000, 1.000000000000000000 ) ) ;
#10052 = ORIENTED_EDGE ( 'NONE', *, *, #4924, .F. ) ;
#10053 = DIRECTION ( 'NONE',  ( -1.000000000000000000, 0.000000000000000000, 0.000000000000000000 ) ) ;
#10054 = FACE_OUTER_BOUND ( 'NONE', #470, .T. ) ;
#10055 = LINE ( 'NONE', #3560, #4953 ) ;
#10056 = CARTESIAN_POINT ( 'NONE',  ( 10.61150288987813184, 1.000000000000000000, 4.530342895278852922 ) ) ;
#10057 = LINE ( 'NONE', #5913, #6803 ) ;
#10058 = PLANE ( 'NONE',  #1040 ) ;
#10059 = DIRECTION ( 'NONE',  ( -0.000000000000000000, 1.000000000000000000, -0.000000000000000000 ) ) ;
#10060 = CARTESIAN_POINT ( 'NONE',  ( 11.35152841543222202, 1.000000000000000000, 0.8567078280890980668 ) ) ;
#10061 = ORIENTED_EDGE ( 'NONE', *, *, #1526, .F. ) ;
#10062 = ORIENTED_EDGE ( 'NONE', *, *, #6914, .T. ) ;
#10063 = CARTESIAN_POINT ( 'NONE',  ( 24.53694430732786458, 1.000000000000000000, 4.641863124888232939 ) ) ;
#10064 = CARTESIAN_POINT ( 'NONE',  ( -18.46897612425787116, 1.000000000000000888, 1.522905499554297215 ) ) ;
#10065 = CARTESIAN_POINT ( 'NONE',  ( -26.17430056177004971, 1.000000000000000000, 4.869447670711752885 ) ) ;
#10066 = LINE ( 'NONE', #3625, #3140 ) ;
#10067 = ORIENTED_EDGE ( 'NONE', *, *, #5118, .F. ) ;
#10068 = ORIENTED_EDGE ( 'NONE', *, *, #1720, .T. ) ;
#10069 = ORIENTED_EDGE ( 'NONE', *, *, #3476, .F. ) ;
#10070 = DIRECTION ( 'NONE',  ( 1.000000000000000000, 0.000000000000000000, 0.000000000000000000 ) ) ;
#10071 = ADVANCED_FACE ( 'NONE', ( #6494 ), #2483, .T. ) ;
#10072 = CARTESIAN_POINT ( 'NONE',  ( 8.412354809406464184, 3.000000000000003109, 3.087859966983125926 ) ) ;
#10073 = VECTOR ( 'NONE', #6734, 1000.000000000000000 ) ;
#10074 = CARTESIAN_POINT ( 'NONE',  ( -9.911022903875801759, 1.000000000000000000, 0.7447892801711264443 ) ) ;
#10075 = CARTESIAN_POINT ( 'NONE',  ( 11.79901850193126478, 1.000000000000000444, 2.783228766418659461 ) ) ;
#10076 = EDGE_LOOP ( 'NONE', ( #7329, #5176, #115, #9841 ) ) ;
#10077 = CARTESIAN_POINT ( 'NONE',  ( 12.28759888928345667, 1.000000000000000000, 3.569546031552301102 ) ) ;
#10078 = VERTEX_POINT ( 'NONE', #3287 ) ;
#10079 = VECTOR ( 'NONE', #3224, 1000.000000000000000 ) ;
#10080 = CARTESIAN_POINT ( 'NONE',  ( -8.381520123009002177, 0.9999999999999995559, 3.856590655477635465 ) ) ;
#10081 = B_SPLINE_CURVE_WITH_KNOTS ( 'NONE', 3,
 ( #10326, #4585, #9375, #8635, #1448, #10224, #1396, #3728, #8687, #5434, #4636, #3834, #9481, #3781, #4693, #7884, #2872, #7834, #7026, #589, #9536, #6975, #5385 ),
 .UNSPECIFIED., .F., .F.,
 ( 4, 1, 1, 1, 1, 1, 1, 1, 1, 1, 1, 1, 1, 1, 1, 1, 1, 1, 1, 1, 4 ),
 ( 0.000000000000000000, 0.05445261980399006274, 0.1046118189577475294, 0.1504930484045242101, 0.1925539255659346471, 0.2682209170454575298, 0.3356543270214834007, 0.3969297891821625401, 0.4537143701204078283, 0.4824450359937572097, 0.5129567874581103526, 0.5452063008310508163, 0.5794226517806947419, 0.6167630159873341844, 0.6569738746896480741, 0.6998983615773639588, 0.7463318727924305174, 0.7981268172847219011, 0.8580462552437457813, 0.9251868521988153571, 1.000000000000000000 ),
 .UNSPECIFIED. ) ;
#10082 = CARTESIAN_POINT ( 'NONE',  ( 11.35152841543222202, 3.000000000000000000, 4.530342895278852922 ) ) ;
#10083 = DIRECTION ( 'NONE',  ( -0.000000000000000000, 1.000000000000000000, -0.000000000000000000 ) ) ;
#10084 = EDGE_CURVE ( 'NONE', #2540, #4028, #4841, .T. ) ;
#10085 = PLANE ( 'NONE',  #5546 ) ;
#10086 = LINE ( 'NONE', #4399, #3142 ) ;
#10087 = DIRECTION ( 'NONE',  ( 1.000000000000000000, 0.000000000000000000, 0.000000000000000000 ) ) ;
#10088 = FACE_OUTER_BOUND ( 'NONE', #4624, .T. ) ;
#10089 = CARTESIAN_POINT ( 'NONE',  ( 17.03408479001010178, 1.000000000000000000, 4.119517972008918782 ) ) ;
#10090 = DIRECTION ( 'NONE',  ( 0.000000000000000000, 0.000000000000000000, -1.000000000000000000 ) ) ;
#10091 = ORIENTED_EDGE ( 'NONE', *, *, #9401, .F. ) ;
#10092 = VECTOR ( 'NONE', #337, 1000.000000000000000 ) ;
#10093 = VECTOR ( 'NONE', #9912, 1000.000000000000000 ) ;
#10094 = ORIENTED_EDGE ( 'NONE', *, *, #1242, .F. ) ;
#10095 = EDGE_CURVE ( 'NONE', #4729, #6863, #565, .T. ) ;
#10096 = CARTESIAN_POINT ( 'NONE',  ( 25.23600702681467922, 1.000000000000000000, 0.9828147729284879563 ) ) ;
#10097 = CARTESIAN_POINT ( 'NONE',  ( -21.56724427678712885, 1.000000000000000000, 0.8567078280890980668 ) ) ;
#10098 = ORIENTED_EDGE ( 'NONE', *, *, #3114, .F. ) ;
#10099 = LINE ( 'NONE', #2068, #8423 ) ;
#10100 = EDGE_CURVE ( 'NONE', #4038, #10140, #4120, .T. ) ;
#10101 = ORIENTED_EDGE ( 'NONE', *, *, #3906, .F. ) ;
#10102 = VERTEX_POINT ( 'NONE', #7981 ) ;
#10103 = EDGE_CURVE ( 'NONE', #6928, #1236, #7935, .T. ) ;
#10104 = AXIS2_PLACEMENT_3D ( 'NONE', #253, #3489, #6741 ) ;
#10105 = CARTESIAN_POINT ( 'NONE',  ( -9.367983765584817490, 2.999999999999999112, 0.8363692604467057867 ) ) ;
#10106 = CARTESIAN_POINT ( 'NONE',  ( 24.39516130596384613, 1.000000000000000444, 4.980840549775231274 ) ) ;
#10107 = AXIS2_PLACEMENT_3D ( 'NONE', #9222, #5167, #2606 ) ;
#10108 = CARTESIAN_POINT ( 'NONE',  ( -10.58077940397276429, 3.000000000000000000, 1.464270550739710908 ) ) ;
#10109 = B_SPLINE_SURFACE_WITH_KNOTS ( 'NONE', 3, 1, ( 
 ( #93, #2681 ),
 ( #8931, #3278 ),
 ( #7380, #8229 ),
 ( #6630, #1642 ),
 ( #934, #9136 ),
 ( #4285, #7540 ),
 ( #9872, #5828 ),
 ( #4887, #4132 ),
 ( #1688, #7435 ),
 ( #4183, #145 ),
 ( #2578, #7486 ),
 ( #2475, #831 ),
 ( #3377, #9082 ),
 ( #4079, #196 ),
 ( #1791, #7334 ),
 ( #50, #5036 ),
 ( #3434, #885 ),
 ( #6679, #3329 ),
 ( #9925, #6584 ),
 ( #9818, #2521 ),
 ( #9029, #5777 ),
 ( #1736, #4984 ),
 ( #3634, #2044 ) ),
 .UNSPECIFIED., .F., .F., .F.,
 ( 4, 1, 1, 1, 1, 1, 1, 1, 1, 1, 1, 1, 1, 1, 1, 1, 1, 1, 1, 1, 4 ),
 ( 2, 2 ),
 ( 0.000000000000000000, 0.06972724062178160820, 0.1372500818692159175, 0.2029495799776333265, 0.2671732797406093374, 0.3296037040030044829, 0.3901434668541230999, 0.4493352056506911274, 0.5079398862766775213, 0.5659052724216505625, 0.6239509554306226224, 0.6825848803240448515, 0.7427908697878056188, 0.7734187356897356258, 0.8043189107188708498, 0.8354537145918629060, 0.8671006231542645049, 0.8991769475831721259, 0.9319860554716605794, 0.9656553783908502497, 0.9999999999999998890 ),
 ( 0.000000000000000000, 1.000000000000000000 ),
 .UNSPECIFIED. ) ;
#10110 = FACE_OUTER_BOUND ( 'NONE', #4180, .T. ) ;
#10111 = DIRECTION ( 'NONE',  ( 0.000000000000000000, 0.000000000000000000, -1.000000000000000000 ) ) ;
#10112 = EDGE_CURVE ( 'NONE', #7514, #2065, #3133, .T. ) ;
#10113 = AXIS2_PLACEMENT_3D ( 'NONE', #2096, #5349, #1997 ) ;
#10114 = DIRECTION ( 'NONE',  ( 1.000000000000000000, 0.000000000000000000, 0.000000000000000000 ) ) ;
#10115 = B_SPLINE_CURVE_WITH_KNOTS ( 'NONE', 3,
 ( #1885, #7938, #4328, #2728, #5977, #7587, #9231, #4800, #9689, #2285, #5544, #8950, #848, #7989, #3885, #8993, #8146, #7350, #8099 ),
 .UNSPECIFIED., .F., .F.,
 ( 4, 1, 1, 1, 1, 1, 1, 1, 1, 1, 1, 1, 1, 1, 1, 1, 4 ),
 ( 0.000000000000000000, 0.07868200550403717242, 0.1518229463045628891, 0.2197391891820060228, 0.2821454843713178118, 0.3403033123632079326, 0.3971741163955027076, 0.4514091695718827069, 0.5057139144469984249, 0.5592722873486807300, 0.6133726815802474919, 0.6699911590058290622, 0.7292533481630110170, 0.7915643334394202313, 0.8568686762727403261, 0.9264355199109334249, 1.000000000000000000 ),
 .UNSPECIFIED. ) ;
#10116 = CARTESIAN_POINT ( 'NONE',  ( -8.378364534364289185, 1.000000000000000000, 3.717021285451505008 ) ) ;
#10117 = EDGE_LOOP ( 'NONE', ( #3600, #1723, #4332, #5132 ) ) ;
#10118 = EDGE_LOOP ( 'NONE', ( #4748, #6113, #1557, #3679 ) ) ;
#10119 = EDGE_CURVE ( 'NONE', #5735, #8381, #3189, .T. ) ;
#10120 = CARTESIAN_POINT ( 'NONE',  ( 9.262078086243166197, 1.000000000000000000, 1.321808856699682844 ) ) ;
#10121 = LINE ( 'NONE', #2243, #8588 ) ;
#10122 = AXIS2_PLACEMENT_3D ( 'NONE', #396, #3582, #10070 ) ;
#10123 = CARTESIAN_POINT ( 'NONE',  ( -10.59900270367200648, 0.9999999999999995559, 4.923706102114378425 ) ) ;
#10124 = CARTESIAN_POINT ( 'NONE',  ( -3.264417256937402367, 3.000000000000000000, 0.8567078280890980668 ) ) ;
#10125 = CARTESIAN_POINT ( 'NONE',  ( -26.17430056177004971, 1.000000000000000000, 0.8567078280890980668 ) ) ;
#10126 = EDGE_LOOP ( 'NONE', ( #8433, #6682, #9657, #8937, #3892, #6061, #8483, #273, #7340, #8709, #2366, #5605, #4920, #1733, #2493, #4989 ) ) ;
#10127 = CARTESIAN_POINT ( 'NONE',  ( 8.422836836480922074, 2.999999999999999112, 2.331977531104653778 ) ) ;
#10128 = AXIS2_PLACEMENT_3D ( 'NONE', #7643, #6088, #2252 ) ;
#10129 = CARTESIAN_POINT ( 'NONE',  ( -9.600554662487034818, 1.000000000000000000, 2.389744000358668519 ) ) ;
#10130 = VERTEX_POINT ( 'NONE', #8940 ) ;
#10131 = VERTEX_POINT ( 'NONE', #1546 ) ;
#10132 = CARTESIAN_POINT ( 'NONE',  ( -11.22327313124426951, 0.9999999999999986677, 1.528297453968157527 ) ) ;
#10133 = CARTESIAN_POINT ( 'NONE',  ( 8.089023696816937559, 3.000000000000000888, 2.900973612247540245 ) ) ;
#10134 = DIRECTION ( 'NONE',  ( -0.000000000000000000, 1.000000000000000000, -0.000000000000000000 ) ) ;
#10135 = CARTESIAN_POINT ( 'NONE',  ( -9.323380614845223846, 3.000000000000000444, 3.285329947977353449 ) ) ;
#10136 = CARTESIAN_POINT ( 'NONE',  ( 12.19902505168664852, 0.9999999999999995559, 2.975708101488673929 ) ) ;
#10137 = VERTEX_POINT ( 'NONE', #1650 ) ;
#10138 = EDGE_CURVE ( 'NONE', #4279, #9469, #9079, .T. ) ;
#10139 = CARTESIAN_POINT ( 'NONE',  ( 12.22055354683186223, 1.000000000000000444, 3.036129320185672054 ) ) ;
#10140 = VERTEX_POINT ( 'NONE', #10034 ) ;
#10141 = CARTESIAN_POINT ( 'NONE',  ( -6.715514815249311376, 3.000000000000000000, 4.869447670711752885 ) ) ;
#10142 = CARTESIAN_POINT ( 'NONE',  ( 24.52716187756471200, 1.000000000000000000, 0.4045681275118969689 ) ) ;
#10143 = CARTESIAN_POINT ( 'NONE',  ( 17.60288962712363414, 3.000000000000000000, 3.286958718691550541 ) ) ;
#10144 = DIRECTION ( 'NONE',  ( -0.000000000000000000, 0.000000000000000000, -1.000000000000000000 ) ) ;
#10145 = DIRECTION ( 'NONE',  ( -1.000000000000000000, 0.000000000000000000, 0.000000000000000000 ) ) ;
#10146 = DIRECTION ( 'NONE',  ( -1.000000000000000000, 0.000000000000000000, 0.000000000000000000 ) ) ;
#10147 = FACE_OUTER_BOUND ( 'NONE', #391, .T. ) ;
#10148 = CARTESIAN_POINT ( 'NONE',  ( 17.00018690991792880, 1.000000000000000000, 4.180604523765087066 ) ) ;
#10149 = CARTESIAN_POINT ( 'NONE',  ( -10.53129901367654675, 1.000000000000000444, 1.145251677828878156 ) ) ;
#10150 = ORIENTED_EDGE ( 'NONE', *, *, #3064, .F. ) ;
#10151 = EDGE_CURVE ( 'NONE', #2329, #9027, #9934, .T. ) ;
#10152 = ORIENTED_EDGE ( 'NONE', *, *, #5567, .T. ) ;
#10153 = LINE ( 'NONE', #4517, #2543 ) ;
#10154 = FACE_OUTER_BOUND ( 'NONE', #3947, .T. ) ;
#10155 = FACE_OUTER_BOUND ( 'NONE', #438, .T. ) ;
#10156 = CARTESIAN_POINT ( 'NONE',  ( -19.31495581497541281, 2.999999999999999556, 1.842985950414045115 ) ) ;
#10157 = ORIENTED_EDGE ( 'NONE', *, *, #4777, .T. ) ;
#10158 = VERTEX_POINT ( 'NONE', #9145 ) ;
#10159 = LINE ( 'NONE', #6063, #4349 ) ;
#10160 = CARTESIAN_POINT ( 'NONE',  ( 22.95356450105736101, 1.000000000000001332, 4.220116660477758685 ) ) ;
#10161 = CARTESIAN_POINT ( 'NONE',  ( -9.239931233456765369, 0.9999999999999995559, 0.9259262817990883132 ) ) ;
#10162 = DIRECTION ( 'NONE',  ( -0.000000000000000000, 1.000000000000000000, -0.000000000000000000 ) ) ;
#10163 = LINE ( 'NONE', #4579, #6639 ) ;
#10164 = ADVANCED_FACE ( 'NONE', ( #1744 ), #6745, .T. ) ;
#10165 = ADVANCED_FACE ( 'NONE', ( #9091 ), #1901, .T. ) ;
#10166 = EDGE_CURVE ( 'NONE', #1837, #3690, #3442, .T. ) ;
#10167 = CARTESIAN_POINT ( 'NONE',  ( -8.309483876854480755, 1.000000000000000000, 4.530342895278852922 ) ) ;
#10168 = LINE ( 'NONE', #4472, #5648 ) ;
#10169 = CARTESIAN_POINT ( 'NONE',  ( 25.27843288629603435, 2.999999999999999556, 4.342108198961294185 ) ) ;
#10170 = VERTEX_POINT ( 'NONE', #1049 ) ;
#10171 = ORIENTED_EDGE ( 'NONE', *, *, #7040, .T. ) ;
#10172 = CARTESIAN_POINT ( 'NONE',  ( 10.02601730104476374, 3.000000000000000000, 0.8567078280890980668 ) ) ;
#10173 = CARTESIAN_POINT ( 'NONE',  ( -2.831705434119378140, 1.000000000000000000, 0.9856382895818152079 ) ) ;
#10174 = DIRECTION ( 'NONE',  ( -0.000000000000000000, 1.000000000000000000, -0.000000000000000000 ) ) ;
#10175 = CARTESIAN_POINT ( 'NONE',  ( -19.46842823388445609, 1.000000000000000444, 2.354533257635949894 ) ) ;
#10176 = EDGE_CURVE ( 'NONE', #5135, #9366, #5046, .T. ) ;
#10177 = LINE ( 'NONE', #2231, #5855 ) ;
#10178 = ADVANCED_FACE ( 'NONE', ( #5146 ), #8290, .T. ) ;
#10179 = ORIENTED_EDGE ( 'NONE', *, *, #8412, .T. ) ;
#10180 = DIRECTION ( 'NONE',  ( -1.000000000000000000, 0.000000000000000000, 0.000000000000000000 ) ) ;
#10181 = DIRECTION ( 'NONE',  ( -0.000000000000000000, 0.000000000000000000, -1.000000000000000000 ) ) ;
#10182 = CARTESIAN_POINT ( 'NONE',  ( 14.09527460623957040, 1.000000000000000000, 0.5176030526561972156 ) ) ;
#10183 = ORIENTED_EDGE ( 'NONE', *, *, #2101, .F. ) ;
#10184 = ORIENTED_EDGE ( 'NONE', *, *, #5640, .F. ) ;
#10185 = DIRECTION ( 'NONE',  ( -1.000000000000000000, 0.000000000000000000, 0.000000000000000000 ) ) ;
#10186 = LINE ( 'NONE', #10026, #6904 ) ;
#10187 = CARTESIAN_POINT ( 'NONE',  ( 24.25618671311602270, 3.000000000000000000, 4.977629488456701168 ) ) ;
#10188 = CARTESIAN_POINT ( 'NONE',  ( -26.17430056177004971, 3.000000000000000000, 0.8567078280890980668 ) ) ;
#10189 = CARTESIAN_POINT ( 'NONE',  ( 12.28759888928345667, 3.000000000000000000, 3.569546031552301102 ) ) ;
#10190 = ORIENTED_EDGE ( 'NONE', *, *, #2941, .F. ) ;
#10191 = CARTESIAN_POINT ( 'NONE',  ( 17.88194459857362162, 1.000000000000000000, 0.8567078280890980668 ) ) ;
#10192 = ORIENTED_EDGE ( 'NONE', *, *, #2442, .T. ) ;
#10193 = AXIS2_PLACEMENT_3D ( 'NONE', #3707, #10146, #4561 ) ;
#10194 = CARTESIAN_POINT ( 'NONE',  ( -8.480060138056890295, 1.000000000000000444, 4.240148078945831678 ) ) ;
#10195 = B_SPLINE_SURFACE_WITH_KNOTS ( 'NONE', 3, 1, ( 
 ( #6825, #2776 ),
 ( #1987, #4427 ),
 ( #1884, #5232 ),
 ( #7687, #388 ),
 ( #9329, #2620 ),
 ( #5872, #9127 ),
 ( #4644, #9434 ),
 ( #8642, #8750 ),
 ( #7092, #3043 ),
 ( #6296, #10391 ),
 ( #652, #3685 ),
 ( #3842, #10232 ),
 ( #6353, #10333 ),
 ( #8585, #7893 ),
 ( #1458, #2140 ),
 ( #3102, #1351 ),
 ( #2085, #6243 ),
 ( #10281, #1404 ),
 ( #5498, #9545 ),
 ( #2031, #4701 ),
 ( #2245, #5283 ),
 ( #546, #7950 ),
 ( #598, #3897 ) ),
 .UNSPECIFIED., .F., .F., .F.,
 ( 4, 1, 1, 1, 1, 1, 1, 1, 1, 1, 1, 1, 1, 1, 1, 1, 1, 1, 1, 1, 4 ),
 ( 2, 2 ),
 ( 0.000000000000000000, 0.07865740116333762300, 0.1518067838031268435, 0.2194964768789018361, 0.2822176648327332504, 0.3403479935648116017, 0.3947457880430360611, 0.4453894513354813012, 0.4928275676971270447, 0.5369028473323916861, 0.5772270896458258083, 0.6147816464283560878, 0.6493382739498534395, 0.6819549017631327814, 0.7127159978674877383, 0.7420832550979729048, 0.7703665046435260733, 0.8253059587992196411, 0.8799070894587727176, 0.9372961930238429273, 1.000000000000000000 ),
 ( 0.000000000000000000, 1.000000000000000000 ),
 .UNSPECIFIED. ) ;
#10196 = CARTESIAN_POINT ( 'NONE',  ( 26.08812579955453614, 0.9999999999999995559, 1.188870187776216225 ) ) ;
#10197 = CARTESIAN_POINT ( 'NONE',  ( 8.480893173423059039, 0.9999999999999995559, 3.413650897609393553 ) ) ;
#10198 = CARTESIAN_POINT ( 'NONE',  ( -25.58881497293668161, 1.000000000000000000, 4.530342895278852922 ) ) ;
#10199 = CARTESIAN_POINT ( 'NONE',  ( -29.50000000000000000, 0.000000000000000000, 12.00000000000000355 ) ) ;
#10200 = AXIS2_PLACEMENT_3D ( 'NONE', #7038, #2937, #5184 ) ;
#10201 = EDGE_CURVE ( 'NONE', #8873, #5513, #5198, .T. ) ;
#10202 = AXIS2_PLACEMENT_3D ( 'NONE', #5113, #9216, #3354 ) ;
#10203 = PLANE ( 'NONE',  #10193 ) ;
#10204 = DIRECTION ( 'NONE',  ( -0.000000000000000000, 0.000000000000000000, -1.000000000000000000 ) ) ;
#10205 = CARTESIAN_POINT ( 'NONE',  ( 14.09527460623957040, 3.000000000000000000, 4.530342895278852922 ) ) ;
#10206 = CARTESIAN_POINT ( 'NONE',  ( 47.50000000000000000, 0.000000000000000000, 13.50000000000000178 ) ) ;
#10207 = ORIENTED_EDGE ( 'NONE', *, *, #9307, .T. ) ;
#10208 = VERTEX_POINT ( 'NONE', #4347 ) ;
#10209 = LINE ( 'NONE', #6058, #6982 ) ;
#10210 = AXIS2_PLACEMENT_3D ( 'NONE', #2536, #2696, #8297 ) ;
#10211 = AXIS2_PLACEMENT_3D ( 'NONE', #6225, #1330, #1693 ) ;
#10212 = DIRECTION ( 'NONE',  ( 0.000000000000000000, 0.000000000000000000, -1.000000000000000000 ) ) ;
#10213 = CARTESIAN_POINT ( 'NONE',  ( 22.20553048534310037, 1.000000000000000000, 4.530342895278852922 ) ) ;
#10214 = ORIENTED_EDGE ( 'NONE', *, *, #1189, .T. ) ;
#10215 = CARTESIAN_POINT ( 'NONE',  ( -15.88900545899141825, 1.000000000000000000, 0.5176030526561972156 ) ) ;
#10216 = CARTESIAN_POINT ( 'NONE',  ( 10.61150288987813184, 1.000000000000000000, 0.8567078280890980668 ) ) ;
#10217 = CARTESIAN_POINT ( 'NONE',  ( -10.24666881344930758, 3.000000000000000444, 2.104287551292391978 ) ) ;
#10218 = EDGE_CURVE ( 'NONE', #6454, #5044, #1950, .T. ) ;
#10219 = PLANE ( 'NONE',  #8936 ) ;
#10220 = CARTESIAN_POINT ( 'NONE',  ( 23.60720857954030905, 1.000000000000000444, 1.254477764195123246 ) ) ;
#10221 = VECTOR ( 'NONE', #3291, 1000.000000000000000 ) ;
#10222 = VECTOR ( 'NONE', #10405, 1000.000000000000000 ) ;
#10223 = DIRECTION ( 'NONE',  ( 1.000000000000000000, 0.000000000000000000, 0.000000000000000000 ) ) ;
#10224 = CARTESIAN_POINT ( 'NONE',  ( -19.16355575728237781, 1.000000000000000000, 4.512537353597652512 ) ) ;
#10225 = CARTESIAN_POINT ( 'NONE',  ( 25.66134533372732207, 2.999999999999999556, 3.227166580488688652 ) ) ;
#10226 = ORIENTED_EDGE ( 'NONE', *, *, #9010, .T. ) ;
#10227 = ORIENTED_EDGE ( 'NONE', *, *, #3220, .F. ) ;
#10228 = CARTESIAN_POINT ( 'NONE',  ( 8.887419442836694827, 0.9999999999999995559, 0.9138588979055430883 ) ) ;
#10229 = EDGE_CURVE ( 'NONE', #7120, #2809, #8444, .T. ) ;
#10230 = LINE ( 'NONE', #6294, #8770 ) ;
#10231 = LINE ( 'NONE', #4700, #5038 ) ;
#10232 = CARTESIAN_POINT ( 'NONE',  ( 23.59857442565744634, 3.000000000000003553, 4.145586935131274409 ) ) ;
#10233 = CARTESIAN_POINT ( 'NONE',  ( 13.24839575301000849, 1.000000000000000000, 3.286958718691550541 ) ) ;
#10234 = CARTESIAN_POINT ( 'NONE',  ( -14.51050922344257188, 3.000000000000000000, 2.705005471268942863 ) ) ;
#10235 = VERTEX_POINT ( 'NONE', #7652 ) ;
#10236 = ORIENTED_EDGE ( 'NONE', *, *, #2076, .F. ) ;
#10237 = CARTESIAN_POINT ( 'NONE',  ( -11.93366616429360505, 1.000000000000000000, 0.8567078280890980668 ) ) ;
#10238 = ADVANCED_FACE ( 'NONE', ( #4193 ), #992, .F. ) ;
#10239 = EDGE_CURVE ( 'NONE', #5918, #7359, #7495, .T. ) ;
#10240 = CARTESIAN_POINT ( 'NONE',  ( 8.433884670108403370, 0.9999999999999995559, 3.148281024986630872 ) ) ;
#10241 = CARTESIAN_POINT ( 'NONE',  ( 22.68318624694626706, 3.000000000000000000, 3.663234225088514595 ) ) ;
#10242 = CARTESIAN_POINT ( 'NONE',  ( 8.501811982302092119, 3.000000000000000000, 1.817504691815648776 ) ) ;
#10243 = CARTESIAN_POINT ( 'NONE',  ( 12.22055354683186223, 3.000000000000000444, 3.036129320185672054 ) ) ;
#10244 = ORIENTED_EDGE ( 'NONE', *, *, #1479, .T. ) ;
#10245 = DIRECTION ( 'NONE',  ( -0.000000000000000000, 1.000000000000000000, -0.000000000000000000 ) ) ;
#10246 = ORIENTED_EDGE ( 'NONE', *, *, #9988, .F. ) ;
#10247 = CARTESIAN_POINT ( 'NONE',  ( 25.59373560121935753, 1.000000000000000888, 1.696203216913106493 ) ) ;
#10248 = DIRECTION ( 'NONE',  ( -0.000000000000000000, 0.000000000000000000, -1.000000000000000000 ) ) ;
#10249 = DIRECTION ( 'NONE',  ( -1.000000000000000000, 0.000000000000000000, 0.000000000000000000 ) ) ;
#10250 = AXIS2_PLACEMENT_3D ( 'NONE', #5957, #9312, #8352 ) ;
#10251 = CARTESIAN_POINT ( 'NONE',  ( -11.22602310410480975, 3.000000000000000000, 1.713354379143753103 ) ) ;
#10252 = LINE ( 'NONE', #9459, #10481 ) ;
#10253 = CARTESIAN_POINT ( 'NONE',  ( 29.49999999999999645, 1.500000000000000000, -13.24999999999999822 ) ) ;
#10254 = FACE_OUTER_BOUND ( 'NONE', #3163, .T. ) ;
#10255 = DIRECTION ( 'NONE',  ( -1.000000000000000000, 0.000000000000000000, 0.000000000000000000 ) ) ;
#10256 = DIRECTION ( 'NONE',  ( -0.000000000000000000, 1.000000000000000000, -0.000000000000000000 ) ) ;
#10257 = CARTESIAN_POINT ( 'NONE',  ( 11.62175253335531444, 1.000000000000000000, 2.778301555542199708 ) ) ;
#10258 = EDGE_LOOP ( 'NONE', ( #3072, #7635, #6115, #3022 ) ) ;
#10259 = EDGE_LOOP ( 'NONE', ( #5960, #1256, #6044, #2564 ) ) ;
#10260 = CARTESIAN_POINT ( 'NONE',  ( 24.56227813823556971, 3.000000000000000444, 0.7450935609599002030 ) ) ;
#10261 = DIRECTION ( 'NONE',  ( -1.000000000000000000, 0.000000000000000000, 0.000000000000000000 ) ) ;
#10262 = DIRECTION ( 'NONE',  ( 1.000000000000000000, 0.000000000000000000, 0.000000000000000000 ) ) ;
#10263 = ORIENTED_EDGE ( 'NONE', *, *, #7552, .F. ) ;
#10264 = CARTESIAN_POINT ( 'NONE',  ( -8.917929684857785588, 3.000000000000000000, 1.760987229243498708 ) ) ;
#10265 = CARTESIAN_POINT ( 'NONE',  ( 22.55169994359752650, 1.000000000000000000, 2.733264202555017786 ) ) ;
#10266 = CARTESIAN_POINT ( 'NONE',  ( -9.818676744601427586, 3.000000000000000000, 0.7436729029447978201 ) ) ;
#10267 = CARTESIAN_POINT ( 'NONE',  ( -44.50000000000000711, 3.000000000000000000, -13.50000000000000178 ) ) ;
#10268 = AXIS2_PLACEMENT_3D ( 'NONE', #7608, #3390, #8190 ) ;
#10269 = CARTESIAN_POINT ( 'NONE',  ( 13.55306019968800513, 3.000000000000000000, 4.869447670711752885 ) ) ;
#10270 = DIRECTION ( 'NONE',  ( 1.000000000000000000, 0.000000000000000000, 0.000000000000000000 ) ) ;
#10271 = EDGE_CURVE ( 'NONE', #9945, #2636, #6902, .T. ) ;
#10272 = CARTESIAN_POINT ( 'NONE',  ( -44.50000000000000711, 0.000000000000000000, -13.50000000000000178 ) ) ;
#10273 = AXIS2_PLACEMENT_3D ( 'NONE', #3976, #4784, #7228 ) ;
#10274 = VECTOR ( 'NONE', #4379, 1000.000000000000227 ) ;
#10275 = LINE ( 'NONE', #6927, #2040 ) ;
#10276 = VERTEX_POINT ( 'NONE', #6046 ) ;
#10277 = EDGE_LOOP ( 'NONE', ( #558, #9836, #642, #8382 ) ) ;
#10278 = CARTESIAN_POINT ( 'NONE',  ( 9.356420457849846883, 1.000000000000000000, 1.815981543580654334 ) ) ;
#10279 = DIRECTION ( 'NONE',  ( -0.000000000000000000, 0.000000000000000000, -1.000000000000000000 ) ) ;
#10280 = CARTESIAN_POINT ( 'NONE',  ( 29.49999999999999645, 1.500000000000000000, -10.25000000000000000 ) ) ;
#10281 = CARTESIAN_POINT ( 'NONE',  ( 23.93860996078823433, 1.000000000000000444, 4.524488453156243928 ) ) ;
#10282 = VECTOR ( 'NONE', #2832, 1000.000000000000000 ) ;
#10283 = CARTESIAN_POINT ( 'NONE',  ( -21.56724427678712885, 3.000000000000000000, 0.8567078280890980668 ) ) ;
#10284 = ADVANCED_FACE ( 'NONE', ( #2208 ), #1369, .T. ) ;
#10285 = LINE ( 'NONE', #393, #9693 ) ;
#10286 = ORIENTED_EDGE ( 'NONE', *, *, #46, .T. ) ;
#10287 = ORIENTED_EDGE ( 'NONE', *, *, #4646, .F. ) ;
#10288 = VECTOR ( 'NONE', #2056, 1000.000000000000000 ) ;
#10289 = CARTESIAN_POINT ( 'NONE',  ( 24.06471137498595425, 1.000000000000000000, 0.8117920928198715247 ) ) ;
#10290 = CARTESIAN_POINT ( 'NONE',  ( -9.152521604517167120, 2.999999999999999112, 4.847981933197189619 ) ) ;
#10291 = CARTESIAN_POINT ( 'NONE',  ( -10.38549258535672415, 0.9999999999999995559, 0.9199379481197612618 ) ) ;
#10292 = EDGE_CURVE ( 'NONE', #5549, #1969, #1423, .T. ) ;
#10293 = CARTESIAN_POINT ( 'NONE',  ( -10.71378507215644582, 1.000000000000000888, 4.206093812980380875 ) ) ;
#10294 = VERTEX_POINT ( 'NONE', #406 ) ;
#10295 = VECTOR ( 'NONE', #6407, 1000.000000000000227 ) ;
#10296 = FACE_OUTER_BOUND ( 'NONE', #9821, .T. ) ;
#10297 = EDGE_CURVE ( 'NONE', #4745, #2526, #2054, .T. ) ;
#10298 = ORIENTED_EDGE ( 'NONE', *, *, #3993, .T. ) ;
#10299 = EDGE_CURVE ( 'NONE', #1917, #5511, #3647, .T. ) ;
#10300 = CARTESIAN_POINT ( 'NONE',  ( -8.790763508416727490, 1.000000000000000000, 4.642748277372645838 ) ) ;
#10301 = VERTEX_POINT ( 'NONE', #10302 ) ;
#10302 = CARTESIAN_POINT ( 'NONE',  ( 21.70217183430989039, 3.000000000000000000, 4.530342895278852922 ) ) ;
#10303 = DIRECTION ( 'NONE',  ( 2.102695122396129669E-16, -0.000000000000000000, 1.000000000000000000 ) ) ;
#10304 = VECTOR ( 'NONE', #9769, 1000.000000000000000 ) ;
#10305 = CARTESIAN_POINT ( 'NONE',  ( -10.90862117903749073, 3.000000000000000000, 4.857552487399496854 ) ) ;
#10306 = CARTESIAN_POINT ( 'NONE',  ( 17.14504826584814268, 3.000000000000000000, 3.792189658546188280 ) ) ;
#10307 = CARTESIAN_POINT ( 'NONE',  ( 12.29301100889767362, 0.9999999999999995559, 0.8570062300207600403 ) ) ;
#10308 = CARTESIAN_POINT ( 'NONE',  ( -6.857691557032376650, 1.000000000000000000, 3.399993643835850676 ) ) ;
#10309 = CARTESIAN_POINT ( 'NONE',  ( 11.62175253335531444, 1.000000000000000000, 2.778301555542199708 ) ) ;
#10310 = EDGE_CURVE ( 'NONE', #9179, #2573, #5465, .T. ) ;
#10311 = CARTESIAN_POINT ( 'NONE',  ( -10.55308854331909174, 0.9999999999999995559, 1.217005621111833413 ) ) ;
#10312 = VERTEX_POINT ( 'NONE', #3012 ) ;
#10313 = ORIENTED_EDGE ( 'NONE', *, *, #6972, .T. ) ;
#10314 = ADVANCED_FACE ( 'NONE', ( #8549 ), #3646, .T. ) ;
#10315 = CARTESIAN_POINT ( 'NONE',  ( -8.381317908923120896, 0.9999999999999995559, 3.573035507124066701 ) ) ;
#10316 = CARTESIAN_POINT ( 'NONE',  ( 25.11350570418628081, 1.000000000000000888, 0.8886405164851840510 ) ) ;
#10317 = CARTESIAN_POINT ( 'NONE',  ( -10.05004510700616649, 1.000000000000000000, 2.952269370022099437 ) ) ;
#10318 = LINE ( 'NONE', #2333, #6391 ) ;
#10319 = LINE ( 'NONE', #581, #8002 ) ;
#10320 = CARTESIAN_POINT ( 'NONE',  ( -24.73310526618022109, 1.000000000000000000, 0.5176030526561972156 ) ) ;
#10321 = CARTESIAN_POINT ( 'NONE',  ( -19.97150904447657638, 1.000000000000000000, 2.439196780109299301 ) ) ;
#10322 = CARTESIAN_POINT ( 'NONE',  ( -9.239931233456765369, 3.000000000000000000, 0.9259262817990883132 ) ) ;
#10323 = CARTESIAN_POINT ( 'NONE',  ( -5.706148257124818990, 1.000000000000000000, 3.060888868402950713 ) ) ;
#10324 = CARTESIAN_POINT ( 'NONE',  ( 23.35619069989797580, 1.000000000000000000, 2.715602495501221014 ) ) ;
#10325 = DIRECTION ( 'NONE',  ( -0.9437092178867095837, 0.000000000000000000, 0.3307762265877872143 ) ) ;
#10326 = CARTESIAN_POINT ( 'NONE',  ( -19.57941914788228743, 1.000000000000000000, 4.530342895278852922 ) ) ;
#10327 = LINE ( 'NONE', #5660, #1195 ) ;
#10328 = ORIENTED_EDGE ( 'NONE', *, *, #4695, .F. ) ;
#10329 = ORIENTED_EDGE ( 'NONE', *, *, #8657, .F. ) ;
#10330 = CARTESIAN_POINT ( 'NONE',  ( 8.801153012462970437, 0.9999999999999986677, 0.8916996752467322152 ) ) ;
#10331 = PLANE ( 'NONE',  #2977 ) ;
#10332 = CARTESIAN_POINT ( 'NONE',  ( -1.070833240855827651, 3.000000000000000000, 0.8567078280890980668 ) ) ;
#10333 = CARTESIAN_POINT ( 'NONE',  ( 23.64519082845241726, 3.000000000000003109, 4.228597746068011531 ) ) ;
#10334 = EDGE_CURVE ( 'NONE', #10337, #1088, #4885, .T. ) ;
#10335 = PERSON_AND_ORGANIZATION_ROLE ( 'classification_officer' ) ;
#10336 = CARTESIAN_POINT ( 'NONE',  ( -11.38438707492051982, 3.000000000000000000, 0.5176030526561972156 ) ) ;
#10337 = VERTEX_POINT ( 'NONE', #3178 ) ;
#10338 = ORIENTED_EDGE ( 'NONE', *, *, #10218, .F. ) ;
#10339 = CARTESIAN_POINT ( 'NONE',  ( 24.45496247705671777, 3.000000000000002220, 0.7452490339267318076 ) ) ;
#10340 = DIRECTION ( 'NONE',  ( -0.6664820429734039653, 0.000000000000000000, -0.7455210838024622921 ) ) ;
#10341 = ADVANCED_FACE ( 'NONE', ( #4930 ), #7167, .T. ) ;
#10342 = CARTESIAN_POINT ( 'NONE',  ( 15.99479119987542575, 1.000000000000000000, 4.530342895278852922 ) ) ;
#10343 = CARTESIAN_POINT ( 'NONE',  ( -9.918465389455381143, 3.000000000000000444, 4.643377820423152613 ) ) ;
#10344 = VERTEX_POINT ( 'NONE', #10517 ) ;
#10345 = CARTESIAN_POINT ( 'NONE',  ( 12.55467694346239860, 0.9999999999999986677, 4.493761583039510121 ) ) ;
#10346 = ORIENTED_EDGE ( 'NONE', *, *, #1674, .F. ) ;
#10347 = CARTESIAN_POINT ( 'NONE',  ( 25.23600702681467922, 1.000000000000000000, 0.9828147729284879563 ) ) ;
#10348 = CARTESIAN_POINT ( 'NONE',  ( -10.54106040243585518, 1.000000000000000444, 0.5421522088346251156 ) ) ;
#10349 = ORIENTED_EDGE ( 'NONE', *, *, #1659, .T. ) ;
#10350 = VERTEX_POINT ( 'NONE', #9720 ) ;
#10351 = CARTESIAN_POINT ( 'NONE',  ( 20.42169807290961359, 3.000000000000000000, 4.869447670711752885 ) ) ;
#10352 = DIRECTION ( 'NONE',  ( -1.000000000000000000, 0.000000000000000000, 0.000000000000000000 ) ) ;
#10353 = CARTESIAN_POINT ( 'NONE',  ( 24.50598734493892294, 1.000000000000000000, 4.982069869017063724 ) ) ;
#10354 = CARTESIAN_POINT ( 'NONE',  ( 10.61150288987813184, 1.000000000000000000, 4.530342895278852922 ) ) ;
#10355 = EDGE_CURVE ( 'NONE', #2988, #5888, #2421, .T. ) ;
#10356 = DIRECTION ( 'NONE',  ( 0.000000000000000000, 0.000000000000000000, -1.000000000000000000 ) ) ;
#10357 = DIRECTION ( 'NONE',  ( 1.000000000000000000, 0.000000000000000000, 0.000000000000000000 ) ) ;
#10358 = CARTESIAN_POINT ( 'NONE',  ( 19.20745571296107812, 1.000000000000000000, 2.570624962303710070 ) ) ;
#10359 = LINE ( 'NONE', #3071, #6028 ) ;
#10360 = VECTOR ( 'NONE', #1353, 1000.000000000000000 ) ;
#10361 = ORIENTED_EDGE ( 'NONE', *, *, #7941, .F. ) ;
#10362 = ORIENTED_EDGE ( 'NONE', *, *, #9875, .F. ) ;
#10363 = PLANE ( 'NONE',  #1033 ) ;
#10364 = PLANE ( 'NONE',  #7201 ) ;
#10365 = EDGE_CURVE ( 'NONE', #2830, #3524, #8129, .T. ) ;
#10366 = AXIS2_PLACEMENT_3D ( 'NONE', #9762, #7962, #4824 ) ;
#10367 = LINE ( 'NONE', #2276, #1289 ) ;
#10368 = VECTOR ( 'NONE', #4855, 1000.000000000000000 ) ;
#10369 = CARTESIAN_POINT ( 'NONE',  ( -17.97750231810290700, 3.000000000000000000, 3.286958718691550541 ) ) ;
#10370 = FACE_OUTER_BOUND ( 'NONE', #9413, .T. ) ;
#10371 = LINE ( 'NONE', #8836, #2794 ) ;
#10372 = CARTESIAN_POINT ( 'NONE',  ( 25.68553416380621002, 1.000000000000000000, 0.7667259882043128139 ) ) ;
#10373 = B_SPLINE_SURFACE_WITH_KNOTS ( 'NONE', 3, 1, ( 
 ( #347, #7698 ),
 ( #3584, #6835 ),
 ( #10074, #400 ),
 ( #1253, #8865 ),
 ( #5401, #1577 ),
 ( #10511, #4763 ),
 ( #7271, #6422 ),
 ( #1523, #3960 ),
 ( #4710, #9606 ),
 ( #10291, #6253 ),
 ( #3217, #3110 ),
 ( #7958, #660 ),
 ( #6363, #5509 ),
 ( #8015, #3907 ),
 ( #3851, #3051 ),
 ( #8815, #9662 ),
 ( #7157, #6469 ),
 ( #8651, #8763 ),
 ( #3004, #10400 ) ),
 .UNSPECIFIED., .F., .F., .F.,
 ( 4, 1, 1, 1, 1, 1, 1, 1, 1, 1, 1, 1, 1, 1, 1, 1, 4 ),
 ( 2, 2 ),
 ( 0.000000000000000000, 0.07868200550403717242, 0.1518229463045628891, 0.2197391891820060228, 0.2821454843713178118, 0.3403033123632079326, 0.3971741163955027076, 0.4514091695718827069, 0.5057139144469984249, 0.5592722873486807300, 0.6133726815802474919, 0.6699911590058290622, 0.7292533481630110170, 0.7915643334394202313, 0.8568686762727403261, 0.9264355199109334249, 1.000000000000000000 ),
 ( 0.000000000000000000, 1.000000000000000000 ),
 .UNSPECIFIED. ) ;
#10374 = ADVANCED_FACE ( 'NONE', ( #6480 ), #7378, .T. ) ;
#10375 = EDGE_CURVE ( 'NONE', #8150, #2416, #3062, .T. ) ;
#10376 = CARTESIAN_POINT ( 'NONE',  ( 23.36592298192842776, 2.999999999999999112, 3.096045352496304304 ) ) ;
#10377 = CARTESIAN_POINT ( 'NONE',  ( 13.24063612933567313, 3.000000000000000000, 3.337324797882504690 ) ) ;
#10378 = DIRECTION ( 'NONE',  ( 0.000000000000000000, 0.000000000000000000, 1.000000000000000000 ) ) ;
#10379 = VECTOR ( 'NONE', #7730, 1000.000000000000000 ) ;
#10380 = EDGE_LOOP ( 'NONE', ( #6257, #66, #7316, #9110 ) ) ;
#10381 = VECTOR ( 'NONE', #9471, 1000.000000000000114 ) ;
#10382 = LINE ( 'NONE', #6286, #6474 ) ;
#10383 = PLANE ( 'NONE',  #8701 ) ;
#10384 = LINE ( 'NONE', #4746, #5445 ) ;
#10385 = VERTEX_POINT ( 'NONE', #8024 ) ;
#10386 = DIRECTION ( 'NONE',  ( -0.000000000000000000, 0.000000000000000000, 1.000000000000000000 ) ) ;
#10387 = AXIS2_PLACEMENT_3D ( 'NONE', #896, #4439, #3388 ) ;
#10388 = VECTOR ( 'NONE', #6369, 1000.000000000000000 ) ;
#10389 = CARTESIAN_POINT ( 'NONE',  ( -29.50000000000000000, 1.500000000000000000, 10.25000000000000355 ) ) ;
#10390 = FACE_OUTER_BOUND ( 'NONE', #8783, .T. ) ;
#10391 = CARTESIAN_POINT ( 'NONE',  ( 23.51468964930166905, 3.000000000000002220, 3.947923091458153344 ) ) ;
#10392 = PERSON_AND_ORGANIZATION_ROLE ( 'design_supplier' ) ;
#10393 = CARTESIAN_POINT ( 'NONE',  ( 8.412354809406464184, 3.000000000000001332, 3.087859966983125926 ) ) ;
#10394 = DIRECTION ( 'NONE',  ( -0.000000000000000000, 0.000000000000000000, 1.000000000000000000 ) ) ;
#10395 = PRODUCT_DEFINITION ( 'UNKNOWN', '', #4311, #2704 ) ;
#10396 = ORIENTED_EDGE ( 'NONE', *, *, #6502, .F. ) ;
#10397 = EDGE_LOOP ( 'NONE', ( #7819, #4107, #4156, #2480 ) ) ;
#10398 = CARTESIAN_POINT ( 'NONE',  ( 23.36519253361190351, 1.000000000000000000, 2.326525803422627270 ) ) ;
#10399 = CARTESIAN_POINT ( 'NONE',  ( 23.50788934461330371, 1.000000000000000000, 4.741164859199463066 ) ) ;
#10400 = CARTESIAN_POINT ( 'NONE',  ( -10.58077940397276429, 3.000000000000000000, 1.464270550739710908 ) ) ;
#10401 = CARTESIAN_POINT ( 'NONE',  ( -10.33379033659819690, 1.000000000000000000, 4.572430172613428212 ) ) ;
#10402 = ORIENTED_EDGE ( 'NONE', *, *, #6206, .F. ) ;
#10403 = CARTESIAN_POINT ( 'NONE',  ( 13.20208448480908636, 0.9999999999999995559, 3.568333582816928473 ) ) ;
#10404 = ORIENTED_EDGE ( 'NONE', *, *, #6017, .F. ) ;
#10405 = DIRECTION ( 'NONE',  ( 1.000000000000000000, 0.000000000000000000, 0.000000000000000000 ) ) ;
#10406 = EDGE_CURVE ( 'NONE', #6477, #2720, #5384, .T. ) ;
#10407 = EDGE_LOOP ( 'NONE', ( #1899, #9066 ) ) ;
#10408 = EDGE_LOOP ( 'NONE', ( #166, #10396, #6862, #268 ) ) ;
#10409 = DIRECTION ( 'NONE',  ( 0.000000000000000000, -0.000000000000000000, 1.000000000000000000 ) ) ;
#10410 = CARTESIAN_POINT ( 'NONE',  ( 7.835082541021258784, 3.000000000000000000, 2.891336480686500288 ) ) ;
#10411 = CARTESIAN_POINT ( 'NONE',  ( 13.24839575301000849, 3.000000000000000000, 3.286958718691550541 ) ) ;
#10412 = DIRECTION ( 'NONE',  ( 0.3600292674874177590, 0.000000000000000000, -0.9329410091492781332 ) ) ;
#10413 = CARTESIAN_POINT ( 'NONE',  ( 16.67138724923329818, 1.000000000000000444, 4.457386317739907788 ) ) ;
#10414 = CARTESIAN_POINT ( 'NONE',  ( -11.22013319932021069, 3.000000000000000000, 4.754646574862072761 ) ) ;
#10415 = CARTESIAN_POINT ( 'NONE',  ( -7.736361482958772129, 3.000000000000000000, 4.530342895278852922 ) ) ;
#10416 = DIRECTION ( 'NONE',  ( 0.000000000000000000, 0.000000000000000000, 1.000000000000000000 ) ) ;
#10417 = EDGE_LOOP ( 'NONE', ( #450, #2272, #7356, #880 ) ) ;
#10418 = ORIENTED_EDGE ( 'NONE', *, *, #8646, .F. ) ;
#10419 = VECTOR ( 'NONE', #8999, 1000.000000000000000 ) ;
#10420 = DIRECTION ( 'NONE',  ( 0.000000000000000000, 1.000000000000000000, 0.000000000000000000 ) ) ;
#10421 = ADVANCED_FACE ( 'NONE', ( #7278 ), #9562, .T. ) ;
#10422 = CARTESIAN_POINT ( 'NONE',  ( -8.617049573744257174, 3.000000000000000444, 0.6160864514000765624 ) ) ;
#10423 = CARTESIAN_POINT ( 'NONE',  ( -11.22719788214172887, 3.000000000000000000, 1.663847840447616022 ) ) ;
#10424 = FACE_OUTER_BOUND ( 'NONE', #3513, .T. ) ;
#10425 = CARTESIAN_POINT ( 'NONE',  ( -9.390975498047399839, 1.000000000000000444, 3.236423860457908308 ) ) ;
#10426 = DIRECTION ( 'NONE',  ( 0.000000000000000000, -0.000000000000000000, 1.000000000000000000 ) ) ;
#10427 = DIRECTION ( 'NONE',  ( -0.000000000000000000, 1.000000000000000000, -0.000000000000000000 ) ) ;
#10428 = LINE ( 'NONE', #2391, #3149 ) ;
#10429 = LINE ( 'NONE', #6500, #5280 ) ;
#10430 = VECTOR ( 'NONE', #5928, 1000.000000000000000 ) ;
#10431 = CARTESIAN_POINT ( 'NONE',  ( -29.50000000000000000, 0.000000000000000000, 10.25000000000000355 ) ) ;
#10432 = ADVANCED_FACE ( 'NONE', ( #5631 ), #1483, .T. ) ;
#10433 = VERTEX_POINT ( 'NONE', #1532 ) ;
#10434 = CARTESIAN_POINT ( 'NONE',  ( 25.15630044913239871, 3.000000000000001332, 0.4940512262889900641 ) ) ;
#10435 = ADVANCED_FACE ( 'NONE', ( #4030 ), #8175, .T. ) ;
#10436 = ADVANCED_FACE ( 'NONE', ( #4721 ), #668, .T. ) ;
#10437 = DIRECTION ( 'NONE',  ( 0.000000000000000000, 0.000000000000000000, -1.000000000000000000 ) ) ;
#10438 = CARTESIAN_POINT ( 'NONE',  ( -8.790763508416727490, 1.000000000000000000, 4.642748277372645838 ) ) ;
#10439 = ORIENTED_EDGE ( 'NONE', *, *, #592, .T. ) ;
#10440 = ORIENTED_EDGE ( 'NONE', *, *, #4580, .T. ) ;
#10441 = VECTOR ( 'NONE', #3637, 1000.000000000000000 ) ;
#10442 = DIRECTION ( 'NONE',  ( 1.000000000000000000, 0.000000000000000000, 0.000000000000000000 ) ) ;
#10443 = DIRECTION ( 'NONE',  ( 0.000000000000000000, -0.000000000000000000, -1.000000000000000000 ) ) ;
#10444 = DIRECTION ( 'NONE',  ( -1.000000000000000000, 0.000000000000000000, 0.000000000000000000 ) ) ;
#10445 = CARTESIAN_POINT ( 'NONE',  ( -3.264417256937402367, 1.000000000000000000, 0.8567078280890980668 ) ) ;
#10446 = ADVANCED_FACE ( 'NONE', ( #9617 ), #2321, .T. ) ;
#10447 = VECTOR ( 'NONE', #4428, 1000.000000000000000 ) ;
#10448 = EDGE_CURVE ( 'NONE', #7562, #9087, #248, .T. ) ;
#10449 = CARTESIAN_POINT ( 'NONE',  ( -17.76379566275195998, 1.000000000000000000, 0.8567078280890980668 ) ) ;
#10450 = DIRECTION ( 'NONE',  ( 0.000000000000000000, 0.000000000000000000, -1.000000000000000000 ) ) ;
#10451 = VERTEX_POINT ( 'NONE', #7484 ) ;
#10452 = ORIENTED_EDGE ( 'NONE', *, *, #4646, .T. ) ;
#10453 = VECTOR ( 'NONE', #3170, 1000.000000000000000 ) ;
#10454 = LINE ( 'NONE', #1574, #623 ) ;
#10455 = DIRECTION ( 'NONE',  ( -0.000000000000000000, 1.000000000000000000, -0.000000000000000000 ) ) ;
#10456 = VECTOR ( 'NONE', #2029, 1000.000000000000114 ) ;
#10457 = DIRECTION ( 'NONE',  ( 1.000000000000000000, 0.000000000000000000, 0.000000000000000000 ) ) ;
#10458 = CARTESIAN_POINT ( 'NONE',  ( 8.875357086489897185, 1.000000000000000000, 1.817504691815648776 ) ) ;
#10459 = ORIENTED_EDGE ( 'NONE', *, *, #10310, .F. ) ;
#10460 = CARTESIAN_POINT ( 'NONE',  ( 11.79901850193126478, 1.000000000000000444, 2.783228766418659461 ) ) ;
#10461 = VECTOR ( 'NONE', #9634, 1000.000000000000000 ) ;
#10462 = CARTESIAN_POINT ( 'NONE',  ( -9.294431586901001907, 1.000000000000000888, 4.898054665545903852 ) ) ;
#10463 = VECTOR ( 'NONE', #8179, 1000.000000000000000 ) ;
#10464 = B_SPLINE_SURFACE_WITH_KNOTS ( 'NONE', 3, 1, ( 
 ( #2356, #4761 ),
 ( #5568, #10339 ),
 ( #7210, #8863 ),
 ( #8705, #5507 ),
 ( #10289, #7045 ),
 ( #8813, #1357 ),
 ( #6196, #4652 ),
 ( #9444, #658 ),
 ( #3800, #2147 ),
 ( #5399, #9551 ),
 ( #3849, #8760 ),
 ( #9660, #8649 ),
 ( #3904, #3049 ),
 ( #5616, #7902 ),
 ( #6306, #7268 ),
 ( #4019, #1413 ),
 ( #4708, #7155 ),
 ( #1472, #4601 ),
 ( #7851, #7956 ),
 ( #10398, #3108 ),
 ( #553, #3002 ),
 ( #6250, #6361 ),
 ( #9603, #2309 ) ),
 .UNSPECIFIED., .F., .F., .F.,
 ( 4, 1, 1, 1, 1, 1, 1, 1, 1, 1, 1, 1, 1, 1, 1, 1, 1, 1, 1, 1, 4 ),
 ( 2, 2 ),
 ( 0.000000000000000000, 0.06003341348617715484, 0.1176079434533249812, 0.1731094346481761304, 0.2284108896259402499, 0.2568508951205629165, 0.2863366445971484708, 0.3171691104174871323, 0.3498381509821711921, 0.3846115501902281353, 0.4221329893546261203, 0.4631276748087605477, 0.5070297480012604385, 0.5543217770436127401, 0.6052993463609036562, 0.6596173459804199890, 0.7179179390584158327, 0.7803282882744672078, 0.8479976106171088768, 0.9213023274788216810, 1.000000000000000000 ),
 ( 0.000000000000000000, 1.000000000000000000 ),
 .UNSPECIFIED. ) ;
#10465 = ORIENTED_EDGE ( 'NONE', *, *, #3777, .T. ) ;
#10466 = EDGE_LOOP ( 'NONE', ( #3327, #4191, #1399, #2918 ) ) ;
#10467 = CARTESIAN_POINT ( 'NONE',  ( -8.766411006944771600, 0.9999999999999995559, 0.5669513160472883229 ) ) ;
#10468 = LINE ( 'NONE', #1370, #7910 ) ;
#10469 = CARTESIAN_POINT ( 'NONE',  ( 12.08631997278138925, 1.000000000000000888, 2.381727230399814044 ) ) ;
#10470 = DIRECTION ( 'NONE',  ( -0.000000000000000000, 1.000000000000000000, -0.000000000000000000 ) ) ;
#10471 = CARTESIAN_POINT ( 'NONE',  ( 16.03188613707180465, 1.000000000000000444, 4.530302022799554074 ) ) ;
#10472 = CARTESIAN_POINT ( 'NONE',  ( 17.88194459857362162, 3.000000000000000000, 0.8567078280890980668 ) ) ;
#10473 = VECTOR ( 'NONE', #5218, 1000.000000000000000 ) ;
#10474 = PLANE ( 'NONE',  #7325 ) ;
#10475 = EDGE_CURVE ( 'NONE', #2720, #1236, #1890, .T. ) ;
#10476 = CARTESIAN_POINT ( 'NONE',  ( -17.76379566275195998, 1.000000000000000000, 0.5176030526561972156 ) ) ;
#10477 = VERTEX_POINT ( 'NONE', #9816 ) ;
#10478 = ORIENTED_EDGE ( 'NONE', *, *, #817, .F. ) ;
#10479 = CARTESIAN_POINT ( 'NONE',  ( -9.127159524360063614, 1.000000000000001332, 1.052032825437329899 ) ) ;
#10480 = CARTESIAN_POINT ( 'NONE',  ( -8.678320414489038015, 3.000000000000000000, 0.5950162232665486828 ) ) ;
#10481 = VECTOR ( 'NONE', #4505, 1000.000000000000000 ) ;
#10482 = LINE ( 'NONE', #2224, #8944 ) ;
#10483 = CARTESIAN_POINT ( 'NONE',  ( -9.054665725340386828, 3.000000000000000444, 3.847372704073850791 ) ) ;
#10484 = CARTESIAN_POINT ( 'NONE',  ( -19.88111507939487765, 2.999999999999999556, 2.438861982513799820 ) ) ;
#10485 = CARTESIAN_POINT ( 'NONE',  ( 24.48035835387214831, 1.000000000000001554, 4.643377820423151725 ) ) ;
#10486 = CARTESIAN_POINT ( 'NONE',  ( 23.80327416303232724, 1.000000000000000444, 4.421595419360409451 ) ) ;
#10487 = LINE ( 'NONE', #847, #3921 ) ;
#10488 = EDGE_CURVE ( 'NONE', #5041, #4837, #4386, .T. ) ;
#10489 = DIRECTION ( 'NONE',  ( 0.9995106879999497984, 0.000000000000000000, -0.03127913959601442973 ) ) ;
#10490 = ORIENTED_EDGE ( 'NONE', *, *, #9384, .F. ) ;
#10491 = CARTESIAN_POINT ( 'NONE',  ( -9.807233455650781195, 3.000000000000000000, 4.641648661422394184 ) ) ;
#10492 = DIRECTION ( 'NONE',  ( 1.000000000000000000, 0.000000000000000000, 0.000000000000000000 ) ) ;
#10493 = ORIENTED_EDGE ( 'NONE', *, *, #7896, .T. ) ;
#10494 = CARTESIAN_POINT ( 'NONE',  ( -8.900148346182923831, 1.000000000000000888, 4.720852176870995898 ) ) ;
#10495 = ORIENTED_EDGE ( 'NONE', *, *, #10475, .F. ) ;
#10496 = CARTESIAN_POINT ( 'NONE',  ( 11.79573224955815824, 3.000000000000000444, 2.435825421510390942 ) ) ;
#10497 = EDGE_CURVE ( 'NONE', #2305, #88, #4181, .T. ) ;
#10498 = CARTESIAN_POINT ( 'NONE',  ( -8.381317908923120896, 2.999999999999999556, 3.573035507124066701 ) ) ;
#10499 = CARTESIAN_POINT ( 'NONE',  ( 20.42169807290961359, 3.000000000000000000, 4.530342895278852922 ) ) ;
#10500 = CARTESIAN_POINT ( 'NONE',  ( 13.17509966873675076, 1.000000000000000000, 1.817504691815648776 ) ) ;
#10501 = CARTESIAN_POINT ( 'NONE',  ( 12.28491225676971865, 3.000000000000000000, 1.753059920512656245 ) ) ;
#10502 = EDGE_CURVE ( 'NONE', #276, #41, #6779, .T. ) ;
#10503 = CARTESIAN_POINT ( 'NONE',  ( 6.239347308710709861, 3.000000000000000000, 4.869447670711752885 ) ) ;
#10504 = DIRECTION ( 'NONE',  ( 0.03269279501835024165, 0.000000000000000000, 0.9994654477038653617 ) ) ;
#10505 = ORIENTED_EDGE ( 'NONE', *, *, #6736, .F. ) ;
#10506 = ORIENTED_EDGE ( 'NONE', *, *, #5931, .F. ) ;
#10507 = CARTESIAN_POINT ( 'NONE',  ( -9.600554662487034818, 1.000000000000000000, 2.389744000358668519 ) ) ;
#10508 = CARTESIAN_POINT ( 'NONE',  ( -19.30025056893421365, 3.000000000000000000, 0.8570062300207605954 ) ) ;
#10509 = EDGE_CURVE ( 'NONE', #8269, #4138, #10024, .T. ) ;
#10510 = EDGE_CURVE ( 'NONE', #6958, #2091, #9185, .T. ) ;
#10511 = CARTESIAN_POINT ( 'NONE',  ( -10.15210566730188013, 1.000000000000001332, 0.7870473835920424044 ) ) ;
#10512 = CARTESIAN_POINT ( 'NONE',  ( -10.60373851556237845, 3.000000000000000444, 4.371945155800696092 ) ) ;
#10513 = ORIENTED_EDGE ( 'NONE', *, *, #10502, .F. ) ;
#10514 = DIRECTION ( 'NONE',  ( -0.000000000000000000, 1.000000000000000000, -0.000000000000000000 ) ) ;
#10515 = ORIENTED_EDGE ( 'NONE', *, *, #2141, .T. ) ;
#10516 = ORIENTED_EDGE ( 'NONE', *, *, #10299, .F. ) ;
#10517 = CARTESIAN_POINT ( 'NONE',  ( -20.24173316239967235, 3.000000000000000000, 2.778301555542199708 ) ) ;
#10518 = DIRECTION ( 'NONE',  ( -0.000000000000000000, 1.000000000000000000, -0.000000000000000000 ) ) ;
#10519 = CARTESIAN_POINT ( 'NONE',  ( 11.93459280988576943, 0.9999999999999986677, 2.426800124957823268 ) ) ;
ENDSEC;
END-ISO-10303-21;
