ISO-10303-21;
HEADER;
FILE_DESCRIPTION (( 'STEP AP203' ),
    '1' );
FILE_NAME ('Traba PlacaQR.STEP',
    '2026-08-19T13:20:13',
    ( '' ),
    ( '' ),
    'SwSTEP 2.0',
    'SolidWorks 2026',
    '' );
FILE_SCHEMA (( 'CONFIG_CONTROL_DESIGN' ));
ENDSEC;

DATA;
#1 = VECTOR ( 'NONE', #1079, 1000.000000000000000 ) ;
#2 = ORIENTED_EDGE ( 'NONE', *, *, #1017, .F. ) ;
#3 = DIRECTION ( 'NONE',  ( 1.000000000000000000, 0.000000000000000000, 0.000000000000000000 ) ) ;
#4 = VECTOR ( 'NONE', #755, 1000.000000000000000 ) ;
#5 = TOROIDAL_SURFACE ( 'NONE', #390, 0.1499999999999999667, 2.000000000000000000 ) ;
#6 = VECTOR ( 'NONE', #546, 1000.000000000000000 ) ;
#7 = DIRECTION ( 'NONE',  ( 0.000000000000000000, 0.000000000000000000, -1.000000000000000000 ) ) ;
#8 = FACE_OUTER_BOUND ( 'NONE', #101, .T. ) ;
#9 = EDGE_CURVE ( 'NONE', #1282, #874, #1217, .T. ) ;
#10 = VERTEX_POINT ( 'NONE', #52 ) ;
#11 = DIRECTION ( 'NONE',  ( 1.000000000000000000, -0.000000000000000000, 0.000000000000000000 ) ) ;
#12 = ORIENTED_EDGE ( 'NONE', *, *, #737, .T. ) ;
#13 = CARTESIAN_POINT ( 'NONE',  ( -16.50000000000000000, 8.142135623730959892, 2.500000000000000000 ) ) ;
#14 = CARTESIAN_POINT ( 'NONE',  ( 21.89883572857448968, 8.500000000000000000, 14.59256080505871722 ) ) ;
#15 = EDGE_CURVE ( 'NONE', #336, #710, #863, .T. ) ;
#16 = ORIENTED_EDGE ( 'NONE', *, *, #557, .F. ) ;
#17 = ORIENTED_EDGE ( 'NONE', *, *, #1372, .F. ) ;
#18 = CARTESIAN_POINT ( 'NONE',  ( 3.949495629142611097, 9.300000000000084199, -4.600000000001414513 ) ) ;
#19 = CARTESIAN_POINT ( 'NONE',  ( 16.87949562914261037, 10.80000000000008420, -4.600000000001414513 ) ) ;
#20 =( NAMED_UNIT ( * ) PLANE_ANGLE_UNIT ( ) SI_UNIT ( $, .RADIAN. ) );
#21 = EDGE_LOOP ( 'NONE', ( #241, #1364, #867 ) ) ;
#22 = DIRECTION ( 'NONE',  ( -0.000000000000000000, 0.000000000000000000, -1.000000000000000000 ) ) ;
#23 = ORIENTED_EDGE ( 'NONE', *, *, #35, .F. ) ;
#24 = CARTESIAN_POINT ( 'NONE',  ( -14.16269968539100077, 2.337300314608982799, -7.300643940814475208 ) ) ;
#25 = EDGE_CURVE ( 'NONE', #368, #710, #584, .T. ) ;
#26 = VECTOR ( 'NONE', #422, 1000.000000000000000 ) ;
#27 = VECTOR ( 'NONE', #728, 1000.000000000000000 ) ;
#28 = VECTOR ( 'NONE', #999, 1000.000000000000000 ) ;
#29 = CARTESIAN_POINT ( 'NONE',  ( 17.51132180898752466, 2.541971061310219770, -2.500000000000000000 ) ) ;
#30 = DIRECTION ( 'NONE',  ( 0.000000000000000000, 0.000000000000000000, -1.000000000000000000 ) ) ;
#31 = VERTEX_POINT ( 'NONE', #395 ) ;
#32 = LINE ( 'NONE', #897, #589 ) ;
#33 = ORIENTED_EDGE ( 'NONE', *, *, #554, .T. ) ;
#34 = LINE ( 'NONE', #271, #1253 ) ;
#35 = EDGE_CURVE ( 'NONE', #458, #1162, #373, .T. ) ;
#36 = LINE ( 'NONE', #436, #1257 ) ;
#37 = PERSON_AND_ORGANIZATION ( #99, #273 ) ;
#38 = ORIENTED_EDGE ( 'NONE', *, *, #1118, .T. ) ;
#39 = DIRECTION ( 'NONE',  ( -1.000000000000000000, 0.000000000000000000, 0.000000000000000000 ) ) ;
#40 = ORIENTED_EDGE ( 'NONE', *, *, #117, .F. ) ;
#41 = CARTESIAN_POINT ( 'NONE',  ( 13.25710055546271349, 0.2284277041414295717, -7.149439868066037818 ) ) ;
#42 = EDGE_CURVE ( 'NONE', #97, #832, #230, .T. ) ;
#43 = CARTESIAN_POINT ( 'NONE',  ( 1.309495629142612083, 9.300000000000084199, -4.600000000001414513 ) ) ;
#44 = CARTESIAN_POINT ( 'NONE',  ( 1.309495629142612083, 9.300000000000084199, -4.600000000001414513 ) ) ;
#45 = EDGE_CURVE ( 'NONE', #602, #932, #157, .T. ) ;
#46 = ORIENTED_EDGE ( 'NONE', *, *, #105, .T. ) ;
#47 = DIRECTION ( 'NONE',  ( -0.000000000000000000, 0.000000000000000000, -1.000000000000000000 ) ) ;
#48 = CIRCLE ( 'NONE', #322, 1.000000000000000000 ) ;
#49 = FACE_OUTER_BOUND ( 'NONE', #417, .T. ) ;
#50 = PERSON_AND_ORGANIZATION ( #99, #273 ) ;
#51 = CC_DESIGN_APPROVAL ( #1227, ( #656 ) ) ;
#52 = CARTESIAN_POINT ( 'NONE',  ( 3.949495629142611097, 10.80000000000008420, -4.600000000001414513 ) ) ;
#53 = DIRECTION ( 'NONE',  ( 0.000000000000000000, -1.000000000000000000, 0.000000000000000000 ) ) ;
#54 = CYLINDRICAL_SURFACE ( 'NONE', #453, 10.00000000000000000 ) ;
#55 = DIRECTION ( 'NONE',  ( -1.000000000000000000, 0.000000000000000000, 0.000000000000000000 ) ) ;
#56 = ADVANCED_FACE ( 'NONE', ( #158 ), #594, .F. ) ;
#57 = DIRECTION ( 'NONE',  ( -0.000000000000000000, -1.000000000000000000, 0.000000000000000000 ) ) ;
#58 = DIRECTION ( 'NONE',  ( 1.000000000000000000, -0.000000000000000000, 0.000000000000000000 ) ) ;
#59 = DIRECTION ( 'NONE',  ( 0.000000000000000000, 0.000000000000000000, -1.000000000000000000 ) ) ;
#60 = LINE ( 'NONE', #1127, #319 ) ;
#61 = VERTEX_POINT ( 'NONE', #1243 ) ;
#62 = PLANE ( 'NONE',  #835 ) ;
#63 = DIRECTION ( 'NONE',  ( 1.000000000000000000, 0.000000000000000000, 0.000000000000000000 ) ) ;
#64 = AXIS2_PLACEMENT_3D ( 'NONE', #168, #1334, #280 ) ;
#65 = CARTESIAN_POINT ( 'NONE',  ( 0.000000000000000000, 10.80000000000008420, 0.000000000000000000 ) ) ;
#66 = AXIS2_PLACEMENT_3D ( 'NONE', #1281, #1266, #1159 ) ;
#67 = AXIS2_PLACEMENT_3D ( 'NONE', #1379, #1385, #121 ) ;
#68 = VERTEX_POINT ( 'NONE', #283 ) ;
#69 = DIRECTION ( 'NONE',  ( -1.000000000000000000, -0.000000000000000000, -0.000000000000000000 ) ) ;
#70 = ORIENTED_EDGE ( 'NONE', *, *, #79, .F. ) ;
#71 = EDGE_CURVE ( 'NONE', #659, #682, #1023, .T. ) ;
#72 = ADVANCED_FACE ( 'NONE', ( #172 ), #939, .F. ) ;
#73 = DIRECTION ( 'NONE',  ( -0.000000000000000000, -0.000000000000000000, 1.000000000000000000 ) ) ;
#74 = ORIENTED_EDGE ( 'NONE', *, *, #129, .F. ) ;
#75 = LINE ( 'NONE', #306, #428 ) ;
#76 = CC_DESIGN_PERSON_AND_ORGANIZATION_ASSIGNMENT ( #992, #1208, ( #259 ) ) ;
#77 = LINE ( 'NONE', #624, #1277 ) ;
#78 = CARTESIAN_POINT ( 'NONE',  ( 21.89883572857448968, 9.800000000000082423, 2.499999999999817035 ) ) ;
#79 = EDGE_CURVE ( 'NONE', #211, #932, #203, .T. ) ;
#80 = ORIENTED_EDGE ( 'NONE', *, *, #1017, .T. ) ;
#81 = VERTEX_POINT ( 'NONE', #1252 ) ;
#82 = CARTESIAN_POINT ( 'NONE',  ( 19.26132180898752821, 2.541971061310219770, -2.500000000000000000 ) ) ;
#83 = LINE ( 'NONE', #647, #407 ) ;
#84 = CIRCLE ( 'NONE', #1035, 1.000000000000000000 ) ;
#85 = EDGE_CURVE ( 'NONE', #1078, #920, #1062, .T. ) ;
#86 = AXIS2_PLACEMENT_3D ( 'NONE', #93, #639, #100 ) ;
#87 = EDGE_LOOP ( 'NONE', ( #364, #836, #487, #522, #959, #851 ) ) ;
#88 = DIRECTION ( 'NONE',  ( -1.000000000000000000, 0.000000000000000000, 0.000000000000000000 ) ) ;
#89 = VECTOR ( 'NONE', #414, 1000.000000000000000 ) ;
#90 = ORIENTED_EDGE ( 'NONE', *, *, #401, .T. ) ;
#91 = FACE_OUTER_BOUND ( 'NONE', #529, .T. ) ;
#92 = CARTESIAN_POINT ( 'NONE',  ( -3.353268940907468743, 2.252495097841090033, 6.500000000000000888 ) ) ;
#93 = CARTESIAN_POINT ( 'NONE',  ( -5.503268940907468654, 2.252495097841089589, 4.500000000000000888 ) ) ;
#94 = ORIENTED_EDGE ( 'NONE', *, *, #356, .F. ) ;
#95 = CARTESIAN_POINT ( 'NONE',  ( 20.89883572857448968, 10.80000000000008420, 2.499999999999860112 ) ) ;
#96 = EDGE_CURVE ( 'NONE', #301, #813, #1158, .T. ) ;
#97 = VERTEX_POINT ( 'NONE', #1182 ) ;
#98 = DIRECTION ( 'NONE',  ( 1.000000000000000000, 0.000000000000000000, -4.328738660101703866E-14 ) ) ;
#99 = PERSON ( 'UNSPECIFIED', 'UNSPECIFIED', 'UNSPECIFIED', ('UNSPECIFIED'), ('UNSPECIFIED'), ('UNSPECIFIED') ) ;
#100 = DIRECTION ( 'NONE',  ( 1.000000000000000000, 0.000000000000000000, 0.000000000000000000 ) ) ;
#101 = EDGE_LOOP ( 'NONE', ( #964, #1258, #926, #40 ) ) ;
#102 = DIRECTION ( 'NONE',  ( -1.000000000000000000, 0.000000000000000000, 0.000000000000000000 ) ) ;
#103 = ORIENTED_EDGE ( 'NONE', *, *, #538, .F. ) ;
#104 = CARTESIAN_POINT ( 'NONE',  ( 13.94949562914261065, 10.80000000000008420, -6.500000000000000000 ) ) ;
#105 = EDGE_CURVE ( 'NONE', #1028, #301, #727, .T. ) ;
#106 = DIRECTION ( 'NONE',  ( -0.000000000000000000, -0.000000000000000000, 1.000000000000000000 ) ) ;
#107 = LINE ( 'NONE', #406, #612 ) ;
#108 = VERTEX_POINT ( 'NONE', #614 ) ;
#109 = LINE ( 'NONE', #216, #1234 ) ;
#110 = AXIS2_PLACEMENT_3D ( 'NONE', #1091, #882, #352 ) ;
#111 = ORIENTED_EDGE ( 'NONE', *, *, #220, .F. ) ;
#112 = CARTESIAN_POINT ( 'NONE',  ( -8.357864376269048989, 1.000000000000000000, -7.500000000000000000 ) ) ;
#113 = AXIS2_PLACEMENT_3D ( 'NONE', #1332, #1230, #822 ) ;
#114 = AXIS2_PLACEMENT_3D ( 'NONE', #14, #646, #871 ) ;
#115 = CYLINDRICAL_SURFACE ( 'NONE', #475, 5.070689822017117265 ) ;
#116 = DIRECTION ( 'NONE',  ( -0.000000000000000000, -0.000000000000000000, -1.000000000000000000 ) ) ;
#117 = EDGE_CURVE ( 'NONE', #68, #832, #1359, .T. ) ;
#118 = ORIENTED_EDGE ( 'NONE', *, *, #148, .F. ) ;
#119 = DIRECTION ( 'NONE',  ( 1.000000000000000000, -0.000000000000000000, -0.000000000000000000 ) ) ;
#120 = EDGE_LOOP ( 'NONE', ( #353, #334, #1225, #798 ) ) ;
#121 = DIRECTION ( 'NONE',  ( -1.000000000000000000, 0.000000000000000000, 0.000000000000000000 ) ) ;
#122 = LINE ( 'NONE', #782, #28 ) ;
#123 = ORIENTED_EDGE ( 'NONE', *, *, #652, .F. ) ;
#124 = CARTESIAN_POINT ( 'NONE',  ( -5.503268940907468654, 2.252495097841089589, 2.500000000000000000 ) ) ;
#125 = VERTEX_POINT ( 'NONE', #619 ) ;
#126 = LINE ( 'NONE', #1122, #1152 ) ;
#127 = FACE_OUTER_BOUND ( 'NONE', #1250, .T. ) ;
#128 = ORIENTED_EDGE ( 'NONE', *, *, #85, .F. ) ;
#129 = EDGE_CURVE ( 'NONE', #108, #208, #325, .T. ) ;
#130 = VECTOR ( 'NONE', #842, 1000.000000000000000 ) ;
#131 = ORIENTED_EDGE ( 'NONE', *, *, #356, .T. ) ;
#132 = CARTESIAN_POINT ( 'NONE',  ( 13.43148602231949695, 0.5177985931049117196, -7.414256858365744662 ) ) ;
#133 = AXIS2_PLACEMENT_3D ( 'NONE', #263, #173, #606 ) ;
#134 = AXIS2_PLACEMENT_3D ( 'NONE', #804, #1006, #921 ) ;
#135 = AXIS2_PLACEMENT_3D ( 'NONE', #886, #1310, #790 ) ;
#136 = CARTESIAN_POINT ( 'NONE',  ( 16.87949562914261037, 10.80000000000008420, 2.500000000000033751 ) ) ;
#137 = APPROVAL_STATUS ( 'not_yet_approved' ) ;
#138 = ORIENTED_EDGE ( 'NONE', *, *, #961, .T. ) ;
#139 = ORIENTED_EDGE ( 'NONE', *, *, #1054, .T. ) ;
#140 = CARTESIAN_POINT ( 'NONE',  ( 20.89883572857448968, 10.80000000000008420, -6.500000000000000000 ) ) ;
#141 = ADVANCED_FACE ( 'NONE', ( #399 ), #405, .T. ) ;
#142 = DIRECTION ( 'NONE',  ( -1.000000000000000000, -0.000000000000000000, -0.000000000000000000 ) ) ;
#143 = MECHANICAL_CONTEXT ( 'NONE', #146, 'mechanical' ) ;
#144 = ORIENTED_EDGE ( 'NONE', *, *, #176, .F. ) ;
#145 = LINE ( 'NONE', #360, #1110 ) ;
#146 = APPLICATION_CONTEXT ( 'configuration controlled 3d designs of mechanical parts and assemblies' ) ;
#147 = CARTESIAN_POINT ( 'NONE',  ( -7.653268940907469009, 2.252495097841089589, 4.500000000000000888 ) ) ;
#148 = EDGE_CURVE ( 'NONE', #616, #411, #1168, .T. ) ;
#149 = DATE_AND_TIME ( #810, #1322 ) ;
#150 = DIRECTION ( 'NONE',  ( 0.000000000000000000, 0.000000000000000000, 1.000000000000000000 ) ) ;
#151 = ORIENTED_EDGE ( 'NONE', *, *, #15, .T. ) ;
#152 = LINE ( 'NONE', #1200, #1212 ) ;
#153 = AXIS2_PLACEMENT_3D ( 'NONE', #1226, #997, #694 ) ;
#154 = CIRCLE ( 'NONE', #564, 2.149999999999999911 ) ;
#155 = EDGE_CURVE ( 'NONE', #602, #446, #948, .T. ) ;
#156 = LOCAL_TIME ( 10, 20, 13.00000000000000000, #1338 ) ;
#157 = CIRCLE ( 'NONE', #771, 1.000000000000000000 ) ;
#158 = FACE_OUTER_BOUND ( 'NONE', #1287, .T. ) ;
#159 = DIRECTION ( 'NONE',  ( 1.000000000000000000, 0.000000000000000000, 0.000000000000000000 ) ) ;
#160 = ORIENTED_EDGE ( 'NONE', *, *, #71, .T. ) ;
#161 = DIRECTION ( 'NONE',  ( -1.000000000000000000, 0.000000000000000000, -0.000000000000000000 ) ) ;
#162 = EDGE_LOOP ( 'NONE', ( #111, #345, #434, #590 ) ) ;
#163 = DIRECTION ( 'NONE',  ( 1.000000000000000000, -0.000000000000000000, -0.000000000000000000 ) ) ;
#164 = DIRECTION ( 'NONE',  ( 0.000000000000000000, 0.000000000000000000, -1.000000000000000000 ) ) ;
#165 = CARTESIAN_POINT ( 'NONE',  ( -16.50000000000000000, 8.500000000000000000, -2.500000000000000000 ) ) ;
#166 = EDGE_CURVE ( 'NONE', #874, #616, #77, .T. ) ;
#167 = ORIENTED_EDGE ( 'NONE', *, *, #496, .F. ) ;
#168 = CARTESIAN_POINT ( 'NONE',  ( -11.62050437085738430, 10.80000000000008420, -4.600000000001414513 ) ) ;
#169 = ORIENTED_EDGE ( 'NONE', *, *, #998, .T. ) ;
#170 = CARTESIAN_POINT ( 'NONE',  ( 1.309495629142612083, 9.300000000000084199, -4.600000000001414513 ) ) ;
#171 = APPROVAL_STATUS ( 'not_yet_approved' ) ;
#172 = FACE_OUTER_BOUND ( 'NONE', #859, .T. ) ;
#173 = DIRECTION ( 'NONE',  ( 0.000000000000000000, 0.000000000000000000, -1.000000000000000000 ) ) ;
#174 = ORIENTED_EDGE ( 'NONE', *, *, #1041, .F. ) ;
#175 = FACE_OUTER_BOUND ( 'NONE', #740, .T. ) ;
#176 = EDGE_CURVE ( 'NONE', #807, #10, #1053, .T. ) ;
#177 = ORIENTED_EDGE ( 'NONE', *, *, #496, .T. ) ;
#178 = AXIS2_PLACEMENT_3D ( 'NONE', #566, #1317, #1117 ) ;
#179 = CIRCLE ( 'NONE', #1153, 3.499999999999999556 ) ;
#180 = CARTESIAN_POINT ( 'NONE',  ( -8.690504370857388139, 10.80000000000008420, -4.600000000001414513 ) ) ;
#181 = AXIS2_PLACEMENT_3D ( 'NONE', #350, #783, #548 ) ;
#182 = ORIENTED_EDGE ( 'NONE', *, *, #685, .T. ) ;
#183 = DIRECTION ( 'NONE',  ( 0.000000000000000000, 0.000000000000000000, 1.000000000000000000 ) ) ;
#184 = CC_DESIGN_PERSON_AND_ORGANIZATION_ASSIGNMENT ( #712, #380, ( #229 ) ) ;
#185 = DIRECTION ( 'NONE',  ( -0.000000000000000000, -0.000000000000000000, -1.000000000000000000 ) ) ;
#186 = FACE_OUTER_BOUND ( 'NONE', #162, .T. ) ;
#187 = B_SPLINE_CURVE_WITH_KNOTS ( 'NONE', 3,
 ( #1081, #1293, #132, #41, #1211, #1222, #465, #265, #1009, #667 ),
 .UNSPECIFIED., .F., .F.,
 ( 4, 2, 2, 2, 4 ),
 ( -6.574273913039716124E-06, 0.0008463075791013580399, 0.001272748505608556954, 0.001485968968862157007, 0.001699189432115756843 ),
 .UNSPECIFIED. ) ;
#188 = DIRECTION ( 'NONE',  ( -0.000000000000000000, -0.000000000000000000, -1.000000000000000000 ) ) ;
#189 = ORIENTED_EDGE ( 'NONE', *, *, #419, .F. ) ;
#190 = ADVANCED_FACE ( 'NONE', ( #1374 ), #5, .T. ) ;
#191 = CARTESIAN_POINT ( 'NONE',  ( 20.89883572857448968, 2.541971061310219770, -6.500000000000000000 ) ) ;
#192 = CYLINDRICAL_SURFACE ( 'NONE', #1298, 1.000000000000000000 ) ;
#193 = ORIENTED_EDGE ( 'NONE', *, *, #79, .T. ) ;
#194 = CARTESIAN_POINT ( 'NONE',  ( 13.94949562914261065, 10.80000000000008420, -4.600000000001414513 ) ) ;
#195 = ORIENTED_EDGE ( 'NONE', *, *, #538, .T. ) ;
#196 = CARTESIAN_POINT ( 'NONE',  ( -16.50000000000000000, 0.000000000000000000, 2.500000000000000000 ) ) ;
#197 = AXIS2_PLACEMENT_3D ( 'NONE', #848, #315, #324 ) ;
#198 = DIRECTION ( 'NONE',  ( -1.000000000000000000, 0.000000000000000000, 0.000000000000000000 ) ) ;
#199 = DIRECTION ( 'NONE',  ( 0.000000000000000000, 0.000000000000000000, 1.000000000000000000 ) ) ;
#200 = VECTOR ( 'NONE', #1065, 1000.000000000000000 ) ;
#201 = ORIENTED_EDGE ( 'NONE', *, *, #1118, .F. ) ;
#202 = CARTESIAN_POINT ( 'NONE',  ( -11.62050437085738430, 8.500000000000000000, -4.600000000001414513 ) ) ;
#203 = CIRCLE ( 'NONE', #371, 9.000000000000001776 ) ;
#204 = VERTEX_POINT ( 'NONE', #1381 ) ;
#205 = LINE ( 'NONE', #308, #316 ) ;
#206 = DIRECTION ( 'NONE',  ( 1.000000000000000000, 0.000000000000000000, 0.000000000000000000 ) ) ;
#207 = CARTESIAN_POINT ( 'NONE',  ( 21.89883572857448968, 9.800000000000082423, 2.499999999999816591 ) ) ;
#208 = VERTEX_POINT ( 'NONE', #82 ) ;
#209 = DIRECTION ( 'NONE',  ( -0.000000000000000000, -0.000000000000000000, 1.000000000000000000 ) ) ;
#210 = ADVANCED_FACE ( 'NONE', ( #127 ), #357, .T. ) ;
#211 = VERTEX_POINT ( 'NONE', #363 ) ;
#212 = CARTESIAN_POINT ( 'NONE',  ( -8.357864376269048989, 10.00000000000000000, 2.500000000000000000 ) ) ;
#213 = CARTESIAN_POINT ( 'NONE',  ( 13.74398310996462413, 1.000000000000000000, -7.500000000000000000 ) ) ;
#214 = DIRECTION ( 'NONE',  ( 0.000000000000000000, 0.000000000000000000, 1.000000000000000000 ) ) ;
#215 = VERTEX_POINT ( 'NONE', #560 ) ;
#216 = CARTESIAN_POINT ( 'NONE',  ( 13.12380788940056142, 0.000000000000000000, -6.500000000000000000 ) ) ;
#217 = EDGE_LOOP ( 'NONE', ( #151, #534, #103, #1191 ) ) ;
#218 = DIRECTION ( 'NONE',  ( 1.000000000000000000, 0.000000000000000000, 0.000000000000000000 ) ) ;
#219 = EDGE_CURVE ( 'NONE', #442, #68, #681, .T. ) ;
#220 = EDGE_CURVE ( 'NONE', #1073, #1368, #1305, .T. ) ;
#221 = DIRECTION ( 'NONE',  ( 0.000000000000000000, 0.000000000000000000, -1.000000000000000000 ) ) ;
#222 = PERSON_AND_ORGANIZATION_ROLE ( 'creator' ) ;
#223 = VERTEX_POINT ( 'NONE', #19 ) ;
#224 = PLANE ( 'NONE',  #794 ) ;
#225 = CIRCLE ( 'NONE', #1013, 2.000000000000000000 ) ;
#226 = VECTOR ( 'NONE', #544, 1000.000000000000000 ) ;
#227 = EDGE_LOOP ( 'NONE', ( #1288, #578, #1184, #23 ) ) ;
#228 = CARTESIAN_POINT ( 'NONE',  ( -8.690504370857388139, 9.800000000000082423, -7.500000000000000000 ) ) ;
#229 = SECURITY_CLASSIFICATION ( '', '', #262 ) ;
#230 = CIRCLE ( 'NONE', #928, 1.000000000000000000 ) ;
#231 = ADVANCED_FACE ( 'NONE', ( #553 ), #1207, .T. ) ;
#232 = EDGE_CURVE ( 'NONE', #920, #1268, #1195, .T. ) ;
#233 = CARTESIAN_POINT ( 'NONE',  ( -15.50000000000000000, 9.800000000000082423, 0.000000000000000000 ) ) ;
#234 = FACE_OUTER_BOUND ( 'NONE', #1283, .T. ) ;
#235 = VERTEX_POINT ( 'NONE', #136 ) ;
#236 = DIRECTION ( 'NONE',  ( 0.000000000000000000, 0.000000000000000000, -1.000000000000000000 ) ) ;
#237 = ORIENTED_EDGE ( 'NONE', *, *, #941, .F. ) ;
#238 = FACE_BOUND ( 'NONE', #1050, .T. ) ;
#239 = DIRECTION ( 'NONE',  ( 1.000000000000000000, 0.000000000000000000, 0.000000000000000000 ) ) ;
#240 = CARTESIAN_POINT ( 'NONE',  ( 0.000000000000000000, 0.000000000000000000, 0.000000000000000000 ) ) ;
#241 = ORIENTED_EDGE ( 'NONE', *, *, #291, .F. ) ;
#242 = DIRECTION ( 'NONE',  ( 0.000000000000000000, 0.000000000000000000, 1.000000000000000000 ) ) ;
#243 = EDGE_LOOP ( 'NONE', ( #1291, #1150, #505, #908, #139 ) ) ;
#244 = DIRECTION ( 'NONE',  ( -0.000000000000000000, 1.000000000000000000, -0.000000000000000000 ) ) ;
#245 = DIRECTION ( 'NONE',  ( 0.000000000000000000, -1.000000000000000000, 0.000000000000000000 ) ) ;
#246 = APPLICATION_PROTOCOL_DEFINITION ( 'international standard', 'config_control_design', 1994, #354 ) ;
#247 = ORIENTED_EDGE ( 'NONE', *, *, #827, .T. ) ;
#248 = CARTESIAN_POINT ( 'NONE',  ( -15.50000000000000000, 10.80000000000008420, 2.500000000000000888 ) ) ;
#249 = AXIS2_PLACEMENT_3D ( 'NONE', #1185, #1263, #218 ) ;
#250 = CARTESIAN_POINT ( 'NONE',  ( -8.357864376269048989, 10.00000000000000000, 0.000000000000000000 ) ) ;
#251 = AXIS2_PLACEMENT_3D ( 'NONE', #165, #159, #595 ) ;
#252 = VECTOR ( 'NONE', #811, 1000.000000000000000 ) ;
#253 = VECTOR ( 'NONE', #185, 1000.000000000000000 ) ;
#254 = VECTOR ( 'NONE', #98, 1000.000000000000000 ) ;
#255 = DIRECTION ( 'NONE',  ( 0.000000000000000000, -0.000000000000000000, 1.000000000000000000 ) ) ;
#256 =( NAMED_UNIT ( * ) SI_UNIT ( $, .STERADIAN. ) SOLID_ANGLE_UNIT ( ) );
#257 = ORIENTED_EDGE ( 'NONE', *, *, #220, .T. ) ;
#258 = CARTESIAN_POINT ( 'NONE',  ( -8.357864376269048989, 0.000000000000000000, -6.500000000000000000 ) ) ;
#259 = PRODUCT ( 'Traba PlacaQR', 'Traba PlacaQR', '', ( #143 ) ) ;
#260 = CARTESIAN_POINT ( 'NONE',  ( 13.94949562914261065, 9.800000000000082423, -7.500000000000000000 ) ) ;
#261 = EDGE_CURVE ( 'NONE', #813, #1097, #122, .T. ) ;
#262 = SECURITY_CLASSIFICATION_LEVEL ( 'unclassified' ) ;
#263 = CARTESIAN_POINT ( 'NONE',  ( 17.51132180898752466, 2.541971061310219770, -7.500000000000000000 ) ) ;
#264 = ORIENTED_EDGE ( 'NONE', *, *, #25, .F. ) ;
#265 = CARTESIAN_POINT ( 'NONE',  ( 13.12825509116125211, 0.007727182573781270734, -6.642836205367354196 ) ) ;
#266 = EDGE_CURVE ( 'NONE', #328, #785, #36, .T. ) ;
#267 = ADVANCED_FACE ( 'NONE', ( #991 ), #333, .F. ) ;
#268 = DIRECTION ( 'NONE',  ( -0.000000000000000000, -0.000000000000000000, -1.000000000000000000 ) ) ;
#269 = PLANE ( 'NONE',  #251 ) ;
#270 = ORIENTED_EDGE ( 'NONE', *, *, #715, .T. ) ;
#271 = CARTESIAN_POINT ( 'NONE',  ( -8.690504370857388139, 9.300000000000084199, -7.500000000000000000 ) ) ;
#272 = AXIS2_PLACEMENT_3D ( 'NONE', #1115, #1347, #714 ) ;
#273 = ORGANIZATION ( 'UNSPECIFIED', 'UNSPECIFIED', '' ) ;
#274 = PERSON_AND_ORGANIZATION ( #99, #273 ) ;
#275 = VECTOR ( 'NONE', #59, 1000.000000000000000 ) ;
#276 = ADVANCED_FACE ( 'NONE', ( #1300 ), #115, .T. ) ;
#277 = CARTESIAN_POINT ( 'NONE',  ( 21.50566002126932474, 4.976117609605351433, -7.305460983705796885 ) ) ;
#278 = LINE ( 'NONE', #707, #520 ) ;
#279 = ORIENTED_EDGE ( 'NONE', *, *, #604, .F. ) ;
#280 = DIRECTION ( 'NONE',  ( 0.000000000000000000, 0.000000000000000000, 1.000000000000000000 ) ) ;
#281 = DIRECTION ( 'NONE',  ( 1.000000000000000000, 0.000000000000000000, -0.000000000000000000 ) ) ;
#282 = PERSON_AND_ORGANIZATION_ROLE ( 'design_supplier' ) ;
#283 = CARTESIAN_POINT ( 'NONE',  ( -8.690504370857388139, 10.80000000000008420, -6.500000000000000000 ) ) ;
#284 = EDGE_CURVE ( 'NONE', #716, #1073, #994, .T. ) ;
#285 = CARTESIAN_POINT ( 'NONE',  ( -8.357864376269048989, 10.00000000000000000, -6.500000000000000000 ) ) ;
#286 = ORIENTED_EDGE ( 'NONE', *, *, #1280, .T. ) ;
#287 = CARTESIAN_POINT ( 'NONE',  ( 20.89883572857448968, 9.800000000000082423, 0.000000000000000000 ) ) ;
#288 = DATE_AND_TIME ( #1125, #156 ) ;
#289 = DIRECTION ( 'NONE',  ( 0.000000000000000000, 0.000000000000000000, -1.000000000000000000 ) ) ;
#290 = FACE_OUTER_BOUND ( 'NONE', #640, .T. ) ;
#291 = EDGE_CURVE ( 'NONE', #1020, #97, #1349, .T. ) ;
#292 = ORIENTED_EDGE ( 'NONE', *, *, #330, .F. ) ;
#293 = DIRECTION ( 'NONE',  ( 0.000000000000000000, 0.000000000000000000, -1.000000000000000000 ) ) ;
#294 = EDGE_CURVE ( 'NONE', #1368, #1071, #817, .T. ) ;
#295 = CIRCLE ( 'NONE', #877, 0.1499999999999999667 ) ;
#296 = DIRECTION ( 'NONE',  ( 1.000000000000000000, 0.000000000000000000, 1.066538598138852326E-15 ) ) ;
#297 = CARTESIAN_POINT ( 'NONE',  ( 0.000000000000000000, 9.800000000000082423, -6.500000000000000000 ) ) ;
#298 = AXIS2_PLACEMENT_3D ( 'NONE', #1130, #142, #379 ) ;
#299 = ORIENTED_EDGE ( 'NONE', *, *, #266, .T. ) ;
#300 = CARTESIAN_POINT ( 'NONE',  ( 13.94949562914261065, 9.300000000000084199, -7.500000000000000000 ) ) ;
#301 = VERTEX_POINT ( 'NONE', #977 ) ;
#302 = EDGE_CURVE ( 'NONE', #1020, #832, #749, .T. ) ;
#303 = DIRECTION ( 'NONE',  ( 0.000000000000000000, 0.000000000000000000, -1.000000000000000000 ) ) ;
#304 = DIRECTION ( 'NONE',  ( -1.000000000000000000, 0.000000000000000000, 0.000000000000000000 ) ) ;
#305 = ORIENTED_EDGE ( 'NONE', *, *, #768, .T. ) ;
#306 = CARTESIAN_POINT ( 'NONE',  ( 0.000000000000000000, 10.80000000000008420, -6.500000000000000000 ) ) ;
#307 = VERTEX_POINT ( 'NONE', #213 ) ;
#308 = CARTESIAN_POINT ( 'NONE',  ( -15.50000000000000000, 10.80000000000008420, -7.500000000000000000 ) ) ;
#309 = ADVANCED_FACE ( 'NONE', ( #444 ), #769, .F. ) ;
#310 = EDGE_CURVE ( 'NONE', #81, #616, #431, .T. ) ;
#311 = FACE_OUTER_BOUND ( 'NONE', #227, .T. ) ;
#312 = ORIENTED_EDGE ( 'NONE', *, *, #787, .T. ) ;
#313 = LINE ( 'NONE', #1383, #226 ) ;
#314 = ORIENTED_EDGE ( 'NONE', *, *, #885, .F. ) ;
#315 = DIRECTION ( 'NONE',  ( -0.000000000000000000, -0.000000000000000000, -1.000000000000000000 ) ) ;
#316 = VECTOR ( 'NONE', #630, 1000.000000000000000 ) ;
#317 = CYLINDRICAL_SURFACE ( 'NONE', #1348, 1.750000000000001554 ) ;
#318 = ADVANCED_FACE ( 'NONE', ( #1320 ), #593, .F. ) ;
#319 = VECTOR ( 'NONE', #720, 1000.000000000000000 ) ;
#320 = ORIENTED_EDGE ( 'NONE', *, *, #935, .F. ) ;
#321 = VECTOR ( 'NONE', #732, 1000.000000000000000 ) ;
#322 = AXIS2_PLACEMENT_3D ( 'NONE', #884, #1206, #674 ) ;
#323 = ORIENTED_EDGE ( 'NONE', *, *, #448, .T. ) ;
#324 = DIRECTION ( 'NONE',  ( 1.000000000000000000, 0.000000000000000000, 0.000000000000000000 ) ) ;
#325 = LINE ( 'NONE', #955, #1019 ) ;
#326 = CYLINDRICAL_SURFACE ( 'NONE', #1018, 1.000000000000000000 ) ;
#327 = ADVANCED_FACE ( 'NONE', ( #1124 ), #372, .T. ) ;
#328 = VERTEX_POINT ( 'NONE', #800 ) ;
#329 = LINE ( 'NONE', #635, #1133 ) ;
#330 = EDGE_CURVE ( 'NONE', #883, #792, #945, .T. ) ;
#331 = ORIENTED_EDGE ( 'NONE', *, *, #232, .T. ) ;
#332 = CARTESIAN_POINT ( 'NONE',  ( -8.357864376269048989, 10.00000000000000000, -7.500000000000000000 ) ) ;
#333 = PLANE ( 'NONE',  #837 ) ;
#334 = ORIENTED_EDGE ( 'NONE', *, *, #866, .T. ) ;
#335 = CARTESIAN_POINT ( 'NONE',  ( -5.353268940907468298, 2.252495097841089589, 6.500000000000000888 ) ) ;
#336 = VERTEX_POINT ( 'NONE', #484 ) ;
#337 = CARTESIAN_POINT ( 'NONE',  ( 1.309495629142612083, 9.800000000000082423, -7.500000000000000000 ) ) ;
#338 = EDGE_CURVE ( 'NONE', #411, #549, #907, .T. ) ;
#339 = DIRECTION ( 'NONE',  ( 0.000000000000000000, 0.000000000000000000, -1.000000000000000000 ) ) ;
#340 = PLANE ( 'NONE',  #725 ) ;
#341 = VERTEX_POINT ( 'NONE', #466 ) ;
#342 = LINE ( 'NONE', #1002, #631 ) ;
#343 = CIRCLE ( 'NONE', #501, 4.070689822017116377 ) ;
#344 = AXIS2_PLACEMENT_3D ( 'NONE', #65, #929, #585 ) ;
#345 = ORIENTED_EDGE ( 'NONE', *, *, #1047, .T. ) ;
#346 = PLANE ( 'NONE',  #178 ) ;
#347 = CIRCLE ( 'NONE', #66, 5.070689822017117265 ) ;
#348 = VECTOR ( 'NONE', #1163, 1000.000000000000000 ) ;
#349 = ADVANCED_FACE ( 'NONE', ( #576 ), #592, .T. ) ;
#350 = CARTESIAN_POINT ( 'NONE',  ( 0.000000000000000000, 9.300000000000084199, 0.000000000000000000 ) ) ;
#351 = ORIENTED_EDGE ( 'NONE', *, *, #895, .T. ) ;
#352 = DIRECTION ( 'NONE',  ( -1.000000000000000000, 0.000000000000000000, 0.000000000000000000 ) ) ;
#353 = ORIENTED_EDGE ( 'NONE', *, *, #155, .F. ) ;
#354 = APPLICATION_CONTEXT ( 'configuration controlled 3d designs of mechanical parts and assemblies' ) ;
#355 = DIRECTION ( 'NONE',  ( 0.000000000000000000, 0.000000000000000000, -1.000000000000000000 ) ) ;
#356 = EDGE_CURVE ( 'NONE', #898, #125, #711, .T. ) ;
#357 = SPHERICAL_SURFACE ( 'NONE', #1238, 1.000000000000000000 ) ;
#358 = DIRECTION ( 'NONE',  ( -0.000000000000000000, -0.000000000000000000, 1.000000000000000000 ) ) ;
#359 = VERTEX_POINT ( 'NONE', #605 ) ;
#360 = CARTESIAN_POINT ( 'NONE',  ( 16.87949562914261037, 10.80000000000008420, 2.500000000000033751 ) ) ;
#361 = ORIENTED_EDGE ( 'NONE', *, *, #166, .F. ) ;
#362 = CARTESIAN_POINT ( 'NONE',  ( -13.91186226099138779, 2.588137739008613103, -7.473782272446144681 ) ) ;
#363 = CARTESIAN_POINT ( 'NONE',  ( -13.72473118348431598, 2.775268816515661374, -7.500000000000000000 ) ) ;
#364 = ORIENTED_EDGE ( 'NONE', *, *, #397, .T. ) ;
#365 = EDGE_CURVE ( 'NONE', #125, #699, #915, .T. ) ;
#366 = DIRECTION ( 'NONE',  ( 0.000000000000000000, 0.000000000000000000, 1.000000000000000000 ) ) ;
#367 = AXIS2_PLACEMENT_3D ( 'NONE', #1373, #1214, #255 ) ;
#368 = VERTEX_POINT ( 'NONE', #1010 ) ;
#369 = CARTESIAN_POINT ( 'NONE',  ( -14.29458429017247312, 2.205415709827506898, -7.116652140921888581 ) ) ;
#370 = VECTOR ( 'NONE', #1232, 1000.000000000000000 ) ;
#371 = AXIS2_PLACEMENT_3D ( 'NONE', #934, #303, #198 ) ;
#372 = PLANE ( 'NONE',  #971 ) ;
#373 = LINE ( 'NONE', #1014, #704 ) ;
#374 = LINE ( 'NONE', #691, #1082 ) ;
#375 = CARTESIAN_POINT ( 'NONE',  ( 21.01132180898752466, 2.541971061310219770, -2.500000000000000000 ) ) ;
#376 = EDGE_LOOP ( 'NONE', ( #449, #1144, #634, #70 ) ) ;
#377 = FACE_OUTER_BOUND ( 'NONE', #708, .T. ) ;
#378 = ADVANCED_FACE ( 'NONE', ( #49 ), #900, .F. ) ;
#379 = DIRECTION ( 'NONE',  ( 0.000000000000000000, 0.000000000000000000, -1.000000000000000000 ) ) ;
#380 = PERSON_AND_ORGANIZATION_ROLE ( 'classification_officer' ) ;
#381 = DIRECTION ( 'NONE',  ( 0.000000000000000000, 0.000000000000000000, -1.000000000000000000 ) ) ;
#382 = CARTESIAN_POINT ( 'NONE',  ( 16.87949562914261037, 10.80000000000008420, -4.600000000001414513 ) ) ;
#383 = ORIENTED_EDGE ( 'NONE', *, *, #365, .T. ) ;
#384 = FACE_OUTER_BOUND ( 'NONE', #460, .T. ) ;
#385 = EDGE_LOOP ( 'NONE', ( #531, #1036, #1008, #46, #627, #957 ) ) ;
#386 = AXIS2_PLACEMENT_3D ( 'NONE', #1301, #452, #1105 ) ;
#387 = ADVANCED_FACE ( 'NONE', ( #910 ), #500, .T. ) ;
#388 = CC_DESIGN_SECURITY_CLASSIFICATION ( #229, ( #656 ) ) ;
#389 = COORDINATED_UNIVERSAL_TIME_OFFSET ( 3, 0, .BEHIND. ) ;
#390 = AXIS2_PLACEMENT_3D ( 'NONE', #518, #843, #206 ) ;
#391 = CARTESIAN_POINT ( 'NONE',  ( 14.01132180898752644, 2.541971061310220215, -7.500000000000000000 ) ) ;
#392 = ORIENTED_EDGE ( 'NONE', *, *, #980, .T. ) ;
#393 = APPROVAL_DATE_TIME ( #1139, #705 ) ;
#394 = EDGE_CURVE ( 'NONE', #1052, #1020, #686, .T. ) ;
#395 = CARTESIAN_POINT ( 'NONE',  ( 13.12380788940056142, 0.000000000000000000, -6.499999999999999112 ) ) ;
#396 = DIRECTION ( 'NONE',  ( 0.000000000000000000, 0.000000000000000000, -1.000000000000000000 ) ) ;
#397 = EDGE_CURVE ( 'NONE', #235, #874, #644, .T. ) ;
#398 = LINE ( 'NONE', #828, #404 ) ;
#399 = FACE_OUTER_BOUND ( 'NONE', #1199, .T. ) ;
#400 = CARTESIAN_POINT ( 'NONE',  ( -5.653268940907469009, 2.252495097841089589, 6.500000000000000888 ) ) ;
#401 = EDGE_CURVE ( 'NONE', #215, #341, #418, .T. ) ;
#402 = CARTESIAN_POINT ( 'NONE',  ( -16.50000000000000000, 8.500000000000000000, 2.500000000000000000 ) ) ;
#403 = ORIENTED_EDGE ( 'NONE', *, *, #537, .F. ) ;
#404 = VECTOR ( 'NONE', #183, 1000.000000000000000 ) ;
#405 = CYLINDRICAL_SURFACE ( 'NONE', #499, 1.000000000000000000 ) ;
#406 = CARTESIAN_POINT ( 'NONE',  ( -16.50000000000000000, 8.500000000000000000, 2.500000000000000000 ) ) ;
#407 = VECTOR ( 'NONE', #620, 1000.000000000000000 ) ;
#408 = AXIS2_PLACEMENT_3D ( 'NONE', #233, #7, #1196 ) ;
#409 = EDGE_LOOP ( 'NONE', ( #33, #439, #666, #788 ) ) ;
#410 = LINE ( 'NONE', #628, #990 ) ;
#411 = VERTEX_POINT ( 'NONE', #104 ) ;
#412 = DIRECTION ( 'NONE',  ( 0.000000000000000000, 0.000000000000000000, -1.000000000000000000 ) ) ;
#413 = ADVANCED_FACE ( 'NONE', ( #651 ), #1167, .T. ) ;
#414 = DIRECTION ( 'NONE',  ( -0.000000000000000000, 0.000000000000000000, 1.000000000000000000 ) ) ;
#415 = CYLINDRICAL_SURFACE ( 'NONE', #1085, 1.000000000000000000 ) ;
#416 = CARTESIAN_POINT ( 'NONE',  ( 17.51132180898752466, 2.541971061310219770, 2.500000000000000444 ) ) ;
#417 = EDGE_LOOP ( 'NONE', ( #841, #257, #320, #1382 ) ) ;
#418 = LINE ( 'NONE', #753, #6 ) ;
#419 = EDGE_CURVE ( 'NONE', #81, #555, #1040, .T. ) ;
#420 = LINE ( 'NONE', #733, #429 ) ;
#421 = ORIENTED_EDGE ( 'NONE', *, *, #1386, .T. ) ;
#422 = DIRECTION ( 'NONE',  ( 0.000000000000000000, 0.000000000000000000, -1.000000000000000000 ) ) ;
#423 = ORIENTED_EDGE ( 'NONE', *, *, #481, .F. ) ;
#424 = PLANE ( 'NONE',  #1366 ) ;
#425 = EDGE_CURVE ( 'NONE', #446, #215, #924, .T. ) ;
#426 = AXIS2_PLACEMENT_3D ( 'NONE', #250, #47, #1021 ) ;
#427 = CARTESIAN_POINT ( 'NONE',  ( 15.76132180898752466, 2.541971061310219770, -2.500000000000000000 ) ) ;
#428 = VECTOR ( 'NONE', #1261, 1000.000000000000000 ) ;
#429 = VECTOR ( 'NONE', #528, 1000.000000000000000 ) ;
#430 = EDGE_LOOP ( 'NONE', ( #513, #1160 ) ) ;
#431 = CIRCLE ( 'NONE', #796, 1.000000000000000000 ) ;
#432 = LINE ( 'NONE', #846, #968 ) ;
#433 = CIRCLE ( 'NONE', #197, 2.149999999999999911 ) ;
#434 = ORIENTED_EDGE ( 'NONE', *, *, #858, .T. ) ;
#435 = DIRECTION ( 'NONE',  ( -1.000000000000000000, 0.000000000000000000, 0.000000000000000000 ) ) ;
#436 = CARTESIAN_POINT ( 'NONE',  ( 13.94949562914261065, 9.300000000000084199, -4.600000000001414513 ) ) ;
#437 = EDGE_CURVE ( 'NONE', #204, #979, #1093, .T. ) ;
#438 = DIRECTION ( 'NONE',  ( -0.000000000000000000, -1.000000000000000000, -0.000000000000000000 ) ) ;
#439 = ORIENTED_EDGE ( 'NONE', *, *, #1294, .T. ) ;
#440 = EDGE_CURVE ( 'NONE', #932, #97, #205, .T. ) ;
#441 = LINE ( 'NONE', #194, #200 ) ;
#442 = VERTEX_POINT ( 'NONE', #228 ) ;
#443 = DIRECTION ( 'NONE',  ( 0.000000000000000000, 0.000000000000000000, 1.000000000000000000 ) ) ;
#444 = FACE_OUTER_BOUND ( 'NONE', #409, .T. ) ;
#445 = DIRECTION ( 'NONE',  ( 1.000000000000000000, -0.000000000000000000, 0.000000000000000000 ) ) ;
#446 = VERTEX_POINT ( 'NONE', #13 ) ;
#447 = LINE ( 'NONE', #793, #724 ) ;
#448 = EDGE_CURVE ( 'NONE', #1078, #551, #433, .T. ) ;
#449 = ORIENTED_EDGE ( 'NONE', *, *, #557, .T. ) ;
#450 = CARTESIAN_POINT ( 'NONE',  ( 17.51132180898752466, 2.541971061310219770, 7.449747468305832676 ) ) ;
#451 = ORIENTED_EDGE ( 'NONE', *, *, #302, .F. ) ;
#452 = DIRECTION ( 'NONE',  ( 0.000000000000000000, 0.000000000000000000, -1.000000000000000000 ) ) ;
#453 = AXIS2_PLACEMENT_3D ( 'NONE', #621, #1045, #483 ) ;
#454 = AXIS2_PLACEMENT_3D ( 'NONE', #1063, #199, #949 ) ;
#455 = ADVANCED_FACE ( 'NONE', ( #91 ), #660, .F. ) ;
#456 = AXIS2_PLACEMENT_3D ( 'NONE', #1346, #1140, #164 ) ;
#457 = DIRECTION ( 'NONE',  ( -1.000000000000000000, 0.000000000000000000, 0.000000000000000000 ) ) ;
#458 = VERTEX_POINT ( 'NONE', #1284 ) ;
#459 = LINE ( 'NONE', #689, #1367 ) ;
#460 = EDGE_LOOP ( 'NONE', ( #693, #1142, #942, #780 ) ) ;
#461 = CARTESIAN_POINT ( 'NONE',  ( -16.50000000000000000, 8.142135623730959892, -6.499999999999999112 ) ) ;
#462 = DIRECTION ( 'NONE',  ( -0.000000000000000000, 1.000000000000000000, -0.000000000000000000 ) ) ;
#463 = PLANE ( 'NONE',  #795 ) ;
#464 = ORIENTED_EDGE ( 'NONE', *, *, #338, .F. ) ;
#465 = CARTESIAN_POINT ( 'NONE',  ( 13.14559884252483712, 0.03772989291358517377, -6.781147233268641550 ) ) ;
#466 = CARTESIAN_POINT ( 'NONE',  ( -14.43871713418297098, 2.061282865817005927, -6.500000000000000000 ) ) ;
#467 = DATE_TIME_ROLE ( 'classification_date' ) ;
#468 = EDGE_CURVE ( 'NONE', #31, #710, #989, .T. ) ;
#469 = CARTESIAN_POINT ( 'NONE',  ( 21.15616358981883849, 4.876075611970248858, -7.474825577261372089 ) ) ;
#470 = AXIS2_PLACEMENT_3D ( 'NONE', #1303, #355, #781 ) ;
#471 = VERTEX_POINT ( 'NONE', #337 ) ;
#472 = DIRECTION ( 'NONE',  ( 0.000000000000000000, -1.000000000000000000, -2.296870783009625981E-16 ) ) ;
#473 = AXIS2_PLACEMENT_3D ( 'NONE', #1029, #188, #603 ) ;
#474 = APPROVAL_PERSON_ORGANIZATION ( #1112, #642, #577 ) ;
#475 = AXIS2_PLACEMENT_3D ( 'NONE', #776, #221, #654 ) ;
#476 = DIRECTION ( 'NONE',  ( -0.000000000000000000, -0.000000000000000000, 1.000000000000000000 ) ) ;
#477 = APPROVAL_ROLE ( '' ) ;
#478 = CC_DESIGN_PERSON_AND_ORGANIZATION_ASSIGNMENT ( #274, #819, ( #656 ) ) ;
#479 = ORIENTED_EDGE ( 'NONE', *, *, #155, .T. ) ;
#480 = CARTESIAN_POINT ( 'NONE',  ( -16.50000000000000000, 9.800000000000082423, 2.500000000000000000 ) ) ;
#481 = EDGE_CURVE ( 'NONE', #1147, #807, #1218, .T. ) ;
#482 = ORIENTED_EDGE ( 'NONE', *, *, #825, .T. ) ;
#483 = DIRECTION ( 'NONE',  ( 1.000000000000000000, 0.000000000000000000, 0.000000000000000000 ) ) ;
#484 = CARTESIAN_POINT ( 'NONE',  ( 20.89883572857448968, 4.799240445251425236, -7.500000000000000000 ) ) ;
#485 = DIRECTION ( 'NONE',  ( -0.000000000000000000, -0.000000000000000000, 1.000000000000000000 ) ) ;
#486 = DIRECTION ( 'NONE',  ( 0.000000000000000000, -1.000000000000000000, 0.000000000000000000 ) ) ;
#487 = ORIENTED_EDGE ( 'NONE', *, *, #148, .T. ) ;
#488 = CARTESIAN_POINT ( 'NONE',  ( -8.357864376269048989, 1.000000000000000000, -6.500000000000000000 ) ) ;
#489 = ADVANCED_FACE ( 'NONE', ( #1174 ), #424, .T. ) ;
#490 = VERTEX_POINT ( 'NONE', #112 ) ;
#491 = DIRECTION ( 'NONE',  ( 0.000000000000000000, 0.000000000000000000, -1.000000000000000000 ) ) ;
#492 = DIRECTION ( 'NONE',  ( 0.000000000000000000, 0.000000000000000000, -1.000000000000000000 ) ) ;
#493 = ORIENTED_EDGE ( 'NONE', *, *, #176, .T. ) ;
#494 = CARTESIAN_POINT ( 'NONE',  ( 21.01132180898752466, 2.541971061310219770, -7.500000000000000000 ) ) ;
#495 = VECTOR ( 'NONE', #954, 1000.000000000000000 ) ;
#496 = EDGE_CURVE ( 'NONE', #215, #204, #744, .T. ) ;
#497 = AXIS2_PLACEMENT_3D ( 'NONE', #1132, #396, #1141 ) ;
#498 = AXIS2_PLACEMENT_3D ( 'NONE', #1120, #663, #1095 ) ;
#499 = AXIS2_PLACEMENT_3D ( 'NONE', #191, #1048, #738 ) ;
#500 = PLANE ( 'NONE',  #367 ) ;
#501 = AXIS2_PLACEMENT_3D ( 'NONE', #617, #293, #1240 ) ;
#502 = ORIENTED_EDGE ( 'NONE', *, *, #397, .F. ) ;
#503 = CYLINDRICAL_SURFACE ( 'NONE', #113, 2.149999999999999911 ) ;
#504 = CARTESIAN_POINT ( 'NONE',  ( 3.949495629142611097, 9.300000000000084199, -7.500000000000000000 ) ) ;
#505 = ORIENTED_EDGE ( 'NONE', *, *, #1012, .F. ) ;
#506 = EDGE_CURVE ( 'NONE', #682, #10, #983, .T. ) ;
#507 = DIRECTION ( 'NONE',  ( 0.000000000000000000, 0.000000000000000000, -1.000000000000000000 ) ) ;
#508 = FACE_OUTER_BOUND ( 'NONE', #650, .T. ) ;
#509 = ORIENTED_EDGE ( 'NONE', *, *, #232, .F. ) ;
#510 = DIRECTION ( 'NONE',  ( 0.000000000000000000, 0.000000000000000000, 1.000000000000000000 ) ) ;
#511 = PRODUCT_DEFINITION ( 'UNKNOWN', '', #656, #902 ) ;
#512 = CARTESIAN_POINT ( 'NONE',  ( 17.51132180898752466, 2.541971061310219770, -7.500000000000000000 ) ) ;
#513 = ORIENTED_EDGE ( 'NONE', *, *, #986, .F. ) ;
#514 = EDGE_CURVE ( 'NONE', #1116, #1357, #536, .T. ) ;
#515 = EDGE_LOOP ( 'NONE', ( #423, #869, #1165, #759 ) ) ;
#516 = CIRCLE ( 'NONE', #1274, 2.000000000000000000 ) ;
#517 = AXIS2_PLACEMENT_3D ( 'NONE', #416, #209, #530 ) ;
#518 = CARTESIAN_POINT ( 'NONE',  ( -5.503268940907468654, 2.252495097841089589, 4.500000000000000888 ) ) ;
#519 = PLANE ( 'NONE',  #454 ) ;
#520 = VECTOR ( 'NONE', #625, 1000.000000000000000 ) ;
#521 = VECTOR ( 'NONE', #754, 1000.000000000000000 ) ;
#522 = ORIENTED_EDGE ( 'NONE', *, *, #825, .F. ) ;
#523 = LINE ( 'NONE', #1391, #1 ) ;
#524 = EDGE_CURVE ( 'NONE', #490, #211, #677, .T. ) ;
#525 = ORIENTED_EDGE ( 'NONE', *, *, #310, .T. ) ;
#526 = DIRECTION ( 'NONE',  ( -0.000000000000000000, -0.000000000000000000, 1.000000000000000000 ) ) ;
#527 = CARTESIAN_POINT ( 'NONE',  ( -16.50000000000000000, 10.80000000000008420, 2.500000000000000000 ) ) ;
#528 = DIRECTION ( 'NONE',  ( -0.000000000000000000, 0.000000000000000000, 1.000000000000000000 ) ) ;
#529 = EDGE_LOOP ( 'NONE', ( #1384, #1344, #493, #1056, #1267 ) ) ;
#530 = DIRECTION ( 'NONE',  ( -1.000000000000000000, 0.000000000000000000, 0.000000000000000000 ) ) ;
#531 = ORIENTED_EDGE ( 'NONE', *, *, #1387, .F. ) ;
#532 = CARTESIAN_POINT ( 'NONE',  ( 16.87949562914261037, 10.80000000000008420, 2.500000000000033751 ) ) ;
#533 = DIRECTION ( 'NONE',  ( -0.000000000000000000, -0.000000000000000000, 1.000000000000000000 ) ) ;
#534 = ORIENTED_EDGE ( 'NONE', *, *, #468, .F. ) ;
#535 = ORIENTED_EDGE ( 'NONE', *, *, #912, .F. ) ;
#536 = LINE ( 'NONE', #1068, #495 ) ;
#537 = EDGE_CURVE ( 'NONE', #551, #1078, #853, .T. ) ;
#538 = EDGE_CURVE ( 'NONE', #307, #31, #187, .T. ) ;
#539 = DIRECTION ( 'NONE',  ( 0.000000000000000000, 0.000000000000000000, 1.000000000000000000 ) ) ;
#540 = DIRECTION ( 'NONE',  ( -0.000000000000000000, -1.000000000000000000, -0.000000000000000000 ) ) ;
#541 = CIRCLE ( 'NONE', #386, 1.750000000000001554 ) ;
#542 = APPROVAL_PERSON_ORGANIZATION ( #50, #1227, #1131 ) ;
#543 = AXIS2_PLACEMENT_3D ( 'NONE', #1088, #339, #1101 ) ;
#544 = DIRECTION ( 'NONE',  ( -0.000000000000000000, -1.000000000000000000, -0.000000000000000000 ) ) ;
#545 = EDGE_LOOP ( 'NONE', ( #128, #323, #618, #138 ) ) ;
#546 = DIRECTION ( 'NONE',  ( 0.000000000000000000, -0.000000000000000000, -1.000000000000000000 ) ) ;
#547 = CARTESIAN_POINT ( 'NONE',  ( -15.50000000000000000, 9.800000000000082423, -6.500000000000000000 ) ) ;
#548 = DIRECTION ( 'NONE',  ( 0.000000000000000000, -0.000000000000000000, 1.000000000000000000 ) ) ;
#549 = VERTEX_POINT ( 'NONE', #260 ) ;
#550 = LINE ( 'NONE', #889, #905 ) ;
#551 = VERTEX_POINT ( 'NONE', #147 ) ;
#552 = DIRECTION ( 'NONE',  ( 0.000000000000000000, 0.000000000000000000, 1.000000000000000000 ) ) ;
#553 = FACE_OUTER_BOUND ( 'NONE', #873, .T. ) ;
#554 = EDGE_CURVE ( 'NONE', #710, #555, #1004, .T. ) ;
#555 = VERTEX_POINT ( 'NONE', #909 ) ;
#556 = CARTESIAN_POINT ( 'NONE',  ( -8.357864376269048989, 0.000000000000000000, -7.500000000000000000 ) ) ;
#557 = EDGE_CURVE ( 'NONE', #211, #341, #623, .T. ) ;
#558 = ORIENTED_EDGE ( 'NONE', *, *, #1096, .F. ) ;
#559 = DIRECTION ( 'NONE',  ( -1.000000000000000000, 0.000000000000000000, 0.000000000000000000 ) ) ;
#560 = CARTESIAN_POINT ( 'NONE',  ( -14.43871713418297098, 2.061282865817005927, 2.500000000000000000 ) ) ;
#561 = AXIS2_PLACEMENT_3D ( 'NONE', #743, #3, #552 ) ;
#562 = ORIENTED_EDGE ( 'NONE', *, *, #284, .F. ) ;
#563 = CARTESIAN_POINT ( 'NONE',  ( 17.51132180898752466, 2.541971061310219770, -2.500000000000000000 ) ) ;
#564 = AXIS2_PLACEMENT_3D ( 'NONE', #124, #366, #995 ) ;
#565 = EDGE_LOOP ( 'NONE', ( #773, #1099, #314, #975, #12, #305, #286, #182, #987, #1355, #193, #1376, #392, #123, #1104 ) ) ;
#566 = CARTESIAN_POINT ( 'NONE',  ( 17.51132180898752466, 2.541971061310219770, -7.500000000000000000 ) ) ;
#567 = AXIS2_PLACEMENT_3D ( 'NONE', #1285, #1187, #668 ) ;
#568 = ADVANCED_FACE ( 'NONE', ( #1309 ), #803, .T. ) ;
#569 = COORDINATED_UNIVERSAL_TIME_OFFSET ( 3, 0, .BEHIND. ) ;
#570 = ORIENTED_EDGE ( 'NONE', *, *, #601, .F. ) ;
#571 = LINE ( 'NONE', #556, #1295 ) ;
#572 = EDGE_LOOP ( 'NONE', ( #1090, #664, #643, #896 ) ) ;
#573 = FACE_OUTER_BOUND ( 'NONE', #637, .T. ) ;
#574 = EDGE_CURVE ( 'NONE', #883, #840, #374, .T. ) ;
#575 = EDGE_CURVE ( 'NONE', #1282, #368, #152, .T. ) ;
#576 = FACE_OUTER_BOUND ( 'NONE', #376, .T. ) ;
#577 = APPROVAL_ROLE ( '' ) ;
#578 = ORIENTED_EDGE ( 'NONE', *, *, #129, .T. ) ;
#579 = ORIENTED_EDGE ( 'NONE', *, *, #554, .F. ) ;
#580 = CARTESIAN_POINT ( 'NONE',  ( -14.34790601072939609, 2.152093989270586150, -7.005638856300339334 ) ) ;
#581 = DIRECTION ( 'NONE',  ( 0.000000000000000000, 0.000000000000000000, -1.000000000000000000 ) ) ;
#582 = PERSON_AND_ORGANIZATION ( #99, #273 ) ;
#583 = ADVANCED_FACE ( 'NONE', ( #238, #683 ), #346, .T. ) ;
#584 = LINE ( 'NONE', #1229, #275 ) ;
#585 = DIRECTION ( 'NONE',  ( 0.000000000000000000, -0.000000000000000000, 1.000000000000000000 ) ) ;
#586 = AXIS2_PLACEMENT_3D ( 'NONE', #976, #960, #443 ) ;
#587 = EDGE_LOOP ( 'NONE', ( #403, #950, #570, #558 ) ) ;
#588 = CYLINDRICAL_SURFACE ( 'NONE', #943, 1.750000000000001554 ) ;
#589 = VECTOR ( 'NONE', #1224, 1000.000000000000000 ) ;
#590 = ORIENTED_EDGE ( 'NONE', *, *, #294, .F. ) ;
#591 = CC_DESIGN_APPROVAL ( #642, ( #511 ) ) ;
#592 = TOROIDAL_SURFACE ( 'NONE', #613, 9.000000000000001776, 1.000000000000000000 ) ;
#593 = PLANE ( 'NONE',  #134 ) ;
#594 = PLANE ( 'NONE',  #456 ) ;
#595 = DIRECTION ( 'NONE',  ( 0.000000000000000000, 0.000000000000000000, -1.000000000000000000 ) ) ;
#596 = EDGE_LOOP ( 'NONE', ( #765, #1308, #1307, #479 ) ) ;
#597 = CARTESIAN_POINT ( 'NONE',  ( 0.000000000000000000, 8.500000000000000000, 0.000000000000000000 ) ) ;
#598 = ORIENTED_EDGE ( 'NONE', *, *, #601, .T. ) ;
#599 = CARTESIAN_POINT ( 'NONE',  ( 21.89883572857448968, 5.083942122620439541, -6.499999999999999112 ) ) ;
#600 = FACE_OUTER_BOUND ( 'NONE', #965, .T. ) ;
#601 = EDGE_CURVE ( 'NONE', #847, #1128, #967, .T. ) ;
#602 = VERTEX_POINT ( 'NONE', #461 ) ;
#603 = DIRECTION ( 'NONE',  ( -1.000000000000000000, 0.000000000000000000, 0.000000000000000000 ) ) ;
#604 = EDGE_CURVE ( 'NONE', #1116, #10, #126, .T. ) ;
#605 = CARTESIAN_POINT ( 'NONE',  ( 13.94949562914261065, 9.300000000000084199, -7.500000000000000000 ) ) ;
#606 = DIRECTION ( 'NONE',  ( -1.000000000000000000, 0.000000000000000000, 0.000000000000000000 ) ) ;
#607 = ORIENTED_EDGE ( 'NONE', *, *, #1170, .F. ) ;
#608 = LINE ( 'NONE', #730, #812 ) ;
#609 = VECTOR ( 'NONE', #1228, 1000.000000000000000 ) ;
#610 = ORIENTED_EDGE ( 'NONE', *, *, #784, .F. ) ;
#611 = AXIS2_PLACEMENT_3D ( 'NONE', #649, #764, #88 ) ;
#612 = VECTOR ( 'NONE', #540, 1000.000000000000000 ) ;
#613 = AXIS2_PLACEMENT_3D ( 'NONE', #1119, #412, #696 ) ;
#614 = CARTESIAN_POINT ( 'NONE',  ( 19.26132180898752821, 2.541971061310219770, 2.500000000000000444 ) ) ;
#615 = LINE ( 'NONE', #1244, #1058 ) ;
#616 = VERTEX_POINT ( 'NONE', #140 ) ;
#617 = CARTESIAN_POINT ( 'NONE',  ( 17.51132180898752466, 2.541971061310219770, -7.500000000000000000 ) ) ;
#618 = ORIENTED_EDGE ( 'NONE', *, *, #1372, .T. ) ;
#619 = CARTESIAN_POINT ( 'NONE',  ( 1.309495629142612083, 9.300000000000084199, -4.600000000001414513 ) ) ;
#620 = DIRECTION ( 'NONE',  ( 0.000000000000000000, -1.000000000000000000, 0.000000000000000000 ) ) ;
#621 = CARTESIAN_POINT ( 'NONE',  ( -6.500000000000000888, 8.142135623730959892, -2.500000000000000000 ) ) ;
#622 = EDGE_LOOP ( 'NONE', ( #1107, #1001, #610, #247 ) ) ;
#623 = B_SPLINE_CURVE_WITH_KNOTS ( 'NONE', 3,
 ( #1100, #891, #362, #789, #24, #369, #580, #1108, #799, #1329 ),
 .UNSPECIFIED., .F., .F.,
 ( 4, 2, 2, 2, 4 ),
 ( -1.176880261892462863E-05, 0.0003839121435170460457, 0.0007795930896530166472, 0.001175274035788987466, 0.001570954981924958067 ),
 .UNSPECIFIED. ) ;
#624 = CARTESIAN_POINT ( 'NONE',  ( 20.89883572857448968, 10.80000000000008420, -6.500000000000000888 ) ) ;
#625 = DIRECTION ( 'NONE',  ( -0.000000000000000000, 1.000000000000000000, -0.000000000000000000 ) ) ;
#626 = ADVANCED_FACE ( 'NONE', ( #573 ), #588, .F. ) ;
#627 = ORIENTED_EDGE ( 'NONE', *, *, #96, .T. ) ;
#628 = CARTESIAN_POINT ( 'NONE',  ( 21.01132180898752466, 2.541971061310219770, -7.500000000000000000 ) ) ;
#629 = ORIENTED_EDGE ( 'NONE', *, *, #1186, .F. ) ;
#630 = DIRECTION ( 'NONE',  ( -0.000000000000000000, 1.000000000000000000, 0.000000000000000000 ) ) ;
#631 = VECTOR ( 'NONE', #1314, 1000.000000000000000 ) ;
#632 = AXIS2_PLACEMENT_3D ( 'NONE', #1024, #918, #1340 ) ;
#633 = CARTESIAN_POINT ( 'NONE',  ( -16.50000000000000000, 8.142135623730959892, 2.500000000000000000 ) ) ;
#634 = ORIENTED_EDGE ( 'NONE', *, *, #45, .T. ) ;
#635 = CARTESIAN_POINT ( 'NONE',  ( 13.94949562914261065, 9.300000000000084199, -7.500000000000000000 ) ) ;
#636 = ADVANCED_FACE ( 'NONE', ( #988 ), #901, .T. ) ;
#637 = EDGE_LOOP ( 'NONE', ( #74, #351, #1390, #1260 ) ) ;
#638 = CARTESIAN_POINT ( 'NONE',  ( 0.000000000000000000, 9.300000000000084199, 0.000000000000000000 ) ) ;
#639 = DIRECTION ( 'NONE',  ( 0.000000000000000000, 0.000000000000000000, 1.000000000000000000 ) ) ;
#640 = EDGE_LOOP ( 'NONE', ( #1180, #1313, #778, #1275 ) ) ;
#641 = LINE ( 'NONE', #1190, #1254 ) ;
#642 = APPROVAL ( #137, 'UNSPECIFIED' ) ;
#643 = ORIENTED_EDGE ( 'NONE', *, *, #1220, .T. ) ;
#644 = LINE ( 'NONE', #532, #254 ) ;
#645 = EDGE_CURVE ( 'NONE', #1357, #471, #48, .T. ) ;
#646 = DIRECTION ( 'NONE',  ( -1.000000000000000000, 0.000000000000000000, 0.000000000000000000 ) ) ;
#647 = CARTESIAN_POINT ( 'NONE',  ( 20.89883572857448968, 5.083942122620439541, -7.500000000000000000 ) ) ;
#648 = ORIENTED_EDGE ( 'NONE', *, *, #834, .F. ) ;
#649 = CARTESIAN_POINT ( 'NONE',  ( -6.500000000000000888, 8.142135623730959892, -6.500000000000000888 ) ) ;
#650 = EDGE_LOOP ( 'NONE', ( #270, #201, #16, #752 ) ) ;
#651 = FACE_OUTER_BOUND ( 'NONE', #515, .T. ) ;
#652 = EDGE_CURVE ( 'NONE', #742, #442, #34, .T. ) ;
#653 = VECTOR ( 'NONE', #163, 1000.000000000000000 ) ;
#654 = DIRECTION ( 'NONE',  ( -1.000000000000000000, 0.000000000000000000, 0.000000000000000000 ) ) ;
#655 = CIRCLE ( 'NONE', #133, 3.499999999999999556 ) ;
#656 = PRODUCT_DEFINITION_FORMATION_WITH_SPECIFIED_SOURCE ( 'ANY', '', #259, .NOT_KNOWN. ) ;
#657 = ORIENTED_EDGE ( 'NONE', *, *, #425, .T. ) ;
#658 = VECTOR ( 'NONE', #713, 1000.000000000000000 ) ;
#659 = VERTEX_POINT ( 'NONE', #504 ) ;
#660 = PLANE ( 'NONE',  #1109 ) ;
#661 = ADVANCED_FACE ( 'NONE', ( #700, #814, #377 ), #1136, .F. ) ;
#662 = CARTESIAN_POINT ( 'NONE',  ( 20.89883572857448968, 9.800000000000082423, -6.500000000000000000 ) ) ;
#663 = DIRECTION ( 'NONE',  ( 0.000000000000000000, 0.000000000000000000, 1.000000000000000000 ) ) ;
#664 = ORIENTED_EDGE ( 'NONE', *, *, #797, .T. ) ;
#665 = FACE_OUTER_BOUND ( 'NONE', #21, .T. ) ;
#666 = ORIENTED_EDGE ( 'NONE', *, *, #575, .T. ) ;
#667 = CARTESIAN_POINT ( 'NONE',  ( 13.12380788940056142, 0.000000000000000000, -6.499999999999999112 ) ) ;
#668 = DIRECTION ( 'NONE',  ( 1.000000000000000000, 0.000000000000000000, 0.000000000000000000 ) ) ;
#669 = CARTESIAN_POINT ( 'NONE',  ( -7.653268940907469009, 2.252495097841089589, 6.500000000000000888 ) ) ;
#670 = EDGE_LOOP ( 'NONE', ( #237, #1003 ) ) ;
#671 = ADVANCED_FACE ( 'NONE', ( #931 ), #62, .T. ) ;
#672 = CARTESIAN_POINT ( 'NONE',  ( -15.50000000000000000, 8.142135623730959892, -7.500000000000000000 ) ) ;
#673 = ORIENTED_EDGE ( 'NONE', *, *, #575, .F. ) ;
#674 = DIRECTION ( 'NONE',  ( 0.000000000000000000, 0.000000000000000000, -1.000000000000000000 ) ) ;
#675 = DIRECTION ( 'NONE',  ( 0.000000000000000000, 0.000000000000000000, -1.000000000000000000 ) ) ;
#676 = PLANE ( 'NONE',  #181 ) ;
#677 = CIRCLE ( 'NONE', #1318, 9.000000000000003553 ) ;
#678 = ORIENTED_EDGE ( 'NONE', *, *, #15, .F. ) ;
#679 = CARTESIAN_POINT ( 'NONE',  ( 20.89883572857448968, 9.800000000000082423, -6.500000000000000000 ) ) ;
#680 = EDGE_CURVE ( 'NONE', #551, #1128, #225, .T. ) ;
#681 = CIRCLE ( 'NONE', #726, 1.000000000000000000 ) ;
#682 = VERTEX_POINT ( 'NONE', #1246 ) ;
#683 = FACE_OUTER_BOUND ( 'NONE', #565, .T. ) ;
#684 = AXIS2_PLACEMENT_3D ( 'NONE', #862, #1289, #1074 ) ;
#685 = EDGE_CURVE ( 'NONE', #336, #307, #343, .T. ) ;
#686 = LINE ( 'NONE', #1330, #609 ) ;
#687 = DIRECTION ( 'NONE',  ( 0.000000000000000000, 0.000000000000000000, -1.000000000000000000 ) ) ;
#688 = EDGE_LOOP ( 'NONE', ( #1302, #1080, #1044, #993, #1328 ) ) ;
#689 = CARTESIAN_POINT ( 'NONE',  ( 13.94949562914261065, 9.300000000000084199, -4.600000000001414513 ) ) ;
#690 = ORIENTED_EDGE ( 'NONE', *, *, #1005, .T. ) ;
#691 = CARTESIAN_POINT ( 'NONE',  ( -16.50000000000000000, 8.500000000000000000, 2.500000000000000000 ) ) ;
#692 = PERSON_AND_ORGANIZATION ( #99, #273 ) ;
#693 = ORIENTED_EDGE ( 'NONE', *, *, #330, .T. ) ;
#694 = DIRECTION ( 'NONE',  ( 1.000000000000000000, 0.000000000000000000, 0.000000000000000000 ) ) ;
#695 = EDGE_CURVE ( 'NONE', #1020, #602, #833, .T. ) ;
#696 = DIRECTION ( 'NONE',  ( -1.000000000000000000, 0.000000000000000000, 0.000000000000000000 ) ) ;
#697 = CARTESIAN_POINT ( 'NONE',  ( -15.50000000000000000, 9.800000000000082423, -6.500000000000000000 ) ) ;
#698 = CIRCLE ( 'NONE', #745, 1.000000000000000888 ) ;
#699 = VERTEX_POINT ( 'NONE', #722 ) ;
#700 = FACE_BOUND ( 'NONE', #1239, .T. ) ;
#701 = TOROIDAL_SURFACE ( 'NONE', #632, 9.000000000000001776, 1.000000000000000000 ) ;
#702 = ORIENTED_EDGE ( 'NONE', *, *, #1005, .F. ) ;
#703 = LOCAL_TIME ( 10, 20, 13.00000000000000000, #1331 ) ;
#704 = VECTOR ( 'NONE', #268, 1000.000000000000000 ) ;
#705 = APPROVAL ( #1011, 'UNSPECIFIED' ) ;
#706 = DIRECTION ( 'NONE',  ( -0.000000000000000000, -1.000000000000000000, -0.000000000000000000 ) ) ;
#707 = CARTESIAN_POINT ( 'NONE',  ( -8.690504370857388139, 9.300000000000084199, -4.600000000001414513 ) ) ;
#708 = EDGE_LOOP ( 'NONE', ( #735, #169, #1350, #657, #177, #729, #750, #673, #888, #502, #1113, #802, #1272 ) ) ;
#709 = CARTESIAN_POINT ( 'NONE',  ( -8.690504370857388139, 9.300000000000084199, -7.500000000000000000 ) ) ;
#710 = VERTEX_POINT ( 'NONE', #1255 ) ;
#711 = LINE ( 'NONE', #170, #653 ) ;
#712 = PERSON_AND_ORGANIZATION ( #99, #273 ) ;
#713 = DIRECTION ( 'NONE',  ( -0.000000000000000000, -0.000000000000000000, 1.000000000000000000 ) ) ;
#714 = DIRECTION ( 'NONE',  ( 0.000000000000000000, 0.000000000000000000, 1.000000000000000000 ) ) ;
#715 = EDGE_CURVE ( 'NONE', #490, #982, #84, .T. ) ;
#716 = VERTEX_POINT ( 'NONE', #494 ) ;
#717 = DIRECTION ( 'NONE',  ( 0.000000000000000000, -0.000000000000000000, 1.000000000000000000 ) ) ;
#718 = MANIFOLD_SOLID_BREP ( 'Redondeo8', #1299 ) ;
#719 = CARTESIAN_POINT ( 'NONE',  ( -15.50000000000000000, 8.142135623730959892, -6.500000000000000000 ) ) ;
#720 = DIRECTION ( 'NONE',  ( -0.000000000000000000, 1.000000000000000000, -0.000000000000000000 ) ) ;
#721 = ORIENTED_EDGE ( 'NONE', *, *, #904, .F. ) ;
#722 = CARTESIAN_POINT ( 'NONE',  ( 1.309495629142612083, 9.300000000000084199, -7.500000000000000000 ) ) ;
#723 = ADVANCED_FACE ( 'NONE', ( #1161 ), #927, .T. ) ;
#724 = VECTOR ( 'NONE', #1219, 1000.000000000000000 ) ;
#725 = AXIS2_PLACEMENT_3D ( 'NONE', #240, #1311, #865 ) ;
#726 = AXIS2_PLACEMENT_3D ( 'NONE', #1290, #239, #984 ) ;
#727 = LINE ( 'NONE', #527, #947 ) ;
#728 = DIRECTION ( 'NONE',  ( -0.000000000000000000, -0.000000000000000000, 1.000000000000000000 ) ) ;
#729 = ORIENTED_EDGE ( 'NONE', *, *, #437, .T. ) ;
#730 = CARTESIAN_POINT ( 'NONE',  ( 17.51132180898752466, 9.800000000000082423, -7.500000000000000000 ) ) ;
#731 = ORIENTED_EDGE ( 'NONE', *, *, #933, .T. ) ;
#732 = DIRECTION ( 'NONE',  ( 4.336808689941959360E-15, -0.000000000000000000, -1.000000000000000000 ) ) ;
#733 = CARTESIAN_POINT ( 'NONE',  ( -15.50000000000000000, 10.80000000000008420, 2.500000000000000000 ) ) ;
#734 = CARTESIAN_POINT ( 'NONE',  ( -11.62050437085738430, 10.80000000000008420, -4.600000000001414513 ) ) ;
#735 = ORIENTED_EDGE ( 'NONE', *, *, #105, .F. ) ;
#736 = DIRECTION ( 'NONE',  ( -0.000000000000000000, 0.000000000000000000, 1.000000000000000000 ) ) ;
#737 = EDGE_CURVE ( 'NONE', #359, #549, #1251, .T. ) ;
#738 = DIRECTION ( 'NONE',  ( 0.000000000000000000, 0.000000000000000000, 1.000000000000000000 ) ) ;
#739 = CARTESIAN_POINT ( 'NONE',  ( 13.12380788940056142, 0.000000000000000000, 16.84207663376764330 ) ) ;
#740 = EDGE_LOOP ( 'NONE', ( #1362, #880, #331, #17 ) ) ;
#741 = LINE ( 'NONE', #868, #26 ) ;
#742 = VERTEX_POINT ( 'NONE', #709 ) ;
#743 = CARTESIAN_POINT ( 'NONE',  ( 3.949495629142611097, 9.800000000000082423, -6.500000000000000000 ) ) ;
#744 = CIRCLE ( 'NONE', #857, 10.00000000000000000 ) ;
#745 = AXIS2_PLACEMENT_3D ( 'NONE', #679, #150, #831 ) ;
#746 = DIRECTION ( 'NONE',  ( -0.000000000000000000, -0.000000000000000000, 1.000000000000000000 ) ) ;
#747 = ADVANCED_FACE ( 'NONE', ( #384 ), #1148, .F. ) ;
#748 = CYLINDRICAL_SURFACE ( 'NONE', #1216, 3.499999999999999556 ) ;
#749 = CIRCLE ( 'NONE', #135, 1.000000000000000888 ) ;
#750 = ORIENTED_EDGE ( 'NONE', *, *, #1209, .T. ) ;
#751 = CARTESIAN_POINT ( 'NONE',  ( -11.62050437085738608, 8.500000000000000000, 2.500000000000000000 ) ) ;
#752 = ORIENTED_EDGE ( 'NONE', *, *, #524, .F. ) ;
#753 = CARTESIAN_POINT ( 'NONE',  ( -14.43871713418297098, 2.061282865817005927, -2.499999999999999556 ) ) ;
#754 = DIRECTION ( 'NONE',  ( -1.000000000000000000, 0.000000000000000000, 0.000000000000000000 ) ) ;
#755 = DIRECTION ( 'NONE',  ( -1.000000000000000000, 0.000000000000000000, 0.000000000000000000 ) ) ;
#756 = ORIENTED_EDGE ( 'NONE', *, *, #998, .F. ) ;
#757 = CARTESIAN_POINT ( 'NONE',  ( 16.87949562914260682, 8.500000000000000000, 2.500000000000000000 ) ) ;
#758 = ADVANCED_FACE ( 'NONE', ( #175 ), #1155, .T. ) ;
#759 = ORIENTED_EDGE ( 'NONE', *, *, #787, .F. ) ;
#760 = DIRECTION ( 'NONE',  ( -1.000000000000000000, 0.000000000000000000, 0.000000000000000000 ) ) ;
#761 = DIRECTION ( 'NONE',  ( -1.000000000000000000, 0.000000000000000000, -0.000000000000000000 ) ) ;
#762 = APPROVAL_DATE_TIME ( #1007, #642 ) ;
#763 = ORIENTED_EDGE ( 'NONE', *, *, #1041, .T. ) ;
#764 = DIRECTION ( 'NONE',  ( -0.000000000000000000, -0.000000000000000000, 1.000000000000000000 ) ) ;
#765 = ORIENTED_EDGE ( 'NONE', *, *, #1297, .F. ) ;
#766 = DIRECTION ( 'NONE',  ( 0.000000000000000000, -0.000000000000000000, 1.000000000000000000 ) ) ;
#767 = CC_DESIGN_PERSON_AND_ORGANIZATION_ASSIGNMENT ( #582, #282, ( #656 ) ) ;
#768 = EDGE_CURVE ( 'NONE', #549, #81, #608, .T. ) ;
#769 = PLANE ( 'NONE',  #114 ) ;
#770 = ORIENTED_EDGE ( 'NONE', *, *, #574, .T. ) ;
#771 = AXIS2_PLACEMENT_3D ( 'NONE', #719, #706, #381 ) ;
#772 = DIRECTION ( 'NONE',  ( -0.000000000000000000, -1.000000000000000000, -0.000000000000000000 ) ) ;
#773 = ORIENTED_EDGE ( 'NONE', *, *, #1012, .T. ) ;
#774 = CARTESIAN_POINT ( 'NONE',  ( 21.89883572857448968, 10.80000000000008420, -6.500000000000000000 ) ) ;
#775 = ADVANCED_FACE ( 'NONE', ( #1356 ), #54, .T. ) ;
#776 = CARTESIAN_POINT ( 'NONE',  ( 17.51132180898752466, 2.541971061310219770, 16.84207663376764330 ) ) ;
#777 = FACE_OUTER_BOUND ( 'NONE', #243, .T. ) ;
#778 = ORIENTED_EDGE ( 'NONE', *, *, #440, .F. ) ;
#779 = DIRECTION ( 'NONE',  ( -0.000000000000000000, -0.000000000000000000, 1.000000000000000000 ) ) ;
#780 = ORIENTED_EDGE ( 'NONE', *, *, #969, .T. ) ;
#781 = DIRECTION ( 'NONE',  ( -1.000000000000000000, 0.000000000000000000, 0.000000000000000000 ) ) ;
#782 = CARTESIAN_POINT ( 'NONE',  ( 16.87949562914261037, 10.80000000000008420, -4.600000000001414513 ) ) ;
#783 = DIRECTION ( 'NONE',  ( 0.000000000000000000, 1.000000000000000000, 0.000000000000000000 ) ) ;
#784 = EDGE_CURVE ( 'NONE', #223, #235, #398, .T. ) ;
#785 = VERTEX_POINT ( 'NONE', #914 ) ;
#786 = DIRECTION ( 'NONE',  ( -0.000000000000000000, 1.000000000000000000, -0.000000000000000000 ) ) ;
#787 = EDGE_CURVE ( 'NONE', #807, #1357, #75, .T. ) ;
#788 = ORIENTED_EDGE ( 'NONE', *, *, #25, .T. ) ;
#789 = CARTESIAN_POINT ( 'NONE',  ( -14.08311849524620563, 2.416881504753779275, -7.374726499902500620 ) ) ;
#790 = DIRECTION ( 'NONE',  ( -1.000000000000000000, 0.000000000000000000, 0.000000000000000000 ) ) ;
#791 = LINE ( 'NONE', #887, #1156 ) ;
#792 = VERTEX_POINT ( 'NONE', #202 ) ;
#793 = CARTESIAN_POINT ( 'NONE',  ( 17.51132180898752466, 9.800000000000082423, -7.500000000000000000 ) ) ;
#794 = AXIS2_PLACEMENT_3D ( 'NONE', #1051, #1377, #1179 ) ;
#795 = AXIS2_PLACEMENT_3D ( 'NONE', #44, #1102, #687 ) ;
#796 = AXIS2_PLACEMENT_3D ( 'NONE', #662, #58, #491 ) ;
#797 = EDGE_CURVE ( 'NONE', #982, #31, #109, .T. ) ;
#798 = ORIENTED_EDGE ( 'NONE', *, *, #425, .F. ) ;
#799 = CARTESIAN_POINT ( 'NONE',  ( -14.43871713418297098, 2.061282865817005927, -6.632707365957274170 ) ) ;
#800 = CARTESIAN_POINT ( 'NONE',  ( 13.94949562914261065, 9.300000000000084199, -4.600000000001414513 ) ) ;
#801 = CARTESIAN_POINT ( 'NONE',  ( -15.50000000000000000, 9.800000000000082423, 2.500000000000000000 ) ) ;
#802 = ORIENTED_EDGE ( 'NONE', *, *, #574, .F. ) ;
#803 = CYLINDRICAL_SURFACE ( 'NONE', #426, 10.00000000000000000 ) ;
#804 = CARTESIAN_POINT ( 'NONE',  ( 16.87949562914261037, 10.80000000000008420, 2.100000000000033396 ) ) ;
#805 = CARTESIAN_POINT ( 'NONE',  ( 20.89883572857448968, 9.800000000000082423, 2.500000000000000000 ) ) ;
#806 = FACE_OUTER_BOUND ( 'NONE', #596, .T. ) ;
#807 = VERTEX_POINT ( 'NONE', #958 ) ;
#808 = DIRECTION ( 'NONE',  ( 0.000000000000000000, -0.000000000000000000, 1.000000000000000000 ) ) ;
#809 = EDGE_LOOP ( 'NONE', ( #607, #195, #1022, #974 ) ) ;
#810 = CALENDAR_DATE ( 2026, 19, 8 ) ;
#811 = DIRECTION ( 'NONE',  ( 1.000000000000000000, -0.000000000000000000, -0.000000000000000000 ) ) ;
#812 = VECTOR ( 'NONE', #1037, 1000.000000000000000 ) ;
#813 = VERTEX_POINT ( 'NONE', #734 ) ;
#814 = FACE_BOUND ( 'NONE', #430, .T. ) ;
#815 = VECTOR ( 'NONE', #533, 1000.000000000000000 ) ;
#816 = EDGE_LOOP ( 'NONE', ( #1092, #1205 ) ) ;
#817 = CIRCLE ( 'NONE', #855, 3.499999999999999556 ) ;
#818 = CARTESIAN_POINT ( 'NONE',  ( -5.503268940907468654, 2.252495097841089589, 6.500000000000000888 ) ) ;
#819 = PERSON_AND_ORGANIZATION_ROLE ( 'creator' ) ;
#820 = EDGE_CURVE ( 'NONE', #359, #659, #329, .T. ) ;
#821 = ORIENTED_EDGE ( 'NONE', *, *, #266, .F. ) ;
#822 = DIRECTION ( 'NONE',  ( -1.000000000000000000, 0.000000000000000000, 0.000000000000000000 ) ) ;
#823 = ORIENTED_EDGE ( 'NONE', *, *, #1146, .F. ) ;
#824 = DIRECTION ( 'NONE',  ( -1.000000000000000000, 2.168404344971008868E-16, 0.000000000000000000 ) ) ;
#825 = EDGE_CURVE ( 'NONE', #785, #411, #441, .T. ) ;
#826 = CYLINDRICAL_SURFACE ( 'NONE', #1016, 1.000000000000000000 ) ;
#827 = EDGE_CURVE ( 'NONE', #223, #61, #313, .T. ) ;
#828 = CARTESIAN_POINT ( 'NONE',  ( 16.87949562914261037, 10.80000000000008420, -4.600000000001414513 ) ) ;
#829 = ORIENTED_EDGE ( 'NONE', *, *, #827, .F. ) ;
#830 = DIRECTION ( 'NONE',  ( -1.000000000000000000, 0.000000000000000000, -0.000000000000000000 ) ) ;
#831 = DIRECTION ( 'NONE',  ( 1.000000000000000000, 0.000000000000000000, 0.000000000000000000 ) ) ;
#832 = VERTEX_POINT ( 'NONE', #1369 ) ;
#833 = LINE ( 'NONE', #1143, #1213 ) ;
#834 = EDGE_CURVE ( 'NONE', #328, #359, #741, .T. ) ;
#835 = AXIS2_PLACEMENT_3D ( 'NONE', #597, #1351, #808 ) ;
#836 = ORIENTED_EDGE ( 'NONE', *, *, #166, .T. ) ;
#837 = AXIS2_PLACEMENT_3D ( 'NONE', #864, #761, #893 ) ;
#838 = CARTESIAN_POINT ( 'NONE',  ( 0.000000000000000000, 10.80000000000008420, -6.500000000000000000 ) ) ;
#839 = FACE_OUTER_BOUND ( 'NONE', #816, .T. ) ;
#840 = VERTEX_POINT ( 'NONE', #757 ) ;
#841 = ORIENTED_EDGE ( 'NONE', *, *, #284, .T. ) ;
#842 = DIRECTION ( 'NONE',  ( -0.000000000000000000, 1.000000000000000000, -0.000000000000000000 ) ) ;
#843 = DIRECTION ( 'NONE',  ( 0.000000000000000000, 0.000000000000000000, 1.000000000000000000 ) ) ;
#844 = CARTESIAN_POINT ( 'NONE',  ( -7.653268940907469009, 2.252495097841089589, 2.500000000000000000 ) ) ;
#845 = ORIENTED_EDGE ( 'NONE', *, *, #1280, .F. ) ;
#846 = CARTESIAN_POINT ( 'NONE',  ( 16.87949562914261037, 8.500000000000000000, 2.100000000000033396 ) ) ;
#847 = VERTEX_POINT ( 'NONE', #335 ) ;
#848 = CARTESIAN_POINT ( 'NONE',  ( -5.503268940907468654, 2.252495097841089589, 4.500000000000000888 ) ) ;
#849 = CARTESIAN_POINT ( 'NONE',  ( -8.357864376269050766, 1.000000000000000000, -7.500000000000000000 ) ) ;
#850 = ORIENTED_EDGE ( 'NONE', *, *, #1149, .T. ) ;
#851 = ORIENTED_EDGE ( 'NONE', *, *, #784, .T. ) ;
#852 = DIRECTION ( 'NONE',  ( 1.000000000000000000, 0.000000000000000000, 0.000000000000000000 ) ) ;
#853 = CIRCLE ( 'NONE', #249, 2.149999999999999911 ) ;
#854 = CIRCLE ( 'NONE', #1175, 10.00000000000000000 ) ;
#855 = AXIS2_PLACEMENT_3D ( 'NONE', #29, #675, #457 ) ;
#856 = DIRECTION ( 'NONE',  ( 0.000000000000000000, 0.000000000000000000, 1.000000000000000000 ) ) ;
#857 = AXIS2_PLACEMENT_3D ( 'NONE', #212, #526, #435 ) ;
#858 = EDGE_CURVE ( 'NONE', #716, #1071, #410, .T. ) ;
#859 = EDGE_LOOP ( 'NONE', ( #702, #1026, #279, #930, #94, #850, #1064, #944, #731, #829, #823, #821 ) ) ;
#860 = DIRECTION ( 'NONE',  ( 0.000000000000000000, 0.000000000000000000, 1.000000000000000000 ) ) ;
#861 = ORIENTED_EDGE ( 'NONE', *, *, #394, .F. ) ;
#862 = CARTESIAN_POINT ( 'NONE',  ( 20.89883572857448968, 9.800000000000082423, -6.500000000000000000 ) ) ;
#863 = B_SPLINE_CURVE_WITH_KNOTS ( 'NONE', 3,
 ( #1339, #1033, #469, #922, #277, #1235, #903, #1325, #1126, #599 ),
 .UNSPECIFIED., .F., .F.,
 ( 4, 2, 2, 2, 4 ),
 ( -8.493283048895517942E-06, 0.0003924684972452921255, 0.0007934302775394797046, 0.001194392057833667392, 0.001595353838127854971 ),
 .UNSPECIFIED. ) ;
#864 = CARTESIAN_POINT ( 'NONE',  ( -8.690504370857388139, 9.300000000000084199, -4.600000000001414513 ) ) ;
#865 = DIRECTION ( 'NONE',  ( 0.000000000000000000, -0.000000000000000000, 1.000000000000000000 ) ) ;
#866 = EDGE_CURVE ( 'NONE', #602, #341, #1084, .T. ) ;
#867 = ORIENTED_EDGE ( 'NONE', *, *, #42, .F. ) ;
#868 = CARTESIAN_POINT ( 'NONE',  ( 13.94949562914261065, 9.300000000000084199, -4.600000000001414513 ) ) ;
#869 = ORIENTED_EDGE ( 'NONE', *, *, #876, .F. ) ;
#870 = CARTESIAN_POINT ( 'NONE',  ( 3.949495629142611097, 9.300000000000084199, -4.600000000001414513 ) ) ;
#871 = DIRECTION ( 'NONE',  ( 0.000000000000000000, 0.000000000000000000, 1.000000000000000000 ) ) ;
#872 =( LENGTH_UNIT ( ) NAMED_UNIT ( * ) SI_UNIT ( .MILLI., .METRE. ) );
#873 = EDGE_LOOP ( 'NONE', ( #451, #861, #756, #629 ) ) ;
#874 = VERTEX_POINT ( 'NONE', #95 ) ;
#875 = DIRECTION ( 'NONE',  ( -0.000000000000000000, -0.000000000000000000, -1.000000000000000000 ) ) ;
#876 = EDGE_CURVE ( 'NONE', #471, #1147, #641, .T. ) ;
#877 = AXIS2_PLACEMENT_3D ( 'NONE', #981, #242, #1121 ) ;
#878 = FACE_OUTER_BOUND ( 'NONE', #572, .T. ) ;
#879 =( GEOMETRIC_REPRESENTATION_CONTEXT ( 3 ) GLOBAL_UNCERTAINTY_ASSIGNED_CONTEXT ( ( #1358 ) ) GLOBAL_UNIT_ASSIGNED_CONTEXT ( ( #872, #20, #256 ) ) REPRESENTATION_CONTEXT ( 'NONE', 'WORKASPACE' ) );
#880 = ORIENTED_EDGE ( 'NONE', *, *, #85, .T. ) ;
#881 = VECTOR ( 'NONE', #746, 1000.000000000000000 ) ;
#882 = DIRECTION ( 'NONE',  ( -0.000000000000000000, -0.000000000000000000, 1.000000000000000000 ) ) ;
#883 = VERTEX_POINT ( 'NONE', #751 ) ;
#884 = CARTESIAN_POINT ( 'NONE',  ( 1.309495629142612083, 9.800000000000082423, -6.500000000000000000 ) ) ;
#885 = EDGE_CURVE ( 'NONE', #659, #1147, #523, .T. ) ;
#886 = CARTESIAN_POINT ( 'NONE',  ( -15.50000000000000000, 9.800000000000082423, -6.500000000000000000 ) ) ;
#887 = CARTESIAN_POINT ( 'NONE',  ( 1.309495629142612083, 9.300000000000084199, -7.500000000000000000 ) ) ;
#888 = ORIENTED_EDGE ( 'NONE', *, *, #9, .T. ) ;
#889 = CARTESIAN_POINT ( 'NONE',  ( 1.309495629142612083, 9.300000000000084199, -7.500000000000000000 ) ) ;
#890 = ORIENTED_EDGE ( 'NONE', *, *, #680, .F. ) ;
#891 = CARTESIAN_POINT ( 'NONE',  ( -13.81799562360926181, 2.682004376394226064, -7.500000000000000000 ) ) ;
#892 = ADVANCED_FACE ( 'NONE', ( #951 ), #224, .T. ) ;
#893 = DIRECTION ( 'NONE',  ( -0.000000000000000000, 0.000000000000000000, 1.000000000000000000 ) ) ;
#894 = CARTESIAN_POINT ( 'NONE',  ( 14.01132180898752644, 2.541971061310220215, -2.500000000000000000 ) ) ;
#895 = EDGE_CURVE ( 'NONE', #108, #458, #1319, .T. ) ;
#896 = ORIENTED_EDGE ( 'NONE', *, *, #437, .F. ) ;
#897 = CARTESIAN_POINT ( 'NONE',  ( -11.62050437085738608, 10.80000000000008420, 2.500000000000005329 ) ) ;
#898 = VERTEX_POINT ( 'NONE', #1072 ) ;
#899 = DIRECTION ( 'NONE',  ( 1.000000000000000000, 0.000000000000000000, 0.000000000000000000 ) ) ;
#900 = CYLINDRICAL_SURFACE ( 'NONE', #1278, 3.499999999999999556 ) ;
#901 = TOROIDAL_SURFACE ( 'NONE', #470, 4.070689822017116377, 1.000000000000000000 ) ;
#902 = DESIGN_CONTEXT ( 'detailed design', #354, 'design' ) ;
#903 = CARTESIAN_POINT ( 'NONE',  ( 21.76824151066035640, 5.048637252294141398, -7.011612823371851988 ) ) ;
#904 = EDGE_CURVE ( 'NONE', #61, #840, #432, .T. ) ;
#905 = VECTOR ( 'NONE', #786, 1000.000000000000000 ) ;
#906 = VECTOR ( 'NONE', #358, 1000.000000000000000 ) ;
#907 = CIRCLE ( 'NONE', #298, 1.000000000000000000 ) ;
#908 = ORIENTED_EDGE ( 'NONE', *, *, #365, .F. ) ;
#909 = CARTESIAN_POINT ( 'NONE',  ( 21.89883572857448968, 9.800000000000082423, -6.500000000000000000 ) ) ;
#910 = FACE_OUTER_BOUND ( 'NONE', #87, .T. ) ;
#911 = FACE_OUTER_BOUND ( 'NONE', #545, .T. ) ;
#912 = EDGE_CURVE ( 'NONE', #204, #982, #571, .T. ) ;
#913 = EDGE_LOOP ( 'NONE', ( #90, #38, #535, #167 ) ) ;
#914 = CARTESIAN_POINT ( 'NONE',  ( 13.94949562914261065, 10.80000000000008420, -4.600000000001414513 ) ) ;
#915 = LINE ( 'NONE', #43, #1193 ) ;
#916 = DATE_TIME_ROLE ( 'creation_date' ) ;
#917 = CARTESIAN_POINT ( 'NONE',  ( 3.949495629142611097, 9.300000000000084199, -4.600000000001414513 ) ) ;
#918 = DIRECTION ( 'NONE',  ( 0.000000000000000000, 0.000000000000000000, -1.000000000000000000 ) ) ;
#919 = DIRECTION ( 'NONE',  ( 1.224646799147353207E-16, 1.000000000000000000, -0.000000000000000000 ) ) ;
#920 = VERTEX_POINT ( 'NONE', #1204 ) ;
#921 = DIRECTION ( 'NONE',  ( 0.000000000000000000, 0.000000000000000000, -1.000000000000000000 ) ) ;
#922 = CARTESIAN_POINT ( 'NONE',  ( 21.39419873992534349, 4.944736928052148706, -7.378133259386618015 ) ) ;
#923 = PLANE ( 'NONE',  #344 ) ;
#924 = CIRCLE ( 'NONE', #1392, 10.00000000000000000 ) ;
#925 = CIRCLE ( 'NONE', #946, 1.000000000000000888 ) ;
#926 = ORIENTED_EDGE ( 'NONE', *, *, #42, .T. ) ;
#927 = CYLINDRICAL_SURFACE ( 'NONE', #1172, 1.000000000000000888 ) ;
#928 = AXIS2_PLACEMENT_3D ( 'NONE', #697, #1247, #289 ) ;
#929 = DIRECTION ( 'NONE',  ( 0.000000000000000000, 1.000000000000000000, 0.000000000000000000 ) ) ;
#930 = ORIENTED_EDGE ( 'NONE', *, *, #1054, .F. ) ;
#931 = FACE_OUTER_BOUND ( 'NONE', #1316, .T. ) ;
#932 = VERTEX_POINT ( 'NONE', #672 ) ;
#933 = EDGE_CURVE ( 'NONE', #792, #61, #342, .T. ) ;
#934 = CARTESIAN_POINT ( 'NONE',  ( -6.500000000000000888, 8.142135623730959892, -7.500000000000000000 ) ) ;
#935 = EDGE_CURVE ( 'NONE', #1071, #1368, #179, .T. ) ;
#936 = EDGE_LOOP ( 'NONE', ( #1342, #1378, #264, #953 ) ) ;
#937 = DIRECTION ( 'NONE',  ( 0.000000000000000000, 0.000000000000000000, -1.000000000000000000 ) ) ;
#938 = ORIENTED_EDGE ( 'NONE', *, *, #834, .T. ) ;
#939 = PLANE ( 'NONE',  #1086 ) ;
#940 = LINE ( 'NONE', #207, #815 ) ;
#941 = EDGE_CURVE ( 'NONE', #1162, #208, #541, .T. ) ;
#942 = ORIENTED_EDGE ( 'NONE', *, *, #96, .F. ) ;
#943 = AXIS2_PLACEMENT_3D ( 'NONE', #450, #875, #559 ) ;
#944 = ORIENTED_EDGE ( 'NONE', *, *, #1304, .T. ) ;
#945 = LINE ( 'NONE', #1138, #1323 ) ;
#946 = AXIS2_PLACEMENT_3D ( 'NONE', #801, #779, #1326 ) ;
#947 = VECTOR ( 'NONE', #296, 1000.000000000000000 ) ;
#948 = LINE ( 'NONE', #633, #89 ) ;
#949 = DIRECTION ( 'NONE',  ( 1.000000000000000000, 0.000000000000000000, -0.000000000000000000 ) ) ;
#950 = ORIENTED_EDGE ( 'NONE', *, *, #680, .T. ) ;
#951 = FACE_OUTER_BOUND ( 'NONE', #385, .T. ) ;
#952 = CC_DESIGN_DATE_AND_TIME_ASSIGNMENT ( #149, #467, ( #229 ) ) ;
#953 = ORIENTED_EDGE ( 'NONE', *, *, #1209, .F. ) ;
#954 = DIRECTION ( 'NONE',  ( 0.000000000000000000, 0.000000000000000000, -1.000000000000000000 ) ) ;
#955 = CARTESIAN_POINT ( 'NONE',  ( 19.26132180898752821, 2.541971061310219770, 7.449747468305832676 ) ) ;
#956 = DIRECTION ( 'NONE',  ( -0.000000000000000000, -0.000000000000000000, -1.000000000000000000 ) ) ;
#957 = ORIENTED_EDGE ( 'NONE', *, *, #261, .T. ) ;
#958 = CARTESIAN_POINT ( 'NONE',  ( 3.949495629142611097, 10.80000000000008420, -6.500000000000000000 ) ) ;
#959 = ORIENTED_EDGE ( 'NONE', *, *, #1146, .T. ) ;
#960 = DIRECTION ( 'NONE',  ( -1.000000000000000000, 0.000000000000000000, 0.000000000000000000 ) ) ;
#961 = EDGE_CURVE ( 'NONE', #1268, #920, #154, .T. ) ;
#962 = CARTESIAN_POINT ( 'NONE',  ( -11.62050437085738430, 10.80000000000008420, 2.100000000000000089 ) ) ;
#963 = CARTESIAN_POINT ( 'NONE',  ( -11.62050437085738430, 10.80000000000008420, -4.600000000001414513 ) ) ;
#964 = ORIENTED_EDGE ( 'NONE', *, *, #219, .F. ) ;
#965 = EDGE_LOOP ( 'NONE', ( #144, #312, #1197, #1067 ) ) ;
#966 = DIRECTION ( 'NONE',  ( 0.000000000000000000, 0.000000000000000000, -1.000000000000000000 ) ) ;
#967 = CIRCLE ( 'NONE', #153, 0.1499999999999999667 ) ;
#968 = VECTOR ( 'NONE', #860, 1000.000000000000000 ) ;
#969 = EDGE_CURVE ( 'NONE', #301, #883, #32, .T. ) ;
#970 = VECTOR ( 'NONE', #116, 1000.000000000000000 ) ;
#971 = AXIS2_PLACEMENT_3D ( 'NONE', #818, #1241, #281 ) ;
#972 = CARTESIAN_POINT ( 'NONE',  ( 14.01132180898752644, 2.541971061310220215, -7.500000000000000000 ) ) ;
#973 = LINE ( 'NONE', #963, #1061 ) ;
#974 = ORIENTED_EDGE ( 'NONE', *, *, #715, .F. ) ;
#975 = ORIENTED_EDGE ( 'NONE', *, *, #820, .F. ) ;
#976 = CARTESIAN_POINT ( 'NONE',  ( 0.000000000000000000, 9.800000000000082423, -6.500000000000000000 ) ) ;
#977 = CARTESIAN_POINT ( 'NONE',  ( -11.62050437085738608, 10.80000000000008420, 2.500000000000005329 ) ) ;
#978 = LINE ( 'NONE', #1286, #906 ) ;
#979 = VERTEX_POINT ( 'NONE', #1210 ) ;
#980 = EDGE_CURVE ( 'NONE', #97, #442, #447, .T. ) ;
#981 = CARTESIAN_POINT ( 'NONE',  ( -5.503268940907468654, 2.252495097841089589, 6.500000000000000888 ) ) ;
#982 = VERTEX_POINT ( 'NONE', #258 ) ;
#983 = LINE ( 'NONE', #18, #130 ) ;
#984 = DIRECTION ( 'NONE',  ( 0.000000000000000000, 0.000000000000000000, 1.000000000000000000 ) ) ;
#985 = EDGE_LOOP ( 'NONE', ( #383, #421, #1154, #131 ) ) ;
#986 = EDGE_CURVE ( 'NONE', #458, #108, #1345, .T. ) ;
#987 = ORIENTED_EDGE ( 'NONE', *, *, #1170, .T. ) ;
#988 = FACE_OUTER_BOUND ( 'NONE', #217, .T. ) ;
#989 = CIRCLE ( 'NONE', #67, 5.070689822017117265 ) ;
#990 = VECTOR ( 'NONE', #1057, 1000.000000000000000 ) ;
#991 = FACE_OUTER_BOUND ( 'NONE', #688, .T. ) ;
#992 = PERSON_AND_ORGANIZATION ( #99, #273 ) ;
#993 = ORIENTED_EDGE ( 'NONE', *, *, #1149, .F. ) ;
#994 = CIRCLE ( 'NONE', #543, 3.499999999999999556 ) ;
#995 = DIRECTION ( 'NONE',  ( 1.000000000000000000, 0.000000000000000000, 0.000000000000000000 ) ) ;
#996 = ORIENTED_EDGE ( 'NONE', *, *, #1294, .F. ) ;
#997 = DIRECTION ( 'NONE',  ( 0.000000000000000000, 0.000000000000000000, 1.000000000000000000 ) ) ;
#998 = EDGE_CURVE ( 'NONE', #1028, #1052, #925, .T. ) ;
#999 = DIRECTION ( 'NONE',  ( 1.000000000000000000, -0.000000000000000000, -0.000000000000000000 ) ) ;
#1000 = CALENDAR_DATE ( 2026, 19, 8 ) ;
#1001 = ORIENTED_EDGE ( 'NONE', *, *, #1030, .F. ) ;
#1002 = CARTESIAN_POINT ( 'NONE',  ( 16.87949562914261037, 8.500000000000000000, -4.600000000001414513 ) ) ;
#1003 = ORIENTED_EDGE ( 'NONE', *, *, #1083, .F. ) ;
#1004 = LINE ( 'NONE', #774, #1034 ) ;
#1005 = EDGE_CURVE ( 'NONE', #682, #328, #459, .T. ) ;
#1006 = DIRECTION ( 'NONE',  ( 1.000000000000000000, 0.000000000000000000, 0.000000000000000000 ) ) ;
#1007 = DATE_AND_TIME ( #1000, #1256 ) ;
#1008 = ORIENTED_EDGE ( 'NONE', *, *, #1186, .T. ) ;
#1009 = CARTESIAN_POINT ( 'NONE',  ( 13.12380788940056497, -5.992758101824160108E-17, -6.572201808941857237 ) ) ;
#1010 = CARTESIAN_POINT ( 'NONE',  ( 21.89883572857448968, 5.083942122620439541, 2.500000000000000444 ) ) ;
#1011 = APPROVAL_STATUS ( 'not_yet_approved' ) ;
#1012 = EDGE_CURVE ( 'NONE', #699, #471, #550, .T. ) ;
#1013 = AXIS2_PLACEMENT_3D ( 'NONE', #1363, #919, #824 ) ;
#1014 = CARTESIAN_POINT ( 'NONE',  ( 15.76132180898752466, 2.541971061310219770, 7.449747468305832676 ) ) ;
#1015 = CARTESIAN_POINT ( 'NONE',  ( -3.353268940907468743, 2.252495097841090033, 4.500000000000000888 ) ) ;
#1016 = AXIS2_PLACEMENT_3D ( 'NONE', #1248, #53, #492 ) ;
#1017 = EDGE_CURVE ( 'NONE', #1128, #847, #295, .T. ) ;
#1018 = AXIS2_PLACEMENT_3D ( 'NONE', #297, #1183, #856 ) ;
#1019 = VECTOR ( 'NONE', #1279, 1000.000000000000000 ) ;
#1020 = VERTEX_POINT ( 'NONE', #1198 ) ;
#1021 = DIRECTION ( 'NONE',  ( -1.000000000000000000, 0.000000000000000000, 0.000000000000000000 ) ) ;
#1022 = ORIENTED_EDGE ( 'NONE', *, *, #797, .F. ) ;
#1023 = LINE ( 'NONE', #917, #658 ) ;
#1024 = CARTESIAN_POINT ( 'NONE',  ( -8.357864376269048989, 10.00000000000000000, -6.500000000000000000 ) ) ;
#1025 = DIRECTION ( 'NONE',  ( -0.000000000000000000, 1.000000000000000000, -0.000000000000000000 ) ) ;
#1026 = ORIENTED_EDGE ( 'NONE', *, *, #506, .T. ) ;
#1027 = LINE ( 'NONE', #382, #252 ) ;
#1028 = VERTEX_POINT ( 'NONE', #248 ) ;
#1029 = CARTESIAN_POINT ( 'NONE',  ( -5.503268940907468654, 2.252495097841089589, 6.500000000000000888 ) ) ;
#1030 = EDGE_CURVE ( 'NONE', #235, #840, #145, .T. ) ;
#1031 = ADVANCED_FACE ( 'NONE', ( #665 ), #1098, .T. ) ;
#1032 = APPROVAL_DATE_TIME ( #1042, #1227 ) ;
#1033 = CARTESIAN_POINT ( 'NONE',  ( 21.02676589459855450, 4.837938186340402957, -7.499999999999999112 ) ) ;
#1034 = VECTOR ( 'NONE', #244, 1000.000000000000000 ) ;
#1035 = AXIS2_PLACEMENT_3D ( 'NONE', #488, #69, #510 ) ;
#1036 = ORIENTED_EDGE ( 'NONE', *, *, #117, .T. ) ;
#1037 = DIRECTION ( 'NONE',  ( 1.000000000000000000, -0.000000000000000000, -0.000000000000000000 ) ) ;
#1038 = AXIS2_PLACEMENT_3D ( 'NONE', #547, #245, #1094 ) ;
#1039 = CC_DESIGN_PERSON_AND_ORGANIZATION_ASSIGNMENT ( #37, #222, ( #511 ) ) ;
#1040 = CIRCLE ( 'NONE', #684, 1.000000000000000000 ) ;
#1041 = EDGE_CURVE ( 'NONE', #555, #616, #698, .T. ) ;
#1042 = DATE_AND_TIME ( #1352, #1370 ) ;
#1043 = CARTESIAN_POINT ( 'NONE',  ( 1.309495629142612083, 10.80000000000008420, -4.600000000001414513 ) ) ;
#1044 = ORIENTED_EDGE ( 'NONE', *, *, #1387, .T. ) ;
#1045 = DIRECTION ( 'NONE',  ( -0.000000000000000000, 0.000000000000000000, 1.000000000000000000 ) ) ;
#1046 = ORIENTED_EDGE ( 'NONE', *, *, #820, .T. ) ;
#1047 = EDGE_CURVE ( 'NONE', #1073, #716, #655, .T. ) ;
#1048 = DIRECTION ( 'NONE',  ( 0.000000000000000000, 1.000000000000000000, 0.000000000000000000 ) ) ;
#1049 = LINE ( 'NONE', #849, #4 ) ;
#1050 = EDGE_LOOP ( 'NONE', ( #562, #1137 ) ) ;
#1051 = CARTESIAN_POINT ( 'NONE',  ( 0.000000000000000000, 10.80000000000008420, 0.000000000000000000 ) ) ;
#1052 = VERTEX_POINT ( 'NONE', #480 ) ;
#1053 = LINE ( 'NONE', #1069, #881 ) ;
#1054 = EDGE_CURVE ( 'NONE', #125, #1116, #60, .T. ) ;
#1055 = CARTESIAN_POINT ( 'NONE',  ( 0.000000000000000000, 9.800000000000082423, -6.500000000000000000 ) ) ;
#1056 = ORIENTED_EDGE ( 'NONE', *, *, #506, .F. ) ;
#1057 = DIRECTION ( 'NONE',  ( -0.000000000000000000, -0.000000000000000000, 1.000000000000000000 ) ) ;
#1058 = VECTOR ( 'NONE', #1354, 1000.000000000000000 ) ;
#1059 = ORIENTED_EDGE ( 'NONE', *, *, #933, .F. ) ;
#1060 = CARTESIAN_POINT ( 'NONE',  ( -6.500000000000000888, 8.142135623730959892, 2.500000000000000000 ) ) ;
#1061 = VECTOR ( 'NONE', #438, 1000.000000000000000 ) ;
#1062 = LINE ( 'NONE', #92, #253 ) ;
#1063 = CARTESIAN_POINT ( 'NONE',  ( -16.50000000000000000, 8.500000000000000000, -2.500000000000000000 ) ) ;
#1064 = ORIENTED_EDGE ( 'NONE', *, *, #261, .F. ) ;
#1065 = DIRECTION ( 'NONE',  ( 0.000000000000000000, 0.000000000000000000, -1.000000000000000000 ) ) ;
#1066 = ADVANCED_FACE ( 'NONE', ( #600 ), #923, .T. ) ;
#1067 = ORIENTED_EDGE ( 'NONE', *, *, #604, .T. ) ;
#1068 = CARTESIAN_POINT ( 'NONE',  ( 1.309495629142612083, 10.80000000000008420, -4.600000000001414513 ) ) ;
#1069 = CARTESIAN_POINT ( 'NONE',  ( 3.949495629142611097, 10.80000000000008420, -4.600000000001414513 ) ) ;
#1070 = DIRECTION ( 'NONE',  ( -1.000000000000000000, 0.000000000000000000, 0.000000000000000000 ) ) ;
#1071 = VERTEX_POINT ( 'NONE', #375 ) ;
#1072 = CARTESIAN_POINT ( 'NONE',  ( -8.690504370857384586, 9.300000000000084199, -4.600000000001414513 ) ) ;
#1073 = VERTEX_POINT ( 'NONE', #391 ) ;
#1074 = DIRECTION ( 'NONE',  ( 0.000000000000000000, 0.000000000000000000, 1.000000000000000000 ) ) ;
#1075 = EDGE_CURVE ( 'NONE', #742, #898, #615, .T. ) ;
#1076 = DIRECTION ( 'NONE',  ( 1.000000000000000000, 0.000000000000000000, 0.000000000000000000 ) ) ;
#1077 = CARTESIAN_POINT ( 'NONE',  ( 17.51132180898752466, 2.541971061310219770, 7.449747468305832676 ) ) ;
#1078 = VERTEX_POINT ( 'NONE', #1015 ) ;
#1079 = DIRECTION ( 'NONE',  ( -0.000000000000000000, 1.000000000000000000, -0.000000000000000000 ) ) ;
#1080 = ORIENTED_EDGE ( 'NONE', *, *, #219, .T. ) ;
#1081 = CARTESIAN_POINT ( 'NONE',  ( 13.74398310996462413, 1.000000000000000000, -7.500000000000000000 ) ) ;
#1082 = VECTOR ( 'NONE', #899, 1000.000000000000000 ) ;
#1083 = EDGE_CURVE ( 'NONE', #208, #1162, #1296, .T. ) ;
#1084 = CIRCLE ( 'NONE', #611, 10.00000000000000000 ) ;
#1085 = AXIS2_PLACEMENT_3D ( 'NONE', #1089, #445, #30 ) ;
#1086 = AXIS2_PLACEMENT_3D ( 'NONE', #1265, #507, #830 ) ;
#1087 = ADVANCED_FACE ( 'NONE', ( #290 ), #826, .T. ) ;
#1088 = CARTESIAN_POINT ( 'NONE',  ( 17.51132180898752466, 2.541971061310219770, -7.500000000000000000 ) ) ;
#1089 = CARTESIAN_POINT ( 'NONE',  ( 17.51132180898752466, 1.000000000000000000, -6.500000000000000000 ) ) ;
#1090 = ORIENTED_EDGE ( 'NONE', *, *, #912, .T. ) ;
#1091 = CARTESIAN_POINT ( 'NONE',  ( 17.51132180898752466, 2.541971061310219770, 2.500000000000000444 ) ) ;
#1092 = ORIENTED_EDGE ( 'NONE', *, *, #935, .T. ) ;
#1093 = LINE ( 'NONE', #196, #1171 ) ;
#1094 = DIRECTION ( 'NONE',  ( 0.000000000000000000, 0.000000000000000000, -1.000000000000000000 ) ) ;
#1095 = DIRECTION ( 'NONE',  ( 1.000000000000000000, 0.000000000000000000, 0.000000000000000000 ) ) ;
#1096 = EDGE_CURVE ( 'NONE', #1078, #847, #516, .T. ) ;
#1097 = VERTEX_POINT ( 'NONE', #180 ) ;
#1098 = SPHERICAL_SURFACE ( 'NONE', #272, 1.000000000000000000 ) ;
#1099 = ORIENTED_EDGE ( 'NONE', *, *, #876, .T. ) ;
#1100 = CARTESIAN_POINT ( 'NONE',  ( -13.72473118348431598, 2.775268816515661374, -7.500000000000000000 ) ) ;
#1101 = DIRECTION ( 'NONE',  ( -1.000000000000000000, 0.000000000000000000, 0.000000000000000000 ) ) ;
#1102 = DIRECTION ( 'NONE',  ( 1.000000000000000000, 0.000000000000000000, 0.000000000000000000 ) ) ;
#1103 = ADVANCED_FACE ( 'NONE', ( #911 ), #503, .T. ) ;
#1104 = ORIENTED_EDGE ( 'NONE', *, *, #1386, .F. ) ;
#1105 = DIRECTION ( 'NONE',  ( -1.000000000000000000, 0.000000000000000000, 0.000000000000000000 ) ) ;
#1106 = ADVANCED_FACE ( 'NONE', ( #806 ), #269, .F. ) ;
#1107 = ORIENTED_EDGE ( 'NONE', *, *, #904, .T. ) ;
#1108 = CARTESIAN_POINT ( 'NONE',  ( -14.41997056574898473, 2.080029434250994402, -6.762964205333127587 ) ) ;
#1109 = AXIS2_PLACEMENT_3D ( 'NONE', #870, #1276, #736 ) ;
#1110 = VECTOR ( 'NONE', #772, 1000.000000000000000 ) ;
#1111 = CARTESIAN_POINT ( 'NONE',  ( 20.89883572857448968, 9.800000000000082423, -6.500000000000000000 ) ) ;
#1112 = PERSON_AND_ORGANIZATION ( #99, #273 ) ;
#1113 = ORIENTED_EDGE ( 'NONE', *, *, #1030, .T. ) ;
#1114 = AXIS2_PLACEMENT_3D ( 'NONE', #402, #937, #161 ) ;
#1115 = CARTESIAN_POINT ( 'NONE',  ( -15.50000000000000000, 9.800000000000082423, -6.500000000000000000 ) ) ;
#1116 = VERTEX_POINT ( 'NONE', #1043 ) ;
#1117 = DIRECTION ( 'NONE',  ( -1.000000000000000000, 0.000000000000000000, -0.000000000000000000 ) ) ;
#1118 = EDGE_CURVE ( 'NONE', #341, #982, #854, .T. ) ;
#1119 = CARTESIAN_POINT ( 'NONE',  ( -6.500000000000000888, 8.142135623730959892, -6.500000000000000888 ) ) ;
#1120 = CARTESIAN_POINT ( 'NONE',  ( 0.000000000000000000, 0.000000000000000000, 0.000000000000000000 ) ) ;
#1121 = DIRECTION ( 'NONE',  ( 1.000000000000000000, 0.000000000000000000, 0.000000000000000000 ) ) ;
#1122 = CARTESIAN_POINT ( 'NONE',  ( 16.87949562914261037, 10.80000000000008420, -4.600000000001414513 ) ) ;
#1123 = ADVANCED_FACE ( 'NONE', ( #508 ), #701, .T. ) ;
#1124 = FACE_OUTER_BOUND ( 'NONE', #1262, .T. ) ;
#1125 = CALENDAR_DATE ( 2026, 19, 8 ) ;
#1126 = CARTESIAN_POINT ( 'NONE',  ( 21.89883572857448968, 5.083942122620438653, -6.634762760801112158 ) ) ;
#1127 = CARTESIAN_POINT ( 'NONE',  ( 1.309495629142612083, 9.300000000000084199, -4.600000000001414513 ) ) ;
#1128 = VERTEX_POINT ( 'NONE', #400 ) ;
#1129 = DIRECTION ( 'NONE',  ( 1.000000000000000000, -0.000000000000000000, -0.000000000000000000 ) ) ;
#1130 = CARTESIAN_POINT ( 'NONE',  ( 13.94949562914261065, 9.800000000000082423, -6.500000000000000000 ) ) ;
#1131 = APPROVAL_ROLE ( '' ) ;
#1132 = CARTESIAN_POINT ( 'NONE',  ( 17.51132180898752466, 2.541971061310219770, -2.500000000000000000 ) ) ;
#1133 = VECTOR ( 'NONE', #102, 1000.000000000000000 ) ;
#1134 = APPROVAL_PERSON_ORGANIZATION ( #692, #705, #477 ) ;
#1135 = ORIENTED_EDGE ( 'NONE', *, *, #1096, .T. ) ;
#1136 = PLANE ( 'NONE',  #1114 ) ;
#1137 = ORIENTED_EDGE ( 'NONE', *, *, #1047, .F. ) ;
#1138 = CARTESIAN_POINT ( 'NONE',  ( -11.62050437085738430, 8.500000000000000000, -4.600000000001414513 ) ) ;
#1139 = DATE_AND_TIME ( #1233, #703 ) ;
#1140 = DIRECTION ( 'NONE',  ( 1.000000000000000000, 0.000000000000000000, 0.000000000000000000 ) ) ;
#1141 = DIRECTION ( 'NONE',  ( -1.000000000000000000, 0.000000000000000000, 0.000000000000000000 ) ) ;
#1142 = ORIENTED_EDGE ( 'NONE', *, *, #1304, .F. ) ;
#1143 = CARTESIAN_POINT ( 'NONE',  ( -16.50000000000000000, 8.142135623730959892, -6.500000000000000000 ) ) ;
#1144 = ORIENTED_EDGE ( 'NONE', *, *, #866, .F. ) ;
#1145 = SHAPE_DEFINITION_REPRESENTATION ( #1341, #1270 ) ;
#1146 = EDGE_CURVE ( 'NONE', #785, #223, #1027, .T. ) ;
#1147 = VERTEX_POINT ( 'NONE', #1236 ) ;
#1148 = PLANE ( 'NONE',  #64 ) ;
#1149 = EDGE_CURVE ( 'NONE', #898, #1097, #278, .T. ) ;
#1150 = ORIENTED_EDGE ( 'NONE', *, *, #645, .T. ) ;
#1151 = CARTESIAN_POINT ( 'NONE',  ( -5.353268940907468298, 2.252495097841089589, 4.500000000000000888 ) ) ;
#1152 = VECTOR ( 'NONE', #1129, 1000.000000000000000 ) ;
#1153 = AXIS2_PLACEMENT_3D ( 'NONE', #563, #236, #39 ) ;
#1154 = ORIENTED_EDGE ( 'NONE', *, *, #1075, .T. ) ;
#1155 = CYLINDRICAL_SURFACE ( 'NONE', #473, 2.149999999999999911 ) ;
#1156 = VECTOR ( 'NONE', #1215, 1000.000000000000000 ) ;
#1157 = ADVANCED_FACE ( 'NONE', ( #8 ), #326, .T. ) ;
#1158 = LINE ( 'NONE', #962, #321 ) ;
#1159 = DIRECTION ( 'NONE',  ( -1.000000000000000000, 0.000000000000000000, 0.000000000000000000 ) ) ;
#1160 = ORIENTED_EDGE ( 'NONE', *, *, #895, .F. ) ;
#1161 = FACE_OUTER_BOUND ( 'NONE', #1203, .T. ) ;
#1162 = VERTEX_POINT ( 'NONE', #427 ) ;
#1163 = DIRECTION ( 'NONE',  ( -1.000000000000000000, 0.000000000000000000, 0.000000000000000000 ) ) ;
#1164 = FACE_BOUND ( 'NONE', #670, .T. ) ;
#1165 = ORIENTED_EDGE ( 'NONE', *, *, #645, .F. ) ;
#1166 = ORIENTED_EDGE ( 'NONE', *, *, #419, .T. ) ;
#1167 = CYLINDRICAL_SURFACE ( 'NONE', #586, 1.000000000000000000 ) ;
#1168 = LINE ( 'NONE', #838, #521 ) ;
#1169 = FACE_OUTER_BOUND ( 'NONE', #1221, .T. ) ;
#1170 = EDGE_CURVE ( 'NONE', #307, #490, #1049, .T. ) ;
#1171 = VECTOR ( 'NONE', #852, 1000.000000000000000 ) ;
#1172 = AXIS2_PLACEMENT_3D ( 'NONE', #287, #717, #1343 ) ;
#1173 = ORIENTED_EDGE ( 'NONE', *, *, #9, .F. ) ;
#1174 = FACE_OUTER_BOUND ( 'NONE', #985, .T. ) ;
#1175 = AXIS2_PLACEMENT_3D ( 'NONE', #285, #73, #55 ) ;
#1176 = VECTOR ( 'NONE', #106, 1000.000000000000000 ) ;
#1177 = DIRECTION ( 'NONE',  ( 1.000000000000000000, 0.000000000000000000, 0.000000000000000000 ) ) ;
#1178 = ORIENTED_EDGE ( 'NONE', *, *, #768, .F. ) ;
#1179 = DIRECTION ( 'NONE',  ( 0.000000000000000000, -0.000000000000000000, 1.000000000000000000 ) ) ;
#1180 = ORIENTED_EDGE ( 'NONE', *, *, #695, .F. ) ;
#1181 = DIRECTION ( 'NONE',  ( 0.000000000000000000, 1.000000000000000000, 0.000000000000000000 ) ) ;
#1182 = CARTESIAN_POINT ( 'NONE',  ( -15.50000000000000000, 9.800000000000082423, -7.500000000000000000 ) ) ;
#1183 = DIRECTION ( 'NONE',  ( -1.000000000000000000, 0.000000000000000000, 0.000000000000000000 ) ) ;
#1184 = ORIENTED_EDGE ( 'NONE', *, *, #1083, .T. ) ;
#1185 = CARTESIAN_POINT ( 'NONE',  ( -5.503268940907468654, 2.252495097841089589, 4.500000000000000888 ) ) ;
#1186 = EDGE_CURVE ( 'NONE', #832, #1028, #420, .T. ) ;
#1187 = DIRECTION ( 'NONE',  ( 0.000000000000000000, 0.000000000000000000, 1.000000000000000000 ) ) ;
#1188 = APPLICATION_PROTOCOL_DEFINITION ( 'international standard', 'config_control_design', 1994, #146 ) ;
#1189 = ORIENTED_EDGE ( 'NONE', *, *, #737, .F. ) ;
#1190 = CARTESIAN_POINT ( 'NONE',  ( 17.51132180898752466, 9.800000000000082423, -7.500000000000000000 ) ) ;
#1191 = ORIENTED_EDGE ( 'NONE', *, *, #685, .F. ) ;
#1192 = DIRECTION ( 'NONE',  ( -0.000000000000000000, -0.000000000000000000, 1.000000000000000000 ) ) ;
#1193 = VECTOR ( 'NONE', #581, 1000.000000000000000 ) ;
#1194 = TOROIDAL_SURFACE ( 'NONE', #86, 0.1499999999999999667, 2.000000000000000000 ) ;
#1195 = CIRCLE ( 'NONE', #567, 2.149999999999999911 ) ;
#1196 = DIRECTION ( 'NONE',  ( -1.000000000000000000, 0.000000000000000000, 0.000000000000000000 ) ) ;
#1197 = ORIENTED_EDGE ( 'NONE', *, *, #514, .F. ) ;
#1198 = CARTESIAN_POINT ( 'NONE',  ( -16.50000000000000000, 9.800000000000082423, -6.500000000000000000 ) ) ;
#1199 = EDGE_LOOP ( 'NONE', ( #845, #1166, #579, #678 ) ) ;
#1200 = CARTESIAN_POINT ( 'NONE',  ( 21.89883572857448968, 8.500000000000003553, 2.499999999999816591 ) ) ;
#1201 = CC_DESIGN_DATE_AND_TIME_ASSIGNMENT ( #288, #916, ( #511 ) ) ;
#1202 = CARTESIAN_POINT ( 'NONE',  ( 1.309495629142612083, 10.80000000000008420, -6.500000000000000000 ) ) ;
#1203 = EDGE_LOOP ( 'NONE', ( #1173, #996, #763, #361 ) ) ;
#1204 = CARTESIAN_POINT ( 'NONE',  ( -3.353268940907468743, 2.252495097841090033, 2.500000000000000000 ) ) ;
#1205 = ORIENTED_EDGE ( 'NONE', *, *, #294, .T. ) ;
#1206 = DIRECTION ( 'NONE',  ( -1.000000000000000000, -0.000000000000000000, -0.000000000000000000 ) ) ;
#1207 = CYLINDRICAL_SURFACE ( 'NONE', #408, 1.000000000000000888 ) ;
#1208 = PERSON_AND_ORGANIZATION_ROLE ( 'design_owner' ) ;
#1209 = EDGE_CURVE ( 'NONE', #979, #368, #347, .T. ) ;
#1210 = CARTESIAN_POINT ( 'NONE',  ( 13.12380788940056142, 0.000000000000000000, 2.500000000000000444 ) ) ;
#1211 = CARTESIAN_POINT ( 'NONE',  ( 13.20866381151451563, 0.1460268673244730364, -7.038443363820283238 ) ) ;
#1212 = VECTOR ( 'NONE', #472, 1000.000000000000000 ) ;
#1213 = VECTOR ( 'NONE', #57, 1000.000000000000000 ) ;
#1214 = DIRECTION ( 'NONE',  ( 0.000000000000000000, 1.000000000000000000, 0.000000000000000000 ) ) ;
#1215 = DIRECTION ( 'NONE',  ( -1.000000000000000000, 0.000000000000000000, 0.000000000000000000 ) ) ;
#1216 = AXIS2_PLACEMENT_3D ( 'NONE', #512, #1365, #1177 ) ;
#1217 = CIRCLE ( 'NONE', #1371, 1.000000000000000888 ) ;
#1218 = CIRCLE ( 'NONE', #561, 1.000000000000000000 ) ;
#1219 = DIRECTION ( 'NONE',  ( 1.000000000000000000, -0.000000000000000000, -0.000000000000000000 ) ) ;
#1220 = EDGE_CURVE ( 'NONE', #31, #979, #1271, .T. ) ;
#1221 = EDGE_LOOP ( 'NONE', ( #1245, #1178, #464, #118 ) ) ;
#1222 = CARTESIAN_POINT ( 'NONE',  ( 13.15870668151534773, 0.06036599503637851000, -6.849121438127220074 ) ) ;
#1223 = DIRECTION ( 'NONE',  ( -0.000000000000000000, -0.000000000000000000, -1.000000000000000000 ) ) ;
#1224 = DIRECTION ( 'NONE',  ( -0.000000000000000000, -1.000000000000000000, -0.000000000000000000 ) ) ;
#1225 = ORIENTED_EDGE ( 'NONE', *, *, #401, .F. ) ;
#1226 = CARTESIAN_POINT ( 'NONE',  ( -5.503268940907468654, 2.252495097841089589, 6.500000000000000888 ) ) ;
#1227 = APPROVAL ( #171, 'UNSPECIFIED' ) ;
#1228 = DIRECTION ( 'NONE',  ( 0.000000000000000000, -0.000000000000000000, -1.000000000000000000 ) ) ;
#1229 = CARTESIAN_POINT ( 'NONE',  ( 21.89883572857448968, 5.083942122620439541, 16.84207663376764330 ) ) ;
#1230 = DIRECTION ( 'NONE',  ( -0.000000000000000000, -0.000000000000000000, -1.000000000000000000 ) ) ;
#1231 = ORIENTED_EDGE ( 'NONE', *, *, #448, .F. ) ;
#1232 = DIRECTION ( 'NONE',  ( -0.000000000000000000, 1.000000000000000000, -0.000000000000000000 ) ) ;
#1233 = CALENDAR_DATE ( 2026, 19, 8 ) ;
#1234 = VECTOR ( 'NONE', #11, 1000.000000000000000 ) ;
#1235 = CARTESIAN_POINT ( 'NONE',  ( 21.69191508479265451, 5.027843013118395099, -7.122919138586608412 ) ) ;
#1236 = CARTESIAN_POINT ( 'NONE',  ( 3.949495629142611097, 9.800000000000082423, -7.500000000000000000 ) ) ;
#1237 = CC_DESIGN_APPROVAL ( #705, ( #229 ) ) ;
#1238 = AXIS2_PLACEMENT_3D ( 'NONE', #1111, #1076, #539 ) ;
#1239 = EDGE_LOOP ( 'NONE', ( #1333, #509 ) ) ;
#1240 = DIRECTION ( 'NONE',  ( -1.000000000000000000, 0.000000000000000000, 0.000000000000000000 ) ) ;
#1241 = DIRECTION ( 'NONE',  ( 0.000000000000000000, 0.000000000000000000, 1.000000000000000000 ) ) ;
#1242 = ADVANCED_FACE ( 'NONE', ( #311 ), #317, .F. ) ;
#1243 = CARTESIAN_POINT ( 'NONE',  ( 16.87949562914261037, 8.500000000000000000, -4.600000000001414513 ) ) ;
#1244 = CARTESIAN_POINT ( 'NONE',  ( -8.690504370857388139, 9.300000000000084199, -4.600000000001414513 ) ) ;
#1245 = ORIENTED_EDGE ( 'NONE', *, *, #310, .F. ) ;
#1246 = CARTESIAN_POINT ( 'NONE',  ( 3.949495629142611985, 9.300000000000084199, -4.600000000001414513 ) ) ;
#1247 = DIRECTION ( 'NONE',  ( 1.000000000000000000, -0.000000000000000000, 0.000000000000000000 ) ) ;
#1248 = CARTESIAN_POINT ( 'NONE',  ( -15.50000000000000000, 2.541971061310219770, -6.500000000000000000 ) ) ;
#1249 = ADVANCED_FACE ( 'NONE', ( #1169 ), #192, .T. ) ;
#1250 = EDGE_LOOP ( 'NONE', ( #189, #525, #174 ) ) ;
#1251 = LINE ( 'NONE', #300, #370 ) ;
#1252 = CARTESIAN_POINT ( 'NONE',  ( 20.89883572857448968, 9.800000000000082423, -7.500000000000000000 ) ) ;
#1253 = VECTOR ( 'NONE', #1025, 1000.000000000000000 ) ;
#1254 = VECTOR ( 'NONE', #1273, 1000.000000000000000 ) ;
#1255 = CARTESIAN_POINT ( 'NONE',  ( 21.89883572857448968, 5.083942122620439541, -6.499999999999999112 ) ) ;
#1256 = LOCAL_TIME ( 10, 20, 13.00000000000000000, #569 ) ;
#1257 = VECTOR ( 'NONE', #462, 1000.000000000000000 ) ;
#1258 = ORIENTED_EDGE ( 'NONE', *, *, #980, .F. ) ;
#1259 = DIRECTION ( 'NONE',  ( 0.000000000000000000, 0.000000000000000000, -1.000000000000000000 ) ) ;
#1260 = ORIENTED_EDGE ( 'NONE', *, *, #941, .T. ) ;
#1261 = DIRECTION ( 'NONE',  ( -1.000000000000000000, 0.000000000000000000, 0.000000000000000000 ) ) ;
#1262 = EDGE_LOOP ( 'NONE', ( #598, #80 ) ) ;
#1263 = DIRECTION ( 'NONE',  ( -0.000000000000000000, -0.000000000000000000, -1.000000000000000000 ) ) ;
#1264 = ADVANCED_FACE ( 'NONE', ( #186 ), #748, .F. ) ;
#1265 = CARTESIAN_POINT ( 'NONE',  ( 16.87949562914261037, 10.80000000000008420, -4.600000000001414513 ) ) ;
#1266 = DIRECTION ( 'NONE',  ( -0.000000000000000000, -0.000000000000000000, 1.000000000000000000 ) ) ;
#1267 = ORIENTED_EDGE ( 'NONE', *, *, #71, .F. ) ;
#1268 = VERTEX_POINT ( 'NONE', #844 ) ;
#1269 = DIRECTION ( 'NONE',  ( -1.000000000000000000, 0.000000000000000000, 0.000000000000000000 ) ) ;
#1270 = ADVANCED_BREP_SHAPE_REPRESENTATION ( 'Traba PlacaQR', ( #718, #498 ), #879 ) ;
#1271 = LINE ( 'NONE', #739, #27 ) ;
#1272 = ORIENTED_EDGE ( 'NONE', *, *, #969, .F. ) ;
#1273 = DIRECTION ( 'NONE',  ( 1.000000000000000000, -0.000000000000000000, -0.000000000000000000 ) ) ;
#1274 = AXIS2_PLACEMENT_3D ( 'NONE', #1151, #486, #1361 ) ;
#1275 = ORIENTED_EDGE ( 'NONE', *, *, #45, .F. ) ;
#1276 = DIRECTION ( 'NONE',  ( -1.000000000000000000, 0.000000000000000000, -0.000000000000000000 ) ) ;
#1277 = VECTOR ( 'NONE', #1259, 1000.000000000000000 ) ;
#1278 = AXIS2_PLACEMENT_3D ( 'NONE', #1337, #476, #63 ) ;
#1279 = DIRECTION ( 'NONE',  ( -0.000000000000000000, -0.000000000000000000, -1.000000000000000000 ) ) ;
#1280 = EDGE_CURVE ( 'NONE', #81, #336, #83, .T. ) ;
#1281 = CARTESIAN_POINT ( 'NONE',  ( 17.51132180898752466, 2.541971061310219770, 2.500000000000000444 ) ) ;
#1282 = VERTEX_POINT ( 'NONE', #78 ) ;
#1283 = EDGE_LOOP ( 'NONE', ( #938, #1046, #160, #690 ) ) ;
#1284 = CARTESIAN_POINT ( 'NONE',  ( 15.76132180898752466, 2.541971061310219770, 2.500000000000000444 ) ) ;
#1285 = CARTESIAN_POINT ( 'NONE',  ( -5.503268940907468654, 2.252495097841089589, 2.500000000000000000 ) ) ;
#1286 = CARTESIAN_POINT ( 'NONE',  ( -8.690504370857388139, 10.80000000000008420, -4.600000000001414513 ) ) ;
#1287 = EDGE_LOOP ( 'NONE', ( #482, #1336, #1189, #648, #299 ) ) ;
#1288 = ORIENTED_EDGE ( 'NONE', *, *, #986, .T. ) ;
#1289 = DIRECTION ( 'NONE',  ( -0.000000000000000000, -1.000000000000000000, -0.000000000000000000 ) ) ;
#1290 = CARTESIAN_POINT ( 'NONE',  ( -8.690504370857388139, 9.800000000000082423, -6.500000000000000000 ) ) ;
#1291 = ORIENTED_EDGE ( 'NONE', *, *, #514, .T. ) ;
#1292 = EDGE_LOOP ( 'NONE', ( #890, #1231, #1135, #2 ) ) ;
#1293 = CARTESIAN_POINT ( 'NONE',  ( 13.58559431060743705, 0.7639143076502754592, -7.499999999999999112 ) ) ;
#1294 = EDGE_CURVE ( 'NONE', #555, #1282, #940, .T. ) ;
#1295 = VECTOR ( 'NONE', #22, 1000.000000000000000 ) ;
#1296 = CIRCLE ( 'NONE', #497, 1.750000000000001554 ) ;
#1297 = EDGE_CURVE ( 'NONE', #1052, #446, #107, .T. ) ;
#1298 = AXIS2_PLACEMENT_3D ( 'NONE', #1055, #304, #214 ) ;
#1299 = CLOSED_SHELL ( 'NONE', ( #190, #758, #378, #1242, #387, #1066, #583, #1312, #661, #671, #1360, #1106, #309, #276, #626, #1264, #747, #72, #318, #892, #1335, #267, #489, #56, #455, #1380, #775, #568, #1327, #1123, #1087, #349, #141, #636, #1249, #210, #723, #231, #1031, #1157, #413, #1103, #327, #1315 ) ) ;
#1300 = FACE_OUTER_BOUND ( 'NONE', #936, .T. ) ;
#1301 = CARTESIAN_POINT ( 'NONE',  ( 17.51132180898752466, 2.541971061310219770, -2.500000000000000000 ) ) ;
#1302 = ORIENTED_EDGE ( 'NONE', *, *, #652, .T. ) ;
#1303 = CARTESIAN_POINT ( 'NONE',  ( 17.51132180898752466, 2.541971061310219770, -6.499999999999999112 ) ) ;
#1304 = EDGE_CURVE ( 'NONE', #813, #792, #973, .T. ) ;
#1305 = LINE ( 'NONE', #972, #1176 ) ;
#1306 = LINE ( 'NONE', #669, #970 ) ;
#1307 = ORIENTED_EDGE ( 'NONE', *, *, #695, .T. ) ;
#1308 = ORIENTED_EDGE ( 'NONE', *, *, #394, .T. ) ;
#1309 = FACE_OUTER_BOUND ( 'NONE', #913, .T. ) ;
#1310 = DIRECTION ( 'NONE',  ( 0.000000000000000000, 0.000000000000000000, -1.000000000000000000 ) ) ;
#1311 = DIRECTION ( 'NONE',  ( 0.000000000000000000, 1.000000000000000000, 0.000000000000000000 ) ) ;
#1312 = ADVANCED_FACE ( 'NONE', ( #1164, #839 ), #519, .F. ) ;
#1313 = ORIENTED_EDGE ( 'NONE', *, *, #291, .T. ) ;
#1314 = DIRECTION ( 'NONE',  ( 1.000000000000000000, -0.000000000000000000, -0.000000000000000000 ) ) ;
#1315 = ADVANCED_FACE ( 'NONE', ( #1375 ), #1194, .T. ) ;
#1316 = EDGE_LOOP ( 'NONE', ( #721, #1059, #292, #770 ) ) ;
#1317 = DIRECTION ( 'NONE',  ( 0.000000000000000000, 0.000000000000000000, -1.000000000000000000 ) ) ;
#1318 = AXIS2_PLACEMENT_3D ( 'NONE', #332, #966, #760 ) ;
#1319 = CIRCLE ( 'NONE', #517, 1.750000000000001554 ) ;
#1320 = FACE_OUTER_BOUND ( 'NONE', #622, .T. ) ;
#1321 = COORDINATED_UNIVERSAL_TIME_OFFSET ( 3, 0, .BEHIND. ) ;
#1322 = LOCAL_TIME ( 10, 20, 13.00000000000000000, #1321 ) ;
#1323 = VECTOR ( 'NONE', #1223, 1000.000000000000000 ) ;
#1324 = PRODUCT_RELATED_PRODUCT_CATEGORY ( 'detail', '', ( #259 ) ) ;
#1325 = CARTESIAN_POINT ( 'NONE',  ( 21.87159402480580539, 5.076648809518327532, -6.767124300796476533 ) ) ;
#1326 = DIRECTION ( 'NONE',  ( -1.000000000000000000, 0.000000000000000000, 0.000000000000000000 ) ) ;
#1327 = ADVANCED_FACE ( 'NONE', ( #1389 ), #415, .T. ) ;
#1328 = ORIENTED_EDGE ( 'NONE', *, *, #1075, .F. ) ;
#1329 = CARTESIAN_POINT ( 'NONE',  ( -14.43871713418297098, 2.061282865817005927, -6.500000000000000000 ) ) ;
#1330 = CARTESIAN_POINT ( 'NONE',  ( -16.50000000000000000, 9.800000000000082423, -6.500000000000000000 ) ) ;
#1331 = COORDINATED_UNIVERSAL_TIME_OFFSET ( 3, 0, .BEHIND. ) ;
#1332 = CARTESIAN_POINT ( 'NONE',  ( -5.503268940907468654, 2.252495097841089589, 6.500000000000000888 ) ) ;
#1333 = ORIENTED_EDGE ( 'NONE', *, *, #961, .F. ) ;
#1334 = DIRECTION ( 'NONE',  ( -1.000000000000000000, 0.000000000000000000, 0.000000000000000000 ) ) ;
#1335 = ADVANCED_FACE ( 'NONE', ( #777 ), #463, .F. ) ;
#1336 = ORIENTED_EDGE ( 'NONE', *, *, #338, .T. ) ;
#1337 = CARTESIAN_POINT ( 'NONE',  ( 17.51132180898752466, 2.541971061310219770, -7.500000000000000000 ) ) ;
#1338 = COORDINATED_UNIVERSAL_TIME_OFFSET ( 3, 0, .BEHIND. ) ;
#1339 = CARTESIAN_POINT ( 'NONE',  ( 20.89883572857448968, 4.799240445251425236, -7.500000000000000000 ) ) ;
#1340 = DIRECTION ( 'NONE',  ( -1.000000000000000000, 0.000000000000000000, 0.000000000000000000 ) ) ;
#1341 = PRODUCT_DEFINITION_SHAPE ( 'NONE', 'NONE',  #511 ) ;
#1342 = ORIENTED_EDGE ( 'NONE', *, *, #1220, .F. ) ;
#1343 = DIRECTION ( 'NONE',  ( 1.000000000000000000, 0.000000000000000000, 0.000000000000000000 ) ) ;
#1344 = ORIENTED_EDGE ( 'NONE', *, *, #481, .T. ) ;
#1345 = CIRCLE ( 'NONE', #110, 1.750000000000001554 ) ;
#1346 = CARTESIAN_POINT ( 'NONE',  ( 13.94949562914261065, 9.300000000000084199, -4.600000000001414513 ) ) ;
#1347 = DIRECTION ( 'NONE',  ( 1.000000000000000000, 0.000000000000000000, 0.000000000000000000 ) ) ;
#1348 = AXIS2_PLACEMENT_3D ( 'NONE', #1077, #956, #1070 ) ;
#1349 = CIRCLE ( 'NONE', #1038, 1.000000000000000000 ) ;
#1350 = ORIENTED_EDGE ( 'NONE', *, *, #1297, .T. ) ;
#1351 = DIRECTION ( 'NONE',  ( 0.000000000000000000, 1.000000000000000000, 0.000000000000000000 ) ) ;
#1352 = CALENDAR_DATE ( 2026, 19, 8 ) ;
#1353 = DIRECTION ( 'NONE',  ( -1.000000000000000000, 0.000000000000000000, 0.000000000000000000 ) ) ;
#1354 = DIRECTION ( 'NONE',  ( -0.000000000000000000, -0.000000000000000000, 1.000000000000000000 ) ) ;
#1355 = ORIENTED_EDGE ( 'NONE', *, *, #524, .T. ) ;
#1356 = FACE_OUTER_BOUND ( 'NONE', #120, .T. ) ;
#1357 = VERTEX_POINT ( 'NONE', #1202 ) ;
#1358 = UNCERTAINTY_MEASURE_WITH_UNIT (LENGTH_MEASURE( 1.000000000000000082E-05 ), #872, 'distance_accuracy_value', 'NONE');
#1359 = LINE ( 'NONE', #1388, #348 ) ;
#1360 = ADVANCED_FACE ( 'NONE', ( #878 ), #340, .F. ) ;
#1361 = DIRECTION ( 'NONE',  ( 0.000000000000000000, 0.000000000000000000, -1.000000000000000000 ) ) ;
#1362 = ORIENTED_EDGE ( 'NONE', *, *, #537, .T. ) ;
#1363 = CARTESIAN_POINT ( 'NONE',  ( -5.653268940907469009, 2.252495097841089589, 4.500000000000000888 ) ) ;
#1364 = ORIENTED_EDGE ( 'NONE', *, *, #302, .T. ) ;
#1365 = DIRECTION ( 'NONE',  ( -0.000000000000000000, -0.000000000000000000, 1.000000000000000000 ) ) ;
#1366 = AXIS2_PLACEMENT_3D ( 'NONE', #638, #1181, #766 ) ;
#1367 = VECTOR ( 'NONE', #119, 1000.000000000000000 ) ;
#1368 = VERTEX_POINT ( 'NONE', #894 ) ;
#1369 = CARTESIAN_POINT ( 'NONE',  ( -15.50000000000000000, 10.80000000000008420, -6.500000000000000000 ) ) ;
#1370 = LOCAL_TIME ( 10, 20, 13.00000000000000000, #389 ) ;
#1371 = AXIS2_PLACEMENT_3D ( 'NONE', #805, #485, #1353 ) ;
#1372 = EDGE_CURVE ( 'NONE', #551, #1268, #1306, .T. ) ;
#1373 = CARTESIAN_POINT ( 'NONE',  ( 0.000000000000000000, 10.80000000000008420, 0.000000000000000000 ) ) ;
#1374 = FACE_OUTER_BOUND ( 'NONE', #587, .T. ) ;
#1375 = FACE_OUTER_BOUND ( 'NONE', #1292, .T. ) ;
#1376 = ORIENTED_EDGE ( 'NONE', *, *, #440, .T. ) ;
#1377 = DIRECTION ( 'NONE',  ( 0.000000000000000000, 1.000000000000000000, 0.000000000000000000 ) ) ;
#1378 = ORIENTED_EDGE ( 'NONE', *, *, #468, .T. ) ;
#1379 = CARTESIAN_POINT ( 'NONE',  ( 17.51132180898752466, 2.541971061310219770, -6.499999999999999112 ) ) ;
#1380 = ADVANCED_FACE ( 'NONE', ( #234 ), #676, .T. ) ;
#1381 = CARTESIAN_POINT ( 'NONE',  ( -8.357864376269048989, 0.000000000000000000, 2.500000000000000000 ) ) ;
#1382 = ORIENTED_EDGE ( 'NONE', *, *, #858, .F. ) ;
#1383 = CARTESIAN_POINT ( 'NONE',  ( 16.87949562914261037, 10.80000000000008420, -4.600000000001414513 ) ) ;
#1384 = ORIENTED_EDGE ( 'NONE', *, *, #885, .T. ) ;
#1385 = DIRECTION ( 'NONE',  ( -0.000000000000000000, -0.000000000000000000, 1.000000000000000000 ) ) ;
#1386 = EDGE_CURVE ( 'NONE', #699, #742, #791, .T. ) ;
#1387 = EDGE_CURVE ( 'NONE', #68, #1097, #978, .T. ) ;
#1388 = CARTESIAN_POINT ( 'NONE',  ( 0.000000000000000000, 10.80000000000008420, -6.500000000000000000 ) ) ;
#1389 = FACE_OUTER_BOUND ( 'NONE', #809, .T. ) ;
#1390 = ORIENTED_EDGE ( 'NONE', *, *, #35, .T. ) ;
#1391 = CARTESIAN_POINT ( 'NONE',  ( 3.949495629142611097, 9.300000000000084199, -7.500000000000000000 ) ) ;
#1392 = AXIS2_PLACEMENT_3D ( 'NONE', #1060, #1192, #1269 ) ;
ENDSEC;
END-ISO-10303-21;
